{"type":"FeatureCollection","features":[{"type":"Feature","properties":{"way_id":610023998,"route_colors":["#4169e1"],"route_refs":["3"]},"geometry":{"type":"LineString","coordinates":[[77.3750964,28.6282598],[77.3749684,28.6268633],[77.3749152,28.6263236],[77.3748703,28.6258431],[77.3748505,28.6256324],[77.3747044,28.624355],[77.3745839,28.6239031],[77.3742709,28.6231601],[77.3741298,28.6226188],[77.3736776,28.6178897],[77.3736218,28.6169832],[77.3734416,28.6152907],[77.3729272,28.6101732],[77.3728688,28.6095135],[77.372835,28.6090141],[77.3727211,28.6065246],[77.372568,28.6029811],[77.372309,28.5975791],[77.3722592,28.5968713],[77.3722499,28.5962697],[77.3723016,28.59582],[77.3723532,28.5955154],[77.3731131,28.5932546]]}},{"type":"Feature","properties":{"way_id":610024000,"route_colors":["#4169e1"],"route_refs":["3"]},"geometry":{"type":"LineString","coordinates":[[77.3731131,28.5932546],[77.3732599,28.5929247],[77.3734149,28.592655],[77.3736046,28.59238],[77.3740509,28.591799],[77.3743848,28.5914101],[77.3744284,28.5913594],[77.3745528,28.591213],[77.3746549,28.591086],[77.3747488,28.5909544],[77.3748342,28.5908183],[77.3749109,28.5906782],[77.3749786,28.5905347],[77.3750371,28.590388],[77.3750863,28.5902388],[77.3751259,28.5900873],[77.3751558,28.5899342],[77.375176,28.5897798],[77.3751864,28.5896247],[77.375187,28.5894693],[77.3751777,28.5893141],[77.3751587,28.5891597],[77.3751279,28.5889975],[77.3750863,28.5888373],[77.375034,28.5886794],[77.3749713,28.5885246],[77.3748983,28.5883732],[77.3748152,28.5882259],[77.3747225,28.5880831],[77.3746204,28.5879454],[77.3745092,28.5878132],[77.3743893,28.5876869],[77.3742612,28.587567],[77.3740895,28.5874334],[77.3738728,28.587295],[77.3735642,28.58712],[77.3728019,28.5867347],[77.3717596,28.5862131],[77.371487,28.5860643],[77.3712759,28.5859464],[77.3709718,28.5857798],[77.3705728,28.5855322],[77.3664446,28.5824008],[77.3635215,28.5802275],[77.3600709,28.5776483]]}},{"type":"Feature","properties":{"way_id":1192568770,"route_colors":["#4169e1"],"route_refs":["3"]},"geometry":{"type":"LineString","coordinates":[[77.3600709,28.5776483],[77.3562496,28.5747852],[77.3522211,28.5718155],[77.346399,28.5674266],[77.3436157,28.5652811],[77.3406336,28.5630806],[77.339991,28.5626044],[77.3398523,28.562503],[77.3397073,28.5624087],[77.3395565,28.5623218],[77.3394002,28.5622425],[77.3392391,28.5621712],[77.3390736,28.5621081],[77.3389042,28.5620533],[77.3387316,28.5620071],[77.3385563,28.5619695],[77.3383789,28.5619408],[77.3381998,28.561921],[77.3380198,28.5619102],[77.3378394,28.5619084],[77.3376591,28.5619156],[77.3374796,28.5619318],[77.3373015,28.5619569],[77.3371252,28.5619909],[77.3369515,28.5620337],[77.3367807,28.562085],[77.3366136,28.5621448],[77.3364507,28.5622129],[77.3362924,28.562289],[77.3361393,28.5623729],[77.3359919,28.5624643],[77.3358506,28.5625629],[77.3357159,28.5626684],[77.3349228,28.5633868]]}},{"type":"Feature","properties":{"way_id":1192568768,"route_colors":["#4169e1"],"route_refs":["3"]},"geometry":{"type":"LineString","coordinates":[[77.3349228,28.5633868],[77.3343678,28.5639195],[77.3336635,28.5645953]]}},{"type":"Feature","properties":{"way_id":610024005,"route_colors":["#4169e1"],"route_refs":["3"]},"geometry":{"type":"LineString","coordinates":[[77.3336635,28.5645953],[77.3329753,28.5652805],[77.3318487,28.5661802],[77.3297837,28.5675847],[77.3284567,28.5686384],[77.3274201,28.5695727],[77.3261467,28.5707894],[77.3232214,28.5735417],[77.322679,28.5740138],[77.322106,28.5744264],[77.3197195,28.576509],[77.3185366,28.5774934],[77.3178293,28.5781067],[77.3158896,28.5800418],[77.3151066,28.580793],[77.3140034,28.5818481],[77.3135586,28.582292],[77.3132244,28.582708],[77.3116814,28.5849263],[77.310902,28.5860943],[77.3099795,28.5877383],[77.3098888,28.5878759],[77.309789,28.5880087],[77.3096804,28.588136],[77.3095635,28.5882575],[77.3094387,28.5883727],[77.3093063,28.5884812],[77.3091668,28.5885827],[77.3090207,28.5886768],[77.3088686,28.5887632],[77.308711,28.5888415],[77.3085483,28.5889115],[77.3083974,28.5889674],[77.3082432,28.5890162],[77.3080863,28.5890577],[77.3079271,28.5890918],[77.3077661,28.5891184],[77.3076037,28.5891374],[77.3074403,28.5891487],[77.3072765,28.5891523],[77.3069975,28.5891615],[77.3031622,28.5891144],[77.3015826,28.5891047],[77.2996324,28.5891097],[77.2991329,28.5891295],[77.2986889,28.5892076],[77.2983229,28.5893167],[77.2980253,28.5894381],[77.2976684,28.5896441],[77.2973373,28.5898787],[77.2971186,28.5900834],[77.2969188,28.5903332],[77.2960217,28.5916682],[77.2956373,28.5922724],[77.2954103,28.5926325],[77.2950039,28.5933887],[77.2944279,28.5944669],[77.2941756,28.5949635],[77.2933959,28.596475],[77.2933049,28.59667],[77.2932273,28.5968187],[77.2921715,28.5988588],[77.291538,28.6001698],[77.2902409,28.6025592],[77.29002,28.6030161],[77.2898726,28.6032923],[77.2897437,28.6035907],[77.2895211,28.6040558],[77.2890222,28.605046],[77.288516,28.60605],[77.2876826,28.6077848],[77.2873889,28.6084248],[77.2870581,28.6089423],[77.2867108,28.6094447],[77.2865322,28.6097],[77.2860244,28.6102844],[77.2847102,28.6118604],[77.2841688,28.6125812],[77.283595,28.6133897],[77.2825446,28.6148752],[77.2823001,28.6151768],[77.282048,28.6154409],[77.2817296,28.6157112],[77.2813828,28.6159594],[77.2809086,28.6162838],[77.280563,28.6165713],[77.280283,28.6168532],[77.279998,28.6172058],[77.2795258,28.6178791]]}},{"type":"Feature","properties":{"way_id":610024003,"route_colors":["#4169e1"],"route_refs":["3"]},"geometry":{"type":"LineString","coordinates":[[77.2795258,28.6178791],[77.2788595,28.6186943],[77.2763258,28.6221264],[77.2757968,28.6228661],[77.2754229,28.623383],[77.2753189,28.6235143],[77.275226,28.6236224],[77.275131,28.6237224],[77.2750289,28.6238204],[77.2749169,28.6239154],[77.2747705,28.6240245]]}},{"type":"Feature","properties":{"way_id":77004696,"route_colors":["#4169e1"],"route_refs":["3"]},"geometry":{"type":"LineString","coordinates":[[77.2708284,28.6241594],[77.2714451,28.6243791],[77.2716612,28.6244486],[77.2718938,28.6245188],[77.2720953,28.6245666],[77.2722945,28.6246004],[77.2724759,28.6246219],[77.2727248,28.6246342],[77.272941,28.6246295],[77.2731889,28.6246126],[77.2734323,28.6245746],[77.2736584,28.6245268],[77.2738729,28.6244624],[77.2740713,28.6243947],[77.274287,28.6243101],[77.2744972,28.6242008],[77.2747705,28.6240245]]}},{"type":"Feature","properties":{"way_id":610024029,"route_colors":["#4169e1"],"route_refs":["3"]},"geometry":{"type":"LineString","coordinates":[[77.2708284,28.6241594],[77.2695306,28.623687],[77.2688595,28.623433],[77.2680442,28.6231406],[77.2676557,28.6230012],[77.267456,28.6229378],[77.2672654,28.6228839],[77.2670714,28.6228351]]}},{"type":"Feature","properties":{"way_id":1178258945,"route_colors":["#4169e1"],"route_refs":["3"]},"geometry":{"type":"LineString","coordinates":[[77.2670714,28.6228351],[77.2668631,28.6227814],[77.2666841,28.6227364],[77.2664987,28.6226871],[77.2663171,28.6226343],[77.2661397,28.6225765],[77.2653245,28.6222851]]}},{"type":"Feature","properties":{"way_id":77006076,"route_colors":["#4169e1"],"route_refs":["3"]},"geometry":{"type":"LineString","coordinates":[[77.2653245,28.6222851],[77.2645482,28.6220038],[77.2637054,28.6217006],[77.2634908,28.6216301],[77.2632702,28.62156],[77.2630554,28.621501],[77.262834,28.6214455],[77.2618487,28.6212187],[77.260806,28.6210549]]}},{"type":"Feature","properties":{"way_id":43766190,"route_colors":["#4169e1"],"route_refs":["3"]},"geometry":{"type":"LineString","coordinates":[[77.260806,28.6210549],[77.2590603,28.620851],[77.2555538,28.6204208],[77.2535517,28.6201594],[77.2526856,28.6200876],[77.2521778,28.6201154],[77.2513088,28.6202468],[77.2495452,28.6205832],[77.2487261,28.6207666],[77.2478389,28.6209709],[77.2472663,28.6210889],[77.2471725,28.6210986],[77.2461737,28.6212016],[77.2457371,28.6212478],[77.2453332,28.6213336],[77.2448725,28.6215005],[77.2443039,28.6218112],[77.2435958,28.6224422],[77.2425121,28.6234593],[77.2412569,28.6246271],[77.240608,28.625034],[77.240581,28.6250509],[77.2401089,28.625211],[77.2397618,28.625309]]}},{"type":"Feature","properties":{"way_id":695925443,"route_colors":["#4169e1"],"route_refs":["3"]},"geometry":{"type":"LineString","coordinates":[[77.2397618,28.625309],[77.2387534,28.6253908],[77.2368121,28.6254804],[77.236144,28.6255085]]}},{"type":"Feature","properties":{"way_id":52082767,"route_colors":["#4169e1"],"route_refs":["3"]},"geometry":{"type":"LineString","coordinates":[[77.236144,28.6255085],[77.2341954,28.6255914],[77.2322487,28.6257268],[77.2319705,28.6258244],[77.2313975,28.6260255],[77.2249956,28.6297527],[77.221105,28.6319768],[77.2207469,28.6321814],[77.2206205,28.6322536],[77.2205143,28.6323112],[77.2196877,28.6327591],[77.2189661,28.6331492],[77.2182038,28.6335614],[77.2159012,28.6349648]]}},{"type":"Feature","properties":{"way_id":914114472,"route_colors":["#4169e1"],"route_refs":["3"]},"geometry":{"type":"LineString","coordinates":[[77.2159012,28.6349648],[77.2134769,28.6364158]]}},{"type":"Feature","properties":{"way_id":164931219,"route_colors":["#4169e1"],"route_refs":["3"]},"geometry":{"type":"LineString","coordinates":[[77.2134769,28.6364158],[77.2085684,28.6392249],[77.206607,28.6403887],[77.2054671,28.6409402],[77.204741,28.6413692],[77.2042432,28.6418287],[77.2038431,28.6422477],[77.2034898,28.6425729],[77.2031913,28.6427819],[77.2031419,28.6428165],[77.2026519,28.6430946],[77.2015017,28.6435616],[77.1999053,28.6442998],[77.1985921,28.6449175],[77.1978968,28.645151],[77.1972274,28.6452188],[77.1965528,28.6451506],[77.1922747,28.6444889],[77.1885276,28.6439905],[77.1782794,28.6424765],[77.176045,28.6421276],[77.175621,28.642082],[77.1752038,28.6420522],[77.1749153,28.6420568],[77.1746545,28.6420748],[77.1743801,28.6421387],[77.1741309,28.6422029],[77.173883,28.6422933],[77.1736417,28.6423912],[77.173101,28.642685],[77.1713708,28.6437838],[77.1692658,28.6449953],[77.1677619,28.6459015],[77.1582426,28.6515664],[77.1555849,28.653162],[77.1552084,28.6533908],[77.1546405,28.6536671],[77.1533085,28.6541843],[77.1529729,28.6543473],[77.151873,28.6549845],[77.1506502,28.6557294],[77.1499113,28.6561797],[77.1491537,28.6566595],[77.148635,28.6569481],[77.1480607,28.657322],[77.1471854,28.6578869],[77.1466153,28.6582764],[77.1461012,28.6585121],[77.1455362,28.658634],[77.1450915,28.6586865],[77.1447725,28.6586862],[77.1444585,28.6586367],[77.144078,28.6585482],[77.143699,28.6584413],[77.1424425,28.6578419],[77.1372614,28.6549101],[77.135789,28.6541876],[77.1350961,28.6537251],[77.1347468,28.6535833],[77.1343907,28.6534504],[77.1340088,28.6533396],[77.1332478,28.6531359],[77.1316569,28.652725],[77.1307084,28.6524795],[77.1282752,28.6518616],[77.127743,28.6517109],[77.1272023,28.6514819],[77.1255945,28.6505315],[77.1237213,28.6495104],[77.123391,28.6493471],[77.122743,28.6490372],[77.1192715,28.6476435],[77.1185849,28.6473422],[77.1179412,28.6469882],[77.1171742,28.6465127],[77.1166375,28.6461295],[77.1157913,28.6455127],[77.1149028,28.6449212],[77.1138986,28.6443337],[77.1128703,28.6437288],[77.1122679,28.6434223],[77.1116498,28.6431209],[77.1108344,28.6428121],[77.1096671,28.6423827],[77.1083625,28.6418102],[77.1064055,28.6409364],[77.1052347,28.6404628],[77.1025075,28.6394436],[77.101316,28.6390072],[77.1007631,28.6387865],[77.0996429,28.6381199],[77.0988696,28.6376746],[77.0977118,28.6370908],[77.0970444,28.6367785],[77.096482,28.6365265],[77.0956067,28.6362031],[77.0946812,28.6359195],[77.0937714,28.6356107],[77.0930333,28.6352717],[77.092072,28.6348121],[77.0912051,28.6344882],[77.0892996,28.6339684],[77.0867273,28.6329889],[77.0858331,28.6326657],[77.0840483,28.6319633],[77.0822087,28.6312238],[77.0807437,28.6307081],[77.0798717,28.6303394],[77.0780939,28.6295652],[77.0770667,28.6291846],[77.0767038,28.6290502],[77.075981,28.6287517],[77.0757988,28.6286765],[77.0751733,28.6284398],[77.0746537,28.6282886],[77.0741789,28.6281712],[77.0736679,28.6280198],[77.0730558,28.6277794],[77.0712605,28.6270926],[77.0710406,28.6270136],[77.069113,28.626251],[77.0680991,28.6258774],[77.0673539,28.6256045],[77.0652972,28.6248301],[77.0639558,28.624299],[77.0630607,28.6239348],[77.0614372,28.6232868],[77.0603231,28.6228938],[77.0596775,28.6227052],[77.0583878,28.622361],[77.05781,28.6222194],[77.056672,28.6219755],[77.0557191,28.6217367],[77.0538016,28.6214036],[77.052911,28.6212493],[77.0519345,28.6211142],[77.0510171,28.6209873],[77.049426,28.6208115],[77.0479328,28.6206255],[77.0469795,28.6205197],[77.0450835,28.6202562],[77.044614,28.6202193],[77.0439778,28.6201717],[77.0438855,28.6201695],[77.0433863,28.6201573],[77.0430026,28.6201705],[77.0419103,28.6202496],[77.0412247,28.6202872],[77.0402903,28.6202861],[77.0388995,28.6201524],[77.0378835,28.6200103],[77.0332835,28.6192912],[77.0321098,28.6191455],[77.0314768,28.619073],[77.0309308,28.6190437],[77.0305425,28.6190372],[77.0302437,28.6190456],[77.0297239,28.6190854],[77.0272641,28.6192684],[77.0265477,28.619327],[77.0260547,28.6193124],[77.0254836,28.6191987],[77.0250083,28.6190098],[77.024661,28.6188156],[77.0243115,28.6185686],[77.0239682,28.6182225],[77.0236742,28.6178126],[77.0234468,28.6173183],[77.0232817,28.6166608],[77.0231665,28.6162589],[77.0230915,28.6159973],[77.0227861,28.6149318],[77.0225161,28.6140669],[77.0224349,28.6137954],[77.0223596,28.6135437],[77.0222813,28.6132813],[77.0221172,28.6127323],[77.021927,28.6120626],[77.0218364,28.6114379],[77.0218103,28.6103944],[77.0218207,28.609301],[77.0220491,28.6078803],[77.0223614,28.6069118],[77.022912,28.6058378],[77.0234006,28.6050854],[77.024241,28.6040797],[77.0251205,28.6030748],[77.0255857,28.6025851],[77.0259935,28.602234],[77.0271956,28.6012979],[77.0298134,28.5995345],[77.0335556,28.597025],[77.0407464,28.5922515]]}},{"type":"Feature","properties":{"way_id":31266154,"route_colors":["#4169e1"],"route_refs":["3"]},"geometry":{"type":"LineString","coordinates":[[77.0407464,28.5922515],[77.0454983,28.5890622],[77.0494551,28.586462],[77.0575146,28.5810731],[77.0613942,28.5784954],[77.0620379,28.5780205],[77.0628018,28.5773874],[77.0632996,28.5769502],[77.0638232,28.5763849],[77.0642352,28.5758799],[77.0646815,28.5752694],[77.0653509,28.5742819],[77.0658659,28.5732493],[77.0662865,28.5723372],[77.0665955,28.5716814],[77.0668187,28.5711311],[77.0670246,28.5704829],[77.0671362,28.5699251],[77.0672221,28.5693371],[77.0672564,28.5686738],[77.0672564,28.5682064],[77.0671534,28.5664425],[77.0670615,28.5656075],[77.0669149,28.5648039],[77.0668162,28.5642611],[77.0666696,28.5637195],[77.0664393,28.563005],[77.0662049,28.5623788],[77.0659181,28.5617655],[77.0656139,28.5612208]]}},{"type":"Feature","properties":{"way_id":893778027,"route_colors":["#4169e1"],"route_refs":["3"]},"geometry":{"type":"LineString","coordinates":[[77.0656139,28.5612208],[77.0654887,28.5609967],[77.0650841,28.5603518],[77.0648644,28.5600211],[77.0645316,28.5595368]]}},{"type":"Feature","properties":{"way_id":188240586,"route_colors":["#4169e1"],"route_refs":["3"]},"geometry":{"type":"LineString","coordinates":[[77.0645316,28.5595368],[77.0630679,28.5576224],[77.0614555,28.555648],[77.0609769,28.555062]]}},{"type":"Feature","properties":{"way_id":1001138452,"route_colors":["#4169e1"],"route_refs":["3"]},"geometry":{"type":"LineString","coordinates":[[77.0609769,28.555062],[77.0584649,28.551986]]}},{"type":"Feature","properties":{"way_id":1001138451,"route_colors":["#4169e1"],"route_refs":["3"]},"geometry":{"type":"LineString","coordinates":[[77.0584269,28.5520104],[77.0609381,28.5550854]]}},{"type":"Feature","properties":{"way_id":1212227771,"route_colors":["#4169e1"],"route_refs":["3"]},"geometry":{"type":"LineString","coordinates":[[77.0609381,28.5550854],[77.0614173,28.5556721],[77.0630292,28.557646],[77.0644919,28.559559]]}},{"type":"Feature","properties":{"way_id":893778028,"route_colors":["#4169e1"],"route_refs":["3"]},"geometry":{"type":"LineString","coordinates":[[77.0644919,28.559559],[77.0648239,28.5600422],[77.0650432,28.5603722],[77.0654469,28.5610158],[77.0655673,28.5612314]]}},{"type":"Feature","properties":{"way_id":604707748,"route_colors":["#4169e1"],"route_refs":["3"]},"geometry":{"type":"LineString","coordinates":[[77.0655673,28.5612314],[77.0658752,28.5617825],[77.0661607,28.5623931],[77.0663943,28.5630171],[77.066624,28.5637299],[77.06677,28.5642692],[77.0668684,28.5648104],[77.0670148,28.5656128],[77.0671064,28.5664455],[77.0672093,28.5682075],[77.0672093,28.5686729],[77.0671752,28.5693335],[77.0670897,28.5699189],[77.0669786,28.5704737],[77.0667738,28.5711186],[77.0665516,28.5716666],[77.0662429,28.5723215],[77.0658225,28.5732332],[77.065309,28.574263],[77.0646415,28.5752477],[77.0641962,28.5758567],[77.0637858,28.5763598],[77.0632646,28.5769225],[77.062769,28.5773577],[77.0620066,28.5779896],[77.0613648,28.5784631],[77.0574861,28.5810402],[77.0494267,28.586429],[77.0454699,28.5890292],[77.0407179,28.5922186]]}},{"type":"Feature","properties":{"way_id":604707736,"route_colors":["#4169e1"],"route_refs":["3"]},"geometry":{"type":"LineString","coordinates":[[77.0407179,28.5922186],[77.0335271,28.5969921],[77.0297848,28.5995017],[77.0271656,28.601266],[77.0259614,28.6022038],[77.0255511,28.602557],[77.0250837,28.603049],[77.0242034,28.6040549],[77.023361,28.6050629],[77.02287,28.605819],[77.0223171,28.6068976],[77.0220029,28.6078717],[77.0217737,28.6092979],[77.0217632,28.6103947],[77.0217894,28.611441],[77.0218805,28.6120694],[77.0220723,28.6127461],[77.0222303,28.6132909],[77.022296,28.6135174],[77.0223066,28.613554],[77.0223711,28.6137762],[77.0224673,28.6140742],[77.0227407,28.6149427],[77.0230439,28.6160106],[77.023118,28.6162713],[77.0232339,28.6166797],[77.023402,28.6173314],[77.0236321,28.6178315],[77.0239303,28.6182472],[77.0242787,28.6185985],[77.0246335,28.6188492],[77.0249858,28.6190462],[77.0254685,28.6192381],[77.0260486,28.6193536],[77.0265491,28.6193684],[77.0272683,28.6193096],[77.0297279,28.6191266],[77.0302465,28.6190869],[77.0305428,28.6190785],[77.0309289,28.619085],[77.0314723,28.6191142],[77.0321035,28.6191864],[77.0332758,28.619332],[77.0355417,28.6197073],[77.0378759,28.6200511],[77.0388932,28.6201934],[77.0402877,28.6203274],[77.0412261,28.6203285],[77.0419137,28.6202908],[77.0430055,28.6202118],[77.0433866,28.6201986],[77.0439751,28.620213],[77.0446099,28.6202605],[77.0450777,28.6202972],[77.0469729,28.6205606],[77.0479265,28.6206665],[77.0494198,28.6208525],[77.0510105,28.6210282],[77.0519272,28.621155],[77.0529028,28.62129],[77.0537925,28.6214441],[77.0557081,28.6217769],[77.05666,28.6220155],[77.0577981,28.6222594],[77.0583746,28.6224007],[77.0596632,28.6227446],[77.0603069,28.6229326],[77.0614187,28.6233248],[77.0630411,28.6239724],[77.0639362,28.6243366],[77.0652782,28.6248679],[77.0673356,28.6256426],[77.0680809,28.6259155],[77.0690942,28.6262889],[77.071022,28.6270516],[77.0712422,28.6271307],[77.0730368,28.6278172],[77.0736507,28.6280583],[77.074165,28.6282107],[77.0746399,28.6283281],[77.0751565,28.6284785],[77.0757795,28.6287142],[77.075961,28.6287891],[77.0766846,28.6290879],[77.0770484,28.6292227],[77.0780743,28.6296028],[77.079851,28.6303765],[77.0807247,28.6307459],[77.0821901,28.6312618],[77.0840289,28.6320009],[77.0856593,28.6326399],[77.0858145,28.6327037],[77.0863843,28.6329096],[77.086709,28.633027],[77.0892832,28.6340072],[77.0911889,28.634527],[77.0920515,28.6348493],[77.0930111,28.6353081],[77.0937519,28.6356484],[77.0946649,28.6359583],[77.0955898,28.6362417],[77.0964621,28.636564],[77.0970226,28.6368151],[77.097689,28.6371269],[77.0988449,28.6377098],[77.0996168,28.6381543],[77.10074,28.6388227],[77.1012972,28.6390451],[77.1024892,28.6394817],[77.1052156,28.6405006],[77.106385,28.6409736],[77.1083413,28.6418471],[77.1096475,28.6424203],[77.110816,28.6428501],[77.111629,28.643158],[77.1122447,28.6434582],[77.1128454,28.6437639],[77.1138724,28.644368],[77.1148755,28.6449549],[77.115762,28.6455451],[77.1166076,28.6461614],[77.1171457,28.6465456],[77.1179151,28.6470226],[77.1185618,28.6473783],[77.1192512,28.6476808],[77.1227219,28.6490742],[77.1233682,28.6493832],[77.1236973,28.649546],[77.1255689,28.6505662],[77.1271788,28.6515178],[77.1277255,28.6517493],[77.1282614,28.6519011],[77.1306952,28.6525191],[77.1316436,28.6527646],[77.1332343,28.6531755],[77.1339945,28.653379],[77.1343741,28.6534891],[77.1347277,28.6536211],[77.1350717,28.6537607],[77.1357631,28.6542222],[77.1372371,28.6549455],[77.1424185,28.6578775],[77.1436765,28.6584776],[77.1440605,28.6585869],[77.1444483,28.6586771],[77.1447683,28.6587275],[77.1450946,28.6587278],[77.145545,28.6586746],[77.146118,28.658551],[77.1466399,28.6583117],[77.1472129,28.6579204],[77.1480887,28.6573552],[77.1486617,28.6569822],[77.1491809,28.6566932],[77.1499387,28.6562134],[77.1506769,28.6557635],[77.1519004,28.6550181],[77.1529976,28.6543826],[77.1533289,28.6542216],[77.1546615,28.6537041],[77.1552333,28.6534259],[77.1556113,28.6531962],[77.1582691,28.6516006],[77.1677884,28.6459357],[77.1692924,28.6450294],[77.1713976,28.6438178],[77.1731268,28.6427196],[77.173664,28.6424276],[77.1739019,28.6423311],[77.1741466,28.6422419],[77.1743928,28.6421785],[77.1746624,28.6421157],[77.1749176,28.6420981],[77.1752023,28.6420935],[77.1756162,28.6421231],[77.1760379,28.6421685],[77.1782713,28.6425172],[77.1875883,28.6438702],[77.1885202,28.6440313],[77.189383,28.6441404],[77.1922671,28.6445297],[77.196546,28.6451915],[77.1972274,28.6452604],[77.1979081,28.6451914],[77.1986117,28.6449551],[77.1999274,28.6443363],[77.2015226,28.6435986],[77.2026728,28.6431316],[77.2031684,28.6428509],[77.2035224,28.6426028],[77.2038791,28.6422743],[77.2042791,28.6418556],[77.2047716,28.6414009],[77.2054917,28.6409755],[77.2066316,28.640424],[77.2085944,28.6392594],[77.2135123,28.6364479]]}},{"type":"Feature","properties":{"way_id":914114473,"route_colors":["#4169e1"],"route_refs":["3"]},"geometry":{"type":"LineString","coordinates":[[77.2135123,28.6364479],[77.2159222,28.6350083]]}},{"type":"Feature","properties":{"way_id":604707732,"route_colors":["#4169e1"],"route_refs":["3"]},"geometry":{"type":"LineString","coordinates":[[77.2159222,28.6350083],[77.218228,28.6336037],[77.2197106,28.6327972],[77.22065,28.6322862],[77.2222531,28.6313678],[77.2250214,28.6297873],[77.2258554,28.6292961],[77.2314195,28.6260623],[77.231988,28.6258628],[77.2322595,28.6257675],[77.2341984,28.6256326],[77.2361463,28.6255498]]}},{"type":"Feature","properties":{"way_id":695925444,"route_colors":["#4169e1"],"route_refs":["3"]},"geometry":{"type":"LineString","coordinates":[[77.2361463,28.6255498],[77.2368145,28.6255217],[77.2387568,28.625432],[77.2397713,28.6253497]]}},{"type":"Feature","properties":{"way_id":604707724,"route_colors":["#4169e1"],"route_refs":["3"]},"geometry":{"type":"LineString","coordinates":[[77.2397713,28.6253497],[77.2401246,28.62525],[77.2406035,28.6250876],[77.241288,28.6246584],[77.2425464,28.6234876],[77.2436298,28.6224708],[77.2443335,28.6218437],[77.2448941,28.6215374],[77.2453478,28.621373],[77.2457455,28.6212885],[77.2461793,28.6212426],[77.2472745,28.6211297],[77.2478503,28.621011],[77.2487379,28.6208066],[77.249556,28.6206234],[77.2513178,28.6202874],[77.2521833,28.6201565],[77.2526848,28.620129],[77.253546,28.6202004],[77.2555474,28.6204617],[77.2595874,28.6209546],[77.2604447,28.6210565],[77.2608055,28.6210932]]}},{"type":"Feature","properties":{"way_id":604707717,"route_colors":["#4169e1"],"route_refs":["3"]},"geometry":{"type":"LineString","coordinates":[[77.2608055,28.6210932],[77.2614594,28.6211992],[77.261842,28.6212612],[77.2629339,28.6215124],[77.263262,28.6216055],[77.2635873,28.6217118],[77.265354,28.6223854],[77.2659258,28.6225921],[77.2670033,28.622967]]}},{"type":"Feature","properties":{"way_id":1187375095,"route_colors":["#4169e1"],"route_refs":["3"]},"geometry":{"type":"LineString","coordinates":[[77.2670033,28.622967],[77.2672497,28.6230553],[77.2679515,28.6233069]]}},{"type":"Feature","properties":{"way_id":695932026,"route_colors":["#4169e1"],"route_refs":["3","4"]},"geometry":{"type":"LineString","coordinates":[[77.2679515,28.6233069],[77.2687472,28.6235921]]}},{"type":"Feature","properties":{"way_id":1187375098,"route_colors":["#4169e1"],"route_refs":["3","4"]},"geometry":{"type":"LineString","coordinates":[[77.2687472,28.6235921],[77.2688974,28.6236456]]}},{"type":"Feature","properties":{"way_id":1178262030,"route_colors":["#4169e1"],"route_refs":["3"]},"geometry":{"type":"LineString","coordinates":[[77.2688974,28.6236456],[77.269246,28.6237981],[77.2696125,28.6239665],[77.2708947,28.6245315],[77.2709634,28.6245555],[77.2711788,28.6246358],[77.2714253,28.6247156]]}},{"type":"Feature","properties":{"way_id":1178262031,"route_colors":["#4169e1"],"route_refs":["3"]},"geometry":{"type":"LineString","coordinates":[[77.2714253,28.6247156],[77.2715466,28.6247521],[77.2717036,28.6247993],[77.271898,28.6248456]]}},{"type":"Feature","properties":{"way_id":139071686,"route_colors":["#4169e1"],"route_refs":["3"]},"geometry":{"type":"LineString","coordinates":[[77.271898,28.6248456],[77.2720904,28.6248799],[77.2722649,28.624905],[77.272437,28.6249211],[77.2726646,28.6249293],[77.2729306,28.6249165],[77.2732023,28.6248802],[77.2734423,28.6248301],[77.2736737,28.624765],[77.2738847,28.624696],[77.2740885,28.6246166],[77.2743159,28.6244994],[77.2745158,28.6243775],[77.2747234,28.6242206],[77.2748848,28.6240918]]}},{"type":"Feature","properties":{"way_id":139071687,"route_colors":["#4169e1"],"route_refs":["3"]},"geometry":{"type":"LineString","coordinates":[[77.2748848,28.6240918],[77.2750056,28.623973],[77.2751027,28.6238692],[77.2752001,28.6237528],[77.2753239,28.6235916],[77.2756608,28.623126],[77.2758325,28.6228856],[77.2761363,28.6224556],[77.2789059,28.6187157],[77.2795648,28.6178918]]}},{"type":"Feature","properties":{"way_id":210933925,"route_colors":["#4169e1"],"route_refs":["3"]},"geometry":{"type":"LineString","coordinates":[[77.2795648,28.6178918],[77.2797766,28.6175858],[77.2800201,28.617234],[77.2803098,28.6168745],[77.2806011,28.6165838],[77.2809365,28.6163153],[77.2813691,28.6160169],[77.2817679,28.6157545],[77.2820901,28.6154693],[77.2823376,28.6152145],[77.2825776,28.6149033],[77.28364,28.6134066],[77.2842117,28.6125977],[77.2847533,28.6118799],[77.2860676,28.6103037],[77.2865774,28.6097165],[77.2867555,28.609462],[77.2871034,28.6089588],[77.2874371,28.6084368],[77.2877318,28.6077946],[77.2883861,28.606443],[77.2885871,28.60606],[77.288773,28.6057611],[77.2890063,28.605384],[77.2891248,28.6051492]]}},{"type":"Feature","properties":{"way_id":855461481,"route_colors":["#4169e1"],"route_refs":["3"]},"geometry":{"type":"LineString","coordinates":[[77.2891248,28.6051492],[77.289642,28.6040856],[77.2898699,28.6036404],[77.2900067,28.6033234],[77.2901054,28.6030245],[77.290301,28.6025735],[77.2904988,28.6022001],[77.2905638,28.6020683],[77.2909788,28.6013052],[77.2914349,28.6004543],[77.2922296,28.598874],[77.2927189,28.5979382],[77.2933232,28.5967398],[77.2933507,28.5966888],[77.2934463,28.5965009],[77.2942011,28.5952012],[77.2945485,28.5945081],[77.2951336,28.5933949],[77.2955091,28.5926495],[77.2957143,28.5922915],[77.2960684,28.5916957],[77.2969615,28.5903721],[77.2971775,28.5901248],[77.297384,28.5899222],[77.2977045,28.589682],[77.2980452,28.5894854],[77.2983885,28.5893629],[77.2987197,28.589271],[77.2991797,28.5892074],[77.2996625,28.589178],[77.299866,28.5891759],[77.3015991,28.589158],[77.3031939,28.5891754],[77.3069947,28.5891998],[77.3072789,28.5891952],[77.3074453,28.5891911],[77.3076111,28.5891793],[77.307776,28.5891597],[77.3079395,28.5891323],[77.308101,28.5890973],[77.3082602,28.5890547],[77.3084166,28.5890047],[77.3085697,28.5889474],[77.3087341,28.5888761],[77.3088934,28.5887963],[77.3090471,28.5887083],[77.3091946,28.5886126],[77.3093354,28.5885094],[77.309469,28.5883991],[77.309595,28.588282],[77.3097129,28.5881586],[77.3098222,28.5880293],[77.3099227,28.5878945],[77.3100139,28.5877548],[77.3109444,28.586115],[77.3117349,28.5849599],[77.3132767,28.5827432],[77.3136087,28.58233],[77.3140515,28.581888],[77.3151543,28.5808333],[77.3159376,28.5800818],[77.3178764,28.5781477],[77.3185815,28.5775362],[77.3197643,28.576552],[77.3221508,28.5744692],[77.3227238,28.5740567],[77.3232682,28.5735829],[77.3261742,28.5708239],[77.3274661,28.5696146],[77.3285016,28.5686813],[77.329826,28.5676296],[77.3318911,28.5662251],[77.3330209,28.5653228],[77.3337128,28.5646241]]}},{"type":"Feature","properties":{"way_id":1192568767,"route_colors":["#4169e1"],"route_refs":["3"]},"geometry":{"type":"LineString","coordinates":[[77.3337128,28.5646241],[77.3342517,28.5641062],[77.334409,28.563955],[77.3349641,28.5634215]]}},{"type":"Feature","properties":{"way_id":1192568769,"route_colors":["#4169e1"],"route_refs":["3"]},"geometry":{"type":"LineString","coordinates":[[77.3349641,28.5634215],[77.3357524,28.5627039],[77.3358847,28.5625992],[77.3360237,28.5625014],[77.3361688,28.5624107],[77.3363195,28.5623274],[77.3364755,28.5622519],[77.3366361,28.5621843],[77.3368008,28.5621249],[77.3369692,28.5620739],[77.3371406,28.5620315],[77.3373145,28.5619977],[77.3374903,28.5619728],[77.3376674,28.5619567],[77.3378453,28.5619496],[77.3380236,28.5619514],[77.3382015,28.5619622],[77.3383784,28.561982],[77.3385538,28.5620106],[77.3387269,28.562048],[77.3388974,28.5620941],[77.3390645,28.5621487],[77.3392278,28.5622116],[77.3393867,28.5622826],[77.3395408,28.5623615],[77.3396894,28.5624481],[77.3398321,28.562542],[77.3399685,28.5626429],[77.3406023,28.5631303],[77.3435849,28.565326],[77.3463761,28.5674738],[77.3471707,28.5680748],[77.352188,28.5718698],[77.3562086,28.5748371],[77.3600489,28.5776856]]}},{"type":"Feature","properties":{"way_id":427589714,"route_colors":["#4169e1"],"route_refs":["3"]},"geometry":{"type":"LineString","coordinates":[[77.3600489,28.5776856],[77.36348,28.5802755],[77.3664067,28.5824457],[77.3705454,28.585568],[77.3709493,28.5858184],[77.3712544,28.5859854],[77.3714435,28.5861024],[77.3717276,28.5862491],[77.3727745,28.5867819],[77.3735522,28.5871674],[77.3738402,28.58733],[77.3740654,28.587473],[77.3742283,28.5876003],[77.3743551,28.5877175],[77.3744737,28.5878412],[77.3745836,28.5879709],[77.3746845,28.5881061],[77.374776,28.5882464],[77.3748577,28.5883913],[77.3749294,28.5885402],[77.3749908,28.5886927],[77.3750417,28.588848],[77.3750819,28.5890058],[77.3751112,28.5891654],[77.375129,28.5893197],[77.3751368,28.5894746],[77.3751343,28.5896296],[77.3751217,28.5897843],[77.375099,28.5899381],[77.3750663,28.5900905],[77.3750236,28.5902409],[77.3749712,28.590389],[77.3749092,28.5905342],[77.3748377,28.590676],[77.3747571,28.5908139],[77.3745082,28.5911818],[77.3743893,28.5913248],[77.3740251,28.5917556],[77.3735485,28.5923637],[77.3733662,28.5926356],[77.3732042,28.592905],[77.3730599,28.5932315]]}},{"type":"Feature","properties":{"way_id":383657723,"route_colors":["#4169e1"],"route_refs":["3"]},"geometry":{"type":"LineString","coordinates":[[77.3730599,28.5932315],[77.3722808,28.5955042],[77.3722283,28.59582],[77.3721901,28.5961415],[77.372174,28.5962776],[77.3721839,28.5968788],[77.3722303,28.5975859],[77.3723944,28.6010402],[77.3724866,28.6029805],[77.3726054,28.6056871],[77.3726424,28.606529],[77.3727803,28.6090289],[77.3728048,28.6095088],[77.3728729,28.61018],[77.3733756,28.6152964],[77.3735554,28.6169878],[77.3736145,28.6178903],[77.3740694,28.6226268],[77.3742387,28.6232307],[77.3745221,28.6239067],[77.3746453,28.6243949],[77.3748043,28.6256412],[77.3748355,28.6259776],[77.3748717,28.6263251],[77.3749217,28.6268657],[77.3750443,28.6282618]]}},{"type":"Feature","properties":{"way_id":379815254,"route_colors":["#ffdf00"],"route_refs":["2"]},"geometry":{"type":"LineString","coordinates":[[77.1445869,28.7292802],[77.1414791,28.731145],[77.1410276,28.7314693],[77.1407572,28.7316859],[77.1404829,28.7319357],[77.1387768,28.7337523],[77.1386437,28.7339189],[77.1384983,28.7341186],[77.1383774,28.7343235],[77.13829,28.7345152],[77.1382188,28.7347148],[77.1381792,28.7348601],[77.1381477,28.7350053],[77.1381304,28.7351613],[77.1381182,28.7352887],[77.1381141,28.7354474],[77.1381202,28.7357112],[77.1381406,28.7358546],[77.1381812,28.7360391],[77.1382646,28.7362958],[77.1383764,28.7365444],[77.1384841,28.7367351],[77.1385608,28.7368529],[77.1387425,28.7370998],[77.1398643,28.7383436],[77.1403319,28.7388619],[77.1405229,28.739084],[77.140649,28.7392569],[77.1407379,28.7394003],[77.1408389,28.7395836],[77.1409575,28.7398679],[77.1410099,28.7400455],[77.1410415,28.7402015],[77.1410615,28.7403272],[77.1410738,28.740469],[77.1410815,28.7407],[77.1410723,28.7408722],[77.1410346,28.7411106],[77.1409313,28.7414935],[77.1408397,28.7417123],[77.1407565,28.741865],[77.1406402,28.7420697],[77.1404801,28.7422739],[77.1402992,28.7424817],[77.1390889,28.7437881],[77.1388979,28.7439946],[77.1382993,28.7446391]]}},{"type":"Feature","properties":{"way_id":1085403004,"route_colors":["#ffdf00"],"route_refs":["2"]},"geometry":{"type":"LineString","coordinates":[[77.1518969,28.7319305],[77.151453,28.7316581],[77.1503544,28.7308998],[77.1488723,28.7299173],[77.147933,28.7293112],[77.1476762,28.7291743],[77.1474048,28.7290615],[77.1471887,28.7289871],[77.1469379,28.7289227],[77.1466462,28.7288758],[77.146324,28.7288592],[77.1459802,28.7288648],[77.1457403,28.728891],[77.1453954,28.7289622],[77.1451169,28.7290406],[77.1448285,28.7291563],[77.1445869,28.7292802]]}},{"type":"Feature","properties":{"way_id":379815255,"route_colors":["#ffdf00"],"route_refs":["2"]},"geometry":{"type":"LineString","coordinates":[[77.1626826,28.7259874],[77.1610272,28.7281746],[77.1596372,28.730011],[77.1591464,28.730681],[77.1588909,28.7310299],[77.1585565,28.7313685],[77.1581447,28.7316555],[77.1577668,28.7318561],[77.1572982,28.7320388],[77.1567612,28.7321452],[77.1553873,28.7324628],[77.1548455,28.7325866],[77.1542928,28.7326351],[77.1539383,28.7326474],[77.1535878,28.7326153],[77.1533052,28.7325673],[77.152996,28.7324898],[77.1523982,28.7322382],[77.1518969,28.7319305]]}},{"type":"Feature","properties":{"way_id":77629948,"route_colors":["#ffdf00"],"route_refs":["2"]},"geometry":{"type":"LineString","coordinates":[[77.1701392,28.7169401],[77.1698017,28.7173149],[77.1669478,28.7206363],[77.165829,28.7218142],[77.1650896,28.7227004],[77.1626826,28.7259874]]}},{"type":"Feature","properties":{"way_id":77629938,"route_colors":["#ffdf00"],"route_refs":["2"]},"geometry":{"type":"LineString","coordinates":[[77.1707019,28.7163103],[77.1704471,28.7165981],[77.1701392,28.7169401]]}},{"type":"Feature","properties":{"way_id":77629950,"route_colors":["#ffdf00"],"route_refs":["2"]},"geometry":{"type":"LineString","coordinates":[[77.1796031,28.7073326],[77.179245,28.7074614],[77.1786395,28.7077449],[77.178236,28.7079849],[77.1778417,28.7082634],[77.1759493,28.7103861],[77.1707019,28.7163103]]}},{"type":"Feature","properties":{"way_id":77629898,"route_colors":["#ffdf00"],"route_refs":["2"]},"geometry":{"type":"LineString","coordinates":[[77.1814968,28.7066781],[77.1803831,28.7070686],[77.1796031,28.7073326]]}},{"type":"Feature","properties":{"way_id":77629917,"route_colors":["#ffdf00"],"route_refs":["2"]},"geometry":{"type":"LineString","coordinates":[[77.2002413,28.70044],[77.1940059,28.7027391],[77.1917788,28.7036165],[77.1897937,28.7044934],[77.1891814,28.7047282],[77.1884849,28.7049488],[77.1849639,28.7060793],[77.1846266,28.7061615],[77.1843021,28.7062156],[77.1836402,28.7062788],[77.1831889,28.7063286],[77.1827395,28.7063758],[77.1824956,28.7064115],[77.1822763,28.7064568],[77.1820166,28.7065206],[77.1814968,28.7066781]]}},{"type":"Feature","properties":{"way_id":52080429,"route_colors":["#ffdf00"],"route_refs":["2"]},"geometry":{"type":"LineString","coordinates":[[77.2010904,28.7001269],[77.2002413,28.70044]]}},{"type":"Feature","properties":{"way_id":79482957,"route_colors":["#ffdf00"],"route_refs":["2"]},"geometry":{"type":"LineString","coordinates":[[77.2227708,28.6434707],[77.2227816,28.6434872],[77.2265435,28.6492513],[77.2301174,28.656103],[77.2302393,28.6564821],[77.230366,28.6584207],[77.2303998,28.6592561],[77.2300691,28.6634055],[77.2293674,28.6652725],[77.2282174,28.6675256],[77.2276322,28.6686191],[77.2273518,28.6693763],[77.2271844,28.6698284],[77.2262803,28.6719651],[77.2260729,28.6725026],[77.2260142,28.6728174],[77.2259254,28.6733552],[77.2257995,28.6741986],[77.2255985,28.6751287],[77.2255156,28.6754609],[77.2254614,28.6756799],[77.2252862,28.6761867],[77.2250565,28.6768572],[77.2247458,28.6777953],[77.2244317,28.6787857],[77.224237,28.679299],[77.2239668,28.6797474],[77.2237344,28.6800958],[77.2233662,28.6806767],[77.2230947,28.6810828],[77.2227698,28.6815984],[77.2226241,28.6819146],[77.2225985,28.682184],[77.2225709,28.6826877],[77.2217576,28.6863272],[77.2213587,28.6888119],[77.2212914,28.6892431],[77.2212826,28.6896034],[77.2212567,28.6904391],[77.2210154,28.6917596],[77.2207964,28.69221],[77.2205504,28.6926146],[77.2203429,28.6928843],[77.220047,28.6931],[77.2197933,28.6932315],[77.2191191,28.6934509],[77.2184893,28.6936871],[77.2147478,28.6950993],[77.2095692,28.697014],[77.2064225,28.6981558],[77.2010904,28.7001269]]}},{"type":"Feature","properties":{"way_id":660097244,"route_colors":["#ffdf00"],"route_refs":["2"]},"geometry":{"type":"LineString","coordinates":[[77.2198149,28.6340328],[77.2227708,28.6434707]]}},{"type":"Feature","properties":{"way_id":660097247,"route_colors":["#ffdf00"],"route_refs":["2"]},"geometry":{"type":"LineString","coordinates":[[77.2189449,28.6317424],[77.2192022,28.6322358],[77.2194242,28.6327423],[77.2195794,28.6331664],[77.2197097,28.633597],[77.2198149,28.6340328]]}},{"type":"Feature","properties":{"way_id":343626950,"route_colors":["#ffdf00"],"route_refs":["2"]},"geometry":{"type":"LineString","coordinates":[[77.207832,28.566854],[77.2079256,28.56717],[77.2080219,28.567578],[77.2081047,28.5679289],[77.2093306,28.5741591],[77.2095202,28.574938],[77.2123647,28.5834288],[77.2125637,28.5865942],[77.2128297,28.5896307],[77.2126988,28.5912769],[77.2111269,28.5973548],[77.2110196,28.5981275],[77.2118249,28.6095117],[77.2123128,28.615878],[77.2124109,28.6169191],[77.2126532,28.6197812],[77.2127668,28.6211224],[77.2129456,28.6214623],[77.2140587,28.6229537],[77.2156887,28.6254826],[77.2158022,28.6258215],[77.2158372,28.6272707],[77.216118,28.6278386],[77.2184915,28.6311163],[77.2189449,28.6317424]]}},{"type":"Feature","properties":{"way_id":154708919,"route_colors":["#ffdf00"],"route_refs":["2"]},"geometry":{"type":"LineString","coordinates":[[77.1918675,28.5148552],[77.1924685,28.5148746],[77.193312,28.514967],[77.1940326,28.5150758],[77.1952599,28.5155507],[77.1964759,28.5161938],[77.2003092,28.5196439],[77.2015914,28.5206873],[77.2018984,28.5208731],[77.2030309,28.5215655],[77.2031752,28.52173],[77.2032764,28.5219383],[77.2033954,28.5222108],[77.2034846,28.5224845],[77.2049702,28.5281163],[77.2049865,28.5284594],[77.2048545,28.5290666],[77.2046768,28.5297806],[77.2046487,28.5301158],[77.2054077,28.532841],[77.2061733,28.535553],[77.2067571,28.5384028],[77.2064584,28.542468],[77.2067402,28.544258],[77.2068096,28.546016],[77.2068322,28.546588],[77.2066966,28.5474216],[77.2060311,28.5485583],[77.2059695,28.5490996],[77.2057484,28.5518584],[77.2060271,28.5540506],[77.2061729,28.5551976],[77.2065039,28.5564734],[77.2068211,28.5580022],[77.2074182,28.5616514],[77.207594,28.5635563],[77.20761,28.5660269],[77.207832,28.566854]]}},{"type":"Feature","properties":{"way_id":78734045,"route_colors":["#ffdf00"],"route_refs":["2"]},"geometry":{"type":"LineString","coordinates":[[77.1257838,28.4807159],[77.1268438,28.4815468],[77.1275441,28.4820216],[77.1303491,28.4839816],[77.1314632,28.4851009],[77.1334073,28.4866628],[77.135253,28.4876214],[77.1390199,28.4893702],[77.1413572,28.4905322],[77.1421715,28.4909787],[77.1452252,28.4920474],[77.1465699,28.4925885],[77.1491983,28.4937282],[77.150464,28.4943167],[77.1560111,28.496864],[77.1568149,28.4972138],[77.1578137,28.4976457],[77.1582622,28.497838],[77.1586266,28.4979987],[77.1590629,28.4981923],[77.1600113,28.4986061],[77.1609098,28.4989706],[77.1624247,28.4995799],[77.1629281,28.4997841],[77.1632256,28.4999143],[77.1639618,28.500257],[77.164311,28.5004276],[77.1664046,28.5014359],[77.166661,28.5015531],[77.1668566,28.5016351],[77.167108,28.5017324],[77.1680764,28.5020911],[77.1683484,28.5021966],[77.1686059,28.5023049],[77.1687787,28.5023848],[77.1694471,28.5027169],[77.1696755,28.5028222],[77.1714595,28.5035214],[77.1716264,28.5035912],[77.1718105,28.5036746],[77.1720175,28.5037795],[77.1722564,28.5039148],[77.1724848,28.5040594],[77.1726521,28.5041774],[77.1728005,28.50429],[77.1730133,28.5044665],[77.173222,28.5046629],[77.1734217,28.5048789],[77.1749361,28.5067554],[77.1756859,28.5077051],[77.1761351,28.5081765],[77.1763024,28.5083362],[77.1764708,28.5084609],[77.1765988,28.50854],[77.1767583,28.5086308],[77.1769676,28.5087298],[77.1771481,28.5088141],[77.177335,28.5088783],[77.1774745,28.5089183],[77.1776886,28.5089753],[77.1781872,28.5090252],[77.1789479,28.5091132],[77.1795075,28.509217],[77.1798954,28.5093247],[77.1802682,28.5094914],[77.1822804,28.5104832],[77.1843378,28.511499],[77.1864723,28.5129302],[77.1878498,28.5138753],[77.1884417,28.5142814],[77.1888301,28.5145163],[77.189081,28.5146278],[77.1893847,28.5147315],[77.1898013,28.5148304],[77.1901926,28.5148947],[77.1905867,28.514917],[77.1918675,28.5148552]]}},{"type":"Feature","properties":{"way_id":899083188,"route_colors":["#ffdf00"],"route_refs":["2"]},"geometry":{"type":"LineString","coordinates":[[77.0952179,28.4817578],[77.0960024,28.4818875],[77.0968527,28.4819889],[77.0974213,28.4820478],[77.0979577,28.4820407],[77.0985585,28.4819936],[77.0998406,28.4818509],[77.1004736,28.4818156],[77.1012193,28.4818792],[77.102272,28.4819976],[77.1032739,28.4821185],[77.1043575,28.4821185],[77.1051621,28.4821775],[77.1057227,28.4822647],[77.1064603,28.4824297],[77.1067914,28.4825029],[77.1070785,28.4825605],[77.1073413,28.4825944],[77.1076512,28.4826114],[77.1079931,28.4826008],[77.1082389,28.4825623],[77.1085232,28.4825022],[77.1088419,28.4824205],[77.1092042,28.4822788],[77.1097434,28.4820006],[77.110208,28.481771],[77.1103951,28.4817036],[77.1105829,28.4816399],[77.1109758,28.4815492],[77.11124,28.4815067],[77.1117738,28.4814926],[77.1123786,28.4815279],[77.113127,28.4815574],[77.113587,28.4815645],[77.1141905,28.4814867],[77.114861,28.4813429],[77.1159714,28.4811354],[77.1170229,28.4809185],[77.1177287,28.4807528],[77.1181964,28.4805568],[77.1191039,28.4799743],[77.1203533,28.4791391],[77.1209677,28.4788812],[77.1216248,28.4787497],[77.122228,28.4787294],[77.122663,28.4787874],[77.1230577,28.4788917],[77.1234321,28.4790728],[77.1238123,28.4792633],[77.124427,28.4797392],[77.1250252,28.4801823],[77.1257838,28.4807159]]}},{"type":"Feature","properties":{"way_id":899083189,"route_colors":["#ffdf00"],"route_refs":["2"]},"geometry":{"type":"LineString","coordinates":[[77.0944226,28.4815904],[77.0952179,28.4817578]]}},{"type":"Feature","properties":{"way_id":360422865,"route_colors":["#ffdf00"],"route_refs":["2"]},"geometry":{"type":"LineString","coordinates":[[77.0726864,28.4593314],[77.0733894,28.4601393],[77.0735059,28.4602904],[77.0736227,28.4604632],[77.0737056,28.4606237],[77.0737838,28.4608055],[77.0738515,28.4609994],[77.0739087,28.4612546],[77.073947,28.4615409],[77.0739427,28.4618388],[77.073912,28.4621135],[77.0724516,28.4723308],[77.071921,28.4758667],[77.0719863,28.47653],[77.0721254,28.4769853],[77.0723661,28.4774376],[77.0727384,28.4778545],[77.0731045,28.4781385],[77.0733917,28.478303],[77.0736864,28.4784209],[77.0739498,28.4785129],[77.0742781,28.4785837],[77.0798993,28.4795243],[77.0868222,28.4805525],[77.0877574,28.480641],[77.0883003,28.4805851],[77.088967,28.4805343],[77.0894482,28.4805984],[77.0908008,28.4807987],[77.091599,28.4809707],[77.0930074,28.4812437],[77.0944226,28.4815904]]}},{"type":"Feature","properties":{"way_id":610022365,"route_colors":["#ffdf00"],"route_refs":["2"]},"geometry":{"type":"LineString","coordinates":[[77.0726383,28.4593643],[77.07334,28.4601706],[77.0734545,28.4603191],[77.0735686,28.460488],[77.0736493,28.4606443],[77.0737261,28.4608228],[77.0737923,28.4610125],[77.0738485,28.4612629],[77.073886,28.4615437],[77.0738818,28.4618358],[77.0738514,28.4621075],[77.0723912,28.472324],[77.0718598,28.475865],[77.0719387,28.4765391],[77.0720792,28.4770024],[77.0723218,28.4774685],[77.0727063,28.4778854],[77.0730717,28.4781774],[77.0734168,28.4783632],[77.0736779,28.4784692],[77.0739611,28.4785602],[77.0742476,28.4786286],[77.0798784,28.4795882],[77.0868141,28.4806056],[77.0877577,28.4806949],[77.0883065,28.4806384],[77.088965,28.4805882],[77.0894386,28.4806513],[77.0907885,28.4808512],[77.0915852,28.4810229],[77.0929927,28.4812957],[77.094408,28.4816424]]}},{"type":"Feature","properties":{"way_id":899083187,"route_colors":["#ffdf00"],"route_refs":["2"]},"geometry":{"type":"LineString","coordinates":[[77.094408,28.4816424],[77.0951937,28.4818132]]}},{"type":"Feature","properties":{"way_id":899083186,"route_colors":["#ffdf00"],"route_refs":["2"]},"geometry":{"type":"LineString","coordinates":[[77.0951937,28.4818132],[77.0959919,28.4819403],[77.096845,28.482042],[77.0974182,28.4821014],[77.0979609,28.4820942],[77.098565,28.4820469],[77.0998464,28.4819042],[77.1004726,28.4818693],[77.1012125,28.4819324],[77.102264,28.4820507],[77.1032697,28.482172],[77.104355,28.482172],[77.1051542,28.4822307],[77.1057099,28.4823171],[77.1064465,28.4824819],[77.1067694,28.4825535],[77.1070465,28.4826061],[77.1072994,28.4826472],[77.1076307,28.4826628],[77.1079401,28.4826569],[77.1082214,28.4826237],[77.1085275,28.482569],[77.1089945,28.4824225],[77.1092324,28.4823263],[77.1097738,28.482047],[77.1102346,28.4818193],[77.1104176,28.4817534],[77.1106017,28.4816909],[77.110989,28.4816015],[77.1112464,28.4815601],[77.1117727,28.4815462],[77.1123752,28.4815814],[77.1131251,28.4816109],[77.1135909,28.4816181],[77.1142022,28.4815393],[77.1148746,28.4813951],[77.1159847,28.4811877],[77.1170377,28.4809704],[77.1177498,28.4808033],[77.1182277,28.480603],[77.1191403,28.4800172],[77.1203852,28.4791851],[77.1209878,28.4789321],[77.1216328,28.478803],[77.1222246,28.4787831],[77.1226496,28.4788398],[77.123034,28.4789414],[77.1234023,28.4791195],[77.1237767,28.4793071],[77.1243876,28.47978],[77.1249998,28.480226],[77.1257454,28.4807575]]}},{"type":"Feature","properties":{"way_id":610022371,"route_colors":["#ffdf00"],"route_refs":["2"]},"geometry":{"type":"LineString","coordinates":[[77.1257454,28.4807575],[77.1268277,28.4815839],[77.1275053,28.4820629],[77.1303069,28.4840205],[77.1314196,28.4851384],[77.1333709,28.4867061],[77.1352233,28.4876682],[77.1389907,28.4894172],[77.1413261,28.4905782],[77.1421439,28.4910267],[77.1452012,28.4920966],[77.1465437,28.4926369],[77.1491706,28.4937759],[77.150436,28.4943642],[77.1559929,28.4968969],[77.1567922,28.4972443],[77.1570736,28.4973665],[77.157345,28.4974855],[77.159566,28.4984529],[77.1603388,28.4987841],[77.1618449,28.4993912],[77.1623927,28.4996079],[77.163007,28.4998595],[77.1634198,28.5000429],[77.1638202,28.5002372],[77.164767,28.5006912],[77.1663815,28.5014654],[77.1666266,28.5015779],[77.1668385,28.5016661],[77.1670839,28.5017624],[77.1680517,28.5021212],[77.1683151,28.5022215],[77.1685865,28.5023357],[77.1687694,28.5024206],[77.16943,28.5027519],[77.1696542,28.5028519],[77.1698776,28.5029426],[77.1714371,28.5035532],[77.1716121,28.5036237],[77.1717853,28.5037033],[77.1720015,28.5038115],[77.1722296,28.5039431],[77.1724545,28.5040841],[77.1726106,28.5041937],[77.1727707,28.504314],[77.1729795,28.5044889],[77.1731842,28.50468],[77.1733903,28.504898],[77.174902,28.5067735],[77.175649,28.5077188],[77.1760917,28.5082148],[77.1762595,28.5083692],[77.1764328,28.5085052],[77.1765384,28.5085754],[77.1767208,28.5086779],[77.176922,28.5087746],[77.1771244,28.5088636],[77.1772894,28.5089278],[77.177453,28.5089773],[77.1776739,28.5090274],[77.1781783,28.5090782],[77.1789377,28.509166],[77.179494,28.5092692],[77.1798741,28.5093753],[77.1802382,28.5095381],[77.1822494,28.5105293],[77.1843042,28.5115438],[77.1864348,28.5129724],[77.1875627,28.5137399],[77.1880376,28.5140629],[77.1884105,28.5143167],[77.1887362,28.514514],[77.1889977,28.5146457],[77.1893657,28.5147824],[77.1897877,28.5148826],[77.190185,28.5149479],[77.1905864,28.5149706],[77.1918652,28.5149089]]}},{"type":"Feature","properties":{"way_id":610022378,"route_colors":["#ffdf00"],"route_refs":["2"]},"geometry":{"type":"LineString","coordinates":[[77.1918652,28.5149089],[77.1924624,28.5149279],[77.1933048,28.5150202],[77.1940149,28.5151274],[77.1952318,28.5155983],[77.1963236,28.5161757],[77.1964378,28.5162361],[77.2002661,28.5196817],[77.2008816,28.5202924],[77.2012035,28.5205879],[77.201494,28.5208245],[77.2026333,28.5215434],[77.202909,28.5217174],[77.203017,28.521803],[77.2031551,28.5219747],[77.2033109,28.5222426],[77.2034272,28.5225041],[77.2049096,28.5281235],[77.2049253,28.5284554],[77.2047957,28.529057],[77.2046164,28.5297729],[77.2045872,28.5301203],[77.2053485,28.5328538],[77.2061137,28.5355642],[77.2066958,28.5384059],[77.2063972,28.54247],[77.2066794,28.5442626],[77.2067487,28.5460179],[77.2067711,28.5465851],[77.2066377,28.5474051],[77.2059716,28.5485429],[77.2059088,28.5490951],[77.2057649,28.5509966],[77.2056872,28.5518595],[77.2057244,28.5521353],[77.2059666,28.5540565],[77.2061127,28.5552065],[77.2064442,28.5564841],[77.206567,28.5570373],[77.2066725,28.5575667],[77.2067168,28.5577888],[77.206761,28.5580108],[77.2073576,28.5616574],[77.2075331,28.5635586],[77.2075314,28.5637267],[77.2075491,28.5660333],[77.2077737,28.5668673]]}},{"type":"Feature","properties":{"way_id":610022433,"route_colors":["#ffdf00"],"route_refs":["2"]},"geometry":{"type":"LineString","coordinates":[[77.2077737,28.5668673],[77.2078662,28.5671821],[77.2080448,28.5679389],[77.2090531,28.5730628],[77.2091172,28.5733888],[77.2092708,28.5741693],[77.2094611,28.5749512],[77.2095769,28.5752968],[77.2123043,28.5834379],[77.2123291,28.5838326],[77.2123175,28.5848675],[77.2123822,28.5854715],[77.212503,28.5865988],[77.2127686,28.5896309],[77.2126384,28.5912691],[77.2110668,28.5973456],[77.2109584,28.5981259],[77.2117641,28.6095152],[77.2122111,28.6154592],[77.212252,28.615882],[77.2123502,28.6169233],[77.2124539,28.6180603],[77.2126026,28.6197775],[77.2127069,28.621136],[77.2128922,28.6214883],[77.2132082,28.6219175],[77.2140067,28.6229815],[77.2156322,28.6255036],[77.2157415,28.6258298],[77.2157765,28.6272823],[77.2160642,28.6278641],[77.2187589,28.631824]]}},{"type":"Feature","properties":{"way_id":660097246,"route_colors":["#ffdf00"],"route_refs":["2"]},"geometry":{"type":"LineString","coordinates":[[77.2187589,28.631824],[77.2189952,28.6322506],[77.2192007,28.6326892],[77.2192419,28.6327955],[77.2193746,28.6331382],[77.2195162,28.6335959],[77.219625,28.6340605]]}},{"type":"Feature","properties":{"way_id":660097245,"route_colors":["#ffdf00"],"route_refs":["2"]},"geometry":{"type":"LineString","coordinates":[[77.219625,28.6340605],[77.2227137,28.6434908]]}},{"type":"Feature","properties":{"way_id":610022426,"route_colors":["#ffdf00"],"route_refs":["2"]},"geometry":{"type":"LineString","coordinates":[[77.2227137,28.6434908],[77.2227908,28.643609],[77.2264893,28.6492758],[77.23006,28.6561215],[77.2301789,28.656491],[77.2302965,28.6582922],[77.2303051,28.6584232],[77.2303388,28.6592552],[77.2300089,28.6633951],[77.2293105,28.6652532],[77.228162,28.6675033],[77.2275754,28.6685994],[77.2272894,28.6693716],[77.2271268,28.6698108],[77.2262229,28.6719472],[77.2260136,28.6724896],[77.225954,28.6728093],[77.225865,28.6733479],[77.2257393,28.6741901],[77.2255388,28.675118],[77.2254496,28.6754538],[77.2254024,28.6756664],[77.2252279,28.6761713],[77.224998,28.6768422],[77.2243735,28.6787699],[77.2241808,28.6792779],[77.2239136,28.6797214],[77.2236815,28.6800693],[77.2233133,28.6806502],[77.2230418,28.6810563],[77.2227147,28.6815754],[77.2225642,28.6819021],[77.2225377,28.6821805],[77.2225103,28.6826812],[77.2216975,28.6863183],[77.2212984,28.6888045],[77.2212306,28.6892389],[77.2212217,28.6896021],[77.2211959,28.6904341],[77.2209564,28.6917447],[77.2207414,28.6921869],[77.2204981,28.692587],[77.2202973,28.6928481],[77.2200118,28.6930562],[77.219767,28.6931831],[77.21969,28.6932113],[77.2190965,28.6934012],[77.2184656,28.6936379],[77.2177557,28.693897],[77.2173427,28.6940478],[77.2147333,28.6950543],[77.2095455,28.6969648],[77.2093188,28.6970406],[77.2092508,28.6970717],[77.206399,28.6981065],[77.2010668,28.7000776]]}},{"type":"Feature","properties":{"way_id":610022422,"route_colors":["#ffdf00"],"route_refs":["2"]},"geometry":{"type":"LineString","coordinates":[[77.2010668,28.7000776],[77.2002177,28.7003907]]}},{"type":"Feature","properties":{"way_id":610022413,"route_colors":["#ffdf00"],"route_refs":["2"]},"geometry":{"type":"LineString","coordinates":[[77.2002177,28.7003907],[77.1939816,28.7026901],[77.1925155,28.7032677],[77.1917526,28.7035682],[77.1897678,28.704445],[77.1891588,28.7046785],[77.1884641,28.7048986],[77.1872518,28.7052878],[77.1849484,28.7060274],[77.1846186,28.7061133],[77.1843061,28.7061651],[77.1836336,28.7062383],[77.1831856,28.7062844],[77.1827358,28.7063366],[77.1824862,28.7063738],[77.1822589,28.7064203],[77.1820036,28.7064845],[77.1814752,28.7066281]]}},{"type":"Feature","properties":{"way_id":610022407,"route_colors":["#ffdf00"],"route_refs":["2"]},"geometry":{"type":"LineString","coordinates":[[77.1814752,28.7066281],[77.1803608,28.7070189],[77.1795806,28.7072829]]}},{"type":"Feature","properties":{"way_id":610022400,"route_colors":["#ffdf00"],"route_refs":["2"]},"geometry":{"type":"LineString","coordinates":[[77.1795806,28.7072829],[77.179219,28.707413],[77.178608,28.7076991],[77.1781997,28.7079419],[77.177798,28.7082256],[77.1759012,28.7103533],[77.1706538,28.7162775]]}},{"type":"Feature","properties":{"way_id":610022394,"route_colors":["#ffdf00"],"route_refs":["2"]},"geometry":{"type":"LineString","coordinates":[[77.1706538,28.7162775],[77.1703991,28.7165652],[77.1700914,28.716907]]}},{"type":"Feature","properties":{"way_id":610022388,"route_colors":["#ffdf00"],"route_refs":["2"]},"geometry":{"type":"LineString","coordinates":[[77.1700914,28.716907],[77.1697535,28.7172823],[77.1669,28.7206031],[77.165781,28.7217813],[77.1650393,28.7226702],[77.1626316,28.7259582]]}},{"type":"Feature","properties":{"way_id":610022383,"route_colors":["#ffdf00"],"route_refs":["2"]},"geometry":{"type":"LineString","coordinates":[[77.1626316,28.7259582],[77.1609764,28.7281451],[77.1595862,28.7299818],[77.1590951,28.7306521],[77.158842,28.7309978],[77.1585142,28.7313298],[77.1581098,28.7316116],[77.1577385,28.7318087],[77.1572789,28.7319878],[77.1567467,28.7320933],[77.1553719,28.7324111],[77.1548347,28.7325339],[77.1542886,28.7325818],[77.1539403,28.7325939],[77.1535968,28.7325624],[77.1533194,28.7325153],[77.1530177,28.7324397],[77.1524291,28.7321919],[77.151931,28.7318857]]}},{"type":"Feature","properties":{"way_id":364909768,"route_colors":["#ffdf00"],"route_refs":["2"]},"geometry":{"type":"LineString","coordinates":[[77.1446454,28.7291916],[77.1449751,28.729016],[77.1452309,28.7289066],[77.1456674,28.7287748],[77.1460093,28.7287248],[77.1463886,28.7286861],[77.1467679,28.7287024],[77.1470136,28.7287363],[77.1472671,28.7287918],[77.1475579,28.7288796],[77.147824,28.728981],[77.1480918,28.7291195],[77.1489146,28.7296724],[77.1503879,28.7306164],[77.1507461,28.73089],[77.1510196,28.7311011],[77.1515839,28.7316449],[77.151931,28.7318857]]}},{"type":"Feature","properties":{"way_id":321073007,"route_colors":["#ffdf00"],"route_refs":["2"]},"geometry":{"type":"LineString","coordinates":[[77.1446454,28.7291916],[77.1414571,28.7311107],[77.1411592,28.7313204],[77.1409087,28.7315062],[77.1406301,28.7317401],[77.1396403,28.7327457],[77.1386465,28.7338498],[77.138476,28.7340818],[77.1383535,28.7342854],[77.1382514,28.7345059],[77.138167,28.7347469],[77.1381077,28.7349899],[77.1380826,28.7352067],[77.1380717,28.7354685],[77.1380815,28.7356799],[77.1380966,28.7358525],[77.1381387,28.7360473],[77.1382028,28.7362425],[77.1382882,28.736454],[77.1383786,28.7366363],[77.1385186,28.7368687],[77.1387118,28.7371193],[77.1398162,28.7383747],[77.140478,28.7390883],[77.1406206,28.7392783],[77.1407523,28.739502],[77.1408556,28.7397288],[77.1409388,28.7399671],[77.1409842,28.7401381],[77.1410131,28.7403114],[77.1410282,28.7404948],[77.1410232,28.7408656],[77.1409833,28.7411493],[77.1408896,28.7414877],[77.1407943,28.741708],[77.1406112,28.7420208],[77.1404443,28.7422441],[77.1402585,28.7424616],[77.1394126,28.743372],[77.1388642,28.743959],[77.1382654,28.7446158]]}},{"type":"Feature","properties":{"way_id":1490161625,"route_colors":["#ff4040"],"route_refs":["1"]},"geometry":{"type":"LineString","coordinates":[[77.1071611,28.7207878],[77.1078762,28.7201796],[77.1085064,28.7197254],[77.1144917,28.7155751],[77.1153868,28.7149507],[77.1170034,28.7138393],[77.1251544,28.7081973]]}},{"type":"Feature","properties":{"way_id":1512992805,"route_colors":["#ff4040"],"route_refs":["1"]},"geometry":{"type":"LineString","coordinates":[[77.1251544,28.7081973],[77.1260218,28.7075969],[77.1266793,28.707133]]}},{"type":"Feature","properties":{"way_id":1512992804,"route_colors":["#ff4040"],"route_refs":["1"]},"geometry":{"type":"LineString","coordinates":[[77.1266793,28.707133],[77.1290911,28.7054313],[77.1316304,28.7036669]]}},{"type":"Feature","properties":{"way_id":610024037,"route_colors":["#ff4040"],"route_refs":["1"]},"geometry":{"type":"LineString","coordinates":[[77.1316304,28.7036669],[77.1322608,28.7032809],[77.1331896,28.7025912]]}},{"type":"Feature","properties":{"way_id":610024044,"route_colors":["#ff4040"],"route_refs":["1"]},"geometry":{"type":"LineString","coordinates":[[77.1331896,28.7025912],[77.1377478,28.6995132],[77.1386592,28.6989596],[77.1391972,28.6986703],[77.1397042,28.6984423],[77.1405541,28.6980682],[77.1414667,28.6976666],[77.1453822,28.6959851],[77.1461268,28.695652],[77.1466624,28.6954352],[77.1471981,28.6952515],[77.1476762,28.6951021],[77.1481664,28.6949765],[77.1485101,28.6949217],[77.14885,28.6948987],[77.1489304,28.6949002],[77.1493439,28.6949077],[77.1496487,28.6949305],[77.1500681,28.6950038],[77.1504402,28.6950978],[77.1510196,28.6953302],[77.1515498,28.6956078],[77.1517177,28.6956934],[77.1517212,28.6956952],[77.1521332,28.6959054],[77.1524671,28.6960757],[77.1533798,28.696532],[77.1534435,28.6965639],[77.1539782,28.6968248],[77.1543239,28.6969596],[77.1545978,28.697048],[77.154899,28.697113],[77.1551867,28.6971502],[77.1554358,28.6971525],[77.1557337,28.6971525],[77.1560187,28.6971101],[77.1563067,28.6970552],[77.1565799,28.6969715],[77.1568105,28.6968763],[77.1570842,28.6967412],[77.1573074,28.6966215],[77.1575364,28.6964713],[77.1577236,28.6963297],[77.1579044,28.6961577],[77.1581106,28.6959293],[77.1582738,28.6957052],[77.158417,28.695435],[77.1589285,28.694358],[77.1599048,28.6923478],[77.1604274,28.6913376],[77.1605788,28.6910324],[77.1609614,28.6904581],[77.1611118,28.6902276],[77.1613854,28.6896434],[77.1615576,28.6892951],[77.1617159,28.6889378],[77.161963,28.6884204],[77.1621322,28.688066],[77.1635932,28.6850066],[77.1642113,28.6837103],[77.1648073,28.6824179],[77.1651818,28.68163],[77.1658683,28.6801857],[77.166557,28.6787671],[77.1666988,28.6784778],[77.1670253,28.6779522],[77.1673849,28.6773405],[77.1686621,28.675297],[77.170371,28.6736117],[77.1714326,28.6728427],[77.1721381,28.6724511],[77.1729328,28.6720955],[77.1736108,28.6717979],[77.1741652,28.6715904],[77.1748379,28.6714478],[77.1767673,28.6710624],[77.1808064,28.6702592],[77.1813879,28.6701779],[77.181861,28.6701195],[77.182772,28.6700622],[77.1853902,28.6699334],[77.1870098,28.6698274],[77.1884167,28.6695396],[77.1944012,28.6679049],[77.197713,28.6670317],[77.1989061,28.6667458],[77.1994112,28.666608],[77.2016461,28.6659985],[77.202572,28.665746],[77.2033867,28.6657244],[77.203938,28.665768],[77.2046425,28.6659468],[77.2055814,28.6662255],[77.206104,28.6663029],[77.2074101,28.6664364],[77.2083561,28.6666109],[77.2093311,28.6668714],[77.2099274,28.6671266],[77.2105367,28.6674038],[77.2110325,28.6676235],[77.2114862,28.6677323],[77.2118944,28.6678238],[77.2121476,28.6678519],[77.2124468,28.6678627],[77.2128914,28.6678542],[77.213225,28.6678006],[77.2139221,28.667671],[77.2156401,28.6673259]]}},{"type":"Feature","properties":{"way_id":610024043,"route_colors":["#ff4040"],"route_refs":["1"]},"geometry":{"type":"LineString","coordinates":[[77.2156401,28.6673259],[77.2166349,28.6671922],[77.2176097,28.6670899]]}},{"type":"Feature","properties":{"way_id":610024042,"route_colors":["#ff4040"],"route_refs":["1"]},"geometry":{"type":"LineString","coordinates":[[77.2176097,28.6670899],[77.2184537,28.6670128],[77.2193812,28.6669673],[77.2198171,28.6669892],[77.2201859,28.6670506],[77.2230593,28.6677272],[77.2233832,28.6677768],[77.2236759,28.6678153],[77.2241367,28.6678263],[77.2246162,28.6678013],[77.2255355,28.6676811],[77.226435,28.6675508],[77.2271441,28.6674817],[77.2282467,28.6674784],[77.2288641,28.6675253],[77.2293878,28.667587],[77.2297816,28.6676514],[77.2300581,28.6677083],[77.2304858,28.6678503],[77.2308995,28.6680238],[77.2313027,28.6682273],[77.2317142,28.6684366],[77.2321318,28.6686252],[77.2324848,28.6687403],[77.2334186,28.6690165],[77.2341739,28.6693037],[77.238913,28.6711052],[77.239305,28.6712541],[77.240071,28.6715402]]}},{"type":"Feature","properties":{"way_id":610024041,"route_colors":["#ff4040"],"route_refs":["1"]},"geometry":{"type":"LineString","coordinates":[[77.240071,28.6715402],[77.2402923,28.6716198],[77.2405844,28.671711],[77.2408452,28.6717736],[77.241112,28.6718141],[77.2413841,28.671834],[77.2416561,28.6718363],[77.24193,28.6718118],[77.2422509,28.6717598],[77.2424841,28.6716995],[77.2427159,28.6716233],[77.2429702,28.6715218],[77.2432208,28.6714086],[77.2446495,28.6706812],[77.2454474,28.670237],[77.245733,28.6700953],[77.2460315,28.6699737],[77.2467532,28.6697145],[77.2505385,28.6684554],[77.2514847,28.6681547],[77.25254,28.6678074],[77.2525993,28.6677879],[77.2533716,28.667533],[77.2539824,28.6673351]]}},{"type":"Feature","properties":{"way_id":610024039,"route_colors":["#ff4040"],"route_refs":["1"]},"geometry":{"type":"LineString","coordinates":[[77.2539824,28.6673351],[77.2544122,28.6672413],[77.2545273,28.6672257],[77.2548142,28.6671872],[77.2552398,28.6671503]]}},{"type":"Feature","properties":{"way_id":610024038,"route_colors":["#ff4040"],"route_refs":["1"]},"geometry":{"type":"LineString","coordinates":[[77.2552398,28.6671503],[77.2558681,28.6671899],[77.2563635,28.6672731],[77.2568638,28.6674132],[77.2590954,28.6680345],[77.2606841,28.6684772],[77.263533,28.6692282],[77.2652355,28.6696454],[77.2656406,28.669719]]}},{"type":"Feature","properties":{"way_id":1287276611,"route_colors":["#ff4040"],"route_refs":["1"]},"geometry":{"type":"LineString","coordinates":[[77.2656406,28.669719],[77.2657518,28.6697391]]}},{"type":"Feature","properties":{"way_id":1287276610,"route_colors":["#ff4040"],"route_refs":["1"]},"geometry":{"type":"LineString","coordinates":[[77.2657518,28.6697391],[77.2667628,28.6699174],[77.2679914,28.67013],[77.2696201,28.6703158]]}},{"type":"Feature","properties":{"way_id":1287276609,"route_colors":["#ff4040"],"route_refs":["1"]},"geometry":{"type":"LineString","coordinates":[[77.2696201,28.6703158],[77.270176,28.6704149]]}},{"type":"Feature","properties":{"way_id":1287276608,"route_colors":["#ff4040"],"route_refs":["1"]},"geometry":{"type":"LineString","coordinates":[[77.270176,28.6704149],[77.2746454,28.6712049],[77.2760232,28.6715225],[77.2778151,28.6718621],[77.2800145,28.6721877]]}},{"type":"Feature","properties":{"way_id":610024035,"route_colors":["#ff4040"],"route_refs":["1"]},"geometry":{"type":"LineString","coordinates":[[77.2800145,28.6721877],[77.2810936,28.6723361]]}},{"type":"Feature","properties":{"way_id":610024034,"route_colors":["#ff4040"],"route_refs":["1"]},"geometry":{"type":"LineString","coordinates":[[77.2810936,28.6723361],[77.2836616,28.6727735],[77.2856372,28.6729825]]}},{"type":"Feature","properties":{"way_id":610024033,"route_colors":["#ff4040"],"route_refs":["1"]},"geometry":{"type":"LineString","coordinates":[[77.2856372,28.6729825],[77.2877536,28.6732142],[77.2880961,28.6732537],[77.2898815,28.6734598],[77.2911758,28.6736409],[77.2933548,28.6738732],[77.2946664,28.6740071],[77.2966557,28.6742872],[77.2968817,28.6743606],[77.2973248,28.6745427],[77.2977634,28.6747626],[77.2985436,28.6751537],[77.298897,28.675271],[77.2991965,28.6753497],[77.2994763,28.67539],[77.2997437,28.6754128],[77.3008694,28.6754151],[77.3025963,28.6754209],[77.3035533,28.6755047],[77.3051185,28.6755782],[77.3084628,28.6757357],[77.3098709,28.6757085],[77.3123939,28.6757505],[77.3154303,28.6758652],[77.3160367,28.675918],[77.3168104,28.6760043],[77.3172489,28.676042],[77.317772,28.6760601],[77.3186221,28.6760404],[77.3201762,28.6759167],[77.3207328,28.6758963],[77.3215135,28.6758851],[77.3223715,28.6759232],[77.3233821,28.6760138]]}},{"type":"Feature","properties":{"way_id":610024032,"route_colors":["#ff4040"],"route_refs":["1"]},"geometry":{"type":"LineString","coordinates":[[77.3233821,28.6760138],[77.325348,28.6761929],[77.3271072,28.6764512],[77.3279072,28.676502],[77.3306205,28.6765965],[77.3319231,28.6766271],[77.3324134,28.676648],[77.3339151,28.6766909],[77.3374597,28.6767921],[77.3409054,28.6769197],[77.3442655,28.6770057],[77.345869,28.6770664],[77.3460318,28.6770946],[77.3468626,28.6771193],[77.3477844,28.6771708],[77.3481618,28.6771757],[77.3553062,28.6774889],[77.3581375,28.6776405],[77.3624588,28.6778718],[77.3656172,28.67803],[77.3689904,28.6781742],[77.3704847,28.6782385],[77.3723408,28.6783184],[77.3752585,28.6784653],[77.3790234,28.6786318],[77.3802928,28.6786928],[77.3809666,28.6786928],[77.3839016,28.6785633],[77.3852431,28.6785041],[77.3862268,28.6784374],[77.3867254,28.6783672],[77.3872705,28.6782525],[77.3881352,28.678022],[77.3892294,28.6777416],[77.391894,28.6770273],[77.3932386,28.6766669],[77.3959292,28.6759455],[77.3984881,28.6752825],[77.3992555,28.6751536],[77.4002866,28.675069],[77.4008583,28.6749953],[77.4018319,28.6747705],[77.4065483,28.6734564],[77.4072588,28.6732146],[77.407712,28.6730157],[77.4089892,28.6724695],[77.4106936,28.6719933],[77.4112532,28.671843],[77.4126619,28.6714552],[77.4137443,28.6711767],[77.4147388,28.6709199],[77.4153901,28.6707062]]}},{"type":"Feature","properties":{"way_id":379891675,"route_colors":["#ff4040"],"route_refs":["1"]},"geometry":{"type":"LineString","coordinates":[[77.4153715,28.6706471],[77.4148031,28.6708337],[77.4147168,28.670862],[77.4143327,28.6709612],[77.4137446,28.671113],[77.4126417,28.6713968],[77.4112326,28.6717847],[77.4106729,28.671935],[77.4089633,28.6724127],[77.4076812,28.672961],[77.4072306,28.6731587],[77.4065252,28.6733988],[77.4018125,28.6747119],[77.4008443,28.6749354],[77.4002783,28.6750084],[77.3992457,28.6750931],[77.3984717,28.6752231],[77.3959092,28.675887],[77.3932183,28.6766085],[77.3918821,28.6769667],[77.3892095,28.6776831],[77.3881153,28.6779635],[77.3872523,28.6781936],[77.3867118,28.6783073],[77.3862186,28.6783767],[77.3852387,28.6784432],[77.3838962,28.6785024],[77.3809649,28.6786318],[77.3802947,28.6786318],[77.3790271,28.6785708],[77.3752622,28.6784044],[77.3723445,28.6782574],[77.3704894,28.6781776],[77.3689938,28.6781132],[77.3656209,28.677969],[77.3624629,28.6778109],[77.3581448,28.6775797],[77.3553101,28.677428],[77.3468633,28.6770583],[77.3442682,28.6769447],[77.3409079,28.6768587],[77.3374623,28.6767311],[77.3339173,28.6766299],[77.3324109,28.6765869],[77.3318486,28.6765779],[77.3306257,28.6765323],[77.3278689,28.6764619],[77.3269539,28.6763783],[77.3249816,28.6760939],[77.3241647,28.6760248],[77.3233924,28.6759533]]}},{"type":"Feature","properties":{"way_id":80799488,"route_colors":["#ff4040"],"route_refs":["1"]},"geometry":{"type":"LineString","coordinates":[[77.3233924,28.6759533],[77.3223764,28.6758623],[77.3215147,28.675824],[77.3207286,28.6758353],[77.3201695,28.6758559],[77.318618,28.6759794],[77.3177724,28.675999],[77.3172537,28.6759811],[77.3168182,28.6759436],[77.3160445,28.6758573],[77.3154352,28.6758043],[77.3123961,28.6756895],[77.3098708,28.6756474],[77.3084639,28.6756746],[77.3051222,28.6755172],[77.3035642,28.6754602],[77.3025943,28.6753731],[77.3008693,28.6753541],[77.2997394,28.6753665],[77.2994778,28.6753442],[77.2992047,28.6753049],[77.2989118,28.6752279],[77.298566,28.6751132],[77.2977906,28.6747245],[77.2973494,28.6745033],[77.2968996,28.6743185],[77.2966784,28.674246],[77.2946739,28.6739464],[77.293363,28.6738126],[77.291185,28.6735804],[77.2898912,28.6733994],[77.2885864,28.6732488],[77.2872247,28.673089],[77.2856464,28.672922]]}},{"type":"Feature","properties":{"way_id":175774700,"route_colors":["#ff4040"],"route_refs":["1"]},"geometry":{"type":"LineString","coordinates":[[77.2856464,28.672922],[77.2836728,28.6727132],[77.2811118,28.6722856]]}},{"type":"Feature","properties":{"way_id":175774698,"route_colors":["#ff4040"],"route_refs":["1"]},"geometry":{"type":"LineString","coordinates":[[77.2811118,28.6722856],[77.2800342,28.6721058]]}},{"type":"Feature","properties":{"way_id":1287276606,"route_colors":["#ff4040"],"route_refs":["1"]},"geometry":{"type":"LineString","coordinates":[[77.2800342,28.6721058],[77.2778625,28.6717207],[77.2760466,28.6714028],[77.2746574,28.6711584],[77.2701893,28.6703564]]}},{"type":"Feature","properties":{"way_id":1287276607,"route_colors":["#ff4040"],"route_refs":["1"]},"geometry":{"type":"LineString","coordinates":[[77.2701893,28.6703564],[77.269636,28.6702638]]}},{"type":"Feature","properties":{"way_id":1287276612,"route_colors":["#ff4040"],"route_refs":["1"]},"geometry":{"type":"LineString","coordinates":[[77.269636,28.6702638],[77.2679893,28.6700002],[77.2678077,28.6699617],[77.2668215,28.6697863],[77.2657927,28.669615],[77.2657815,28.6696125]]}},{"type":"Feature","properties":{"way_id":1287276613,"route_colors":["#ff4040"],"route_refs":["1"]},"geometry":{"type":"LineString","coordinates":[[77.2657815,28.6696125],[77.2656722,28.6695885]]}},{"type":"Feature","properties":{"way_id":52077554,"route_colors":["#ff4040"],"route_refs":["1"]},"geometry":{"type":"LineString","coordinates":[[77.2656722,28.6695885],[77.2653178,28.6695107],[77.263569,28.669153],[77.2607044,28.6684188],[77.2591165,28.6679763],[77.2568849,28.667355],[77.2563807,28.6672138],[77.2558764,28.6671291],[77.2552327,28.6671009]]}},{"type":"Feature","properties":{"way_id":52077441,"route_colors":["#ff4040"],"route_refs":["1"]},"geometry":{"type":"LineString","coordinates":[[77.2552327,28.6671009],[77.2548036,28.6671385],[77.2543834,28.6672015],[77.2539667,28.6672891]]}},{"type":"Feature","properties":{"way_id":24690209,"route_colors":["#ff4040"],"route_refs":["1"]},"geometry":{"type":"LineString","coordinates":[[77.2539667,28.6672891],[77.2533592,28.6674904],[77.2525207,28.6677643],[77.251441,28.668126],[77.2505192,28.6684103],[77.2467315,28.6696696],[77.2457914,28.6700191],[77.2446219,28.6706498],[77.2432015,28.6713737],[77.242938,28.6714932],[77.2427034,28.6715871],[77.2424663,28.671664],[77.2422272,28.6717258],[77.2419421,28.6717717],[77.241655,28.6717961],[77.2413869,28.6717954],[77.2411119,28.6717746],[77.2408534,28.6717336],[77.2406203,28.6716737],[77.2403348,28.6715871],[77.2400833,28.671506]]}},{"type":"Feature","properties":{"way_id":70214093,"route_colors":["#ff4040"],"route_refs":["1"]},"geometry":{"type":"LineString","coordinates":[[77.2400833,28.671506],[77.2379276,28.6706883],[77.2341863,28.6692692],[77.233443,28.6689593],[77.232508,28.6686828],[77.2321599,28.6685693],[77.2317476,28.668383],[77.2313375,28.6681744],[77.2309319,28.6679697],[77.2305132,28.6677941],[77.2300784,28.6676498],[77.2297959,28.6675916],[77.2293988,28.6675267],[77.2288717,28.6674646],[77.2282496,28.6674173],[77.2271401,28.6674207],[77.2264255,28.6674903],[77.2255247,28.6676208],[77.224609,28.6677405],[77.2241356,28.6677652],[77.223682,28.6677544],[77.2233943,28.6677165],[77.2230743,28.6676675],[77.2202014,28.666991],[77.2198256,28.6669285],[77.2193812,28.6669062],[77.2184482,28.6669519],[77.217602,28.6670292]]}},{"type":"Feature","properties":{"way_id":77617195,"route_colors":["#ff4040"],"route_refs":["1"]},"geometry":{"type":"LineString","coordinates":[[77.217602,28.6670292],[77.2166245,28.6671318],[77.2156319,28.6672869]]}},{"type":"Feature","properties":{"way_id":77617216,"route_colors":["#ff4040"],"route_refs":["1"]},"geometry":{"type":"LineString","coordinates":[[77.2156319,28.6672869],[77.2139077,28.6676113],[77.2132115,28.6677407],[77.2128843,28.6677933],[77.2124475,28.6678016],[77.2121534,28.667791],[77.2119074,28.6677637],[77.211504,28.6676733],[77.2110576,28.6675662],[77.2105684,28.6673495],[77.2099587,28.6670721],[77.2093566,28.6668144],[77.2083734,28.6665517],[77.2074213,28.6663761],[77.2061138,28.6662424],[77.2055984,28.6661661],[77.2046633,28.6658885],[77.2039509,28.6657077],[77.2033888,28.6656633],[77.2025604,28.6656852],[77.1988866,28.6666872],[77.1976938,28.666973],[77.1943808,28.6678465],[77.1883984,28.6694807],[77.1869993,28.6697669],[77.1853857,28.6698725],[77.1827676,28.6700013],[77.1818537,28.6700588],[77.1813776,28.6701175],[77.1807932,28.6701992],[77.1767519,28.6710029],[77.174822,28.6713884],[77.1741432,28.6715323],[77.1735816,28.6717425],[77.1729014,28.672041],[77.1721036,28.672398],[77.1713917,28.6727932],[77.1703226,28.6735676],[77.1686049,28.6752616],[77.1673235,28.6773118],[77.1669638,28.6779236],[77.1666362,28.6784511],[77.166493,28.6787431],[77.1658042,28.680162],[77.1647429,28.6823947],[77.164147,28.6836871],[77.163529,28.684983],[77.1616516,28.6889144],[77.1610492,28.6902007],[77.1609012,28.6904275],[77.1605167,28.6910047],[77.1603638,28.6913128],[77.1598411,28.6923232],[77.1588644,28.6943343],[77.1583533,28.6954104],[77.1582127,28.6956758],[77.1580539,28.6958938],[77.1578515,28.696118],[77.1576752,28.6962858],[77.1574928,28.6964237],[77.1572683,28.6965709],[77.157049,28.6966886],[77.1567786,28.696822],[77.1565535,28.6969149],[77.1562878,28.6969964],[77.1560055,28.6970502],[77.1557278,28.6970915],[77.1554362,28.6970915],[77.1551922,28.6970892],[77.1549124,28.697053],[77.1546182,28.6969896],[77.1543501,28.696903],[77.1540093,28.6967701],[77.1534776,28.6965107],[77.1525018,28.6960228],[77.1515851,28.6955552],[77.151052,28.6952761],[77.1506734,28.6951172],[77.1504644,28.6950404],[77.1500846,28.6949444],[77.1496585,28.69487],[77.1493476,28.6948467],[77.1489137,28.6948457],[77.148848,28.6948376],[77.1485012,28.6948611],[77.1481504,28.694917],[77.1476548,28.695044],[77.1471738,28.6951943],[77.1466351,28.695379],[77.1460964,28.6955971],[77.1453511,28.6959305],[77.1414358,28.6976119],[77.1405229,28.6980137],[77.1396727,28.6983879],[77.1391631,28.6986171],[77.1386212,28.6989085],[77.1377064,28.6994641],[77.1331468,28.7025431]]}},{"type":"Feature","properties":{"way_id":77643468,"route_colors":["#ff4040"],"route_refs":["1"]},"geometry":{"type":"LineString","coordinates":[[77.1331468,28.7025431],[77.1322265,28.703245],[77.1316064,28.703631]]}},{"type":"Feature","properties":{"way_id":1512992803,"route_colors":["#ff4040"],"route_refs":["1"]},"geometry":{"type":"LineString","coordinates":[[77.1316064,28.703631],[77.1290481,28.7053834],[77.1266359,28.7070854]]}},{"type":"Feature","properties":{"way_id":1512992802,"route_colors":["#ff4040"],"route_refs":["1"]},"geometry":{"type":"LineString","coordinates":[[77.1266359,28.7070854],[77.1259785,28.7075492],[77.1251121,28.7081507]]}},{"type":"Feature","properties":{"way_id":77643455,"route_colors":["#ff4040"],"route_refs":["1"]},"geometry":{"type":"LineString","coordinates":[[77.1251121,28.7081507],[77.1169778,28.7137986],[77.1153741,28.7148951],[77.1144641,28.7155359],[77.1084719,28.7196904],[77.1080139,28.7200165],[77.1071112,28.7207504]]}},{"type":"Feature","properties":{"way_id":188216913,"route_colors":["#4169e1"],"route_refs":["4"]},"geometry":{"type":"LineString","coordinates":[[77.2688974,28.6236456],[77.2696765,28.623941],[77.2698526,28.6240034],[77.2702687,28.6241471]]}},{"type":"Feature","properties":{"way_id":1178262035,"route_colors":["#4169e1"],"route_refs":["4"]},"geometry":{"type":"LineString","coordinates":[[77.2702687,28.6241471],[77.2707054,28.6243042],[77.2708763,28.6243683],[77.2710134,28.6244253],[77.271146,28.6244852],[77.2712876,28.6245592],[77.2714194,28.6246333],[77.2715807,28.6247416],[77.2717077,28.624833],[77.2718179,28.6249156],[77.2719625,28.6250439],[77.2720867,28.6251646]]}},{"type":"Feature","properties":{"way_id":77006078,"route_colors":["#4169e1"],"route_refs":["4"]},"geometry":{"type":"LineString","coordinates":[[77.2720867,28.6251646],[77.2722013,28.6252849],[77.2722749,28.6253706],[77.272355,28.6254705],[77.2724471,28.6256059],[77.272535,28.6257355],[77.2726623,28.625942],[77.2727869,28.6261613],[77.2729594,28.6264395],[77.2734818,28.6272894],[77.2737799,28.627743],[77.2738722,28.6278756],[77.2740361,28.6280855],[77.2741419,28.6282061],[77.2742811,28.6283519],[77.274395,28.6284632],[77.2745207,28.6285737],[77.2746878,28.6287063],[77.2748661,28.6288335],[77.275091,28.628986],[77.2757434,28.6294197],[77.2761083,28.6296568],[77.2775015,28.6306223],[77.2823497,28.6337225],[77.2854258,28.6357957],[77.2858943,28.6360948]]}},{"type":"Feature","properties":{"way_id":1157845531,"route_colors":["#4169e1"],"route_refs":["4"]},"geometry":{"type":"LineString","coordinates":[[77.2858943,28.6360948],[77.2867522,28.6365579],[77.2875506,28.6369889]]}},{"type":"Feature","properties":{"way_id":1157845533,"route_colors":["#4169e1"],"route_refs":["4"]},"geometry":{"type":"LineString","coordinates":[[77.2875506,28.6369889],[77.2918888,28.6391506],[77.2930343,28.6397505],[77.2939147,28.640389],[77.2952594,28.6414409],[77.2963765,28.6423175],[77.2994336,28.644684],[77.3029629,28.6474478],[77.3032928,28.6476525],[77.3036491,28.6478212]]}},{"type":"Feature","properties":{"way_id":52082179,"route_colors":["#4169e1"],"route_refs":["4"]},"geometry":{"type":"LineString","coordinates":[[77.3036491,28.6478212],[77.3045706,28.6482263],[77.305527,28.6484435],[77.30649,28.6485878],[77.3065846,28.648595],[77.3076246,28.6486721],[77.3089995,28.6487063],[77.3092885,28.6486926],[77.3094976,28.6486717],[77.3097158,28.64864],[77.310074,28.6485688],[77.3106537,28.6484173],[77.3111088,28.6483152],[77.3133454,28.6477563],[77.3141705,28.6475506],[77.3143364,28.6475032],[77.3146286,28.6474197],[77.3151338,28.6472654],[77.316053,28.6468919],[77.3168523,28.6464705],[77.3176304,28.6460181],[77.3179152,28.6458525],[77.318206,28.6456908],[77.3184745,28.6455673],[77.3187469,28.6454636],[77.3190551,28.6453716],[77.3192948,28.6453162],[77.3195368,28.6452797],[77.3198197,28.6452531],[77.3200478,28.6452494],[77.3228091,28.6453546],[77.3243389,28.6454076],[77.3282075,28.6456521],[77.3319024,28.6458766],[77.3323387,28.6459151],[77.3326814,28.6459619],[77.3329552,28.6460223],[77.3332326,28.6461027],[77.3335194,28.6462029],[77.3337214,28.6462898],[77.3339122,28.6463816],[77.3342344,28.6465631],[77.3358605,28.6475431],[77.3378985,28.6488066],[77.3380301,28.6488864],[77.3388028,28.6493496],[77.3395056,28.6497651]]}},{"type":"Feature","properties":{"way_id":610024031,"route_colors":["#4169e1"],"route_refs":["4"]},"geometry":{"type":"LineString","coordinates":[[77.3395334,28.6497244],[77.3388308,28.649313],[77.3387203,28.6492474],[77.3372567,28.6483649],[77.3358947,28.6475147],[77.3342612,28.6465286],[77.3339363,28.646346],[77.3337382,28.646251],[77.3335419,28.6461658],[77.3332422,28.6460613],[77.3329749,28.6459856],[77.3326884,28.6459221],[77.332344,28.645871],[77.3319108,28.6458358],[77.3282049,28.6456108],[77.3243403,28.645366],[77.3228173,28.6453154],[77.3200499,28.6452079],[77.3198163,28.645212],[77.3195356,28.645236],[77.319289,28.6452727],[77.3190447,28.6453321],[77.3187261,28.6454262],[77.3184555,28.6455292],[77.318182,28.6456531],[77.3178949,28.6458115],[77.31715,28.6462457],[77.3168241,28.6464356],[77.3160332,28.646841],[77.3151175,28.6472224],[77.3148096,28.6473225],[77.314136,28.6475145],[77.3133198,28.6477211],[77.3110887,28.6482767],[77.3106456,28.6483762],[77.3100639,28.6485275],[77.309723,28.6485982],[77.3094836,28.6486329],[77.3092774,28.6486508],[77.3090023,28.6486626],[77.3076312,28.6486304],[77.3065003,28.6485174],[77.305544,28.6483741],[77.3045957,28.6481587],[77.3036832,28.6477567]]}},{"type":"Feature","properties":{"way_id":1157845532,"route_colors":["#4169e1"],"route_refs":["4"]},"geometry":{"type":"LineString","coordinates":[[77.3036832,28.6477567],[77.3033355,28.6475921],[77.3030133,28.6473922],[77.3009913,28.6458087],[77.2994873,28.6446309],[77.2983256,28.6437321],[77.2964302,28.6422644],[77.2953132,28.641388],[77.2939674,28.6403351],[77.293081,28.6396923],[77.2919302,28.6390896],[77.2875924,28.6369491]]}},{"type":"Feature","properties":{"way_id":1157845530,"route_colors":["#4169e1"],"route_refs":["4"]},"geometry":{"type":"LineString","coordinates":[[77.2875924,28.6369491],[77.286776,28.6365129],[77.2859173,28.6360542]]}},{"type":"Feature","properties":{"way_id":610024030,"route_colors":["#4169e1"],"route_refs":["4"]},"geometry":{"type":"LineString","coordinates":[[77.2859173,28.6360542],[77.2854534,28.635764],[77.2823985,28.6336659],[77.2775503,28.6305657],[77.2765777,28.6299226],[77.2757698,28.6293923],[77.2748942,28.6288079],[77.2747189,28.6286808],[77.2745446,28.6285438],[77.2744213,28.6284343],[77.2743129,28.6283305],[77.2741638,28.6281734],[77.2740689,28.6280625],[77.2739077,28.6278568],[77.273811,28.6277232],[77.2735361,28.6272829],[77.2730832,28.6265659],[77.2730005,28.626426],[77.2728189,28.6261253],[77.2726589,28.625859],[77.2725408,28.6256683],[77.2724482,28.6255293],[77.2723645,28.6254135],[77.2722509,28.6252772],[77.272136,28.6251542]]}},{"type":"Feature","properties":{"way_id":1178262034,"route_colors":["#4169e1"],"route_refs":["4"]},"geometry":{"type":"LineString","coordinates":[[77.272136,28.6251542],[77.272027,28.6250377],[77.271895,28.624923],[77.271781,28.6248305],[77.2716679,28.6247478],[77.2715088,28.6246341],[77.2713296,28.6245314],[77.2711996,28.6244613],[77.2710389,28.6243853],[77.2708931,28.6243256],[77.2707335,28.6242648],[77.2706093,28.6242186]]}},{"type":"Feature","properties":{"way_id":695932025,"route_colors":["#4169e1"],"route_refs":["4"]},"geometry":{"type":"LineString","coordinates":[[77.2706093,28.6242186],[77.2696794,28.623889]]}},{"type":"Feature","properties":{"way_id":139071669,"route_colors":["#4169e1"],"route_refs":["4"]},"geometry":{"type":"LineString","coordinates":[[77.2696794,28.623889],[77.2689119,28.6236085]]}},{"type":"Feature","properties":{"way_id":1187375097,"route_colors":["#4169e1"],"route_refs":["4"]},"geometry":{"type":"LineString","coordinates":[[77.2689119,28.6236085],[77.2687625,28.6235549]]}},{"type":"Feature","properties":{"way_id":695938515,"route_colors":["#4169e1"],"route_refs":["4"]},"geometry":{"type":"LineString","coordinates":[[77.2687625,28.6235549],[77.2677362,28.6231869]]}},{"type":"Feature","properties":{"way_id":642636563,"route_colors":["#fc8eac"],"route_refs":["7"]},"geometry":{"type":"LineString","coordinates":[[77.2792351,28.6912174],[77.2792921,28.6913285],[77.2796874,28.6920926],[77.2800057,28.6927016],[77.280287,28.6932396],[77.2804427,28.6935375],[77.2806621,28.6939893],[77.2810439,28.6947982],[77.2814739,28.6956178],[77.2815871,28.6958104],[77.2817071,28.6959929],[77.2818669,28.6962066],[77.2820395,28.696409],[77.2823891,28.6967964],[77.2825284,28.6969668],[77.2826551,28.6971312],[77.2828378,28.6974067],[77.2829056,28.6975272],[77.2832895,28.6982535],[77.2838911,28.6992342],[77.2849023,28.7006999],[77.2861306,28.702422],[77.2877374,28.7048688],[77.2887325,28.7064215],[77.2890946,28.7070731],[77.2902668,28.7093339],[77.2906342,28.7099644],[77.2908032,28.7103831],[77.2908488,28.7108183],[77.2908193,28.71111],[77.2906986,28.7115193],[77.2903821,28.7122956],[77.2901557,28.7128868],[77.290024,28.7135742],[77.2899395,28.7142599],[77.289843,28.7153643],[77.2896445,28.7185458],[77.2895169,28.7206472],[77.2894569,28.7214306],[77.2894018,28.7224653],[77.2892655,28.724851]]}},{"type":"Feature","properties":{"way_id":1184476776,"route_colors":["#fc8eac"],"route_refs":["7"]},"geometry":{"type":"LineString","coordinates":[[77.2789916,28.690841],[77.2791096,28.6910233],[77.2792351,28.6912174]]}},{"type":"Feature","properties":{"way_id":1184476788,"route_colors":["#fc8eac"],"route_refs":["7"]},"geometry":{"type":"LineString","coordinates":[[77.2788235,28.6905205],[77.2789916,28.690841]]}},{"type":"Feature","properties":{"way_id":1184476778,"route_colors":["#fc8eac"],"route_refs":["7"]},"geometry":{"type":"LineString","coordinates":[[77.2788235,28.6905205],[77.27863,28.690203]]}},{"type":"Feature","properties":{"way_id":1184476785,"route_colors":["#fc8eac"],"route_refs":["7"]},"geometry":{"type":"LineString","coordinates":[[77.2784539,28.6898629],[77.27863,28.690203]]}},{"type":"Feature","properties":{"way_id":1055611602,"route_colors":["#fc8eac"],"route_refs":["7"]},"geometry":{"type":"LineString","coordinates":[[77.3056169,28.6500712],[77.305389,28.6503522],[77.30507,28.6507064],[77.3046371,28.6511311],[77.3037885,28.6519673],[77.3029212,28.6528378],[77.3020795,28.6537048],[77.3013731,28.6544175],[77.3010929,28.6545928],[77.3007739,28.6547587],[77.3004509,28.6548657],[77.3000501,28.654934],[77.2997109,28.6549187],[77.2995219,28.6549104],[77.2991492,28.6548352],[77.298624,28.6546294],[77.2974067,28.6540976],[77.2969054,28.6539024],[77.2957875,28.6536459],[77.2947894,28.6534676],[77.2943995,28.6534265],[77.2940187,28.6534459],[77.2935444,28.6535497],[77.2930791,28.6537516],[77.2927349,28.6539588],[77.2925646,28.6541008],[77.292414,28.6542533],[77.2922905,28.6544071],[77.2922021,28.6545394],[77.2921077,28.654702],[77.2920245,28.6548688],[77.2917299,28.655603],[77.2916339,28.6558218],[77.2915399,28.6560047],[77.2914502,28.6561562],[77.2913171,28.6563479],[77.290163,28.6577953],[77.2893439,28.6588767],[77.288587,28.6599425],[77.2857962,28.6634694],[77.2853021,28.6640945],[77.2848598,28.6646856],[77.2841512,28.6656389],[77.284041,28.6657797],[77.2839172,28.6659276],[77.2837436,28.6661113],[77.2820019,28.6678609],[77.2815959,28.66844],[77.2813145,28.6688763],[77.2811308,28.6693702],[77.2810061,28.6698501],[77.2808584,28.6707692],[77.2807767,28.6710938],[77.280609,28.6714089],[77.2804455,28.6716065],[77.2802726,28.6717865],[77.2800327,28.6719876],[77.2796734,28.6722486],[77.2793451,28.6723992],[77.278923,28.6725135],[77.2785886,28.6725679],[77.2782434,28.6725841],[77.2777761,28.6725612],[77.2769355,28.6724074],[77.2746955,28.6719802],[77.2733389,28.6717509],[77.2727894,28.6717568],[77.2723939,28.6718027],[77.271973,28.6719579],[77.2715682,28.672159],[77.271256,28.6724178],[77.2709328,28.6728011],[77.2708015,28.6730492],[77.2706741,28.6733774],[77.2705951,28.6738243],[77.2706273,28.6741736],[77.2706942,28.6744265],[77.2708913,28.6749368],[77.2721687,28.677343],[77.2727022,28.6783449],[77.2744583,28.6815977],[77.2746192,28.6819764],[77.2748723,28.6827111],[77.2753805,28.6842272],[77.2757291,28.6850574],[77.2764127,28.6864327],[77.2766504,28.6868785],[77.2768891,28.6873171],[77.2770344,28.6875673],[77.2771725,28.6877792],[77.2776872,28.6885215],[77.2778771,28.6888054],[77.2780036,28.689015],[77.2782125,28.6893964],[77.2784539,28.6898629]]}},{"type":"Feature","properties":{"way_id":915112330,"route_colors":["#fc8eac"],"route_refs":["7"]},"geometry":{"type":"LineString","coordinates":[[77.307597,28.6476158],[77.3074789,28.6477044],[77.3073662,28.6477985],[77.3072594,28.6478976],[77.3071588,28.6480017],[77.3069875,28.6481685],[77.3066182,28.6486066],[77.3065721,28.6486757],[77.3064171,28.6489077],[77.3061394,28.6493001],[77.3058595,28.6497194],[77.3058226,28.6497729],[77.3056169,28.6500712]]}},{"type":"Feature","properties":{"way_id":915112329,"route_colors":["#fc8eac"],"route_refs":["7"]},"geometry":{"type":"LineString","coordinates":[[77.3087888,28.6101217],[77.308766,28.6104173],[77.3086882,28.6107716],[77.3084951,28.6115051],[77.3084817,28.611843],[77.3085675,28.6122786],[77.3088799,28.6134349],[77.3092588,28.6148857],[77.3096861,28.6164797],[77.3097206,28.6166318],[77.3097451,28.6167854],[77.3097597,28.6169399],[77.3097642,28.617095],[77.3097587,28.61725],[77.3097432,28.6174044],[77.3097177,28.6175579],[77.3096822,28.6177098],[77.309637,28.6178597],[77.30958,28.6180126],[77.3095128,28.6181622],[77.3094357,28.618308],[77.3093489,28.6184496],[77.3092527,28.6185865],[77.3091476,28.6187182],[77.3090337,28.6188442],[77.3089117,28.6189641],[77.3087817,28.6190775],[77.3086444,28.6191839],[77.3085002,28.6192831],[77.3083496,28.6193746],[77.3081931,28.6194582],[77.3080312,28.6195335],[77.3078646,28.6196003],[77.3075985,28.6196841],[77.3072841,28.6197624],[77.3054199,28.6200969],[77.3046642,28.6202535],[77.3035841,28.6204664],[77.3034325,28.6205039],[77.3032841,28.6205498],[77.3031394,28.6206041],[77.302999,28.6206665],[77.3028634,28.6207368],[77.3027334,28.6208146],[77.3026093,28.6208997],[77.3024918,28.6209917],[77.3023814,28.6210901],[77.3022784,28.6211946],[77.3021834,28.6213047],[77.3020967,28.62142],[77.3020186,28.62154],[77.3019497,28.6216642],[77.3018885,28.6217957],[77.3018373,28.6219305],[77.3017965,28.6220679],[77.3017664,28.6222075],[77.3017468,28.6223485],[77.3017379,28.6224903],[77.3017399,28.6226323],[77.3017526,28.622774],[77.3017761,28.6229145],[77.30181,28.6230534],[77.3018545,28.62319],[77.3019093,28.6233236],[77.3019742,28.6234538],[77.3020486,28.6235799],[77.3021326,28.6237013],[77.3022255,28.6238176],[77.3023271,28.6239282],[77.3024368,28.6240326],[77.3025543,28.6241303],[77.3026788,28.624221],[77.30281,28.6243041],[77.3029473,28.6243795],[77.3030898,28.6244467],[77.3032372,28.6245052],[77.3037213,28.624683],[77.3044792,28.6249613],[77.3079628,28.6260837],[77.3082597,28.6261424],[77.3084351,28.6261616],[77.3086582,28.6261748],[77.3088885,28.6261628],[77.309821,28.6261358],[77.3099761,28.6261344],[77.3101309,28.6261418],[77.3102848,28.6261582],[77.3104371,28.6261835],[77.3105873,28.6262174],[77.3107345,28.6262599],[77.3108782,28.6263108],[77.3109986,28.6263634],[77.3111163,28.6264237],[77.3112406,28.6264965],[77.3113601,28.6265776],[77.3114839,28.6266692],[77.3115869,28.6267572],[77.3116845,28.6268494],[77.3117809,28.6269681],[77.3118604,28.6270731],[77.3119345,28.6271849],[77.3119901,28.6272819],[77.3120587,28.6274223],[77.3121148,28.6275603],[77.3121558,28.6277],[77.3121805,28.6278266],[77.3122016,28.6279689],[77.3122093,28.6281244],[77.3122068,28.628281],[77.3121846,28.6284545],[77.3121597,28.6285838],[77.3121161,28.6287296],[77.3118306,28.6294293],[77.3116603,28.6297839],[77.3116264,28.6298637],[77.3115199,28.6301138],[77.3113851,28.6304303],[77.3107603,28.6318977],[77.3099602,28.633702],[77.3098733,28.6338972],[77.3095279,28.6346849],[77.3094763,28.6348132],[77.3094357,28.6349367],[77.3094075,28.6350519],[77.3093864,28.6351792],[77.3093775,28.6352948],[77.3093739,28.6354211],[77.3093821,28.6355627],[77.3093995,28.6356867],[77.3094292,28.6358125],[77.3094636,28.63593],[77.3095047,28.6360377],[77.3095581,28.6361576],[77.3096159,28.6362538],[77.3096923,28.6363682],[77.3097749,28.6364755],[77.3098867,28.6365894],[77.3099722,28.6366748],[77.310115,28.6367834],[77.310262,28.6368843],[77.3104467,28.6369861],[77.3107424,28.6371054],[77.3109056,28.6371483],[77.3110657,28.6371715],[77.3112316,28.6371883],[77.3113934,28.6371958],[77.3116745,28.6371916],[77.3119606,28.6371842],[77.3122215,28.6371943],[77.3124428,28.6372216],[77.3126719,28.6372629],[77.3128707,28.6373175],[77.3131981,28.6374183],[77.3135788,28.6376101],[77.3139125,28.6378489],[77.3142249,28.6381771],[77.3144139,28.6384984],[77.31468,28.6390553],[77.3149042,28.6397524],[77.3151709,28.6404206],[77.3154337,28.6407666],[77.3157108,28.6410762],[77.315996,28.6414307],[77.3162592,28.6417938],[77.3165343,28.6424478],[77.3170019,28.6439093],[77.3171943,28.6445517],[77.3172049,28.6446719],[77.3172064,28.6447926],[77.3171987,28.6449129],[77.3171819,28.6450327],[77.3171561,28.6451511],[77.3171213,28.6452677],[77.3170779,28.6453822],[77.3170258,28.6454938],[77.3169654,28.6456022],[77.316897,28.6457067],[77.3168222,28.6458053],[77.3167402,28.6458994],[77.3166514,28.6459886],[77.3165561,28.6460725],[77.3164549,28.6461508],[77.316348,28.6462232],[77.316236,28.6462891],[77.3158311,28.6465209],[77.3154068,28.6467137],[77.3150027,28.6468973],[77.3140963,28.6472828],[77.3139535,28.647343],[77.3138075,28.647397],[77.3136585,28.6474446],[77.3135072,28.6474858],[77.3133302,28.6475252],[77.313151,28.6475557],[77.3129701,28.6475773],[77.3127882,28.64759],[77.3126056,28.6475935],[77.3124231,28.6475881],[77.3122413,28.6475736],[77.3119413,28.6475287],[77.310831,28.6472871],[77.3098725,28.6470744],[77.309711,28.6470568],[77.3095487,28.6470472],[77.309386,28.6470456],[77.3092233,28.6470519],[77.3090614,28.6470662],[77.3089006,28.6470882],[77.3087416,28.6471182],[77.3085845,28.647156],[77.3084302,28.6472013],[77.3082791,28.6472542],[77.3081315,28.6473142],[77.3079878,28.6473815],[77.3078488,28.6474557],[77.3077205,28.6475328],[77.307597,28.6476158]]}},{"type":"Feature","properties":{"way_id":659570769,"route_colors":["#fc8eac"],"route_refs":["7"]},"geometry":{"type":"LineString","coordinates":[[77.2987117,28.6058327],[77.3001252,28.6062658],[77.3020645,28.6068522],[77.3035544,28.6072902],[77.3050243,28.6077305],[77.3068227,28.6082686],[77.3076314,28.6085252],[77.3081062,28.6087772],[77.3084119,28.6090103],[77.308542,28.6091504],[77.3086279,28.6093],[77.3086895,28.609506],[77.3087512,28.609911],[77.3087888,28.6101217]]}},{"type":"Feature","properties":{"way_id":661827634,"route_colors":["#fc8eac"],"route_refs":["7"]},"geometry":{"type":"LineString","coordinates":[[77.298042,28.6056313],[77.2987117,28.6058327]]}},{"type":"Feature","properties":{"way_id":364896924,"route_colors":["#fc8eac"],"route_refs":["7"]},"geometry":{"type":"LineString","coordinates":[[77.2582855,28.5968886],[77.2585778,28.5973078],[77.2587575,28.5975351],[77.2589292,28.5977176],[77.2593369,28.5980567],[77.2595756,28.5982451],[77.2600021,28.5984947],[77.2603669,28.5986772],[77.2612493,28.5990634],[77.2639718,28.6002857],[77.2665118,28.6014372],[77.2682163,28.6021978],[77.2699397,28.6029879],[77.2724797,28.60413],[77.2735432,28.6045904],[77.2741387,28.6047717],[77.2745759,28.60488],[77.275052,28.6049613],[77.275469,28.6050107],[77.2759237,28.6050343],[77.2763394,28.605039],[77.2769563,28.6049919],[77.2776711,28.6048989],[77.2783484,28.604714],[77.2826131,28.6032905],[77.2845201,28.6026465],[77.2851947,28.6024357],[77.2857151,28.6023321],[77.2861026,28.6022956],[77.2865707,28.6022779],[77.2870012,28.6023015],[77.2875592,28.6023767],[77.2880982,28.6024993],[77.2887366,28.6027183],[77.2895858,28.603063],[77.2898273,28.6031546],[77.2899532,28.6032068],[77.2900844,28.6032567],[77.2903425,28.6033648],[77.2906188,28.6034823],[77.290655,28.603497],[77.2909515,28.6036173],[77.2917782,28.6039369],[77.2922275,28.6040959],[77.2926285,28.6041948],[77.2931367,28.6042737],[77.2937832,28.604362],[77.29412,28.6044522],[77.2942445,28.6044856],[77.29635,28.6051226],[77.298042,28.6056313]]}},{"type":"Feature","properties":{"way_id":473617055,"route_colors":["#fc8eac"],"route_refs":["7"]},"geometry":{"type":"LineString","coordinates":[[77.2574649,28.5953817],[77.2577249,28.5958819],[77.2581245,28.5965707],[77.2582855,28.5968886]]}},{"type":"Feature","properties":{"way_id":615615095,"route_colors":["#fc8eac"],"route_refs":["7"]},"geometry":{"type":"LineString","coordinates":[[77.2390387,28.5692321],[77.240698,28.5687525],[77.2470648,28.5659273],[77.2483795,28.5657678],[77.2487352,28.5657942],[77.2508441,28.5659507],[77.251647,28.5662019],[77.2526501,28.5667272],[77.2534915,28.5673815],[77.2545188,28.5684021],[77.2581218,28.5720033],[77.2586293,28.572406],[77.2593015,28.572877],[77.2599385,28.5735554],[77.2605581,28.574335],[77.2606573,28.5746978],[77.2603854,28.5753358],[77.260047,28.576837],[77.259169,28.5806198],[77.2573864,28.5883001],[77.2572811,28.5887539],[77.2571162,28.5898331],[77.2569458,28.592568],[77.2569949,28.5939319],[77.2574649,28.5953817]]}},{"type":"Feature","properties":{"way_id":279102625,"route_colors":["#fc8eac"],"route_refs":["7"]},"geometry":{"type":"LineString","coordinates":[[77.181576,28.5711696],[77.181902,28.571004],[77.1824017,28.5707696],[77.1828413,28.57063],[77.1843578,28.5703968],[77.1867363,28.5702863],[77.1878597,28.5702392],[77.1902881,28.5700504],[77.1928029,28.5706222],[77.1936864,28.5718636],[77.1945509,28.5745478],[77.1951771,28.5752638],[77.1963757,28.5757306],[77.1980768,28.5757936],[77.2006112,28.5758621],[77.2013663,28.5757176],[77.2030859,28.574957],[77.2050811,28.5740731],[77.2059166,28.5738859],[77.2066999,28.5737729],[77.2075791,28.573627],[77.2093526,28.573456],[77.2120389,28.5733796],[77.2141538,28.5723717],[77.2158428,28.5700898],[77.2163227,28.5697109],[77.2167276,28.5693913],[77.2174143,28.5688491],[77.2187468,28.5686325],[77.2205602,28.5685434],[77.2215167,28.568501],[77.2237759,28.5683211],[77.2250255,28.5687267],[77.230815,28.570606],[77.2341463,28.5710307],[77.2350922,28.5707403],[77.2358635,28.570541],[77.2370115,28.5700617],[77.2376499,28.5697931],[77.2382659,28.5695405],[77.2390387,28.5692321]]}},{"type":"Feature","properties":{"way_id":1284144252,"route_colors":["#fc8eac"],"route_refs":["7"]},"geometry":{"type":"LineString","coordinates":[[77.1784944,28.5742735],[77.1787835,28.5737864],[77.1790926,28.5733325],[77.1793381,28.5730231],[77.1795908,28.5727325],[77.1800505,28.5722776],[77.1803773,28.5719907],[77.1807498,28.5717082],[77.1809812,28.5715431],[77.1812309,28.5713762],[77.181576,28.5711696]]}},{"type":"Feature","properties":{"way_id":570756009,"route_colors":["#fc8eac"],"route_refs":["7"]},"geometry":{"type":"LineString","coordinates":[[77.1707642,28.5872478],[77.1711402,28.5866962],[77.1714258,28.586286],[77.171725,28.5858417],[77.1718422,28.5856541],[77.1720716,28.5852614],[77.1728131,28.5841559],[77.1729591,28.5839064],[77.1732431,28.5834087],[77.1739513,28.5821784],[77.1740588,28.5819819],[77.1742192,28.5816565],[77.1743065,28.5814603],[77.1746817,28.5805515],[77.1748854,28.5800546],[77.1750005,28.5798036],[77.1751607,28.5795033],[77.1757091,28.5785245],[77.1764264,28.5772734],[77.1770666,28.5763122],[77.177678,28.5755398],[77.1784944,28.5742735]]}},{"type":"Feature","properties":{"way_id":583105623,"route_colors":["#fc8eac"],"route_refs":["7"]},"geometry":{"type":"LineString","coordinates":[[77.1694377,28.5892816],[77.1699183,28.5885446],[77.1701521,28.5881641],[77.1704489,28.5877581],[77.1707642,28.5872478]]}},{"type":"Feature","properties":{"way_id":897488854,"route_colors":["#fc8eac"],"route_refs":["7"]},"geometry":{"type":"LineString","coordinates":[[77.1663319,28.5934325],[77.1665288,28.593175],[77.1667691,28.5928755],[77.1670464,28.5924126],[77.1677062,28.5916841],[77.1682976,28.5909936],[77.168672,28.5904749],[77.1688881,28.590099],[77.1694042,28.5893315],[77.1694377,28.5892816]]}},{"type":"Feature","properties":{"way_id":897488855,"route_colors":["#fc8eac"],"route_refs":["7"]},"geometry":{"type":"LineString","coordinates":[[77.1647837,28.5956578],[77.1653662,28.5947238],[77.1663319,28.5934325]]}},{"type":"Feature","properties":{"way_id":279102627,"route_colors":["#fc8eac"],"route_refs":["7"]},"geometry":{"type":"LineString","coordinates":[[77.1378622,28.6118302],[77.1381985,28.6114003],[77.1392165,28.6101815],[77.1399348,28.6091521],[77.1403775,28.6085995],[77.1407632,28.6081169],[77.1414945,28.6073687],[77.1421958,28.6067923],[77.1426623,28.6064603],[77.1435416,28.6060051],[77.1445963,28.6056597],[77.1459015,28.6054325],[77.1482317,28.6050972],[77.1500095,28.6047917],[77.1535818,28.6042684],[77.1552979,28.6040056],[77.1560694,28.6038538],[77.1565616,28.6036903],[77.1570272,28.6034217],[77.157832,28.6028202],[77.1586103,28.6022654],[77.159282,28.6017457],[77.1607331,28.6006468],[77.1624149,28.5991119],[77.1632793,28.5983268],[77.1636002,28.5977506],[77.1642287,28.5966307],[77.1647837,28.5956578]]}},{"type":"Feature","properties":{"way_id":570756008,"route_colors":["#fc8eac"],"route_refs":["7"]},"geometry":{"type":"LineString","coordinates":[[77.1339096,28.6281676],[77.1344028,28.6270749],[77.1348095,28.6265881],[77.135167,28.6263338],[77.1354135,28.6261012],[77.1364134,28.6243731],[77.1369616,28.6229373],[77.1371323,28.6222887],[77.1371568,28.6217167],[77.1370639,28.6208951],[77.1370522,28.6205131],[77.1370455,28.6202946],[77.1368846,28.6166287],[77.1368202,28.6159365],[77.1365306,28.6150182],[77.1364608,28.6143683],[77.1366793,28.6134876],[77.1369792,28.6129482],[77.1373568,28.6124869],[77.1378622,28.6118302]]}},{"type":"Feature","properties":{"way_id":279102623,"route_colors":["#fc8eac"],"route_refs":["7"]},"geometry":{"type":"LineString","coordinates":[[77.1329219,28.6309777],[77.1334637,28.6295556],[77.1337217,28.6286772],[77.1339096,28.6281676]]}},{"type":"Feature","properties":{"way_id":364896925,"route_colors":["#fc8eac"],"route_refs":["7"]},"geometry":{"type":"LineString","coordinates":[[77.1272304,28.6580809],[77.1267352,28.6574267],[77.1261899,28.6568292],[77.1249651,28.6557138],[77.1244861,28.6552343],[77.1241167,28.6546895],[77.1238958,28.6541471],[77.1237391,28.6534879],[77.1237275,28.6531035],[77.1237804,28.652492],[77.1239412,28.6517469],[77.1242237,28.6511757],[77.1250439,28.6495638],[77.1255801,28.6485072],[77.1260128,28.6472937],[77.1274631,28.6436707],[77.1279335,28.6424633],[77.1285634,28.6407043],[77.1291695,28.639123],[77.129308,28.6386528],[77.1297013,28.6371662],[77.1302274,28.6354462],[77.1306652,28.6343599],[77.1308083,28.6340935],[77.1311036,28.6336385],[77.1317271,28.6329184],[77.1322708,28.6322142],[77.1326264,28.6316691],[77.1329219,28.6309777]]}},{"type":"Feature","properties":{"way_id":1183769463,"route_colors":["#fc8eac"],"route_refs":["7"]},"geometry":{"type":"LineString","coordinates":[[77.1531665,28.6920095],[77.1528191,28.6900728],[77.1525925,28.6889568],[77.1525306,28.6886331],[77.152478,28.6884311],[77.1524205,28.6882681],[77.1523492,28.6881071],[77.1522513,28.6879362],[77.1521085,28.6877293],[77.1519572,28.6875531],[77.1518161,28.6874085],[77.1516904,28.6872991],[77.1515588,28.6871975],[77.1512594,28.6869944],[77.1509058,28.6867601],[77.1507079,28.686639],[77.1500407,28.6862528],[77.1497692,28.686096],[77.1494753,28.6859099],[77.1492464,28.6857548],[77.1490049,28.6855821],[77.1487572,28.6853964],[77.1480105,28.6848275],[77.1479305,28.6847665],[77.1474845,28.6844235],[77.1460841,28.6834872],[77.1458598,28.6833259],[77.1456447,28.6831599],[77.1452578,28.6828586],[77.1443216,28.6820914],[77.1434757,28.6814153],[77.1432931,28.6812797],[77.1430645,28.6811222],[77.1426842,28.6808618],[77.1424719,28.6807054],[77.1423082,28.6805711],[77.1421455,28.6804168],[77.1420619,28.680329],[77.1419631,28.6802154],[77.1418547,28.6800789],[77.1417821,28.6799803],[77.1416982,28.679854],[77.1416249,28.6797378],[77.1415706,28.6796431],[77.1415233,28.6795516],[77.1414459,28.6793729],[77.1413389,28.6790847],[77.1410624,28.67829],[77.1407946,28.6775252],[77.1404697,28.6766286],[77.1402269,28.676033],[77.1398824,28.6752167],[77.139591,28.6743621],[77.1391646,28.672777],[77.1389109,28.6719308],[77.1387725,28.6714559],[77.1386389,28.6710589],[77.1384576,28.6706562],[77.138224,28.6702607],[77.1376744,28.6695941],[77.1360016,28.6682472],[77.1336847,28.6662982],[77.1312922,28.6642485],[77.1299777,28.6630699],[77.1294751,28.6625023],[77.1291025,28.6619098],[77.1277683,28.6589928],[77.1275212,28.658539],[77.1272304,28.6580809]]}},{"type":"Feature","properties":{"way_id":364876206,"route_colors":["#fc8eac"],"route_refs":["7"]},"geometry":{"type":"LineString","coordinates":[[77.1531665,28.6920095],[77.1542356,28.6947226],[77.1550299,28.6967751],[77.1562625,28.6990491],[77.1570957,28.6998063],[77.1573445,28.7000036],[77.157657,28.7001224],[77.1614738,28.7007948],[77.1645566,28.7016672],[77.1654294,28.701988],[77.1666745,28.7024085],[77.1682209,28.7028738],[77.1697329,28.703093],[77.1721262,28.7031937],[77.17439,28.7029867],[77.1765121,28.7032054],[77.1786386,28.7037113],[77.1807556,28.7047474],[77.181944,28.7058181],[77.183045,28.7068228],[77.1833888,28.7081835],[77.1830658,28.7095423],[77.1824763,28.7101556],[77.1805993,28.7115781],[77.1803228,28.7120523],[77.1803002,28.7123342],[77.1802222,28.7126987],[77.1802395,28.7131569],[77.1803415,28.7143005],[77.1804568,28.7154228],[77.1806714,28.7160063],[77.1809127,28.7164703]]}},{"type":"Feature","properties":{"way_id":1181404060,"route_colors":["#fc8eac"],"route_refs":["7"]},"geometry":{"type":"LineString","coordinates":[[77.1809127,28.7164703],[77.1812503,28.7170813],[77.1813435,28.7172673],[77.1814005,28.7174066],[77.1814828,28.7177575],[77.1815318,28.7181152]]}},{"type":"Feature","properties":{"way_id":364876211,"route_colors":["#fc8eac"],"route_refs":["7"]},"geometry":{"type":"LineString","coordinates":[[77.1815318,28.7181152],[77.1815646,28.718693],[77.1816295,28.7202079]]}},{"type":"Feature","properties":{"way_id":1181440756,"route_colors":["#fc8eac"],"route_refs":["7"]},"geometry":{"type":"LineString","coordinates":[[77.1816295,28.7202079],[77.1816612,28.7209484]]}},{"type":"Feature","properties":{"way_id":631249188,"route_colors":["#fc8eac"],"route_refs":["7"]},"geometry":{"type":"LineString","coordinates":[[77.1816628,28.7213961],[77.1816672,28.7211082],[77.1816612,28.7209484]]}},{"type":"Feature","properties":{"way_id":661827638,"route_colors":["#fc8eac"],"route_refs":["7"]},"geometry":{"type":"LineString","coordinates":[[77.1818165,28.724605],[77.1816933,28.7228463],[77.1816734,28.7225406],[77.1816625,28.7222827],[77.1816642,28.7220109],[77.1816628,28.7213961]]}},{"type":"Feature","properties":{"way_id":1183304781,"route_colors":["#fc8eac"],"route_refs":["7"]},"geometry":{"type":"LineString","coordinates":[[77.1820437,28.7266447],[77.1820138,28.7264471],[77.1819367,28.7260408],[77.1818996,28.7258297],[77.181878,28.7256206],[77.1818713,28.7254624],[77.1818165,28.724605]]}},{"type":"Feature","properties":{"way_id":364876209,"route_colors":["#fc8eac"],"route_refs":["7"]},"geometry":{"type":"LineString","coordinates":[[77.1841328,28.7311062],[77.1839886,28.7310518],[77.1838523,28.7309916],[77.1836779,28.7308969],[77.1834836,28.7307781],[77.1833749,28.7306977],[77.1832594,28.7306054],[77.1831372,28.7305036],[77.1830144,28.7303801],[77.1829188,28.7302728],[77.1828457,28.7301823],[77.1827766,28.7300845],[77.1827298,28.7300161],[77.1826594,28.7299009],[77.1825851,28.7297731],[77.1825238,28.7296487],[77.1824736,28.7295278],[77.1824223,28.7293847],[77.1823841,28.7292514],[77.1823527,28.7291078],[77.1823327,28.7289819],[77.1823195,28.7288558],[77.1822994,28.7285177],[77.1822667,28.7279202],[77.1822345,28.727614],[77.1822018,28.7274258],[77.1820437,28.7266447]]}},{"type":"Feature","properties":{"way_id":1181394345,"route_colors":["#fc8eac"],"route_refs":["7"]},"geometry":{"type":"LineString","coordinates":[[77.1841328,28.7311062],[77.1844395,28.731197],[77.1847314,28.7312435],[77.1849909,28.7312533],[77.1852355,28.731237],[77.1855153,28.7311862],[77.1865372,28.7309275],[77.1873553,28.7307111],[77.1878998,28.7305629],[77.1916871,28.7296386],[77.1919204,28.7295868],[77.1921189,28.7295586],[77.1922906,28.7295445],[77.1924434,28.7295374],[77.1925883,28.7295351],[77.1929101,28.7295468],[77.1931837,28.7295727],[77.1934332,28.7296198],[77.1936504,28.7296762],[77.1938838,28.7297632],[77.1941359,28.7298667],[77.1944202,28.7299843],[77.1947582,28.7301066],[77.1952571,28.7302783],[77.1954448,28.7303301],[77.1956111,28.73037],[77.1958123,28.7304006],[77.1961717,28.7304288],[77.1965445,28.7304218],[77.196735,28.730403],[77.1971883,28.7303183],[77.1977488,28.7302054],[77.1984784,28.7300643],[77.1998366,28.7297981],[77.2003023,28.7297068],[77.2008173,28.7296009],[77.2013645,28.7294598],[77.2019197,28.7292858],[77.20244,28.7290905],[77.2029738,28.7288718],[77.2076542,28.7269808],[77.2081826,28.7267855],[77.2090383,28.7264939],[77.2136833,28.7249054],[77.2166781,28.7238813],[77.2177984,28.7235278],[77.2218208,28.7221433],[77.2223435,28.721958],[77.2228568,28.7217386],[77.2233554,28.7214802],[77.2239435,28.721169],[77.2248735,28.720677],[77.2253646,28.7203831],[77.2257964,28.7200613],[77.2264467,28.7195546],[77.2270484,28.7190371],[77.2272231,28.7188091],[77.2277704,28.7178592],[77.2278734,28.7175555],[77.2279291,28.7172798],[77.2279648,28.7168868],[77.2279358,28.7166307],[77.2278444,28.7162435],[77.227617,28.715522]]}},{"type":"Feature","properties":{"way_id":1181485297,"route_colors":["#fc8eac"],"route_refs":["7"]},"geometry":{"type":"LineString","coordinates":[[77.227617,28.715522],[77.2275354,28.7152675],[77.2270936,28.713572],[77.2269955,28.7131957],[77.2269212,28.7127458],[77.2268793,28.7123043],[77.2268954,28.7120779],[77.2270051,28.7116194],[77.2273375,28.7107166],[77.2275202,28.7102815],[77.227534,28.7102486],[77.2277168,28.7098134],[77.2280253,28.7092141],[77.2283905,28.7088317],[77.2289191,28.7085667],[77.2302506,28.7083549],[77.2324642,28.707867],[77.2332443,28.7076758],[77.2354839,28.7071395],[77.2362438,28.7069646],[77.2367299,28.706943],[77.2371576,28.7070262],[77.2377118,28.7072455],[77.2379822,28.7074115],[77.2382593,28.7076427],[77.2388743,28.7084015],[77.239165,28.7087097],[77.2394691,28.7089172],[77.2398679,28.7090595],[77.2403275,28.7091306],[77.2407983,28.7091439],[77.2413087,28.7091051],[77.242523,28.7087587],[77.244328,28.7082438],[77.2459543,28.7077967],[77.2475839,28.7073099],[77.2536362,28.705486],[77.2544827,28.7052201],[77.254836,28.7051091]]}},{"type":"Feature","properties":{"way_id":538930434,"route_colors":["#fc8eac"],"route_refs":["7"]},"geometry":{"type":"LineString","coordinates":[[77.254836,28.7051091],[77.2558725,28.7048285],[77.2571338,28.7045507],[77.2583912,28.7041731],[77.2588787,28.704045],[77.2604946,28.7037522],[77.2626441,28.70362],[77.2631282,28.7035902],[77.265879,28.7033712],[77.2686519,28.7031367],[77.2707856,28.7029503],[77.2759169,28.7025279],[77.2773077,28.7024004],[77.2786354,28.7022786],[77.2802876,28.7022749],[77.2809713,28.7022591],[77.2813042,28.7023223],[77.2817698,28.7023723],[77.2820268,28.7023756],[77.2823075,28.7023689],[77.2826131,28.7023303],[77.2832166,28.7021527],[77.2835425,28.7019892],[77.2838911,28.7016669],[77.2840655,28.7013587],[77.2841714,28.7008611],[77.2841674,28.7004094],[77.2840829,28.7000471],[77.2838952,28.6996706],[77.2834966,28.6991291],[77.2830585,28.6987947],[77.2826242,28.6982424],[77.2813121,28.6957428]]}},{"type":"Feature","properties":{"way_id":1184476784,"route_colors":["#fc8eac"],"route_refs":["7"]},"geometry":{"type":"LineString","coordinates":[[77.27863,28.690203],[77.27887,28.6907075],[77.2789678,28.690907],[77.2790943,28.6912016],[77.2791744,28.6913988],[77.2795273,28.6921488],[77.2798239,28.692779],[77.2801309,28.6933685],[77.2803309,28.6937525],[77.2805046,28.6940812],[77.2806268,28.6943424],[77.2808036,28.694747],[77.2809345,28.695011],[77.281097,28.6953171],[77.2813121,28.6957428]]}},{"type":"Feature","properties":{"way_id":1184476783,"route_colors":["#fc8eac"],"route_refs":["7"]},"geometry":{"type":"LineString","coordinates":[[77.2782336,28.6895243],[77.2786284,28.6902871],[77.2788427,28.69071],[77.2789579,28.6909506],[77.2791459,28.6914062],[77.2794982,28.6921542],[77.2797962,28.6927869],[77.2801051,28.693371],[77.2803052,28.6937531],[77.2804619,28.6940579],[77.2806035,28.6943552],[77.280778,28.6947516],[77.2809983,28.695183],[77.2812803,28.695764]]}},{"type":"Feature","properties":{"way_id":1339456774,"route_colors":["#fc8eac"],"route_refs":["7"]},"geometry":{"type":"LineString","coordinates":[[77.2548102,28.7050488],[77.2558594,28.7047872],[77.2571199,28.7045096],[77.2583763,28.7041323],[77.2588667,28.7040034],[77.2604879,28.7037096],[77.2626469,28.7035768],[77.2631242,28.7035475],[77.2658745,28.7033286],[77.2686471,28.703094],[77.2707809,28.7029077],[77.2759121,28.7024853],[77.2773051,28.7023575],[77.2786327,28.7022357],[77.2802869,28.7022321],[77.2809759,28.7022162],[77.2813123,28.7022801],[77.2817731,28.7023295],[77.2820265,28.7023327],[77.2823033,28.7023262],[77.2826017,28.7022885],[77.2831965,28.7021134],[77.283512,28.7019551],[77.2838507,28.7016421],[77.2840187,28.701345],[77.2841226,28.7008573],[77.2841186,28.7004139],[77.2840361,28.7000601],[77.283852,28.699691],[77.2834594,28.6991574],[77.2830218,28.6988235],[77.2825815,28.6982635],[77.2812803,28.695764]]}},{"type":"Feature","properties":{"way_id":1181485298,"route_colors":["#fc8eac"],"route_refs":["7"]},"geometry":{"type":"LineString","coordinates":[[77.2548102,28.7050488],[77.2544624,28.7051475],[77.2536053,28.7053907],[77.2453636,28.7078181],[77.2442784,28.7081284],[77.2424825,28.708631],[77.2412714,28.70897],[77.2407956,28.7090295],[77.2403475,28.7090354],[77.2398971,28.7089728],[77.2395248,28.7088477],[77.239226,28.7086502],[77.2389496,28.7083569],[77.2383298,28.7075962],[77.2380622,28.7073478],[77.2377523,28.7071738],[77.237215,28.7069567],[77.2367446,28.7068765],[77.2362295,28.7069059],[77.2354559,28.7070799],[77.2332285,28.7076196],[77.2324642,28.7078072],[77.2302399,28.7082907],[77.2288929,28.7084984],[77.2283494,28.7087606],[77.2278875,28.7091725],[77.2275925,28.7097786],[77.2274086,28.7102011],[77.2273984,28.7102246],[77.2272033,28.7106749],[77.2268443,28.7115803],[77.2267373,28.7120574],[77.2267284,28.7123077],[77.2267618,28.7127672],[77.22688,28.7132072],[77.2270383,28.7135885],[77.2274881,28.7152762],[77.2275663,28.7155342]]}},{"type":"Feature","properties":{"way_id":1181394346,"route_colors":["#fc8eac"],"route_refs":["7"]},"geometry":{"type":"LineString","coordinates":[[77.2275663,28.7155342],[77.2277915,28.7162577],[77.2278829,28.716637],[77.2279074,28.7168873],[77.2278717,28.7172745],[77.2278271,28.7175345],[77.227715,28.7178409],[77.2271732,28.7187775],[77.2269949,28.7190062],[77.2264018,28.7195224],[77.2257619,28.7200249],[77.2253294,28.7203417],[77.2248433,28.7206389],[77.2239258,28.7211303],[77.2233317,28.7214484],[77.2228345,28.7217006],[77.2223217,28.7219215],[77.2218022,28.7221034],[77.2177846,28.7234916],[77.2166571,28.7238429],[77.213673,28.7248603],[77.2090267,28.7264443],[77.2081711,28.7267407],[77.207632,28.726943],[77.2029408,28.7288317],[77.2024151,28.7290504],[77.2018947,28.7292433],[77.2013341,28.7294221],[77.2008004,28.7295585],[77.2002988,28.7296667],[77.1993105,28.7298591],[77.1977373,28.7301653],[77.1971713,28.7302805],[77.1967293,28.730359],[77.1965274,28.7303752],[77.1961608,28.7303766],[77.1958126,28.7303523],[77.1956247,28.7303266],[77.1954445,28.7302888],[77.1952765,28.7302415],[77.1945972,28.7300024],[77.19444,28.7299429],[77.194155,28.7298295],[77.193907,28.7297295],[77.1936713,28.7296444],[77.1934433,28.729585],[77.1931891,28.7295323],[77.1929149,28.7295012],[77.1925929,28.7294863],[77.1924389,28.729489],[77.1922771,28.7294944],[77.1921117,28.7295115],[77.1919191,28.7295421],[77.1916752,28.7295971],[77.1878835,28.7305236],[77.1873397,28.7306695],[77.186524,28.7308886],[77.1855073,28.7311486],[77.185228,28.7311967],[77.1849924,28.7312181],[77.1847337,28.7312069],[77.1844507,28.7311597],[77.1841405,28.7310641]]}},{"type":"Feature","properties":{"way_id":279102624,"route_colors":["#fc8eac"],"route_refs":["7"]},"geometry":{"type":"LineString","coordinates":[[77.1841405,28.7310641],[77.1840067,28.7310099],[77.1838755,28.7309529],[77.1837222,28.7308746],[77.1835967,28.7308031],[77.183478,28.7307173],[77.1833665,28.7306321],[77.1832428,28.7305317],[77.1831257,28.7304272],[77.1830239,28.7303211],[77.1829358,28.730219],[77.1828641,28.7301287],[77.1828004,28.7300335],[77.1827382,28.7299359],[77.1826617,28.7298112],[77.1826116,28.729716],[77.1825561,28.7295972],[77.1825011,28.7294628],[77.1824494,28.7293163],[77.1823987,28.7290921],[77.1823634,28.7288107],[77.182347,28.728516],[77.1823157,28.7279181],[77.1822613,28.7271636],[77.1822292,28.7266543],[77.1822238,28.7265627],[77.1821671,28.7257603],[77.1821583,28.7255925],[77.1821538,28.7254881],[77.182156,28.72537],[77.1821646,28.7252018],[77.1821669,28.7250956],[77.1821689,28.7249244]]}},{"type":"Feature","properties":{"way_id":1486693035,"route_colors":["#fc8eac"],"route_refs":["7"]},"geometry":{"type":"LineString","coordinates":[[77.1821689,28.7249244],[77.1821095,28.7240864]]}},{"type":"Feature","properties":{"way_id":661827631,"route_colors":["#fc8eac"],"route_refs":["7"]},"geometry":{"type":"LineString","coordinates":[[77.1821095,28.7240864],[77.182056,28.7232447],[77.1820151,28.7228186],[77.1819824,28.7225545],[77.1819304,28.7222819],[77.1818507,28.7218559]]}},{"type":"Feature","properties":{"way_id":1162457527,"route_colors":["#fc8eac"],"route_refs":["7"]},"geometry":{"type":"LineString","coordinates":[[77.1818507,28.7218559],[77.1818182,28.721691],[77.1817826,28.7215076],[77.1817554,28.7212886],[77.1817422,28.7211589],[77.1817318,28.7209416]]}},{"type":"Feature","properties":{"way_id":1181440755,"route_colors":["#fc8eac"],"route_refs":["7"]},"geometry":{"type":"LineString","coordinates":[[77.1817318,28.7209416],[77.1816964,28.7202039]]}},{"type":"Feature","properties":{"way_id":610024722,"route_colors":["#fc8eac"],"route_refs":["7"]},"geometry":{"type":"LineString","coordinates":[[77.1816964,28.7202039],[77.1816235,28.7186875],[77.1815726,28.7181119]]}},{"type":"Feature","properties":{"way_id":1181404061,"route_colors":["#fc8eac"],"route_refs":["7"]},"geometry":{"type":"LineString","coordinates":[[77.1815726,28.7181119],[77.1815258,28.7177561],[77.1814393,28.7174016],[77.1813572,28.7171934],[77.1812609,28.7169914],[77.180965,28.7164608]]}},{"type":"Feature","properties":{"way_id":610024723,"route_colors":["#fc8eac"],"route_refs":["7"]},"geometry":{"type":"LineString","coordinates":[[77.180965,28.7164608],[77.1807207,28.7159876],[77.1805255,28.7154106],[77.1804109,28.7142954],[77.180309,28.7131535],[77.180292,28.7127018],[77.1803902,28.7120709],[77.1806551,28.7116165],[77.182526,28.7101987],[77.1831304,28.7095699],[77.18346,28.7081831],[77.1831088,28.7067928],[77.1819941,28.7057756],[77.1807984,28.7046984],[77.1786651,28.7036543],[77.1765253,28.7031453],[77.1743905,28.7029252],[77.1721242,28.7031325],[77.1697403,28.7030322],[77.168238,28.7028144],[77.1666983,28.7023511],[77.1654554,28.7019313],[77.1651256,28.7018101],[77.1645808,28.7016099],[77.1614914,28.7007356],[77.1576779,28.7000638],[77.1573827,28.6999516],[77.1571442,28.6997624],[77.1563205,28.6990139],[77.1550945,28.6967521],[77.1543015,28.6947028],[77.1532343,28.6919947]]}},{"type":"Feature","properties":{"way_id":1183769464,"route_colors":["#fc8eac"],"route_refs":["7"]},"geometry":{"type":"LineString","coordinates":[[77.1532343,28.6919947],[77.1528878,28.6900627],[77.1526388,28.6889484],[77.1525268,28.6884221],[77.1524785,28.6882748],[77.1524225,28.6881343],[77.1523445,28.6879778],[77.1522496,28.6878208],[77.1521294,28.6876522],[77.1520075,28.6875071],[77.1518949,28.6873862],[77.1517577,28.6872608],[77.1512688,28.6868796],[77.1511505,28.6867922],[77.1508534,28.6865625],[77.1504473,28.6862498],[77.1500611,28.6859524],[77.1498593,28.6858077],[77.1496639,28.6856756],[77.1494445,28.685532],[77.1492699,28.6854239],[77.1487956,28.6851507],[77.1482644,28.6848431],[77.1477797,28.6845202],[77.1475594,28.684363],[77.1472848,28.6841778],[77.1470079,28.684001],[77.1466238,28.6837662],[77.1461245,28.6834454],[77.1459055,28.6832931],[77.1455182,28.6830068],[77.145281,28.6828242],[77.144356,28.6820664],[77.1435196,28.6813993],[77.1433156,28.6812482],[77.1431034,28.6811019],[77.1427102,28.6808318],[77.1425015,28.6806803],[77.142349,28.6805538],[77.1422056,28.6804214],[77.1420938,28.6803073],[77.1419969,28.6802014],[77.1418841,28.6800586],[77.1418318,28.6799851],[77.1417175,28.6798185],[77.1416613,28.6797256],[77.1416074,28.679632],[77.1415628,28.6795445],[77.1414806,28.6793636],[77.1413802,28.6790717],[77.1410993,28.6782808],[77.1408338,28.6775143],[77.1405354,28.6766084],[77.1402798,28.6760121],[77.1399241,28.6751979],[77.139645,28.6743456],[77.1392217,28.6727635],[77.1389782,28.6719151],[77.1388396,28.6714397],[77.1387048,28.671039],[77.1385211,28.6706309],[77.1382834,28.6702286],[77.1377267,28.6695533],[77.1360492,28.6682026],[77.1337331,28.6662543],[77.1313414,28.6642053],[77.1300302,28.6630297],[77.1295334,28.6624686],[77.1291655,28.6618836],[77.1278321,28.6589682],[77.1275831,28.6585109],[77.1272899,28.6580491]]}},{"type":"Feature","properties":{"way_id":610024725,"route_colors":["#fc8eac"],"route_refs":["7"]},"geometry":{"type":"LineString","coordinates":[[77.1272899,28.6580491],[77.1267915,28.6573906],[77.1262423,28.6567888],[77.1250164,28.6556724],[77.1245427,28.6551982],[77.12418,28.6546634],[77.123963,28.6541305],[77.1238085,28.6534808],[77.1237972,28.653105],[77.1238495,28.6525],[77.1240082,28.651765],[77.1242874,28.6512003],[77.1251075,28.6495887],[77.1256454,28.6485288],[77.1260789,28.647313],[77.1275289,28.6436907],[77.1279997,28.6424824],[77.1286296,28.6407232],[77.1292363,28.6391404],[77.1293756,28.6386674],[77.1297689,28.637181],[77.130294,28.6354643],[77.1307297,28.6343832],[77.1308701,28.6341217],[77.1311618,28.6336723],[77.1317837,28.6329541],[77.1323299,28.6322466],[77.1326896,28.6316952],[77.1329875,28.6309981]]}},{"type":"Feature","properties":{"way_id":610024727,"route_colors":["#fc8eac"],"route_refs":["7"]},"geometry":{"type":"LineString","coordinates":[[77.1329875,28.6309981],[77.1335305,28.6295729],[77.1337886,28.6286943],[77.1339752,28.6281883]]}},{"type":"Feature","properties":{"way_id":610024728,"route_colors":["#fc8eac"],"route_refs":["7"]},"geometry":{"type":"LineString","coordinates":[[77.1339752,28.6281883],[77.1344642,28.6271047],[77.1348603,28.6266306],[77.1352146,28.6263786],[77.1354712,28.6261365],[77.1364778,28.6243968],[77.1370287,28.6229539],[77.1372016,28.6222968],[77.1372266,28.6217148],[77.1371334,28.6208913],[77.1371136,28.6204816],[77.1371151,28.6202926],[77.1369541,28.616625],[77.1368891,28.6159258],[77.1365993,28.6150071],[77.1365311,28.614372],[77.1367456,28.6135078],[77.1370392,28.6129797],[77.1374139,28.6125219],[77.1379198,28.6118646]]}},{"type":"Feature","properties":{"way_id":610024730,"route_colors":["#fc8eac"],"route_refs":["7"]},"geometry":{"type":"LineString","coordinates":[[77.1379198,28.6118646],[77.1382553,28.6114357],[77.1392733,28.6102168],[77.1399972,28.6091881],[77.1404465,28.6086427],[77.140828,28.60815],[77.1415467,28.6074096],[77.1422416,28.6068384],[77.1427014,28.6065111],[77.1435716,28.6060604],[77.1446162,28.6057186],[77.1459139,28.6054927],[77.148244,28.6051574],[77.1500219,28.6048519],[77.1535935,28.6043287],[77.1553115,28.6040656],[77.1560894,28.6039125],[77.1565934,28.6037451],[77.157069,28.6034707],[77.1578765,28.6028672],[77.1586553,28.6023121],[77.1593273,28.6017921],[77.160781,28.6006914],[77.1624638,28.5991555],[77.1633327,28.5983668],[77.1636608,28.5977809],[77.1642912,28.5966577],[77.1648455,28.595686]]}},{"type":"Feature","properties":{"way_id":897488857,"route_colors":["#fc8eac"],"route_refs":["7"]},"geometry":{"type":"LineString","coordinates":[[77.1648455,28.595686],[77.1654267,28.5947541],[77.1663717,28.5934498]]}},{"type":"Feature","properties":{"way_id":897488856,"route_colors":["#fc8eac"],"route_refs":["7"]},"geometry":{"type":"LineString","coordinates":[[77.1663717,28.5934498],[77.1665761,28.5931975],[77.1668129,28.5928945],[77.1677419,28.5917042],[77.1683371,28.5910164],[77.1687134,28.5904857],[77.1694772,28.5893006]]}},{"type":"Feature","properties":{"way_id":610024733,"route_colors":["#fc8eac"],"route_refs":["7"]},"geometry":{"type":"LineString","coordinates":[[77.1694772,28.5893006],[77.1699566,28.5885625],[77.1701786,28.5882034],[77.170488,28.5877753],[77.1708042,28.5872674]]}},{"type":"Feature","properties":{"way_id":610024734,"route_colors":["#fc8eac"],"route_refs":["7"]},"geometry":{"type":"LineString","coordinates":[[77.1708042,28.5872674],[77.1711777,28.5867176],[77.1714665,28.5863053],[77.1717668,28.5858572],[77.1718808,28.5856744],[77.1721146,28.5852758],[77.1728547,28.5841693],[77.1729996,28.5839162],[77.1732839,28.5834248],[77.1739906,28.5821916],[77.1740957,28.5820006],[77.1742591,28.5816671],[77.1743487,28.5814701],[77.1747212,28.5805646],[77.1749307,28.5800649],[77.1750424,28.5798226],[77.1752044,28.5795122],[77.175752,28.5785426],[77.1764876,28.5773026],[77.1771253,28.5763451],[77.1777366,28.5755729],[77.1785332,28.574287]]}},{"type":"Feature","properties":{"way_id":1284144251,"route_colors":["#fc8eac"],"route_refs":["7"]},"geometry":{"type":"LineString","coordinates":[[77.1785332,28.574287],[77.1788298,28.5738025],[77.1791488,28.5733525],[77.179395,28.5730401],[77.1796328,28.5727574],[77.1800905,28.5723069],[77.1804197,28.5720207],[77.1807845,28.5717417],[77.1810145,28.5715843],[77.1812608,28.5714215],[77.1816084,28.5712173]]}},{"type":"Feature","properties":{"way_id":610024736,"route_colors":["#fc8eac"],"route_refs":["7"]},"geometry":{"type":"LineString","coordinates":[[77.1816084,28.5712173],[77.1819339,28.5710473],[77.1824256,28.5708191],[77.1828641,28.5706841],[77.1843731,28.5704389],[77.1867478,28.5703286],[77.1878724,28.5702814],[77.1902903,28.5700934],[77.1927666,28.5706565],[77.1936301,28.5718698],[77.1944955,28.5745569],[77.1951407,28.5752946],[77.1963676,28.5757724],[77.1980823,28.5758359],[77.2006256,28.5759047],[77.2013977,28.5757569],[77.2031253,28.5749928],[77.2051137,28.5741119],[77.2059389,28.573927],[77.2067974,28.5738018],[77.207014,28.5737837],[77.2075986,28.5736686],[77.2093655,28.5734982],[77.2120656,28.5734215],[77.2142105,28.5723992],[77.2159042,28.5701111],[77.2174543,28.5688873],[77.2187631,28.5686745],[77.2205719,28.5685857],[77.2215296,28.5685432],[77.2237745,28.5683645],[77.2263879,28.5692128],[77.2308057,28.5706468],[77.2341612,28.5710746],[77.2351215,28.5707797],[77.2358941,28.5705801],[77.2370946,28.5702242],[77.2383455,28.5696994],[77.2388793,28.5694844],[77.2391212,28.569387]]}},{"type":"Feature","properties":{"way_id":615615096,"route_colors":["#fc8eac"],"route_refs":["7"]},"geometry":{"type":"LineString","coordinates":[[77.2391212,28.569387],[77.2407277,28.5688079],[77.2470858,28.5659865],[77.2483814,28.5658293],[77.2493008,28.5658976],[77.2498114,28.5659354],[77.2508292,28.566011],[77.2516172,28.5662575],[77.2526088,28.5667768],[77.2534421,28.5674248],[77.2544589,28.5684397],[77.2580722,28.5720463],[77.2585842,28.5724526],[77.2588244,28.5726209],[77.2592524,28.5729208],[77.259883,28.5735924],[77.2604935,28.5743605],[77.2605846,28.5746939],[77.2603182,28.575319],[77.2599787,28.576825],[77.2591008,28.5806076],[77.2572124,28.5887437],[77.2570468,28.5898274],[77.2568761,28.5925673],[77.2569256,28.5939414],[77.257418,28.5953977]]}},{"type":"Feature","properties":{"way_id":610024737,"route_colors":["#fc8eac"],"route_refs":["7"]},"geometry":{"type":"LineString","coordinates":[[77.257418,28.5953977],[77.2576885,28.5958957],[77.2580892,28.5965878],[77.2582535,28.5969076]]}},{"type":"Feature","properties":{"way_id":610024739,"route_colors":["#fc8eac"],"route_refs":["7"]},"geometry":{"type":"LineString","coordinates":[[77.2582535,28.5969076],[77.2585198,28.5973417],[77.258702,28.5975721],[77.2588782,28.5977594],[77.2592897,28.5981016],[77.2595328,28.5982935],[77.2599655,28.5985468],[77.2603341,28.5987312],[77.2612179,28.599118],[77.26394,28.6003401],[77.2664801,28.6014916],[77.2681844,28.6022521],[77.2699077,28.6030422],[77.2724484,28.6041846],[77.2735163,28.6046469],[77.2741178,28.60483],[77.2745598,28.6049395],[77.2750407,28.6050216],[77.2754623,28.6050716],[77.2759212,28.6050954],[77.276342,28.6051002],[77.2769644,28.6050526],[77.2776866,28.6049587],[77.2783711,28.6047718],[77.282638,28.6033476],[77.2845443,28.6027038],[77.2852141,28.6024945],[77.2857266,28.6023925],[77.2861078,28.6023566],[77.28657,28.6023391],[77.2869947,28.6023624],[77.2872917,28.6023954],[77.2875583,28.602425],[77.2879318,28.6025204],[77.2880758,28.6025572],[77.2882919,28.6026314],[77.2887264,28.6027579],[77.2899029,28.6032348],[77.2899556,28.6032545],[77.2909229,28.603673],[77.2912864,28.6038135],[77.2917511,28.6039932],[77.2921779,28.6041443],[77.292205,28.6041539],[77.292613,28.6042545],[77.2931253,28.604334],[77.2937676,28.6044217],[77.294223,28.6045438],[77.2946497,28.6046729],[77.2963274,28.6051804],[77.2980169,28.6056884]]}},{"type":"Feature","properties":{"way_id":1183343998,"route_colors":["#fc8eac"],"route_refs":["7"]},"geometry":{"type":"LineString","coordinates":[[77.2980169,28.6056884],[77.2986889,28.6058905],[77.2992533,28.6060634]]}},{"type":"Feature","properties":{"way_id":659570768,"route_colors":["#fc8eac"],"route_refs":["7"]},"geometry":{"type":"LineString","coordinates":[[77.2992533,28.6060634],[77.299655,28.6061865],[77.3001024,28.6063236],[77.3018269,28.6068189],[77.3025255,28.6070285],[77.3041127,28.6075054],[77.305,28.6077606],[77.3067996,28.6083263],[77.3076013,28.6085806],[77.3080651,28.6088268],[77.3083617,28.609053],[77.3084832,28.6091839],[77.3085624,28.6093218],[77.3086211,28.6095179],[77.3086823,28.6099198],[77.3087188,28.6101244]]}},{"type":"Feature","properties":{"way_id":915112328,"route_colors":["#fc8eac"],"route_refs":["7"]},"geometry":{"type":"LineString","coordinates":[[77.3087188,28.6101244],[77.3086968,28.6104094],[77.3086201,28.6107589],[77.3084257,28.6114971],[77.3084119,28.6118472],[77.3084992,28.6122909],[77.3088121,28.6134488],[77.3091908,28.6148991],[77.3096422,28.6164802],[77.3096773,28.6166318],[77.3097023,28.6167848],[77.3097173,28.6169389],[77.3097222,28.6170935],[77.3097169,28.6172481],[77.3097014,28.6174021],[77.3096759,28.6175551],[77.3096404,28.6177066],[77.309595,28.617856],[77.3095387,28.6180058],[77.3094724,28.6181524],[77.3093965,28.6182953],[77.3093111,28.6184341],[77.3092166,28.6185682],[77.3091132,28.6186973],[77.3090014,28.6188207],[77.3088815,28.6189382],[77.308754,28.6190494],[77.3086193,28.6191537],[77.3084778,28.6192509],[77.30833,28.6193407],[77.3081765,28.6194226],[77.3080178,28.6194965],[77.3078544,28.6195621],[77.3075832,28.6196473],[77.3072772,28.6197233],[77.3054159,28.6200696],[77.304657,28.620218],[77.3035735,28.6204311],[77.3034186,28.6204688],[77.3032669,28.6205153],[77.303119,28.6205704],[77.3029755,28.6206338],[77.3028369,28.6207053],[77.302704,28.6207846],[77.3025772,28.6208712],[77.3024571,28.620965],[77.3023443,28.6210653],[77.302239,28.621172],[77.302142,28.6212844],[77.3020535,28.6214022],[77.301974,28.6215247],[77.3019036,28.6216515],[77.3018415,28.6217854],[77.3017898,28.6219225],[77.3017485,28.6220624],[77.3017179,28.6222044],[77.3016982,28.6223478],[77.3016895,28.6224921],[77.3016917,28.6226365],[77.3017049,28.6227806],[77.3017291,28.6229235],[77.301764,28.6230647],[77.3018095,28.6232036],[77.3018656,28.6233394],[77.3019318,28.6234716],[77.3020079,28.6235998],[77.3020936,28.6237231],[77.3021886,28.6238412],[77.3022921,28.6239534],[77.302404,28.6240593],[77.3025238,28.6241585],[77.3026508,28.6242503],[77.3027846,28.6243347],[77.3029244,28.6244109],[77.3030696,28.6244788],[77.3032197,28.624538],[77.3044546,28.6250185],[77.30526,28.6252715],[77.3079516,28.6261171],[77.3082436,28.6261749],[77.3084351,28.6261974],[77.308652,28.6262133],[77.3088861,28.6262067],[77.3098096,28.6261711],[77.3099633,28.6261691],[77.3101168,28.6261761],[77.3102694,28.6261921],[77.3104204,28.6262167],[77.3105521,28.6262502],[77.3106992,28.6262933],[77.3108064,28.6263288],[77.310949,28.6263903],[77.3110847,28.6264568],[77.3112099,28.626532],[77.3113355,28.6266182],[77.311475,28.626721],[77.3115734,28.6268094],[77.3116815,28.62692],[77.3117677,28.6270249],[77.311851,28.6271447],[77.3119265,28.6272695],[77.3119697,28.6273609],[77.3120169,28.627452],[77.3120686,28.6275754],[77.3121079,28.6277031],[77.3121291,28.6278215],[77.3121534,28.6279623],[77.3121637,28.6281216],[77.3121567,28.6282774],[77.3121419,28.6284414],[77.3121089,28.6285831],[77.3120683,28.628713],[77.3119977,28.6288873],[77.311786,28.6293718],[77.3110752,28.6310284],[77.3106994,28.6318836],[77.3103145,28.6327766],[77.3097851,28.6339806],[77.3096075,28.6343896],[77.3094889,28.6346646],[77.3094376,28.6347899],[77.3094022,28.6348996],[77.3093692,28.6350249],[77.3093521,28.6351187],[77.309334,28.63527],[77.3093314,28.6353944],[77.3093379,28.6355383],[77.3093608,28.635718],[77.3093891,28.635827],[77.3094326,28.6359641],[77.3094912,28.6361027],[77.3095648,28.6362403],[77.3096417,28.6363707],[77.3097396,28.6364962],[77.3098499,28.6366104],[77.3099783,28.6367328],[77.3102402,28.6369294],[77.3104446,28.6370282],[77.3106969,28.6371243],[77.310906,28.6371827],[77.3111319,28.6372181],[77.3114118,28.6372334],[77.3115779,28.6372314],[77.3119423,28.6372201],[77.3120899,28.637221],[77.3122834,28.6372373],[77.3124418,28.6372546],[77.3126077,28.6372854],[77.3128563,28.637347],[77.3131697,28.6374744],[77.3135392,28.6376606],[77.3138633,28.6378926],[77.3141665,28.6382111],[77.3143505,28.6385238],[77.3146141,28.639075],[77.3148382,28.6397719],[77.3151088,28.6404491],[77.3153773,28.6408024],[77.315655,28.6411127],[77.3159381,28.6414647],[77.3161965,28.641821],[77.3164681,28.6424666],[77.3169651,28.6439221],[77.3171268,28.6445669],[77.3171388,28.6446951],[77.31714,28.6448239],[77.3171304,28.6449523],[77.31711,28.6450797],[77.3170792,28.6452056],[77.3170378,28.645329],[77.3169862,28.6454495],[77.3169246,28.6455663],[77.3168535,28.6456788],[77.3167824,28.6457749],[77.3167043,28.6458666],[77.3166196,28.6459537],[77.3165286,28.6460358],[77.3164317,28.6461124],[77.3163292,28.6461833],[77.3162217,28.6462483],[77.3157984,28.646467],[77.3153748,28.6466595],[77.3149707,28.6468431],[77.3140764,28.6472426],[77.313935,28.6473009],[77.3137907,28.6473534],[77.3136437,28.6474],[77.3134945,28.6474403],[77.31332,28.6474794],[77.3131434,28.6475101],[77.3129652,28.6475325],[77.3127858,28.6475465],[77.3126058,28.647552],[77.3124258,28.647549],[77.3122462,28.6475375],[77.3119528,28.6474838],[77.3108478,28.6472428],[77.309879,28.6470417],[77.3097152,28.6470236],[77.3095505,28.6470136],[77.3093853,28.6470116],[77.3092203,28.6470178],[77.3090559,28.6470321],[77.3088928,28.6470545],[77.3087313,28.6470847],[77.308572,28.647123],[77.3084154,28.647169],[77.308262,28.6472226],[77.3081122,28.6472836],[77.3079666,28.647352],[77.3078255,28.6474274],[77.3076962,28.6475053],[77.3075717,28.6475891]]}},{"type":"Feature","properties":{"way_id":915112331,"route_colors":["#fc8eac"],"route_refs":["7"]},"geometry":{"type":"LineString","coordinates":[[77.3075717,28.6475891],[77.3074526,28.6476787],[77.3073391,28.6477736],[77.3072314,28.6478738],[77.3071301,28.6479787],[77.3069581,28.6481466],[77.3065593,28.648574],[77.3065053,28.648655],[77.3063575,28.6488762],[77.3060798,28.6492685],[77.3057997,28.6496882],[77.3057608,28.6497446],[77.3055587,28.6500376]]}},{"type":"Feature","properties":{"way_id":642636562,"route_colors":["#fc8eac"],"route_refs":["7"]},"geometry":{"type":"LineString","coordinates":[[77.3055587,28.6500376],[77.3053334,28.6503156],[77.3050167,28.650667],[77.3045851,28.6510904],[77.3037363,28.651927],[77.3028686,28.6527979],[77.3020267,28.6536649],[77.301326,28.654372],[77.301055,28.6545416],[77.3007436,28.6547034],[77.3004318,28.6548067],[77.3000452,28.6548726],[77.2997144,28.6548577],[77.2995349,28.6548498],[77.2991752,28.6547784],[77.2986544,28.6545744],[77.2974364,28.6540423],[77.2969272,28.653844],[77.2958023,28.6535862],[77.2948006,28.6534092],[77.2944016,28.6533671],[77.2940086,28.6533871],[77.293521,28.6534938],[77.2930449,28.6537003],[77.2927003,28.6539343],[77.2925339,28.6540772],[77.2923787,28.6542315],[77.2922546,28.6543874],[77.29216,28.6545299],[77.2920686,28.6546866],[77.2919885,28.6548515],[77.2916884,28.6555954],[77.2915951,28.6558097],[77.2915001,28.6559911],[77.2914125,28.6561394],[77.2912854,28.6563234],[77.290128,28.657775],[77.2890397,28.6592038],[77.2885544,28.6599163],[77.2860178,28.6631194],[77.2852723,28.6640681],[77.2848234,28.6646669],[77.2841129,28.6656231],[77.2839964,28.6657699],[77.2838822,28.6659068],[77.2836982,28.6661022],[77.2823602,28.6674384],[77.2819732,28.6678408],[77.2815361,28.6684089],[77.2812505,28.6688515],[77.2810636,28.6693539],[77.2809378,28.6698383],[77.28079,28.6707576],[77.2807104,28.6710741],[77.2805488,28.6713778],[77.2803906,28.6715689],[77.2802218,28.6717446],[77.2799864,28.6719419],[77.2796346,28.6721975],[77.2793204,28.6723416],[77.2789084,28.6724537],[77.2785804,28.6725071],[77.2782474,28.6725227],[77.2777888,28.6725011],[77.2769489,28.6723475],[77.2747087,28.6719202],[77.2733451,28.6716897],[77.2727844,28.6716958],[77.2723755,28.6717432],[77.2719422,28.671903],[77.2715265,28.6721095],[77.2712037,28.6723771],[77.2708726,28.6727698],[77.2707368,28.6730265],[77.2706063,28.6733628],[77.270525,28.673822],[77.2705583,28.674183],[77.2706272,28.6744433],[77.2708267,28.6749596],[77.2721056,28.6773688],[77.2726393,28.6783709],[77.2743941,28.6816215],[77.2745532,28.6819959],[77.2748056,28.6827286],[77.2753145,28.6842464],[77.2756647,28.6850808],[77.2763756,28.6864546],[77.2766119,28.6868947],[77.2768443,28.687325],[77.2769928,28.6875835],[77.2771343,28.6877975],[77.2776465,28.6885351],[77.2778403,28.6888226],[77.2779694,28.6890372],[77.2781726,28.6894065],[77.2782336,28.6895243]]}},{"type":"Feature","properties":{"way_id":1184476779,"route_colors":["#fc8eac"],"route_refs":["7"]},"geometry":{"type":"LineString","coordinates":[[77.2782336,28.6895243],[77.2784539,28.6898629]]}},{"type":"Feature","properties":{"way_id":1184476775,"route_colors":["#fc8eac"],"route_refs":["7"]},"geometry":{"type":"LineString","coordinates":[[77.2789916,28.690841],[77.2791904,28.6912345],[77.27925,28.6913509],[77.279644,28.6921128],[77.2799522,28.6927075],[77.2800359,28.6928667],[77.2803974,28.693554],[77.2805451,28.6938471],[77.2810002,28.6948084],[77.2814338,28.6956347],[77.2815472,28.6958253],[77.2816676,28.6960113],[77.2818268,28.6962253],[77.282002,28.6964309],[77.2823537,28.6968231],[77.2824903,28.6969861],[77.2826264,28.6971679],[77.2828073,28.6974432],[77.2828618,28.6975404],[77.2832492,28.6982724],[77.2838294,28.6992627],[77.284843,28.7007319],[77.2860709,28.7024535],[77.2876769,28.704899],[77.2886708,28.7064499],[77.2890316,28.7070991],[77.2902041,28.7093605],[77.2905701,28.7099886],[77.2907347,28.7103963],[77.2907789,28.7108184],[77.2907504,28.7110996],[77.290632,28.7115013],[77.2903163,28.7122756],[77.2900879,28.7128719],[77.289955,28.7135659],[77.2898702,28.7142543],[77.2897735,28.7153603],[77.289575,28.7185426],[77.2894977,28.7201464],[77.2894704,28.7207132],[77.2894139,28.7214275],[77.2893336,28.7229208],[77.2892242,28.7248493]]}},{"type":"Feature","properties":{"way_id":562646668,"route_colors":["#008000"],"route_refs":["5"]},"geometry":{"type":"LineString","coordinates":[[77.1691376,28.6726319],[77.1680062,28.6717024],[77.1665991,28.6708958],[77.1661474,28.6706772],[77.1657166,28.6705713],[77.1652161,28.6705308],[77.1649418,28.6705197],[77.164701,28.6705285],[77.1640828,28.6706607],[77.1633481,28.6709506],[77.1625267,28.6713062],[77.161714,28.6716032],[77.1613028,28.671673],[77.1608924,28.6717016],[77.1606167,28.6716916],[77.1604344,28.6716851],[77.1598645,28.671591],[77.1591915,28.6714535],[77.1585998,28.6713489],[77.1582898,28.6713047],[77.1580428,28.6712759],[77.1578367,28.6712633],[77.1576965,28.6712594],[77.1575666,28.6712608],[77.1574215,28.6712711],[77.1572837,28.6712873],[77.1569261,28.6713345]]}},{"type":"Feature","properties":{"way_id":1047831737,"route_colors":["#008000"],"route_refs":["5"]},"geometry":{"type":"LineString","coordinates":[[77.1569261,28.6713345],[77.1565184,28.6713987]]}},{"type":"Feature","properties":{"way_id":1047831738,"route_colors":["#008000"],"route_refs":["5"]},"geometry":{"type":"LineString","coordinates":[[77.1565184,28.6713987],[77.1559313,28.6714513]]}},{"type":"Feature","properties":{"way_id":689257909,"route_colors":["#008000"],"route_refs":["5"]},"geometry":{"type":"LineString","coordinates":[[77.1559313,28.6714513],[77.1552808,28.6715367]]}},{"type":"Feature","properties":{"way_id":1183770589,"route_colors":["#008000"],"route_refs":["5"]},"geometry":{"type":"LineString","coordinates":[[77.1552808,28.6715367],[77.1539711,28.6717507],[77.1521692,28.6720592],[77.1512024,28.6722018],[77.1500175,28.6723668],[77.1487586,28.6725414],[77.1461152,28.6729266]]}},{"type":"Feature","properties":{"way_id":1183770587,"route_colors":["#008000"],"route_refs":["5"]},"geometry":{"type":"LineString","coordinates":[[77.1461152,28.6729266],[77.1449431,28.673072],[77.1445038,28.6731539],[77.1440308,28.6733188],[77.1430893,28.6735941],[77.1425271,28.6737527],[77.1420429,28.6738341],[77.1405633,28.6740136],[77.1396604,28.6741231],[77.1377001,28.6743315],[77.1373251,28.6743466],[77.1369545,28.6743528],[77.1355091,28.6743342],[77.1352443,28.6743477],[77.1349128,28.6743616],[77.1304571,28.6749602]]}},{"type":"Feature","properties":{"way_id":47108107,"route_colors":["#008000"],"route_refs":["5"]},"geometry":{"type":"LineString","coordinates":[[77.1304571,28.6749602],[77.127683,28.6752664],[77.1247517,28.6756481],[77.119345,28.6764051],[77.1122776,28.6773285],[77.1030724,28.6784827],[77.1029496,28.6784981],[77.1022105,28.6785848],[77.1013268,28.6786907],[77.0965993,28.6792571],[77.0939967,28.6795997],[77.0926576,28.6797123],[77.0919592,28.6797672],[77.089407,28.6800529],[77.0808421,28.6810385],[77.074004,28.681828],[77.0732957,28.6819145],[77.0726132,28.6819899],[77.0713687,28.6822398],[77.0708589,28.6822762],[77.0657342,28.6823241],[77.0647264,28.6823335],[77.0591304,28.6823565],[77.0587003,28.6823201],[77.0581925,28.682255],[77.0576995,28.6821731],[77.057003,28.6821442],[77.0562372,28.6821301],[77.0540167,28.6821363],[77.0519952,28.6821506],[77.0439364,28.6822405],[77.0336393,28.6823178],[77.0328082,28.682324],[77.0312664,28.6823417],[77.0305707,28.6823507],[77.0300616,28.6823609],[77.0296419,28.6823899],[77.0289549,28.68244],[77.0262547,28.6826204],[77.025138,28.6826916],[77.0239721,28.6827612],[77.0171141,28.6833525],[77.0091464,28.6840577],[77.0054602,28.6843658],[77.0023606,28.6846374],[76.9994775,28.6849215],[76.9961223,28.6852334],[76.9926894,28.6854516],[76.9895541,28.6857319],[76.9862241,28.6860148],[76.9845421,28.686171],[76.9787363,28.6866827],[76.9781557,28.6867422],[76.9772009,28.6868186],[76.9755654,28.6870109],[76.975231,28.6870412],[76.9728101,28.6872446],[76.9659707,28.6877796],[76.9644607,28.6878606],[76.9640684,28.6878977],[76.9635195,28.6879496],[76.9632654,28.6879736],[76.9631643,28.6879832],[76.9630212,28.6879994],[76.9595576,28.6884552],[76.9563047,28.688745],[76.9530735,28.6890287],[76.9511612,28.6892109],[76.9504888,28.6892754],[76.9499018,28.689332],[76.9497975,28.6893405],[76.9476099,28.6895406],[76.9409253,28.6901712],[76.9354398,28.6906577],[76.9348899,28.6907097],[76.9345977,28.6907373],[76.9331964,28.6908698],[76.9320382,28.6910763],[76.9311205,28.6913042],[76.9300871,28.6915989],[76.9294574,28.691807],[76.9289491,28.6920448],[76.9279411,28.6925872],[76.9254026,28.6939619],[76.9222739,28.6956636],[76.9201929,28.696793],[76.9191444,28.6973429]]}},{"type":"Feature","properties":{"way_id":689257910,"route_colors":["#008000"],"route_refs":["5"]},"geometry":{"type":"LineString","coordinates":[[77.1552964,28.6716164],[77.155862,28.6715329],[77.1559439,28.6715064]]}},{"type":"Feature","properties":{"way_id":610022321,"route_colors":["#008000"],"route_refs":["5"]},"geometry":{"type":"LineString","coordinates":[[77.1565184,28.6713987],[77.1559439,28.6715064]]}},{"type":"Feature","properties":{"way_id":610022316,"route_colors":["#008000"],"route_refs":["5"]},"geometry":{"type":"LineString","coordinates":[[77.1569261,28.6713345],[77.1571997,28.671285],[77.1574761,28.6712387],[77.1577057,28.671194],[77.1581191,28.6711112],[77.1583766,28.671056],[77.1585354,28.6710185],[77.1588044,28.6709439],[77.1590822,28.6708554],[77.1594148,28.6707473],[77.1597984,28.6705974],[77.1602463,28.6704084],[77.1618868,28.6697289],[77.1628611,28.6692971],[77.1632284,28.6691147],[77.1635837,28.6688453],[77.1638684,28.668573],[77.1640813,28.6682354],[77.1641875,28.6680113],[77.1642982,28.6676304],[77.1643407,28.6673387],[77.1643606,28.66692],[77.1642339,28.6664069],[77.1640132,28.6659298],[77.1636575,28.6655377],[77.1632236,28.6651893],[77.1627823,28.6649486],[77.1614627,28.6643157],[77.1608628,28.6639655],[77.1592017,28.6630356],[77.1575794,28.6620458],[77.1573702,28.661909],[77.1570555,28.661689],[77.1564324,28.6612212],[77.1560529,28.6608601],[77.1544078,28.6590148],[77.1540702,28.6585387],[77.153526,28.6574625],[77.153303,28.6570524],[77.1523497,28.6557943]]}},{"type":"Feature","properties":{"way_id":1047831739,"route_colors":["#008000"],"route_refs":["5"]},"geometry":{"type":"LineString","coordinates":[[77.1523497,28.6557943],[77.1513779,28.6545315]]}},{"type":"Feature","properties":{"way_id":610022335,"route_colors":["#008000"],"route_refs":["5"]},"geometry":{"type":"LineString","coordinates":[[76.9191791,28.6973937],[76.920228,28.6968436],[76.9223095,28.6957139],[76.9254381,28.6940122],[76.9279765,28.6926376],[76.9289826,28.6920962],[76.9294853,28.691861],[76.9301094,28.6916548],[76.9311401,28.6913608],[76.9320541,28.6911339],[76.9332068,28.6909284],[76.9348976,28.6907685],[76.9354473,28.6907165],[76.9409307,28.6902046],[76.9476061,28.6895736],[76.9505294,28.689301],[76.9511666,28.6892398],[76.9523433,28.6891303],[76.9529293,28.6890757],[76.9563115,28.6888039],[76.9595653,28.688514],[76.9630298,28.6880581],[76.9631722,28.688042],[76.9640756,28.6879565],[76.9659755,28.6878171],[76.9728117,28.6872824],[76.9761416,28.6869956],[76.9772015,28.68686],[76.9781593,28.6867795],[76.9787398,28.6867214],[76.9845453,28.6862085],[76.986228,28.6860517],[76.9895575,28.6857725],[76.9926907,28.685487],[76.996129,28.6852923],[76.9994842,28.6849804],[77.0023617,28.6846751],[77.0054686,28.6843997],[77.0091528,28.6840975],[77.0171165,28.6833855],[77.0239773,28.6828202],[77.0251433,28.6827506],[77.0262608,28.6826793],[77.0287853,28.6824872],[77.0289707,28.6824745],[77.0297431,28.6824212],[77.0300559,28.6823988],[77.0305726,28.6823913],[77.03127,28.6823855],[77.0328084,28.6823579],[77.0329209,28.6823579],[77.0439371,28.6822997],[77.0519959,28.6822098],[77.0540171,28.6821955],[77.0562366,28.6821893],[77.0570007,28.6822034],[77.0576916,28.682232],[77.0581813,28.6823134],[77.0586922,28.6823789],[77.0591275,28.6824157],[77.0639245,28.6823949],[77.0647269,28.6823927],[77.065698,28.6823836],[77.070862,28.6823354],[77.071379,28.6822985],[77.0723475,28.682104],[77.0726257,28.6820481],[77.0733099,28.6819536],[77.0739991,28.6818691],[77.0808507,28.6810972],[77.08941,28.68009],[77.0919644,28.6798044],[77.0926593,28.6797476],[77.0940033,28.6796408],[77.0966013,28.679297],[77.1005806,28.6788261],[77.1007805,28.6788038],[77.1022176,28.6786274],[77.1029522,28.6785383],[77.1036089,28.6784573],[77.1122873,28.6773871],[77.1193553,28.6764636],[77.124762,28.6757066],[77.1276922,28.6753251],[77.1304664,28.6750188]]}},{"type":"Feature","properties":{"way_id":1183770586,"route_colors":["#008000"],"route_refs":["5"]},"geometry":{"type":"LineString","coordinates":[[77.1304664,28.6750188],[77.1349197,28.6744206],[77.1352551,28.6743948],[77.1355104,28.6743934],[77.1369546,28.674412],[77.1373273,28.6744058],[77.1377057,28.6743905],[77.1396691,28.6741818],[77.1405737,28.6740721],[77.1420539,28.6738925],[77.1425438,28.6738102],[77.1431103,28.6736504],[77.1440539,28.6733744],[77.1445234,28.6732108],[77.1449542,28.6731305],[77.1461259,28.6729851]]}},{"type":"Feature","properties":{"way_id":1183770588,"route_colors":["#008000"],"route_refs":["5"]},"geometry":{"type":"LineString","coordinates":[[77.1461259,28.6729851],[77.1487694,28.6725998],[77.1500281,28.6724253],[77.1512133,28.6722602],[77.1521813,28.6721175],[77.1539864,28.6718289],[77.1548096,28.6716949],[77.1552964,28.6716164]]}},{"type":"Feature","properties":{"way_id":610022330,"route_colors":["#008000"],"route_refs":["5"]},"geometry":{"type":"LineString","coordinates":[[77.1559439,28.6715064],[77.1570394,28.6713569],[77.1573626,28.6713094],[77.1575663,28.6712957],[77.1577076,28.6712961],[77.1578259,28.6712982],[77.1580332,28.6713108],[77.1582728,28.6713371],[77.1585947,28.6713894],[77.1591974,28.6714943],[77.1598288,28.6716131],[77.1606202,28.671729],[77.1608913,28.6717374],[77.1613181,28.6717131],[77.1617562,28.6716332],[77.1621595,28.6715001],[77.1625372,28.6713375],[77.1632949,28.6710093],[77.1640823,28.6707018],[77.1643856,28.6706178],[77.1646987,28.670571],[77.16492,28.6705597],[77.1651937,28.6705579],[77.1657043,28.6706125],[77.1661207,28.6707134],[77.1665643,28.6709466],[77.1679644,28.6717491],[77.1690916,28.6726752]]}},{"type":"Feature","properties":{"way_id":1489748193,"route_colors":["#008000"],"route_refs":["5"]},"geometry":{"type":"LineString","coordinates":[[77.1513362,28.6545554],[77.1523095,28.6558169]]}},{"type":"Feature","properties":{"way_id":77852923,"route_colors":["#008000"],"route_refs":["5"]},"geometry":{"type":"LineString","coordinates":[[77.1523095,28.6558169],[77.1532607,28.6570721],[77.1534815,28.6574777],[77.1540277,28.6585581],[77.1543699,28.6590403],[77.156017,28.6608877],[77.1564,28.6612521],[77.1570256,28.6617217],[77.1573416,28.6619426],[77.1575529,28.6620786],[77.1591752,28.6630704],[77.1608367,28.6640006],[77.161438,28.6643516],[77.1627582,28.6649848],[77.1631946,28.6652228],[77.1636225,28.6655664],[77.1639721,28.6659517],[77.164188,28.6664195],[77.1643127,28.6669231],[77.1642931,28.6673353],[77.1642512,28.6676225],[77.1641421,28.667998],[77.1640386,28.6682164],[77.1638301,28.6685477],[77.1635504,28.6688152],[77.1632008,28.6690803],[77.162839,28.66926],[77.1618657,28.6696913],[77.160235,28.6703705],[77.1597768,28.6705626],[77.1594006,28.6707066],[77.1591023,28.6708083],[77.1587893,28.6709084],[77.15855,28.6709678],[77.1583226,28.6710216],[77.1580698,28.6710773],[77.1575923,28.6711759],[77.1572479,28.671241],[77.1569009,28.6712971]]}},{"type":"Feature","properties":{"way_id":687487447,"route_colors":["#008000"],"route_refs":["5"]},"geometry":{"type":"LineString","coordinates":[[77.1569009,28.6712971],[77.1559313,28.6714513]]}},{"type":"Feature","properties":{"way_id":188245893,"route_colors":["#553592"],"route_refs":["6"]},"geometry":{"type":"LineString","coordinates":[[77.228075,28.668686],[77.2297656,28.6664008],[77.231383,28.6639851],[77.2315626,28.6637805],[77.2333497,28.6625667],[77.2333993,28.6625356],[77.2334668,28.6624897],[77.2354399,28.661147],[77.2356912,28.6609321],[77.2360193,28.6604184],[77.236551,28.6596085],[77.2367507,28.6582443],[77.2367275,28.65748],[77.2366984,28.6567776],[77.2365226,28.6558546],[77.236478,28.6553303],[77.2364143,28.654582],[77.2363156,28.6534224],[77.2363693,28.6525767],[77.2365319,28.6519808],[77.2367581,28.6513024],[77.2369001,28.6510938],[77.2376857,28.6500446],[77.2382991,28.6492322],[77.239163,28.6483285],[77.239244,28.6481284],[77.2394546,28.6476085],[77.2403329,28.640823],[77.2405594,28.6401199],[77.2408097,28.6392211],[77.2410299,28.6385415],[77.2412255,28.637865],[77.2413025,28.6372112],[77.2412768,28.6360007],[77.2410728,28.6281909],[77.2410351,28.6279182],[77.2408465,28.6274965],[77.240435,28.6270538],[77.2396644,28.6264846],[77.2390765,28.6261223],[77.2383197,28.6257081],[77.237621,28.6254737],[77.2366784,28.6253647],[77.234191,28.6254928],[77.2308876,28.6257083],[77.2201081,28.6262067],[77.2198936,28.6261925],[77.2197217,28.6261589],[77.2196522,28.6261242],[77.2195986,28.6260724],[77.2194996,28.625937],[77.2193688,28.6256048],[77.2192877,28.6240472],[77.2190337,28.6205922],[77.218911,28.6201922],[77.2188073,28.6200051],[77.2186661,28.6198394],[77.2182782,28.6196306],[77.2133395,28.6174938],[77.2129752,28.6172149],[77.2127707,28.6168122],[77.2124779,28.6163657],[77.2123897,28.6158726],[77.2123918,28.6152832],[77.212457,28.6148063],[77.2125581,28.6145298],[77.2127599,28.6142505],[77.2245897,28.605152],[77.227605,28.6032391],[77.2291415,28.6022643],[77.2298444,28.601819],[77.2301855,28.6015325],[77.2302844,28.6011201],[77.2304906,28.6002852],[77.2305615,28.5999979],[77.230829,28.5989146],[77.2317075,28.5953568],[77.2331482,28.5908911],[77.2338082,28.5882486],[77.2341549,28.5878033],[77.2343925,28.5874982],[77.2379636,28.5849405],[77.2383123,28.5845255],[77.2392472,28.5833549],[77.2393458,28.5830411]]}},{"type":"Feature","properties":{"way_id":44278167,"route_colors":["#553592"],"route_refs":["6"]},"geometry":{"type":"LineString","coordinates":[[77.2393458,28.5830411],[77.2391286,28.5811891],[77.2389048,28.5805341],[77.2387848,28.5797787],[77.2387363,28.5768418]]}},{"type":"Feature","properties":{"way_id":454517223,"route_colors":["#553592"],"route_refs":["6"]},"geometry":{"type":"LineString","coordinates":[[77.2387363,28.5768418],[77.2388204,28.5751991],[77.2387507,28.5747723],[77.2386261,28.5743853],[77.2384925,28.5740587],[77.2367996,28.5712424],[77.2364175,28.5705695],[77.2361183,28.5700452],[77.2357092,28.5693801],[77.2352084,28.5685658],[77.234936,28.5679039],[77.2347063,28.5672505],[77.2345874,28.5666754],[77.2344661,28.5660429],[77.2344148,28.5657665],[77.2343653,28.5654809],[77.2343161,28.5650641],[77.2343056,28.5649139],[77.2342888,28.5646739],[77.2342783,28.5644043],[77.2343118,28.5632746],[77.2343325,28.5630515],[77.2343779,28.5626839],[77.2344319,28.5622568],[77.2345128,28.5618318],[77.2346465,28.5613721],[77.2347364,28.5611477],[77.2348461,28.5609381],[77.2350719,28.5605934],[77.2353495,28.5602411],[77.2355989,28.5599593],[77.235923,28.5596806],[77.2362778,28.5594202],[77.2366131,28.5592261],[77.2370624,28.5590162],[77.2375774,28.5587966],[77.2385886,28.5585091],[77.2391102,28.5582904],[77.2393314,28.55814],[77.2395945,28.5579437],[77.2398802,28.5576903],[77.241641,28.5556579],[77.241984,28.5553442],[77.242312,28.5550651],[77.2450521,28.5531074],[77.2455693,28.5527943],[77.247162,28.5519923],[77.2472125,28.5519578],[77.2476729,28.5517624],[77.2482471,28.5516215],[77.2487178,28.5515443],[77.249111,28.551517],[77.2501959,28.5514791],[77.2510214,28.5514502],[77.2517393,28.5514411]]}},{"type":"Feature","properties":{"way_id":191231985,"route_colors":["#553592"],"route_refs":["6"]},"geometry":{"type":"LineString","coordinates":[[77.2517393,28.5514411],[77.2522559,28.5514537],[77.2526121,28.5514924],[77.2530477,28.5515398],[77.2540657,28.551713],[77.2544185,28.5517942],[77.2549565,28.5518987],[77.2555049,28.5519623],[77.2560351,28.5519406],[77.2564579,28.5518662],[77.2568861,28.5517579],[77.2573067,28.5515435],[77.2576001,28.5513365],[77.2578762,28.5511412],[77.258171,28.5508488],[77.2587188,28.5500366],[77.2591115,28.5494963],[77.2595454,28.54905],[77.2603122,28.5483269],[77.2609381,28.5479113],[77.2616758,28.5474175],[77.2628581,28.5467063],[77.2633472,28.5463232],[77.2636627,28.5459233],[77.264266,28.5443766],[77.2652257,28.5422434],[77.2654872,28.5416873],[77.2656438,28.5414279],[77.2659197,28.5411151],[77.266154,28.5409107],[77.2664359,28.5407173],[77.2667893,28.5405302],[77.2671605,28.5403909],[77.2675582,28.540292],[77.2680348,28.5402308],[77.2685525,28.5402297],[77.2689607,28.5402882],[77.2693327,28.5403974],[77.2706873,28.5410029],[77.2730248,28.5419266],[77.2735333,28.5421529],[77.2741476,28.5424816],[77.2756683,28.5432816],[77.2761535,28.5435292],[77.276476,28.5436635],[77.2769257,28.5437817],[77.277312,28.543843],[77.2776654,28.5438526],[77.2780396,28.5438149],[77.278414,28.543749],[77.27884,28.5436222],[77.2792006,28.5434681],[77.2795592,28.543227],[77.279923,28.5428878],[77.2802145,28.5425718],[77.2810615,28.5414322],[77.2819813,28.5402833],[77.2823919,28.5395122],[77.2830377,28.5384251],[77.2841789,28.5364778],[77.2854612,28.5343276],[77.285674,28.5339819],[77.285786,28.5337757],[77.2858912,28.5335816],[77.2859824,28.5334089],[77.2860978,28.5331584],[77.2862973,28.5327032],[77.2866391,28.5319183],[77.2867467,28.5316779],[77.2869251,28.5312614],[77.2870268,28.531027],[77.2870961,28.5308672],[77.2874309,28.5301032],[77.2875048,28.5299424],[77.2876114,28.5297264],[77.2878259,28.529337],[77.2879335,28.5291631],[77.2883155,28.5285876]]}},{"type":"Feature","properties":{"way_id":1180751064,"route_colors":["#553592"],"route_refs":["6"]},"geometry":{"type":"LineString","coordinates":[[77.2883155,28.5285876],[77.2885453,28.5282802],[77.2887117,28.5280773],[77.2888936,28.5278732],[77.2890135,28.5277375],[77.289162,28.5275793],[77.2894114,28.527336],[77.2895903,28.5271632],[77.2902186,28.5265894],[77.2904315,28.5263949],[77.290692,28.526157],[77.290917,28.5259587],[77.2910534,28.5258319],[77.2913023,28.5256027],[77.2914324,28.5254759],[77.2915608,28.5253407],[77.2916919,28.5251922],[77.2917705,28.5250942],[77.2918797,28.5249516],[77.2920296,28.524733],[77.2921355,28.5245616],[77.2922433,28.524361],[77.2926445,28.5235443],[77.2932734,28.5222278],[77.2939023,28.5209082],[77.2941221,28.5204393],[77.2944799,28.5197252],[77.2949537,28.5187486],[77.2952073,28.5181658],[77.2957146,28.5169373],[77.296282,28.515519],[77.2967962,28.5143463],[77.2984515,28.5103542],[77.2991578,28.5086347],[77.3001555,28.5064246],[77.3002437,28.5061693],[77.300303,28.5059134],[77.3003414,28.5056321],[77.3003414,28.5053476],[77.3003023,28.5050017],[77.3000557,28.5042996],[77.2992401,28.5023598]]}},{"type":"Feature","properties":{"way_id":364909767,"route_colors":["#553592"],"route_refs":["6"]},"geometry":{"type":"LineString","coordinates":[[77.2992401,28.5023598],[77.2987809,28.5011438],[77.2987197,28.5007009],[77.2987197,28.5002933],[77.2988553,28.4997834],[77.2989179,28.4996076],[77.2989903,28.499462],[77.2990824,28.4993182],[77.299176,28.4991778],[77.2992616,28.4990614],[77.2993914,28.4989142],[77.29953,28.498772],[77.29968,28.4986379],[77.2998224,28.4985314],[77.3000448,28.4983836],[77.3006882,28.4979676],[77.3011153,28.4976963],[77.3013908,28.4975019],[77.301533,28.4973931],[77.3016732,28.4972552],[77.3018146,28.4971055],[77.301944,28.4969346],[77.3020488,28.4967645],[77.3021654,28.49658],[77.30225,28.4964006],[77.3023235,28.4962332],[77.3023804,28.4960533],[77.3024373,28.4958212],[77.3027242,28.4944976],[77.3030239,28.4931698],[77.3038097,28.4897188],[77.3039369,28.4891331],[77.3040126,28.4885696],[77.304133,28.4872584],[77.3043131,28.485497],[77.3045356,28.4838763],[77.3047003,28.4820063],[77.3049182,28.4779698],[77.3051571,28.4758816],[77.3052182,28.474549],[77.3052244,28.4738267],[77.3054372,28.4732095],[77.3059043,28.4723828],[77.3061666,28.4718749],[77.3062962,28.471394],[77.3063998,28.4700312],[77.3065028,28.4680364],[77.3070014,28.462366],[77.3071864,28.4602617],[77.3072731,28.4590824],[77.3073933,28.4577786],[77.3076626,28.4544131],[77.3079248,28.4510589],[77.308095,28.4486201],[77.308189,28.4476192],[77.3082434,28.446818],[77.3085936,28.4435102],[77.3088329,28.4404724],[77.309063,28.4381599],[77.3093974,28.4336489],[77.3097999,28.4288459],[77.3103769,28.4227144],[77.3109058,28.4165567],[77.3110038,28.4152847],[77.3111727,28.4139979],[77.3112404,28.4133701],[77.3112668,28.4130357],[77.3114622,28.4108364],[77.3115314,28.410058],[77.3116401,28.4084381],[77.3116856,28.4080189],[77.3117029,28.4078217],[77.3117125,28.4076608],[77.3117141,28.4075033],[77.311706,28.4065053],[77.3117215,28.4060561],[77.3118726,28.4042339],[77.3121259,28.4014504],[77.3124347,28.3974884],[77.312946,28.3912837],[77.3132493,28.3879616],[77.313462,28.3858361],[77.3135135,28.3851046],[77.313702,28.3824255],[77.3139043,28.380469],[77.314147,28.3774764],[77.3143333,28.3756552],[77.3145566,28.3744304],[77.3146644,28.3731799],[77.3148731,28.3708004],[77.3149203,28.3702344],[77.315085,28.3680828],[77.3152147,28.3668211],[77.3152477,28.3664215]]}},{"type":"Feature","properties":{"way_id":435628938,"route_colors":["#553592"],"route_refs":["6"]},"geometry":{"type":"LineString","coordinates":[[77.3152477,28.3664215],[77.3154539,28.3637526],[77.3156471,28.361567],[77.3157664,28.3601119],[77.3159756,28.357682],[77.3162264,28.3546513],[77.3164388,28.3520157],[77.3165729,28.3506042],[77.3165622,28.3502642],[77.3165287,28.3499881],[77.3162001,28.3486308],[77.3161196,28.3478423],[77.3161679,28.347068],[77.3162752,28.3456942],[77.3164334,28.3441857],[77.3167992,28.3428288],[77.3168358,28.3426514],[77.3168438,28.3424129],[77.3168277,28.3420895],[77.3167875,28.3417874],[77.31664,28.3409186],[77.3164791,28.340005]]}},{"type":"Feature","properties":{"way_id":610024716,"route_colors":["#553592"],"route_refs":["6"]},"geometry":{"type":"LineString","coordinates":[[77.3164221,28.3400016],[77.3165831,28.3409152],[77.3167305,28.3417839],[77.3167708,28.3420861],[77.3167869,28.3424095],[77.3167788,28.342648],[77.3167428,28.3428288],[77.3163765,28.3441823],[77.3162182,28.3456908],[77.3161109,28.3470646],[77.3160626,28.3478389],[77.3161431,28.3486274],[77.3164717,28.3499847],[77.3165052,28.3502608],[77.3165159,28.3506008],[77.3163818,28.3520123],[77.3161694,28.3546479],[77.3159186,28.3576786],[77.3157094,28.3601085],[77.3155901,28.3615636],[77.3153969,28.3637492],[77.3151911,28.3664181],[77.3151582,28.366817],[77.3150285,28.3680789],[77.3148637,28.3702309],[77.3148166,28.3707967],[77.3146079,28.3731761],[77.3145002,28.3744246],[77.314277,28.375649],[77.3140905,28.3774724],[77.3138478,28.380465],[77.3136455,28.3824217],[77.3134569,28.3851015],[77.3134055,28.3858324],[77.3131928,28.3879571],[77.3128895,28.3912795],[77.3123744,28.397488],[77.3120693,28.4014471],[77.3118169,28.4042398],[77.3116714,28.4060548],[77.3116543,28.406442],[77.3116658,28.4075694],[77.3116582,28.4077969],[77.3116327,28.4080454],[77.3115757,28.4085865],[77.3115553,28.4089181],[77.3115389,28.4091106],[77.3115175,28.4095274],[77.3114746,28.4100525],[77.3114171,28.4107557],[77.3112951,28.4122553],[77.3112742,28.4125047],[77.3111952,28.4133473],[77.3111163,28.4139927],[77.3109474,28.4152793],[77.3108493,28.4165526],[77.3103204,28.4227107],[77.3097434,28.4288421],[77.3093408,28.4336454],[77.3090065,28.4381561],[77.3087764,28.4404685],[77.3085371,28.4435062],[77.3081869,28.4468142],[77.3081324,28.4476157],[77.3080384,28.4486165],[77.3078682,28.4510557],[77.307606,28.4544096],[77.3073368,28.4577748],[77.3072166,28.4590788],[77.3071298,28.4602582],[77.3069461,28.462348],[77.3064462,28.4680333],[77.3063432,28.4700284],[77.3062399,28.4713865],[77.3061127,28.4718587],[77.3058536,28.4723604],[77.3053904,28.4731928],[77.3051678,28.4738209],[77.3051615,28.4745478],[77.3051005,28.4758781],[77.3048616,28.4779661],[77.3046437,28.4820032],[77.3044792,28.4838714],[77.3042567,28.4854918],[77.3040765,28.4872542],[77.3039562,28.4885647],[77.3038808,28.4891255],[77.3037541,28.4897092],[77.3029683,28.4931601],[77.3026685,28.4944882],[77.302368,28.4959173],[77.3023211,28.4960884],[77.3022685,28.4962645],[77.302205,28.496408],[77.302132,28.4965634],[77.3020254,28.4967396],[77.3019059,28.4969219],[77.3017741,28.4970847],[77.301642,28.4972288],[77.3015073,28.4973576],[77.3013519,28.4974888],[77.3010915,28.497666],[77.3006683,28.4979374],[77.3000245,28.4983529],[77.2998055,28.4985008],[77.2996526,28.4986149],[77.2995018,28.4987478],[77.2993699,28.4988782],[77.2992297,28.4990403],[77.2991431,28.4991557],[77.2990488,28.4992909],[77.2989584,28.4994405],[77.2988811,28.4995979],[77.2988101,28.499786],[77.298663,28.5002889],[77.298663,28.5007039],[77.2987253,28.5011548],[77.2991866,28.5023763]]}},{"type":"Feature","properties":{"way_id":1180751063,"route_colors":["#553592"],"route_refs":["6"]},"geometry":{"type":"LineString","coordinates":[[77.2991866,28.5023763],[77.300002,28.5043156],[77.3002464,28.5050116],[77.3002847,28.5053501],[77.3002847,28.5056291],[77.300247,28.5059054],[77.3001887,28.5061571],[77.3001019,28.5064081],[77.2991048,28.5086171],[77.2983982,28.5103372],[77.2967431,28.5143288],[77.2962288,28.5155018],[77.2956613,28.5169204],[77.29517,28.5181514],[77.2948961,28.5187376],[77.294434,28.5197076],[77.2940861,28.5204239],[77.2938649,28.5208951],[77.2932359,28.5222136],[77.2926081,28.5235279],[77.2922067,28.5243471],[77.2920978,28.524548],[77.2919915,28.5247192],[77.291847,28.5249329],[77.2917378,28.5250727],[77.2916571,28.5251729],[77.2915254,28.525325],[77.2914058,28.5254511],[77.2912716,28.5255835],[77.291025,28.5258108],[77.2907061,28.5260963],[77.2906773,28.526122],[77.289535,28.5271644],[77.289283,28.5274097],[77.2891031,28.5275889],[77.2889789,28.5277207],[77.2888587,28.5278541],[77.2886818,28.5280559],[77.2885112,28.5282613],[77.2882774,28.5285679]]}},{"type":"Feature","properties":{"way_id":610024718,"route_colors":["#553592"],"route_refs":["6"]},"geometry":{"type":"LineString","coordinates":[[77.2882774,28.5285679],[77.2878987,28.5291436],[77.2877904,28.5293203],[77.287571,28.5297174],[77.2874696,28.5299272],[77.287395,28.5300925],[77.2870595,28.5308559],[77.2867169,28.5316278],[77.2865987,28.5319133],[77.2862584,28.5326955],[77.2860607,28.5331459],[77.2859423,28.5333955],[77.2858553,28.5335675],[77.2857506,28.5337637],[77.2856352,28.5339668],[77.2854265,28.5343092],[77.2841422,28.5364624],[77.2831851,28.5380848],[77.2829961,28.5384071],[77.2823585,28.5394925],[77.2819334,28.5402565],[77.2810152,28.5414035],[77.2801691,28.5425419],[77.2798815,28.5428536],[77.2795242,28.5431876],[77.2791723,28.5434248],[77.2788184,28.543576],[77.2783993,28.5437008],[77.2780308,28.5437657],[77.277663,28.5438027],[77.2773179,28.5437933],[77.2769389,28.5437332],[77.2764964,28.5436169],[77.2761799,28.5434851],[77.2756968,28.5432385],[77.2741766,28.5424388],[77.2735609,28.5421094],[77.2730495,28.5418818],[77.2707114,28.5409578],[77.2693539,28.5403523],[77.268974,28.5402408],[77.2685569,28.540181],[77.2680307,28.5401821],[77.2675466,28.5402442],[77.267142,28.5403449],[77.266764,28.5404868],[77.2664045,28.5406771],[77.2661172,28.5408741],[77.2658781,28.5410828],[77.2655971,28.5414014],[77.2654369,28.5416665],[77.2651742,28.5422254],[77.2642125,28.5443601],[77.2636116,28.5459006],[77.2633044,28.54629],[77.2628231,28.546667],[77.2616426,28.5473771],[77.2609038,28.5478716],[77.2602741,28.5482898],[77.2595031,28.5490168],[77.2590658,28.5494666],[77.2586705,28.5500105],[77.258125,28.5508193],[77.2578369,28.551105],[77.2575646,28.5512977],[77.2572745,28.5515023],[77.2568637,28.5517117],[77.2564445,28.5518178],[77.2560282,28.551891],[77.2555073,28.5519123],[77.2549663,28.5518496],[77.2544318,28.5517458],[77.2540783,28.5516644],[77.2530566,28.5514906],[77.2526191,28.551443],[77.2522602,28.551404],[77.2517397,28.5513913]]}},{"type":"Feature","properties":{"way_id":610024714,"route_colors":["#553592"],"route_refs":["6"]},"geometry":{"type":"LineString","coordinates":[[77.2517397,28.5513913],[77.2510199,28.5514004],[77.2501936,28.5514293],[77.2491076,28.5514673],[77.2487103,28.5514949],[77.2482342,28.5515729],[77.2476528,28.5517156],[77.2471824,28.5519153],[77.2471303,28.5519508],[77.2455391,28.5527521],[77.2450181,28.5530675],[77.2426261,28.5547765],[77.2422743,28.5550278],[77.2419438,28.5553091],[77.2415979,28.5556255],[77.2398373,28.5576576],[77.2395559,28.5579071],[77.2392957,28.5581013],[77.2390803,28.5582478],[77.2385676,28.5584627],[77.2375577,28.5587499],[77.2370525,28.5589718],[77.2365898,28.5591802],[77.2362479,28.5593844],[77.2359023,28.5596466],[77.2357345,28.5597798],[77.23556,28.5599343],[77.2353094,28.560197],[77.235023,28.5605682],[77.234813,28.5609222],[77.2347054,28.561139],[77.2346164,28.5613629],[77.2344795,28.561824],[77.2344002,28.5622524],[77.2343488,28.5626746],[77.2342958,28.563052],[77.2342721,28.5632722],[77.2342298,28.564273],[77.2342329,28.5644057],[77.2342387,28.5646481],[77.2342685,28.5650212],[77.2343093,28.5654127],[77.234343,28.5656505],[77.2344131,28.5660341],[77.2345206,28.5666775],[77.2346315,28.5672328],[77.2348812,28.5679173],[77.2351564,28.568586],[77.2360834,28.5700617],[77.236367,28.5705921],[77.2367647,28.5712589],[77.2384351,28.5740661],[77.2385886,28.574414],[77.238696,28.574784],[77.2387641,28.5751979],[77.2386796,28.5768425]]}},{"type":"Feature","properties":{"way_id":610024713,"route_colors":["#553592"],"route_refs":["6"]},"geometry":{"type":"LineString","coordinates":[[77.2386796,28.5768425],[77.2387282,28.5797825],[77.2388492,28.5805448],[77.2390728,28.5811989],[77.2392883,28.5830369]]}},{"type":"Feature","properties":{"way_id":610024711,"route_colors":["#553592"],"route_refs":["6"]},"geometry":{"type":"LineString","coordinates":[[77.2392883,28.5830369],[77.2391952,28.5833334],[77.2382663,28.5844964],[77.2379222,28.5849059],[77.2343503,28.5874642],[77.2340826,28.587808],[77.2337552,28.5882285],[77.2330932,28.590879],[77.2316525,28.5953447],[77.2307722,28.5989099],[77.230507,28.5999838],[77.2304396,28.6002569],[77.230229,28.6011097],[77.2301336,28.6015072],[77.229808,28.6017807],[77.2291083,28.6022239],[77.2288816,28.6023677],[77.2275781,28.6031947],[77.2245543,28.605113],[77.2135322,28.6135897],[77.2127164,28.6142178],[77.2125063,28.6145085],[77.212401,28.6147966],[77.212334,28.6152771],[77.2123449,28.6158758],[77.2124207,28.6163731],[77.2127183,28.6168312],[77.2129285,28.6172452],[77.2133078,28.6175356],[77.2182508,28.6196742],[77.2186248,28.6198756],[77.2187591,28.6200334],[77.2188584,28.620212],[77.2189775,28.6206004],[77.2192311,28.6240499],[77.2193125,28.6256143],[77.2194497,28.6259625],[77.2195476,28.6261125],[77.219616,28.6261654],[77.219693,28.6262056],[77.2198775,28.6262396],[77.2201056,28.6262566],[77.2308912,28.625758],[77.2341948,28.6255425],[77.2366763,28.6254147],[77.237607,28.6255223],[77.2382943,28.6257529],[77.2390452,28.6261638],[77.2396298,28.6265241],[77.2403944,28.6270889],[77.240797,28.6275219],[77.2409797,28.6279305],[77.2410162,28.6281945],[77.2412201,28.6360017],[77.2412457,28.6372091],[77.2411695,28.6378563],[77.2409751,28.6385286],[77.2407549,28.6392084],[77.2405046,28.6401072],[77.2402771,28.6408134],[77.2399039,28.6436964],[77.2398795,28.6441795],[77.239399,28.6475972],[77.2391839,28.6481284],[77.239113,28.6483034],[77.2382536,28.6492024],[77.2376384,28.6500172],[77.2368521,28.6510674],[77.2367057,28.6512823],[77.2364771,28.651968],[77.236313,28.6525695],[77.2362588,28.6534229],[77.2363578,28.654587],[77.236412,28.6553402],[77.2364662,28.6558601],[77.2364985,28.6560534]]}},{"type":"Feature","properties":{"way_id":1147871208,"route_colors":["#553592"],"route_refs":["6"]},"geometry":{"type":"LineString","coordinates":[[77.2364985,28.6560534],[77.2364883,28.6567875],[77.2365223,28.6574739]]}},{"type":"Feature","properties":{"way_id":1036191758,"route_colors":["#553592"],"route_refs":["6"]},"geometry":{"type":"LineString","coordinates":[[77.2365223,28.6574739],[77.2365483,28.6582468],[77.2364978,28.6595899],[77.23597,28.6603938],[77.2356458,28.6609015],[77.2354026,28.6611094],[77.2315221,28.6637451],[77.2313359,28.6639572],[77.2297174,28.6663746],[77.2280664,28.6686062],[77.2280269,28.6686596]]}},{"type":"Feature","properties":{"way_id":604707728,"route_colors":["#ff8c00"],"route_refs":["AEx"]},"geometry":{"type":"LineString","coordinates":[[77.0453294,28.5508515],[77.0472586,28.5495317],[77.0484455,28.5487118],[77.0493077,28.5482965],[77.049702,28.5481469],[77.0503202,28.5479384],[77.0506931,28.5478595],[77.0512966,28.5477652],[77.0519926,28.5477311],[77.0526189,28.5477594],[77.0534075,28.5478701],[77.054129,28.5480197],[77.0547754,28.5482318],[77.0553342,28.548469],[77.0557745,28.5486558],[77.0562192,28.5489825],[77.0563251,28.5490685]]}},{"type":"Feature","properties":{"way_id":80677193,"route_colors":["#ff8c00"],"route_refs":["AEx"]},"geometry":{"type":"LineString","coordinates":[[77.0563251,28.5490685],[77.0564285,28.5491801],[77.0575394,28.5504786],[77.0586489,28.5518376],[77.0604787,28.5540783],[77.0620594,28.5557291],[77.0638537,28.5573459],[77.0654296,28.5582172],[77.0670764,28.5587655],[77.0691478,28.5590644],[77.0710555,28.5591416],[77.0762632,28.5585574],[77.0816352,28.5575877],[77.0867238,28.5564899],[77.1002181,28.5535278],[77.1198462,28.5489453],[77.1208093,28.5487998]]}},{"type":"Feature","properties":{"way_id":103170729,"route_colors":["#ff8c00"],"route_refs":["AEx"]},"geometry":{"type":"LineString","coordinates":[[77.1208093,28.5487998],[77.1221084,28.5487373],[77.1234279,28.5489105],[77.1252766,28.5493497],[77.127178,28.5501807],[77.128782,28.5512247],[77.1303371,28.5528631],[77.1306938,28.5532527],[77.1310278,28.553718],[77.1314821,28.5545853],[77.1319365,28.5557592],[77.1329395,28.5588528],[77.1330922,28.5593967]]}},{"type":"Feature","properties":{"way_id":79482955,"route_colors":["#ff8c00"],"route_refs":["AEx"]},"geometry":{"type":"LineString","coordinates":[[77.1330922,28.5593967],[77.1331985,28.5601624],[77.1332075,28.5609253],[77.133179,28.5612555],[77.1331512,28.5615776],[77.1330747,28.5620098],[77.1330624,28.5620794],[77.1327169,28.563388],[77.132498,28.5640409],[77.1323445,28.5647063],[77.1322662,28.5653755],[77.1322377,28.5659926],[77.1322729,28.5666356],[77.132391,28.567307],[77.1325669,28.5679432],[77.1327679,28.5685032],[77.1330194,28.5690153],[77.1333093,28.5695077],[77.1334246,28.5696903],[77.1335338,28.5698456],[77.1336895,28.5700498],[77.1338556,28.5702594],[77.1340514,28.5704772],[77.1342538,28.5706833],[77.1344246,28.5708596],[77.134658,28.5710724],[77.1349038,28.5712794],[77.1353791,28.5716239],[77.1366092,28.5724086],[77.1375663,28.5730571],[77.1386764,28.5736662],[77.1394799,28.5740345],[77.1403261,28.5744016],[77.141078,28.5747675],[77.1417426,28.5752077],[77.1422861,28.5756289],[77.1427584,28.576099],[77.143105,28.5765033],[77.1433774,28.5768571],[77.1435843,28.5771887],[77.1439501,28.5779029],[77.1442243,28.5786671],[77.1449259,28.5807211],[77.1455828,28.5829431],[77.1458664,28.5836339],[77.1461813,28.5842122],[77.1465551,28.5847624],[77.14695,28.5852605],[77.1474071,28.5857412],[77.1478813,28.586139],[77.1487226,28.5867268],[77.1496776,28.5872303],[77.1516674,28.588086],[77.1557252,28.5897394],[77.1565567,28.5900452],[77.1568999,28.5901521],[77.157381,28.5903019],[77.158617,28.5907062],[77.1590569,28.5908606],[77.1594414,28.5910162],[77.1601762,28.5913003],[77.1606517,28.5914974],[77.1616835,28.591914]]}},{"type":"Feature","properties":{"way_id":79482956,"route_colors":["#ff8c00"],"route_refs":["AEx"]},"geometry":{"type":"LineString","coordinates":[[77.1616835,28.591914],[77.1631168,28.5925134],[77.1636055,28.5927703],[77.1639835,28.5930093],[77.1643883,28.5932967],[77.1647069,28.593552],[77.1650242,28.593861],[77.1655905,28.5945173],[77.1660035,28.5951893],[77.1661904,28.5955767],[77.1663476,28.5959575],[77.1664889,28.5965235],[77.1666288,28.5971487],[77.1669164,28.5984226],[77.1671401,28.599224],[77.1672875,28.5996245],[77.1674626,28.6000352],[77.1677103,28.6004507],[77.1692648,28.6030219],[77.169987,28.6042389],[77.1707233,28.6056044],[77.1709819,28.6062418],[77.1710705,28.6065024],[77.1714751,28.6076918],[77.1716737,28.6080995],[77.1720671,28.6088242],[77.1725201,28.6094777],[77.1734949,28.6106447],[77.1740961,28.6114249]]}},{"type":"Feature","properties":{"way_id":188216912,"route_colors":["#ff8c00"],"route_refs":["AEx"]},"geometry":{"type":"LineString","coordinates":[[77.1740961,28.6114249],[77.1757855,28.6127708],[77.1782392,28.6142512],[77.1816107,28.6157758],[77.1944248,28.6213482],[77.2066972,28.6268468],[77.207558,28.6272325],[77.2083413,28.6275834],[77.211311,28.6289139],[77.2146554,28.6304187],[77.2154778,28.6310576],[77.2158653,28.631543],[77.2185045,28.6355392],[77.2230952,28.64249]]}},{"type":"Feature","properties":{"way_id":604707698,"route_colors":["#ff8c00"],"route_refs":["AEx"]},"geometry":{"type":"LineString","coordinates":[[77.1741296,28.6113994],[77.1758129,28.6127404],[77.1782618,28.614218],[77.1816305,28.6157413],[77.1944446,28.6213137],[77.2067172,28.6268124],[77.2075691,28.6271941],[77.2083822,28.6275584],[77.211331,28.6288795],[77.2146804,28.6303865],[77.2155109,28.6310317],[77.2159024,28.6315222],[77.2231333,28.6424706]]}},{"type":"Feature","properties":{"way_id":604707701,"route_colors":["#ff8c00"],"route_refs":["AEx"]},"geometry":{"type":"LineString","coordinates":[[77.161702,28.5918789],[77.1631373,28.5924791],[77.1636294,28.5927378],[77.1640097,28.5929782],[77.1644166,28.5932671],[77.1647374,28.5935241],[77.1650578,28.5938359],[77.1656276,28.5944963],[77.1660425,28.5951714],[77.1662311,28.5955617],[77.1663898,28.5959463],[77.166532,28.5965156],[77.1666724,28.5971436],[77.1669598,28.5984158],[77.1671825,28.5992134],[77.1673291,28.5996118],[77.1675029,28.6000194],[77.1677492,28.6004327],[77.1693038,28.6030039],[77.1700264,28.6042217],[77.170764,28.6055896],[77.1710238,28.6062298],[77.1711127,28.6064913],[77.1715166,28.6076786],[77.1717138,28.6080836],[77.1721059,28.6088058],[77.1725567,28.6094562],[77.1735309,28.6106224],[77.1741296,28.6113994]]}},{"type":"Feature","properties":{"way_id":604707705,"route_colors":["#ff8c00"],"route_refs":["AEx"]},"geometry":{"type":"LineString","coordinates":[[77.1331356,28.5593897],[77.1332425,28.5601599],[77.1332515,28.5609266],[77.1332229,28.5612584],[77.133195,28.561582],[77.1331182,28.5620157],[77.1331056,28.5620867],[77.1327597,28.5633971],[77.1325428,28.5640623],[77.1323937,28.5647107],[77.1323101,28.565382],[77.1322893,28.5659939],[77.132328,28.566656],[77.1324436,28.5673031],[77.1326114,28.5679399],[77.1328168,28.5684835],[77.1330631,28.5689958],[77.1333455,28.5694863],[77.1334714,28.5696776],[77.1335868,28.5698356],[77.1337291,28.5700208],[77.1339124,28.5702361],[77.1340499,28.5703951],[77.1342975,28.5706609],[77.1344943,28.5708563],[77.1346962,28.5710469],[77.1349317,28.5712461],[77.1353855,28.5715763],[77.1366358,28.5723778],[77.1375915,28.5730253],[77.1386983,28.5736326],[77.1394998,28.574],[77.1403465,28.5743673],[77.141102,28.574735],[77.1417705,28.5751777],[77.1423173,28.5756015],[77.1427925,28.5760746],[77.1431408,28.5764808],[77.143415,28.5768369],[77.1436237,28.5771715],[77.1439913,28.5778891],[77.1442664,28.5786557],[77.1449683,28.5807107],[77.1456249,28.5829317],[77.1459071,28.583619],[77.1462201,28.5841939],[77.1465921,28.5847414],[77.146985,28.585237],[77.1474393,28.5857148],[77.1479103,28.5861098],[77.1487477,28.586695],[77.1496986,28.5871963],[77.1516863,28.5880511],[77.155743,28.589704],[77.1561528,28.5898548],[77.1565726,28.5900091],[77.1569146,28.5901157],[77.1573979,28.5902617],[77.1586316,28.5906598],[77.1590806,28.5908102],[77.1594611,28.5909582],[77.1601992,28.5912628],[77.1606728,28.5914608],[77.161702,28.5918789]]}},{"type":"Feature","properties":{"way_id":727364283,"route_colors":["#ff8c00"],"route_refs":["AEx"]},"geometry":{"type":"LineString","coordinates":[[77.1307362,28.5532192],[77.1310634,28.5536936],[77.131523,28.554571],[77.1319785,28.5557477],[77.132982,28.5588429],[77.1331356,28.5593897]]}},{"type":"Feature","properties":{"way_id":604707710,"route_colors":["#ff8c00"],"route_refs":["AEx"]},"geometry":{"type":"LineString","coordinates":[[77.1208039,28.5487597],[77.1221105,28.5486985],[77.1234404,28.548873],[77.1252986,28.549316],[77.1272044,28.5501497],[77.1288043,28.5511909],[77.1303694,28.5528311],[77.1307362,28.5532192]]}},{"type":"Feature","properties":{"way_id":604707713,"route_colors":["#ff8c00"],"route_refs":["AEx"]},"geometry":{"type":"LineString","coordinates":[[77.0563778,28.5490146],[77.0564945,28.549129],[77.0575752,28.5504561],[77.0586847,28.5518151],[77.0605135,28.5540546],[77.062092,28.5557031],[77.0638816,28.5573156],[77.0654493,28.5581824],[77.0670879,28.558728],[77.0691524,28.5590259],[77.0710537,28.5591028],[77.076256,28.5585192],[77.0816255,28.55755],[77.08671,28.5564242],[77.100191,28.5534268],[77.1198371,28.5489074],[77.1208039,28.5487597]]}},{"type":"Feature","properties":{"way_id":696157493,"route_colors":["#ff8c00"],"route_refs":["AEx"]},"geometry":{"type":"LineString","coordinates":[[77.0563778,28.5490146],[77.0562573,28.5489093],[77.0558094,28.5486052],[77.0548116,28.548174],[77.0541625,28.547962],[77.0534128,28.5478065],[77.0526336,28.5477016],[77.0520033,28.5476628],[77.0512858,28.5476957],[77.0506796,28.5477923],[77.0502948,28.5478854],[77.0496819,28.5480727],[77.0492514,28.5482447],[77.0483945,28.5486682],[77.0472412,28.5494976],[77.0452914,28.550807]]}},{"type":"Feature","properties":{"way_id":251754097,"route_colors":["#838996"],"route_refs":["9"]},"geometry":{"type":"LineString","coordinates":[[77.0104516,28.6172778],[77.0139073,28.6184738],[77.0165784,28.6194593],[77.0171948,28.6196795],[77.017775,28.6199351],[77.0182951,28.6201874],[77.0187232,28.6203813],[77.0192235,28.6204948],[77.0198038,28.6205255],[77.020308,28.6204787],[77.0207685,28.6203331],[77.0209487,28.6202547],[77.0213772,28.6200228],[77.0217521,28.6197089],[77.0219684,28.6194484],[77.0221152,28.6191964],[77.0222339,28.6189423],[77.0223129,28.6186983],[77.0223815,28.6184186],[77.0223988,28.6182505],[77.0223972,28.6179835],[77.0223622,28.6171581],[77.0223806,28.6168092],[77.022381,28.6162097],[77.0223656,28.6159127]]}},{"type":"Feature","properties":{"way_id":563896854,"route_colors":["#838996"],"route_refs":["9"]},"geometry":{"type":"LineString","coordinates":[[77.0016545,28.6138202],[77.0023663,28.614044],[77.0026994,28.6141424],[77.0030751,28.6142894],[77.0036558,28.6146022],[77.0046497,28.6151079],[77.005345,28.6154696],[77.006118,28.6157829],[77.0074316,28.6162279],[77.0104516,28.6172778]]}},{"type":"Feature","properties":{"way_id":696687015,"route_colors":["#838996"],"route_refs":["9"]},"geometry":{"type":"LineString","coordinates":[[77.0016545,28.6138202],[77.0006606,28.6134971],[76.9996769,28.6133]]}},{"type":"Feature","properties":{"way_id":753427929,"route_colors":["#838996"],"route_refs":["9"]},"geometry":{"type":"LineString","coordinates":[[76.9996769,28.6133],[76.9982819,28.6131998],[76.9948445,28.6125498],[76.9922333,28.6123113],[76.990553,28.6122182],[76.986563,28.6124258],[76.9859367,28.6123833]]}},{"type":"Feature","properties":{"way_id":1219840308,"route_colors":["#838996"],"route_refs":["9"]},"geometry":{"type":"LineString","coordinates":[[76.9859367,28.6123833],[76.9786096,28.6118866],[76.9785499,28.6118826]]}},{"type":"Feature","properties":{"way_id":1219840307,"route_colors":["#838996"],"route_refs":["9"]},"geometry":{"type":"LineString","coordinates":[[76.9859338,28.6124372],[76.9785452,28.6119363]]}},{"type":"Feature","properties":{"way_id":992790902,"route_colors":["#838996"],"route_refs":["9"]},"geometry":{"type":"LineString","coordinates":[[76.9996632,28.6133525],[76.9982771,28.6132535],[76.9948714,28.6126418],[76.9923171,28.6124029],[76.9911024,28.6123672],[76.9907416,28.6123566],[76.9905296,28.6123474],[76.9865583,28.6124795],[76.9859338,28.6124372]]}},{"type":"Feature","properties":{"way_id":992790903,"route_colors":["#838996"],"route_refs":["9"]},"geometry":{"type":"LineString","coordinates":[[77.0016384,28.6138705],[77.000643,28.6135489],[76.9996632,28.6133525]]}},{"type":"Feature","properties":{"way_id":610024783,"route_colors":["#838996"],"route_refs":["9"]},"geometry":{"type":"LineString","coordinates":[[77.0016384,28.6138705],[77.0023486,28.6140899],[77.0026793,28.6141876],[77.0030493,28.6143324],[77.0036275,28.6146438],[77.0046218,28.6151497],[77.0053193,28.6155126],[77.0060965,28.6158276],[77.0074115,28.6162731],[77.0104313,28.6173229]]}},{"type":"Feature","properties":{"way_id":610024780,"route_colors":["#838996"],"route_refs":["9"]},"geometry":{"type":"LineString","coordinates":[[77.0104313,28.6173229],[77.0138865,28.6185187],[77.0165573,28.6195041],[77.017172,28.6197237],[77.0177492,28.619978],[77.0182691,28.6202302],[77.0187034,28.6204269],[77.0192148,28.6205429],[77.0198051,28.6205741],[77.0203204,28.6205263],[77.0207902,28.6203778],[77.0209755,28.6202971],[77.0214111,28.6200614],[77.0217938,28.619741],[77.0220156,28.6194739],[77.0221654,28.6192167],[77.0222862,28.6189582],[77.0223665,28.61871],[77.0224362,28.6184259],[77.022454,28.6182526],[77.0224524,28.617984],[77.022405,28.6171632],[77.0224276,28.6168074],[77.0224356,28.616532],[77.0224376,28.6162036],[77.0224264,28.61591]]}},{"type":"Feature","properties":{"way_id":563894916,"route_colors":["#cc338b"],"route_refs":["8"]},"geometry":{"type":"LineString","coordinates":[[77.321614,28.5529243],[77.3235311,28.5542934],[77.3249539,28.5553055],[77.3263591,28.5560608],[77.326928,28.5563326],[77.3275902,28.5566032],[77.3281805,28.5568415],[77.3294193,28.5573477],[77.3311342,28.5580605],[77.3337706,28.5591355],[77.3344484,28.559515],[77.3348402,28.5599054],[77.3351248,28.5603918],[77.3352643,28.5608748],[77.3353274,28.5613312],[77.3353024,28.5615423],[77.335275,28.5616969],[77.3351687,28.562023],[77.3350637,28.562249],[77.3349408,28.5624541],[77.3343859,28.5632248],[77.33431,28.5633303],[77.333862,28.5639196]]}},{"type":"Feature","properties":{"way_id":563894915,"route_colors":["#cc338b"],"route_refs":["8"]},"geometry":{"type":"LineString","coordinates":[[77.321614,28.5529243],[77.3210039,28.5524705],[77.3206099,28.5521774],[77.3196576,28.5511834],[77.3193459,28.550821],[77.3185412,28.5500294],[77.3164426,28.5482732],[77.3143278,28.5465126],[77.3129815,28.5453533],[77.3122272,28.5447038],[77.3101309,28.5428984]]}},{"type":"Feature","properties":{"way_id":563894914,"route_colors":["#cc338b"],"route_refs":["8"]},"geometry":{"type":"LineString","coordinates":[[77.3101309,28.5428984],[77.3094249,28.542252],[77.3091466,28.5419972],[77.3085217,28.5413924],[77.3065666,28.5391288],[77.3060556,28.538655],[77.3056025,28.5383716],[77.3050453,28.5381451],[77.304635,28.5380531],[77.3042102,28.5380105],[77.3037763,28.5380185],[77.3032436,28.5381044],[77.3027117,28.5382871],[77.3017828,28.5387433],[77.3011176,28.5391887],[77.3004919,28.5399286],[77.2989936,28.54193],[77.298799,28.5421869],[77.29866,28.5423764],[77.2984908,28.5426238],[77.2983162,28.5429068],[77.2979628,28.5435142],[77.2970991,28.5450135],[77.2966352,28.5458187]]}},{"type":"Feature","properties":{"way_id":563894913,"route_colors":["#cc338b"],"route_refs":["8"]},"geometry":{"type":"LineString","coordinates":[[77.291848,28.5613021],[77.2918094,28.5598771],[77.2917585,28.5594714],[77.2916467,28.5590433],[77.2914608,28.5584836],[77.2913394,28.558022],[77.2913216,28.5574505],[77.2914098,28.556827],[77.2916104,28.5562127],[77.2919339,28.5555853],[77.2925987,28.5541597],[77.2928732,28.5534982],[77.2929505,28.5533019],[77.2930024,28.5531396],[77.2930333,28.5530255],[77.2931259,28.5526298],[77.293319,28.5518201],[77.2933863,28.551592],[77.2934268,28.5514816],[77.2935388,28.5512054],[77.2936291,28.5510249],[77.29414,28.5501325],[77.2950399,28.5485565],[77.2951551,28.548393],[77.2953652,28.5480045],[77.2960144,28.5468976],[77.2960962,28.5467622],[77.2961853,28.5466059],[77.2966018,28.5458757],[77.2966352,28.5458187]]}},{"type":"Feature","properties":{"way_id":563894912,"route_colors":["#cc338b"],"route_refs":["8"]},"geometry":{"type":"LineString","coordinates":[[77.291848,28.5613021],[77.2918674,28.5618738],[77.2919284,28.5629034],[77.2917863,28.5634969],[77.2914619,28.5640489],[77.2909509,28.5645155],[77.2904217,28.5647666],[77.2900605,28.564891],[77.2896235,28.564983],[77.2891634,28.5649799],[77.2887137,28.5648927],[77.2882815,28.5647311],[77.2879222,28.5644933],[77.2872626,28.5640031],[77.2868282,28.563603],[77.2863588,28.5630343]]}},{"type":"Feature","properties":{"way_id":563894911,"route_colors":["#cc338b"],"route_refs":["8"]},"geometry":{"type":"LineString","coordinates":[[77.2863588,28.5630343],[77.2857527,28.5623561],[77.2855474,28.5621264],[77.2851563,28.5618202],[77.2845282,28.5615152],[77.2838401,28.5612447],[77.2837708,28.5612175],[77.2831653,28.5610588],[77.2826252,28.5610099],[77.2815109,28.5610331],[77.2784594,28.5609969],[77.2780579,28.5609643],[77.2776922,28.5609063],[77.2774362,28.5608445],[77.2769168,28.5607192],[77.2764459,28.5605021],[77.2758372,28.5601906],[77.2749693,28.5597843]]}},{"type":"Feature","properties":{"way_id":279029824,"route_colors":["#cc338b"],"route_refs":["8"]},"geometry":{"type":"LineString","coordinates":[[77.2648369,28.5544479],[77.2656002,28.5551267],[77.2658522,28.5553152],[77.266033,28.5554315],[77.2662472,28.5555534],[77.2673999,28.5561358],[77.269469,28.5571725],[77.2699149,28.5573899],[77.2706785,28.5577685],[77.2716382,28.5582379],[77.2720194,28.558426],[77.2726637,28.5587438],[77.2734547,28.5590922],[77.2741066,28.5593627],[77.2749693,28.5597843]]}},{"type":"Feature","properties":{"way_id":563894910,"route_colors":["#cc338b"],"route_refs":["8"]},"geometry":{"type":"LineString","coordinates":[[77.263096,28.553226],[77.2634259,28.5533815],[77.2638738,28.5536501],[77.2648369,28.5544479]]}},{"type":"Feature","properties":{"way_id":454514566,"route_colors":["#cc338b"],"route_refs":["8"]},"geometry":{"type":"LineString","coordinates":[[77.2617251,28.5526779],[77.263096,28.553226]]}},{"type":"Feature","properties":{"way_id":552413422,"route_colors":["#cc338b"],"route_refs":["8"]},"geometry":{"type":"LineString","coordinates":[[77.2566811,28.550077],[77.2576719,28.5509364],[77.2582492,28.551287],[77.2594508,28.5518619],[77.2617251,28.5526779]]}},{"type":"Feature","properties":{"way_id":379883518,"route_colors":["#cc338b"],"route_refs":["8"]},"geometry":{"type":"LineString","coordinates":[[77.1453385,28.5597597],[77.1502905,28.5587778],[77.152951,28.5585358],[77.1596446,28.557927],[77.1610899,28.557808],[77.162597,28.5576687],[77.1658629,28.5578211],[77.168318,28.5584547],[77.1691439,28.5586679],[77.1703016,28.5589667],[77.1719852,28.5589843],[77.1730234,28.5586277],[77.1737645,28.5581695],[77.1743226,28.557533],[77.1750411,28.5568808],[77.1839871,28.5510905],[77.1855052,28.5503632],[77.1884561,28.5491395],[77.1900103,28.5485564],[77.192349,28.5476789],[77.193109,28.5473938],[77.1945149,28.5470025],[77.1958508,28.5465839],[77.1979627,28.5458271],[77.2017348,28.544087],[77.2039198,28.5434758],[77.2050189,28.5433508],[77.2062144,28.5431659],[77.2210921,28.5423526],[77.2225456,28.5422754],[77.2265965,28.5419249],[77.2289311,28.5412746],[77.2302907,28.5410914],[77.2343217,28.5407314],[77.2361719,28.5409318],[77.2372289,28.5413697],[77.2384643,28.5418724],[77.2461344,28.5441981],[77.249354,28.5451633],[77.251518,28.5460369],[77.2524641,28.5464899],[77.2529449,28.5467201],[77.2545745,28.5479596],[77.2546649,28.5480284],[77.2549102,28.5483371],[77.2556035,28.5490465],[77.2563822,28.5498038],[77.2566811,28.550077]]}},{"type":"Feature","properties":{"way_id":379883519,"route_colors":["#cc338b"],"route_refs":["8"]},"geometry":{"type":"LineString","coordinates":[[77.1356393,28.5617794],[77.1386555,28.5611616],[77.140254,28.5608275],[77.1409286,28.5607361],[77.1418859,28.5606311],[77.1426487,28.560493],[77.1428525,28.5604561],[77.1453385,28.5597597]]}},{"type":"Feature","properties":{"way_id":279029822,"route_colors":["#cc338b"],"route_refs":["8"]},"geometry":{"type":"LineString","coordinates":[[77.1184146,28.5752213],[77.1191951,28.5750197],[77.1200252,28.5748052],[77.1208565,28.5743997],[77.1213037,28.5738755],[77.1215492,28.5731007],[77.1219439,28.5711495],[77.1219906,28.569685],[77.1218741,28.5688914],[77.1220658,28.5675924],[77.1226212,28.5648599],[77.1230745,28.5627068],[77.1232766,28.5621114],[77.123758,28.5615027],[77.1246052,28.5607559],[77.126182,28.5605382],[77.1288098,28.5608637],[77.1317112,28.5616793],[77.1324912,28.5618733],[77.1333602,28.5619722],[77.134476,28.5619698],[77.1356393,28.5617794]]}},{"type":"Feature","properties":{"way_id":279029823,"route_colors":["#cc338b"],"route_refs":["8"]},"geometry":{"type":"LineString","coordinates":[[77.1184146,28.5752213],[77.1177635,28.5753599],[77.1154514,28.5758266],[77.1142601,28.5760641],[77.1134784,28.5763284],[77.1121236,28.5767799],[77.1111249,28.57709],[77.1103554,28.5772776],[77.1094847,28.5775083],[77.1085654,28.5777542],[77.1072197,28.5781871],[77.1061192,28.578543],[77.1053755,28.5787349],[77.1049037,28.5788065],[77.1043108,28.5789151],[77.1040522,28.5789829],[77.1025463,28.5795914],[77.1014324,28.5799304],[77.1002519,28.5802657]]}},{"type":"Feature","properties":{"way_id":1085021235,"route_colors":["#cc338b"],"route_refs":["8"]},"geometry":{"type":"LineString","coordinates":[[77.1002519,28.5802657],[77.0987567,28.5806904],[77.0981642,28.5808363]]}},{"type":"Feature","properties":{"way_id":279029821,"route_colors":["#cc338b"],"route_refs":["8"]},"geometry":{"type":"LineString","coordinates":[[77.0981642,28.5808363],[77.0970395,28.5811635],[77.0934183,28.5828069],[77.0890167,28.5850294],[77.084422,28.5873544],[77.0835835,28.5881487],[77.0830489,28.5889096],[77.0823439,28.589889],[77.0816956,28.5908915],[77.0814885,28.5919376],[77.0810917,28.5958664],[77.0820919,28.6006231],[77.0823561,28.6018751],[77.0825825,28.6028166],[77.0837898,28.6108234],[77.084205,28.6135768],[77.0843145,28.613822],[77.085178,28.6157555],[77.085443,28.6165332],[77.08564,28.6173807],[77.0851622,28.6187949],[77.0842172,28.6202549],[77.083032,28.6220384],[77.0795804,28.6255855],[77.0779235,28.6289502],[77.0778142,28.6291688]]}},{"type":"Feature","properties":{"way_id":1339456793,"route_colors":["#cc338b"],"route_refs":["8"]},"geometry":{"type":"LineString","coordinates":[[77.0778142,28.6291688],[77.0773959,28.6305197],[77.0771921,28.6318616],[77.0772779,28.6328598],[77.0777087,28.6335612],[77.0788832,28.6350568],[77.0793704,28.6357129],[77.079936,28.6363425],[77.0804095,28.6368656],[77.0806752,28.6372397],[77.0809615,28.6379819],[77.0814321,28.639289],[77.0829706,28.6435622],[77.0838252,28.6462482],[77.0843102,28.6478016]]}},{"type":"Feature","properties":{"way_id":1339456792,"route_colors":["#cc338b"],"route_refs":["8"]},"geometry":{"type":"LineString","coordinates":[[77.0843808,28.6477782],[77.0838697,28.6462374],[77.0830149,28.6435507],[77.0814765,28.6392778],[77.0810054,28.6379693],[77.0807197,28.6372289],[77.0804793,28.636831],[77.0800194,28.6362953],[77.0794437,28.6356723],[77.0789903,28.6350089],[77.0777794,28.6335336],[77.0774388,28.6328363],[77.077353,28.6318852],[77.0775354,28.6305432],[77.0778665,28.6291869]]}},{"type":"Feature","properties":{"way_id":610024742,"route_colors":["#cc338b"],"route_refs":["8"]},"geometry":{"type":"LineString","coordinates":[[77.0778665,28.6291869],[77.0779709,28.6289685],[77.079625,28.6256095],[77.0830743,28.6220648],[77.084262,28.6202776],[77.0852101,28.6188128],[77.0856933,28.6173827],[77.0854932,28.6165221],[77.0852269,28.6157407],[77.0843721,28.6138267],[77.0842554,28.6135654],[77.0826335,28.6028089],[77.0824413,28.6020099],[77.0824068,28.6018663],[77.0821428,28.6006149],[77.0811438,28.5958642],[77.0815398,28.5919435],[77.081745,28.5909071],[77.0823883,28.5899124],[77.0830928,28.5889337],[77.0836249,28.5881763],[77.0844546,28.5873903],[77.0890482,28.5850668],[77.0934431,28.5828468],[77.097071,28.5812778],[77.0982137,28.5808996]]}},{"type":"Feature","properties":{"way_id":1085021236,"route_colors":["#cc338b"],"route_refs":["8"]},"geometry":{"type":"LineString","coordinates":[[77.0982137,28.5808996],[77.0987888,28.5807291],[77.1002685,28.5803054]]}},{"type":"Feature","properties":{"way_id":610024744,"route_colors":["#cc338b"],"route_refs":["8"]},"geometry":{"type":"LineString","coordinates":[[77.1002685,28.5803054],[77.1014488,28.5799735],[77.1025656,28.5796336],[77.1040705,28.5790255],[77.1043235,28.5789592],[77.1049134,28.5788511],[77.1053872,28.5787792],[77.1061354,28.5785861],[77.1072375,28.5782297],[77.1085818,28.5777973],[77.1094978,28.5775523],[77.1103657,28.5773199],[77.1111419,28.5771467],[77.1121459,28.5768113],[77.1134975,28.5763706],[77.1142752,28.5761077],[77.1154629,28.5758709],[77.1177754,28.5754041],[77.118428,28.5752652]]}},{"type":"Feature","properties":{"way_id":610024745,"route_colors":["#cc338b"],"route_refs":["8"]},"geometry":{"type":"LineString","coordinates":[[77.118428,28.5752652],[77.1192112,28.5750629],[77.1200453,28.5748474],[77.1208913,28.5744347],[77.1213509,28.5738959],[77.1215997,28.5731108],[77.1219955,28.5711541],[77.1220424,28.5696827],[77.1219263,28.5688914],[77.1221169,28.5675993],[77.1226721,28.564868],[77.1231249,28.5627174],[77.1233238,28.5621313],[77.1237979,28.5615319],[77.1246299,28.5607985],[77.1261824,28.5605841],[77.1287982,28.5609081],[77.1316963,28.5617228],[77.1324808,28.5619179],[77.1333569,28.5620176],[77.1344808,28.5620152],[77.1356499,28.5618239]]}},{"type":"Feature","properties":{"way_id":610024748,"route_colors":["#cc338b"],"route_refs":["8"]},"geometry":{"type":"LineString","coordinates":[[77.1356499,28.5618239],[77.1386674,28.5612058],[77.1402639,28.5608721],[77.1409357,28.5607811],[77.1418943,28.560676],[77.1426591,28.5605375],[77.1428656,28.5605001],[77.1453521,28.5598036]]}},{"type":"Feature","properties":{"way_id":610024751,"route_colors":["#cc338b"],"route_refs":["8"]},"geometry":{"type":"LineString","coordinates":[[77.1453521,28.5598036],[77.1502989,28.5588227],[77.1529563,28.558581],[77.1596497,28.5579722],[77.161095,28.5578532],[77.1625983,28.5577143],[77.1658541,28.5578662],[77.1683609,28.5585132],[77.169101,28.5587042],[77.1702939,28.5590121],[77.1719947,28.5590298],[77.1730481,28.558668],[77.1738007,28.5582027],[77.1743618,28.5575627],[77.1750753,28.5569151],[77.184015,28.5511289],[77.1855286,28.5504037],[77.1884773,28.5491809],[77.1900306,28.5485982],[77.1923693,28.5477207],[77.193127,28.5474364],[77.1945314,28.5470456],[77.1958693,28.5466264],[77.1979845,28.5458683],[77.2017548,28.5441291],[77.2039311,28.5435203],[77.2050267,28.5433957],[77.2062205,28.5432111],[77.2210953,28.542398],[77.2225497,28.5423207],[77.226607,28.5419697],[77.2289429,28.541319],[77.2302972,28.5411365],[77.2343211,28.5407771],[77.2361573,28.540976],[77.2372068,28.5414108],[77.2384358,28.5419199],[77.2493348,28.5452055],[77.2514948,28.5460775],[77.2524695,28.5465442],[77.2529153,28.5467577],[77.2546262,28.548059],[77.2548693,28.548365],[77.2555647,28.5490765],[77.2563444,28.5498348],[77.2569177,28.5503589]]}},{"type":"Feature","properties":{"way_id":610024754,"route_colors":["#cc338b"],"route_refs":["8"]},"geometry":{"type":"LineString","coordinates":[[77.2569177,28.5503589],[77.257639,28.5509716],[77.258222,28.5513257],[77.2594286,28.551903],[77.2617046,28.5527196]]}},{"type":"Feature","properties":{"way_id":610024758,"route_colors":["#cc338b"],"route_refs":["8"]},"geometry":{"type":"LineString","coordinates":[[77.2617046,28.5527196],[77.263073,28.5532667]]}},{"type":"Feature","properties":{"way_id":610024759,"route_colors":["#cc338b"],"route_refs":["8"]},"geometry":{"type":"LineString","coordinates":[[77.263073,28.5532667],[77.263399,28.5534204],[77.2638414,28.5536857],[77.2647891,28.5544871]]}},{"type":"Feature","properties":{"way_id":610024761,"route_colors":["#cc338b"],"route_refs":["8"]},"geometry":{"type":"LineString","coordinates":[[77.2647891,28.5544871],[77.2655619,28.5551427],[77.2658295,28.5553435],[77.2660088,28.5554674],[77.2662191,28.5555858],[77.2698492,28.5574054],[77.2706588,28.5578008],[77.271601,28.5582727],[77.2726454,28.5587792],[77.2731446,28.5590023],[77.2734359,28.5591216],[77.2738868,28.5593062],[77.274952,28.5598162]]}},{"type":"Feature","properties":{"way_id":610024763,"route_colors":["#cc338b"],"route_refs":["8"]},"geometry":{"type":"LineString","coordinates":[[77.274952,28.5598162],[77.2758121,28.560235],[77.2764221,28.5605472],[77.276898,28.5607665],[77.2776822,28.5609479],[77.2780534,28.5610069],[77.278458,28.5610364],[77.2815127,28.5610838],[77.2826245,28.5610607],[77.2831565,28.5611089],[77.2835419,28.5612099],[77.2837541,28.5612655],[77.2838133,28.5612888],[77.2845064,28.5615612],[77.2851275,28.5618628],[77.2855109,28.5621629],[77.2863188,28.563067]]}},{"type":"Feature","properties":{"way_id":610024764,"route_colors":["#cc338b"],"route_refs":["8"]},"geometry":{"type":"LineString","coordinates":[[77.2863188,28.563067],[77.2867485,28.5635841],[77.2867884,28.5636321],[77.2872271,28.5640362],[77.2876469,28.5643482],[77.2878899,28.5645288],[77.2882554,28.5647707],[77.2886979,28.5649361],[77.2891576,28.5650253],[77.2894367,28.5650272],[77.2896294,28.5650285],[77.290076,28.5649344],[77.2904435,28.5648079],[77.2909826,28.5645521],[77.2915044,28.5640756],[77.2918355,28.5635123],[77.2919801,28.562908],[77.2919782,28.5624954],[77.2919778,28.5624066],[77.2919141,28.5618753],[77.2918997,28.5613007]]}},{"type":"Feature","properties":{"way_id":610024766,"route_colors":["#cc338b"],"route_refs":["8"]},"geometry":{"type":"LineString","coordinates":[[77.2918997,28.5613007],[77.291861,28.5598718],[77.291809,28.5594617],[77.2916968,28.5590319],[77.2915109,28.5584721],[77.291391,28.5580162],[77.2913734,28.5574527],[77.2914606,28.5568361],[77.2916591,28.5562284],[77.2919814,28.5556033],[77.2926468,28.5541765],[77.2929144,28.5535111],[77.2929889,28.5533147],[77.2930435,28.5531452],[77.2930791,28.5530171],[77.2931672,28.5526407],[77.2933575,28.5518254],[77.2934302,28.5516017],[77.2934695,28.5514926],[77.2935814,28.5512196],[77.2936679,28.5510369],[77.2941784,28.5501475],[77.2950798,28.5485719],[77.2954434,28.5479685],[77.2956607,28.5476008],[77.2959339,28.5471223],[77.2960953,28.5468473],[77.2962264,28.5466217],[77.2966817,28.5458386]]}},{"type":"Feature","properties":{"way_id":610024769,"route_colors":["#cc338b"],"route_refs":["8"]},"geometry":{"type":"LineString","coordinates":[[77.2966817,28.5458386],[77.2973066,28.5447278],[77.2976402,28.5441518],[77.2978386,28.5438002],[77.2980221,28.5434929],[77.2981056,28.5433454],[77.2983538,28.5429259],[77.298532,28.5426391],[77.2986929,28.5424015],[77.298837,28.542206],[77.2990297,28.5419466],[77.3005344,28.5399545],[77.3011548,28.5392209],[77.3018112,28.5387814],[77.3027338,28.5383283],[77.3032578,28.5381483],[77.3037815,28.5380639],[77.3042078,28.538056],[77.3046256,28.5380979],[77.3050279,28.5381881],[77.3055764,28.5384111],[77.3060215,28.5386895],[77.3065271,28.5391582],[77.3084819,28.5414215],[77.3091088,28.5420282],[77.3100941,28.5429304]]}},{"type":"Feature","properties":{"way_id":610024771,"route_colors":["#cc338b"],"route_refs":["8"]},"geometry":{"type":"LineString","coordinates":[[77.3100941,28.5429304],[77.312191,28.5447362],[77.3142919,28.5465453],[77.316407,28.5483061],[77.318504,28.550061],[77.3193059,28.5508499],[77.3196172,28.5512117],[77.3205731,28.5522096],[77.321581,28.5529593]]}},{"type":"Feature","properties":{"way_id":610024772,"route_colors":["#cc338b"],"route_refs":["8"]},"geometry":{"type":"LineString","coordinates":[[77.321581,28.5529593],[77.3234985,28.5543287],[77.324924,28.5553427],[77.3263332,28.5561002],[77.3269047,28.5563732],[77.3275685,28.5566444],[77.3281588,28.5568827],[77.3293973,28.5573888],[77.3311122,28.5581016],[77.3337457,28.5591754],[77.3344144,28.5595499],[77.3347971,28.5599312],[77.3350761,28.560408],[77.3352128,28.5608813],[77.335277,28.5613414],[77.3352581,28.5615364],[77.3352276,28.561689],[77.3351489,28.5619214],[77.3351201,28.5620062],[77.3350154,28.5622372],[77.3348864,28.5624497],[77.3345435,28.5629218],[77.3342536,28.5633209],[77.333808,28.5638835]]}},{"type":"Feature","properties":{"way_id":1489746230,"route_colors":["#cc338b"],"route_refs":["8"]},"geometry":{"type":"LineString","coordinates":[[77.11827,28.6981132],[77.1193093,28.6984198]]}},{"type":"Feature","properties":{"way_id":538930432,"route_colors":["#cc338b"],"route_refs":["8"]},"geometry":{"type":"LineString","coordinates":[[77.1193093,28.6984198],[77.1212615,28.6989777],[77.1230634,28.6996007],[77.1245472,28.7001447],[77.12543,28.7005762],[77.1274486,28.7017252],[77.1278314,28.701943],[77.128749,28.7025841],[77.1300557,28.7035819],[77.1303626,28.7038163],[77.1310666,28.7044185],[77.1315649,28.7049305],[77.1322167,28.7056881],[77.1328178,28.7063319],[77.133707,28.7072558],[77.1341506,28.7076399],[77.1348734,28.708216],[77.1352245,28.7085237],[77.1355237,28.7088414],[77.1361558,28.709587],[77.1364437,28.7098992],[77.136961,28.7104334],[77.1372869,28.7108177],[77.137564,28.7111677],[77.1380137,28.7118231],[77.1384075,28.7125353],[77.1386504,28.7130881],[77.1387722,28.7133653],[77.1390635,28.7141671],[77.1393166,28.715055],[77.140119,28.7187729],[77.1403765,28.7198915],[77.1405205,28.7206961],[77.1406708,28.7212594],[77.1408954,28.7219572],[77.1413953,28.7231725],[77.1417307,28.7238509],[77.1421119,28.7244641],[77.1424191,28.7248947],[77.1427226,28.7253201],[77.1430817,28.7257113],[77.1434803,28.7261719],[77.1441036,28.7267448],[77.1444643,28.7270583],[77.1448662,28.7273968],[77.1457663,28.7280946],[77.1464766,28.7285538],[77.1472196,28.7289062],[77.1480776,28.7293612],[77.1488054,28.7298439],[77.1498439,28.7305327],[77.1507511,28.7311375],[77.1515358,28.7317604],[77.1519083,28.7321259],[77.1521662,28.7323118],[77.1534769,28.733115],[77.1559252,28.7346201],[77.1572765,28.7353832],[77.1595719,28.7364994],[77.1604196,28.7369437],[77.1606055,28.7370179],[77.1607949,28.7370853],[77.1609873,28.7371456],[77.1611825,28.7371987],[77.16138,28.7372445],[77.1615796,28.7372831],[77.1617771,28.7373137],[77.161976,28.7373371],[77.1621757,28.7373533],[77.162376,28.7373623],[77.1656035,28.7373834],[77.1657966,28.7373835],[77.1659894,28.7373755],[77.1661762,28.73736],[77.166362,28.7373368],[77.1665463,28.737306],[77.1667288,28.7372676],[77.168077,28.7369383],[77.169813,28.7365143],[77.1704394,28.736351],[77.1718387,28.7359181],[77.1724873,28.7356969],[77.1728417,28.7355734],[77.1763257,28.7342579],[77.1770855,28.7339873],[77.1798039,28.7328307],[77.1802261,28.7326538],[77.1803779,28.7325848],[77.1805251,28.7325087],[77.1806674,28.7324257],[77.1808043,28.732336],[77.1809354,28.7322399],[77.1810604,28.7321377],[77.1811788,28.7320297],[77.1812903,28.7319161],[77.1813946,28.7317974],[77.1814913,28.7316738],[77.1815814,28.731544],[77.1816632,28.7314101],[77.1817364,28.7312723],[77.1818008,28.7311313],[77.1818562,28.7309873],[77.1819025,28.7308408],[77.1819394,28.7306924],[77.1819669,28.7305423],[77.1819849,28.7303912],[77.1819934,28.7302394],[77.1818901,28.7290884],[77.1817453,28.7259949],[77.1817341,28.7251846],[77.1816387,28.724089]]}},{"type":"Feature","properties":{"way_id":1339456794,"route_colors":["#cc338b"],"route_refs":["8"]},"geometry":{"type":"LineString","coordinates":[[77.1816381,28.724614],[77.181688,28.7251864],[77.1816992,28.725996],[77.181844,28.72909],[77.1819472,28.7302392],[77.1819389,28.7303881],[77.1819211,28.730537],[77.181894,28.7306848],[77.1818576,28.7308311],[77.181812,28.7309754],[77.1817575,28.7311173],[77.181694,28.7312562],[77.1816219,28.7313919],[77.1815413,28.7315239],[77.1814525,28.7316518],[77.1813572,28.7317735],[77.1812545,28.7318905],[77.1811446,28.7320024],[77.1810279,28.7321089],[77.1809048,28.7322096],[77.1807756,28.7323043],[77.1806408,28.7323926],[77.1805006,28.7324744],[77.1803555,28.7325494],[77.1802056,28.7326175],[77.179784,28.7327942],[77.1770663,28.7339505],[77.1763076,28.7342206],[77.1728242,28.7355359],[77.1724704,28.7356592],[77.1718223,28.7358803],[77.1704248,28.7363125],[77.1698003,28.7364753],[77.1680657,28.736899],[77.1667173,28.7372284],[77.1665366,28.7372664],[77.1663544,28.7372968],[77.1661708,28.7373197],[77.1659861,28.7373351],[77.1657955,28.737343],[77.1656035,28.7373429],[77.1623772,28.7373218],[77.162179,28.7373129],[77.1619812,28.7372969],[77.1617842,28.7372737],[77.1615886,28.7372433],[77.1613909,28.7372052],[77.1611953,28.7371597],[77.161002,28.7371071],[77.1608114,28.7370474],[77.1606238,28.7369807],[77.1604404,28.7369075],[77.1595943,28.736464],[77.1573002,28.7353485],[77.155951,28.7345865],[77.1535033,28.7330818],[77.1521941,28.7322795],[77.1519404,28.7320966],[77.1515686,28.7317318],[77.150765,28.731034],[77.1500502,28.7304964],[77.1489553,28.7297958],[77.1481876,28.7293046],[77.1478867,28.7291457],[77.1474684,28.7289701],[77.146501,28.7285193],[77.1457954,28.7280631],[77.1448975,28.727367],[77.1444966,28.7270293],[77.1441366,28.7267164],[77.1435156,28.7261456],[77.1431181,28.7256863],[77.1427603,28.7252966],[77.142454,28.7248673],[77.1421518,28.7244437],[77.1417722,28.7238331],[77.1414383,28.7231576],[77.1409394,28.7219448],[77.1407155,28.7212493],[77.1405658,28.7206884],[77.140422,28.7198843],[77.1401643,28.7187651],[77.1393617,28.7150463],[77.1391079,28.714156],[77.1388157,28.7133519],[77.1386941,28.7130751],[77.1384499,28.7125192],[77.1380544,28.7118038],[77.1376028,28.7111457],[77.1373244,28.7107941],[77.1369972,28.7104082],[77.1364793,28.7098734],[77.1361922,28.7095621],[77.135558,28.708814],[77.1352577,28.708495],[77.1349115,28.708192],[77.1341836,28.7076115],[77.1337422,28.7072296],[77.1328536,28.7063062],[77.132253,28.705663],[77.1316009,28.7049051],[77.1311003,28.7043908],[77.1303939,28.7037865],[77.1300884,28.7035532],[77.1287785,28.702553],[77.1278584,28.7019101],[77.1274737,28.7016912],[77.1254538,28.7005415],[77.1245675,28.7001082],[77.1230807,28.6995632],[77.1212771,28.6989395],[77.1193238,28.6983814]]}},{"type":"Feature","properties":{"way_id":1486690683,"route_colors":["#cc338b"],"route_refs":["8"]},"geometry":{"type":"LineString","coordinates":[[77.1193238,28.6983814],[77.1182847,28.6980748]]}}]}