{"type":"FeatureCollection","features":[{"type":"Feature","properties":{"way_id":243759620,"route_colors":["#e32726"],"route_refs":["M1A"]},"geometry":{"type":"LineString","coordinates":[[28.9506087,41.0051711],[28.9505658,41.005728],[28.9505059,41.0065029]]}},{"type":"Feature","properties":{"way_id":1501076304,"route_colors":["#e32726"],"route_refs":["M1A"]},"geometry":{"type":"LineString","coordinates":[[28.9505059,41.0065029],[28.9504496,41.0071366]]}},{"type":"Feature","properties":{"way_id":827128512,"route_colors":["#e32726"],"route_refs":["M1A","M1B"]},"geometry":{"type":"LineString","coordinates":[[28.9504496,41.0071366],[28.9502764,41.0090513],[28.950043,41.0100883],[28.9498367,41.0105517],[28.9496612,41.01088],[28.949422,41.0111905],[28.9490881,41.0115198],[28.9482444,41.0120685],[28.9473945,41.0126157],[28.9458693,41.0133892],[28.9456896,41.0134803],[28.9404218,41.0168529],[28.9396317,41.0174301],[28.9316562,41.0231549],[28.9312478,41.0234403],[28.9306248,41.0238758],[28.9294778,41.0246774],[28.9289903,41.0250656],[28.9285918,41.0253892],[28.9283058,41.0256606],[28.9280032,41.0260062]]}},{"type":"Feature","properties":{"way_id":23046072,"route_colors":["#e32726"],"route_refs":["M1A","M1B"]},"geometry":{"type":"LineString","coordinates":[[28.9280032,41.0260062],[28.9277725,41.0262943],[28.9275864,41.0265683],[28.9274308,41.0268087],[28.9262845,41.0289486]]}},{"type":"Feature","properties":{"way_id":23046041,"route_colors":["#e32726"],"route_refs":["M1A","M1B"]},"geometry":{"type":"LineString","coordinates":[[28.9262845,41.0289486],[28.9259744,41.0294298],[28.9255227,41.0299098],[28.9251419,41.0302456],[28.9246129,41.0305791],[28.9241419,41.0308308],[28.9235061,41.0311136]]}},{"type":"Feature","properties":{"way_id":23046034,"route_colors":["#e32726"],"route_refs":["M1A","M1B"]},"geometry":{"type":"LineString","coordinates":[[28.9235061,41.0311136],[28.9224135,41.0315996],[28.92212,41.0317579],[28.9217877,41.0319642],[28.9215171,41.0321654],[28.921313,41.0323547],[28.9211239,41.0325603],[28.9209542,41.0327793],[28.9208007,41.0330133],[28.920686,41.0332554]]}},{"type":"Feature","properties":{"way_id":23227661,"route_colors":["#e32726"],"route_refs":["M1A","M1B"]},"geometry":{"type":"LineString","coordinates":[[28.920686,41.0332554],[28.9206136,41.0334241]]}},{"type":"Feature","properties":{"way_id":23227660,"route_colors":["#e32726"],"route_refs":["M1A","M1B"]},"geometry":{"type":"LineString","coordinates":[[28.9206136,41.0334241],[28.9205392,41.0335777],[28.9203244,41.0341161],[28.9200267,41.0348627],[28.9196301,41.0356722],[28.9194201,41.0361318],[28.9192361,41.0364125],[28.919017,41.0366743],[28.9188198,41.0368941],[28.918579,41.0371251],[28.9183334,41.0373129]]}},{"type":"Feature","properties":{"way_id":23046026,"route_colors":["#e32726"],"route_refs":["M1A","M1B"]},"geometry":{"type":"LineString","coordinates":[[28.9183334,41.0373129],[28.9178306,41.0376787]]}},{"type":"Feature","properties":{"way_id":23046024,"route_colors":["#e32726"],"route_refs":["M1A","M1B"]},"geometry":{"type":"LineString","coordinates":[[28.9178306,41.0376787],[28.9175837,41.0378284]]}},{"type":"Feature","properties":{"way_id":82210169,"route_colors":["#e32726"],"route_refs":["M1A","M1B"]},"geometry":{"type":"LineString","coordinates":[[28.9175837,41.0378284],[28.9173331,41.0379803]]}},{"type":"Feature","properties":{"way_id":82210168,"route_colors":["#e32726"],"route_refs":["M1A","M1B"]},"geometry":{"type":"LineString","coordinates":[[28.9173331,41.0379803],[28.9162182,41.0386561],[28.9155948,41.0390196],[28.9151278,41.0392841],[28.9147979,41.0394297],[28.9144645,41.0395707],[28.914063,41.0397231],[28.9136445,41.0398546],[28.9131556,41.0399866],[28.9125985,41.040119],[28.9121493,41.0402188],[28.9116346,41.040326],[28.9111803,41.0404088],[28.9107291,41.0404746],[28.9103493,41.0405273],[28.9093279,41.0406514]]}},{"type":"Feature","properties":{"way_id":97785162,"route_colors":["#e32726"],"route_refs":["M1A","M1B"]},"geometry":{"type":"LineString","coordinates":[[28.9093279,41.0406514],[28.9090675,41.0406825]]}},{"type":"Feature","properties":{"way_id":97785171,"route_colors":["#e32726"],"route_refs":["M1A","M1B"]},"geometry":{"type":"LineString","coordinates":[[28.9090675,41.0406825],[28.9081139,41.0407973],[28.9072258,41.040912],[28.9065125,41.0409723],[28.905235,41.0410694],[28.904812,41.0411109],[28.9044931,41.0411502],[28.9041308,41.0412141],[28.9034246,41.0413568]]}},{"type":"Feature","properties":{"way_id":23045034,"route_colors":["#e32726"],"route_refs":["M1A","M1B"]},"geometry":{"type":"LineString","coordinates":[[28.9034246,41.0413568],[28.9026467,41.0415092],[28.9021483,41.0416422],[28.9016516,41.0418025],[28.9014407,41.0419117],[28.9012157,41.0420556],[28.9009282,41.0423085],[28.9006798,41.0425902]]}},{"type":"Feature","properties":{"way_id":506088043,"route_colors":["#e32726"],"route_refs":["M1A","M1B"]},"geometry":{"type":"LineString","coordinates":[[28.9006798,41.0425902],[28.9004607,41.0428641],[28.9003164,41.0431036],[28.9002067,41.0433827],[28.900135,41.0436515],[28.9001099,41.0438757],[28.9001179,41.0441434],[28.9001716,41.044417],[28.9002574,41.0446957],[28.9005017,41.0455068],[28.9005661,41.0458891],[28.9005473,41.0461602],[28.9004856,41.0464292],[28.9004025,41.0466902],[28.9003059,41.0469086],[28.9001487,41.0471652],[28.8999646,41.0474055],[28.8996756,41.0476955],[28.899343,41.0479484],[28.8989887,41.0481576]]}},{"type":"Feature","properties":{"way_id":506088040,"route_colors":["#e32726"],"route_refs":["M1A","M1B"]},"geometry":{"type":"LineString","coordinates":[[28.8989887,41.0481576],[28.8986615,41.0483133],[28.8983235,41.0484408],[28.898015,41.0485338]]}},{"type":"Feature","properties":{"way_id":506088041,"route_colors":["#e32726"],"route_refs":["M1A","M1B"]},"geometry":{"type":"LineString","coordinates":[[28.898015,41.0485338],[28.8975808,41.048628],[28.8971919,41.0486624],[28.8967735,41.0486624],[28.8962672,41.0486239],[28.8958567,41.0485751],[28.8954577,41.0485107],[28.8948301,41.0483384],[28.8944021,41.0481944],[28.8941966,41.0480949],[28.8939647,41.0479736],[28.8937318,41.0478189],[28.8935709,41.0477107],[28.8934399,41.0476017]]}},{"type":"Feature","properties":{"way_id":506088400,"route_colors":["#e32726"],"route_refs":["M1A","M1B"]},"geometry":{"type":"LineString","coordinates":[[28.8934399,41.0476017],[28.8932046,41.0474141]]}},{"type":"Feature","properties":{"way_id":506088042,"route_colors":["#e32726"],"route_refs":["M1A","M1B"]},"geometry":{"type":"LineString","coordinates":[[28.8932046,41.0474141],[28.8930071,41.0472134],[28.8929245,41.0471143],[28.8928587,41.0470259],[28.892779,41.0469154],[28.8926598,41.0467078],[28.8925837,41.0465412],[28.8925081,41.0463237],[28.8924759,41.0461635],[28.8924628,41.046063],[28.8924447,41.0458881],[28.892446,41.0455815]]}},{"type":"Feature","properties":{"way_id":23045613,"route_colors":["#e32726"],"route_refs":["M1A","M1B"]},"geometry":{"type":"LineString","coordinates":[[28.892446,41.0455815],[28.8924708,41.0452943]]}},{"type":"Feature","properties":{"way_id":23291374,"route_colors":["#e32726"],"route_refs":["M1A","M1B"]},"geometry":{"type":"LineString","coordinates":[[28.8924708,41.0452943],[28.8925086,41.0450111],[28.8926071,41.0446093],[28.8927461,41.0442266],[28.8929245,41.0438884],[28.8932128,41.0434573],[28.8936369,41.0430073],[28.8937924,41.0428206]]}},{"type":"Feature","properties":{"way_id":506088899,"route_colors":["#e32726"],"route_refs":["M1A","M1B"]},"geometry":{"type":"LineString","coordinates":[[28.8937924,41.0428206],[28.8940376,41.0425174]]}},{"type":"Feature","properties":{"way_id":227460893,"route_colors":["#e32726"],"route_refs":["M1A","M1B"]},"geometry":{"type":"LineString","coordinates":[[28.8940376,41.0425174],[28.8942629,41.0421689],[28.8944498,41.041839],[28.8945563,41.0416343],[28.8946196,41.0413757],[28.8946242,41.0411502],[28.894606,41.0409192]]}},{"type":"Feature","properties":{"way_id":506088898,"route_colors":["#e32726"],"route_refs":["M1A","M1B"]},"geometry":{"type":"LineString","coordinates":[[28.894606,41.0409192],[28.8944724,41.0401225],[28.8943566,41.0394317]]}},{"type":"Feature","properties":{"way_id":23045365,"route_colors":["#e32726"],"route_refs":["M1A"]},"geometry":{"type":"LineString","coordinates":[[28.8943566,41.0394317],[28.8943007,41.039013],[28.8942533,41.0386582],[28.894201,41.0385045]]}},{"type":"Feature","properties":{"way_id":23045362,"route_colors":["#e32726"],"route_refs":["M1A"]},"geometry":{"type":"LineString","coordinates":[[28.894201,41.0385045],[28.8939995,41.0379264],[28.8939585,41.0376009],[28.8939296,41.0372451],[28.8939341,41.0370738],[28.8940197,41.0366254],[28.8941288,41.0362757],[28.8942378,41.0360155],[28.8943139,41.0358732],[28.8944144,41.0357269],[28.8946025,41.0354951],[28.8956735,41.0343477],[28.8958427,41.034125],[28.8959725,41.0339502],[28.896127,41.0337183],[28.8963122,41.0334332]]}},{"type":"Feature","properties":{"way_id":23045268,"route_colors":["#e32726"],"route_refs":["M1A"]},"geometry":{"type":"LineString","coordinates":[[28.8963122,41.0334332],[28.8964824,41.0331448],[28.8966836,41.0327597],[28.8971138,41.0316357],[28.8972348,41.0313774],[28.8974426,41.0310303],[28.897936,41.0303612],[28.8984367,41.0296821],[28.8985571,41.0294825],[28.8986587,41.0292612],[28.8987221,41.0290546],[28.8987843,41.0288614],[28.8988253,41.0286327],[28.8988599,41.0283663],[28.8990115,41.0246975],[28.8990493,41.0242853],[28.8990721,41.024087],[28.8991113,41.0238637],[28.899202,41.0234954],[28.8992625,41.0232988],[28.8993358,41.0230907],[28.8994356,41.0228085],[28.8997564,41.0219012]]}},{"type":"Feature","properties":{"way_id":23045267,"route_colors":["#e32726"],"route_refs":["M1A"]},"geometry":{"type":"LineString","coordinates":[[28.8997564,41.0219012],[28.8999119,41.0214577],[28.900245,41.0205272],[28.9005366,41.0197127],[28.9006305,41.0194427],[28.9006519,41.0193517],[28.900724,41.0189862]]}},{"type":"Feature","properties":{"way_id":44742093,"route_colors":["#e32726"],"route_refs":["M1A"]},"geometry":{"type":"LineString","coordinates":[[28.900724,41.0189862],[28.9007654,41.0186581],[28.900753,41.0183614],[28.9007252,41.0180639],[28.9006366,41.0176838],[28.900556,41.0174399],[28.9004842,41.0172227],[28.900399,41.016965],[28.9002284,41.0163429],[28.9001426,41.0159802],[28.9000396,41.0152873],[28.8999435,41.0141965],[28.8999081,41.0138657],[28.8998526,41.0135495],[28.8997987,41.0132987],[28.8996877,41.0129947],[28.8995418,41.0126967],[28.8992843,41.0123081],[28.8985032,41.0113367]]}},{"type":"Feature","properties":{"way_id":23045248,"route_colors":["#e32726"],"route_refs":["M1A"]},"geometry":{"type":"LineString","coordinates":[[28.8985032,41.0113367],[28.8972758,41.009847],[28.8970237,41.0095369],[28.8968848,41.0093367],[28.8967517,41.0091184],[28.8965975,41.0088152],[28.8964741,41.0085632],[28.8963556,41.0082874],[28.8962925,41.0080882],[28.8961612,41.0076182],[28.8958759,41.0065283],[28.8957349,41.0061435],[28.89561,41.0058895],[28.8954476,41.0055981],[28.8952416,41.0053131],[28.8936624,41.003506]]}},{"type":"Feature","properties":{"way_id":23045233,"route_colors":["#e32726"],"route_refs":["M1A"]},"geometry":{"type":"LineString","coordinates":[[28.8936624,41.003506],[28.8933711,41.0031794],[28.8931099,41.0029084],[28.8929647,41.0027796],[28.8927855,41.0026405],[28.8925002,41.0024525],[28.8922349,41.002288],[28.8919562,41.0021503],[28.8917591,41.0020752],[28.8914968,41.0019881],[28.8911486,41.0018907],[28.8908753,41.0018333],[28.8906874,41.0018014],[28.8904852,41.0017819],[28.8895752,41.00171],[28.8887816,41.0016473],[28.8882844,41.0016086],[28.8875238,41.0015493],[28.8871846,41.0015043],[28.8869012,41.0014549],[28.8866159,41.0014001],[28.886367,41.0013474],[28.8857147,41.001141],[28.8855321,41.0010745]]}},{"type":"Feature","properties":{"way_id":1331095630,"route_colors":["#e32726"],"route_refs":["M1A"]},"geometry":{"type":"LineString","coordinates":[[28.8855321,41.0010745],[28.8853312,41.0009922],[28.8850324,41.0008563],[28.8847625,41.0007189],[28.8844334,41.0005518]]}},{"type":"Feature","properties":{"way_id":27686209,"route_colors":["#e32726"],"route_refs":["M1A"]},"geometry":{"type":"LineString","coordinates":[[28.8844334,41.0005518],[28.8819808,40.9992696],[28.8815761,40.9990489],[28.8812193,40.9988363],[28.8788003,40.997372],[28.8784942,40.9972006],[28.878156,40.9970465],[28.8778467,40.9969275],[28.877494,40.9968272],[28.8771638,40.9967639],[28.8769224,40.9967269],[28.8766137,40.9966902],[28.8760485,40.9966618]]}},{"type":"Feature","properties":{"way_id":23045307,"route_colors":["#e32726"],"route_refs":["M1A"]},"geometry":{"type":"LineString","coordinates":[[28.8760485,40.9966618],[28.8753909,40.9966391],[28.8705677,40.9964979],[28.8698593,40.9964654],[28.8681105,40.9962953],[28.8661529,40.9960651],[28.8650449,40.9958969],[28.8638948,40.9956638],[28.8632993,40.9955091],[28.8626472,40.9953226],[28.8622631,40.9951861],[28.8620667,40.9951083],[28.8618719,40.9950296],[28.8614225,40.994842],[28.8608097,40.994578],[28.8600069,40.9941857],[28.8573107,40.992781]]}},{"type":"Feature","properties":{"way_id":27685704,"route_colors":["#e32726"],"route_refs":["M1A"]},"geometry":{"type":"LineString","coordinates":[[28.8573107,40.992781],[28.8568394,40.9925414],[28.8563555,40.9923231],[28.8555946,40.9920208],[28.8529359,40.9911636],[28.8525304,40.9910483]]}},{"type":"Feature","properties":{"way_id":506098173,"route_colors":["#e32726"],"route_refs":["M1A"]},"geometry":{"type":"LineString","coordinates":[[28.8525304,40.9910483],[28.8520337,40.990947]]}},{"type":"Feature","properties":{"way_id":27685708,"route_colors":["#e32726"],"route_refs":["M1A"]},"geometry":{"type":"LineString","coordinates":[[28.8520337,40.990947],[28.8516453,40.9909106],[28.8511947,40.9908785],[28.8505343,40.990893]]}},{"type":"Feature","properties":{"way_id":27685500,"route_colors":["#e32726"],"route_refs":["M1A"]},"geometry":{"type":"LineString","coordinates":[[28.8505343,40.990893],[28.8501178,40.9909329],[28.8496646,40.990983],[28.848782,40.991111],[28.8480806,40.9912072],[28.847562,40.9912633],[28.8468616,40.9913206],[28.8460141,40.9913766],[28.8441342,40.9915265],[28.8424393,40.9916418],[28.8420376,40.9916648],[28.8417935,40.9916648],[28.841525,40.991655],[28.8413349,40.9916344],[28.8411219,40.9916062],[28.8407458,40.9915287],[28.8403845,40.9914334],[28.8399863,40.9912881],[28.8396309,40.9911114],[28.8385515,40.9904769],[28.8382471,40.9903085],[28.8372254,40.9897222],[28.8367394,40.9894444],[28.8359597,40.9889619],[28.8355007,40.9886666],[28.8352734,40.9885494],[28.8350167,40.9884277],[28.8347774,40.9883385]]}},{"type":"Feature","properties":{"way_id":37998972,"route_colors":["#e32726"],"route_refs":["M1A"]},"geometry":{"type":"LineString","coordinates":[[28.8347774,40.9883385],[28.8344404,40.9882468],[28.8342059,40.9881827],[28.8338958,40.9881308],[28.832509,40.9879837],[28.8321922,40.9879357],[28.8318193,40.9878729],[28.8312507,40.9877433],[28.8307572,40.9875894],[28.8302653,40.9874063],[28.8284451,40.9866459],[28.8270037,40.9860879],[28.8244258,40.9852803]]}},{"type":"Feature","properties":{"way_id":88407901,"route_colors":["#e32726"],"route_refs":["M1A"]},"geometry":{"type":"LineString","coordinates":[[28.8244258,40.9852803],[28.8236052,40.9850393],[28.8231505,40.9848939],[28.8227895,40.9847658],[28.822485,40.9846286],[28.8222307,40.9844914]]}},{"type":"Feature","properties":{"way_id":43322218,"route_colors":["#e32726"],"route_refs":["M1A"]},"geometry":{"type":"LineString","coordinates":[[28.8222307,40.9844914],[28.82188,40.9842957],[28.8216371,40.9841116],[28.8212852,40.9837649],[28.8210162,40.9833375],[28.8208879,40.9830344],[28.8207949,40.9827153],[28.8207672,40.982293],[28.8207867,40.9815739],[28.8208072,40.9811733],[28.820816,40.9809734],[28.8208455,40.9806007],[28.8208965,40.9802605],[28.8210402,40.9797389],[28.8211826,40.9792225]]}},{"type":"Feature","properties":{"way_id":506100935,"route_colors":["#e32726"],"route_refs":["M1A"]},"geometry":{"type":"LineString","coordinates":[[28.8213539,40.9792479],[28.8212158,40.9797604],[28.8210789,40.9802686],[28.8210477,40.9803714],[28.8209891,40.9806189],[28.8209326,40.9809657],[28.8208718,40.9816739],[28.8208491,40.9821498],[28.820872,40.9826909],[28.820949,40.9830128],[28.8210756,40.9833213],[28.8213526,40.9837566],[28.8216617,40.9840739],[28.8219042,40.9842706],[28.8222525,40.9844698]]}},{"type":"Feature","properties":{"way_id":506100938,"route_colors":["#e32726"],"route_refs":["M1A"]},"geometry":{"type":"LineString","coordinates":[[28.8222525,40.9844698],[28.822484,40.9845993],[28.8227789,40.9847373],[28.8231718,40.9848735],[28.8236146,40.985015],[28.8244424,40.9852466]]}},{"type":"Feature","properties":{"way_id":506100941,"route_colors":["#e32726"],"route_refs":["M1A"]},"geometry":{"type":"LineString","coordinates":[[28.8244424,40.9852466],[28.8260664,40.9856769],[28.8265452,40.9857991],[28.8270598,40.985963],[28.8285058,40.9865535],[28.8303032,40.9873146],[28.8308235,40.9875206],[28.8313143,40.98769],[28.83184,40.9878265],[28.8321912,40.9878869],[28.832497,40.9879284],[28.8339141,40.9880921],[28.8342188,40.9881502],[28.834459,40.9882017],[28.8347983,40.9883029]]}},{"type":"Feature","properties":{"way_id":506098888,"route_colors":["#e32726"],"route_refs":["M1A"]},"geometry":{"type":"LineString","coordinates":[[28.8347983,40.9883029],[28.8350344,40.988389],[28.8353039,40.9885044],[28.8357157,40.9887078],[28.836177,40.9889366],[28.8368752,40.9893332],[28.8373427,40.9896177],[28.8376053,40.9898042],[28.8383201,40.9902678],[28.839083,40.9907328],[28.8396585,40.9910821],[28.8400099,40.9912568],[28.8404028,40.9914001],[28.84076,40.9914944],[28.8411323,40.9915711],[28.8413424,40.9915989],[28.8415295,40.9916192],[28.8417947,40.9916288],[28.8420358,40.9916288],[28.8424353,40.991606],[28.8441296,40.9914907],[28.8460095,40.9913408],[28.8468569,40.9912848],[28.847556,40.9912276],[28.848073,40.9911717],[28.8487739,40.9910756],[28.8496609,40.9909472],[28.850107,40.9908944],[28.8505329,40.9908571]]}},{"type":"Feature","properties":{"way_id":506098890,"route_colors":["#e32726"],"route_refs":["M1A"]},"geometry":{"type":"LineString","coordinates":[[28.8505329,40.9908571],[28.8511962,40.9908426],[28.8516505,40.9908749],[28.8520461,40.9909123]]}},{"type":"Feature","properties":{"way_id":506098172,"route_colors":["#e32726"],"route_refs":["M1A"]},"geometry":{"type":"LineString","coordinates":[[28.8520461,40.9909123],[28.8521747,40.9909385],[28.8523575,40.9909758],[28.8525451,40.991014]]}},{"type":"Feature","properties":{"way_id":506098171,"route_colors":["#e32726"],"route_refs":["M1A"]},"geometry":{"type":"LineString","coordinates":[[28.8525451,40.991014],[28.8529537,40.9911303],[28.8556151,40.9919883],[28.8563788,40.9922917],[28.8568649,40.992511],[28.8573358,40.9927505]]}},{"type":"Feature","properties":{"way_id":506098170,"route_colors":["#e32726"],"route_refs":["M1A"]},"geometry":{"type":"LineString","coordinates":[[28.8573358,40.9927505],[28.8600301,40.9941586],[28.86083,40.9945407],[28.861449,40.9948124],[28.8618916,40.9950031],[28.8620894,40.9950789],[28.8622836,40.9951564],[28.8626575,40.9952829],[28.8633222,40.9954623],[28.8638973,40.9956173],[28.8650593,40.9958493],[28.8661652,40.9960179],[28.8681181,40.9962598],[28.8698631,40.9964295],[28.8705691,40.9964651],[28.8753941,40.9966029],[28.8760506,40.9966273]]}},{"type":"Feature","properties":{"way_id":506097417,"route_colors":["#e32726"],"route_refs":["M1A"]},"geometry":{"type":"LineString","coordinates":[[28.8760506,40.9966273],[28.8766151,40.9966547],[28.8769309,40.9966916],[28.8771744,40.9967288],[28.8775083,40.9967929],[28.8778659,40.9968946],[28.8781791,40.9970151],[28.8785207,40.9971708],[28.8788293,40.9973435],[28.881249,40.9988082],[28.8816048,40.9990202],[28.8820083,40.9992403],[28.8844605,41.0005223]]}},{"type":"Feature","properties":{"way_id":1331095629,"route_colors":["#e32726"],"route_refs":["M1A"]},"geometry":{"type":"LineString","coordinates":[[28.8844605,41.0005223],[28.8847891,41.0006891],[28.885058,41.000826],[28.8853548,41.000961],[28.8855538,41.0010425]]}},{"type":"Feature","properties":{"way_id":506096786,"route_colors":["#e32726"],"route_refs":["M1A"]},"geometry":{"type":"LineString","coordinates":[[28.8855538,41.0010425],[28.8857346,41.0011083],[28.8863824,41.0013133],[28.8866282,41.0013654],[28.886913,41.0014201],[28.887194,41.0014691],[28.8875304,41.0015136],[28.8882906,41.0015729],[28.8887994,41.0016126],[28.8895805,41.0016743],[28.8904892,41.0017461],[28.8906948,41.0017659],[28.8908862,41.0017983],[28.8911633,41.0018565],[28.8915147,41.0019547],[28.8917794,41.0020427],[28.8919801,41.0021191],[28.8922632,41.002259],[28.892531,41.002425],[28.8928183,41.0026144],[28.893,41.0027554],[28.8931473,41.0028861],[28.8934101,41.0031588],[28.893602,41.0033756],[28.8937022,41.0034862]]}},{"type":"Feature","properties":{"way_id":506095370,"route_colors":["#e32726"],"route_refs":["M1A"]},"geometry":{"type":"LineString","coordinates":[[28.8937022,41.0034862],[28.8952825,41.0052946],[28.8954903,41.0055821],[28.8956537,41.0058751],[28.8957796,41.006131],[28.8959222,41.0065196],[28.8962087,41.0076133],[28.8963388,41.0080793],[28.8964019,41.0082785],[28.8965192,41.0085515],[28.8966421,41.0088025],[28.8967957,41.0091044],[28.8969275,41.0093208],[28.8970651,41.0095192],[28.8973163,41.0098281],[28.8985438,41.0113179]]}},{"type":"Feature","properties":{"way_id":506095371,"route_colors":["#e32726"],"route_refs":["M1A"]},"geometry":{"type":"LineString","coordinates":[[28.8985438,41.0113179],[28.899326,41.0122907],[28.8995856,41.0126824],[28.8997331,41.0129837],[28.8998453,41.013291],[28.8998998,41.0135443],[28.8999555,41.0138619],[28.899991,41.0141938],[28.900087,41.0152841],[28.9001898,41.015975],[28.9002752,41.0163361],[28.9004453,41.0169565],[28.9005323,41.0172197],[28.9006005,41.0174264],[28.9006833,41.0176769],[28.9007725,41.0180595],[28.9008006,41.0183596],[28.9008131,41.0186592],[28.9007713,41.0189906]]}},{"type":"Feature","properties":{"way_id":506095106,"route_colors":["#e32726"],"route_refs":["M1A"]},"geometry":{"type":"LineString","coordinates":[[28.9007713,41.0189906],[28.9006989,41.0193575],[28.9006765,41.0194519],[28.9005826,41.019722],[28.9002883,41.0205361],[28.8999519,41.0214664],[28.899837,41.0218116],[28.8998029,41.0219089]]}},{"type":"Feature","properties":{"way_id":506094721,"route_colors":["#e32726"],"route_refs":["M1A"]},"geometry":{"type":"LineString","coordinates":[[28.8998029,41.0219089],[28.8996599,41.0223132],[28.8993818,41.0230999],[28.8993088,41.0233075],[28.8992486,41.0235028],[28.8991583,41.0238693],[28.8991195,41.0240909],[28.8990968,41.0242881],[28.8990591,41.0246993],[28.8989075,41.0283686],[28.8988727,41.0286369],[28.8988312,41.0288681],[28.8987684,41.0290629],[28.8987046,41.0292712],[28.8986014,41.0294959],[28.8984792,41.0296984],[28.8979744,41.0303783],[28.89748,41.0310442],[28.8972735,41.0313891],[28.8971538,41.0316447],[28.8967227,41.0327707],[28.8965209,41.0331569],[28.896355,41.0334472]]}},{"type":"Feature","properties":{"way_id":506089267,"route_colors":["#e32726"],"route_refs":["M1A"]},"geometry":{"type":"LineString","coordinates":[[28.896355,41.0334472],[28.8961606,41.0337416],[28.8960103,41.0339712],[28.8958803,41.0341442],[28.8957033,41.0343759],[28.8946393,41.0355279],[28.8944818,41.0357714],[28.894352,41.0360284],[28.8942546,41.0362943],[28.8941683,41.036631],[28.8941158,41.0370744],[28.8941276,41.0372256],[28.8941807,41.0375972],[28.894217,41.037804],[28.8943345,41.0384905]]}},{"type":"Feature","properties":{"way_id":822657026,"route_colors":["#e32726"],"route_refs":["M1A"]},"geometry":{"type":"LineString","coordinates":[[28.8943345,41.0384905],[28.8943677,41.0386435],[28.8943952,41.0388343],[28.8944257,41.0391048]]}},{"type":"Feature","properties":{"way_id":1500791529,"route_colors":["#e32726"],"route_refs":["M1A","M1B"]},"geometry":{"type":"LineString","coordinates":[[28.8944257,41.0391048],[28.894474,41.0393097],[28.8944995,41.0394179]]}},{"type":"Feature","properties":{"way_id":506089266,"route_colors":["#e32726"],"route_refs":["M1A","M1B"]},"geometry":{"type":"LineString","coordinates":[[28.8944995,41.0394179],[28.8946163,41.0401083],[28.894751,41.0409049]]}},{"type":"Feature","properties":{"way_id":506088895,"route_colors":["#e32726"],"route_refs":["M1A","M1B"]},"geometry":{"type":"LineString","coordinates":[[28.894751,41.0409049],[28.894758,41.0411507],[28.8947311,41.0413727],[28.8946402,41.0416525],[28.8945306,41.0418556],[28.8943381,41.0421959],[28.8940948,41.0425441]]}},{"type":"Feature","properties":{"way_id":506089263,"route_colors":["#e32726"],"route_refs":["M1A","M1B"]},"geometry":{"type":"LineString","coordinates":[[28.8940948,41.0425441],[28.894073,41.0425799],[28.8938803,41.0428555]]}},{"type":"Feature","properties":{"way_id":506088894,"route_colors":["#e32726"],"route_refs":["M1A","M1B"]},"geometry":{"type":"LineString","coordinates":[[28.8938803,41.0428555],[28.8938264,41.0429279],[28.8932731,41.0434891],[28.8929846,41.0439064],[28.8928096,41.0442393],[28.8926642,41.0446195],[28.8925584,41.0450153],[28.8925337,41.0452993]]}},{"type":"Feature","properties":{"way_id":506088396,"route_colors":["#e32726"],"route_refs":["M1A","M1B"]},"geometry":{"type":"LineString","coordinates":[[28.8925337,41.0452993],[28.8925057,41.0455816]]}},{"type":"Feature","properties":{"way_id":506088397,"route_colors":["#e32726"],"route_refs":["M1A","M1B"]},"geometry":{"type":"LineString","coordinates":[[28.8925057,41.0455816],[28.8925014,41.0458849],[28.8925128,41.0460561],[28.8925285,41.0461612],[28.8925632,41.0463137],[28.8926311,41.0465257],[28.8927057,41.0466915],[28.8928229,41.0469037],[28.8929037,41.0470063],[28.8929657,41.0470881],[28.8930473,41.0471859],[28.8932375,41.0473895]]}},{"type":"Feature","properties":{"way_id":506088399,"route_colors":["#e32726"],"route_refs":["M1A","M1B"]},"geometry":{"type":"LineString","coordinates":[[28.8932375,41.0473895],[28.8934749,41.0475774]]}},{"type":"Feature","properties":{"way_id":506088038,"route_colors":["#e32726"],"route_refs":["M1A","M1B"]},"geometry":{"type":"LineString","coordinates":[[28.8934749,41.0475774],[28.8936165,41.0476854],[28.8937856,41.0477924],[28.8940175,41.0479321],[28.8942535,41.0480384],[28.8944654,41.0481112],[28.8948959,41.0482204],[28.8955199,41.0483769],[28.8958992,41.0484605],[28.8962975,41.0485363],[28.8967725,41.0485921],[28.8971918,41.0486083],[28.8975692,41.0485765],[28.898,41.0484894]]}},{"type":"Feature","properties":{"way_id":506088039,"route_colors":["#e32726"],"route_refs":["M1A","M1B"]},"geometry":{"type":"LineString","coordinates":[[28.898,41.0484894],[28.898304,41.0483977],[28.898638,41.0482717],[28.8989607,41.0481181]]}},{"type":"Feature","properties":{"way_id":506088037,"route_colors":["#e32726"],"route_refs":["M1A","M1B"]},"geometry":{"type":"LineString","coordinates":[[28.8989607,41.0481181],[28.8992994,41.0478961],[28.8996188,41.047649],[28.8998986,41.0473779],[28.9000887,41.0471413],[28.9002495,41.0468933],[28.9003566,41.0466803],[28.900439,41.046422],[28.9004999,41.0461562],[28.9005183,41.0458904],[28.9004546,41.0455124],[28.9002111,41.0447042],[28.9001247,41.0444237],[28.9000704,41.0441465],[28.9000622,41.0438745],[28.9000878,41.0436464],[28.9001604,41.0433741],[28.9002716,41.043091],[28.9004179,41.0428483],[28.9006222,41.0425564]]}},{"type":"Feature","properties":{"way_id":506088036,"route_colors":["#e32726"],"route_refs":["M1A","M1B"]},"geometry":{"type":"LineString","coordinates":[[28.9006222,41.0425564],[28.9008799,41.0422842],[28.9011617,41.0420265],[28.9013983,41.0418854],[28.9016279,41.041771],[28.9021309,41.0416087],[28.9026328,41.0414748],[28.9034126,41.041322]]}},{"type":"Feature","properties":{"way_id":506085784,"route_colors":["#e32726"],"route_refs":["M1A","M1B"]},"geometry":{"type":"LineString","coordinates":[[28.9034126,41.041322],[28.9041192,41.0411792],[28.9044838,41.041115],[28.9048051,41.0410753],[28.905224,41.0410256],[28.9064978,41.0408803],[28.9072091,41.040799],[28.9080283,41.0407054],[28.9090116,41.040612],[28.9090586,41.0406051]]}},{"type":"Feature","properties":{"way_id":506085783,"route_colors":["#e32726"],"route_refs":["M1A","M1B"]},"geometry":{"type":"LineString","coordinates":[[28.9090586,41.0406051],[28.9093221,41.040576]]}},{"type":"Feature","properties":{"way_id":506085782,"route_colors":["#e32726"],"route_refs":["M1A","M1B"]},"geometry":{"type":"LineString","coordinates":[[28.9093221,41.040576],[28.9096593,41.0405414],[28.9103241,41.0404682],[28.9107288,41.0404262],[28.9111401,41.0403622],[28.9116154,41.0402769],[28.9121203,41.0401721],[28.9125706,41.0400772],[28.9131406,41.0399525],[28.9136274,41.039821],[28.9140431,41.0396904],[28.9144422,41.039539],[28.9147742,41.0393986],[28.9151014,41.0392541],[28.915566,41.038991],[28.9161888,41.0386278],[28.9173018,41.0379531]]}},{"type":"Feature","properties":{"way_id":506085361,"route_colors":["#e32726"],"route_refs":["M1A","M1B"]},"geometry":{"type":"LineString","coordinates":[[28.9173018,41.0379531],[28.9175539,41.0378003]]}},{"type":"Feature","properties":{"way_id":506085362,"route_colors":["#e32726"],"route_refs":["M1A","M1B"]},"geometry":{"type":"LineString","coordinates":[[28.9175539,41.0378003],[28.9177999,41.0376511]]}},{"type":"Feature","properties":{"way_id":506085363,"route_colors":["#e32726"],"route_refs":["M1A","M1B"]},"geometry":{"type":"LineString","coordinates":[[28.9177999,41.0376511],[28.9182999,41.0372873]]}},{"type":"Feature","properties":{"way_id":506085364,"route_colors":["#e32726"],"route_refs":["M1A","M1B"]},"geometry":{"type":"LineString","coordinates":[[28.9182999,41.0372873],[28.9185432,41.0371013],[28.9187813,41.0368729],[28.9189771,41.0366546],[28.9191945,41.0363949],[28.919376,41.036118],[28.9195851,41.0356686],[28.9199025,41.034836],[28.9201958,41.0340976],[28.9204131,41.0335504],[28.9204838,41.0333917]]}},{"type":"Feature","properties":{"way_id":506085365,"route_colors":["#e32726"],"route_refs":["M1A","M1B"]},"geometry":{"type":"LineString","coordinates":[[28.9204838,41.0333917],[28.9205658,41.0332216]]}},{"type":"Feature","properties":{"way_id":506085366,"route_colors":["#e32726"],"route_refs":["M1A","M1B"]},"geometry":{"type":"LineString","coordinates":[[28.9205658,41.0332216],[28.9207084,41.0329802],[28.9208809,41.0327466],[28.9210539,41.0325353],[28.9212601,41.0323239],[28.9214818,41.0321412],[28.9217558,41.0319374],[28.922091,41.0317294],[28.922387,41.0315698],[28.9234825,41.0310824]]}},{"type":"Feature","properties":{"way_id":506085368,"route_colors":["#e32726"],"route_refs":["M1A","M1B"]},"geometry":{"type":"LineString","coordinates":[[28.9234825,41.0310824],[28.924116,41.0308006],[28.9245838,41.0305506],[28.9251083,41.03022],[28.9254851,41.0298877],[28.9259333,41.0294114],[28.9262409,41.0289341]]}},{"type":"Feature","properties":{"way_id":506085367,"route_colors":["#e32726"],"route_refs":["M1A","M1B"]},"geometry":{"type":"LineString","coordinates":[[28.9262409,41.0289341],[28.9273875,41.0267937],[28.9275438,41.0265522],[28.9277309,41.0262768],[28.9279625,41.0259876]]}},{"type":"Feature","properties":{"way_id":827128511,"route_colors":["#e32726"],"route_refs":["M1A","M1B"]},"geometry":{"type":"LineString","coordinates":[[28.9279625,41.0259876],[28.9282672,41.0256395],[28.9285557,41.0253657],[28.928956,41.0250407],[28.9294446,41.0246516],[28.9305834,41.0238536],[28.9313675,41.0233042],[28.9314389,41.0232542],[28.9395917,41.017405],[28.9403871,41.0168245],[28.9464359,41.0129438],[28.9466274,41.0128302],[28.94723,41.0124727],[28.9480443,41.0119383],[28.9488759,41.0113971],[28.949258,41.0111379],[28.9495325,41.0108273],[28.9497198,41.0105152],[28.9499105,41.0100732],[28.9501361,41.0090225],[28.9503487,41.0071319]]}},{"type":"Feature","properties":{"way_id":822662751,"route_colors":["#e32726"],"route_refs":["M1A"]},"geometry":{"type":"LineString","coordinates":[[28.9503487,41.0071319],[28.9504316,41.0068002],[28.9505059,41.0065029]]}},{"type":"Feature","properties":{"way_id":506446433,"route_colors":["#e32726"],"route_refs":["M1B"]},"geometry":{"type":"LineString","coordinates":[[28.9504153,41.0064954],[28.9504855,41.0057193],[28.9505304,41.0051618]]}},{"type":"Feature","properties":{"way_id":822662750,"route_colors":["#e32726"],"route_refs":["M1B"]},"geometry":{"type":"LineString","coordinates":[[28.9504153,41.0064954],[28.9504316,41.0068002],[28.9504496,41.0071366]]}},{"type":"Feature","properties":{"way_id":23045603,"route_colors":["#e32726"],"route_refs":["M1B"]},"geometry":{"type":"LineString","coordinates":[[28.8943566,41.0394317],[28.8943152,41.0392244],[28.8942716,41.0390956],[28.8941815,41.0389128],[28.8939785,41.038628],[28.8937255,41.0383334],[28.8935643,41.0381456],[28.8934294,41.0379701],[28.8932651,41.0377789],[28.8930535,41.037556],[28.8928534,41.037389],[28.8925798,41.0372145],[28.8922832,41.0370604],[28.8919407,41.0369404]]}},{"type":"Feature","properties":{"way_id":23045606,"route_colors":["#e32726"],"route_refs":["M1B"]},"geometry":{"type":"LineString","coordinates":[[28.8919407,41.0369404],[28.8916365,41.0368597],[28.8914452,41.036824],[28.8912776,41.0367997],[28.8910494,41.0367848],[28.8907049,41.0367763],[28.8904247,41.0367977],[28.8901929,41.0368349]]}},{"type":"Feature","properties":{"way_id":506093785,"route_colors":["#e32726"],"route_refs":["M1B"]},"geometry":{"type":"LineString","coordinates":[[28.8901929,41.0368349],[28.8898676,41.0369135],[28.8894465,41.0370572],[28.8890736,41.0372312],[28.8887973,41.037391],[28.8885667,41.0375458],[28.8882212,41.0378457],[28.888059,41.0380095],[28.887843,41.0382604],[28.8874216,41.0388879],[28.8871305,41.0393212],[28.8865623,41.0401672],[28.8858066,41.0412923]]}},{"type":"Feature","properties":{"way_id":506202697,"route_colors":["#e32726"],"route_refs":["M1B"]},"geometry":{"type":"LineString","coordinates":[[28.8858066,41.0412923],[28.8856302,41.0415003],[28.8853489,41.0418628],[28.8850307,41.0422539],[28.8847229,41.0425879],[28.8842533,41.0430092],[28.8838826,41.0432749],[28.8833142,41.0435126],[28.8828075,41.04364],[28.8821503,41.0437483],[28.8815294,41.0437947],[28.8810204,41.0437747],[28.8805723,41.0437107],[28.880066,41.0435941],[28.8797359,41.0434547],[28.8790838,41.0431381],[28.8784472,41.0428043],[28.8772482,41.0421756],[28.8766721,41.04186],[28.8763805,41.0416655],[28.8760912,41.0414305],[28.8755932,41.0409568],[28.8743054,41.0397144],[28.8740496,41.0394684],[28.8710744,41.0370906],[28.8706206,41.036756],[28.870142,41.0364053],[28.8684677,41.0351747],[28.8679556,41.0348362],[28.8675975,41.0346427],[28.8670814,41.0344395],[28.8665121,41.0343009],[28.8652812,41.0341025],[28.8642305,41.0340431],[28.8635669,41.0340667],[28.8574028,41.0346634],[28.8568019,41.0347283],[28.8566453,41.034741],[28.8559056,41.0348167],[28.8547511,41.0349471],[28.8536777,41.0351022],[28.8526927,41.0352993],[28.8515615,41.0355818],[28.8483098,41.0368641],[28.8479041,41.0370029],[28.8475092,41.0370732],[28.8472266,41.0370873],[28.8467241,41.0370686],[28.8462197,41.0369949],[28.845478,41.0368333],[28.8449511,41.0366347],[28.8444721,41.0363894],[28.8438963,41.0359149],[28.8434714,41.035391],[28.8430924,41.0346778],[28.8425097,41.0331089]]}},{"type":"Feature","properties":{"way_id":506202694,"route_colors":["#e32726"],"route_refs":["M1B"]},"geometry":{"type":"LineString","coordinates":[[28.8425097,41.0331089],[28.8423362,41.0324873],[28.8421605,41.0318577],[28.8419456,41.0310877]]}},{"type":"Feature","properties":{"way_id":840902962,"route_colors":["#e32726"],"route_refs":["M1B"]},"geometry":{"type":"LineString","coordinates":[[28.8427176,41.0330764],[28.8425502,41.0324577],[28.8423771,41.0318178],[28.8421699,41.0310517]]}},{"type":"Feature","properties":{"way_id":506202693,"route_colors":["#e32726"],"route_refs":["M1B"]},"geometry":{"type":"LineString","coordinates":[[28.8427176,41.0330764],[28.843303,41.0346461],[28.8436663,41.0352795],[28.8440467,41.035759],[28.8446041,41.0362171],[28.8450823,41.0364583],[28.8456014,41.036669],[28.8462782,41.0367997],[28.8467244,41.0368692],[28.847223,41.0368865],[28.847509,41.0368744],[28.8478425,41.036826],[28.8481548,41.0367563],[28.8514709,41.0354381],[28.8526024,41.0351477],[28.8536082,41.0349598],[28.8546986,41.0348093],[28.8558832,41.0346875],[28.8566186,41.0346156],[28.8573782,41.0345413],[28.8635516,41.0339369],[28.8642329,41.0339126],[28.8653058,41.0339733],[28.866561,41.0341756],[28.8671484,41.0343193],[28.8676849,41.0345297],[28.8680631,41.034734],[28.8685834,41.035078],[28.8702731,41.0363074],[28.8707483,41.036666],[28.871193,41.0369933],[28.8741807,41.0393833],[28.8744414,41.0396341],[28.8757288,41.0408762],[28.8762224,41.0413456],[28.8765013,41.0415721],[28.8767803,41.0417583],[28.8773489,41.0420698],[28.8785784,41.0427145],[28.8791795,41.0430297],[28.8798192,41.0433402],[28.8801371,41.0434718],[28.8806293,41.0435871],[28.8810477,41.0436457],[28.8815278,41.0436639],[28.8821232,41.0436194],[28.8827616,41.0435142],[28.8832444,41.0433928],[28.8837862,41.0431663],[28.8841832,41.0429276],[28.8846338,41.042523],[28.8849449,41.0421912],[28.8852856,41.0418129],[28.8855807,41.0414649]]}},{"type":"Feature","properties":{"way_id":506091589,"route_colors":["#e32726"],"route_refs":["M1B"]},"geometry":{"type":"LineString","coordinates":[[28.8855807,41.0414649],[28.8857576,41.0412748],[28.8865759,41.040061],[28.8867113,41.0398602],[28.8871547,41.0392026],[28.8874138,41.0388182],[28.8878004,41.0382448],[28.8879704,41.0379893],[28.8881797,41.0377425],[28.8884532,41.0374876],[28.8887671,41.0372428]]}},{"type":"Feature","properties":{"way_id":506091590,"route_colors":["#e32726"],"route_refs":["M1B"]},"geometry":{"type":"LineString","coordinates":[[28.8887671,41.0372428],[28.8889226,41.0371295],[28.889215,41.0369797],[28.889384,41.0369049],[28.889679,41.0367936],[28.8899848,41.0367097],[28.8903818,41.0366318],[28.8907385,41.0366075],[28.8911059,41.0366196],[28.8914023,41.036655],[28.8918408,41.0367582],[28.8933917,41.037141],[28.8935576,41.03719],[28.8936686,41.0372287],[28.8937489,41.0372764],[28.8938486,41.0373414],[28.8939174,41.0373975],[28.8939692,41.0374492],[28.8939973,41.0374771],[28.8940454,41.0375364],[28.8941127,41.0376716],[28.8941499,41.0378052],[28.8942826,41.0384984]]}},{"type":"Feature","properties":{"way_id":826286356,"route_colors":["#e32726"],"route_refs":["M1B"]},"geometry":{"type":"LineString","coordinates":[[28.8942826,41.0384984],[28.8943179,41.038648],[28.8944257,41.0391048]]}},{"type":"Feature","properties":{"way_id":1501076303,"route_colors":["#e32726"],"route_refs":["M1B"]},"geometry":{"type":"LineString","coordinates":[[28.9503487,41.0071319],[28.9504153,41.0064954]]}},{"type":"Feature","properties":{"way_id":855463448,"route_colors":["#e91e76"],"route_refs":["M4"]},"geometry":{"type":"LineString","coordinates":[[29.3106399,40.9059565],[29.3105235,40.9060628],[29.3121412,40.9070746],[29.3122579,40.906968],[29.3106399,40.9059565]]}},{"type":"Feature","properties":{"way_id":823153697,"route_colors":["#e91e76"],"route_refs":["M4"]},"geometry":{"type":"LineString","coordinates":[[29.0222177,40.9904895],[29.0229611,40.9910089],[29.0235344,40.9914748],[29.0237711,40.9916068]]}},{"type":"Feature","properties":{"way_id":829466382,"route_colors":["#e91e76"],"route_refs":["M4"]},"geometry":{"type":"LineString","coordinates":[[29.0237711,40.9916068],[29.024325,40.9919393]]}},{"type":"Feature","properties":{"way_id":828815530,"route_colors":["#e91e76"],"route_refs":["M4"]},"geometry":{"type":"LineString","coordinates":[[29.024325,40.9919393],[29.0254796,40.9925075],[29.0273487,40.9937139],[29.0278903,40.9941912],[29.0283736,40.9947811],[29.028795,40.995577],[29.0299814,40.9984161],[29.030335,40.9994538],[29.0305822,41.0001803],[29.0310173,41.0014201],[29.031144,41.0017862],[29.0312318,41.0020164],[29.0315287,41.0024153],[29.0317486,41.0026412],[29.0320059,41.0028496],[29.0322927,41.0030332],[29.0326086,41.0031758],[29.0329163,41.0033141],[29.0331977,41.0034233],[29.0334708,41.0035164],[29.0338217,41.0036133],[29.0341471,41.0036675],[29.0345243,41.00369],[29.0355591,41.0036694],[29.0369341,41.0035176],[29.0383623,41.0032737],[29.040883,41.0028461],[29.0433323,41.0023939],[29.0443227,41.0021833],[29.045487,41.0019365],[29.052581,41.0006344],[29.0539662,41.0002335],[29.0550524,40.999903],[29.0590444,40.9983144],[29.0599485,40.9979489],[29.0609758,40.9975278],[29.0631383,40.9967416],[29.0694258,40.9944215],[29.0705409,40.9939726],[29.0714617,40.9936042],[29.0759028,40.9915213],[29.0850083,40.987976],[29.0859652,40.9875123],[29.0868945,40.9869764],[29.0875232,40.9864968],[29.0888573,40.9854339],[29.09026,40.9844847],[29.0916515,40.9835194],[29.0938681,40.9822412],[29.0961288,40.9805651],[29.0969154,40.9800176],[29.0973695,40.9796815],[29.0976238,40.9794232],[29.0978935,40.9791303],[29.0980784,40.978814],[29.0983552,40.9782151],[29.0985194,40.9777491],[29.099128,40.9760186],[29.099433,40.9752948],[29.0997639,40.9744862],[29.099905,40.9741126],[29.0999583,40.9739467],[29.1000045,40.9737898],[29.1000707,40.9735635],[29.1001187,40.9734091],[29.1001673,40.9732667],[29.100411,40.9725847],[29.1004857,40.9723881],[29.1005699,40.9721822],[29.1006701,40.9719678],[29.1030528,40.9674351],[29.1034443,40.9668586],[29.1044778,40.9652647],[29.1050971,40.964554],[29.1056901,40.9638496],[29.1078883,40.9616969],[29.1211712,40.9494325],[29.1218816,40.9488718],[29.1226381,40.9482748],[29.1252493,40.9464747],[29.1280603,40.9444672],[29.1354301,40.9388647],[29.1356919,40.938649],[29.1386344,40.9363239],[29.139347,40.9357512],[29.1459415,40.930482],[29.1466228,40.9298874],[29.1473302,40.9292701],[29.1487681,40.928104],[29.1492075,40.9276817],[29.1497314,40.9271102],[29.1503445,40.9263368],[29.1509623,40.9255416],[29.1514561,40.9250513],[29.1518702,40.9247405],[29.1523326,40.9244745],[29.1536412,40.9240306],[29.1546158,40.9237153],[29.1557434,40.9233582],[29.1570441,40.9230408],[29.1571996,40.9230051],[29.1642271,40.9213898],[29.1653839,40.9210096],[29.1663075,40.920721],[29.1674332,40.9203673],[29.1696044,40.9196852],[29.1706893,40.9192693],[29.1733099,40.9180509],[29.1739647,40.9177008],[29.1746706,40.9174072],[29.1754539,40.9171361],[29.1771703,40.9165661],[29.1781645,40.9162552],[29.1791383,40.9159567],[29.1814042,40.9153368],[29.1820742,40.9151897],[29.1826381,40.9150692],[29.1832303,40.9149595],[29.1838384,40.9148748],[29.1886139,40.9142652],[29.1892292,40.9141286],[29.1896279,40.9140167],[29.1899904,40.9139049],[29.1913903,40.9134284],[29.1923629,40.9131034],[29.193408,40.912743],[29.1993011,40.9106446],[29.2016458,40.9099418],[29.2049228,40.908941],[29.2052448,40.9088417],[29.2087649,40.9076376],[29.2094958,40.9073257],[29.2103542,40.9069122],[29.211193,40.9064711],[29.2121109,40.905988],[29.2141735,40.9047285],[29.2226517,40.899332],[29.2240127,40.8985081],[29.2245608,40.898182],[29.225679,40.8973746],[29.2269937,40.8965079],[29.227826,40.8959553],[29.2302254,40.8943516],[29.2377447,40.8890049],[29.2384563,40.8885542],[29.2401678,40.8874036],[29.2436001,40.8849905]]}},{"type":"Feature","properties":{"way_id":829466381,"route_colors":["#e91e76"],"route_refs":["M4"]},"geometry":{"type":"LineString","coordinates":[[29.2436001,40.8849905],[29.2446142,40.8843709]]}},{"type":"Feature","properties":{"way_id":828815533,"route_colors":["#e91e76"],"route_refs":["M4"]},"geometry":{"type":"LineString","coordinates":[[29.2446142,40.8843709],[29.2455423,40.8837848],[29.24671,40.8830109],[29.2472871,40.882671],[29.2477291,40.8824563],[29.2487168,40.8820354],[29.2496881,40.8816142],[29.2504156,40.8813321],[29.2513047,40.8810795],[29.2518899,40.8809982]]}},{"type":"Feature","properties":{"way_id":1039282501,"route_colors":["#e91e76"],"route_refs":["M4"]},"geometry":{"type":"LineString","coordinates":[[29.2518899,40.8809982],[29.2538156,40.8808665],[29.2548078,40.8808993],[29.2560495,40.8811778],[29.2569358,40.881398],[29.2582943,40.881823],[29.2590592,40.8821807],[29.2599744,40.8826806],[29.2607303,40.8834842],[29.2613348,40.884455],[29.2620365,40.8860496],[29.2624554,40.8875213]]}},{"type":"Feature","properties":{"way_id":1100884510,"route_colors":["#e91e76"],"route_refs":["M4"]},"geometry":{"type":"LineString","coordinates":[[29.2624554,40.8875213],[29.2626488,40.888829],[29.2628406,40.8899204]]}},{"type":"Feature","properties":{"way_id":825953001,"route_colors":["#e91e76"],"route_refs":["M4"]},"geometry":{"type":"LineString","coordinates":[[29.2628406,40.8899204],[29.2631232,40.8914305],[29.2648247,40.8960338],[29.2652928,40.8968462],[29.2658129,40.8975275],[29.2673785,40.8989214],[29.2687169,40.8998832],[29.2694196,40.9004678],[29.2703464,40.9012576],[29.270956,40.9016756],[29.271524,40.9020227],[29.272092,40.9023376],[29.2729327,40.9027335],[29.2737637,40.9030819],[29.2751183,40.9036264],[29.2773509,40.9045239],[29.2903961,40.910134],[29.2909774,40.9103387],[29.2916173,40.9104912],[29.292283,40.9105359],[29.2930225,40.9104564],[29.2948917,40.9101012],[29.2961025,40.9098537],[29.2984651,40.9093737],[29.2990141,40.909195],[29.2996742,40.9088627],[29.3001924,40.908362],[29.30198,40.9052581],[29.3024708,40.9047141],[29.3029875,40.9043448],[29.3036852,40.9039683],[29.304136,40.9038383],[29.3048456,40.9037684],[29.3056963,40.9037536],[29.3063098,40.9037893],[29.3070361,40.9039041],[29.3075982,40.9040952],[29.3082035,40.9044008],[29.3085691,40.9046316],[29.3091054,40.9049543]]}},{"type":"Feature","properties":{"way_id":1099732670,"route_colors":["#e91e76"],"route_refs":["M4"]},"geometry":{"type":"LineString","coordinates":[[29.3091054,40.9049543],[29.3105645,40.9058796]]}},{"type":"Feature","properties":{"way_id":1099732667,"route_colors":["#e91e76"],"route_refs":["M4"]},"geometry":{"type":"LineString","coordinates":[[29.3105645,40.9058796],[29.3114781,40.9064421]]}},{"type":"Feature","properties":{"way_id":1270681084,"route_colors":["#e91e76"],"route_refs":["M4"]},"geometry":{"type":"LineString","coordinates":[[29.3113039,40.9065924],[29.3104082,40.9060163]]}},{"type":"Feature","properties":{"way_id":1099732669,"route_colors":["#e91e76"],"route_refs":["M4"]},"geometry":{"type":"LineString","coordinates":[[29.3104082,40.9060163],[29.3089687,40.9051191]]}},{"type":"Feature","properties":{"way_id":737877413,"route_colors":["#e91e76"],"route_refs":["M4"]},"geometry":{"type":"LineString","coordinates":[[29.3089687,40.9051191],[29.3084328,40.9047786],[29.30811,40.9045863],[29.3077377,40.9044139],[29.307313,40.9042503],[29.3069637,40.9041503],[29.306384,40.9040718],[29.3058169,40.904026],[29.3050194,40.904032],[29.304231,40.9041181],[29.3036092,40.9043586],[29.3030303,40.9046636],[29.3026941,40.9049115],[29.302295,40.9053718],[29.3004665,40.9085537],[29.2999622,40.9090602],[29.2993914,40.9093785],[29.298609,40.9096804],[29.2962189,40.910164],[29.2949996,40.9104061],[29.2929914,40.9107996],[29.2922457,40.9108778],[29.2913766,40.9108299],[29.2907794,40.9106771],[29.2901823,40.9104463],[29.2771331,40.9047537],[29.2749388,40.9039099],[29.2733868,40.903313],[29.2727683,40.9030342],[29.2718959,40.9025794],[29.2713234,40.9022171],[29.2707694,40.9017901],[29.2702228,40.9013371],[29.2693029,40.900543],[29.2685852,40.8999549],[29.2677004,40.8994187],[29.267026,40.8990025],[29.2654929,40.8977223],[29.2649445,40.8970347],[29.2644419,40.8961675],[29.2627251,40.8915229],[29.2624012,40.8899493]]}},{"type":"Feature","properties":{"way_id":1100884509,"route_colors":["#e91e76"],"route_refs":["M4"]},"geometry":{"type":"LineString","coordinates":[[29.2624012,40.8899493],[29.2622388,40.8888738],[29.2620679,40.8877429],[29.2619862,40.8872995]]}},{"type":"Feature","properties":{"way_id":990054690,"route_colors":["#e91e76"],"route_refs":["M4"]},"geometry":{"type":"LineString","coordinates":[[29.2619862,40.8872995],[29.261656,40.886527],[29.2611799,40.8857971],[29.2607681,40.885231],[29.2603839,40.8847397],[29.2598905,40.884139],[29.2593405,40.8835845],[29.2585278,40.883003],[29.2578042,40.8826419],[29.257207,40.8824074],[29.2565051,40.8821512],[29.2557237,40.8818637],[29.2546742,40.881573],[29.2542164,40.8814174]]}},{"type":"Feature","properties":{"way_id":188193654,"route_colors":["#e91e76"],"route_refs":["M4"]},"geometry":{"type":"LineString","coordinates":[[29.2542164,40.8814174],[29.2534496,40.8813203],[29.2528482,40.8812984],[29.2524357,40.8813206],[29.2519242,40.881375],[29.2513812,40.8814425],[29.2505522,40.8816381],[29.2499044,40.8818927],[29.2489229,40.882282],[29.2474634,40.8828933],[29.2468459,40.8831811],[29.245646,40.8838383],[29.2447117,40.8844279]]}},{"type":"Feature","properties":{"way_id":829466384,"route_colors":["#e91e76"],"route_refs":["M4"]},"geometry":{"type":"LineString","coordinates":[[29.2447117,40.8844279],[29.2436687,40.8850781]]}},{"type":"Feature","properties":{"way_id":680580191,"route_colors":["#e91e76"],"route_refs":["M4"]},"geometry":{"type":"LineString","coordinates":[[29.2436687,40.8850781],[29.2426674,40.8858371],[29.2419414,40.8865021],[29.2415477,40.8868556],[29.2403987,40.8876165],[29.2387037,40.888738],[29.2305708,40.8945253],[29.2281296,40.8961604],[29.2272572,40.89673],[29.2259491,40.8975971],[29.2247179,40.8982835],[29.2241271,40.8986188],[29.2227631,40.899433],[29.2216943,40.9001097],[29.2206068,40.9009135],[29.2145274,40.9049119],[29.2123379,40.9062233],[29.2114329,40.9067184],[29.2105937,40.9071531],[29.2097097,40.9075287],[29.2088918,40.9078191],[29.20606,40.9086532],[29.2041487,40.9092757],[29.2017546,40.9100571],[29.1994866,40.9108797],[29.1935107,40.913033],[29.1925537,40.9133488],[29.1915322,40.9136901],[29.1900735,40.9141047],[29.1896662,40.9141915],[29.1892679,40.9142709],[29.1886443,40.9143655],[29.1883472,40.9144038],[29.1840859,40.914922],[29.1832844,40.9150857],[29.1826543,40.9152203],[29.1821466,40.9153724],[29.1815081,40.91557],[29.1792857,40.916229],[29.1782602,40.9165317],[29.1773028,40.9168257],[29.1756218,40.9173777],[29.1748611,40.9176427],[29.174157,40.9179077],[29.1733821,40.9181995],[29.1708064,40.9194081],[29.169742,40.9199],[29.1675163,40.9206634],[29.166484,40.9209801],[29.1655038,40.9212883],[29.164329,40.9216115],[29.1571704,40.9232671],[29.155941,40.923616],[29.1547762,40.923976],[29.1537737,40.9243005],[29.1525713,40.9247449],[29.1520912,40.9249776],[29.1516839,40.9252262],[29.1511802,40.9256066],[29.1504483,40.92638],[29.1498364,40.9271529],[29.1493588,40.9277735],[29.147632,40.9294836],[29.1469212,40.9300859],[29.1461758,40.930727],[29.1446966,40.9316994],[29.142272,40.9336487],[29.1417201,40.9342449],[29.1404264,40.9353442],[29.1396261,40.935967],[29.1389306,40.9365243],[29.1353023,40.9390742],[29.1283637,40.9443887],[29.1281257,40.9445904],[29.1229073,40.9484728],[29.1221783,40.9490668],[29.1214657,40.949623],[29.1081046,40.9618815],[29.1063823,40.9641734],[29.1057894,40.9648655],[29.1051919,40.9655631],[29.1036645,40.9670164],[29.1032189,40.9675011],[29.1008808,40.9720257],[29.1006706,40.972618],[29.1003639,40.9740107],[29.10018,40.974597],[29.0998599,40.9753776],[29.0995529,40.9761317],[29.0988923,40.9777721],[29.0986433,40.9782657],[29.0982599,40.9788652],[29.0980251,40.9791979],[29.0977813,40.9794855],[29.0974798,40.9797548],[29.097011,40.9800906],[29.0962155,40.9806581],[29.0940208,40.9823761],[29.0919914,40.9837383],[29.0905702,40.9847125],[29.0892367,40.9856234],[29.0877692,40.9867103],[29.0870285,40.9871699],[29.0861105,40.987681],[29.085106,40.988122],[29.0761353,40.9915828],[29.071689,40.9939003],[29.070757,40.9942698],[29.0697228,40.9946761],[29.0691875,40.9948909],[29.0628004,40.9971856],[29.0601983,40.9982261],[29.059299,40.9985873],[29.0552418,41.000113],[29.0540253,41.0004978],[29.0526464,41.0008678],[29.0454878,41.0023069],[29.0444678,41.0025088],[29.0434451,41.0027092],[29.0409762,41.0029464],[29.0384001,41.0033795],[29.0369716,41.0035936],[29.0355935,41.0037848],[29.0345522,41.0038828],[29.0340924,41.003879],[29.0336326,41.00382],[29.0331263,41.0036748],[29.0327577,41.003568],[29.0322907,41.0033852],[29.0319541,41.0031909],[29.0316433,41.0029973],[29.0314408,41.0028448],[29.0312467,41.0026982],[29.0310047,41.0024451],[29.0308718,41.0022066],[29.0307432,41.0019201],[29.0306084,41.0015351],[29.0301688,41.0002547],[29.0299476,40.9996226],[29.0291978,40.9974097],[29.0284238,40.9956376],[29.0280337,40.9948339],[29.0275859,40.9942828],[29.0270312,40.9938169],[29.0252525,40.9926902],[29.0242595,40.9920163]]}},{"type":"Feature","properties":{"way_id":829466383,"route_colors":["#e91e76"],"route_refs":["M4"]},"geometry":{"type":"LineString","coordinates":[[29.0242595,40.9920163],[29.0237067,40.991677]]}},{"type":"Feature","properties":{"way_id":499547384,"route_colors":["#e91e76"],"route_refs":["M4"]},"geometry":{"type":"LineString","coordinates":[[29.0237067,40.991677],[29.0234682,40.9915538],[29.0228298,40.9913068],[29.0219242,40.9907057]]}},{"type":"Feature","properties":{"way_id":821860930,"route_colors":["#00a8e1"],"route_refs":["M3"]},"geometry":{"type":"LineString","coordinates":[[28.8679821,40.9735585],[28.8705062,40.97322],[28.8709684,40.9732152],[28.8713074,40.9732453],[28.8716582,40.9732823],[28.8720459,40.9733379],[28.8726796,40.9734631],[28.8736265,40.9736339],[28.8741379,40.9737405],[28.8748511,40.9738896],[28.8756036,40.9741096],[28.8760604,40.9743087],[28.8764002,40.9745173],[28.8767168,40.9747222],[28.8769649,40.9749139],[28.8773084,40.9753217],[28.8775013,40.9755945],[28.8777458,40.9759942],[28.8778701,40.9762949],[28.8779042,40.976649],[28.8778574,40.9768989],[28.8777876,40.977143],[28.8776658,40.9774412],[28.8773972,40.9778632],[28.877198,40.9781329],[28.8767624,40.9786896],[28.8753587,40.9802925],[28.8751519,40.9805748],[28.8747868,40.9810821],[28.8743051,40.9817899],[28.8724692,40.9845423],[28.8722994,40.9849403],[28.8722957,40.9849521],[28.8721193,40.9854544],[28.8720627,40.98599],[28.8720258,40.9866779],[28.8720517,40.987094],[28.8721044,40.9876597],[28.8721762,40.9880148],[28.8723181,40.9884287],[28.8725117,40.9889173],[28.8727957,40.989474],[28.873357,40.9902997],[28.8738182,40.9908495],[28.8757876,40.9927345],[28.8760177,40.9930301],[28.8761704,40.9933257],[28.8762722,40.9936666],[28.8763481,40.9940659],[28.8763791,40.9945096],[28.8763861,40.9948918],[28.8763652,40.9952054],[28.8763221,40.9955135],[28.8762701,40.9957574],[28.8762146,40.9959596],[28.8760961,40.996257],[28.8753178,40.9976509],[28.874421,40.999257],[28.8741715,40.9996417],[28.8739679,40.9999199],[28.8738248,41.0001533],[28.8736728,41.0006288],[28.87352,41.0017489],[28.873498,41.0025506],[28.8734693,41.0028261],[28.8733967,41.0030997],[28.8732279,41.0033203],[28.8718966,41.0047045],[28.8712139,41.0053718],[28.8667812,41.0107723],[28.8663907,41.0111408],[28.8657307,41.0117328],[28.8642598,41.013052],[28.8635493,41.0137197],[28.8630358,41.0142879],[28.8625993,41.0148415],[28.8623619,41.01515],[28.862146,41.015479],[28.8618441,41.0161031],[28.861502,41.01708],[28.8613669,41.0173656],[28.8611699,41.0176786],[28.8609812,41.0178822],[28.8606297,41.0181723],[28.8601077,41.0185075],[28.8578319,41.019572],[28.8570102,41.0199334],[28.8562916,41.0201899],[28.8553686,41.0204538],[28.8524155,41.0211877],[28.8518967,41.0213903],[28.8514423,41.0216122],[28.8508568,41.0219595],[28.8504759,41.0222677],[28.8501001,41.0226438],[28.8497425,41.0230691],[28.8495009,41.023407],[28.8490642,41.0241523]]}},{"type":"Feature","properties":{"way_id":1499367594,"route_colors":["#00a8e1"],"route_refs":["M3"]},"geometry":{"type":"LineString","coordinates":[[28.8490642,41.0241523],[28.8488887,41.0244519],[28.8484544,41.0252675],[28.8480788,41.0259558],[28.8476158,41.0268045],[28.8474433,41.0270905],[28.8471772,41.0274651],[28.8468106,41.0277543],[28.8454352,41.0285917],[28.8451333,41.0288272],[28.8449436,41.0289955],[28.8447594,41.0292137],[28.8436028,41.0311341],[28.8430803,41.0320516],[28.8425644,41.0329134],[28.8422333,41.0335041]]}},{"type":"Feature","properties":{"way_id":821860880,"route_colors":["#00a8e1"],"route_refs":["M3"]},"geometry":{"type":"LineString","coordinates":[[28.8422333,41.0335041],[28.8417314,41.0343496],[28.8413082,41.0350298],[28.8409083,41.0354654],[28.8404057,41.0358455],[28.8396454,41.036376],[28.8376656,41.0373726],[28.8370598,41.0378663],[28.8367081,41.0383784],[28.8365044,41.0389369],[28.8363016,41.0396418],[28.8361223,41.0404308],[28.8359377,41.0412118],[28.8354371,41.0428155],[28.8341378,41.0460032],[28.8308918,41.05169],[28.830567,41.0522733],[28.830418,41.0525946],[28.8303385,41.0528851],[28.8303074,41.0531703],[28.8303248,41.0534549],[28.8303821,41.0537603],[28.8306126,41.0548896],[28.8308902,41.0561839],[28.8309981,41.0566503],[28.8310565,41.0571593],[28.8310234,41.0577422],[28.8308817,41.058467],[28.8306106,41.0592755],[28.8300313,41.0603627],[28.8281581,41.0630855],[28.8267635,41.0644762],[28.8260847,41.065077],[28.825393,41.0656782],[28.8243067,41.0665514],[28.8221377,41.0678522],[28.8208436,41.068354],[28.8192846,41.0687303],[28.8178673,41.06893],[28.807297,41.0693441],[28.806375,41.0695107],[28.8057527,41.0697384],[28.8052535,41.0700822],[28.8038216,41.0713956],[28.8030407,41.0720944],[28.8024695,41.072607],[28.8019985,41.0730295],[28.8005921,41.0742694],[28.79951,41.0752461],[28.7978837,41.0775194],[28.7975447,41.0780536],[28.7973907,41.078532],[28.7973106,41.0792427],[28.7973216,41.0799033],[28.7973936,41.0803206],[28.7976309,41.0811589],[28.7978309,41.08185],[28.7979375,41.0822247],[28.7981117,41.0833488],[28.7980993,41.0844728],[28.7977727,41.0859683],[28.797051,41.0875292],[28.7966542,41.0882794],[28.7962773,41.0889848],[28.7958758,41.0896897],[28.7954672,41.0902964],[28.7947577,41.0909125],[28.7919187,41.0932273],[28.7913518,41.09378],[28.7909759,41.0944487],[28.7908527,41.0951221],[28.7908502,41.0958222],[28.7911481,41.0968954],[28.7914561,41.0977803],[28.791695,41.0984528],[28.792082,41.0990738],[28.7926013,41.099731],[28.7931978,41.1001705],[28.7937489,41.1005134],[28.8008661,41.1034387],[28.8011129,41.1035923],[28.8012911,41.10376],[28.8013749,41.1038922],[28.80145,41.1041081],[28.8015075,41.1043434],[28.8015809,41.1061405],[28.8016038,41.1074087],[28.8016211,41.1082043],[28.8016417,41.1090877],[28.8016431,41.1101876],[28.8014313,41.1129256],[28.8013679,41.1131674],[28.8012534,41.1134533],[28.8010913,41.1137843],[28.8008664,41.1140939],[28.8005968,41.1143418],[28.800237,41.1145742],[28.7999243,41.1147301],[28.7994409,41.1149181],[28.7989955,41.1150387],[28.7986305,41.1151148],[28.7980741,41.1152044],[28.7977709,41.1152295],[28.7974301,41.1152343],[28.7968982,41.1152074],[28.7964652,41.1151748],[28.7960202,41.1151098],[28.7954465,41.1150044],[28.7946102,41.114819],[28.7937555,41.114576],[28.7904668,41.1135424],[28.7861808,41.1121548],[28.7858589,41.1120238],[28.7855936,41.1118928],[28.785112,41.1115953],[28.7847216,41.1112864],[28.7843633,41.1108768],[28.7840763,41.1104866],[28.7838701,41.1101719],[28.7836488,41.1097712],[28.7835019,41.1092582],[28.7834436,41.1087629],[28.7834688,41.1062242],[28.7834602,41.1058901],[28.7834198,41.1055108],[28.7833137,41.1052455],[28.783256,41.1051113],[28.7831208,41.1049178]]}},{"type":"Feature","properties":{"way_id":826515296,"route_colors":["#00a8e1"],"route_refs":["M3"]},"geometry":{"type":"LineString","coordinates":[[28.7831208,41.1049178],[28.7827493,41.1045325],[28.7824596,41.1043181],[28.782009,41.1040445],[28.7816469,41.1038687],[28.7809613,41.1036983],[28.78045,41.1036039],[28.7793626,41.1034826]]}},{"type":"Feature","properties":{"way_id":826515295,"route_colors":["#00a8e1"],"route_refs":["M3"]},"geometry":{"type":"LineString","coordinates":[[28.7793626,41.1034826],[28.7792879,41.1034744],[28.7788423,41.1034256],[28.7775639,41.1032857],[28.7761734,41.1031334],[28.7742893,41.1029996],[28.773251,41.1028724],[28.7728003,41.1028491],[28.7722898,41.102861],[28.7719643,41.1028926],[28.771671,41.1029241],[28.771326,41.1030049],[28.7710453,41.1030857],[28.7707898,41.1031789],[28.7705128,41.1032964],[28.7700271,41.1035879],[28.7696405,41.1038901],[28.7693143,41.1041943],[28.7690717,41.1044446],[28.768906,41.1046716],[28.7687176,41.1050542],[28.7682602,41.1068788],[28.768059,41.1077392],[28.7678264,41.1086952],[28.7667731,41.1132984],[28.7666713,41.1138251],[28.7665713,41.1143438],[28.7664871,41.1151178],[28.766388,41.116006],[28.7663511,41.1173738],[28.7663647,41.1179633],[28.7663849,41.1190274]]}},{"type":"Feature","properties":{"way_id":826515294,"route_colors":["#00a8e1"],"route_refs":["M3"]},"geometry":{"type":"LineString","coordinates":[[28.7663074,41.1190194],[28.7662886,41.1179622],[28.7662612,41.1173698],[28.7662428,41.1159691],[28.7662517,41.1151246],[28.7663199,41.1143559],[28.7663715,41.1137631],[28.7664372,41.1133077],[28.7674353,41.1085721],[28.7676568,41.1076722],[28.767853,41.1068258],[28.7683202,41.1049494],[28.7684172,41.1047344],[28.7686196,41.1043967],[28.7689951,41.103934],[28.7693706,41.1036206],[28.7698963,41.1032547],[28.7704221,41.1030062],[28.7707546,41.1028713],[28.7712038,41.1027615],[28.7717687,41.1026802],[28.7722361,41.1026802],[28.77275,41.1026994],[28.7732184,41.1027415],[28.7741783,41.1028539],[28.7775767,41.1032421],[28.7788489,41.1033874],[28.7792941,41.1034383],[28.7793644,41.1034463]]}},{"type":"Feature","properties":{"way_id":826515293,"route_colors":["#00a8e1"],"route_refs":["M3"]},"geometry":{"type":"LineString","coordinates":[[28.7793644,41.1034463],[28.780461,41.1035571],[28.7809889,41.1036533],[28.7816688,41.1038302],[28.7820512,41.1039935],[28.7825098,41.1042642],[28.7828059,41.1044923],[28.7832428,41.1048887]]}},{"type":"Feature","properties":{"way_id":318005817,"route_colors":["#00a8e1"],"route_refs":["M3"]},"geometry":{"type":"LineString","coordinates":[[28.7832428,41.1048887],[28.7833344,41.1049869],[28.7835589,41.105331],[28.7837381,41.1057447],[28.7838008,41.1062557],[28.7839028,41.1087592],[28.7839942,41.1092683],[28.7842059,41.1098787],[28.7844334,41.1102455],[28.78474,41.1106949],[28.7850258,41.1110142],[28.7854451,41.1113935],[28.7856488,41.1115267],[28.7859374,41.1116812],[28.7863874,41.111851],[28.790655,41.1132374],[28.7938512,41.1142568],[28.7942649,41.1143685],[28.7947323,41.1144803],[28.7953201,41.114591],[28.7958328,41.1146653],[28.7964045,41.1147383],[28.7968307,41.1147764],[28.7972516,41.1147741],[28.7976214,41.1147673],[28.7980877,41.114712],[28.7984736,41.1146491],[28.7988804,41.1145631],[28.7992012,41.1144788],[28.7995107,41.1143553],[28.7997865,41.1142374],[28.8000409,41.1141034],[28.8003827,41.1138895],[28.8006493,41.1136514],[28.8008087,41.1134719],[28.8009144,41.1132924],[28.8010033,41.1131091],[28.8010493,41.11295],[28.8013923,41.1102219],[28.8013953,41.1090952],[28.8013707,41.1082082],[28.8013483,41.1074035],[28.8013136,41.1061533],[28.8012638,41.1043617],[28.8012111,41.1041726],[28.801116,41.1039441],[28.8010228,41.1038142],[28.8009,41.103702],[28.800684,41.1035666],[28.7936091,41.1007059],[28.7928631,41.1002833],[28.7923759,41.0998235],[28.7918659,41.0992005],[28.7914624,41.0984976],[28.7912054,41.0978308],[28.7908885,41.0968989],[28.7905705,41.0958523],[28.7905441,41.0951],[28.7906849,41.0944137],[28.7911196,41.0936974],[28.7916451,41.0931668],[28.7946061,41.0907935],[28.7952482,41.0902043],[28.7956182,41.0896413],[28.7960732,41.0889248],[28.7964387,41.0882116],[28.796835,41.0874598],[28.7975175,41.0858801],[28.7978484,41.0844468],[28.7978664,41.0833432],[28.7976938,41.0822761],[28.7975932,41.0818885],[28.797397,41.0812117],[28.797155,41.0803614],[28.7970811,41.0799784],[28.7970654,41.0791881],[28.7971355,41.0784998],[28.79731,41.0779696],[28.7976225,41.0774699],[28.799292,41.075172],[28.8013504,41.0732837],[28.8018246,41.0728691],[28.8022334,41.0725117],[28.8028419,41.0719797],[28.8037015,41.0711844],[28.8043621,41.0705935],[28.8050957,41.0699589],[28.8055956,41.0696036],[28.8063573,41.0693287],[28.8071776,41.0691652],[28.8178051,41.0687543],[28.819232,41.0685683],[28.8206589,41.0682205],[28.8220751,41.0676462],[28.8241779,41.0664248],[28.8252202,41.065558],[28.8259022,41.0649529],[28.8265894,41.0643555],[28.8279811,41.0629895],[28.8298389,41.0603161],[28.8304318,41.0592147],[28.8307437,41.0584393],[28.8308777,41.057728],[28.8309072,41.057155],[28.8308576,41.0566464],[28.8307643,41.0561852],[28.8305816,41.0552752],[28.8302532,41.0537699],[28.8301955,41.0534425],[28.8301743,41.0531642],[28.8302121,41.0528848],[28.8303006,41.0525477],[28.8304466,41.0522367],[28.8307665,41.051629],[28.8339278,41.0459448],[28.8352516,41.042778],[28.8356687,41.0412095],[28.8358614,41.0403852],[28.8360607,41.0395613],[28.8362194,41.0388997],[28.8364506,41.0383595],[28.8368475,41.0377931],[28.8374645,41.0372428],[28.8393795,41.0362959],[28.8402486,41.0357132],[28.8406851,41.0353531],[28.8410655,41.0349471],[28.8415087,41.0342994],[28.8420437,41.0334121]]}},{"type":"Feature","properties":{"way_id":1499367595,"route_colors":["#00a8e1"],"route_refs":["M3"]},"geometry":{"type":"LineString","coordinates":[[28.8420437,41.0334121],[28.8423866,41.0328357],[28.842869,41.0319731],[28.8433984,41.0310681],[28.844603,41.0291253],[28.8447528,41.0289376],[28.8449027,41.0287998],[28.8451022,41.0286371],[28.8453018,41.0285077],[28.8466535,41.0276829],[28.8469807,41.0273894],[28.8472357,41.0270416],[28.8473939,41.0267634],[28.8478547,41.025915],[28.8482417,41.0252026],[28.8486877,41.0243949],[28.8488499,41.0241145]]}},{"type":"Feature","properties":{"way_id":318004089,"route_colors":["#00a8e1"],"route_refs":["M3"]},"geometry":{"type":"LineString","coordinates":[[28.8488499,41.0241145],[28.8493106,41.0233178],[28.8495998,41.0228987],[28.8498337,41.0226045],[28.8501442,41.0222878],[28.8504601,41.0220086],[28.8507767,41.0217464],[28.8512941,41.0214135],[28.8518458,41.021126],[28.8522604,41.0209579],[28.8552099,41.020196],[28.8561043,41.019935],[28.8569286,41.019608],[28.8576153,41.0193103],[28.8598591,41.018277],[28.8603651,41.0179413],[28.8607157,41.0176241],[28.860881,41.0173884],[28.861017,41.0171227],[28.8611364,41.0168742],[28.8614649,41.0159792],[28.8617492,41.0153444],[28.861967,41.0150225],[28.8621848,41.0147339],[28.8627418,41.0140483],[28.8632882,41.0134691],[28.8639119,41.0128649],[28.8653897,41.0115402],[28.8660817,41.0109199],[28.8665281,41.0104802],[28.8708427,41.0052479],[28.8715119,41.0045686],[28.8729136,41.0031576],[28.8730894,41.0028878],[28.8731812,41.0026724],[28.8732538,41.0024454],[28.8733978,41.0017399],[28.8735802,41.0006113],[28.8736773,41.0000981],[28.873847,40.9996189],[28.8740438,40.9991709],[28.8742406,40.9987804],[28.8748923,40.9975849],[28.8755856,40.9963132],[28.8757141,40.996016],[28.8758117,40.9957444],[28.8758704,40.9955005],[28.8759202,40.9952264],[28.8759514,40.99488],[28.8759558,40.9946008],[28.8759365,40.994227],[28.8758949,40.9938801],[28.8757748,40.9934472],[28.875694,40.9932727],[28.8755375,40.993004],[28.8734246,40.9910443],[28.8729639,40.9904818],[28.8724358,40.9896991],[28.8720491,40.9890345],[28.8718512,40.9885622],[28.8717157,40.9881167],[28.8716333,40.9877618],[28.8715398,40.9871126],[28.8715153,40.9867105],[28.871567,40.9860257],[28.8716779,40.9853328],[28.8718405,40.9848426],[28.8720477,40.9844063],[28.8738997,40.981648],[28.8744055,40.9809348],[28.8747759,40.9803983],[28.874987,40.9801426],[28.8763994,40.9785278],[28.8767781,40.9780682],[28.8769797,40.9777795],[28.8772877,40.9773247],[28.8773961,40.9770992],[28.8774904,40.9768439],[28.8775285,40.9766028],[28.8775167,40.9763351],[28.877402,40.9760454],[28.8772609,40.9757199],[28.8770445,40.9754164],[28.876808,40.9751175],[28.8764688,40.9748677],[28.876199,40.9746656],[28.875855,40.9744667],[28.8754221,40.9742653],[28.8747665,40.974019],[28.8744568,40.9739205],[28.8740933,40.9738239],[28.8736034,40.973712],[28.8726462,40.973534],[28.8720341,40.9734459],[28.8716756,40.9734112],[28.8713018,40.9733811],[28.87094,40.9733804],[28.8705504,40.9733912],[28.8680341,40.9737426]]}},{"type":"Feature","properties":{"way_id":318005818,"route_colors":["#ffd400"],"route_refs":["M9"]},"geometry":{"type":"LineString","coordinates":[[28.8562935,40.9800081],[28.8554289,40.9800276],[28.8537524,40.9800081],[28.8527796,40.9800084],[28.8513579,40.9800089],[28.8497077,40.9801045],[28.8479626,40.9802222],[28.8473242,40.9803045],[28.8466502,40.9804137],[28.8459037,40.9805947],[28.8454126,40.980732],[28.844741,40.9809446],[28.8441271,40.9812195],[28.8436471,40.9814674],[28.8432336,40.9817308],[28.8427131,40.9821289],[28.8422829,40.9825052],[28.8390732,40.9866119],[28.8387855,40.9871282],[28.8386017,40.9876288],[28.8382928,40.9886542],[28.8381194,40.9894637],[28.8378947,40.990566],[28.8377072,40.9909965],[28.8374807,40.9913422],[28.8371648,40.9917186],[28.8368266,40.9919894],[28.8364884,40.9922177],[28.8359603,40.9925039],[28.8353513,40.9927122],[28.8347145,40.9928618],[28.834051,40.9929495],[28.8335143,40.9929916],[28.8327705,40.9930126],[28.831986,40.9929915],[28.8314741,40.9929658],[28.8255242,40.9926916],[28.8250845,40.9927223],[28.8246159,40.9928195],[28.824168,40.992998],[28.8238107,40.9932046],[28.8235625,40.9934263],[28.8233307,40.99374],[28.8231909,40.9939943],[28.8231401,40.9942503],[28.8231152,40.9944967],[28.8231125,40.9971609],[28.8230775,40.9978312],[28.8230064,40.9982428],[28.822819,40.99926],[28.822727,40.9997593],[28.8226348,41.0002594],[28.8221676,41.001698],[28.8219031,41.0023364],[28.8214926,41.0029172],[28.8198258,41.004454],[28.8193346,41.0051964],[28.8191398,41.0055317],[28.8188131,41.006234],[28.8186086,41.0066724],[28.8183199,41.0073801],[28.8181873,41.007867],[28.8181398,41.008315],[28.8181435,41.0144051],[28.8181549,41.0149429],[28.8181669,41.0155052],[28.8181615,41.0158919],[28.8181244,41.0165168],[28.817981,41.0176175],[28.8168548,41.0245975],[28.8167821,41.0250791],[28.816709,41.0255639],[28.8163931,41.0275502],[28.8150779,41.032511],[28.8149194,41.0332421],[28.8145375,41.0351567],[28.8143397,41.0362351],[28.8142134,41.0369237],[28.8141313,41.0373711],[28.8135897,41.0401375],[28.8134985,41.0405519],[28.8134067,41.0407937],[28.8132389,41.0410615],[28.8130602,41.0412603],[28.812743,41.0415584],[28.8070884,41.0449174],[28.8066077,41.0451704],[28.8061371,41.045418],[28.8048733,41.046074],[28.8023406,41.0472898],[28.8019875,41.0474988],[28.8017466,41.0476722],[28.8014249,41.0479106],[28.801187,41.0481246],[28.7994776,41.0502013],[28.7991727,41.0505773],[28.7990672,41.0509109],[28.7989883,41.0516882],[28.7989581,41.0521866],[28.7989344,41.0527334],[28.7989402,41.0531404],[28.7989816,41.0534341],[28.7990682,41.0537521],[28.7995165,41.0550923],[28.7995776,41.0554652],[28.7995303,41.0580592],[28.7994906,41.0585053],[28.7994585,41.0592466],[28.7994592,41.0598095],[28.7996443,41.0605908],[28.7998682,41.0611044],[28.8002405,41.0616545],[28.8006436,41.0620837],[28.801362,41.0625583],[28.8042749,41.0639891],[28.8054039,41.0645366],[28.8062365,41.0651467],[28.8066974,41.0655809],[28.8069956,41.0659631],[28.8071144,41.0662179],[28.8071501,41.0664156],[28.8071284,41.0669457],[28.8070379,41.0672466],[28.8069062,41.0675209],[28.8066004,41.0680875],[28.8062467,41.0686443],[28.8058518,41.0691082],[28.8043511,41.0704897],[28.8036277,41.0711522],[28.8027429,41.0719229],[28.8016025,41.0729629],[28.8011531,41.0733654],[28.8000287,41.0743774],[28.799747,41.0746046],[28.7994063,41.0747692],[28.7989422,41.0748573],[28.7984196,41.0749101],[28.7978545,41.0749058],[28.7921658,41.0744078],[28.79034,41.0744088],[28.7874578,41.0745924],[28.786412,41.0746891],[28.7853717,41.0747799],[28.780952,41.0752615],[28.7797886,41.0754567],[28.7789881,41.0756536],[28.7784656,41.0758682]]}},{"type":"Feature","properties":{"way_id":314698750,"route_colors":["#ffd400"],"route_refs":["M9"]},"geometry":{"type":"LineString","coordinates":[[28.7784656,41.0758682],[28.7728325,41.078665]]}},{"type":"Feature","properties":{"way_id":314698754,"route_colors":["#ffd400"],"route_refs":["M9"]},"geometry":{"type":"LineString","coordinates":[[28.7728325,41.078665],[28.7726475,41.0787625],[28.7720564,41.0790397],[28.771692,41.0791641],[28.7713764,41.0792342],[28.7699172,41.079482]]}},{"type":"Feature","properties":{"way_id":821860912,"route_colors":["#ffd400"],"route_refs":["M9"]},"geometry":{"type":"LineString","coordinates":[[28.7688361,41.0794713],[28.7693598,41.0794765],[28.7699172,41.079482]]}},{"type":"Feature","properties":{"way_id":821860934,"route_colors":["#ffd400"],"route_refs":["M9"]},"geometry":{"type":"LineString","coordinates":[[28.7670768,41.0796429],[28.7688361,41.0794713]]}},{"type":"Feature","properties":{"way_id":821860933,"route_colors":["#ffd400"],"route_refs":["M9"]},"geometry":{"type":"LineString","coordinates":[[28.7688361,41.0794713],[28.7698636,41.0793324],[28.7713108,41.0791349],[28.7716056,41.0790689],[28.7720445,41.078968],[28.7727867,41.0786126]]}},{"type":"Feature","properties":{"way_id":821860890,"route_colors":["#ffd400"],"route_refs":["M9"]},"geometry":{"type":"LineString","coordinates":[[28.7727867,41.0786126],[28.7784091,41.0758037]]}},{"type":"Feature","properties":{"way_id":821860889,"route_colors":["#ffd400"],"route_refs":["M9"]},"geometry":{"type":"LineString","coordinates":[[28.7784091,41.0758037],[28.7789307,41.0755613],[28.779731,41.0753328],[28.7808398,41.0751376],[28.7853029,41.0744482],[28.7863472,41.0743574],[28.7874858,41.0742471],[28.7901999,41.0741251],[28.7922736,41.0741578],[28.7978691,41.0747505],[28.7985259,41.0747333],[28.7989247,41.0746761],[28.7993415,41.0745945],[28.799659,41.0744542],[28.799896,41.0742844],[28.8010908,41.0731905],[28.802572,41.0718243],[28.8034331,41.0710339],[28.8041472,41.0703869],[28.8056659,41.0689776],[28.8058729,41.068728],[28.8060631,41.0684988],[28.8064099,41.0679553],[28.8066186,41.0675026],[28.8067363,41.0672141],[28.8067951,41.0669477],[28.8067811,41.0664196],[28.8067243,41.066225],[28.8066381,41.0660393],[28.8064063,41.0656927],[28.8059597,41.0653195],[28.8051459,41.064797],[28.8040119,41.0642501],[28.801011,41.0627859],[28.8003019,41.0622974],[28.7998905,41.0618845],[28.7994373,41.0612716],[28.799227,41.0607298],[28.7991089,41.0603204],[28.7990262,41.0599431],[28.7990273,41.0592531],[28.7990883,41.0584764],[28.7991342,41.0569694],[28.7991394,41.0554644],[28.7991055,41.0551399],[28.7986478,41.0537773],[28.7985582,41.0534261],[28.7985074,41.0530311],[28.7985262,41.0526598],[28.7985434,41.0521736],[28.7985612,41.051671],[28.7986302,41.0508299],[28.7987708,41.0504927],[28.7989713,41.0501933],[28.8009634,41.0477978],[28.8012319,41.0475712],[28.8015133,41.0473544],[28.8017736,41.0471737],[28.8020726,41.0469931],[28.8037835,41.0462049],[28.8059027,41.0451733],[28.8063846,41.044917],[28.8068477,41.0446708],[28.8123007,41.0414573],[28.8125686,41.041256],[28.8127399,41.0410744],[28.8129707,41.040757],[28.8131122,41.0404131],[28.813192,41.0401521],[28.8137311,41.0373447],[28.813806,41.0368886],[28.8139135,41.0362341],[28.8140956,41.0351249],[28.814479,41.0331647],[28.8146464,41.0324048],[28.8159634,41.0275147],[28.8162811,41.0255215],[28.8163593,41.0250471],[28.8164316,41.0245191],[28.8175886,41.0175308],[28.8177275,41.0164336],[28.8177644,41.0158333],[28.8177682,41.0154908],[28.8177513,41.014949],[28.8177342,41.0143989],[28.817726,41.0083066],[28.8177699,41.0078521],[28.817904,41.0072902],[28.8182154,41.0065677],[28.8184242,41.0061267],[28.8187289,41.0054711],[28.8188956,41.0051358],[28.8195127,41.0043185],[28.8212601,41.0027764],[28.8216333,41.0022703],[28.8219282,41.0016248],[28.8223899,41.0002181],[28.8224784,40.9997335],[28.8225696,40.9992338],[28.8227563,40.9982107],[28.8228261,40.9978017],[28.8228448,40.9971513],[28.8228432,40.9945167],[28.8228808,40.9942429],[28.8229432,40.9940065],[28.8230164,40.9938176],[28.8231403,40.9935907],[28.8233538,40.9933198],[28.8236433,40.9930728],[28.8240387,40.992833],[28.8244577,40.9926469],[28.8250299,40.9925013],[28.8254758,40.9924854],[28.8315316,40.9927555],[28.832045,40.9927643],[28.8327726,40.9927625],[28.8335107,40.9927477],[28.83403,40.9926889],[28.8346564,40.9925894],[28.8352264,40.9924696],[28.8357987,40.9922692],[28.8362499,40.9919928],[28.8365927,40.9917537],[28.8368721,40.991502],[28.8370954,40.9912504],[28.83733,40.9908945],[28.8375054,40.9904983],[28.8377001,40.9894187],[28.8378638,40.9886218],[28.8381754,40.9875867],[28.8383763,40.9870427],[28.8386735,40.9864865],[28.8419827,40.9823467],[28.8424298,40.9819074],[28.8430686,40.981474],[28.8436012,40.981182],[28.8440121,40.9809841],[28.844539,40.9808064],[28.8451646,40.9805992],[28.8457762,40.9804276],[28.8465733,40.9802553],[28.8472312,40.980141],[28.847926,40.9800594],[28.8497259,40.9799564],[28.8513681,40.979919],[28.8527843,40.9799174],[28.8537654,40.9799162],[28.8539652,40.979916],[28.855435,40.9798542],[28.8562751,40.979832]]}},{"type":"Feature","properties":{"way_id":813207981,"route_colors":["#009a4c"],"route_refs":["M2"]},"geometry":{"type":"LineString","coordinates":[[29.0329566,41.1414596],[29.0303462,41.1398775],[29.0276252,41.1383372],[29.0267369,41.1377327],[29.0265743,41.137571],[29.0264504,41.1373802],[29.0262738,41.1369495],[29.0261771,41.1366274],[29.0260195,41.1360526],[29.0259331,41.1357069]]}},{"type":"Feature","properties":{"way_id":823052083,"route_colors":["#009a4c"],"route_refs":["M2"]},"geometry":{"type":"LineString","coordinates":[[29.0259331,41.1357069],[29.0248462,41.1317375],[29.0247369,41.1313579],[29.0247032,41.1308231],[29.0248677,41.1292867],[29.0249811,41.1284757],[29.0252477,41.1270584],[29.0253461,41.1265523],[29.0252542,41.1260546],[29.0248828,41.1250715],[29.0248003,41.1248741],[29.024052,41.1231329],[29.0239297,41.1228147],[29.0237956,41.1224389],[29.0237399,41.1221554],[29.0237059,41.1218374],[29.0236865,41.1214399],[29.0236954,41.1210699],[29.0237315,41.1206826],[29.0239231,41.1188473],[29.0239613,41.1181945],[29.0240227,41.1172407],[29.0240963,41.1163836],[29.0243521,41.1140511],[29.0244688,41.113528],[29.0251911,41.1107302],[29.0252421,41.110277],[29.0251418,41.1099163],[29.0250594,41.1097417],[29.024882,41.1095104],[29.0244919,41.1091624],[29.0241092,41.1089218],[29.0238284,41.108772],[29.0234167,41.1086257],[29.0227233,41.1084554],[29.0219816,41.1083374],[29.0209202,41.1082049],[29.0198772,41.1080816],[29.0177071,41.1078217],[29.0168672,41.1076639],[29.0161667,41.1074738],[29.0153751,41.107219],[29.0146908,41.1069318],[29.0139812,41.1066023],[29.0132448,41.1061839],[29.0126317,41.1058017],[29.0093694,41.1035086],[29.0077452,41.1021046],[29.006956,41.1012017],[29.0066805,41.100673],[29.0065048,41.1002326],[29.0054479,41.095897],[29.0052067,41.0950266],[29.0049849,41.0942446],[29.0047631,41.0934546],[29.0046162,41.0928555]]}},{"type":"Feature","properties":{"way_id":813207987,"route_colors":["#009a4c"],"route_refs":["M2"]},"geometry":{"type":"LineString","coordinates":[[29.0046162,41.0928555],[29.0046007,41.0924009],[29.0046403,41.0920595],[29.0047491,41.0917007],[29.0059498,41.0882731],[29.0063076,41.0874308],[29.0065817,41.0868011],[29.0069725,41.086047],[29.0073568,41.0853246],[29.0080091,41.0840824],[29.0082365,41.0837061],[29.0086173,41.0832391],[29.0096946,41.0820466],[29.0101925,41.0814806],[29.0111452,41.0804269],[29.0118672,41.0794921],[29.0130069,41.0778679]]}},{"type":"Feature","properties":{"way_id":835129101,"route_colors":["#009a4c"],"route_refs":["M2"]},"geometry":{"type":"LineString","coordinates":[[29.0130069,41.0778679],[29.0135732,41.0769862],[29.0142829,41.0758812]]}},{"type":"Feature","properties":{"way_id":813207985,"route_colors":["#009a4c"],"route_refs":["M2"]},"geometry":{"type":"LineString","coordinates":[[29.0142829,41.0758812],[29.0145917,41.0752707],[29.0154022,41.0733713],[29.0154872,41.0731151],[29.0155295,41.0728291],[29.0155495,41.0725748],[29.0155415,41.0723768],[29.0155046,41.0721163],[29.0154491,41.0718678],[29.0153511,41.0715508],[29.0151708,41.0712605],[29.0149966,41.0710208],[29.0147978,41.0707951],[29.0146324,41.0706316],[29.0143517,41.0704615],[29.0135311,41.0700534],[29.0121747,41.0695203],[29.0110477,41.0691324],[29.0101969,41.0688396],[29.0083091,41.0682708],[29.0065821,41.0679],[29.005121,41.0676804],[28.9976729,41.0671592],[28.9968115,41.0670182],[28.9961218,41.066801],[28.9955027,41.0664996],[28.9926418,41.0646058],[28.9917509,41.0640155],[28.990806,41.0634344],[28.9879439,41.0617276],[28.9875669,41.0613587],[28.9873329,41.0610966],[28.9870871,41.0607989],[28.9868167,41.0603936],[28.9866052,41.0599172],[28.9864797,41.0595162],[28.9864367,41.0591595],[28.986434,41.0587908],[28.9864901,41.0583778],[28.9870059,41.0541828],[28.9872434,41.0527563],[28.9873931,41.0518291],[28.987477,41.0510064],[28.9874875,41.0502589],[28.9874437,41.0494201],[28.9873521,41.0486908],[28.9871922,41.0479748],[28.9865613,41.0460897],[28.9864236,41.0453548],[28.9863789,41.0449056],[28.9863772,41.044497],[28.9864102,41.0439026],[28.986454,41.042001],[28.986424,41.0415187],[28.9863182,41.0410549],[28.9856237,41.0389982],[28.9853609,41.0380886],[28.9851255,41.0373016],[28.984863,41.0363656],[28.9847279,41.0360297],[28.9844861,41.0357186],[28.9840779,41.0353712],[28.9768836,41.0307125],[28.9759862,41.0301416],[28.9747128,41.0294552]]}},{"type":"Feature","properties":{"way_id":833909119,"route_colors":["#009a4c"],"route_refs":["M2"]},"geometry":{"type":"LineString","coordinates":[[28.9747128,41.0294552],[28.9734763,41.0288526],[28.9725882,41.0284104],[28.9716831,41.0279403],[28.9714658,41.0277796],[28.9712128,41.0275321],[28.970795,41.0270721],[28.9698563,41.0260321]]}},{"type":"Feature","properties":{"way_id":813207977,"route_colors":["#009a4c"],"route_refs":["M2"]},"geometry":{"type":"LineString","coordinates":[[28.9698563,41.0260321],[28.9696448,41.0258141],[28.9665946,41.0226507],[28.9636666,41.0196126],[28.9634175,41.0193542]]}},{"type":"Feature","properties":{"way_id":506440475,"route_colors":["#009a4c"],"route_refs":["M2"]},"geometry":{"type":"LineString","coordinates":[[28.9634175,41.0193542],[28.9632952,41.0192263],[28.9616816,41.0175547],[28.9610422,41.016928],[28.9605449,41.0163757],[28.9601257,41.0157621],[28.9599695,41.0153982],[28.9598468,41.0150539],[28.9597277,41.0145635],[28.9596519,41.013983],[28.9596119,41.0135088]]}},{"type":"Feature","properties":{"way_id":833866967,"route_colors":["#009a4c"],"route_refs":["M2"]},"geometry":{"type":"LineString","coordinates":[[28.9596119,41.0135088],[28.9595144,41.0122579],[28.9594004,41.0105065]]}},{"type":"Feature","properties":{"way_id":833866966,"route_colors":["#009a4c"],"route_refs":["M2"]},"geometry":{"type":"LineString","coordinates":[[28.9594004,41.0105065],[28.9593042,41.0092315],[28.9592002,41.008727],[28.9590589,41.008293],[28.9588954,41.0079515],[28.9587222,41.0077081],[28.9584938,41.0075114],[28.9582883,41.0073767],[28.9578939,41.0071875],[28.9574808,41.0070336],[28.9569043,41.0068836],[28.9544492,41.0063784]]}},{"type":"Feature","properties":{"way_id":941562609,"route_colors":["#009a4c"],"route_refs":["M2"]},"geometry":{"type":"LineString","coordinates":[[28.9544492,41.0063784],[28.9527468,41.0058738]]}},{"type":"Feature","properties":{"way_id":941562608,"route_colors":["#009a4c"],"route_refs":["M2"]},"geometry":{"type":"LineString","coordinates":[[28.9527468,41.0058738],[28.9515158,41.0056267],[28.9505283,41.0054285]]}},{"type":"Feature","properties":{"way_id":817544015,"route_colors":["#009a4c"],"route_refs":["M2"]},"geometry":{"type":"LineString","coordinates":[[29.0055719,41.0941569],[29.0058068,41.0949266],[29.0061117,41.0958519],[29.0063416,41.0964389],[29.0064046,41.0966876],[29.0064038,41.0969013],[29.0063896,41.0971791],[29.0063432,41.0974082],[29.0062429,41.0978095],[29.0061747,41.0980167],[29.0060869,41.0982134],[29.0059263,41.0984649],[29.0056792,41.0987631],[29.0052377,41.0992025],[29.0047897,41.0996009],[29.0044691,41.0998385],[29.0039768,41.1001246]]}},{"type":"Feature","properties":{"way_id":817544016,"route_colors":["#009a4c"],"route_refs":["M2"]},"geometry":{"type":"LineString","coordinates":[[29.0039768,41.1001246],[29.0036696,41.1002765],[29.0033034,41.1004324],[29.0028849,41.1005933],[29.0021339,41.1007947],[29.0003896,41.1010969],[28.9996903,41.101185],[28.9989922,41.1012242],[28.99779,41.1012082],[28.9973234,41.1012249],[28.9957442,41.1012886]]}},{"type":"Feature","properties":{"way_id":813207980,"route_colors":["#009a4c"],"route_refs":["M2"]},"geometry":{"type":"LineString","coordinates":[[28.9500734,41.0051715],[28.9515931,41.005471],[28.9526429,41.0056779],[28.9545805,41.0061119],[28.9570295,41.0066568],[28.9576984,41.0068398],[28.9581548,41.0069999],[28.9584985,41.0071566],[28.9587497,41.0073266],[28.95895,41.007497],[28.9591618,41.0077166],[28.959436,41.0082454],[28.9595719,41.0086662],[28.9596805,41.0092204],[28.9597822,41.0104867]]}},{"type":"Feature","properties":{"way_id":833866969,"route_colors":["#009a4c"],"route_refs":["M2"]},"geometry":{"type":"LineString","coordinates":[[28.9597822,41.0104867],[28.9599089,41.0122512],[28.9599973,41.0134922]]}},{"type":"Feature","properties":{"way_id":833866968,"route_colors":["#009a4c"],"route_refs":["M2"]},"geometry":{"type":"LineString","coordinates":[[28.9599973,41.0134922],[28.9600286,41.0139638],[28.9600766,41.0144918],[28.9601965,41.0149886],[28.9603215,41.0153318],[28.9604807,41.0156956],[28.9607761,41.0161989],[28.9611929,41.0167797],[28.9617658,41.017503],[28.9630613,41.0188816],[28.9634638,41.0193202]]}},{"type":"Feature","properties":{"way_id":293789993,"route_colors":["#009a4c"],"route_refs":["M2"]},"geometry":{"type":"LineString","coordinates":[[28.9634638,41.0193202],[28.9639706,41.0198547],[28.9666429,41.022621],[28.9694345,41.0255193],[28.9699049,41.0260054]]}},{"type":"Feature","properties":{"way_id":52871990,"route_colors":["#009a4c"],"route_refs":["M2"]},"geometry":{"type":"LineString","coordinates":[[28.9699049,41.0260054],[28.9708989,41.0270425],[28.9712962,41.0273836],[28.9716397,41.0275717],[28.9719118,41.0277156],[28.9728027,41.0281672],[28.973685,41.0286079],[28.9748801,41.0292216]]}},{"type":"Feature","properties":{"way_id":813207986,"route_colors":["#009a4c"],"route_refs":["M2"]},"geometry":{"type":"LineString","coordinates":[[28.9748801,41.0292216],[28.9762867,41.0299786],[28.9771519,41.030504],[28.9843553,41.0351722],[28.984796,41.0355815],[28.9850941,41.035949],[28.9852484,41.0363087],[28.9855135,41.0372162],[28.9857482,41.0380161],[28.9860279,41.0389341],[28.9867243,41.0409686],[28.9868432,41.0414723],[28.9869036,41.0419875],[28.9868299,41.0439172],[28.9868029,41.0444873],[28.986804,41.0448797],[28.9868299,41.0452721],[28.9869237,41.0459317],[28.9875591,41.0479719],[28.9877344,41.0486554],[28.9878284,41.0494843],[28.9878694,41.0502931],[28.987873,41.0510884],[28.9877913,41.0518134],[28.9876243,41.0527916],[28.9873638,41.0541949],[28.9868075,41.0583478],[28.9867756,41.0587852],[28.9867967,41.0591206],[28.9868271,41.0594277],[28.9868923,41.0597333],[28.9870553,41.0601123],[28.9872022,41.0603906],[28.9874138,41.0606777],[28.9876493,41.0609825],[28.9879442,41.0613041],[28.9910378,41.0632187],[28.9919604,41.0638035],[28.9928995,41.0644061],[28.9958337,41.066348],[28.9964122,41.0666028],[28.9968803,41.0667656],[28.9973542,41.0668575],[28.9978784,41.0669169],[29.0051933,41.0674516],[29.0066813,41.0676728],[29.0084841,41.0680811],[29.0103022,41.068666],[29.011167,41.0689709],[29.0122607,41.0693565],[29.0137235,41.0699267],[29.0146163,41.0703893],[29.014887,41.0705939],[29.0151638,41.0708995],[29.0153363,41.0711434],[29.0155701,41.0715239],[29.0156664,41.0718284],[29.0157117,41.072079],[29.0157569,41.0723295],[29.015772,41.0725632],[29.0157766,41.0728451],[29.0157298,41.0731776],[29.0156454,41.0734212],[29.0148309,41.075286],[29.0145193,41.0759373]]}},{"type":"Feature","properties":{"way_id":835129100,"route_colors":["#009a4c"],"route_refs":["M2"]},"geometry":{"type":"LineString","coordinates":[[29.0145193,41.0759373],[29.0138,41.0770595],[29.0132301,41.0779486]]}},{"type":"Feature","properties":{"way_id":835129102,"route_colors":["#009a4c"],"route_refs":["M2"]},"geometry":{"type":"LineString","coordinates":[[29.0132301,41.0779486],[29.0120303,41.0795856],[29.0112895,41.080498],[29.0102959,41.0815044],[29.0097721,41.0820729],[29.0087154,41.08331],[29.0084261,41.0837573],[29.0083209,41.0840151],[29.0077392,41.0854161],[29.0073449,41.0861497],[29.0069505,41.0869228],[29.0066639,41.087537],[29.0063239,41.0883411],[29.0050352,41.0917659],[29.0049533,41.0920982],[29.0049479,41.0923419]]}},{"type":"Feature","properties":{"way_id":539308336,"route_colors":["#009a4c"],"route_refs":["M2"]},"geometry":{"type":"LineString","coordinates":[[29.0260215,41.135695],[29.0251423,41.1317247],[29.0250685,41.1313184],[29.0250593,41.1308538],[29.0251344,41.1300939],[29.0252532,41.1293048],[29.0253836,41.1284988],[29.0255396,41.1270167],[29.0255083,41.1265193],[29.0253956,41.1260526],[29.0251378,41.1254258],[29.0247378,41.1244283],[29.0242288,41.1230269],[29.0240652,41.1224067],[29.0240153,41.1218659],[29.0240229,41.1213908],[29.0240843,41.1208993],[29.0243062,41.1188495],[29.0243489,41.1182152],[29.0244334,41.1172273],[29.0244341,41.1172106],[29.0246281,41.1140934],[29.024771,41.1135436],[29.0255454,41.110768],[29.025625,41.1102605],[29.0255812,41.109957],[29.0254327,41.109634],[29.0252042,41.1093192],[29.0249202,41.1090361],[29.0245488,41.1087803],[29.0239528,41.1084733],[29.0236561,41.108384],[29.0229136,41.1081831],[29.0220664,41.1080591],[29.0210014,41.1079102],[29.0199123,41.107796],[29.0177801,41.1075244],[29.0169917,41.1073792],[29.0162825,41.1071939],[29.0155271,41.1069243],[29.0148703,41.1066706],[29.0140936,41.1062944],[29.0134895,41.1059492],[29.0128586,41.1055676],[29.0095356,41.1032933],[29.0087232,41.1026278],[29.007994,41.1019567],[29.007334,41.1010915],[29.0070307,41.1005786],[29.0068714,41.1001316],[29.0058086,41.0958452],[29.005575,41.0949475],[29.0053682,41.0941844],[29.0051475,41.0934021],[29.0049844,41.0927934],[29.0049479,41.0923419]]}},{"type":"Feature","properties":{"way_id":827483304,"route_colors":["#009a4c"],"route_refs":["M2"]},"geometry":{"type":"LineString","coordinates":[[29.0260215,41.135695],[29.0261126,41.1360483],[29.0262772,41.1366148],[29.0263882,41.1369214],[29.0266411,41.1372652],[29.0267808,41.1374134],[29.0270366,41.1376004],[29.0278399,41.1380774],[29.030603,41.1396603],[29.0332412,41.1412453]]}},{"type":"Feature","properties":{"way_id":823440645,"route_colors":["#caaa79"],"route_refs":["M6"]},"geometry":{"type":"LineString","coordinates":[[29.0463419,41.0854607],[29.0456269,41.0853915],[29.0449107,41.0853287],[29.0444618,41.0852566],[29.0438194,41.0851076]]}},{"type":"Feature","properties":{"way_id":823440648,"route_colors":["#caaa79"],"route_refs":["M6"]},"geometry":{"type":"LineString","coordinates":[[29.0384462,41.0831749],[29.0391958,41.0837494],[29.0399993,41.0842845],[29.0410711,41.0846505],[29.0438194,41.0851076]]}},{"type":"Feature","properties":{"way_id":823440647,"route_colors":["#caaa79"],"route_refs":["M6"]},"geometry":{"type":"LineString","coordinates":[[29.0384462,41.0831749],[29.0379277,41.0827679],[29.037567,41.0824907],[29.0371553,41.082162],[29.0365871,41.0816999]]}},{"type":"Feature","properties":{"way_id":823440651,"route_colors":["#caaa79"],"route_refs":["M6"]},"geometry":{"type":"LineString","coordinates":[[29.0254169,41.0774484],[29.0280139,41.0776624],[29.0285343,41.077764],[29.0290873,41.0780185],[29.0362686,41.0815121],[29.0365871,41.0816999]]}},{"type":"Feature","properties":{"way_id":823440650,"route_colors":["#caaa79"],"route_refs":["M6"]},"geometry":{"type":"LineString","coordinates":[[29.0254169,41.0774484],[29.0245844,41.0774635],[29.0239918,41.077422],[29.0234176,41.0773778],[29.0227555,41.0772535]]}},{"type":"Feature","properties":{"way_id":823440654,"route_colors":["#caaa79"],"route_refs":["M6"]},"geometry":{"type":"LineString","coordinates":[[29.0156069,41.0762118],[29.0160987,41.0763389],[29.0170822,41.0765099],[29.0189049,41.0767328],[29.0227555,41.0772535]]}},{"type":"Feature","properties":{"way_id":372005030,"route_colors":["#caaa79"],"route_refs":["M6"]},"geometry":{"type":"LineString","coordinates":[[29.0139057,41.075682],[29.0144399,41.0758569],[29.0149742,41.0760312],[29.0156069,41.0762118]]}},{"type":"Feature","properties":{"way_id":823440653,"route_colors":["#caaa79"],"route_refs":["M6"]},"geometry":{"type":"LineString","coordinates":[[29.0139426,41.0756295],[29.0144691,41.0757982],[29.0150134,41.0759713],[29.0156069,41.0762118]]}},{"type":"Feature","properties":{"way_id":823440649,"route_colors":["#caaa79"],"route_refs":["M6"]},"geometry":{"type":"LineString","coordinates":[[29.0227555,41.0772535],[29.0234371,41.0773112],[29.0240014,41.0773521],[29.0245514,41.0773919],[29.0254169,41.0774484]]}},{"type":"Feature","properties":{"way_id":823440646,"route_colors":["#caaa79"],"route_refs":["M6"]},"geometry":{"type":"LineString","coordinates":[[29.0365871,41.0816999],[29.037219,41.082111],[29.0376406,41.0824433],[29.0379973,41.0827245],[29.0384462,41.0831749]]}},{"type":"Feature","properties":{"way_id":823440644,"route_colors":["#caaa79"],"route_refs":["M6"]},"geometry":{"type":"LineString","coordinates":[[29.0438194,41.0851076],[29.0443451,41.0851727],[29.0448884,41.0852245],[29.0456373,41.085298],[29.0463454,41.0853751]]}},{"type":"Feature","properties":{"way_id":509915925,"route_colors":["#683064"],"route_refs":["M5"]},"geometry":{"type":"LineString","coordinates":[[29.0138427,41.0255768],[29.0120918,41.025281],[29.0121036,41.025238],[29.0121149,41.0251955],[29.0121244,41.0251704],[29.0131935,41.0253499],[29.0138799,41.0254633],[29.0138427,41.0255768]]}},{"type":"Feature","properties":{"way_id":509910092,"route_colors":["#683064"],"route_refs":["M5"]},"geometry":{"type":"LineString","coordinates":[[29.1801601,41.015837],[29.178631,41.0163687],[29.1785687,41.0162692],[29.1800975,41.0157374],[29.1801601,41.015837]]}},{"type":"Feature","properties":{"way_id":822677691,"route_colors":["#683064"],"route_refs":["M5"]},"geometry":{"type":"LineString","coordinates":[[29.1886679,41.0146861],[29.188646,41.0145742],[29.1901776,41.0144036],[29.1901828,41.0144303],[29.1899457,41.0144568],[29.1899584,41.0145216],[29.190196,41.0144951],[29.1902,41.0145155],[29.1886679,41.0146861]]}},{"type":"Feature","properties":{"way_id":825170503,"route_colors":["#683064"],"route_refs":["M5"]},"geometry":{"type":"LineString","coordinates":[[29.2174123,41.0014129],[29.2179695,41.0003077],[29.2178169,41.0002616],[29.2172714,41.001371],[29.2174123,41.0014129]]}},{"type":"Feature","properties":{"way_id":825170504,"route_colors":["#683064"],"route_refs":["M5"]},"geometry":{"type":"LineString","coordinates":[[29.2294101,40.9914841],[29.2292118,40.9914303],[29.228681,40.9925469],[29.228879,40.9926006],[29.2294101,40.9914841]]}},{"type":"Feature","properties":{"way_id":509886113,"route_colors":["#683064"],"route_refs":["M5"]},"geometry":{"type":"LineString","coordinates":[[29.0127801,41.0252662],[29.0138823,41.0254511],[29.0165683,41.0258843],[29.0169489,41.025979],[29.0172221,41.0260734],[29.0174769,41.0262143],[29.0178888,41.0264327],[29.0181081,41.0265776],[29.0192456,41.0273704],[29.0194702,41.0275093],[29.0197224,41.0276381],[29.0199728,41.027744],[29.0203829,41.0278927],[29.0209153,41.0280054],[29.0216907,41.0280617],[29.0236425,41.0280062]]}},{"type":"Feature","properties":{"way_id":510285716,"route_colors":["#683064"],"route_refs":["M5"]},"geometry":{"type":"LineString","coordinates":[[29.0236425,41.0280062],[29.0256768,41.0279483],[29.0277178,41.0279979],[29.0285937,41.0280497],[29.0294478,41.0280854],[29.0314684,41.0281767],[29.0318737,41.0281467],[29.0321232,41.0280965],[29.0323797,41.02803],[29.0327675,41.0278836],[29.0332916,41.0276011],[29.0335411,41.0274381],[29.0339237,41.0271277],[29.0341755,41.0267679],[29.0343604,41.0262398],[29.0346446,41.0241863],[29.0348192,41.0235792],[29.0353484,41.0228071],[29.0363203,41.0217617],[29.0369993,41.0210314],[29.0373453,41.0206995],[29.0376244,41.0204338],[29.0378463,41.0202476],[29.038218,41.019968],[29.0385808,41.0197799],[29.0390286,41.0196087],[29.039966,41.0193432],[29.040924,41.0192463],[29.0417348,41.0192861],[29.0423755,41.0193776],[29.0432132,41.0196616],[29.0460554,41.0211508],[29.0468849,41.0214449],[29.048436,41.0217742],[29.0499057,41.0220889],[29.051846,41.0225079],[29.0566922,41.0236698],[29.057509,41.023799],[29.0580634,41.0238051],[29.0586366,41.0237462],[29.0590258,41.0236753],[29.0593424,41.0235929],[29.0597408,41.0234562],[29.0601754,41.0232572],[29.0608645,41.0228211],[29.0619282,41.0220866],[29.0642754,41.0205052],[29.0682779,41.016694],[29.0693334,41.0159362],[29.0700196,41.0155931],[29.0707628,41.015367],[29.0715183,41.0152397],[29.0722549,41.0151648],[29.0729951,41.0151829],[29.0737297,41.015317],[29.07449,41.0154999],[29.0751296,41.0157089],[29.0764166,41.0161665],[29.0781057,41.0167744],[29.0785789,41.0169961],[29.0790242,41.0172591],[29.0794993,41.0177427],[29.0797701,41.0181425],[29.0800076,41.0185917],[29.080084,41.0190385],[29.0799065,41.0210133],[29.0800236,41.0215727],[29.0801287,41.0219893],[29.0802828,41.0223353],[29.0805123,41.0227149],[29.0807839,41.0230662],[29.0810671,41.0233611],[29.08145,41.0236158],[29.0820175,41.0238725],[29.0825754,41.0240748],[29.0833801,41.0242327],[29.0847203,41.0244489],[29.0877588,41.0249411],[29.0894923,41.0252039],[29.0906542,41.0253982],[29.0935578,41.0261113],[29.0939832,41.026192],[29.0944176,41.0262001],[29.0948335,41.0261654],[29.0964984,41.0259266],[29.0973586,41.0257977],[29.0987507,41.0255799],[29.1059537,41.0244843],[29.1086815,41.0240795],[29.1102343,41.0238321],[29.111037,41.0236449],[29.1117596,41.0234467],[29.114808,41.0225693],[29.1168513,41.0219384],[29.1182375,41.0214949],[29.1190727,41.0212475],[29.1206494,41.0208217],[29.1213058,41.0206722],[29.1220374,41.0206084],[29.1226084,41.0206293],[29.1257396,41.0210922],[29.1263987,41.0211138],[29.1272561,41.021032],[29.1277868,41.0209239],[29.1283027,41.020762],[29.1290875,41.0204271],[29.1304822,41.0196907],[29.1345217,41.0174167],[29.1352478,41.0171333],[29.1361009,41.0168467],[29.1371201,41.0166556],[29.1405992,41.0164848],[29.1432482,41.0163292],[29.150863,41.0159396],[29.1518013,41.0158999],[29.1527344,41.0158501],[29.1595512,41.0154033],[29.1614775,41.0152717],[29.1619071,41.0152424],[29.1628733,41.0152062],[29.1635748,41.015181],[29.1652022,41.0151432],[29.1658746,41.0151887],[29.1750498,41.0166623],[29.1755415,41.016753],[29.1760364,41.0167527],[29.1764211,41.0167331],[29.1767952,41.0167087],[29.1773042,41.0166423],[29.177712,41.0165389],[29.1793459,41.0159831],[29.1805854,41.0155476],[29.1812999,41.015359],[29.1818923,41.0152556],[29.182434,41.0151913],[29.1838816,41.0150418],[29.184799,41.0149683],[29.1868729,41.0147328],[29.1882894,41.0145861],[29.1894989,41.014462],[29.1901003,41.0143978],[29.1912453,41.0142756],[29.1916314,41.0142204],[29.1919766,41.0141537]]}},{"type":"Feature","properties":{"way_id":825259538,"route_colors":["#683064"],"route_refs":["M5"]},"geometry":{"type":"LineString","coordinates":[[29.1919766,41.0141537],[29.1924809,41.0140365],[29.1929928,41.013869],[29.1933694,41.0136971],[29.1936446,41.0135164],[29.1938536,41.0133625],[29.1940964,41.0131498],[29.1958215,41.0112345],[29.1962785,41.0108203],[29.1964993,41.0106622],[29.1967609,41.0105013],[29.1970954,41.0103029],[29.1980738,41.0098398],[29.1987716,41.0095407],[29.2005996,41.0087898],[29.2010293,41.0086801],[29.201547,41.008602],[29.2021244,41.0085815],[29.2025885,41.0086317],[29.2032226,41.0087591],[29.2040453,41.0089593],[29.2079767,41.0104175]]}},{"type":"Feature","properties":{"way_id":825259540,"route_colors":["#683064"],"route_refs":["M5"]},"geometry":{"type":"LineString","coordinates":[[29.2079767,41.0104175],[29.2084974,41.0105456],[29.2090008,41.0106207],[29.2095244,41.0106132],[29.2100971,41.0105674],[29.210727,41.0104514],[29.211235,41.0103162],[29.2125636,41.0099171],[29.2140306,41.0094626],[29.2147815,41.009086],[29.2152525,41.0087284],[29.2155892,41.0083811],[29.21592,41.0079029],[29.2161329,41.0073996],[29.2162132,41.0068571],[29.2159975,41.0049594]]}},{"type":"Feature","properties":{"way_id":1262459806,"route_colors":["#683064"],"route_refs":["M5"]},"geometry":{"type":"LineString","coordinates":[[29.2159975,41.0049594],[29.2159656,41.0043944],[29.2159868,41.0041579],[29.2160465,41.0038567],[29.2166743,41.0025086],[29.2171065,41.0016306],[29.2174459,41.0009411],[29.2183373,40.9991635],[29.2185577,40.9988524],[29.2187909,40.9985672],[29.2190516,40.9982864],[29.2193038,40.9980575],[29.2195897,40.9978652],[29.2199185,40.997681],[29.2266363,40.9947822],[29.2271358,40.9945031],[29.2275642,40.9941847],[29.2278098,40.9939278],[29.228069,40.9936164],[29.2282629,40.9933191],[29.2286615,40.992549],[29.2288887,40.9920477],[29.229217,40.991347],[29.2299595,40.9898186],[29.2301573,40.9895337],[29.2303729,40.9892919],[29.2318401,40.9878423],[29.2320759,40.9875582],[29.2322496,40.9872561],[29.2323573,40.9869165],[29.2324103,40.9865834],[29.2324234,40.9861037],[29.2323529,40.9856802],[29.2322292,40.9853506],[29.2312944,40.9838069]]}},{"type":"Feature","properties":{"way_id":1263030966,"route_colors":["#683064"],"route_refs":["M5"]},"geometry":{"type":"LineString","coordinates":[[29.2312944,40.9838069],[29.2294671,40.9810077],[29.2292893,40.9806559],[29.2292346,40.9801981],[29.2292541,40.9797021],[29.2293172,40.9792198],[29.2294772,40.9788352],[29.229836,40.978303],[29.2308755,40.9772757],[29.2314297,40.976728]]}},{"type":"Feature","properties":{"way_id":740436063,"route_colors":["#683064"],"route_refs":["M5"]},"geometry":{"type":"LineString","coordinates":[[29.2314297,40.976728],[29.2321252,40.9759905],[29.2328207,40.9752123],[29.2331617,40.9746731],[29.2355515,40.9708524],[29.2360101,40.9704419],[29.2363782,40.9701897],[29.2369728,40.969907],[29.2391921,40.9690822],[29.239932,40.9688309],[29.2408012,40.9685358],[29.2430654,40.967865],[29.244709,40.9675442],[29.2460366,40.967353],[29.2474523,40.9672356],[29.2486642,40.9672525],[29.2494874,40.9672839],[29.2504117,40.9673905],[29.25137,40.9675454],[29.2543365,40.9683767],[29.2550552,40.9685726],[29.2563847,40.9689387],[29.2615595,40.9703959],[29.2621745,40.9705144],[29.2629791,40.9705787],[29.2637511,40.970554],[29.2645775,40.9704651],[29.265288,40.9703117],[29.2657868,40.9701707],[29.2662847,40.9699969],[29.2668705,40.9697532],[29.2673316,40.969511],[29.2679421,40.9691668],[29.2689753,40.9685956],[29.2695265,40.9682604],[29.2696894,40.9681562],[29.2701045,40.9678908],[29.2706175,40.9674986],[29.2709767,40.9671984],[29.2713767,40.9668636],[29.2717838,40.9664919],[29.2724753,40.9658951]]}},{"type":"Feature","properties":{"way_id":825170500,"route_colors":["#683064"],"route_refs":["M5"]},"geometry":{"type":"LineString","coordinates":[[29.272788,40.9660694],[29.2720703,40.9666793],[29.2716894,40.9669653],[29.2712476,40.9672895],[29.2707152,40.9676567],[29.2703288,40.9679184],[29.2699767,40.9681353],[29.2690337,40.9686675],[29.2680019,40.9692264],[29.2679964,40.9692293],[29.2669537,40.9698199],[29.2663736,40.970105],[29.2658797,40.9703311],[29.2653467,40.9705085],[29.2647977,40.9706598],[29.264168,40.9707572],[29.2635631,40.9708021],[29.2628789,40.9708208],[29.2621402,40.9708058],[29.2612924,40.9706486],[29.2560965,40.9691775],[29.2549038,40.9688395],[29.2542765,40.9686602],[29.251272,40.9678242],[29.2502509,40.9676704],[29.249452,40.967574],[29.2485641,40.9675344],[29.2474414,40.967502],[29.2460276,40.967599],[29.2448077,40.9677683],[29.2431171,40.9681317],[29.2409809,40.9687823],[29.2400852,40.9690871],[29.2393635,40.9693327],[29.2371594,40.9701191],[29.2367443,40.9703186],[29.2363465,40.970544],[29.2358104,40.9709767],[29.2333384,40.9747665],[29.2329874,40.9753044],[29.2323213,40.9760266],[29.2315565,40.9768029]]}},{"type":"Feature","properties":{"way_id":1263030967,"route_colors":["#683064"],"route_refs":["M5"]},"geometry":{"type":"LineString","coordinates":[[29.2315565,40.9768029],[29.2310138,40.977345],[29.23001,40.9783845],[29.2296981,40.9789242],[29.2295646,40.9792996],[29.2295728,40.9797463],[29.2295793,40.980149],[29.229692,40.9804852],[29.2298614,40.9808672],[29.2316472,40.9836965]]}},{"type":"Feature","properties":{"way_id":1262459805,"route_colors":["#683064"],"route_refs":["M5"]},"geometry":{"type":"LineString","coordinates":[[29.2316472,40.9836965],[29.2325726,40.9852938],[29.2326971,40.9856245],[29.2327594,40.9861402],[29.2327393,40.9865821],[29.2326852,40.9869508],[29.232558,40.9873015],[29.2323631,40.9876707],[29.2321258,40.9879242],[29.2306894,40.9893291],[29.2304003,40.9896574],[29.2302142,40.9899328],[29.2294645,40.9914345],[29.2291517,40.9920829],[29.2288945,40.9926146],[29.228512,40.9933671],[29.2282935,40.9936845],[29.2277934,40.9942471],[29.227336,40.9945979],[29.2268251,40.9948847],[29.2200365,40.9977976],[29.2197282,40.9979882],[29.2194713,40.9981789],[29.2191928,40.9984133],[29.2189615,40.9986477],[29.2188054,40.9988792],[29.2185471,40.9992475],[29.2176487,41.0010126],[29.2172951,41.001699],[29.216843,41.0025858],[29.2162452,41.0038734],[29.216189,41.0041305],[29.2161689,41.0044075],[29.2161871,41.0049299]]}},{"type":"Feature","properties":{"way_id":825259539,"route_colors":["#683064"],"route_refs":["M5"]},"geometry":{"type":"LineString","coordinates":[[29.2161871,41.0049299],[29.2164037,41.0068395],[29.2163509,41.0074241],[29.2162163,41.0079521],[29.2158803,41.0084996],[29.2155578,41.008895],[29.2150473,41.0092743],[29.2141743,41.0097293],[29.2133954,41.0099778],[29.2126998,41.0101846],[29.2113954,41.0105724],[29.2109077,41.0106821],[29.2103592,41.0107691],[29.2097265,41.0108304],[29.2090097,41.0108463],[29.2084196,41.0107528],[29.207833,41.0105925]]}},{"type":"Feature","properties":{"way_id":825259537,"route_colors":["#683064"],"route_refs":["M5"]},"geometry":{"type":"LineString","coordinates":[[29.207833,41.0105925],[29.2038666,41.0091488],[29.2031839,41.0089769],[29.2025149,41.008864],[29.2021038,41.0088367],[29.2015923,41.0088623],[29.2011477,41.0089268],[29.2007648,41.0090519],[29.1989801,41.0097923],[29.1982658,41.0101087],[29.1973099,41.0105377],[29.1969407,41.0107108],[29.1967102,41.0108363],[29.1964485,41.0109972],[29.1960069,41.0113401],[29.1942712,41.0132685],[29.1940329,41.0134649],[29.1938029,41.0136306],[29.1935491,41.0137931],[29.193092,41.0140164],[29.1926074,41.0141789],[29.1920296,41.0143045]]}},{"type":"Feature","properties":{"way_id":509880530,"route_colors":["#683064"],"route_refs":["M5"]},"geometry":{"type":"LineString","coordinates":[[29.1920296,41.0143045],[29.1916616,41.0143622],[29.1912426,41.0144199],[29.1901304,41.0145429],[29.189512,41.0146117],[29.1882977,41.0147358],[29.1869051,41.0148612],[29.1848045,41.0150311],[29.1839139,41.0151098],[29.1824713,41.0152985],[29.1819781,41.015377],[29.1813909,41.0154885],[29.1806578,41.015683],[29.1794219,41.0161095],[29.1777801,41.0166749],[29.1773459,41.0167795],[29.176817,41.0168579],[29.1764364,41.0168922],[29.1760343,41.0169103],[29.1754792,41.0168919],[29.1749802,41.0168102],[29.1734415,41.0165505],[29.1729476,41.0164728],[29.1658726,41.0154364],[29.1651927,41.0153842],[29.1635842,41.015421],[29.1628648,41.015453],[29.1619401,41.0154946],[29.1614924,41.0155228],[29.1595831,41.0156505],[29.1526865,41.0161331],[29.1518223,41.0161819],[29.1509501,41.0162137],[29.1452833,41.0164919],[29.1406134,41.0167702],[29.1372052,41.0169474],[29.1361681,41.0171387],[29.1354091,41.0173524],[29.1346515,41.0176636],[29.1306984,41.0199219],[29.1293046,41.0206512],[29.128566,41.0209905],[29.1278403,41.0211833],[29.1270966,41.021306],[29.1263541,41.0213514],[29.125691,41.0213198],[29.122637,41.0208777],[29.1220636,41.0208649],[29.1213877,41.0209211],[29.120791,41.0210416],[29.1191568,41.0215323],[29.1184213,41.0217622],[29.1169809,41.0222089],[29.1149707,41.0228335],[29.1119256,41.0237208],[29.1111428,41.0239272],[29.1103117,41.0241089],[29.1087527,41.0243484],[29.1060118,41.024764],[29.098872,41.0258503],[29.097404,41.026081],[29.0965789,41.026204],[29.0948196,41.0264185],[29.0944077,41.0264631],[29.0938566,41.0264514],[29.0933209,41.0263513],[29.0905632,41.0256728],[29.0894132,41.0254805],[29.0846426,41.0247257],[29.0832936,41.0245081],[29.0824458,41.0243417],[29.0818222,41.0241156],[29.0812415,41.0238786],[29.0808106,41.0235962],[29.080533,41.0233702],[29.0800819,41.0228788],[29.0798798,41.0225754],[29.0796422,41.0220255],[29.0795289,41.0215387],[29.079472,41.0210448],[29.0796457,41.0190429],[29.0795819,41.0186798],[29.0794148,41.0182693],[29.0790671,41.0178308],[29.0787226,41.0174891],[29.0783485,41.0172212],[29.0779079,41.0170148],[29.0762578,41.0164215],[29.0749849,41.0159703],[29.0743777,41.0157689],[29.073866,41.0156509],[29.0733836,41.015567],[29.0728542,41.0154845],[29.072234,41.0154922],[29.0716122,41.0155344],[29.07081,41.0156598],[29.0701429,41.0158838],[29.0694709,41.0162432],[29.0685313,41.0169315],[29.0647344,41.0205874],[29.0629466,41.0218138],[29.0622021,41.0223146],[29.0616583,41.022688],[29.0611038,41.0230391],[29.0603799,41.0234674],[29.0599111,41.0236751],[29.0595694,41.0237902],[29.059158,41.0238991],[29.0587053,41.0239887],[29.0581002,41.0240701],[29.057422,41.0240802],[29.0565888,41.0239396],[29.051743,41.0227799],[29.0498154,41.0223637],[29.0483164,41.0220391],[29.046785,41.0217191],[29.0458653,41.0213791],[29.0430201,41.0198595],[29.0423044,41.0196356],[29.0415179,41.0195459],[29.0409546,41.019517],[29.0399756,41.0196117],[29.0392619,41.019868],[29.0386637,41.0200932],[29.0381105,41.0204475],[29.0378845,41.0206526],[29.0376358,41.0208858],[29.0373052,41.0212029],[29.0366324,41.0219275],[29.0357365,41.0228892],[29.0351662,41.0236972],[29.0349761,41.0242214],[29.0347007,41.0262842],[29.0345296,41.026783],[29.0341515,41.0273212],[29.033908,41.0275517],[29.0336927,41.0277524],[29.0334462,41.0279024],[29.0330303,41.0281434],[29.0327119,41.0282653],[29.0321867,41.0284057],[29.0317917,41.0284693],[29.0313651,41.0284951],[29.0294323,41.0284181],[29.0285614,41.028369],[29.0275878,41.0283243],[29.025638,41.0282353],[29.0236459,41.0282917]]}},{"type":"Feature","properties":{"way_id":509915915,"route_colors":["#683064"],"route_refs":["M5"]},"geometry":{"type":"LineString","coordinates":[[29.0236459,41.0282917],[29.0217228,41.0283461],[29.0208328,41.0282474],[29.0200932,41.028037],[29.0196644,41.0278247],[29.0193457,41.0276257],[29.0191008,41.0274578],[29.0179709,41.0266498],[29.0177871,41.0265204],[29.0174761,41.0263705],[29.0172733,41.0262669],[29.0170399,41.0261657],[29.016785,41.0260752],[29.0165002,41.0260178],[29.0138366,41.0255871],[29.0127246,41.025404]]}},{"type":"Feature","properties":{"way_id":1125674126,"route_colors":["#f19ebf"],"route_refs":["M7"]},"geometry":{"type":"LineString","coordinates":[[28.9955607,41.0653135],[28.9944582,41.0655245],[28.9931252,41.0657886],[28.992688,41.0658801],[28.9917923,41.0660677],[28.991185,41.0662076],[28.9901051,41.0665246]]}},{"type":"Feature","properties":{"way_id":864151257,"route_colors":["#f19ebf"],"route_refs":["M7"]},"geometry":{"type":"LineString","coordinates":[[28.9901051,41.0665246],[28.9893821,41.066743],[28.988274,41.0670765],[28.9852735,41.0678287],[28.9848226,41.0679769],[28.9840531,41.0682658],[28.9834923,41.068521],[28.983083,41.0687741],[28.9826715,41.0690676],[28.9822884,41.0693859],[28.9813414,41.070164],[28.9806277,41.0707989],[28.9798626,41.0714843],[28.9791325,41.0721926],[28.978828,41.0725567],[28.978514,41.0729739],[28.9783281,41.0732332],[28.978064,41.073685],[28.97788,41.0742155],[28.9771107,41.0767733],[28.9768777,41.0773104]]}},{"type":"Feature","properties":{"way_id":825824269,"route_colors":["#f19ebf"],"route_refs":["M7"]},"geometry":{"type":"LineString","coordinates":[[28.9768777,41.0773104],[28.9767355,41.0775328],[28.9765653,41.0777997],[28.9764069,41.077991],[28.9761409,41.0782591],[28.9758323,41.078506],[28.9756957,41.0786108]]}},{"type":"Feature","properties":{"way_id":693111906,"route_colors":["#f19ebf"],"route_refs":["M7"]},"geometry":{"type":"LineString","coordinates":[[28.9756957,41.0786108],[28.9754098,41.0787939],[28.9751007,41.0789509],[28.9747216,41.0791121],[28.9731572,41.079665],[28.9717446,41.0801643],[28.9698755,41.0807912]]}},{"type":"Feature","properties":{"way_id":693111905,"route_colors":["#f19ebf"],"route_refs":["M7"]},"geometry":{"type":"LineString","coordinates":[[28.9698755,41.0807912],[28.969617,41.0808702]]}},{"type":"Feature","properties":{"way_id":693115181,"route_colors":["#f19ebf"],"route_refs":["M7"]},"geometry":{"type":"LineString","coordinates":[[28.969617,41.0808702],[28.969129,41.0810011],[28.9686193,41.0811038],[28.9681803,41.0811423],[28.967682,41.08116],[28.9670582,41.0811229],[28.9663906,41.0810425],[28.9657916,41.0808968],[28.9652074,41.0807187],[28.9644956,41.0804591],[28.9632821,41.0799595],[28.9622699,41.0795387],[28.9606038,41.0789384],[28.9601544,41.0788326],[28.9596428,41.0787706],[28.9589939,41.078755],[28.9559849,41.0788264],[28.9533395,41.0789211],[28.9526761,41.0789609]]}},{"type":"Feature","properties":{"way_id":693116970,"route_colors":["#f19ebf"],"route_refs":["M7"]},"geometry":{"type":"LineString","coordinates":[[28.9526761,41.0789609],[28.9522024,41.0789872]]}},{"type":"Feature","properties":{"way_id":693115184,"route_colors":["#f19ebf"],"route_refs":["M7"]},"geometry":{"type":"LineString","coordinates":[[28.9522024,41.0789872],[28.9508307,41.0790782],[28.9495879,41.0791653],[28.9485245,41.0792398],[28.9477891,41.0792966],[28.9469951,41.0793774]]}},{"type":"Feature","properties":{"way_id":693115179,"route_colors":["#f19ebf"],"route_refs":["M7"]},"geometry":{"type":"LineString","coordinates":[[28.9469951,41.0793774],[28.9402489,41.0803177],[28.9393307,41.0803972],[28.9383367,41.0804241],[28.9374381,41.0803841],[28.9361933,41.0802839],[28.9349163,41.0801857],[28.9309912,41.0797546],[28.9302398,41.0797234],[28.9292479,41.0797326],[28.9281764,41.0797574],[28.9269094,41.0797909],[28.926001,41.0798437],[28.9255516,41.0799181],[28.9250806,41.0800606],[28.9246372,41.0802553],[28.9229029,41.0813978],[28.9224935,41.0816233],[28.9219745,41.0817872],[28.921458,41.0818935],[28.9205109,41.0820508],[28.919608,41.0822067],[28.9183405,41.0824149],[28.9174652,41.0825456],[28.9158508,41.0828201],[28.9151543,41.0830088],[28.9145248,41.0832269],[28.913987,41.0834858],[28.9125549,41.0844106],[28.9121572,41.0846055],[28.9116181,41.0848055],[28.9109588,41.0849963],[28.9085465,41.0854613],[28.9067127,41.0857974],[28.9060372,41.085872],[28.9054513,41.0858718],[28.9048128,41.0858072],[28.9043222,41.0857243],[28.9037932,41.0856002],[28.9032525,41.0854126],[28.9028707,41.0852207],[28.9025437,41.085033],[28.9004362,41.0835503],[28.8999306,41.0832334],[28.8995623,41.0830564],[28.8991775,41.0829083],[28.8985835,41.0827445],[28.8980041,41.0826522],[28.8975345,41.0826223],[28.8970759,41.0826419],[28.8965717,41.0827325],[28.8961373,41.082847],[28.8956189,41.0830101],[28.8947659,41.0832959],[28.8928118,41.0839716],[28.8917734,41.0843178],[28.887978,41.0855836],[28.8871819,41.0857898],[28.8858549,41.0860088],[28.8845371,41.086069],[28.8834307,41.0860702],[28.8822292,41.0860236],[28.8814619,41.085935],[28.8807818,41.0858332],[28.8799348,41.085623],[28.8790772,41.085275],[28.8785223,41.0849514],[28.877924,41.0844861],[28.8756875,41.0821733]]}},{"type":"Feature","properties":{"way_id":1498649413,"route_colors":["#f19ebf"],"route_refs":["M7"]},"geometry":{"type":"LineString","coordinates":[[28.8756875,41.0821733],[28.8749302,41.0813391],[28.8742827,41.0806141],[28.8736455,41.0797306],[28.8731298,41.0786725],[28.8708534,41.0749128],[28.8705515,41.0745457],[28.8703129,41.074295],[28.8699742,41.0739866],[28.8689614,41.0731839],[28.8686325,41.0729058],[28.8667234,41.0713794],[28.8651207,41.0700895],[28.8648644,41.0699055],[28.8640664,41.0693296],[28.8635906,41.069055],[28.8630116,41.0687575],[28.8580746,41.0666723],[28.8576822,41.0664546],[28.8573744,41.0662562],[28.857015,41.0659724],[28.8567043,41.0656521],[28.8563985,41.065305],[28.8561331,41.0648706],[28.8558677,41.0643413],[28.8555906,41.0637057],[28.8552786,41.0628956],[28.8549412,41.0620603],[28.8537908,41.0589574],[28.8536589,41.0587142],[28.8535112,41.0585009],[28.8532894,41.0583023],[28.8529051,41.0581089],[28.8523394,41.0578987],[28.8516759,41.0577119],[28.8509093,41.0575371],[28.8490299,41.0571848],[28.8479518,41.0570155],[28.8468497,41.0568429],[28.8455981,41.0566123],[28.8441458,41.0561997],[28.8430563,41.0558594],[28.8382577,41.0544442],[28.8374986,41.0543066],[28.8368862,41.0542617],[28.8362766,41.0542709],[28.8354934,41.0543397],[28.8333712,41.0547042]]}},{"type":"Feature","properties":{"way_id":864151261,"route_colors":["#f19ebf"],"route_refs":["M7"]},"geometry":{"type":"LineString","coordinates":[[28.8333712,41.0547042],[28.832061,41.0549537],[28.8310713,41.0551514],[28.8295058,41.0554636]]}},{"type":"Feature","properties":{"way_id":693300612,"route_colors":["#f19ebf"],"route_refs":["M7"]},"geometry":{"type":"LineString","coordinates":[[28.8294304,41.0552412],[28.8309613,41.0549348],[28.8319482,41.0547347],[28.8333227,41.0544716]]}},{"type":"Feature","properties":{"way_id":1498649412,"route_colors":["#f19ebf"],"route_refs":["M7"]},"geometry":{"type":"LineString","coordinates":[[28.8333227,41.0544716],[28.8354444,41.0541407],[28.8362884,41.0540639],[28.8369395,41.0540844],[28.8375578,41.054147],[28.8383168,41.0542919],[28.8431205,41.0557439],[28.8442278,41.056031],[28.8456891,41.0563131],[28.84697,41.0565174],[28.8479701,41.0566697],[28.8491394,41.0568537],[28.8510631,41.0572362],[28.8519319,41.0574403],[28.8525649,41.0576258],[28.8531276,41.0578406],[28.8536062,41.0580994],[28.8538898,41.0583866],[28.8540632,41.0586887],[28.8553689,41.0619436],[28.8557021,41.0627712],[28.8560704,41.0636648],[28.8562857,41.0642202],[28.8564837,41.0646955],[28.8567584,41.0651779],[28.8570575,41.0655927],[28.857364,41.0658776],[28.8577443,41.0661641],[28.8583168,41.0664806],[28.8631239,41.0685424],[28.8635795,41.0687642],[28.8639833,41.0689868],[28.8642173,41.0691356],[28.8653324,41.0699593],[28.8659325,41.0704469],[28.866905,41.071239],[28.8681322,41.0722304],[28.8701264,41.0738389],[28.8705224,41.0742169],[28.8707636,41.0744606],[28.8710403,41.0748139],[28.873329,41.0786077],[28.8740176,41.079553],[28.8746584,41.0804082],[28.8752825,41.0810839],[28.876115,41.0820042]]}},{"type":"Feature","properties":{"way_id":864151260,"route_colors":["#f19ebf"],"route_refs":["M7"]},"geometry":{"type":"LineString","coordinates":[[28.876115,41.0820042],[28.8782963,41.0842385],[28.8787905,41.0846793],[28.8792909,41.0849763],[28.8800838,41.0853241],[28.8808536,41.0855485],[28.8813995,41.0856638],[28.8822631,41.0857793],[28.8834611,41.0858229],[28.8845411,41.085811],[28.8858678,41.0857808],[28.8870645,41.0856062],[28.887861,41.0854154],[28.8916607,41.0841556],[28.8926804,41.0838186],[28.8946765,41.083153],[28.895529,41.0828652],[28.8960383,41.082693],[28.896447,41.0825673],[28.8969391,41.0824742],[28.8975524,41.0824445],[28.898,41.0824624],[28.8986616,41.0825674],[28.8993532,41.0827775],[28.8997818,41.0829419],[28.9001292,41.0831158],[28.9006913,41.0834644],[28.9026985,41.0848656],[28.9030342,41.0850587],[28.9034102,41.0852399],[28.9038949,41.0854186],[28.9044235,41.0855476],[28.9049272,41.0856333],[28.9054583,41.0856776],[28.906057,41.0856689],[28.9066373,41.0856147],[28.9084864,41.085265],[28.9109023,41.0848103],[28.9115022,41.0846199],[28.9119499,41.0844567],[28.912389,41.0842373],[28.9138426,41.0833188],[28.9143789,41.0830458],[28.9149996,41.0828255],[28.9157734,41.0826376],[28.9174127,41.0823751],[28.9182989,41.0822319],[28.9195387,41.0820326],[28.9204362,41.0818824],[28.9214424,41.0816922],[28.9219338,41.0815608],[28.9223143,41.0814271],[28.9226641,41.0812401],[28.9243619,41.0800642],[28.9246262,41.0799157],[28.9248801,41.0797908],[28.9251341,41.0796948],[28.9255085,41.0795801],[28.9260036,41.0794948],[28.9268952,41.0794493],[28.9281235,41.0794137],[28.9292695,41.0793808],[28.9303352,41.0793656],[28.9312313,41.0794122],[28.9349594,41.0798441],[28.9362244,41.0799528],[28.9374681,41.0800517],[28.9384134,41.0801129],[28.939338,41.0801197],[28.9402551,41.0800837],[28.946988,41.0793374]]}},{"type":"Feature","properties":{"way_id":693115183,"route_colors":["#f19ebf"],"route_refs":["M7"]},"geometry":{"type":"LineString","coordinates":[[28.946988,41.0793374],[28.9477827,41.0792564],[28.9485193,41.0791995],[28.9495739,41.0791256],[28.9508259,41.0790379],[28.9521969,41.0789458]]}},{"type":"Feature","properties":{"way_id":693115182,"route_colors":["#f19ebf"],"route_refs":["M7"]},"geometry":{"type":"LineString","coordinates":[[28.9521969,41.0789458],[28.9526719,41.0789206]]}},{"type":"Feature","properties":{"way_id":693111904,"route_colors":["#f19ebf"],"route_refs":["M7"]},"geometry":{"type":"LineString","coordinates":[[28.9526719,41.0789206],[28.9533373,41.0788838],[28.9560118,41.0786433],[28.959017,41.0785488],[28.9597648,41.0785546],[28.9603471,41.0786072],[28.9608937,41.0787078],[28.9614933,41.0788586],[28.9625073,41.0792356],[28.9635883,41.0796801],[28.9647403,41.0801272],[28.9655042,41.080437],[28.966643,41.0808217],[28.9671874,41.0809525],[28.9677598,41.0810151],[28.9682497,41.0810169],[28.968645,41.0809903],[28.9691434,41.0809189],[28.9695931,41.0808226]]}},{"type":"Feature","properties":{"way_id":693297246,"route_colors":["#f19ebf"],"route_refs":["M7"]},"geometry":{"type":"LineString","coordinates":[[28.9695931,41.0808226],[28.9698586,41.0807437]]}},{"type":"Feature","properties":{"way_id":693111907,"route_colors":["#f19ebf"],"route_refs":["M7"]},"geometry":{"type":"LineString","coordinates":[[28.9698586,41.0807437],[28.9717224,41.0801275],[28.9731331,41.0796289],[28.974697,41.0790762],[28.9750725,41.0789165],[28.9753854,41.0787567],[28.975655,41.078578]]}},{"type":"Feature","properties":{"way_id":693111909,"route_colors":["#f19ebf"],"route_refs":["M7"]},"geometry":{"type":"LineString","coordinates":[[28.975655,41.078578],[28.975794,41.0784777],[28.9760998,41.0782331],[28.9763626,41.0779682],[28.9765182,41.0777802],[28.9766872,41.0775153],[28.9768293,41.0772929]]}},{"type":"Feature","properties":{"way_id":693116969,"route_colors":["#f19ebf"],"route_refs":["M7"]},"geometry":{"type":"LineString","coordinates":[[28.9768293,41.0772929],[28.9770259,41.076771],[28.9777405,41.0741811],[28.97793,41.0736296],[28.9781468,41.0731385],[28.9782624,41.0728946],[28.9784802,41.0724902],[28.9787867,41.0719525],[28.9794571,41.0712414],[28.9802811,41.0705463],[28.9809929,41.0699338],[28.981964,41.0691388],[28.9822255,41.0689476],[28.9825344,41.0687405],[28.9828777,41.0685334],[28.9833306,41.0682948],[28.9837146,41.0681168],[28.98421,41.0679042],[28.984648,41.0677609],[28.9852349,41.0675957],[28.9882581,41.0669912],[28.9893473,41.0666744]]}},{"type":"Feature","properties":{"way_id":1125674125,"route_colors":["#f19ebf"],"route_refs":["M7"]},"geometry":{"type":"LineString","coordinates":[[28.9893473,41.0666744],[28.9900739,41.0664654],[28.9930347,41.0655153],[28.9942886,41.0651976],[28.9954199,41.0649724]]}},{"type":"Feature","properties":{"way_id":1125674124,"route_colors":["#f19ebf"],"route_refs":["M7"]},"geometry":{"type":"LineString","coordinates":[[29.0098445,41.0540063],[29.010751,41.0591514],[29.0107773,41.0594645],[29.0107539,41.0597527],[29.0106718,41.0600617],[29.0105638,41.0602656],[29.0104495,41.0604506],[29.0102266,41.0607087],[29.0099942,41.0609005],[29.0097366,41.0610922],[29.0093195,41.0613344],[29.0083837,41.0618082],[29.007826,41.0620788],[29.0064946,41.0627191],[29.0046463,41.063573],[29.0037775,41.0639111],[29.0029309,41.0641321],[29.0021988,41.0642616],[29.0011963,41.0643228],[28.9999358,41.0644709],[28.99893,41.0646482],[28.9955607,41.0653135]]}},{"type":"Feature","properties":{"way_id":1125674123,"route_colors":["#f19ebf"],"route_refs":["M7"]},"geometry":{"type":"LineString","coordinates":[[28.9954199,41.0649724],[28.9988331,41.0643274],[28.9998771,41.0641601],[29.0011652,41.0640104],[29.0022045,41.063917],[29.0028432,41.063821],[29.0036372,41.0636002],[29.0044839,41.0632734],[29.0062619,41.0624597],[29.0075671,41.061822],[29.0081785,41.0615385],[29.0090895,41.0610985],[29.0095411,41.0608281],[29.0097589,41.0606543],[29.0099263,41.060509],[29.0100873,41.0603163],[29.0101854,41.06019],[29.0102781,41.0599984],[29.0103203,41.0598544],[29.0103527,41.0596618],[29.0103599,41.0595547],[29.0103619,41.0591873],[29.0094506,41.0540017]]}},{"type":"Feature","properties":{"way_id":825181948,"route_colors":["#23387f"],"route_refs":["M8"]},"geometry":{"type":"LineString","coordinates":[[29.0972023,40.9512324],[29.096213,40.9519484],[29.0963768,40.9520775],[29.0973659,40.9513613],[29.0972023,40.9512324]]}},{"type":"Feature","properties":{"way_id":825181963,"route_colors":["#23387f"],"route_refs":["M8"]},"geometry":{"type":"LineString","coordinates":[[29.1524423,41.031663],[29.1524942,41.0315831],[29.1528565,41.0310252],[29.152939,41.0308981],[29.1529794,41.0309131],[29.1528976,41.0310392],[29.1529682,41.0310653],[29.152928,41.0311273],[29.1527012,41.0314768],[29.152606,41.0316235],[29.152533,41.0315965],[29.1524806,41.0316771],[29.1524423,41.031663]]}},{"type":"Feature","properties":{"way_id":1115014743,"route_colors":["#23387f"],"route_refs":["M8"]},"geometry":{"type":"LineString","coordinates":[[29.0968668,40.9517695],[29.0964096,40.9520972],[29.0962507,40.9522185],[29.0958012,40.9525614],[29.0954512,40.9528356],[29.0951392,40.9531041],[29.0949731,40.9532795],[29.094814,40.9534655],[29.0946797,40.953641],[29.0945667,40.9538164],[29.0944632,40.9540712],[29.0944128,40.9542485],[29.0943878,40.9544409],[29.0943804,40.9546573],[29.0943884,40.9550698],[29.0944211,40.9553538],[29.0952177,40.9581612],[29.0952526,40.9584216],[29.0952638,40.958596],[29.0952679,40.9588933],[29.0952263,40.9591388],[29.0951441,40.9593701],[29.0950124,40.9596015],[29.0949088,40.9597542],[29.0946977,40.9599772],[29.0942997,40.9603514],[29.0937566,40.9608531],[29.0931378,40.9614193],[29.092389,40.961899],[29.0895515,40.9637117],[29.0892246,40.9640017],[29.0888248,40.964404],[29.0876733,40.9658967],[29.0873233,40.9664344],[29.0870683,40.9668223],[29.0867584,40.9672853],[29.0865145,40.9677166],[29.086413,40.967919],[29.0862635,40.9682989],[29.0861805,40.968656],[29.0861571,40.9689368],[29.0861881,40.9692404],[29.0862248,40.9694611],[29.0863463,40.9698508],[29.0864923,40.9701174],[29.0868871,40.9706227],[29.087412,40.9712494],[29.0879774,40.971943],[29.0884519,40.972525],[29.0891661,40.9733063],[29.0897336,40.9738705],[29.090239,40.9743173],[29.0908,40.9747019],[29.0910475,40.974837],[29.091295,40.9749721],[29.0915002,40.9750662],[29.0917671,40.975179],[29.0921021,40.9753222],[29.0924987,40.975456],[29.0928769,40.9755536],[29.0992815,40.9771826]]}},{"type":"Feature","properties":{"way_id":740445585,"route_colors":["#23387f"],"route_refs":["M8"]},"geometry":{"type":"LineString","coordinates":[[29.0992815,40.9771826],[29.0999581,40.977363],[29.1006138,40.9775378],[29.103136,40.9781891],[29.1042154,40.9783905],[29.1052353,40.9785414],[29.1060917,40.9786385],[29.1073805,40.978762],[29.109192,40.9789002],[29.1111832,40.9787612],[29.1117422,40.9787235],[29.1124407,40.9786754],[29.1162368,40.9785988],[29.1175073,40.9785571],[29.1188141,40.9785142],[29.1218216,40.9783499],[29.1226722,40.9782981],[29.1235217,40.9783223],[29.1241889,40.9783866],[29.1256335,40.9786033],[29.1262993,40.9787331],[29.1268411,40.9788388],[29.1308019,40.9796587],[29.131299,40.9797778],[29.1317409,40.979926],[29.132271,40.9801382],[29.1325662,40.9802823],[29.1328119,40.9804265],[29.1331602,40.98064],[29.1338747,40.9811801],[29.134367,40.981605],[29.1369905,40.9839435],[29.1378132,40.9846547],[29.1386472,40.9853756],[29.1393745,40.9859627],[29.1396514,40.9861229],[29.1399966,40.9862992],[29.1409041,40.9866959],[29.1462133,40.9888454],[29.150728,40.9909344],[29.1516908,40.991294],[29.1528199,40.9917519],[29.1534783,40.9920439],[29.1541027,40.9923286],[29.1555142,40.993046],[29.1557597,40.9932383],[29.1559336,40.9934073],[29.1560357,40.9935702],[29.1561103,40.9937622],[29.1561504,40.9939992],[29.1561628,40.9942278],[29.1561148,40.994565],[29.1553492,40.9966685],[29.1552847,40.9968803],[29.1552381,40.9971155],[29.1552336,40.9972619],[29.1552449,40.9975409],[29.1552865,40.9977666],[29.1553763,40.9980253],[29.1555197,40.9983457],[29.1556741,40.9986495],[29.1562303,40.9996474],[29.156482,41.0000815],[29.1567002,41.0004579],[29.1572759,41.0014736],[29.1578381,41.0023594],[29.159312,41.0040479],[29.1599296,41.0047085],[29.1607495,41.0055147],[29.1611909,41.0059524],[29.1618831,41.0068008],[29.1621987,41.0072044],[29.1624664,41.0075467],[29.1643143,41.0100904],[29.1645967,41.0105778],[29.1647531,41.0110223],[29.1647695,41.0113906],[29.1646819,41.0120047],[29.1645058,41.0127002],[29.1643594,41.0132133],[29.1641145,41.0138723],[29.1638216,41.0146094]]}},{"type":"Feature","properties":{"way_id":1125808746,"route_colors":["#23387f"],"route_refs":["M8"]},"geometry":{"type":"LineString","coordinates":[[29.1638216,41.0146094],[29.1635513,41.0152382],[29.1633217,41.0157996]]}},{"type":"Feature","properties":{"way_id":1115014745,"route_colors":["#23387f"],"route_refs":["M8"]},"geometry":{"type":"LineString","coordinates":[[29.1633217,41.0157996],[29.1626607,41.0172775],[29.1623176,41.0180041],[29.1621417,41.0183574],[29.1619396,41.0187108],[29.1602581,41.0213637],[29.1598382,41.0221869],[29.1596341,41.022634],[29.1594586,41.0230367],[29.1591235,41.0238022],[29.1589773,41.0240791],[29.1588065,41.024356],[29.1586419,41.0245959],[29.1584486,41.0248218],[29.1583396,41.0249247],[29.1582142,41.0250307],[29.1578361,41.025314],[29.1569852,41.0259131],[29.1561077,41.0266388],[29.155785,41.0269084],[29.1555482,41.027178],[29.1550517,41.0278443],[29.1531069,41.0306169],[29.1529557,41.0308325],[29.152679,41.0312515]]}},{"type":"Feature","properties":{"way_id":825181962,"route_colors":["#23387f"],"route_refs":["M8"]},"geometry":{"type":"LineString","coordinates":[[29.1523415,41.0316271],[29.152395,41.0315456],[29.1527602,41.0309887],[29.1528417,41.0308645],[29.1528041,41.0308505],[29.1527233,41.0309737],[29.1526477,41.0309454],[29.1524041,41.0313166],[29.1522823,41.0315022],[29.1523633,41.0315324],[29.1523091,41.031615],[29.1523415,41.0316271]]}},{"type":"Feature","properties":{"way_id":1115014744,"route_colors":["#23387f"],"route_refs":["M8"]},"geometry":{"type":"LineString","coordinates":[[29.1526287,41.0312406],[29.152911,41.0308145],[29.1530541,41.0306047],[29.1550125,41.0278386],[29.1555094,41.0271651],[29.1557571,41.0268972],[29.1560645,41.0266292],[29.1569302,41.0259175],[29.1578152,41.0252967],[29.1581801,41.0250185],[29.1583162,41.02491],[29.1584237,41.0248045],[29.1586202,41.0245798],[29.1587748,41.0243524],[29.1589494,41.024071],[29.1590883,41.0237931],[29.1592988,41.0232653],[29.1593754,41.0230092],[29.1595352,41.0226131],[29.1597208,41.022158],[29.1600839,41.0213157],[29.1617789,41.018663],[29.1619374,41.0183463],[29.1620786,41.0179877],[29.1623251,41.0172464],[29.1629882,41.0157157]]}},{"type":"Feature","properties":{"way_id":1125808747,"route_colors":["#23387f"],"route_refs":["M8"]},"geometry":{"type":"LineString","coordinates":[[29.1629882,41.0157157],[29.1632127,41.015184],[29.1634729,41.0145571]]}},{"type":"Feature","properties":{"way_id":825181964,"route_colors":["#23387f"],"route_refs":["M8"]},"geometry":{"type":"LineString","coordinates":[[29.1634729,41.0145571],[29.1637456,41.0138291],[29.1639301,41.0132172],[29.1641066,41.0126235],[29.1642705,41.011989],[29.1643327,41.0114622],[29.1643308,41.0110733],[29.1641999,41.0106696],[29.1639199,41.0102402],[29.1620051,41.0077709],[29.1617091,41.0074019],[29.1614091,41.0070133],[29.1607876,41.0061673],[29.1604977,41.0056543],[29.1598399,41.0047606],[29.1591946,41.0040929],[29.1576154,41.0025635],[29.1568706,41.001698],[29.1562195,41.000635],[29.1559677,41.0002187],[29.1557367,40.9998221],[29.1554013,40.9991162],[29.1552001,40.9986449],[29.1550609,40.9982457],[29.1550002,40.9979624],[29.1549771,40.9977722],[29.1549695,40.9976193],[29.1549691,40.9974898],[29.1549871,40.9972858],[29.1550115,40.9971272],[29.1550543,40.9969732],[29.1551715,40.9966474],[29.1559099,40.9944691],[29.1559266,40.9942297],[29.1559213,40.994007],[29.1558753,40.9937989],[29.1557915,40.9936225],[29.155658,40.9934461],[29.1554321,40.993255],[29.1551589,40.9930939],[29.153952,40.9925576],[29.1532987,40.9922712],[29.1527271,40.992005],[29.1505834,40.9910284],[29.1461021,40.988955],[29.1408497,40.9868043],[29.1403813,40.9866074],[29.1398799,40.9863855],[29.1395839,40.9862163],[29.1394358,40.9861108],[29.1392878,40.9860054],[29.1385801,40.9854122],[29.1377376,40.9847078],[29.136922,40.9840054],[29.1341943,40.9817016],[29.1336739,40.9812968],[29.1331269,40.9808851],[29.1328599,40.9807019],[29.1325048,40.9805021],[29.1322772,40.9803854],[29.1319394,40.9802313],[29.1316861,40.9801484],[29.1313777,40.9800739],[29.1307424,40.9799722],[29.1266808,40.9793251],[29.1260793,40.9792139],[29.1254406,40.9790958],[29.1239918,40.9787521],[29.1233322,40.9786426],[29.1225972,40.978574],[29.1218674,40.9785308],[29.1188091,40.9785998],[29.1175,40.9786541],[29.1162297,40.9787069],[29.1125007,40.9791005],[29.1117752,40.9791413],[29.1111671,40.9791768],[29.1091939,40.9792591],[29.1072791,40.979151],[29.10598,40.9790076],[29.1050945,40.9788742],[29.1040882,40.9786822],[29.1030043,40.9784151],[29.1004915,40.977782],[29.0998362,40.9776071],[29.0991901,40.9774347]]}},{"type":"Feature","properties":{"way_id":1115014742,"route_colors":["#23387f"],"route_refs":["M8"]},"geometry":{"type":"LineString","coordinates":[[29.0991901,40.9774347],[29.0928383,40.9758475],[29.0922956,40.9756861],[29.0919027,40.9755478],[29.0914851,40.9753816],[29.0912538,40.9752728],[29.0910472,40.9751639],[29.0907808,40.9750216],[29.0905636,40.9748886],[29.0901654,40.9746013],[29.0897712,40.9742246],[29.0885639,40.9728112],[29.0878706,40.9719809],[29.0873053,40.9712958],[29.0871546,40.9711131],[29.0862191,40.9700567],[29.0859853,40.9696898],[29.0858125,40.9693517],[29.0857398,40.9691909],[29.0856792,40.968948],[29.0856516,40.9687537],[29.0856482,40.9685869],[29.0856626,40.9684069],[29.0857011,40.9682086],[29.0857927,40.9679823],[29.0859615,40.9676195],[29.0862829,40.9670911],[29.0865803,40.9666465],[29.0868139,40.9662902],[29.087193,40.9657679],[29.0885942,40.9642573],[29.0890416,40.9638747],[29.0893855,40.9635902],[29.0921004,40.9616543],[29.092739,40.9611465],[29.0933503,40.9605812],[29.0941336,40.9598746],[29.0942972,40.959716],[29.0944038,40.9595876],[29.0945213,40.959401],[29.0946389,40.9591984],[29.094714,40.9590019],[29.0947608,40.9587786],[29.0947702,40.9585597],[29.0947257,40.9581213],[29.0941547,40.9554892],[29.0941121,40.9552686],[29.0940979,40.9550586],[29.0940989,40.9547735],[29.0941211,40.9545205],[29.0941451,40.9543457],[29.0941998,40.9541419],[29.0943112,40.9538179],[29.0943747,40.9536913],[29.0944311,40.9535807],[29.0945739,40.953355],[29.0947168,40.9531678],[29.0948455,40.9530234],[29.0951324,40.9527436],[29.0955749,40.9523675],[29.0961894,40.9519158],[29.0966148,40.9516062]]}},{"type":"Feature","properties":{"way_id":912307445,"route_colors":["#a1609b"],"route_refs":["M11"]},"geometry":{"type":"LineString","coordinates":[[28.7683524,41.0199072],[28.7683109,41.0207812],[28.7682503,41.0215043],[28.7682267,41.0221281],[28.7682122,41.0225626],[28.7682473,41.0229958],[28.768427,41.0242521],[28.7698379,41.0334156],[28.7699352,41.0338993],[28.7700633,41.0343485],[28.7702963,41.0348621],[28.7705936,41.0353999],[28.7727133,41.0385149],[28.7731818,41.0394386],[28.7736933,41.0406698],[28.7738047,41.0410987],[28.7745455,41.050664],[28.7746615,41.0520671],[28.7749337,41.0547768],[28.7749565,41.0553952],[28.7748859,41.056569],[28.7748325,41.0574565],[28.7747407,41.057872],[28.7746136,41.0582311],[28.7744618,41.0586209],[28.7743462,41.0588845],[28.7740295,41.0595344],[28.7736757,41.0601325],[28.7735648,41.0602888],[28.7731271,41.0609058],[28.7707867,41.0639751],[28.7705728,41.0643658],[28.7704203,41.0648646],[28.7703554,41.0653425],[28.7703751,41.0657336],[28.7704358,41.0662097],[28.7711917,41.0697315],[28.7712655,41.0700829],[28.7713392,41.0704807],[28.7713682,41.0707596],[28.7713985,41.0710514],[28.7714168,41.0716221],[28.7713649,41.072259],[28.7712926,41.0728805],[28.7710281,41.0748754],[28.7708223,41.075776],[28.7706423,41.0763746],[28.7703699,41.0770545],[28.7699116,41.0780764],[28.7695912,41.078795],[28.7687332,41.0805587],[28.7683658,41.0814087],[28.7680332,41.0823544],[28.7649176,41.0909745],[28.7646553,41.0924615],[28.764597,41.0938163],[28.7647718,41.0948695],[28.7671513,41.1049657],[28.7671565,41.106042],[28.7671064,41.1067729],[28.7670092,41.1078518],[28.7667929,41.1091616],[28.7661743,41.1113215],[28.766013,41.1122523],[28.765774,41.1138712],[28.7657696,41.114822],[28.7658803,41.1173262],[28.7659149,41.11811],[28.7660269,41.1211463],[28.7661231,41.1215215],[28.7662287,41.1217465],[28.7664487,41.1221005],[28.7666509,41.1223497],[28.7670338,41.1226588],[28.767489,41.1228588],[28.7678738,41.1229923],[28.7818243,41.1257659],[28.7825576,41.1259085],[28.7832638,41.1261274],[28.7838046,41.1263565],[28.7843183,41.1266823],[28.7846156,41.1269241],[28.7848995,41.1272067],[28.7851834,41.1276216],[28.7855078,41.1282554],[28.7872583,41.1324299],[28.7876334,41.1330687],[28.787995,41.1335905],[28.7887317,41.134415],[28.7920715,41.1377096],[28.7934402,41.1389589],[28.793969,41.1394663],[28.7946578,41.1401272],[28.8002438,41.1455009],[28.8006589,41.1462069],[28.8007546,41.1465675],[28.8007615,41.1469995],[28.8007144,41.1474315],[28.8006478,41.1479034],[28.8005271,41.1483549],[28.8002218,41.1490196],[28.7998489,41.1496283],[28.7994699,41.1500901],[28.7990369,41.1505315],[28.7986276,41.1509162],[28.7980831,41.1513009],[28.7855693,41.1588448],[28.7845048,41.1593511],[28.7832781,41.1598575],[28.7826558,41.1600677],[28.781937,41.1602698],[28.7810645,41.1604457],[28.780594,41.1605369],[28.7800153,41.1606663],[28.7763407,41.1616244],[28.7756514,41.1618596],[28.7748862,41.1621223],[28.774288,41.1623392],[28.773217,41.1627554],[28.7720892,41.1632298],[28.7553053,41.1713756],[28.7538493,41.1722722],[28.7524835,41.1732319],[28.751458,41.1740935],[28.750167,41.1752534],[28.7498475,41.1755866],[28.749556,41.1759172],[28.7492409,41.1763894],[28.74788,41.1791198]]}},{"type":"Feature","properties":{"way_id":1131953997,"route_colors":["#a1609b"],"route_refs":["M11"]},"geometry":{"type":"LineString","coordinates":[[28.74788,41.1791198],[28.7474752,41.1799601],[28.747174,41.1804728],[28.7469829,41.1807375],[28.7467389,41.1810297],[28.7462878,41.1814642],[28.7457122,41.1818887],[28.7378691,41.1871283],[28.7372599,41.1874923],[28.7254643,41.1931789],[28.7244032,41.1937183],[28.7194518,41.1964742],[28.7190711,41.1967867],[28.718651,41.1971594],[28.7183709,41.1975673],[28.7181575,41.1981047],[28.7162521,41.2063569],[28.7160865,41.2070981],[28.7158978,41.2078794],[28.7151962,41.2110672],[28.7148897,41.2118039],[28.7145872,41.2123105],[28.7141914,41.2128289],[28.7138818,41.213153],[28.7134165,41.2135591],[28.7129032,41.2139454],[28.7123433,41.2143551],[28.7119555,41.2145874],[28.7115677,41.2148196],[28.7106149,41.2153079],[28.7091666,41.2160366],[28.708502,41.2163662],[28.7062124,41.2175178],[28.7056847,41.2178519],[28.7050948,41.218268],[28.7047567,41.2185557],[28.7044497,41.2189078],[28.7042007,41.2193207],[28.7039984,41.2199326],[28.7038423,41.2205696],[28.7033331,41.2241482],[28.7032242,41.2247197],[28.7031448,41.2256749],[28.7031938,41.22684],[28.7047844,41.2346918],[28.7048429,41.2356517],[28.7047281,41.2367656],[28.7041609,41.239598],[28.703969,41.240231],[28.7024339,41.2441595],[28.7022296,41.2448386],[28.7020488,41.2456046],[28.7019817,41.2465193],[28.7019952,41.2474021],[28.7020882,41.2479867],[28.7022335,41.2486064],[28.702413,41.2493524],[28.7025593,41.2497833],[28.7027363,41.2502219],[28.7030171,41.2507206],[28.7042434,41.2522699],[28.7052141,41.2532558],[28.7058916,41.2537533],[28.7067129,41.2542353],[28.7074027,41.2545682],[28.708154,41.2548934],[28.7090905,41.2551303],[28.7100254,41.255266],[28.7110604,41.2553291],[28.712731,41.2553423]]}},{"type":"Feature","properties":{"way_id":1144334845,"route_colors":["#a1609b"],"route_refs":["M11"]},"geometry":{"type":"LineString","coordinates":[[28.712731,41.2553423],[28.7138197,41.2553359],[28.7198865,41.2554771],[28.7221161,41.2555565]]}},{"type":"Feature","properties":{"way_id":1144334846,"route_colors":["#a1609b"],"route_refs":["M11"]},"geometry":{"type":"LineString","coordinates":[[28.7221161,41.2555565],[28.724506,41.2556221]]}},{"type":"Feature","properties":{"way_id":1136820624,"route_colors":["#a1609b"],"route_refs":["M11"]},"geometry":{"type":"LineString","coordinates":[[28.724506,41.2556221],[28.7266306,41.2556222],[28.7426107,41.2558497],[28.7438574,41.2558695]]}},{"type":"Feature","properties":{"way_id":891578352,"route_colors":["#a1609b"],"route_refs":["M11"]},"geometry":{"type":"LineString","coordinates":[[28.7438574,41.2558695],[28.7455283,41.2559153],[28.7479192,41.2559899],[28.754905,41.2562057],[28.7683989,41.2563349],[28.7696405,41.2563432],[28.7720658,41.2563595],[28.7760998,41.2563066],[28.777187,41.2562158],[28.7783314,41.2559597],[28.7792112,41.255742],[28.7832412,41.2542147],[28.7840391,41.2537658],[28.7847876,41.2533243],[28.7871615,41.2513876],[28.7878748,41.2509034],[28.7888242,41.2503377],[28.7911738,41.2491641],[28.7924123,41.2486217],[28.7935234,41.2482162],[28.7947679,41.2478478],[28.8042254,41.2458204],[28.8047288,41.2456818],[28.8052474,41.2454742],[28.8058422,41.2452312],[28.8064477,41.2448757],[28.8079922,41.2435728],[28.8088272,41.2428514],[28.8095736,41.2422708],[28.8109748,41.2411479],[28.8122869,41.2401602],[28.8162439,41.2372207],[28.816808,41.2368254],[28.8174103,41.2364703],[28.8184969,41.235878],[28.8195452,41.2353605],[28.8215686,41.2344613],[28.8263966,41.2326056],[28.8270525,41.2323387],[28.8275706,41.2320833],[28.8280186,41.2317814],[28.8283134,41.231537],[28.8362423,41.2230149],[28.8367003,41.2223634],[28.837203,41.2215554],[28.8423734,41.2116897],[28.8427385,41.2111847],[28.8431495,41.2107085],[28.8438644,41.2100439],[28.8445289,41.2095093],[28.8453222,41.2089928],[28.8460999,41.2085582],[28.8469542,41.2081697],[28.8480963,41.2077036],[28.850858,41.2065944],[28.8530788,41.2055291],[28.8545084,41.2048135],[28.8662202,41.1986641],[28.8674111,41.1978442],[28.868088,41.19733],[28.8685963,41.1967983],[28.8689392,41.1963131],[28.8692821,41.1957184],[28.8695732,41.1950884],[28.8710807,41.1902229],[28.8713849,41.1895671],[28.8719224,41.1887603],[28.8725327,41.1879192],[28.8735713,41.1866069],[28.8745289,41.1855305],[28.8836397,41.1768557],[28.884389,41.1761738],[28.8874473,41.1734052],[28.8911446,41.1704235],[28.8920182,41.1698503],[28.8934812,41.1690813],[28.8944506,41.1686778],[28.8955349,41.168234],[28.9048586,41.165155],[28.9061005,41.1647967],[28.9071587,41.1644269],[28.9076819,41.1641632],[28.9081858,41.1638207],[28.9084983,41.1635301],[28.9089698,41.1629333],[28.9092903,41.1623796],[28.9094807,41.1617741],[28.9098826,41.1600911],[28.9101084,41.1590973],[28.9103509,41.1580302],[28.9112294,41.1546081],[28.9114005,41.1541928],[28.9115715,41.1538671],[28.9118759,41.1534944],[28.9122502,41.153171],[28.9127103,41.1529141],[28.9166276,41.1508799],[28.9207491,41.1487396],[28.9215736,41.1481753],[28.9223215,41.1475937],[28.9228764,41.1470801],[28.9233853,41.1464686],[28.9237937,41.1457594],[28.9241332,41.144958],[28.9257526,41.1395102],[28.9260047,41.1390569],[28.9265602,41.1384222],[28.9270545,41.1380065],[28.9276308,41.1375806],[28.9281918,41.137247],[28.943214,41.1302853],[28.9438342,41.1299411],[28.944148,41.129739],[28.9444006,41.129537],[28.9446212,41.1293065],[28.944773,41.1290932],[28.9449057,41.128793],[28.9449844,41.128509],[28.9457102,41.1255711],[28.9460464,41.124182],[28.9467385,41.1212278],[28.946952,41.1203146],[28.94824,41.1129709],[28.9484386,41.1123435],[28.9487053,41.1117586],[28.9519252,41.1057759],[28.9522946,41.1048251],[28.9526487,41.1039436],[28.9528956,41.1030851],[28.9536327,41.0995446],[28.9538862,41.0988559],[28.9541243,41.0983114],[28.9544629,41.0975684],[28.9548339,41.0965783],[28.9555181,41.094129],[28.9558377,41.0930927],[28.956035,41.0926045],[28.9562752,41.0921711],[28.9564811,41.0917916],[28.9567143,41.0914945],[28.9570021,41.0911922],[28.9578012,41.0906173],[28.9704248,41.0832914],[28.9716711,41.0827575],[28.9724668,41.0822938],[28.9729737,41.0820134],[28.973648,41.0816282],[28.9748285,41.0808929],[28.9764623,41.0800228]]}},{"type":"Feature","properties":{"way_id":1108299775,"route_colors":["#a1609b"],"route_refs":["M11"]},"geometry":{"type":"LineString","coordinates":[[28.9764623,41.0800228],[28.9774665,41.0794902],[28.9867622,41.0751222],[28.9880021,41.0746932],[28.9888723,41.0744998],[28.9897396,41.0743616],[28.9954485,41.0739327],[28.9968905,41.0736996],[29.0029201,41.0718014],[29.0037427,41.0714099],[29.0045764,41.0708877],[29.0068732,41.0690572],[29.0079059,41.0683509],[29.0086636,41.0678495],[29.0093904,41.0673927],[29.0105059,41.0667555]]}},{"type":"Feature","properties":{"way_id":1244517835,"route_colors":["#a1609b"],"route_refs":["M11"]},"geometry":{"type":"LineString","coordinates":[[29.0107454,41.0670078],[29.0097556,41.0675684]]}},{"type":"Feature","properties":{"way_id":1108299768,"route_colors":["#a1609b"],"route_refs":["M11"]},"geometry":{"type":"LineString","coordinates":[[29.0097556,41.0675684],[29.0083945,41.0687017]]}},{"type":"Feature","properties":{"way_id":1113441480,"route_colors":["#a1609b"],"route_refs":["M11"]},"geometry":{"type":"LineString","coordinates":[[29.0083945,41.0687017],[29.0079523,41.0689075]]}},{"type":"Feature","properties":{"way_id":1108299774,"route_colors":["#a1609b"],"route_refs":["M11"]},"geometry":{"type":"LineString","coordinates":[[29.0079523,41.0689075],[29.0072592,41.0693419],[29.0067185,41.0696915],[29.0062999,41.0699801],[29.0059416,41.0702535],[29.005432,41.0706581]]}},{"type":"Feature","properties":{"way_id":1122846815,"route_colors":["#a1609b"],"route_refs":["M11"]},"geometry":{"type":"LineString","coordinates":[[29.005432,41.0706581],[29.0048137,41.071112],[29.0041178,41.0715561],[29.0031503,41.0720142],[28.9970275,41.0739546],[28.9954811,41.0742114],[28.989801,41.074672],[28.98895,41.0747915],[28.9881,41.0749943],[28.9868587,41.0754323],[28.9775586,41.0796883],[28.9766216,41.0801857]]}},{"type":"Feature","properties":{"way_id":891578353,"route_colors":["#a1609b"],"route_refs":["M11"]},"geometry":{"type":"LineString","coordinates":[[28.9766216,41.0801857],[28.974913,41.0810998],[28.9736899,41.0816618],[28.9730025,41.0820535],[28.9725046,41.0823245],[28.9576753,41.0910882],[28.9574019,41.0913087],[28.9571102,41.0916047],[28.9568595,41.0919296],[28.9566362,41.0922996],[28.9563267,41.092936],[28.9552533,41.0966328],[28.954993,41.0974232],[28.9546505,41.0982646],[28.9543698,41.0988648],[28.9542179,41.099237],[28.9540041,41.099893],[28.9533287,41.1032251],[28.9531819,41.1037724],[28.9529723,41.1044201],[28.9527001,41.1050785],[28.9523581,41.1058829],[28.9491589,41.1118414],[28.9488731,41.1124877],[28.9486791,41.1131052],[28.9471775,41.1203398],[28.9469769,41.1212528],[28.9463156,41.1242049],[28.9459798,41.125599],[28.9453307,41.1285787],[28.9451875,41.1290391],[28.9450583,41.1293088],[28.9448208,41.1296029],[28.9444934,41.1299142],[28.9440453,41.1302513],[28.9434204,41.1305946],[28.9284975,41.1374939],[28.9275044,41.1380753],[28.926978,41.138486],[28.9265282,41.138989],[28.926183,41.1395339],[28.9245167,41.1451309],[28.9242096,41.1458488],[28.9239259,41.1463403],[28.9236422,41.1467626],[28.9229787,41.1474474],[28.9223306,41.147994],[28.921075,41.1488988],[28.9128806,41.1531694],[28.9123802,41.1534701],[28.9119881,41.15381],[28.9117108,41.1542018],[28.9115629,41.1546475],[28.9105882,41.1581344],[28.9103638,41.1591283],[28.9101462,41.1600918],[28.9097811,41.1618549],[28.9095573,41.1624628],[28.9093335,41.1628747],[28.9090637,41.1632694],[28.9086792,41.1637332],[28.9083752,41.1640065],[28.9082714,41.1640842],[28.9079948,41.1642912],[28.9074011,41.1646109],[28.9065282,41.1649474],[28.9055023,41.1652724],[28.8957247,41.1684945],[28.8939851,41.1691785],[28.8930941,41.1695851],[28.8922609,41.1700092],[28.8912915,41.1706012],[28.8876463,41.1734891],[28.8845811,41.1762891],[28.8838343,41.1769737],[28.8748053,41.1856963],[28.8737299,41.1869378],[28.8730232,41.1878919],[28.87224,41.1889957],[28.8718121,41.1896651],[28.8715219,41.1903173],[28.8699486,41.1951653],[28.869727,41.19568],[28.8694707,41.1961829],[28.8691072,41.1967204],[28.8685368,41.1973302],[28.8678903,41.1978774],[28.8670978,41.198469],[28.866313,41.1989857],[28.854694,41.205052],[28.8534112,41.2056808],[28.8522356,41.2062347],[28.8509375,41.2068232],[28.8483327,41.2078989],[28.8466682,41.208631],[28.8455701,41.2092019],[28.8449039,41.2096413],[28.8441305,41.2102189],[28.8436833,41.2106129],[28.8433508,41.2109205],[28.8430183,41.21128],[28.8426858,41.2117316],[28.8375202,41.2218143],[28.836979,41.2226826],[28.8364377,41.2234011],[28.8286297,41.2317104],[28.8282552,41.232002],[28.827697,41.2323282],[28.8272297,41.2325626],[28.8266246,41.2327971],[28.8215714,41.2347274],[28.819626,41.2356163],[28.8186543,41.2361019],[28.8175907,41.236691],[28.8163985,41.2374732],[28.8124763,41.2402744],[28.8111459,41.2412574],[28.8098258,41.2423143],[28.8090227,41.2429857],[28.8081833,41.2436873],[28.806633,41.2449832],[28.8061135,41.2453094],[28.8053991,41.2457006],[28.8048363,41.2459454],[28.8042852,41.2461161],[28.7948435,41.248134],[28.7936124,41.2484968],[28.79265,41.248831],[28.7916148,41.2492746],[28.7895913,41.250306],[28.7882142,41.2510823],[28.7875897,41.2515164],[28.7849772,41.2535339],[28.784284,41.2539546],[28.783435,41.2543872],[28.7792416,41.2559557],[28.7783704,41.2562071],[28.7771322,41.2564088],[28.7760324,41.2565186],[28.7720394,41.256557],[28.769657,41.2565381],[28.7683976,41.2565281],[28.7548462,41.2563518],[28.7479085,41.2561021],[28.7455288,41.2560488],[28.7438726,41.2560365]]}},{"type":"Feature","properties":{"way_id":1136820625,"route_colors":["#a1609b"],"route_refs":["M11"]},"geometry":{"type":"LineString","coordinates":[[28.7438726,41.2560365],[28.7426028,41.2560325],[28.7265742,41.2557736],[28.7244905,41.2557237]]}},{"type":"Feature","properties":{"way_id":1144334844,"route_colors":["#a1609b"],"route_refs":["M11"]},"geometry":{"type":"LineString","coordinates":[[28.7244905,41.2557237],[28.7221122,41.2556498]]}},{"type":"Feature","properties":{"way_id":1144334843,"route_colors":["#a1609b"],"route_refs":["M11"]},"geometry":{"type":"LineString","coordinates":[[28.7221122,41.2556498],[28.7198584,41.2556474],[28.7138157,41.2555409],[28.7127283,41.2555309]]}},{"type":"Feature","properties":{"way_id":1131953999,"route_colors":["#a1609b"],"route_refs":["M11"]},"geometry":{"type":"LineString","coordinates":[[28.7127283,41.2555309],[28.7110586,41.2555122],[28.709922,41.255437],[28.7089447,41.255313],[28.7079878,41.2550813],[28.7072975,41.2547985],[28.7067941,41.2545536],[28.7062486,41.2542514],[28.7057853,41.2539645],[28.7053675,41.2536825],[28.7048675,41.253277],[28.7044599,41.2529027],[28.7040934,41.2525438],[28.7035854,41.2519566],[28.7031391,41.2514312],[28.7025739,41.2506828],[28.7023527,41.250301],[28.7021725,41.2498729],[28.7019729,41.249297],[28.701835,41.2487674],[28.7016102,41.2474078],[28.701602,41.2468964],[28.7016101,41.2463373],[28.7017003,41.2455971],[28.7019355,41.2448007],[28.7021553,41.244124],[28.7036663,41.2401462],[28.7038203,41.2395722],[28.704379,41.236755],[28.7044669,41.235649],[28.7044513,41.2347626],[28.70281,41.2268566],[28.7027424,41.2256557],[28.7034667,41.2204856],[28.703618,41.2198029],[28.7038095,41.2193514],[28.7040011,41.2189584],[28.7041982,41.2186702],[28.7045198,41.2182649],[28.7049385,41.2179209],[28.7054117,41.2175885],[28.7059193,41.2173022],[28.7103712,41.2150802],[28.711274,41.2146084],[28.7120421,41.2141328],[28.7125801,41.2137325],[28.7131102,41.2133145],[28.7135446,41.2129327],[28.7138777,41.2125742],[28.7143205,41.2119299],[28.7146013,41.2113933],[28.7147653,41.211044],[28.7155169,41.2078305],[28.7156947,41.2070292],[28.7158605,41.2063017],[28.7177302,41.1979787],[28.7179222,41.1975611],[28.7182327,41.1971089],[28.7186755,41.196645],[28.7191371,41.1962893],[28.7243319,41.1936108],[28.7253771,41.1930751],[28.7370661,41.1872433],[28.7376223,41.1869018],[28.7453666,41.1817136],[28.7459701,41.1812575],[28.7463853,41.1808458],[28.7467377,41.1803912],[28.747083,41.1798786],[28.747501,41.1790253]]}},{"type":"Feature","properties":{"way_id":912307444,"route_colors":["#a1609b"],"route_refs":["M11"]},"geometry":{"type":"LineString","coordinates":[[28.747501,41.1790253],[28.7488587,41.1762642],[28.749184,41.1758231],[28.7496842,41.1753078],[28.7504523,41.1745936],[28.7513405,41.1737877],[28.7522676,41.1730238],[28.7536072,41.1721062],[28.755032,41.171234],[28.7719888,41.162956],[28.7730725,41.1625244],[28.7741101,41.162147],[28.7747932,41.161929],[28.775591,41.1616949],[28.7763112,41.1615149],[28.779985,41.1605721],[28.7805629,41.1604479],[28.7812325,41.1603074],[28.7817094,41.1601585],[28.7823991,41.1599288],[28.7832959,41.1595773],[28.7842697,41.159146],[28.7851382,41.1587149],[28.7978855,41.1510969],[28.7984137,41.1507223],[28.7987928,41.1503478],[28.7992376,41.1498799],[28.7995469,41.1494324],[28.7999466,41.148723],[28.80018,41.1481262],[28.800286,41.1477004],[28.8003649,41.147295],[28.8003833,41.1468957],[28.8003848,41.1465064],[28.8002036,41.1461033],[28.7998637,41.1456414],[28.7936519,41.1396527],[28.7931352,41.1391545],[28.7917849,41.1379429],[28.7884396,41.1345751],[28.7878341,41.1339211],[28.7872967,41.1331965],[28.7869552,41.1325939],[28.7852282,41.1283605],[28.7849516,41.1278563],[28.7847165,41.127521],[28.7844072,41.1271705],[28.783962,41.1268137],[28.7834866,41.1265566],[28.7829841,41.1263402],[28.7824062,41.1261764],[28.7818418,41.1260431],[28.7678255,41.1231965],[28.7673827,41.1230685],[28.7668988,41.1228307],[28.7666636,41.1226875],[28.7664824,41.1225444],[28.7662659,41.122329],[28.7661035,41.1221237],[28.7659495,41.1218387],[28.7658226,41.1215619],[28.7657439,41.1211852],[28.7655228,41.1173298],[28.7654202,41.1155397],[28.7655258,41.1147578],[28.7658888,41.1122481],[28.7660482,41.1113138],[28.766129,41.1107367],[28.7664565,41.1091116],[28.7666443,41.1077901],[28.7667388,41.1067644],[28.7667417,41.1059649],[28.7667177,41.1050275],[28.7642793,41.0949536],[28.7640711,41.0938733],[28.7641132,41.092434],[28.7644413,41.0910335],[28.7680083,41.0813743],[28.7692228,41.0787343],[28.7695303,41.077981],[28.7699591,41.0769978],[28.7703321,41.0758915],[28.7705788,41.0750456],[28.770723,41.0744294],[28.770885,41.0733673],[28.7709696,41.0726104],[28.771035,41.0720105],[28.7710528,41.0714726],[28.7710595,41.0712716],[28.7710388,41.0708236],[28.7709566,41.070368],[28.7708057,41.0696083],[28.7700567,41.0660845],[28.7700109,41.0654594],[28.7700825,41.0647902],[28.7702573,41.0642778],[28.7704321,41.0638981],[28.7707732,41.0633562],[28.7728446,41.0607418],[28.7733354,41.0600012],[28.7736176,41.0595274],[28.7738705,41.0590465],[28.7741159,41.058531],[28.7743017,41.0581293],[28.7744122,41.0577543],[28.774461,41.0574516],[28.7745114,41.056562],[28.7745729,41.0554749],[28.7745768,41.0553842],[28.7746018,41.0547958],[28.7745353,41.0520661],[28.7744163,41.050685],[28.7735312,41.0412794],[28.7733955,41.0406891],[28.77294,41.0395626],[28.772471,41.0386426],[28.7701283,41.0353271],[28.7698886,41.0348217],[28.7696685,41.0343015],[28.7694827,41.033453],[28.7694818,41.0334427],[28.7683055,41.0242708],[28.7681278,41.0229923],[28.7680547,41.0224905],[28.76796,41.0219226],[28.7679193,41.0213751],[28.7679197,41.0207608],[28.767964,41.0198986]]}}]}