{"type":"FeatureCollection","metro_system":{"continent":"europe","country":"Russia","city":"Moscow","official_website":null,"official_map":"https://en.wikipedia.org/wiki/Moscow_Metro","wikipedia":"en:Moscow Metro","wiki":true,"wikipedia_zh":"zh:莫斯科地铁","line_count":17,"segment_count":21,"station_count":235,"modes":["metro","suburban"],"audit":{"strategies_tried":[],"passed":true,"checks":[{"id":"system_exists","ok":true,"detail":"matched OSM system metro-maps/europe/russia/eu-rus-moscow/eu-rus-moscow.geojson","level":"error"},{"id":"has_lines","ok":true,"detail":"17 lines","level":"error"},{"id":"has_stations","ok":true,"detail":"235 stations","level":"error"},{"id":"station_count_info","ok":true,"detail":"OSM 235 站（wiki List 記 249，計法含轉乘重複，僅參考）","level":"warn"},{"id":"stations_have_lines","ok":true,"detail":"235/235 站皆有所屬路線","level":"error"},{"id":"line_geometry_stations","ok":true,"detail":"310 個折點/端點皆為車站","level":"error"},{"id":"route_stations_match_geometry","ok":true,"detail":"各線車站列表與圖面一致","level":"error"},{"id":"interchange_rule","ok":true,"detail":"所有車站紅/藍點符合骨架＋路線色規則（藍＝端點、紅＝交叉）","level":"error"},{"id":"stations_named","ok":true,"detail":"235/235 站皆有名稱","level":"error"},{"id":"station_order","ok":true,"detail":"所有線路站序合理","level":"warn"},{"id":"line_wiki_stations","ok":true,"detail":"各線站數與 wiki 線路條目相符（營運中站數）","level":"error"},{"id":"line_wiki_coverage","ok":false,"detail":"10 條線無 wiki 站數對照：Circle line、Kaluzhsko-Rizhskaya line、Филёвская линия","level":"warn"}],"reasons":[],"warnings":["10 條線無 wiki 站數對照：Circle line、Kaluzhsko-Rizhskaya line、Филёвская линия"],"audited_at":"2026-07-27T02:39:06.370Z"},"prescribed_shape":[{"label":"Circle line","shape":0,"shape_name":"square","route_id":"rm1462012","name_re":"circle line|кольцевая","name_re_flags":"i","segment":"full","stations":["n1157975976","n296956170","x0","n277499848","n267335088","n1123660474","n253016890","n292019726","n294024698","n277499853","n291686079","n253375111","n296959510","n1157975976"]},{"label":"Большая кольцевая линия","shape":0,"shape_name":"square","route_id":"rm8119161","name_re":"большая кольцевая|BKL","name_re_flags":"i","segment":"full","stations":["n267334996","n242546355","n7340764979","n276191013","n7340764981","n253016893","n296949278","n10702213027","n10702213024","n5174653609","n10702113003","n314679443","n9315679315","n259786804","n9315693022","n349930322","n5868120884","n9315693031","n9315693033","n5176248502","n9315693040","n9315693042","n9315693044","n5436404611","n5436420781","x10","n5436412993","n296956169","n10702624107","n277499099","n267334996"]}]},"features":[{"type":"Feature","properties":{"seg_id":"moscow-0","routes":[{"route_id":"rm1462012","route_name":"Circle line","route_name_local":"Кольцевая линия","route_name_en":"Circle line","route_ref":"5","route_color":"#802f08","wikipedia":"ru:Кольцевая линия (Москва)","osm_route_ids":[300607,1462011],"status":null,"order_suspect":0,"span_suspect":0,"stations":[{"station_id":"n1157975976","station_name":"Belorusskaya"},{"station_id":"n296956170","station_name":"Novoslobodskaya"},{"station_id":"n277499848","station_name":"Prospekt Mira"},{"station_id":"n267335088","station_name":"Komsomolskaya"},{"station_id":"n1123660474","station_name":"Kurskaya"},{"station_id":"n253016890","station_name":"Taganskaya"},{"station_id":"n292019726","station_name":"Paveletskaya"},{"station_id":"n294024698","station_name":"Dobryninskaya"},{"station_id":"n277499853","station_name":"Oktyabrskaya"},{"station_id":"n291686079","station_name":"Park Kultury"},{"station_id":"n253375111","station_name":"Kiyevskaya"},{"station_id":"n296959510","station_name":"Krasnopresnenskaya"},{"station_id":"n1157975976","station_name":"Belorusskaya"}]}],"route_count":1,"route_refs":["5"],"route_colors":["#802f08"],"city":"Moscow","country":"Russia"},"geometry":{"type":"MultiLineString","coordinates":[[[37.58381951666667,55.776420349999995],[37.602727816666665,55.780406899999996],[37.631865733333335,55.78024171666666],[37.65526291666667,55.77489558333334],[37.65824541111111,55.75731938888888],[37.65226056666667,55.74115781111112],[37.63799196666667,55.73140826666667],[37.6246257,55.728528366666666],[37.61015366666667,55.73013666666666],[37.59280328333333,55.7356849],[37.565518133333335,55.74423948888889],[37.578311500000005,55.761159850000006],[37.58381951666667,55.776420349999995]]]}},{"type":"Feature","properties":{"seg_id":"moscow-1","routes":[{"route_id":"rm1514439","route_name":"Kaluzhsko-Rizhskaya line","route_name_local":"Калужско-Рижская линия","route_name_en":"Kaluzhsko-Rizhskaya line","route_ref":"6","route_color":"#f58231","wikipedia":"ru:Калужско-Рижская линия","osm_route_ids":[300618,1514369],"status":null,"order_suspect":0,"span_suspect":0,"stations":[{"station_id":"n60660466","station_name":"Medvedkovo"},{"station_id":"n60660469","station_name":"Babushkinskaya"},{"station_id":"n268521588","station_name":"Sviblovo"},{"station_id":"n268521591","station_name":"Botanical Garden"},{"station_id":"n5202107574","station_name":"VDNKh"},{"station_id":"n5202107562","station_name":"Alekseyevskaya"},{"station_id":"n277499099","station_name":"Rizhskaya"},{"station_id":"n277499848","station_name":"Prospekt Mira"},{"station_id":"n277499849","station_name":"Sukharevskaya"},{"station_id":"n267335317","station_name":"Turgenevskaya"},{"station_id":"n5176322725","station_name":"Kitay-gorod"},{"station_id":"n277499852","station_name":"Tretyakovskaya"},{"station_id":"n277499853","station_name":"Oktyabrskaya"},{"station_id":"n277499854","station_name":"Shabolovskaya"},{"station_id":"n282411334","station_name":"Leninsky Prospekt"},{"station_id":"n282413851","station_name":"Akademicheskaya"},{"station_id":"n282414382","station_name":"Profsoyuznaya"},{"station_id":"n259786806","station_name":"Novye Cheryomushki"},{"station_id":"n259786804","station_name":"Kaluzhskaya"},{"station_id":"n282416839","station_name":"Belyayevo"},{"station_id":"n1221839292","station_name":"Konkovo"},{"station_id":"n259785706","station_name":"Tyoply Stan"},{"station_id":"n264162888","station_name":"Yasenevo"},{"station_id":"n2591402980","station_name":"Novoyasenevskaya"}]}],"route_count":1,"route_refs":["6"],"route_colors":["#f58231"],"city":"Moscow","country":"Russia"},"geometry":{"type":"MultiLineString","coordinates":[[[37.66154263333333,55.88717783333333],[37.664105033333335,55.86963493333334],[37.65270493333333,55.855211999999995],[37.638816000000006,55.84512764],[37.64133926666667,55.82105466666667],[37.6390056,55.8090891],[37.63541221666666,55.79379266666666],[37.631865733333335,55.78024171666666],[37.63120356666667,55.77295519999999],[37.63886122222223,55.76644974444444],[37.633311516666666,55.75562033333333],[37.627944033333335,55.741208488888894],[37.61015366666667,55.73013666666666],[37.607695666666665,55.71998693333333],[37.586203866666665,55.707619466666664],[37.57473491666667,55.68737863333333],[37.56290433333333,55.67793043333333],[37.554698099999996,55.67027863333334],[37.54004681666667,55.65800833333333],[37.52568036666667,55.6427773],[37.5189767,55.63314666666667],[37.5082429,55.61883476666666],[37.53340656666666,55.60630626666667],[37.55525965,55.60061616666667]]]}},{"type":"Feature","properties":{"seg_id":"moscow-2","routes":[{"route_id":"rm1570146","route_name":"Serpukhovsko-Timiryazevskaya","route_name_local":"Серпуховско-Тимирязевская линия","route_name_en":"Serpukhovsko-Timiryazevskaya","route_ref":"9","route_color":"#a0a2a3","wikipedia":"en:Serpukhovsko-Timiryazevskaya line","osm_route_ids":[301486,1570093],"status":null,"order_suspect":0,"span_suspect":0,"stations":[{"station_id":"n296957238","station_name":"Altufyevo"},{"station_id":"n296957239","station_name":"Bibirevo"},{"station_id":"n296957241","station_name":"Otradnoye"},{"station_id":"n297291268","station_name":"Vladykino"},{"station_id":"n5202080141","station_name":"Petrovsko-Razumovskaya"},{"station_id":"n296956167","station_name":"Timiryazevskaya"},{"station_id":"n296956168","station_name":"Dmitrovskaya"},{"station_id":"n296956169","station_name":"Savyolovskaya"},{"station_id":"n296956170","station_name":"Mendeleyevskaya"},{"station_id":"n291689166","station_name":"Tsvetnoy Bulvar"},{"station_id":"n292144111","station_name":"Chekhovskaya"},{"station_id":"n253228506","station_name":"Borovitskaya"},{"station_id":"n312816773","station_name":"Polyanka"},{"station_id":"n294024698","station_name":"Serpukhovskaya"},{"station_id":"n296953131","station_name":"Tulskaya"},{"station_id":"n296953132","station_name":"Nagatinskaya"},{"station_id":"n296953133","station_name":"Nagornaya"},{"station_id":"n296953134","station_name":"Nakhimovsky Prospekt"},{"station_id":"n314679443","station_name":"Sevastopolskaya"},{"station_id":"n296953136","station_name":"Chertanovskaya"},{"station_id":"n296953137","station_name":"Yuzhnaya"},{"station_id":"n296953138","station_name":"Prazhskaya"},{"station_id":"n296953139","station_name":"Ulitsa Akademika Yangelya"},{"station_id":"n296953140","station_name":"Annino"},{"station_id":"n309741697","station_name":"Bulvar Dmitriya Donskogo"}]}],"route_count":1,"route_refs":["9"],"route_colors":["#a0a2a3"],"city":"Moscow","country":"Russia"},"geometry":{"type":"MultiLineString","coordinates":[[[37.5873602,55.89792026666667],[37.603555699999994,55.883871899999995],[37.604652566666665,55.8631833],[37.59102396,55.84723936],[37.574621150000006,55.83483631666667],[37.576388533333336,55.8171256],[37.581896400000005,55.8065608],[37.58747115,55.79240869999999],[37.602727816666665,55.780406899999996],[37.61790093333333,55.77087376666666],[37.60759248888888,55.76505387777778],[37.6086409,55.75155114444445],[37.61719239999999,55.73816336666666],[37.6246257,55.728528366666666],[37.62281723333333,55.708664633333335],[37.62241463333333,55.68297293333333],[37.61027586666666,55.67194676666667],[37.6056271,55.6626506],[37.598432333333335,55.65278836666667],[37.60668623333333,55.640456],[37.60922583333333,55.622257966666666],[37.604525333333335,55.612377333333335],[37.600435866666665,55.59498876666667],[37.59653446666667,55.58252566666666],[37.5767601,55.56909925]]]}},{"type":"Feature","properties":{"seg_id":"moscow-3","routes":[{"route_id":"r302147","route_name":"Филёвская линия","route_name_local":"Филёвская линия","route_name_en":null,"route_ref":"4А","route_color":"#1ebcef","wikipedia":null,"osm_route_ids":[302147,1463286],"status":null,"order_suspect":0,"span_suspect":0,"stations":[{"station_id":"n253228506","station_name":"Aleksandrovsky Sad"},{"station_id":"n253043175","station_name":"Arbatskaya"},{"station_id":"n291687197","station_name":"Smolenskaya"},{"station_id":"n253375111","station_name":"Kiyevskaya"},{"station_id":"n6939665005","station_name":"Delovoy Center"},{"station_id":"n4375864373","station_name":"Moscow-City"}]},{"route_id":"rm1463287","route_name":"Filyovskaya","route_name_local":"Филёвская линия","route_name_en":"Filyovskaya","route_ref":"4","route_color":"#33ccff","wikipedia":"en:Filyovskaya Line","osm_route_ids":[302148,1463285],"status":null,"order_suspect":0,"span_suspect":0,"stations":[{"station_id":"n253228506","station_name":"Aleksandrovsky Sad"},{"station_id":"n253043175","station_name":"Arbatskaya"},{"station_id":"n291687197","station_name":"Smolenskaya"},{"station_id":"n253375111","station_name":"Kiyevskaya"},{"station_id":"n241158415","station_name":"Studencheskaya"},{"station_id":"n241158369","station_name":"Kutuzovskaya"},{"station_id":"n241158327","station_name":"Fili"},{"station_id":"n241158281","station_name":"Bagrationovskaya"},{"station_id":"n241158259","station_name":"Filyovsky Park"},{"station_id":"n244036856","station_name":"Pionerskaya"},{"station_id":"n5176248502","station_name":"Kuntsevskaya"}]}],"route_count":2,"route_refs":["4А","4"],"route_colors":["#1ebcef","#33ccff"],"city":"Moscow","country":"Russia"},"geometry":{"type":"MultiLineString","coordinates":[[[37.6086409,55.75155114444445],[37.603816433333336,55.75197363333333]]]}},{"type":"Feature","properties":{"seg_id":"moscow-4","routes":[{"route_id":"r302147","route_name":"Филёвская линия","route_name_local":"Филёвская линия","route_name_en":null,"route_ref":"4А","route_color":"#1ebcef","wikipedia":null,"osm_route_ids":[302147,1463286],"status":null,"order_suspect":0,"span_suspect":0,"stations":[{"station_id":"n253228506","station_name":"Aleksandrovsky Sad"},{"station_id":"n253043175","station_name":"Arbatskaya"},{"station_id":"n291687197","station_name":"Smolenskaya"},{"station_id":"n253375111","station_name":"Kiyevskaya"},{"station_id":"n6939665005","station_name":"Delovoy Center"},{"station_id":"n4375864373","station_name":"Moscow-City"}]},{"route_id":"rm1463287","route_name":"Filyovskaya","route_name_local":"Филёвская линия","route_name_en":"Filyovskaya","route_ref":"4","route_color":"#33ccff","wikipedia":"en:Filyovskaya Line","osm_route_ids":[302148,1463285],"status":null,"order_suspect":0,"span_suspect":0,"stations":[{"station_id":"n253228506","station_name":"Aleksandrovsky Sad"},{"station_id":"n253043175","station_name":"Arbatskaya"},{"station_id":"n291687197","station_name":"Smolenskaya"},{"station_id":"n253375111","station_name":"Kiyevskaya"},{"station_id":"n241158415","station_name":"Studencheskaya"},{"station_id":"n241158369","station_name":"Kutuzovskaya"},{"station_id":"n241158327","station_name":"Fili"},{"station_id":"n241158281","station_name":"Bagrationovskaya"},{"station_id":"n241158259","station_name":"Filyovsky Park"},{"station_id":"n244036856","station_name":"Pionerskaya"},{"station_id":"n5176248502","station_name":"Kuntsevskaya"}]},{"route_id":"rm1472548","route_name":"Arbatsko-Pokrovskaya","route_name_local":"Арбатско-Покровская линия","route_name_en":"Arbatsko-Pokrovskaya","route_ref":"3","route_color":"#0000ff","wikipedia":"en:Arbatsko-Pokrovskaya Line","osm_route_ids":[302149,1472298],"status":null,"order_suspect":0,"span_suspect":0,"stations":[{"station_id":"n2692905506","station_name":"Schelkovskaya"},{"station_id":"n2692882978","station_name":"Pervomayskaya"},{"station_id":"n2692857848","station_name":"Izmaylovskaya"},{"station_id":"n68916801","station_name":"Partizanskaya"},{"station_id":"n68937012","station_name":"Semyonovskaya"},{"station_id":"n242546355","station_name":"Elektrozavodskaya"},{"station_id":"n242546356","station_name":"Baumanskaya"},{"station_id":"n1123660474","station_name":"Kurskaya"},{"station_id":"n292143794","station_name":"Ploschad Revolyutsii"},{"station_id":"n253043175","station_name":"Arbatskaya"},{"station_id":"n291687197","station_name":"Smolenskaya"},{"station_id":"n253375111","station_name":"Kiyevskaya"},{"station_id":"n2950850833","station_name":"Victory Park"},{"station_id":"n253780238","station_name":"Slavyansky Bulvar"},{"station_id":"n5176248502","station_name":"Kuntsevskaya"},{"station_id":"n244036228","station_name":"Molodyozhnaya"},{"station_id":"n6939665011","station_name":"Krylatskoye"},{"station_id":"n5202107564","station_name":"Strogino"},{"station_id":"n5202107566","station_name":"Myakinino"},{"station_id":"n5202107568","station_name":"Volokolamskaya"},{"station_id":"n596129560","station_name":"Mitino"},{"station_id":"n2101832212","station_name":"Pyatnitskoye Shosse"}]}],"route_count":3,"route_refs":["4А","4","3"],"route_colors":["#1ebcef","#33ccff","#0000ff"],"city":"Moscow","country":"Russia"},"geometry":{"type":"MultiLineString","coordinates":[[[37.603816433333336,55.75197363333333],[37.582454133333336,55.748131433333334],[37.565518133333335,55.74423948888889]]]}},{"type":"Feature","properties":{"seg_id":"moscow-5","routes":[{"route_id":"r302147","route_name":"Филёвская линия","route_name_local":"Филёвская линия","route_name_en":null,"route_ref":"4А","route_color":"#1ebcef","wikipedia":null,"osm_route_ids":[302147,1463286],"status":null,"order_suspect":0,"span_suspect":0,"stations":[{"station_id":"n253228506","station_name":"Aleksandrovsky Sad"},{"station_id":"n253043175","station_name":"Arbatskaya"},{"station_id":"n291687197","station_name":"Smolenskaya"},{"station_id":"n253375111","station_name":"Kiyevskaya"},{"station_id":"n6939665005","station_name":"Delovoy Center"},{"station_id":"n4375864373","station_name":"Moscow-City"}]}],"route_count":1,"route_refs":["4А"],"route_colors":["#1ebcef"],"city":"Moscow","country":"Russia"},"geometry":{"type":"MultiLineString","coordinates":[[[37.565518133333335,55.74423948888889],[37.5402762,55.749597599999994],[37.533341459999995,55.74800161999999]]]}},{"type":"Feature","properties":{"seg_id":"moscow-6","routes":[{"route_id":"rm1463287","route_name":"Filyovskaya","route_name_local":"Филёвская линия","route_name_en":"Filyovskaya","route_ref":"4","route_color":"#33ccff","wikipedia":"en:Filyovskaya Line","osm_route_ids":[302148,1463285],"status":null,"order_suspect":0,"span_suspect":0,"stations":[{"station_id":"n253228506","station_name":"Aleksandrovsky Sad"},{"station_id":"n253043175","station_name":"Arbatskaya"},{"station_id":"n291687197","station_name":"Smolenskaya"},{"station_id":"n253375111","station_name":"Kiyevskaya"},{"station_id":"n241158415","station_name":"Studencheskaya"},{"station_id":"n241158369","station_name":"Kutuzovskaya"},{"station_id":"n241158327","station_name":"Fili"},{"station_id":"n241158281","station_name":"Bagrationovskaya"},{"station_id":"n241158259","station_name":"Filyovsky Park"},{"station_id":"n244036856","station_name":"Pionerskaya"},{"station_id":"n5176248502","station_name":"Kuntsevskaya"}]}],"route_count":1,"route_refs":["4"],"route_colors":["#33ccff"],"city":"Moscow","country":"Russia"},"geometry":{"type":"MultiLineString","coordinates":[[[37.565518133333335,55.74423948888889],[37.548390999999995,55.7388243],[37.53424212,55.73997594],[37.5148148,55.74613863333334],[37.49774646666666,55.74373093333333],[37.48337336666666,55.73951056666667],[37.46715723333333,55.73599096666666],[37.445994937500004,55.7300279125]]]}},{"type":"Feature","properties":{"seg_id":"moscow-7","routes":[{"route_id":"rm1472548","route_name":"Arbatsko-Pokrovskaya","route_name_local":"Арбатско-Покровская линия","route_name_en":"Arbatsko-Pokrovskaya","route_ref":"3","route_color":"#0000ff","wikipedia":"en:Arbatsko-Pokrovskaya Line","osm_route_ids":[302149,1472298],"status":null,"order_suspect":0,"span_suspect":0,"stations":[{"station_id":"n2692905506","station_name":"Schelkovskaya"},{"station_id":"n2692882978","station_name":"Pervomayskaya"},{"station_id":"n2692857848","station_name":"Izmaylovskaya"},{"station_id":"n68916801","station_name":"Partizanskaya"},{"station_id":"n68937012","station_name":"Semyonovskaya"},{"station_id":"n242546355","station_name":"Elektrozavodskaya"},{"station_id":"n242546356","station_name":"Baumanskaya"},{"station_id":"n1123660474","station_name":"Kurskaya"},{"station_id":"n292143794","station_name":"Ploschad Revolyutsii"},{"station_id":"n253043175","station_name":"Arbatskaya"},{"station_id":"n291687197","station_name":"Smolenskaya"},{"station_id":"n253375111","station_name":"Kiyevskaya"},{"station_id":"n2950850833","station_name":"Victory Park"},{"station_id":"n253780238","station_name":"Slavyansky Bulvar"},{"station_id":"n5176248502","station_name":"Kuntsevskaya"},{"station_id":"n244036228","station_name":"Molodyozhnaya"},{"station_id":"n6939665011","station_name":"Krylatskoye"},{"station_id":"n5202107564","station_name":"Strogino"},{"station_id":"n5202107566","station_name":"Myakinino"},{"station_id":"n5202107568","station_name":"Volokolamskaya"},{"station_id":"n596129560","station_name":"Mitino"},{"station_id":"n2101832212","station_name":"Pyatnitskoye Shosse"}]}],"route_count":1,"route_refs":["3"],"route_colors":["#0000ff"],"city":"Moscow","country":"Russia"},"geometry":{"type":"MultiLineString","coordinates":[[[37.798572500000006,55.80933683333333],[37.79939426666667,55.794707100000004],[37.78163576666667,55.78774516666666],[37.75098635,55.788502699999995],[37.7212498,55.78330523333333],[37.70338998333333,55.7809985],[37.68053006666667,55.7730307],[37.65824541111111,55.75731938888888],[37.619158666666664,55.7573072],[37.603816433333336,55.75197363333333]]]}},{"type":"Feature","properties":{"seg_id":"moscow-8","routes":[{"route_id":"rm1472548","route_name":"Arbatsko-Pokrovskaya","route_name_local":"Арбатско-Покровская линия","route_name_en":"Arbatsko-Pokrovskaya","route_ref":"3","route_color":"#0000ff","wikipedia":"en:Arbatsko-Pokrovskaya Line","osm_route_ids":[302149,1472298],"status":null,"order_suspect":0,"span_suspect":0,"stations":[{"station_id":"n2692905506","station_name":"Schelkovskaya"},{"station_id":"n2692882978","station_name":"Pervomayskaya"},{"station_id":"n2692857848","station_name":"Izmaylovskaya"},{"station_id":"n68916801","station_name":"Partizanskaya"},{"station_id":"n68937012","station_name":"Semyonovskaya"},{"station_id":"n242546355","station_name":"Elektrozavodskaya"},{"station_id":"n242546356","station_name":"Baumanskaya"},{"station_id":"n1123660474","station_name":"Kurskaya"},{"station_id":"n292143794","station_name":"Ploschad Revolyutsii"},{"station_id":"n253043175","station_name":"Arbatskaya"},{"station_id":"n291687197","station_name":"Smolenskaya"},{"station_id":"n253375111","station_name":"Kiyevskaya"},{"station_id":"n2950850833","station_name":"Victory Park"},{"station_id":"n253780238","station_name":"Slavyansky Bulvar"},{"station_id":"n5176248502","station_name":"Kuntsevskaya"},{"station_id":"n244036228","station_name":"Molodyozhnaya"},{"station_id":"n6939665011","station_name":"Krylatskoye"},{"station_id":"n5202107564","station_name":"Strogino"},{"station_id":"n5202107566","station_name":"Myakinino"},{"station_id":"n5202107568","station_name":"Volokolamskaya"},{"station_id":"n596129560","station_name":"Mitino"},{"station_id":"n2101832212","station_name":"Pyatnitskoye Shosse"}]}],"route_count":1,"route_refs":["3"],"route_colors":["#0000ff"],"city":"Moscow","country":"Russia"},"geometry":{"type":"MultiLineString","coordinates":[[[37.565518133333335,55.74423948888889],[37.51768581666667,55.73642426666667],[37.4707831,55.72959806666666],[37.445994937500004,55.7300279125],[37.4169372,55.74075693333333],[37.40813910000001,55.7565911],[37.403084299999996,55.80370143333334],[37.3852925,55.8252023],[37.38224493333333,55.835513866666666],[37.362216133333334,55.84575746666667],[37.3542096,55.85613143333333]]]}},{"type":"Feature","properties":{"seg_id":"moscow-9","routes":[{"route_id":"rm1475758","route_name":"Sokolnicheskaya","route_name_local":"Сокольническая линия","route_name_en":"Sokolnicheskaya","route_ref":"1","route_color":"#e6194b","wikipedia":"en:Sokolnicheskaya line","osm_route_ids":[305810,1475755],"status":null,"order_suspect":0,"span_suspect":0,"stations":[{"station_id":"n265949954","station_name":"Bul'var Rokossovskogo"},{"station_id":"n265949956","station_name":"Cherkizovskaya"},{"station_id":"n265949958","station_name":"Preobrazhenskaya Ploshchad"},{"station_id":"n267334996","station_name":"Sokolniki"},{"station_id":"n267335089","station_name":"Krasnoselskaya"},{"station_id":"n267335088","station_name":"Komsomolskaya"},{"station_id":"n6938823554","station_name":"Krasnye Vorota"},{"station_id":"n267335317","station_name":"Chistye Prudy"},{"station_id":"n267335316","station_name":"Lubyanka"},{"station_id":"n292143794","station_name":"Okhotny Ryad"},{"station_id":"n253228506","station_name":"Biblioteka Imeni Lenina"},{"station_id":"n278692957","station_name":"Kropotkinskaya"},{"station_id":"n291686079","station_name":"Park Kultury"},{"station_id":"n278693056","station_name":"Frunzenskaya"},{"station_id":"n278693055","station_name":"Sportivnaya"},{"station_id":"n297335182","station_name":"Vorobyovy Gory"},{"station_id":"n309752494","station_name":"Universitet"},{"station_id":"n349930322","station_name":"Prospekt Vernadskogo"},{"station_id":"n309752486","station_name":"Yugo-Zapadnaya"},{"station_id":"n3224593379","station_name":"Troparyovo"},{"station_id":"n3943961770","station_name":"Rumyantsevo"},{"station_id":"n4006225428","station_name":"Salaryevo"},{"station_id":"n6938823579","station_name":"Филатов Луг"},{"station_id":"n6938823581","station_name":"Прокшино"},{"station_id":"n6938823583","station_name":"Ольховая"},{"station_id":"n6938881285","station_name":"Новомосковская"},{"station_id":"n12157560724","station_name":"Потапово"}]}],"route_count":1,"route_refs":["1"],"route_colors":["#e6194b"],"city":"Moscow","country":"Russia"},"geometry":{"type":"MultiLineString","coordinates":[[[37.7355459,55.815628159999996],[37.74503276666667,55.803880066666665],[37.71534616666667,55.79637276666667],[37.67975446666666,55.78949693333333],[37.667654866666666,55.78035523333333],[37.65526291666667,55.77489558333334],[37.64898686666667,55.7690217],[37.63886122222223,55.76644974444444],[37.62700926666667,55.76031293333333],[37.619158666666664,55.7573072],[37.6086409,55.75155114444445],[37.60380060000001,55.7454343],[37.59280328333333,55.7356849],[37.578329999999994,55.72687946666667],[37.564211866666675,55.72338833333333],[37.55929016666667,55.710332666666666],[37.533284466666665,55.69266316666667],[37.50499505,55.67782766666667],[37.48321873333333,55.6636517],[37.4725248,55.64585786666667],[37.44158530000001,55.63295376666667],[37.424189000000005,55.6219194],[37.4075846,55.60143406666666],[37.43385283333333,55.586218566666666],[37.45929446666667,55.56870083333334],[37.466588699999996,55.56055845],[37.4926206,55.55263983333333]]]}},{"type":"Feature","properties":{"seg_id":"moscow-10","routes":[{"route_id":"rm1516383","route_name":"Tagansko-Krasnopresnenskaya","route_name_local":"Таганско-Краснопресненская линия","route_name_en":"Tagansko-Krasnopresnenskaya","route_ref":"7","route_color":"#ff00ff","wikipedia":"en:Tagansko-Krasnopresnenskaya Line","osm_route_ids":[309620,1516303],"status":null,"order_suspect":0,"span_suspect":0,"stations":[{"station_id":"n296959502","station_name":"Planernaya"},{"station_id":"n309750154","station_name":"Skhodnenskaya"},{"station_id":"n296959504","station_name":"Tushinskaya"},{"station_id":"n5202107560","station_name":"Spartak"},{"station_id":"n296959505","station_name":"Shchukinskaya"},{"station_id":"n309748905","station_name":"Oktyabrskoye Pole"},{"station_id":"n5436404611","station_name":"Polezhayevskaya"},{"station_id":"n296959508","station_name":"Begovaya"},{"station_id":"n296959509","station_name":"Ulitsa 1905 Goda"},{"station_id":"n296959510","station_name":"Barrikadnaya"},{"station_id":"n292144111","station_name":"Pushkinskaya"},{"station_id":"n267335316","station_name":"Kuznetsky Most"},{"station_id":"n5176322725","station_name":"Kitay-gorod"},{"station_id":"n253016890","station_name":"Taganskaya"},{"station_id":"n253016891","station_name":"Proletarskaya"},{"station_id":"n253016892","station_name":"Volgogradsky Prospekt"},{"station_id":"n253016893","station_name":"Tekstilshchiki"},{"station_id":"n253016894","station_name":"Kuzminki"},{"station_id":"n253017004","station_name":"Ryazansky Prospekt"},{"station_id":"n253016895","station_name":"Vykhino"},{"station_id":"n2525101863","station_name":"Lermontovsky prospekt"},{"station_id":"n2525101862","station_name":"Zhulebino"},{"station_id":"n6939553032","station_name":"Котельники"}]}],"route_count":1,"route_refs":["7"],"route_colors":["#ff00ff"],"city":"Moscow","country":"Russia"},"geometry":{"type":"MultiLineString","coordinates":[[[37.4365243,55.86065493333333],[37.43977446666667,55.850483700000005],[37.4369754,55.82653043333334],[37.43575666666667,55.81829926666666],[37.46470556666667,55.808464799999996],[37.493813333333335,55.7933678],[37.51922135714285,55.77715857142857],[37.546656866666666,55.77371553333333],[37.56134146666667,55.764861033333325],[37.578311500000005,55.761159850000006],[37.60759248888888,55.76505387777778],[37.62700926666667,55.76031293333333],[37.633311516666666,55.75562033333333],[37.65226056666667,55.74115781111112],[37.66672695,55.732544383333334],[37.6868854,55.725240199999995],[37.72998783333333,55.707933433333345],[37.765782699999995,55.70560723333333],[37.7933148,55.71694816666667],[37.817923633333336,55.7156444],[37.85197513333333,55.70162746666667],[37.8562939,55.685438033333334],[37.8585131,55.6742175]]]}},{"type":"Feature","properties":{"seg_id":"moscow-11","routes":[{"route_id":"rm1532877","route_name":"Lyublinsko-Dmitrovskaya","route_name_local":"Люблинско-Дмитровская линия","route_name_en":"Lyublinsko-Dmitrovskaya","route_ref":"10","route_color":"#b4d445","wikipedia":"ru:Люблинско-Дмитровская линия","osm_route_ids":[309623,1532874],"status":null,"order_suspect":0,"span_suspect":0,"stations":[{"station_id":"n11174639394","station_name":"Физтех"},{"station_id":"n11174673552","station_name":"Лианозово"},{"station_id":"n11174673549","station_name":"Яхромская"},{"station_id":"n6937856014","station_name":"Селигерская"},{"station_id":"n6937856016","station_name":"Верхние Лихоборы"},{"station_id":"n4375770076","station_name":"Окружная"},{"station_id":"n5202080141","station_name":"Petrovsko-Razumovskaya"},{"station_id":"n6937856020","station_name":"Фонвизинская"},{"station_id":"n6937856022","station_name":"Бутырская"},{"station_id":"n10702624107","station_name":"Maryina Roscha"},{"station_id":"n773136972","station_name":"Dostoyevskaya"},{"station_id":"n296944258","station_name":"Trubnaya"},{"station_id":"n267335317","station_name":"Sretensky Bulvar"},{"station_id":"n1123660474","station_name":"Chkalovskaya"},{"station_id":"n296947177","station_name":"Rimskaya"},{"station_id":"n253016891","station_name":"Krestyanskaya Zastava"},{"station_id":"n296947185","station_name":"Dubrovka"},{"station_id":"n296949274","station_name":"Kozhukhovskaya"},{"station_id":"n296949278","station_name":"Pechatniki"},{"station_id":"n296949283","station_name":"Volzhskaya"},{"station_id":"n296949285","station_name":"Lyublino"},{"station_id":"n333159878","station_name":"Bratislavskaya"},{"station_id":"n296949290","station_name":"Maryino"},{"station_id":"n1527999919","station_name":"Borisovo"},{"station_id":"n1527999934","station_name":"Shipilovskaya"},{"station_id":"n1527999927","station_name":"Zyablikovo"}]}],"route_count":1,"route_refs":["10"],"route_colors":["#b4d445"],"city":"Moscow","country":"Russia"},"geometry":{"type":"MultiLineString","coordinates":[[[37.54657573333333,55.92166136666666],[37.544663,55.898115],[37.54544446666666,55.87988016666667],[37.547187199999996,55.866587],[37.56133326666666,55.856123700000005],[37.57273558,55.84717565999999],[37.574621150000006,55.83483631666667],[37.587639966666664,55.8229183],[37.60249173333333,55.8133874],[37.61636111666667,55.79602745],[37.61507413333333,55.78146113333333],[37.61954856666667,55.76911663333333],[37.63886122222223,55.76644974444444],[37.65824541111111,55.75731938888888],[37.68327481666666,55.7467914],[37.66672695,55.732544383333334],[37.67644498,55.716598499999996],[37.68471786666667,55.707476799999995],[37.72715715,55.69404861666667],[37.75309643333333,55.69082603333334],[37.761925033333334,55.6757277],[37.750659866666666,55.659743633333335],[37.74314663333333,55.65001693333334],[37.74375163333334,55.63330413333333],[37.7436395,55.62102753333334],[37.74480225,55.61296591666667]]]}},{"type":"Feature","properties":{"seg_id":"moscow-12","routes":[{"route_id":"rm1526351","route_name":"Kalininskaya line","route_name_local":"Калининская линия","route_name_en":"Kalininskaya line","route_ref":"8","route_color":"#ffff00","wikipedia":"ru:Калининская линия","osm_route_ids":[326491,1526350],"status":null,"order_suspect":0,"span_suspect":0,"stations":[{"station_id":"n277499852","station_name":"Tretyakovskaya"},{"station_id":"n253016890","station_name":"Marksistskaya"},{"station_id":"n296947177","station_name":"Ploshchad Ilyicha"},{"station_id":"n276191013","station_name":"Aviamotornaya"},{"station_id":"n255744578","station_name":"Shosse Entuziastov"},{"station_id":"n255744332","station_name":"Perovo"},{"station_id":"n255744331","station_name":"Novogireyevo"},{"station_id":"n1890426555","station_name":"Novokosino"}]}],"route_count":1,"route_refs":["8"],"route_colors":["#ffff00"],"city":"Moscow","country":"Russia"},"geometry":{"type":"MultiLineString","coordinates":[[[37.627944033333335,55.741208488888894],[37.65226056666667,55.74115781111112],[37.68327481666666,55.7467914],[37.71952576666666,55.75323148333334],[37.748097820000005,55.758103500000004],[37.78648773333334,55.75119516666666],[37.8167427,55.75176966666667],[37.863772233333336,55.74508646666666]]]}},{"type":"Feature","properties":{"seg_id":"moscow-13","routes":[{"route_id":"rm1580617","route_name":"Butovskaya","route_name_local":"Бутовская линия","route_name_en":"Butovskaya","route_ref":"12","route_color":"#bac8e8","wikipedia":"en:Butovskaya line","osm_route_ids":[1580607,3873066],"status":null,"order_suspect":0,"span_suspect":0,"stations":[{"station_id":"n296932673","station_name":"Buninskaya Alleya"},{"station_id":"n296932670","station_name":"Ulitsa Gorchakova"},{"station_id":"n296932668","station_name":"Bulvar Admirala Ushakova"},{"station_id":"n296932663","station_name":"Ulitsa Skobelevskaya"},{"station_id":"n309741697","station_name":"Ulitsa Starokachalovskaya"},{"station_id":"n2591395115","station_name":"Lesoparkovaya"},{"station_id":"n2591402980","station_name":"Bitsevskiy park"}]}],"route_count":1,"route_refs":["12"],"route_colors":["#bac8e8"],"city":"Moscow","country":"Russia"},"geometry":{"type":"MultiLineString","coordinates":[[[37.51654453333333,55.53814806666667],[37.5307153,55.5416927],[37.54321833333333,55.545426666666664],[37.55462483333333,55.54810953333333],[37.5767601,55.56909925],[37.57688246666667,55.58209466666667],[37.55525965,55.60061616666667]]]}},{"type":"Feature","properties":{"seg_id":"moscow-14","routes":[{"route_id":"rm1572626","route_name":"Zamoskvoretskaya","route_name_local":"Замоскворецкая линия","route_name_en":"Zamoskvoretskaya","route_ref":"2","route_color":"#006400","wikipedia":"en:Zamoskvoretskaya line","osm_route_ids":[2657084,2657085],"status":null,"order_suspect":0,"span_suspect":0,"stations":[{"station_id":"n2080924763","station_name":"Alma-Atinskaya"},{"station_id":"n1527999927","station_name":"Krasnogvardeyskaya"},{"station_id":"n305486163","station_name":"Domodedovskaya"},{"station_id":"n308993125","station_name":"Orekhovo"},{"station_id":"n308993196","station_name":"Tsaritsyno"},{"station_id":"n308993566","station_name":"Kantemirovskaya"},{"station_id":"n5174653609","station_name":"Kashirskaya"},{"station_id":"n292147581","station_name":"Kolomenskaya"},{"station_id":"n1272285088","station_name":"Технопарк"},{"station_id":"n292146578","station_name":"Avtozavodskaya"},{"station_id":"n292019726","station_name":"Paveletskaya"},{"station_id":"n277499852","station_name":"Novokuznetskaya"},{"station_id":"n292143794","station_name":"Teatralnaya"},{"station_id":"n292144111","station_name":"Tverskaya"},{"station_id":"n291687455","station_name":"Mayakovskaya"},{"station_id":"n1157975976","station_name":"Belorusskaya"},{"station_id":"n266835848","station_name":"Dinamo"},{"station_id":"n266835847","station_name":"Aeroport"},{"station_id":"n5202107576","station_name":"Sokol"},{"station_id":"n266835845","station_name":"Voykovskaya"},{"station_id":"n266835844","station_name":"Vodny Stadion"},{"station_id":"n266835841","station_name":"Rechnoy Vokzal"},{"station_id":"n6147634222","station_name":"Belomorskaja"},{"station_id":"n5308689093","station_name":"Khovrino"}]}],"route_count":1,"route_refs":["2"],"route_colors":["#006400"],"city":"Moscow","country":"Russia"},"geometry":{"type":"MultiLineString","coordinates":[[[37.76593313333333,55.632799266666666],[37.74480225,55.61296591666667],[37.71868559999999,55.610845399999995],[37.694971599999995,55.6131431],[37.66923776666667,55.62148183333333],[37.65654153333333,55.63573183333333],[37.648707550000005,55.6550427],[37.663924333333334,55.678481999999995],[37.66443746666667,55.69362363333334],[37.65992706,55.706951419999996],[37.63799196666667,55.73140826666667],[37.627944033333335,55.741208488888894],[37.619158666666664,55.7573072],[37.60759248888888,55.76505387777778],[37.59508829999999,55.77017033333334],[37.58381951666667,55.776420349999995],[37.5582076,55.78973956666666],[37.5331438,55.8004001],[37.51509443333333,55.80525663333333],[37.498019,55.8190488],[37.486709499999996,55.84005786666666],[37.47621,55.85501486666667],[37.47503656666667,55.865043533333335],[37.48086083333333,55.87814169999999]]]}},{"type":"Feature","properties":{"seg_id":"moscow-15","routes":[{"route_id":"rm6855054","route_name":"Солнцевская линия","route_name_local":"Солнцевская линия","route_name_en":null,"route_ref":"8А","route_color":"#ffff00","wikipedia":"en:Kalininsko–Solntsevskaya line","osm_route_ids":[6855052,6855053],"status":null,"order_suspect":0,"span_suspect":0,"stations":[{"station_id":"n11171729958","station_name":"Vnukovo Airport"},{"station_id":"n11171697214","station_name":"Пыхтино"},{"station_id":"n5868122987","station_name":"Rasskazovka"},{"station_id":"n5868122986","station_name":"Novoperedelkino"},{"station_id":"n5868122988","station_name":"Borovskoe shosse"},{"station_id":"n5868122989","station_name":"Solntsevo"},{"station_id":"n5868122990","station_name":"Govorovo"},{"station_id":"n5868122985","station_name":"Ozyornaya"},{"station_id":"n5868120884","station_name":"Michurinskiy prospekt"},{"station_id":"n4737155710","station_name":"Ramenki"},{"station_id":"n4737155709","station_name":"Lomonosovskiy prospect"},{"station_id":"n4737155708","station_name":"Minskaya"},{"station_id":"n2950850833","station_name":"Victory Park"},{"station_id":"n6939665005","station_name":"Delovoy Center"}]}],"route_count":1,"route_refs":["8А"],"route_colors":["#ffff00"],"city":"Moscow","country":"Russia"},"geometry":{"type":"MultiLineString","coordinates":[[[37.287152375000005,55.607126725],[37.295667066666674,55.624502299999996],[37.33508663333333,55.634027233333335],[37.35510396666667,55.63962593333333],[37.37042903333333,55.64775136666666],[37.391178333333336,55.649652333333336],[37.41723646666667,55.65955186666667],[37.4487303,55.67050293333333],[37.48400935,55.68881278333333],[37.49854083333333,55.6975645],[37.516223700000005,55.707141533333335],[37.49684046666667,55.724787133333336],[37.51768581666667,55.73642426666667],[37.5402762,55.749597599999994]]]}},{"type":"Feature","properties":{"seg_id":"moscow-16","routes":[{"route_id":"rm10011657","route_name":"Некрасовская линия","route_name_local":"Некрасовская линия","route_name_en":null,"route_ref":"15","route_color":"#de64a1","wikipedia":"ru:Некрасовская линия","osm_route_ids":[10011654,10011655],"status":null,"order_suspect":0,"span_suspect":0,"stations":[{"station_id":"n6518539852","station_name":"Nekrasovka"},{"station_id":"n6518539851","station_name":"Lukhmanovskaya"},{"station_id":"n6518539850","station_name":"Ulitsa Dmitriyevskogo"},{"station_id":"n6518539849","station_name":"Kosino"},{"station_id":"n7339988431","station_name":"Yugo-Vostochnaya"},{"station_id":"n7335380503","station_name":"Okskaya"},{"station_id":"n7335523472","station_name":"Stakhanovskaya"},{"station_id":"n7340764981","station_name":"Nizhegorodskaya"}]}],"route_count":1,"route_refs":["15"],"route_colors":["#de64a1"],"city":"Moscow","country":"Russia"},"geometry":{"type":"MultiLineString","coordinates":[[[37.92822266666667,55.70286316666667],[37.901035766666666,55.70850986666667],[37.8802018,55.710103733333334],[37.85103083333333,55.70341723333333],[37.8189764,55.70503623333334],[37.78176283333334,55.718342],[37.7532476,55.72701836666667],[37.7293868625,55.73179509999999]]]}},{"type":"Feature","properties":{"seg_id":"moscow-17","routes":[{"route_id":"rm8119161","route_name":"Большая кольцевая линия","route_name_local":"Большая кольцевая линия","route_name_en":null,"route_ref":"11","route_color":"#82c0c0","wikipedia":null,"osm_route_ids":[13525792,13525793],"status":null,"order_suspect":0,"span_suspect":0,"stations":[{"station_id":"n267334996","station_name":"Sokolniki"},{"station_id":"n242546355","station_name":"Elektrozavodskaya"},{"station_id":"n7340764979","station_name":"Lefortovo"},{"station_id":"n276191013","station_name":"Aviamotornaya"},{"station_id":"n7340764981","station_name":"Nizhegorodskaya"},{"station_id":"n253016893","station_name":"Tekstilshchiki"},{"station_id":"n296949278","station_name":"Pechatniki"},{"station_id":"n10702213027","station_name":"Нагатинский Затон"},{"station_id":"n10702213024","station_name":"Кленовый бульвар"},{"station_id":"n5174653609","station_name":"Kashirskaya"},{"station_id":"n10702113003","station_name":"Varshavskaya"},{"station_id":"n314679443","station_name":"Kakhovskaya"},{"station_id":"n9315679315","station_name":"Зюзино"},{"station_id":"n259786804","station_name":"Vorontsovskaya"},{"station_id":"n9315693022","station_name":"Novatorskaya"},{"station_id":"n349930322","station_name":"Prospekt Vernadskogo"},{"station_id":"n5868120884","station_name":"Michurinskiy prospekt"},{"station_id":"n9315693031","station_name":"Aminyevskaya"},{"station_id":"n9315693033","station_name":"Давыдково"},{"station_id":"n5176248502","station_name":"Kuntsevskaya"},{"station_id":"n9315693040","station_name":"Терехово"},{"station_id":"n9315693042","station_name":"Мнёвники"},{"station_id":"n9315693044","station_name":"Народное Ополчение"},{"station_id":"n5436404611","station_name":"Horoshyovskaya"},{"station_id":"n5436420781","station_name":"CSKA"},{"station_id":"n5436412993","station_name":"Petrovskiy Park"},{"station_id":"n296956169","station_name":"Savyolovskaya"},{"station_id":"n10702624107","station_name":"Maryina Roscha"},{"station_id":"n277499099","station_name":"Rizhskaya"},{"station_id":"n267334996","station_name":"Sokolniki"}]}],"route_count":1,"route_refs":["11"],"route_colors":["#82c0c0"],"city":"Moscow","country":"Russia"},"geometry":{"type":"MultiLineString","coordinates":[[[37.67975446666666,55.78949693333333],[37.70338998333333,55.7809985],[37.706738099999995,55.76473443333333],[37.71952576666666,55.75323148333334],[37.7293868625,55.73179509999999],[37.72998783333333,55.707933433333345],[37.72715715,55.69404861666667],[37.7043099,55.68433149999999],[37.6807355,55.6744859],[37.648707550000005,55.6550427],[37.61950236666667,55.6533344],[37.598432333333335,55.65278836666667],[37.573551566666666,55.6557776],[37.54004681666667,55.65800833333333],[37.52157818333333,55.67082798333333],[37.50499505,55.67782766666667],[37.48400935,55.68881278333333],[37.46496496666666,55.697173033333335],[37.45174206666666,55.715143866666665],[37.445994937500004,55.7300279125],[37.45964346666667,55.74802896666667],[37.471400466666665,55.761184300000004],[37.48573233333334,55.77573506666666],[37.51922135714285,55.77715857142857],[37.53320106666667,55.786562233333335],[37.55709416666667,55.79192406666667],[37.58747115,55.79240869999999],[37.61636111666667,55.79602745],[37.63541221666666,55.79379266666666],[37.67975446666666,55.78949693333333]]]}},{"type":"Feature","properties":{"seg_id":"moscow-18","routes":[{"route_id":"rm18020157","route_name":"Троицкая линия","route_name_local":"Троицкая линия","route_name_en":null,"route_ref":"16","route_color":"#03795f","wikipedia":null,"osm_route_ids":[18020151,18020152],"status":null,"order_suspect":0,"span_suspect":0,"stations":[{"station_id":"n6938881285","station_name":"Новомосковская"},{"station_id":"n12458764840","station_name":"Коммунарка"},{"station_id":"n12458764829","station_name":"Корниловская"},{"station_id":"n12163102804","station_name":"Тютчевская"},{"station_id":"n12163102807","station_name":"Генерала Тюленева"},{"station_id":"n12163102810","station_name":"Университет дружбы народов"},{"station_id":"n9315693022","station_name":"Novatorskaya"},{"station_id":"n13143504743","station_name":"Вавиловская"},{"station_id":"n282413851","station_name":"Akademicheskaya"},{"station_id":"n1387771678","station_name":"Крымская"},{"station_id":"n1545803496","station_name":"Верхние Котлы","pass":true},{"station_id":"n4375847053","station_name":"ЗИЛ"}]}],"route_count":1,"route_refs":["16"],"route_colors":["#03795f"],"city":"Moscow","country":"Russia"},"geometry":{"type":"MultiLineString","coordinates":[[[37.466588699999996,55.56055845],[37.4679816,55.57461163333334],[37.478989066666664,55.59839556666666],[37.4810854,55.61904996666667],[37.48577146666667,55.62620463333334],[37.5071425,55.647937299999995],[37.52157818333333,55.67082798333333],[37.5408941,55.6848912],[37.57473491666667,55.68737863333333],[37.607929999999996,55.68978346]]]}},{"type":"Feature","properties":{"seg_id":"moscow-19","routes":[{"route_id":"rm18020157","route_name":"Троицкая линия","route_name_local":"Троицкая линия","route_name_en":null,"route_ref":"16","route_color":"#03795f","wikipedia":null,"osm_route_ids":[18020151,18020152],"status":null,"order_suspect":0,"span_suspect":0,"stations":[{"station_id":"n6938881285","station_name":"Новомосковская"},{"station_id":"n12458764840","station_name":"Коммунарка"},{"station_id":"n12458764829","station_name":"Корниловская"},{"station_id":"n12163102804","station_name":"Тютчевская"},{"station_id":"n12163102807","station_name":"Генерала Тюленева"},{"station_id":"n12163102810","station_name":"Университет дружбы народов"},{"station_id":"n9315693022","station_name":"Novatorskaya"},{"station_id":"n13143504743","station_name":"Вавиловская"},{"station_id":"n282413851","station_name":"Akademicheskaya"},{"station_id":"n1387771678","station_name":"Крымская"},{"station_id":"n1545803496","station_name":"Верхние Котлы","pass":true},{"station_id":"n4375847053","station_name":"ЗИЛ"}]},{"route_id":"rm6576716","route_name":"Московское Центральное Кольцо","route_name_local":"Московское Центральное Кольцо","route_name_en":null,"route_ref":"14","route_color":"#e6194b","wikipedia":null,"osm_route_ids":[6548266,6548267],"status":null,"order_suspect":0,"span_suspect":0,"stations":[{"station_id":"n2610974305","station_name":"Лихоборы"},{"station_id":"n4375773785","station_name":"Коптево"},{"station_id":"n4375878112","station_name":"Балтийская"},{"station_id":"n1241651089","station_name":"Стрешнево"},{"station_id":"n4375871513","station_name":"Панфиловская"},{"station_id":"n4375871615","station_name":"Зорге"},{"station_id":"n4016217286","station_name":"Хорошёво"},{"station_id":"n4375869577","station_name":"Шелепиха"},{"station_id":"n4375864373","station_name":"Moscow-City"},{"station_id":"n241158369","station_name":"Kutuzovskaya"},{"station_id":"n4379061180","station_name":"Лужники"},{"station_id":"n4375858274","station_name":"Площадь Гагарина"},{"station_id":"n1387771678","station_name":"Крымская"},{"station_id":"n1545803496","station_name":"Верхние Котлы"},{"station_id":"n4375847053","station_name":"ЗИЛ"},{"station_id":"n292146578","station_name":"Avtozavodskaya"},{"station_id":"n296947185","station_name":"Dubrovka"},{"station_id":"n1157754373","station_name":"Угрешская"},{"station_id":"n220239168","station_name":"Новохохловская"},{"station_id":"n7340764981","station_name":"Nizhegorodskaya"},{"station_id":"n1951369473","station_name":"Андроновка"},{"station_id":"n255744578","station_name":"Shosse Entuziastov"},{"station_id":"n4375787482","station_name":"Соколиная Гора"},{"station_id":"n1324648632","station_name":"Измайлово"},{"station_id":"n4375786518","station_name":"Локомотив"},{"station_id":"n265949954","station_name":"Bul'var Rokossovskogo"},{"station_id":"n4398441625","station_name":"Белокаменная"},{"station_id":"n4375779704","station_name":"Ростокино"},{"station_id":"n268521591","station_name":"Botanical Garden"},{"station_id":"n297291268","station_name":"Vladykino"},{"station_id":"n4375770076","station_name":"Окружная"},{"station_id":"n2610974305","station_name":"Лихоборы"}]}],"route_count":2,"route_refs":["16","14"],"route_colors":["#03795f","#e6194b"],"city":"Moscow","country":"Russia"},"geometry":{"type":"MultiLineString","coordinates":[[[37.607929999999996,55.68978346],[37.6188659,55.69013105],[37.64616054,55.69731266000001]]]}},{"type":"Feature","properties":{"seg_id":"moscow-20","routes":[{"route_id":"rm6576716","route_name":"Московское Центральное Кольцо","route_name_local":"Московское Центральное Кольцо","route_name_en":null,"route_ref":"14","route_color":"#e6194b","wikipedia":null,"osm_route_ids":[6548266,6548267],"status":null,"order_suspect":0,"span_suspect":0,"stations":[{"station_id":"n2610974305","station_name":"Лихоборы"},{"station_id":"n4375773785","station_name":"Коптево"},{"station_id":"n4375878112","station_name":"Балтийская"},{"station_id":"n1241651089","station_name":"Стрешнево"},{"station_id":"n4375871513","station_name":"Панфиловская"},{"station_id":"n4375871615","station_name":"Зорге"},{"station_id":"n4016217286","station_name":"Хорошёво"},{"station_id":"n4375869577","station_name":"Шелепиха"},{"station_id":"n4375864373","station_name":"Moscow-City"},{"station_id":"n241158369","station_name":"Kutuzovskaya"},{"station_id":"n4379061180","station_name":"Лужники"},{"station_id":"n4375858274","station_name":"Площадь Гагарина"},{"station_id":"n1387771678","station_name":"Крымская"},{"station_id":"n1545803496","station_name":"Верхние Котлы"},{"station_id":"n4375847053","station_name":"ЗИЛ"},{"station_id":"n292146578","station_name":"Avtozavodskaya"},{"station_id":"n296947185","station_name":"Dubrovka"},{"station_id":"n1157754373","station_name":"Угрешская"},{"station_id":"n220239168","station_name":"Новохохловская"},{"station_id":"n7340764981","station_name":"Nizhegorodskaya"},{"station_id":"n1951369473","station_name":"Андроновка"},{"station_id":"n255744578","station_name":"Shosse Entuziastov"},{"station_id":"n4375787482","station_name":"Соколиная Гора"},{"station_id":"n1324648632","station_name":"Измайлово"},{"station_id":"n4375786518","station_name":"Локомотив"},{"station_id":"n265949954","station_name":"Bul'var Rokossovskogo"},{"station_id":"n4398441625","station_name":"Белокаменная"},{"station_id":"n4375779704","station_name":"Ростокино"},{"station_id":"n268521591","station_name":"Botanical Garden"},{"station_id":"n297291268","station_name":"Vladykino"},{"station_id":"n4375770076","station_name":"Окружная"},{"station_id":"n2610974305","station_name":"Лихоборы"}]}],"route_count":1,"route_refs":["14"],"route_colors":["#e6194b"],"city":"Moscow","country":"Russia"},"geometry":{"type":"MultiLineString","coordinates":[[[37.55146735,55.847155099999995],[37.520106999999996,55.839615300000006],[37.496389050000005,55.82588965],[37.4869851,55.8136992],[37.4990272,55.7990098],[37.50436245,55.788494150000005],[37.5073819,55.77714575],[37.52566525,55.757305599999995],[37.533341459999995,55.74800161999999],[37.53424212,55.73997594],[37.5609667,55.720719],[37.58639495,55.706966300000005],[37.607929999999996,55.68978346]],[[37.64616054,55.69731266000001],[37.65992706,55.706951419999996],[37.67644498,55.716598499999996],[37.697640199999995,55.71849655],[37.71699905,55.7241661],[37.7293868625,55.73179509999999],[37.737738449999995,55.747054899999995],[37.748097820000005,55.758103500000004],[37.745021449999996,55.77132565],[37.7431558,55.78957925],[37.74596765,55.80413705],[37.7355459,55.815628159999996],[37.702463449999996,55.8293013],[37.66683585,55.839652400000006],[37.638816000000006,55.84512764],[37.59102396,55.84723936],[37.57273558,55.84717565999999],[37.55146735,55.847155099999995]]]}},{"type":"Feature","properties":{"station_id":"n220239168","station_name":"Новохохловская","station_name_local":"Новохохловская","station_name_en":null,"city":"Moscow","country":"Russia","lines":["14"],"wikipedia":null,"merged_from":2,"merged_names":null,"is_terminus":false,"routes":[{"ref":"14","name":"Московское Центральное Кольцо","route_color":"#e6194b"}],"pass_count":1,"station_degree":2,"codes":null,"is_interchange":false,"station_role":"normal"},"geometry":{"type":"Point","coordinates":[37.71699905,55.7241661]},"__memberLines":{}},{"type":"Feature","properties":{"station_id":"n241158369","station_name":"Kutuzovskaya","station_name_local":"Кутузовская","station_name_en":"Kutuzovskaya","city":"Moscow","country":"Russia","lines":["4","14"],"wikipedia":null,"merged_from":5,"merged_names":null,"is_terminus":false,"routes":[{"ref":"4","name":"Filyovskaya","route_color":"#33ccff"},{"ref":"14","name":"Московское Центральное Кольцо","route_color":"#e6194b"}],"pass_count":2,"station_degree":4,"codes":null,"is_interchange":true,"station_role":"interchange"},"geometry":{"type":"Point","coordinates":[37.53424212,55.73997594]},"__memberLines":{}},{"type":"Feature","properties":{"station_id":"n1157754373","station_name":"Угрешская","station_name_local":"Угрешская","station_name_en":null,"city":"Moscow","country":"Russia","lines":["14"],"wikipedia":null,"merged_from":2,"merged_names":null,"is_terminus":false,"routes":[{"ref":"14","name":"Московское Центральное Кольцо","route_color":"#e6194b"}],"pass_count":1,"station_degree":2,"codes":null,"is_interchange":false,"station_role":"normal"},"geometry":{"type":"Point","coordinates":[37.697640199999995,55.71849655]},"__memberLines":{}},{"type":"Feature","properties":{"station_id":"n1241651089","station_name":"Стрешнево","station_name_local":"Стрешнево","station_name_en":null,"city":"Moscow","country":"Russia","lines":["14"],"wikipedia":null,"merged_from":2,"merged_names":null,"is_terminus":false,"routes":[{"ref":"14","name":"Московское Центральное Кольцо","route_color":"#e6194b"}],"pass_count":1,"station_degree":2,"codes":null,"is_interchange":false,"station_role":"normal"},"geometry":{"type":"Point","coordinates":[37.4869851,55.8136992]},"__memberLines":{}},{"type":"Feature","properties":{"station_id":"n1324648632","station_name":"Измайлово","station_name_local":"Измайлово","station_name_en":null,"city":"Moscow","country":"Russia","lines":["14"],"wikipedia":null,"merged_from":2,"merged_names":null,"is_terminus":false,"routes":[{"ref":"14","name":"Московское Центральное Кольцо","route_color":"#e6194b"}],"pass_count":1,"station_degree":2,"codes":null,"is_interchange":false,"station_role":"normal"},"geometry":{"type":"Point","coordinates":[37.7431558,55.78957925]},"__memberLines":{}},{"type":"Feature","properties":{"station_id":"n1387771678","station_name":"Крымская","station_name_local":"Крымская","station_name_en":null,"city":"Moscow","country":"Russia","lines":["14","16"],"wikipedia":null,"merged_from":5,"merged_names":null,"is_terminus":false,"routes":[{"ref":"14","name":"Московское Центральное Кольцо","route_color":"#e6194b"},{"ref":"16","name":"Троицкая линия","route_color":"#03795f"}],"pass_count":2,"station_degree":3,"codes":null,"is_interchange":true,"station_role":"interchange"},"geometry":{"type":"Point","coordinates":[37.607929999999996,55.68978346]},"__memberLines":{}},{"type":"Feature","properties":{"station_id":"n1545803496","station_name":"Верхние Котлы","station_name_local":"Верхние Котлы","station_name_en":null,"city":"Moscow","country":"Russia","lines":["14"],"wikipedia":null,"merged_from":2,"merged_names":null,"is_terminus":false,"routes":[{"ref":"14","name":"Московское Центральное Кольцо","route_color":"#e6194b"},{"ref":"16","name":"Троицкая линия","route_color":"#03795f","pass":true}],"pass_count":2,"station_degree":2,"codes":null,"is_interchange":false,"station_role":"normal"},"geometry":{"type":"Point","coordinates":[37.6188659,55.69013105]},"__memberLines":{}},{"type":"Feature","properties":{"station_id":"n1951369473","station_name":"Андроновка","station_name_local":"Андроновка","station_name_en":null,"city":"Moscow","country":"Russia","lines":["14"],"wikipedia":null,"merged_from":2,"merged_names":null,"is_terminus":false,"routes":[{"ref":"14","name":"Московское Центральное Кольцо","route_color":"#e6194b"}],"pass_count":1,"station_degree":2,"codes":null,"is_interchange":false,"station_role":"normal"},"geometry":{"type":"Point","coordinates":[37.737738449999995,55.747054899999995]},"__memberLines":{}},{"type":"Feature","properties":{"station_id":"n2610974305","station_name":"Лихоборы","station_name_local":"Лихоборы","station_name_en":null,"city":"Moscow","country":"Russia","lines":["14"],"wikipedia":null,"merged_from":2,"merged_names":null,"is_terminus":false,"routes":[{"ref":"14","name":"Московское Центральное Кольцо","route_color":"#e6194b"}],"pass_count":1,"station_degree":2,"codes":null,"is_interchange":false,"station_role":"normal"},"geometry":{"type":"Point","coordinates":[37.55146735,55.847155099999995]},"__memberLines":{}},{"type":"Feature","properties":{"station_id":"n265949954","station_name":"Bul'var Rokossovskogo","station_name_local":"Бульвар Рокоссовского","station_name_en":"Bul'var Rokossovskogo","city":"Moscow","country":"Russia","lines":["1","14"],"wikipedia":"ru:Бульвар Рокоссовского (станция метро)","merged_from":5,"merged_names":null,"is_terminus":false,"routes":[{"ref":"1","name":"Sokolnicheskaya","route_color":"#e6194b"},{"ref":"14","name":"Московское Центральное Кольцо","route_color":"#e6194b"}],"pass_count":2,"station_degree":3,"codes":null,"is_interchange":true,"station_role":"interchange"},"geometry":{"type":"Point","coordinates":[37.7355459,55.815628159999996]},"__memberLines":{}},{"type":"Feature","properties":{"station_id":"n292146578","station_name":"Avtozavodskaya","station_name_local":"Автозаводская","station_name_en":"Avtozavodskaya","city":"Moscow","country":"Russia","lines":["2","14"],"wikipedia":"ru:Автозаводская (станция метро, Москва)","merged_from":5,"merged_names":null,"is_terminus":false,"routes":[{"ref":"2","name":"Zamoskvoretskaya","route_color":"#006400"},{"ref":"14","name":"Московское Центральное Кольцо","route_color":"#e6194b"}],"pass_count":2,"station_degree":4,"codes":null,"is_interchange":true,"station_role":"interchange"},"geometry":{"type":"Point","coordinates":[37.65992706,55.706951419999996]},"__memberLines":{}},{"type":"Feature","properties":{"station_id":"n4016217286","station_name":"Хорошёво","station_name_local":"Хорошёво","station_name_en":null,"city":"Moscow","country":"Russia","lines":["14"],"wikipedia":null,"merged_from":2,"merged_names":null,"is_terminus":false,"routes":[{"ref":"14","name":"Московское Центральное Кольцо","route_color":"#e6194b"}],"pass_count":1,"station_degree":2,"codes":null,"is_interchange":false,"station_role":"normal"},"geometry":{"type":"Point","coordinates":[37.5073819,55.77714575]},"__memberLines":{}},{"type":"Feature","properties":{"station_id":"n4375770076","station_name":"Окружная","station_name_local":"Окружная","station_name_en":null,"city":"Moscow","country":"Russia","lines":["10","14"],"wikipedia":null,"merged_from":5,"merged_names":null,"is_terminus":false,"routes":[{"ref":"10","name":"Lyublinsko-Dmitrovskaya","route_color":"#b4d445"},{"ref":"14","name":"Московское Центральное Кольцо","route_color":"#e6194b"}],"pass_count":2,"station_degree":4,"codes":null,"is_interchange":true,"station_role":"interchange"},"geometry":{"type":"Point","coordinates":[37.57273558,55.84717565999999]},"__memberLines":{}},{"type":"Feature","properties":{"station_id":"n4375773785","station_name":"Коптево","station_name_local":"Коптево","station_name_en":null,"city":"Moscow","country":"Russia","lines":["14"],"wikipedia":null,"merged_from":2,"merged_names":null,"is_terminus":false,"routes":[{"ref":"14","name":"Московское Центральное Кольцо","route_color":"#e6194b"}],"pass_count":1,"station_degree":2,"codes":null,"is_interchange":false,"station_role":"normal"},"geometry":{"type":"Point","coordinates":[37.520106999999996,55.839615300000006]},"__memberLines":{}},{"type":"Feature","properties":{"station_id":"n297291268","station_name":"Vladykino","station_name_local":"Владыкино","station_name_en":"Vladykino","city":"Moscow","country":"Russia","lines":["9","14"],"wikipedia":null,"merged_from":5,"merged_names":null,"is_terminus":false,"routes":[{"ref":"9","name":"Serpukhovsko-Timiryazevskaya","route_color":"#a0a2a3"},{"ref":"14","name":"Московское Центральное Кольцо","route_color":"#e6194b"}],"pass_count":2,"station_degree":4,"codes":null,"is_interchange":true,"station_role":"interchange"},"geometry":{"type":"Point","coordinates":[37.59102396,55.84723936]},"__memberLines":{}},{"type":"Feature","properties":{"station_id":"n4375779704","station_name":"Ростокино","station_name_local":"Ростокино","station_name_en":null,"city":"Moscow","country":"Russia","lines":["14"],"wikipedia":null,"merged_from":2,"merged_names":null,"is_terminus":false,"routes":[{"ref":"14","name":"Московское Центральное Кольцо","route_color":"#e6194b"}],"pass_count":1,"station_degree":2,"codes":null,"is_interchange":false,"station_role":"normal"},"geometry":{"type":"Point","coordinates":[37.66683585,55.839652400000006]},"__memberLines":{}},{"type":"Feature","properties":{"station_id":"n268521591","station_name":"Botanical Garden","station_name_local":"Ботанический сад","station_name_en":"Botanical Garden","city":"Moscow","country":"Russia","lines":["6","14"],"wikipedia":"ru:Ботанический сад (станция метро, Москва)","merged_from":5,"merged_names":null,"is_terminus":false,"routes":[{"ref":"6","name":"Kaluzhsko-Rizhskaya line","route_color":"#f58231"},{"ref":"14","name":"Московское Центральное Кольцо","route_color":"#e6194b"}],"pass_count":2,"station_degree":4,"codes":null,"is_interchange":true,"station_role":"interchange"},"geometry":{"type":"Point","coordinates":[37.638816000000006,55.84512764]},"__memberLines":{}},{"type":"Feature","properties":{"station_id":"n4375786518","station_name":"Локомотив","station_name_local":"Локомотив","station_name_en":null,"city":"Moscow","country":"Russia","lines":["14"],"wikipedia":null,"merged_from":2,"merged_names":null,"is_terminus":false,"routes":[{"ref":"14","name":"Московское Центральное Кольцо","route_color":"#e6194b"}],"pass_count":1,"station_degree":2,"codes":null,"is_interchange":false,"station_role":"normal"},"geometry":{"type":"Point","coordinates":[37.74596765,55.80413705]},"__memberLines":{}},{"type":"Feature","properties":{"station_id":"n4375787482","station_name":"Соколиная Гора","station_name_local":"Соколиная Гора","station_name_en":null,"city":"Moscow","country":"Russia","lines":["14"],"wikipedia":null,"merged_from":2,"merged_names":null,"is_terminus":false,"routes":[{"ref":"14","name":"Московское Центральное Кольцо","route_color":"#e6194b"}],"pass_count":1,"station_degree":2,"codes":null,"is_interchange":false,"station_role":"normal"},"geometry":{"type":"Point","coordinates":[37.745021449999996,55.77132565]},"__memberLines":{}},{"type":"Feature","properties":{"station_id":"n7340764981","station_name":"Nizhegorodskaya","station_name_local":"Нижегородская","station_name_en":"Nizhegorodskaya","city":"Moscow","country":"Russia","lines":["11","14","15"],"wikipedia":"ru:Нижегородская (станция метро)","merged_from":8,"merged_names":null,"is_terminus":false,"routes":[{"ref":"11","name":"Большая кольцевая линия","route_color":"#82c0c0"},{"ref":"14","name":"Московское Центральное Кольцо","route_color":"#e6194b"},{"ref":"15","name":"Некрасовская линия","route_color":"#de64a1"}],"pass_count":3,"station_degree":5,"codes":null,"is_interchange":true,"station_role":"interchange"},"geometry":{"type":"Point","coordinates":[37.7293868625,55.73179509999999]},"__memberLines":{}},{"type":"Feature","properties":{"station_id":"n296947185","station_name":"Dubrovka","station_name_local":"Дубровка","station_name_en":"Dubrovka","city":"Moscow","country":"Russia","lines":["10","14"],"wikipedia":"ru:Дубровка (станция метро)","merged_from":5,"merged_names":null,"is_terminus":false,"routes":[{"ref":"10","name":"Lyublinsko-Dmitrovskaya","route_color":"#b4d445"},{"ref":"14","name":"Московское Центральное Кольцо","route_color":"#e6194b"}],"pass_count":2,"station_degree":4,"codes":null,"is_interchange":true,"station_role":"interchange"},"geometry":{"type":"Point","coordinates":[37.67644498,55.716598499999996]},"__memberLines":{}},{"type":"Feature","properties":{"station_id":"n4375847053","station_name":"ЗИЛ","station_name_local":"ЗИЛ","station_name_en":null,"city":"Moscow","country":"Russia","lines":["14","16"],"wikipedia":null,"merged_from":5,"merged_names":null,"is_terminus":false,"routes":[{"ref":"14","name":"Московское Центральное Кольцо","route_color":"#e6194b"},{"ref":"16","name":"Троицкая линия","route_color":"#03795f"}],"pass_count":2,"station_degree":2,"codes":null,"is_interchange":true,"station_role":"interchange"},"geometry":{"type":"Point","coordinates":[37.64616054,55.69731266000001]},"__memberLines":{}},{"type":"Feature","properties":{"station_id":"n4375858274","station_name":"Площадь Гагарина","station_name_local":"Площадь Гагарина","station_name_en":null,"city":"Moscow","country":"Russia","lines":["14"],"wikipedia":null,"merged_from":2,"merged_names":null,"is_terminus":false,"routes":[{"ref":"14","name":"Московское Центральное Кольцо","route_color":"#e6194b"}],"pass_count":1,"station_degree":2,"codes":null,"is_interchange":false,"station_role":"normal"},"geometry":{"type":"Point","coordinates":[37.58639495,55.706966300000005]},"__memberLines":{}},{"type":"Feature","properties":{"station_id":"n4375864373","station_name":"Moscow-City","station_name_local":"Москва-Сити","station_name_en":"Moscow-City","city":"Moscow","country":"Russia","lines":["4А","14"],"wikipedia":null,"merged_from":5,"merged_names":null,"is_terminus":false,"routes":[{"ref":"4А","name":"Филёвская линия","route_color":"#1ebcef"},{"ref":"14","name":"Московское Центральное Кольцо","route_color":"#e6194b"}],"pass_count":2,"station_degree":3,"codes":null,"is_interchange":true,"station_role":"interchange"},"geometry":{"type":"Point","coordinates":[37.533341459999995,55.74800161999999]},"__memberLines":{}},{"type":"Feature","properties":{"station_id":"n4375869577","station_name":"Шелепиха","station_name_local":"Шелепиха","station_name_en":null,"city":"Moscow","country":"Russia","lines":["14"],"wikipedia":null,"merged_from":2,"merged_names":null,"is_terminus":false,"routes":[{"ref":"14","name":"Московское Центральное Кольцо","route_color":"#e6194b"}],"pass_count":1,"station_degree":2,"codes":null,"is_interchange":false,"station_role":"normal"},"geometry":{"type":"Point","coordinates":[37.52566525,55.757305599999995]},"__memberLines":{}},{"type":"Feature","properties":{"station_id":"n4375871513","station_name":"Панфиловская","station_name_local":"Панфиловская","station_name_en":null,"city":"Moscow","country":"Russia","lines":["14"],"wikipedia":null,"merged_from":2,"merged_names":null,"is_terminus":false,"routes":[{"ref":"14","name":"Московское Центральное Кольцо","route_color":"#e6194b"}],"pass_count":1,"station_degree":2,"codes":null,"is_interchange":false,"station_role":"normal"},"geometry":{"type":"Point","coordinates":[37.4990272,55.7990098]},"__memberLines":{}},{"type":"Feature","properties":{"station_id":"n4375871615","station_name":"Зорге","station_name_local":"Зорге","station_name_en":null,"city":"Moscow","country":"Russia","lines":["14"],"wikipedia":null,"merged_from":2,"merged_names":null,"is_terminus":false,"routes":[{"ref":"14","name":"Московское Центральное Кольцо","route_color":"#e6194b"}],"pass_count":1,"station_degree":2,"codes":null,"is_interchange":false,"station_role":"normal"},"geometry":{"type":"Point","coordinates":[37.50436245,55.788494150000005]},"__memberLines":{}},{"type":"Feature","properties":{"station_id":"n4375878112","station_name":"Балтийская","station_name_local":"Балтийская","station_name_en":null,"city":"Moscow","country":"Russia","lines":["14"],"wikipedia":null,"merged_from":2,"merged_names":null,"is_terminus":false,"routes":[{"ref":"14","name":"Московское Центральное Кольцо","route_color":"#e6194b"}],"pass_count":1,"station_degree":2,"codes":null,"is_interchange":false,"station_role":"normal"},"geometry":{"type":"Point","coordinates":[37.496389050000005,55.82588965]},"__memberLines":{}},{"type":"Feature","properties":{"station_id":"n4379061180","station_name":"Лужники","station_name_local":"Лужники","station_name_en":null,"city":"Moscow","country":"Russia","lines":["14"],"wikipedia":null,"merged_from":2,"merged_names":null,"is_terminus":false,"routes":[{"ref":"14","name":"Московское Центральное Кольцо","route_color":"#e6194b"}],"pass_count":1,"station_degree":2,"codes":null,"is_interchange":false,"station_role":"normal"},"geometry":{"type":"Point","coordinates":[37.5609667,55.720719]},"__memberLines":{}},{"type":"Feature","properties":{"station_id":"n4398441625","station_name":"Белокаменная","station_name_local":"Белокаменная","station_name_en":null,"city":"Moscow","country":"Russia","lines":["14"],"wikipedia":null,"merged_from":2,"merged_names":null,"is_terminus":false,"routes":[{"ref":"14","name":"Московское Центральное Кольцо","route_color":"#e6194b"}],"pass_count":1,"station_degree":2,"codes":null,"is_interchange":false,"station_role":"normal"},"geometry":{"type":"Point","coordinates":[37.702463449999996,55.8293013]},"__memberLines":{}},{"type":"Feature","properties":{"station_id":"n255744578","station_name":"Shosse Entuziastov","station_name_local":"Шоссе Энтузиастов","station_name_en":"Shosse Entuziastov","city":"Moscow","country":"Russia","lines":["8","14"],"wikipedia":"ru:Шоссе Энтузиастов (станция метро)","merged_from":5,"merged_names":null,"is_terminus":false,"routes":[{"ref":"8","name":"Kalininskaya line","route_color":"#ffff00"},{"ref":"14","name":"Московское Центральное Кольцо","route_color":"#e6194b"}],"pass_count":2,"station_degree":4,"codes":null,"is_interchange":true,"station_role":"interchange"},"geometry":{"type":"Point","coordinates":[37.748097820000005,55.758103500000004]},"__memberLines":{}},{"type":"Feature","properties":{"station_id":"n1123660474","station_name":"Kurskaya / Chkalovskaya","station_name_local":"Kurskaya / Chkalovskaya","station_name_en":"Kurskaya","city":"Moscow","country":"Russia","lines":["3","5","10"],"wikipedia":"ru:Курская (станция метро, Кольцевая линия)","merged_from":9,"merged_names":[{"station_id":"n1123660474","station_name":"Kurskaya","station_name_local":"Курская","lines":["3","5"]},{"station_id":"n5202107572","station_name":"Chkalovskaya","station_name_local":"Чкаловская","lines":["10"]}],"is_terminus":false,"routes":[{"ref":"3","name":"Arbatsko-Pokrovskaya","route_color":"#0000ff"},{"ref":"5","name":"Circle line","route_color":"#802f08"},{"ref":"10","name":"Lyublinsko-Dmitrovskaya","route_color":"#b4d445"}],"pass_count":3,"station_degree":6,"codes":null,"is_interchange":true,"station_role":"interchange"},"geometry":{"type":"Point","coordinates":[37.65824541111111,55.75731938888888]},"__memberLines":{}},{"type":"Feature","properties":{"station_id":"n5176248502","station_name":"Kuntsevskaya","station_name_local":"Кунцевская","station_name_en":"Kuntsevskaya","city":"Moscow","country":"Russia","lines":["3","4","11"],"wikipedia":null,"merged_from":8,"merged_names":null,"is_terminus":false,"routes":[{"ref":"3","name":"Arbatsko-Pokrovskaya","route_color":"#0000ff"},{"ref":"4","name":"Filyovskaya","route_color":"#33ccff"},{"ref":"11","name":"Большая кольцевая линия","route_color":"#82c0c0"}],"pass_count":3,"station_degree":5,"codes":null,"is_interchange":true,"station_role":"interchange"},"geometry":{"type":"Point","coordinates":[37.445994937500004,55.7300279125]},"__memberLines":{}},{"type":"Feature","properties":{"station_id":"n5176322725","station_name":"Kitay-gorod","station_name_local":"Китай-город","station_name_en":"Kitay-gorod","city":"Moscow","country":"Russia","lines":["6","7"],"wikipedia":"ru:Китай-город (станция метро)","merged_from":6,"merged_names":null,"is_terminus":false,"routes":[{"ref":"6","name":"Kaluzhsko-Rizhskaya line","route_color":"#f58231"},{"ref":"7","name":"Tagansko-Krasnopresnenskaya","route_color":"#ff00ff"}],"pass_count":2,"station_degree":4,"codes":null,"is_interchange":true,"station_role":"interchange"},"geometry":{"type":"Point","coordinates":[37.633311516666666,55.75562033333333]},"__memberLines":{}},{"type":"Feature","properties":{"station_id":"n6939665011","station_name":"Krylatskoye","station_name_local":"Крылатское","station_name_en":"Krylatskoye","city":"Moscow","country":"Russia","lines":["3"],"wikipedia":null,"merged_from":3,"merged_names":null,"is_terminus":false,"routes":[{"ref":"3","name":"Arbatsko-Pokrovskaya","route_color":"#0000ff"}],"pass_count":1,"station_degree":2,"codes":null,"is_interchange":false,"station_role":"normal"},"geometry":{"type":"Point","coordinates":[37.40813910000001,55.7565911]},"__memberLines":{}},{"type":"Feature","properties":{"station_id":"n5202107576","station_name":"Sokol","station_name_local":"Сокол","station_name_en":"Sokol","city":"Moscow","country":"Russia","lines":["2"],"wikipedia":null,"merged_from":3,"merged_names":null,"is_terminus":false,"routes":[{"ref":"2","name":"Zamoskvoretskaya","route_color":"#006400"}],"pass_count":1,"station_degree":2,"codes":null,"is_interchange":false,"station_role":"normal"},"geometry":{"type":"Point","coordinates":[37.51509443333333,55.80525663333333]},"__memberLines":{}},{"type":"Feature","properties":{"station_id":"n6938823554","station_name":"Krasnye Vorota","station_name_local":"Красные Ворота","station_name_en":"Krasnye Vorota","city":"Moscow","country":"Russia","lines":["1"],"wikipedia":null,"merged_from":3,"merged_names":null,"is_terminus":false,"routes":[{"ref":"1","name":"Sokolnicheskaya","route_color":"#e6194b"}],"pass_count":1,"station_degree":2,"codes":null,"is_interchange":false,"station_role":"normal"},"geometry":{"type":"Point","coordinates":[37.64898686666667,55.7690217]},"__memberLines":{}},{"type":"Feature","properties":{"station_id":"n5202107574","station_name":"VDNKh","station_name_local":"ВДНХ","station_name_en":"VDNKh","city":"Moscow","country":"Russia","lines":["6"],"wikipedia":"ru:ВДНХ (станция метро)","merged_from":3,"merged_names":null,"is_terminus":false,"routes":[{"ref":"6","name":"Kaluzhsko-Rizhskaya line","route_color":"#f58231"}],"pass_count":1,"station_degree":2,"codes":null,"is_interchange":false,"station_role":"normal"},"geometry":{"type":"Point","coordinates":[37.64133926666667,55.82105466666667]},"__memberLines":{}},{"type":"Feature","properties":{"station_id":"n5202107562","station_name":"Alekseyevskaya","station_name_local":"Алексеевская","station_name_en":"Alekseyevskaya","city":"Moscow","country":"Russia","lines":["6"],"wikipedia":"ru:Алексеевская (станция метро, Москва)","merged_from":3,"merged_names":null,"is_terminus":false,"routes":[{"ref":"6","name":"Kaluzhsko-Rizhskaya line","route_color":"#f58231"}],"pass_count":1,"station_degree":2,"codes":null,"is_interchange":false,"station_role":"normal"},"geometry":{"type":"Point","coordinates":[37.6390056,55.8090891]},"__memberLines":{}},{"type":"Feature","properties":{"station_id":"n291686079","station_name":"Park Kultury","station_name_local":"Парк Культуры","station_name_en":"Park Kultury","city":"Moscow","country":"Russia","lines":["1","5"],"wikipedia":"ru:Парк культуры (станция метро, Кольцевая линия)","merged_from":6,"merged_names":null,"is_terminus":false,"routes":[{"ref":"1","name":"Sokolnicheskaya","route_color":"#e6194b"},{"ref":"5","name":"Circle line","route_color":"#802f08"}],"pass_count":2,"station_degree":4,"codes":null,"is_interchange":true,"station_role":"interchange"},"geometry":{"type":"Point","coordinates":[37.59280328333333,55.7356849]},"__memberLines":{}},{"type":"Feature","properties":{"station_id":"n5174653609","station_name":"Kashirskaya","station_name_local":"Каширская","station_name_en":"Kashirskaya","city":"Moscow","country":"Russia","lines":["2","11"],"wikipedia":null,"merged_from":6,"merged_names":null,"is_terminus":false,"routes":[{"ref":"2","name":"Zamoskvoretskaya","route_color":"#006400"},{"ref":"11","name":"Большая кольцевая линия","route_color":"#82c0c0"}],"pass_count":2,"station_degree":4,"codes":null,"is_interchange":true,"station_role":"interchange"},"geometry":{"type":"Point","coordinates":[37.648707550000005,55.6550427]},"__memberLines":{}},{"type":"Feature","properties":{"station_id":"n10702113003","station_name":"Varshavskaya","station_name_local":"Варшавская","station_name_en":"Varshavskaya","city":"Moscow","country":"Russia","lines":["11"],"wikipedia":null,"merged_from":3,"merged_names":null,"is_terminus":false,"routes":[{"ref":"11","name":"Большая кольцевая линия","route_color":"#82c0c0"}],"pass_count":1,"station_degree":2,"codes":null,"is_interchange":false,"station_role":"normal"},"geometry":{"type":"Point","coordinates":[37.61950236666667,55.6533344]},"__memberLines":{}},{"type":"Feature","properties":{"station_id":"n5202107564","station_name":"Strogino","station_name_local":"Строгино","station_name_en":"Strogino","city":"Moscow","country":"Russia","lines":["3"],"wikipedia":null,"merged_from":3,"merged_names":null,"is_terminus":false,"routes":[{"ref":"3","name":"Arbatsko-Pokrovskaya","route_color":"#0000ff"}],"pass_count":1,"station_degree":2,"codes":null,"is_interchange":false,"station_role":"normal"},"geometry":{"type":"Point","coordinates":[37.403084299999996,55.80370143333334]},"__memberLines":{}},{"type":"Feature","properties":{"station_id":"n5202080141","station_name":"Petrovsko-Razumovskaya","station_name_local":"Петровско-Разумовская","station_name_en":"Petrovsko-Razumovskaya","city":"Moscow","country":"Russia","lines":["9","10"],"wikipedia":"ru:Петровско-Разумовская (станция метро)","merged_from":6,"merged_names":null,"is_terminus":false,"routes":[{"ref":"9","name":"Serpukhovsko-Timiryazevskaya","route_color":"#a0a2a3"},{"ref":"10","name":"Lyublinsko-Dmitrovskaya","route_color":"#b4d445"}],"pass_count":2,"station_degree":4,"codes":null,"is_interchange":true,"station_role":"interchange"},"geometry":{"type":"Point","coordinates":[37.574621150000006,55.83483631666667]},"__memberLines":{}},{"type":"Feature","properties":{"station_id":"n1221839292","station_name":"Konkovo","station_name_local":"Коньково","station_name_en":"Konkovo","city":"Moscow","country":"Russia","lines":["6"],"wikipedia":null,"merged_from":3,"merged_names":null,"is_terminus":false,"routes":[{"ref":"6","name":"Kaluzhsko-Rizhskaya line","route_color":"#f58231"}],"pass_count":1,"station_degree":2,"codes":null,"is_interchange":false,"station_role":"normal"},"geometry":{"type":"Point","coordinates":[37.5189767,55.63314666666667]},"__memberLines":{}},{"type":"Feature","properties":{"station_id":"n5202107568","station_name":"Volokolamskaya","station_name_local":"Волоколамская","station_name_en":"Volokolamskaya","city":"Moscow","country":"Russia","lines":["3"],"wikipedia":null,"merged_from":3,"merged_names":null,"is_terminus":false,"routes":[{"ref":"3","name":"Arbatsko-Pokrovskaya","route_color":"#0000ff"}],"pass_count":1,"station_degree":2,"codes":null,"is_interchange":false,"station_role":"normal"},"geometry":{"type":"Point","coordinates":[37.38224493333333,55.835513866666666]},"__memberLines":{}},{"type":"Feature","properties":{"station_id":"n5202107566","station_name":"Myakinino","station_name_local":"Мякинино","station_name_en":"Myakinino","city":"Moscow","country":"Russia","lines":["3"],"wikipedia":null,"merged_from":3,"merged_names":null,"is_terminus":false,"routes":[{"ref":"3","name":"Arbatsko-Pokrovskaya","route_color":"#0000ff"}],"pass_count":1,"station_degree":2,"codes":null,"is_interchange":false,"station_role":"normal"},"geometry":{"type":"Point","coordinates":[37.3852925,55.8252023]},"__memberLines":{}},{"type":"Feature","properties":{"station_id":"n253228506","station_name":"Aleksandrovsky Sad / Borovitskaya / Biblioteka Imeni Lenina","station_name_local":"Aleksandrovsky Sad / Borovitskaya / Biblioteka Imeni Lenina","station_name_en":"Aleksandrovsky Sad","city":"Moscow","country":"Russia","lines":["1","4","4А","9"],"wikipedia":null,"merged_from":9,"merged_names":[{"station_id":"n253228506","station_name":"Aleksandrovsky Sad","station_name_local":"Александровский сад","lines":["4","4А"]},{"station_id":"n296953128","station_name":"Borovitskaya","station_name_local":"Боровицкая","lines":["9"]},{"station_id":"n278692958","station_name":"Biblioteka Imeni Lenina","station_name_local":"Библиотека имени Ленина","lines":["1"]}],"is_terminus":false,"routes":[{"ref":"1","name":"Sokolnicheskaya","route_color":"#e6194b"},{"ref":"4","name":"Filyovskaya","route_color":"#33ccff"},{"ref":"4А","name":"Филёвская линия","route_color":"#1ebcef"},{"ref":"9","name":"Serpukhovsko-Timiryazevskaya","route_color":"#a0a2a3"}],"pass_count":4,"station_degree":5,"codes":null,"is_interchange":true,"station_role":"interchange"},"geometry":{"type":"Point","coordinates":[37.6086409,55.75155114444445]},"__memberLines":{}},{"type":"Feature","properties":{"station_id":"n241158415","station_name":"Studencheskaya","station_name_local":"Студенческая","station_name_en":"Studencheskaya","city":"Moscow","country":"Russia","lines":["4"],"wikipedia":"ru:Студенческая (станция метро, Москва)","merged_from":3,"merged_names":null,"is_terminus":false,"routes":[{"ref":"4","name":"Filyovskaya","route_color":"#33ccff"}],"pass_count":1,"station_degree":2,"codes":null,"is_interchange":false,"station_role":"normal"},"geometry":{"type":"Point","coordinates":[37.548390999999995,55.7388243]},"__memberLines":{}},{"type":"Feature","properties":{"station_id":"n309752486","station_name":"Yugo-Zapadnaya","station_name_local":"Юго-Западная","station_name_en":"Yugo-Zapadnaya","city":"Moscow","country":"Russia","lines":["1"],"wikipedia":"ru:Юго-Западная (станция метро, Москва)","merged_from":3,"merged_names":null,"is_terminus":false,"routes":[{"ref":"1","name":"Sokolnicheskaya","route_color":"#e6194b"}],"pass_count":1,"station_degree":2,"codes":null,"is_interchange":false,"station_role":"normal"},"geometry":{"type":"Point","coordinates":[37.48321873333333,55.6636517]},"__memberLines":{}},{"type":"Feature","properties":{"station_id":"n277499848","station_name":"Prospekt Mira","station_name_local":"Проспект Мира","station_name_en":"Prospekt Mira","city":"Moscow","country":"Russia","lines":["5","6"],"wikipedia":null,"merged_from":6,"merged_names":null,"is_terminus":false,"routes":[{"ref":"5","name":"Circle line","route_color":"#802f08"},{"ref":"6","name":"Kaluzhsko-Rizhskaya line","route_color":"#f58231"}],"pass_count":2,"station_degree":4,"codes":null,"is_interchange":true,"station_role":"interchange"},"geometry":{"type":"Point","coordinates":[37.631865733333335,55.78024171666666]},"__memberLines":{}},{"type":"Feature","properties":{"station_id":"n277499849","station_name":"Sukharevskaya","station_name_local":"Сухаревская","station_name_en":"Sukharevskaya","city":"Moscow","country":"Russia","lines":["6"],"wikipedia":null,"merged_from":3,"merged_names":null,"is_terminus":false,"routes":[{"ref":"6","name":"Kaluzhsko-Rizhskaya line","route_color":"#f58231"}],"pass_count":1,"station_degree":2,"codes":null,"is_interchange":false,"station_role":"normal"},"geometry":{"type":"Point","coordinates":[37.63120356666667,55.77295519999999]},"__memberLines":{}},{"type":"Feature","properties":{"station_id":"n264162888","station_name":"Yasenevo","station_name_local":"Ясенево","station_name_en":"Yasenevo","city":"Moscow","country":"Russia","lines":["6"],"wikipedia":"ru:Ясенево (станция метро)","merged_from":3,"merged_names":null,"is_terminus":false,"routes":[{"ref":"6","name":"Kaluzhsko-Rizhskaya line","route_color":"#f58231"}],"pass_count":1,"station_degree":2,"codes":null,"is_interchange":false,"station_role":"normal"},"geometry":{"type":"Point","coordinates":[37.53340656666666,55.60630626666667]},"__memberLines":{}},{"type":"Feature","properties":{"station_id":"n309748905","station_name":"Oktyabrskoye Pole","station_name_local":"Октябрьское Поле","station_name_en":"Oktyabrskoye Pole","city":"Moscow","country":"Russia","lines":["7"],"wikipedia":"ru:Октябрьское Поле (станция метро)","merged_from":3,"merged_names":null,"is_terminus":false,"routes":[{"ref":"7","name":"Tagansko-Krasnopresnenskaya","route_color":"#ff00ff"}],"pass_count":1,"station_degree":2,"codes":null,"is_interchange":false,"station_role":"normal"},"geometry":{"type":"Point","coordinates":[37.493813333333335,55.7933678]},"__memberLines":{}},{"type":"Feature","properties":{"station_id":"n292143794","station_name":"Teatralnaya / Ploschad Revolyutsii / Okhotny Ryad","station_name_local":"Teatralnaya / Ploschad Revolyutsii / Okhotny Ryad","station_name_en":"Teatralnaya","city":"Moscow","country":"Russia","lines":["1","2","3"],"wikipedia":"ru:Театральная (станция метро, Москва)","merged_from":9,"merged_names":[{"station_id":"n292143794","station_name":"Teatralnaya","station_name_local":"Театральная","lines":["2"]},{"station_id":"n242546475","station_name":"Ploschad Revolyutsii","station_name_local":"Площадь Революции","lines":["3"]},{"station_id":"n267335315","station_name":"Okhotny Ryad","station_name_local":"Охотный ряд","lines":["1"]}],"is_terminus":false,"routes":[{"ref":"1","name":"Sokolnicheskaya","route_color":"#e6194b"},{"ref":"2","name":"Zamoskvoretskaya","route_color":"#006400"},{"ref":"3","name":"Arbatsko-Pokrovskaya","route_color":"#0000ff"}],"pass_count":3,"station_degree":6,"codes":null,"is_interchange":true,"station_role":"interchange"},"geometry":{"type":"Point","coordinates":[37.619158666666664,55.7573072]},"__memberLines":{}},{"type":"Feature","properties":{"station_id":"n1272285088","station_name":"Технопарк","station_name_local":"Технопарк","station_name_en":null,"city":"Moscow","country":"Russia","lines":["2"],"wikipedia":null,"merged_from":3,"merged_names":null,"is_terminus":false,"routes":[{"ref":"2","name":"Zamoskvoretskaya","route_color":"#006400"}],"pass_count":1,"station_degree":2,"codes":null,"is_interchange":false,"station_role":"normal"},"geometry":{"type":"Point","coordinates":[37.66443746666667,55.69362363333334]},"__memberLines":{}},{"type":"Feature","properties":{"station_id":"n309741697","station_name":"Bulvar Dmitriya Donskogo / Ulitsa Starokachalovskaya","station_name_local":"Bulvar Dmitriya Donskogo / Ulitsa Starokachalovskaya","station_name_en":"Bulvar Dmitriya Donskogo","city":"Moscow","country":"Russia","lines":["9","12"],"wikipedia":null,"merged_from":6,"merged_names":[{"station_id":"n309741697","station_name":"Bulvar Dmitriya Donskogo","station_name_local":"Бульвар Дмитрия Донского","lines":["9"]},{"station_id":"n309741829","station_name":"Ulitsa Starokachalovskaya","station_name_local":"Улица Старокачаловская","lines":["12","9"]}],"is_terminus":false,"routes":[{"ref":"9","name":"Serpukhovsko-Timiryazevskaya","route_color":"#a0a2a3"},{"ref":"12","name":"Butovskaya","route_color":"#bac8e8"}],"pass_count":2,"station_degree":3,"codes":null,"is_interchange":true,"station_role":"interchange"},"geometry":{"type":"Point","coordinates":[37.5767601,55.56909925]},"__memberLines":{}},{"type":"Feature","properties":{"station_id":"n2101832212","station_name":"Pyatnitskoye Shosse","station_name_local":"Пятницкое шоссе","station_name_en":"Pyatnitskoye Shosse","city":"Moscow","country":"Russia","lines":["3"],"wikipedia":"ru:Пятницкое шоссе (станция метро)","merged_from":3,"merged_names":null,"is_terminus":true,"routes":[{"ref":"3","name":"Arbatsko-Pokrovskaya","route_color":"#0000ff"}],"pass_count":1,"station_degree":1,"codes":null,"is_interchange":false,"station_role":"terminus"},"geometry":{"type":"Point","coordinates":[37.3542096,55.85613143333333]},"__memberLines":{}},{"type":"Feature","properties":{"station_id":"n60660469","station_name":"Babushkinskaya","station_name_local":"Бабушкинская","station_name_en":"Babushkinskaya","city":"Moscow","country":"Russia","lines":["6"],"wikipedia":null,"merged_from":3,"merged_names":null,"is_terminus":false,"routes":[{"ref":"6","name":"Kaluzhsko-Rizhskaya line","route_color":"#f58231"}],"pass_count":1,"station_degree":2,"codes":null,"is_interchange":false,"station_role":"normal"},"geometry":{"type":"Point","coordinates":[37.664105033333335,55.86963493333334]},"__memberLines":{}},{"type":"Feature","properties":{"station_id":"n5202107560","station_name":"Spartak","station_name_local":"Спартак","station_name_en":"Spartak","city":"Moscow","country":"Russia","lines":["7"],"wikipedia":"ru:Спартак (станция метро)","merged_from":3,"merged_names":null,"is_terminus":false,"routes":[{"ref":"7","name":"Tagansko-Krasnopresnenskaya","route_color":"#ff00ff"}],"pass_count":1,"station_degree":2,"codes":null,"is_interchange":false,"station_role":"normal"},"geometry":{"type":"Point","coordinates":[37.43575666666667,55.81829926666666]},"__memberLines":{}},{"type":"Feature","properties":{"station_id":"n3224593379","station_name":"Troparyovo","station_name_local":"Тропарёво","station_name_en":"Troparyovo","city":"Moscow","country":"Russia","lines":["1"],"wikipedia":"ru:Тропарёво (станция метро)","merged_from":3,"merged_names":null,"is_terminus":false,"routes":[{"ref":"1","name":"Sokolnicheskaya","route_color":"#e6194b"}],"pass_count":1,"station_degree":2,"codes":null,"is_interchange":false,"station_role":"normal"},"geometry":{"type":"Point","coordinates":[37.4725248,55.64585786666667]},"__memberLines":{}},{"type":"Feature","properties":{"station_id":"n2950850833","station_name":"Victory Park","station_name_local":"Парк Победы","station_name_en":"Victory Park","city":"Moscow","country":"Russia","lines":["3","8А"],"wikipedia":"ru:Парк Победы (станция метро, Москва)","merged_from":6,"merged_names":null,"is_terminus":false,"routes":[{"ref":"3","name":"Arbatsko-Pokrovskaya","route_color":"#0000ff"},{"ref":"8А","name":"Солнцевская линия","route_color":"#ffff00"}],"pass_count":2,"station_degree":4,"codes":null,"is_interchange":true,"station_role":"interchange"},"geometry":{"type":"Point","coordinates":[37.51768581666667,55.73642426666667]},"__memberLines":{}},{"type":"Feature","properties":{"station_id":"n5308689093","station_name":"Khovrino","station_name_local":"Ховрино","station_name_en":"Khovrino","city":"Moscow","country":"Russia","lines":["2"],"wikipedia":"ru:Ховрино (станция метро)","merged_from":3,"merged_names":null,"is_terminus":true,"routes":[{"ref":"2","name":"Zamoskvoretskaya","route_color":"#006400"}],"pass_count":1,"station_degree":1,"codes":null,"is_interchange":false,"station_role":"terminus"},"geometry":{"type":"Point","coordinates":[37.48086083333333,55.87814169999999]},"__memberLines":{}},{"type":"Feature","properties":{"station_id":"n5436404611","station_name":"Horoshyovskaya / Polezhayevskaya","station_name_local":"Horoshyovskaya / Polezhayevskaya","station_name_en":"Horoshyovskaya","city":"Moscow","country":"Russia","lines":["7","11"],"wikipedia":"ru:Хорошёвская (станция метро)","merged_from":7,"merged_names":[{"station_id":"n5436404611","station_name":"Horoshyovskaya","station_name_local":"Хорошёвская","lines":["11"]},{"station_id":"n296959507","station_name":"Polezhayevskaya","station_name_local":"Полежаевская","lines":["7"]}],"is_terminus":false,"routes":[{"ref":"7","name":"Tagansko-Krasnopresnenskaya","route_color":"#ff00ff"},{"ref":"11","name":"Большая кольцевая линия","route_color":"#82c0c0"}],"pass_count":2,"station_degree":4,"codes":null,"is_interchange":true,"station_role":"interchange"},"geometry":{"type":"Point","coordinates":[37.51922135714285,55.77715857142857]},"__memberLines":{}},{"type":"Feature","properties":{"station_id":"n5436420781","station_name":"CSKA","station_name_local":"ЦСКА","station_name_en":"CSKA","city":"Moscow","country":"Russia","lines":["11"],"wikipedia":"ru:ЦСКА (станция метро)","merged_from":3,"merged_names":null,"is_terminus":false,"routes":[{"ref":"11","name":"Большая кольцевая линия","route_color":"#82c0c0"}],"pass_count":1,"station_degree":2,"codes":null,"is_interchange":false,"station_role":"normal"},"geometry":{"type":"Point","coordinates":[37.53320106666667,55.786562233333335]},"__memberLines":{}},{"type":"Feature","properties":{"station_id":"n5436412993","station_name":"Petrovskiy Park","station_name_local":"Петровский парк","station_name_en":"Petrovskiy Park","city":"Moscow","country":"Russia","lines":["11"],"wikipedia":null,"merged_from":3,"merged_names":null,"is_terminus":false,"routes":[{"ref":"11","name":"Большая кольцевая линия","route_color":"#82c0c0"}],"pass_count":1,"station_degree":2,"codes":null,"is_interchange":false,"station_role":"normal"},"geometry":{"type":"Point","coordinates":[37.55709416666667,55.79192406666667]},"__memberLines":{}},{"type":"Feature","properties":{"station_id":"n6147634222","station_name":"Belomorskaja","station_name_local":"Беломорская","station_name_en":"Belomorskaja","city":"Moscow","country":"Russia","lines":["2"],"wikipedia":"ru:Беломорская (станция метро)","merged_from":3,"merged_names":null,"is_terminus":false,"routes":[{"ref":"2","name":"Zamoskvoretskaya","route_color":"#006400"}],"pass_count":1,"station_degree":2,"codes":null,"is_interchange":false,"station_role":"normal"},"geometry":{"type":"Point","coordinates":[37.47503656666667,55.865043533333335]},"__memberLines":{}},{"type":"Feature","properties":{"station_id":"n296956169","station_name":"Savyolovskaya","station_name_local":"Савёловская","station_name_en":"Savyolovskaya","city":"Moscow","country":"Russia","lines":["9","11"],"wikipedia":null,"merged_from":6,"merged_names":null,"is_terminus":false,"routes":[{"ref":"9","name":"Serpukhovsko-Timiryazevskaya","route_color":"#a0a2a3"},{"ref":"11","name":"Большая кольцевая линия","route_color":"#82c0c0"}],"pass_count":2,"station_degree":4,"codes":null,"is_interchange":true,"station_role":"interchange"},"geometry":{"type":"Point","coordinates":[37.58747115,55.79240869999999]},"__memberLines":{}},{"type":"Feature","properties":{"station_id":"n296957238","station_name":"Altufyevo","station_name_local":"Алтуфьево","station_name_en":"Altufyevo","city":"Moscow","country":"Russia","lines":["9"],"wikipedia":"ru:Алтуфьево (станция метро)","merged_from":3,"merged_names":null,"is_terminus":true,"routes":[{"ref":"9","name":"Serpukhovsko-Timiryazevskaya","route_color":"#a0a2a3"}],"pass_count":1,"station_degree":1,"codes":null,"is_interchange":false,"station_role":"terminus"},"geometry":{"type":"Point","coordinates":[37.5873602,55.89792026666667]},"__memberLines":{}},{"type":"Feature","properties":{"station_id":"n296957239","station_name":"Bibirevo","station_name_local":"Бибирево","station_name_en":"Bibirevo","city":"Moscow","country":"Russia","lines":["9"],"wikipedia":"ru:Бибирево (станция метро)","merged_from":3,"merged_names":null,"is_terminus":false,"routes":[{"ref":"9","name":"Serpukhovsko-Timiryazevskaya","route_color":"#a0a2a3"}],"pass_count":1,"station_degree":2,"codes":null,"is_interchange":false,"station_role":"normal"},"geometry":{"type":"Point","coordinates":[37.603555699999994,55.883871899999995]},"__memberLines":{}},{"type":"Feature","properties":{"station_id":"n296957241","station_name":"Otradnoye","station_name_local":"Отрадное","station_name_en":"Otradnoye","city":"Moscow","country":"Russia","lines":["9"],"wikipedia":null,"merged_from":3,"merged_names":null,"is_terminus":false,"routes":[{"ref":"9","name":"Serpukhovsko-Timiryazevskaya","route_color":"#a0a2a3"}],"pass_count":1,"station_degree":2,"codes":null,"is_interchange":false,"station_role":"normal"},"geometry":{"type":"Point","coordinates":[37.604652566666665,55.8631833]},"__memberLines":{}},{"type":"Feature","properties":{"station_id":"n296956167","station_name":"Timiryazevskaya","station_name_local":"Тимирязевская","station_name_en":"Timiryazevskaya","city":"Moscow","country":"Russia","lines":["9"],"wikipedia":"ru:Тимирязевская (станция метро)","merged_from":3,"merged_names":null,"is_terminus":false,"routes":[{"ref":"9","name":"Serpukhovsko-Timiryazevskaya","route_color":"#a0a2a3"}],"pass_count":1,"station_degree":2,"codes":null,"is_interchange":false,"station_role":"normal"},"geometry":{"type":"Point","coordinates":[37.576388533333336,55.8171256]},"__memberLines":{}},{"type":"Feature","properties":{"station_id":"n296956168","station_name":"Dmitrovskaya","station_name_local":"Дмитровская","station_name_en":"Dmitrovskaya","city":"Moscow","country":"Russia","lines":["9"],"wikipedia":null,"merged_from":3,"merged_names":null,"is_terminus":false,"routes":[{"ref":"9","name":"Serpukhovsko-Timiryazevskaya","route_color":"#a0a2a3"}],"pass_count":1,"station_degree":2,"codes":null,"is_interchange":false,"station_role":"normal"},"geometry":{"type":"Point","coordinates":[37.581896400000005,55.8065608]},"__memberLines":{}},{"type":"Feature","properties":{"station_id":"n296956170","station_name":"Mendeleyevskaya / Novoslobodskaya","station_name_local":"Mendeleyevskaya / Novoslobodskaya","station_name_en":"Mendeleyevskaya","city":"Moscow","country":"Russia","lines":["5","9"],"wikipedia":null,"merged_from":6,"merged_names":[{"station_id":"n296956170","station_name":"Mendeleyevskaya","station_name_local":"Менделеевская","lines":["9"]},{"station_id":"n297366493","station_name":"Novoslobodskaya","station_name_local":"Новослободская","lines":["5"]}],"is_terminus":false,"routes":[{"ref":"5","name":"Circle line","route_color":"#802f08"},{"ref":"9","name":"Serpukhovsko-Timiryazevskaya","route_color":"#a0a2a3"}],"pass_count":2,"station_degree":4,"codes":null,"is_interchange":true,"station_role":"interchange"},"geometry":{"type":"Point","coordinates":[37.602727816666665,55.780406899999996]},"__memberLines":{}},{"type":"Feature","properties":{"station_id":"n291689166","station_name":"Tsvetnoy Bulvar","station_name_local":"Цветной бульвар","station_name_en":"Tsvetnoy Bulvar","city":"Moscow","country":"Russia","lines":["9"],"wikipedia":null,"merged_from":3,"merged_names":null,"is_terminus":false,"routes":[{"ref":"9","name":"Serpukhovsko-Timiryazevskaya","route_color":"#a0a2a3"}],"pass_count":1,"station_degree":2,"codes":null,"is_interchange":false,"station_role":"normal"},"geometry":{"type":"Point","coordinates":[37.61790093333333,55.77087376666666]},"__memberLines":{}},{"type":"Feature","properties":{"station_id":"n292144111","station_name":"Tverskaya / Pushkinskaya / Chekhovskaya","station_name_local":"Tverskaya / Pushkinskaya / Chekhovskaya","station_name_en":"Tverskaya","city":"Moscow","country":"Russia","lines":["2","7","9"],"wikipedia":null,"merged_from":9,"merged_names":[{"station_id":"n292144111","station_name":"Tverskaya","station_name_local":"Тверская","lines":["2"]},{"station_id":"n362156015","station_name":"Pushkinskaya","station_name_local":"Пушкинская","lines":["7"]},{"station_id":"n296953126","station_name":"Chekhovskaya","station_name_local":"Чеховская","lines":["9"]}],"is_terminus":false,"routes":[{"ref":"2","name":"Zamoskvoretskaya","route_color":"#006400"},{"ref":"7","name":"Tagansko-Krasnopresnenskaya","route_color":"#ff00ff"},{"ref":"9","name":"Serpukhovsko-Timiryazevskaya","route_color":"#a0a2a3"}],"pass_count":3,"station_degree":6,"codes":null,"is_interchange":true,"station_role":"interchange"},"geometry":{"type":"Point","coordinates":[37.60759248888888,55.76505387777778]},"__memberLines":{}},{"type":"Feature","properties":{"station_id":"n312816773","station_name":"Polyanka","station_name_local":"Полянка","station_name_en":"Polyanka","city":"Moscow","country":"Russia","lines":["9"],"wikipedia":"ru:Полянка (станция метро)","merged_from":3,"merged_names":null,"is_terminus":false,"routes":[{"ref":"9","name":"Serpukhovsko-Timiryazevskaya","route_color":"#a0a2a3"}],"pass_count":1,"station_degree":2,"codes":null,"is_interchange":false,"station_role":"normal"},"geometry":{"type":"Point","coordinates":[37.61719239999999,55.73816336666666]},"__memberLines":{}},{"type":"Feature","properties":{"station_id":"n294024698","station_name":"Dobryninskaya / Serpukhovskaya","station_name_local":"Dobryninskaya / Serpukhovskaya","station_name_en":"Dobryninskaya","city":"Moscow","country":"Russia","lines":["5","9"],"wikipedia":null,"merged_from":6,"merged_names":[{"station_id":"n294024698","station_name":"Dobryninskaya","station_name_local":"Добрынинская","lines":["5"]},{"station_id":"n296953130","station_name":"Serpukhovskaya","station_name_local":"Серпуховская","lines":["9"]}],"is_terminus":false,"routes":[{"ref":"5","name":"Circle line","route_color":"#802f08"},{"ref":"9","name":"Serpukhovsko-Timiryazevskaya","route_color":"#a0a2a3"}],"pass_count":2,"station_degree":4,"codes":null,"is_interchange":true,"station_role":"interchange"},"geometry":{"type":"Point","coordinates":[37.6246257,55.728528366666666]},"__memberLines":{}},{"type":"Feature","properties":{"station_id":"n296953131","station_name":"Tulskaya","station_name_local":"Тульская","station_name_en":"Tulskaya","city":"Moscow","country":"Russia","lines":["9"],"wikipedia":null,"merged_from":3,"merged_names":null,"is_terminus":false,"routes":[{"ref":"9","name":"Serpukhovsko-Timiryazevskaya","route_color":"#a0a2a3"}],"pass_count":1,"station_degree":2,"codes":null,"is_interchange":false,"station_role":"normal"},"geometry":{"type":"Point","coordinates":[37.62281723333333,55.708664633333335]},"__memberLines":{}},{"type":"Feature","properties":{"station_id":"n296953140","station_name":"Annino","station_name_local":"Аннино","station_name_en":"Annino","city":"Moscow","country":"Russia","lines":["9"],"wikipedia":"ru:Аннино (станция метро)","merged_from":3,"merged_names":null,"is_terminus":false,"routes":[{"ref":"9","name":"Serpukhovsko-Timiryazevskaya","route_color":"#a0a2a3"}],"pass_count":1,"station_degree":2,"codes":null,"is_interchange":false,"station_role":"normal"},"geometry":{"type":"Point","coordinates":[37.59653446666667,55.58252566666666]},"__memberLines":{}},{"type":"Feature","properties":{"station_id":"n296953139","station_name":"Ulitsa Akademika Yangelya","station_name_local":"Улица Академика Янгеля","station_name_en":"Ulitsa Akademika Yangelya","city":"Moscow","country":"Russia","lines":["9"],"wikipedia":null,"merged_from":3,"merged_names":null,"is_terminus":false,"routes":[{"ref":"9","name":"Serpukhovsko-Timiryazevskaya","route_color":"#a0a2a3"}],"pass_count":1,"station_degree":2,"codes":null,"is_interchange":false,"station_role":"normal"},"geometry":{"type":"Point","coordinates":[37.600435866666665,55.59498876666667]},"__memberLines":{}},{"type":"Feature","properties":{"station_id":"n296953138","station_name":"Prazhskaya","station_name_local":"Пражская","station_name_en":"Prazhskaya","city":"Moscow","country":"Russia","lines":["9"],"wikipedia":"ru:Пражская (станция метро)","merged_from":3,"merged_names":null,"is_terminus":false,"routes":[{"ref":"9","name":"Serpukhovsko-Timiryazevskaya","route_color":"#a0a2a3"}],"pass_count":1,"station_degree":2,"codes":null,"is_interchange":false,"station_role":"normal"},"geometry":{"type":"Point","coordinates":[37.604525333333335,55.612377333333335]},"__memberLines":{}},{"type":"Feature","properties":{"station_id":"n296953137","station_name":"Yuzhnaya","station_name_local":"Южная","station_name_en":"Yuzhnaya","city":"Moscow","country":"Russia","lines":["9"],"wikipedia":"ru:Южная (станция метро)","merged_from":3,"merged_names":null,"is_terminus":false,"routes":[{"ref":"9","name":"Serpukhovsko-Timiryazevskaya","route_color":"#a0a2a3"}],"pass_count":1,"station_degree":2,"codes":null,"is_interchange":false,"station_role":"normal"},"geometry":{"type":"Point","coordinates":[37.60922583333333,55.622257966666666]},"__memberLines":{}},{"type":"Feature","properties":{"station_id":"n296953136","station_name":"Chertanovskaya","station_name_local":"Чертановская","station_name_en":"Chertanovskaya","city":"Moscow","country":"Russia","lines":["9"],"wikipedia":null,"merged_from":3,"merged_names":null,"is_terminus":false,"routes":[{"ref":"9","name":"Serpukhovsko-Timiryazevskaya","route_color":"#a0a2a3"}],"pass_count":1,"station_degree":2,"codes":null,"is_interchange":false,"station_role":"normal"},"geometry":{"type":"Point","coordinates":[37.60668623333333,55.640456]},"__memberLines":{}},{"type":"Feature","properties":{"station_id":"n314679443","station_name":"Kakhovskaya / Sevastopolskaya","station_name_local":"Kakhovskaya / Sevastopolskaya","station_name_en":"Kakhovskaya","city":"Moscow","country":"Russia","lines":["9","11"],"wikipedia":"ru:Каховская (станция метро)","merged_from":6,"merged_names":[{"station_id":"n314679443","station_name":"Kakhovskaya","station_name_local":"Каховская","lines":["11"]},{"station_id":"n296953135","station_name":"Sevastopolskaya","station_name_local":"Севастопольская","lines":["9"]}],"is_terminus":false,"routes":[{"ref":"9","name":"Serpukhovsko-Timiryazevskaya","route_color":"#a0a2a3"},{"ref":"11","name":"Большая кольцевая линия","route_color":"#82c0c0"}],"pass_count":2,"station_degree":4,"codes":null,"is_interchange":true,"station_role":"interchange"},"geometry":{"type":"Point","coordinates":[37.598432333333335,55.65278836666667]},"__memberLines":{}},{"type":"Feature","properties":{"station_id":"n296953134","station_name":"Nakhimovsky Prospekt","station_name_local":"Нахимовский проспект","station_name_en":"Nakhimovsky Prospekt","city":"Moscow","country":"Russia","lines":["9"],"wikipedia":null,"merged_from":3,"merged_names":null,"is_terminus":false,"routes":[{"ref":"9","name":"Serpukhovsko-Timiryazevskaya","route_color":"#a0a2a3"}],"pass_count":1,"station_degree":2,"codes":null,"is_interchange":false,"station_role":"normal"},"geometry":{"type":"Point","coordinates":[37.6056271,55.6626506]},"__memberLines":{}},{"type":"Feature","properties":{"station_id":"n296953133","station_name":"Nagornaya","station_name_local":"Нагорная","station_name_en":"Nagornaya","city":"Moscow","country":"Russia","lines":["9"],"wikipedia":null,"merged_from":3,"merged_names":null,"is_terminus":false,"routes":[{"ref":"9","name":"Serpukhovsko-Timiryazevskaya","route_color":"#a0a2a3"}],"pass_count":1,"station_degree":2,"codes":null,"is_interchange":false,"station_role":"normal"},"geometry":{"type":"Point","coordinates":[37.61027586666666,55.67194676666667]},"__memberLines":{}},{"type":"Feature","properties":{"station_id":"n296953132","station_name":"Nagatinskaya","station_name_local":"Нагатинская","station_name_en":"Nagatinskaya","city":"Moscow","country":"Russia","lines":["9"],"wikipedia":"ru:Нагатинская (станция метро)","merged_from":3,"merged_names":null,"is_terminus":false,"routes":[{"ref":"9","name":"Serpukhovsko-Timiryazevskaya","route_color":"#a0a2a3"}],"pass_count":1,"station_degree":2,"codes":null,"is_interchange":false,"station_role":"normal"},"geometry":{"type":"Point","coordinates":[37.62241463333333,55.68297293333333]},"__memberLines":{}},{"type":"Feature","properties":{"station_id":"n292019726","station_name":"Paveletskaya","station_name_local":"Павелецкая","station_name_en":"Paveletskaya","city":"Moscow","country":"Russia","lines":["2","5"],"wikipedia":null,"merged_from":6,"merged_names":null,"is_terminus":false,"routes":[{"ref":"2","name":"Zamoskvoretskaya","route_color":"#006400"},{"ref":"5","name":"Circle line","route_color":"#802f08"}],"pass_count":2,"station_degree":4,"codes":null,"is_interchange":true,"station_role":"interchange"},"geometry":{"type":"Point","coordinates":[37.63799196666667,55.73140826666667]},"__memberLines":{}},{"type":"Feature","properties":{"station_id":"n253016890","station_name":"Taganskaya / Marksistskaya","station_name_local":"Taganskaya / Marksistskaya","station_name_en":"Taganskaya","city":"Moscow","country":"Russia","lines":["5","7","8"],"wikipedia":"ru:Таганская (станция метро, Таганско-Краснопресненская линия)","merged_from":9,"merged_names":[{"station_id":"n253016890","station_name":"Taganskaya","station_name_local":"Таганская","lines":["5","7"]},{"station_id":"n276191577","station_name":"Marksistskaya","station_name_local":"Марксистская","lines":["8"]}],"is_terminus":false,"routes":[{"ref":"5","name":"Circle line","route_color":"#802f08"},{"ref":"7","name":"Tagansko-Krasnopresnenskaya","route_color":"#ff00ff"},{"ref":"8","name":"Kalininskaya line","route_color":"#ffff00"}],"pass_count":3,"station_degree":6,"codes":null,"is_interchange":true,"station_role":"interchange"},"geometry":{"type":"Point","coordinates":[37.65226056666667,55.74115781111112]},"__memberLines":{}},{"type":"Feature","properties":{"station_id":"n267335088","station_name":"Komsomolskaya","station_name_local":"Комсомольская","station_name_en":"Komsomolskaya","city":"Moscow","country":"Russia","lines":["1","5"],"wikipedia":null,"merged_from":6,"merged_names":null,"is_terminus":false,"routes":[{"ref":"1","name":"Sokolnicheskaya","route_color":"#e6194b"},{"ref":"5","name":"Circle line","route_color":"#802f08"}],"pass_count":2,"station_degree":4,"codes":null,"is_interchange":true,"station_role":"interchange"},"geometry":{"type":"Point","coordinates":[37.65526291666667,55.77489558333334]},"__memberLines":{}},{"type":"Feature","properties":{"station_id":"n1157975976","station_name":"Belorusskaya","station_name_local":"Белорусская","station_name_en":"Belorusskaya","city":"Moscow","country":"Russia","lines":["2","5"],"wikipedia":"ru:Белорусская (станция метро, Замоскворецкая линия)","merged_from":6,"merged_names":null,"is_terminus":false,"routes":[{"ref":"2","name":"Zamoskvoretskaya","route_color":"#006400"},{"ref":"5","name":"Circle line","route_color":"#802f08"}],"pass_count":2,"station_degree":4,"codes":null,"is_interchange":true,"station_role":"interchange"},"geometry":{"type":"Point","coordinates":[37.58381951666667,55.776420349999995]},"__memberLines":{}},{"type":"Feature","properties":{"station_id":"n296959510","station_name":"Barrikadnaya / Krasnopresnenskaya","station_name_local":"Barrikadnaya / Krasnopresnenskaya","station_name_en":"Barrikadnaya","city":"Moscow","country":"Russia","lines":["5","7"],"wikipedia":"ru:Баррикадная (станция метро)","merged_from":6,"merged_names":[{"station_id":"n296959510","station_name":"Barrikadnaya","station_name_local":"Баррикадная","lines":["7"]},{"station_id":"n309744779","station_name":"Krasnopresnenskaya","station_name_local":"Краснопресненская","lines":["5"]}],"is_terminus":false,"routes":[{"ref":"5","name":"Circle line","route_color":"#802f08"},{"ref":"7","name":"Tagansko-Krasnopresnenskaya","route_color":"#ff00ff"}],"pass_count":2,"station_degree":4,"codes":null,"is_interchange":true,"station_role":"interchange"},"geometry":{"type":"Point","coordinates":[37.578311500000005,55.761159850000006]},"__memberLines":{}},{"type":"Feature","properties":{"station_id":"n253375111","station_name":"Kiyevskaya","station_name_local":"Киевская","station_name_en":"Kiyevskaya","city":"Moscow","country":"Russia","lines":["3","4","4А","5"],"wikipedia":null,"merged_from":9,"merged_names":null,"is_terminus":false,"routes":[{"ref":"3","name":"Arbatsko-Pokrovskaya","route_color":"#0000ff"},{"ref":"4","name":"Filyovskaya","route_color":"#33ccff"},{"ref":"4А","name":"Филёвская линия","route_color":"#1ebcef"},{"ref":"5","name":"Circle line","route_color":"#802f08"}],"pass_count":4,"station_degree":6,"codes":null,"is_interchange":true,"station_role":"interchange"},"geometry":{"type":"Point","coordinates":[37.565518133333335,55.74423948888889]},"__memberLines":{}},{"type":"Feature","properties":{"station_id":"n277499853","station_name":"Oktyabrskaya","station_name_local":"Октябрьская","station_name_en":"Oktyabrskaya","city":"Moscow","country":"Russia","lines":["5","6"],"wikipedia":null,"merged_from":6,"merged_names":null,"is_terminus":false,"routes":[{"ref":"5","name":"Circle line","route_color":"#802f08"},{"ref":"6","name":"Kaluzhsko-Rizhskaya line","route_color":"#f58231"}],"pass_count":2,"station_degree":4,"codes":null,"is_interchange":true,"station_role":"interchange"},"geometry":{"type":"Point","coordinates":[37.61015366666667,55.73013666666666]},"__memberLines":{}},{"type":"Feature","properties":{"station_id":"n2080924763","station_name":"Alma-Atinskaya","station_name_local":"Алма-Атинская","station_name_en":"Alma-Atinskaya","city":"Moscow","country":"Russia","lines":["2"],"wikipedia":"ru:Алма-Атинская (станция метро)","merged_from":3,"merged_names":null,"is_terminus":true,"routes":[{"ref":"2","name":"Zamoskvoretskaya","route_color":"#006400"}],"pass_count":1,"station_degree":1,"codes":null,"is_interchange":false,"station_role":"terminus"},"geometry":{"type":"Point","coordinates":[37.76593313333333,55.632799266666666]},"__memberLines":{}},{"type":"Feature","properties":{"station_id":"n266835841","station_name":"Rechnoy Vokzal","station_name_local":"Речной вокзал","station_name_en":"Rechnoy Vokzal","city":"Moscow","country":"Russia","lines":["2"],"wikipedia":null,"merged_from":3,"merged_names":null,"is_terminus":false,"routes":[{"ref":"2","name":"Zamoskvoretskaya","route_color":"#006400"}],"pass_count":1,"station_degree":2,"codes":null,"is_interchange":false,"station_role":"normal"},"geometry":{"type":"Point","coordinates":[37.47621,55.85501486666667]},"__memberLines":{}},{"type":"Feature","properties":{"station_id":"n266835844","station_name":"Vodny Stadion","station_name_local":"Водный стадион","station_name_en":"Vodny Stadion","city":"Moscow","country":"Russia","lines":["2"],"wikipedia":null,"merged_from":3,"merged_names":null,"is_terminus":false,"routes":[{"ref":"2","name":"Zamoskvoretskaya","route_color":"#006400"}],"pass_count":1,"station_degree":2,"codes":null,"is_interchange":false,"station_role":"normal"},"geometry":{"type":"Point","coordinates":[37.486709499999996,55.84005786666666]},"__memberLines":{}},{"type":"Feature","properties":{"station_id":"n266835845","station_name":"Voykovskaya","station_name_local":"Войковская","station_name_en":"Voykovskaya","city":"Moscow","country":"Russia","lines":["2"],"wikipedia":null,"merged_from":3,"merged_names":null,"is_terminus":false,"routes":[{"ref":"2","name":"Zamoskvoretskaya","route_color":"#006400"}],"pass_count":1,"station_degree":2,"codes":null,"is_interchange":false,"station_role":"normal"},"geometry":{"type":"Point","coordinates":[37.498019,55.8190488]},"__memberLines":{}},{"type":"Feature","properties":{"station_id":"n266835847","station_name":"Aeroport","station_name_local":"Аэропорт","station_name_en":"Aeroport","city":"Moscow","country":"Russia","lines":["2"],"wikipedia":"ru:Аэропорт (станция метро, Москва)","merged_from":3,"merged_names":null,"is_terminus":false,"routes":[{"ref":"2","name":"Zamoskvoretskaya","route_color":"#006400"}],"pass_count":1,"station_degree":2,"codes":null,"is_interchange":false,"station_role":"normal"},"geometry":{"type":"Point","coordinates":[37.5331438,55.8004001]},"__memberLines":{}},{"type":"Feature","properties":{"station_id":"n266835848","station_name":"Dinamo","station_name_local":"Динамо","station_name_en":"Dinamo","city":"Moscow","country":"Russia","lines":["2"],"wikipedia":"ru:Динамо (станция метро, Москва)","merged_from":3,"merged_names":null,"is_terminus":false,"routes":[{"ref":"2","name":"Zamoskvoretskaya","route_color":"#006400"}],"pass_count":1,"station_degree":2,"codes":null,"is_interchange":false,"station_role":"normal"},"geometry":{"type":"Point","coordinates":[37.5582076,55.78973956666666]},"__memberLines":{}},{"type":"Feature","properties":{"station_id":"n291687455","station_name":"Mayakovskaya","station_name_local":"Маяковская","station_name_en":"Mayakovskaya","city":"Moscow","country":"Russia","lines":["2"],"wikipedia":null,"merged_from":3,"merged_names":null,"is_terminus":false,"routes":[{"ref":"2","name":"Zamoskvoretskaya","route_color":"#006400"}],"pass_count":1,"station_degree":2,"codes":null,"is_interchange":false,"station_role":"normal"},"geometry":{"type":"Point","coordinates":[37.59508829999999,55.77017033333334]},"__memberLines":{}},{"type":"Feature","properties":{"station_id":"n277499852","station_name":"Tretyakovskaya / Novokuznetskaya","station_name_local":"Tretyakovskaya / Novokuznetskaya","station_name_en":"Tretyakovskaya","city":"Moscow","country":"Russia","lines":["2","6","8"],"wikipedia":"ru:Третьяковская (станция метро)","merged_from":9,"merged_names":[{"station_id":"n277499852","station_name":"Tretyakovskaya","station_name_local":"Третьяковская","lines":["6","8"]},{"station_id":"n292143796","station_name":"Novokuznetskaya","station_name_local":"Новокузнецкая","lines":["2"]}],"is_terminus":false,"routes":[{"ref":"2","name":"Zamoskvoretskaya","route_color":"#006400"},{"ref":"6","name":"Kaluzhsko-Rizhskaya line","route_color":"#f58231"},{"ref":"8","name":"Kalininskaya line","route_color":"#ffff00"}],"pass_count":3,"station_degree":5,"codes":null,"is_interchange":true,"station_role":"interchange"},"geometry":{"type":"Point","coordinates":[37.627944033333335,55.741208488888894]},"__memberLines":{}},{"type":"Feature","properties":{"station_id":"n292147581","station_name":"Kolomenskaya","station_name_local":"Коломенская","station_name_en":"Kolomenskaya","city":"Moscow","country":"Russia","lines":["2"],"wikipedia":"ru:Коломенская","merged_from":3,"merged_names":null,"is_terminus":false,"routes":[{"ref":"2","name":"Zamoskvoretskaya","route_color":"#006400"}],"pass_count":1,"station_degree":2,"codes":null,"is_interchange":false,"station_role":"normal"},"geometry":{"type":"Point","coordinates":[37.663924333333334,55.678481999999995]},"__memberLines":{}},{"type":"Feature","properties":{"station_id":"n308993566","station_name":"Kantemirovskaya","station_name_local":"Кантемировская","station_name_en":"Kantemirovskaya","city":"Moscow","country":"Russia","lines":["2"],"wikipedia":null,"merged_from":3,"merged_names":null,"is_terminus":false,"routes":[{"ref":"2","name":"Zamoskvoretskaya","route_color":"#006400"}],"pass_count":1,"station_degree":2,"codes":null,"is_interchange":false,"station_role":"normal"},"geometry":{"type":"Point","coordinates":[37.65654153333333,55.63573183333333]},"__memberLines":{}},{"type":"Feature","properties":{"station_id":"n308993196","station_name":"Tsaritsyno","station_name_local":"Царицыно","station_name_en":"Tsaritsyno","city":"Moscow","country":"Russia","lines":["2"],"wikipedia":"ru:Царицыно (станция метро)","merged_from":3,"merged_names":null,"is_terminus":false,"routes":[{"ref":"2","name":"Zamoskvoretskaya","route_color":"#006400"}],"pass_count":1,"station_degree":2,"codes":null,"is_interchange":false,"station_role":"normal"},"geometry":{"type":"Point","coordinates":[37.66923776666667,55.62148183333333]},"__memberLines":{}},{"type":"Feature","properties":{"station_id":"n308993125","station_name":"Orekhovo","station_name_local":"Орехово","station_name_en":"Orekhovo","city":"Moscow","country":"Russia","lines":["2"],"wikipedia":null,"merged_from":3,"merged_names":null,"is_terminus":false,"routes":[{"ref":"2","name":"Zamoskvoretskaya","route_color":"#006400"}],"pass_count":1,"station_degree":2,"codes":null,"is_interchange":false,"station_role":"normal"},"geometry":{"type":"Point","coordinates":[37.694971599999995,55.6131431]},"__memberLines":{}},{"type":"Feature","properties":{"station_id":"n305486163","station_name":"Domodedovskaya","station_name_local":"Домодедовская","station_name_en":"Domodedovskaya","city":"Moscow","country":"Russia","lines":["2"],"wikipedia":null,"merged_from":3,"merged_names":null,"is_terminus":false,"routes":[{"ref":"2","name":"Zamoskvoretskaya","route_color":"#006400"}],"pass_count":1,"station_degree":2,"codes":null,"is_interchange":false,"station_role":"normal"},"geometry":{"type":"Point","coordinates":[37.71868559999999,55.610845399999995]},"__memberLines":{}},{"type":"Feature","properties":{"station_id":"n1527999927","station_name":"Zyablikovo / Krasnogvardeyskaya","station_name_local":"Zyablikovo / Krasnogvardeyskaya","station_name_en":"Zyablikovo","city":"Moscow","country":"Russia","lines":["2","10"],"wikipedia":"ru:Зябликово (станция метро)","merged_from":6,"merged_names":[{"station_id":"n1527999927","station_name":"Zyablikovo","station_name_local":"Зябликово","lines":["10"]},{"station_id":"n300120212","station_name":"Krasnogvardeyskaya","station_name_local":"Красногвардейская","lines":["2"]}],"is_terminus":false,"routes":[{"ref":"2","name":"Zamoskvoretskaya","route_color":"#006400"},{"ref":"10","name":"Lyublinsko-Dmitrovskaya","route_color":"#b4d445"}],"pass_count":2,"station_degree":3,"codes":null,"is_interchange":true,"station_role":"interchange"},"geometry":{"type":"Point","coordinates":[37.74480225,55.61296591666667]},"__memberLines":{}},{"type":"Feature","properties":{"station_id":"n6937856014","station_name":"Селигерская","station_name_local":"Селигерская","station_name_en":null,"city":"Moscow","country":"Russia","lines":["10"],"wikipedia":null,"merged_from":3,"merged_names":null,"is_terminus":false,"routes":[{"ref":"10","name":"Lyublinsko-Dmitrovskaya","route_color":"#b4d445"}],"pass_count":1,"station_degree":2,"codes":null,"is_interchange":false,"station_role":"normal"},"geometry":{"type":"Point","coordinates":[37.547187199999996,55.866587]},"__memberLines":{}},{"type":"Feature","properties":{"station_id":"n6937856016","station_name":"Верхние Лихоборы","station_name_local":"Верхние Лихоборы","station_name_en":null,"city":"Moscow","country":"Russia","lines":["10"],"wikipedia":null,"merged_from":3,"merged_names":null,"is_terminus":false,"routes":[{"ref":"10","name":"Lyublinsko-Dmitrovskaya","route_color":"#b4d445"}],"pass_count":1,"station_degree":2,"codes":null,"is_interchange":false,"station_role":"normal"},"geometry":{"type":"Point","coordinates":[37.56133326666666,55.856123700000005]},"__memberLines":{}},{"type":"Feature","properties":{"station_id":"n6937856020","station_name":"Фонвизинская","station_name_local":"Фонвизинская","station_name_en":null,"city":"Moscow","country":"Russia","lines":["10"],"wikipedia":null,"merged_from":3,"merged_names":null,"is_terminus":false,"routes":[{"ref":"10","name":"Lyublinsko-Dmitrovskaya","route_color":"#b4d445"}],"pass_count":1,"station_degree":2,"codes":null,"is_interchange":false,"station_role":"normal"},"geometry":{"type":"Point","coordinates":[37.587639966666664,55.8229183]},"__memberLines":{}},{"type":"Feature","properties":{"station_id":"n6937856022","station_name":"Бутырская","station_name_local":"Бутырская","station_name_en":null,"city":"Moscow","country":"Russia","lines":["10"],"wikipedia":null,"merged_from":3,"merged_names":null,"is_terminus":false,"routes":[{"ref":"10","name":"Lyublinsko-Dmitrovskaya","route_color":"#b4d445"}],"pass_count":1,"station_degree":2,"codes":null,"is_interchange":false,"station_role":"normal"},"geometry":{"type":"Point","coordinates":[37.60249173333333,55.8133874]},"__memberLines":{}},{"type":"Feature","properties":{"station_id":"n10702624107","station_name":"Maryina Roscha","station_name_local":"Марьина Роща","station_name_en":"Maryina Roscha","city":"Moscow","country":"Russia","lines":["10","11"],"wikipedia":null,"merged_from":6,"merged_names":null,"is_terminus":false,"routes":[{"ref":"10","name":"Lyublinsko-Dmitrovskaya","route_color":"#b4d445"},{"ref":"11","name":"Большая кольцевая линия","route_color":"#82c0c0"}],"pass_count":2,"station_degree":4,"codes":null,"is_interchange":true,"station_role":"interchange"},"geometry":{"type":"Point","coordinates":[37.61636111666667,55.79602745]},"__memberLines":{}},{"type":"Feature","properties":{"station_id":"n773136972","station_name":"Dostoyevskaya","station_name_local":"Достоевская","station_name_en":"Dostoyevskaya","city":"Moscow","country":"Russia","lines":["10"],"wikipedia":"ru:Достоевская (станция метро, Люблинско-Дмитровская линия)","merged_from":3,"merged_names":null,"is_terminus":false,"routes":[{"ref":"10","name":"Lyublinsko-Dmitrovskaya","route_color":"#b4d445"}],"pass_count":1,"station_degree":2,"codes":null,"is_interchange":false,"station_role":"normal"},"geometry":{"type":"Point","coordinates":[37.61507413333333,55.78146113333333]},"__memberLines":{}},{"type":"Feature","properties":{"station_id":"n296944258","station_name":"Trubnaya","station_name_local":"Трубная","station_name_en":"Trubnaya","city":"Moscow","country":"Russia","lines":["10"],"wikipedia":"ru:Трубная (станция метро)","merged_from":3,"merged_names":null,"is_terminus":false,"routes":[{"ref":"10","name":"Lyublinsko-Dmitrovskaya","route_color":"#b4d445"}],"pass_count":1,"station_degree":2,"codes":null,"is_interchange":false,"station_role":"normal"},"geometry":{"type":"Point","coordinates":[37.61954856666667,55.76911663333333]},"__memberLines":{}},{"type":"Feature","properties":{"station_id":"n267335317","station_name":"Chistye Prudy / Sretensky Bulvar / Turgenevskaya","station_name_local":"Chistye Prudy / Sretensky Bulvar / Turgenevskaya","station_name_en":"Chistye Prudy","city":"Moscow","country":"Russia","lines":["1","6","10"],"wikipedia":null,"merged_from":9,"merged_names":[{"station_id":"n267335317","station_name":"Chistye Prudy","station_name_local":"Чистые пруды","lines":["1"]},{"station_id":"n666528523","station_name":"Sretensky Bulvar","station_name_local":"Сретенский бульвар","lines":["10"]},{"station_id":"n277499850","station_name":"Turgenevskaya","station_name_local":"Тургеневская","lines":["6"]}],"is_terminus":false,"routes":[{"ref":"1","name":"Sokolnicheskaya","route_color":"#e6194b"},{"ref":"6","name":"Kaluzhsko-Rizhskaya line","route_color":"#f58231"},{"ref":"10","name":"Lyublinsko-Dmitrovskaya","route_color":"#b4d445"}],"pass_count":3,"station_degree":6,"codes":null,"is_interchange":true,"station_role":"interchange"},"geometry":{"type":"Point","coordinates":[37.63886122222223,55.76644974444444]},"__memberLines":{}},{"type":"Feature","properties":{"station_id":"n296947177","station_name":"Rimskaya / Ploshchad Ilyicha","station_name_local":"Rimskaya / Ploshchad Ilyicha","station_name_en":"Rimskaya","city":"Moscow","country":"Russia","lines":["8","10"],"wikipedia":"ru:Римская (станция метро)","merged_from":6,"merged_names":[{"station_id":"n296947177","station_name":"Rimskaya","station_name_local":"Римская","lines":["10"]},{"station_id":"n276191299","station_name":"Ploshchad Ilyicha","station_name_local":"Площадь Ильича","lines":["8"]}],"is_terminus":false,"routes":[{"ref":"8","name":"Kalininskaya line","route_color":"#ffff00"},{"ref":"10","name":"Lyublinsko-Dmitrovskaya","route_color":"#b4d445"}],"pass_count":2,"station_degree":4,"codes":null,"is_interchange":true,"station_role":"interchange"},"geometry":{"type":"Point","coordinates":[37.68327481666666,55.7467914]},"__memberLines":{}},{"type":"Feature","properties":{"station_id":"n253016891","station_name":"Proletarskaya / Krestyanskaya Zastava","station_name_local":"Proletarskaya / Krestyanskaya Zastava","station_name_en":"Proletarskaya","city":"Moscow","country":"Russia","lines":["7","10"],"wikipedia":null,"merged_from":6,"merged_names":[{"station_id":"n253016891","station_name":"Proletarskaya","station_name_local":"Пролетарская","lines":["7"]},{"station_id":"n297773322","station_name":"Krestyanskaya Zastava","station_name_local":"Крестьянская Застава","lines":["10"]}],"is_terminus":false,"routes":[{"ref":"7","name":"Tagansko-Krasnopresnenskaya","route_color":"#ff00ff"},{"ref":"10","name":"Lyublinsko-Dmitrovskaya","route_color":"#b4d445"}],"pass_count":2,"station_degree":4,"codes":null,"is_interchange":true,"station_role":"interchange"},"geometry":{"type":"Point","coordinates":[37.66672695,55.732544383333334]},"__memberLines":{}},{"type":"Feature","properties":{"station_id":"n296949274","station_name":"Kozhukhovskaya","station_name_local":"Кожуховская","station_name_en":"Kozhukhovskaya","city":"Moscow","country":"Russia","lines":["10"],"wikipedia":"ru:Кожуховская (станция метро)","merged_from":3,"merged_names":null,"is_terminus":false,"routes":[{"ref":"10","name":"Lyublinsko-Dmitrovskaya","route_color":"#b4d445"}],"pass_count":1,"station_degree":2,"codes":null,"is_interchange":false,"station_role":"normal"},"geometry":{"type":"Point","coordinates":[37.68471786666667,55.707476799999995]},"__memberLines":{}},{"type":"Feature","properties":{"station_id":"n296949278","station_name":"Pechatniki","station_name_local":"Печатники","station_name_en":"Pechatniki","city":"Moscow","country":"Russia","lines":["10","11"],"wikipedia":"ru:Печатники (станция метро, Люблинско-Дмитровская линия)","merged_from":6,"merged_names":null,"is_terminus":false,"routes":[{"ref":"10","name":"Lyublinsko-Dmitrovskaya","route_color":"#b4d445"},{"ref":"11","name":"Большая кольцевая линия","route_color":"#82c0c0"}],"pass_count":2,"station_degree":4,"codes":null,"is_interchange":true,"station_role":"interchange"},"geometry":{"type":"Point","coordinates":[37.72715715,55.69404861666667]},"__memberLines":{}},{"type":"Feature","properties":{"station_id":"n296949283","station_name":"Volzhskaya","station_name_local":"Волжская","station_name_en":"Volzhskaya","city":"Moscow","country":"Russia","lines":["10"],"wikipedia":"ru:Волжская (станция метро)","merged_from":3,"merged_names":null,"is_terminus":false,"routes":[{"ref":"10","name":"Lyublinsko-Dmitrovskaya","route_color":"#b4d445"}],"pass_count":1,"station_degree":2,"codes":null,"is_interchange":false,"station_role":"normal"},"geometry":{"type":"Point","coordinates":[37.75309643333333,55.69082603333334]},"__memberLines":{}},{"type":"Feature","properties":{"station_id":"n296949285","station_name":"Lyublino","station_name_local":"Люблино","station_name_en":"Lyublino","city":"Moscow","country":"Russia","lines":["10"],"wikipedia":"ru:Люблино (станция метро)","merged_from":3,"merged_names":null,"is_terminus":false,"routes":[{"ref":"10","name":"Lyublinsko-Dmitrovskaya","route_color":"#b4d445"}],"pass_count":1,"station_degree":2,"codes":null,"is_interchange":false,"station_role":"normal"},"geometry":{"type":"Point","coordinates":[37.761925033333334,55.6757277]},"__memberLines":{}},{"type":"Feature","properties":{"station_id":"n333159878","station_name":"Bratislavskaya","station_name_local":"Братиславская","station_name_en":"Bratislavskaya","city":"Moscow","country":"Russia","lines":["10"],"wikipedia":"ru:Братиславская (станция метро, Москва)","merged_from":3,"merged_names":null,"is_terminus":false,"routes":[{"ref":"10","name":"Lyublinsko-Dmitrovskaya","route_color":"#b4d445"}],"pass_count":1,"station_degree":2,"codes":null,"is_interchange":false,"station_role":"normal"},"geometry":{"type":"Point","coordinates":[37.750659866666666,55.659743633333335]},"__memberLines":{}},{"type":"Feature","properties":{"station_id":"n296949290","station_name":"Maryino","station_name_local":"Марьино","station_name_en":"Maryino","city":"Moscow","country":"Russia","lines":["10"],"wikipedia":"ru:Марьино (станция метро)","merged_from":3,"merged_names":null,"is_terminus":false,"routes":[{"ref":"10","name":"Lyublinsko-Dmitrovskaya","route_color":"#b4d445"}],"pass_count":1,"station_degree":2,"codes":null,"is_interchange":false,"station_role":"normal"},"geometry":{"type":"Point","coordinates":[37.74314663333333,55.65001693333334]},"__memberLines":{}},{"type":"Feature","properties":{"station_id":"n1527999919","station_name":"Borisovo","station_name_local":"Борисово","station_name_en":"Borisovo","city":"Moscow","country":"Russia","lines":["10"],"wikipedia":"ru:Борисово (станция метро)","merged_from":3,"merged_names":null,"is_terminus":false,"routes":[{"ref":"10","name":"Lyublinsko-Dmitrovskaya","route_color":"#b4d445"}],"pass_count":1,"station_degree":2,"codes":null,"is_interchange":false,"station_role":"normal"},"geometry":{"type":"Point","coordinates":[37.74375163333334,55.63330413333333]},"__memberLines":{}},{"type":"Feature","properties":{"station_id":"n1527999934","station_name":"Shipilovskaya","station_name_local":"Шипиловская","station_name_en":"Shipilovskaya","city":"Moscow","country":"Russia","lines":["10"],"wikipedia":"ru:Шипиловская (станция метро)","merged_from":3,"merged_names":null,"is_terminus":false,"routes":[{"ref":"10","name":"Lyublinsko-Dmitrovskaya","route_color":"#b4d445"}],"pass_count":1,"station_degree":2,"codes":null,"is_interchange":false,"station_role":"normal"},"geometry":{"type":"Point","coordinates":[37.7436395,55.62102753333334]},"__memberLines":{}},{"type":"Feature","properties":{"station_id":"n60660466","station_name":"Medvedkovo","station_name_local":"Медведково","station_name_en":"Medvedkovo","city":"Moscow","country":"Russia","lines":["6"],"wikipedia":null,"merged_from":3,"merged_names":null,"is_terminus":true,"routes":[{"ref":"6","name":"Kaluzhsko-Rizhskaya line","route_color":"#f58231"}],"pass_count":1,"station_degree":1,"codes":null,"is_interchange":false,"station_role":"terminus"},"geometry":{"type":"Point","coordinates":[37.66154263333333,55.88717783333333]},"__memberLines":{}},{"type":"Feature","properties":{"station_id":"n268521588","station_name":"Sviblovo","station_name_local":"Свиблово","station_name_en":"Sviblovo","city":"Moscow","country":"Russia","lines":["6"],"wikipedia":null,"merged_from":3,"merged_names":null,"is_terminus":false,"routes":[{"ref":"6","name":"Kaluzhsko-Rizhskaya line","route_color":"#f58231"}],"pass_count":1,"station_degree":2,"codes":null,"is_interchange":false,"station_role":"normal"},"geometry":{"type":"Point","coordinates":[37.65270493333333,55.855211999999995]},"__memberLines":{}},{"type":"Feature","properties":{"station_id":"n277499099","station_name":"Rizhskaya","station_name_local":"Рижская","station_name_en":"Rizhskaya","city":"Moscow","country":"Russia","lines":["6","11"],"wikipedia":"ru:Рижская (станция метро, Калужско-Рижская линия)","merged_from":6,"merged_names":null,"is_terminus":false,"routes":[{"ref":"6","name":"Kaluzhsko-Rizhskaya line","route_color":"#f58231"},{"ref":"11","name":"Большая кольцевая линия","route_color":"#82c0c0"}],"pass_count":2,"station_degree":4,"codes":null,"is_interchange":true,"station_role":"interchange"},"geometry":{"type":"Point","coordinates":[37.63541221666666,55.79379266666666]},"__memberLines":{}},{"type":"Feature","properties":{"station_id":"n267335316","station_name":"Lubyanka / Kuznetsky Most","station_name_local":"Lubyanka / Kuznetsky Most","station_name_en":"Lubyanka","city":"Moscow","country":"Russia","lines":["1","7"],"wikipedia":null,"merged_from":6,"merged_names":[{"station_id":"n267335316","station_name":"Lubyanka","station_name_local":"Лубянка","lines":["1"]},{"station_id":"n252934400","station_name":"Kuznetsky Most","station_name_local":"Кузнецкий Мост","lines":["7"]}],"is_terminus":false,"routes":[{"ref":"1","name":"Sokolnicheskaya","route_color":"#e6194b"},{"ref":"7","name":"Tagansko-Krasnopresnenskaya","route_color":"#ff00ff"}],"pass_count":2,"station_degree":4,"codes":null,"is_interchange":true,"station_role":"interchange"},"geometry":{"type":"Point","coordinates":[37.62700926666667,55.76031293333333]},"__memberLines":{}},{"type":"Feature","properties":{"station_id":"n277499854","station_name":"Shabolovskaya","station_name_local":"Шаболовская","station_name_en":"Shabolovskaya","city":"Moscow","country":"Russia","lines":["6"],"wikipedia":"ru:Шаболовская (станция метро)","merged_from":3,"merged_names":null,"is_terminus":false,"routes":[{"ref":"6","name":"Kaluzhsko-Rizhskaya line","route_color":"#f58231"}],"pass_count":1,"station_degree":2,"codes":null,"is_interchange":false,"station_role":"normal"},"geometry":{"type":"Point","coordinates":[37.607695666666665,55.71998693333333]},"__memberLines":{}},{"type":"Feature","properties":{"station_id":"n282411334","station_name":"Leninsky Prospekt","station_name_local":"Ленинский проспект","station_name_en":"Leninsky Prospekt","city":"Moscow","country":"Russia","lines":["6"],"wikipedia":null,"merged_from":3,"merged_names":null,"is_terminus":false,"routes":[{"ref":"6","name":"Kaluzhsko-Rizhskaya line","route_color":"#f58231"}],"pass_count":1,"station_degree":2,"codes":null,"is_interchange":false,"station_role":"normal"},"geometry":{"type":"Point","coordinates":[37.586203866666665,55.707619466666664]},"__memberLines":{}},{"type":"Feature","properties":{"station_id":"n282413851","station_name":"Akademicheskaya","station_name_local":"Академическая","station_name_en":"Akademicheskaya","city":"Moscow","country":"Russia","lines":["6","16"],"wikipedia":null,"merged_from":6,"merged_names":null,"is_terminus":false,"routes":[{"ref":"6","name":"Kaluzhsko-Rizhskaya line","route_color":"#f58231"},{"ref":"16","name":"Троицкая линия","route_color":"#03795f"}],"pass_count":2,"station_degree":4,"codes":null,"is_interchange":true,"station_role":"interchange"},"geometry":{"type":"Point","coordinates":[37.57473491666667,55.68737863333333]},"__memberLines":{}},{"type":"Feature","properties":{"station_id":"n282414382","station_name":"Profsoyuznaya","station_name_local":"Профсоюзная","station_name_en":"Profsoyuznaya","city":"Moscow","country":"Russia","lines":["6"],"wikipedia":null,"merged_from":3,"merged_names":null,"is_terminus":false,"routes":[{"ref":"6","name":"Kaluzhsko-Rizhskaya line","route_color":"#f58231"}],"pass_count":1,"station_degree":2,"codes":null,"is_interchange":false,"station_role":"normal"},"geometry":{"type":"Point","coordinates":[37.56290433333333,55.67793043333333]},"__memberLines":{}},{"type":"Feature","properties":{"station_id":"n259786806","station_name":"Novye Cheryomushki","station_name_local":"Новые Черёмушки","station_name_en":"Novye Cheryomushki","city":"Moscow","country":"Russia","lines":["6"],"wikipedia":null,"merged_from":3,"merged_names":null,"is_terminus":false,"routes":[{"ref":"6","name":"Kaluzhsko-Rizhskaya line","route_color":"#f58231"}],"pass_count":1,"station_degree":2,"codes":null,"is_interchange":false,"station_role":"normal"},"geometry":{"type":"Point","coordinates":[37.554698099999996,55.67027863333334]},"__memberLines":{}},{"type":"Feature","properties":{"station_id":"n259786804","station_name":"Kaluzhskaya / Vorontsovskaya","station_name_local":"Kaluzhskaya / Vorontsovskaya","station_name_en":"Kaluzhskaya","city":"Moscow","country":"Russia","lines":["6","11"],"wikipedia":null,"merged_from":6,"merged_names":[{"station_id":"n259786804","station_name":"Kaluzhskaya","station_name_local":"Калужская","lines":["6"]},{"station_id":"n9315693019","station_name":"Vorontsovskaya","station_name_local":"Воронцовская","lines":["11"]}],"is_terminus":false,"routes":[{"ref":"6","name":"Kaluzhsko-Rizhskaya line","route_color":"#f58231"},{"ref":"11","name":"Большая кольцевая линия","route_color":"#82c0c0"}],"pass_count":2,"station_degree":4,"codes":null,"is_interchange":true,"station_role":"interchange"},"geometry":{"type":"Point","coordinates":[37.54004681666667,55.65800833333333]},"__memberLines":{}},{"type":"Feature","properties":{"station_id":"n282416839","station_name":"Belyayevo","station_name_local":"Беляево","station_name_en":"Belyayevo","city":"Moscow","country":"Russia","lines":["6"],"wikipedia":null,"merged_from":3,"merged_names":null,"is_terminus":false,"routes":[{"ref":"6","name":"Kaluzhsko-Rizhskaya line","route_color":"#f58231"}],"pass_count":1,"station_degree":2,"codes":null,"is_interchange":false,"station_role":"normal"},"geometry":{"type":"Point","coordinates":[37.52568036666667,55.6427773]},"__memberLines":{}},{"type":"Feature","properties":{"station_id":"n259785706","station_name":"Tyoply Stan","station_name_local":"Тёплый Стан","station_name_en":"Tyoply Stan","city":"Moscow","country":"Russia","lines":["6"],"wikipedia":null,"merged_from":3,"merged_names":null,"is_terminus":false,"routes":[{"ref":"6","name":"Kaluzhsko-Rizhskaya line","route_color":"#f58231"}],"pass_count":1,"station_degree":2,"codes":null,"is_interchange":false,"station_role":"normal"},"geometry":{"type":"Point","coordinates":[37.5082429,55.61883476666666]},"__memberLines":{}},{"type":"Feature","properties":{"station_id":"n2591402980","station_name":"Bitsevskiy park / Novoyasenevskaya","station_name_local":"Bitsevskiy park / Novoyasenevskaya","station_name_en":"Bitsevskiy park","city":"Moscow","country":"Russia","lines":["6","12"],"wikipedia":null,"merged_from":6,"merged_names":[{"station_id":"n2591402980","station_name":"Bitsevskiy park","station_name_local":"Битцевский парк","lines":["12"]},{"station_id":"n291712231","station_name":"Novoyasenevskaya","station_name_local":"Новоясеневская","lines":["6"]}],"is_terminus":false,"routes":[{"ref":"6","name":"Kaluzhsko-Rizhskaya line","route_color":"#f58231"},{"ref":"12","name":"Butovskaya","route_color":"#bac8e8"}],"pass_count":2,"station_degree":2,"codes":null,"is_interchange":true,"station_role":"interchange"},"geometry":{"type":"Point","coordinates":[37.55525965,55.60061616666667]},"__memberLines":{}},{"type":"Feature","properties":{"station_id":"n2591395115","station_name":"Lesoparkovaya","station_name_local":"Лесопарковая","station_name_en":"Lesoparkovaya","city":"Moscow","country":"Russia","lines":["12"],"wikipedia":null,"merged_from":3,"merged_names":null,"is_terminus":false,"routes":[{"ref":"12","name":"Butovskaya","route_color":"#bac8e8"}],"pass_count":1,"station_degree":2,"codes":null,"is_interchange":false,"station_role":"normal"},"geometry":{"type":"Point","coordinates":[37.57688246666667,55.58209466666667]},"__memberLines":{}},{"type":"Feature","properties":{"station_id":"n296932663","station_name":"Ulitsa Skobelevskaya","station_name_local":"Улица Скобелевская","station_name_en":"Ulitsa Skobelevskaya","city":"Moscow","country":"Russia","lines":["12"],"wikipedia":"ru:Улица Скобелевская (станция метро)","merged_from":3,"merged_names":null,"is_terminus":false,"routes":[{"ref":"12","name":"Butovskaya","route_color":"#bac8e8"}],"pass_count":1,"station_degree":2,"codes":null,"is_interchange":false,"station_role":"normal"},"geometry":{"type":"Point","coordinates":[37.55462483333333,55.54810953333333]},"__memberLines":{}},{"type":"Feature","properties":{"station_id":"n296932668","station_name":"Bulvar Admirala Ushakova","station_name_local":"Бульвар Адмирала Ушакова","station_name_en":"Bulvar Admirala Ushakova","city":"Moscow","country":"Russia","lines":["12"],"wikipedia":"ru:Бульвар Адмирала Ушакова (станция метро)","merged_from":3,"merged_names":null,"is_terminus":false,"routes":[{"ref":"12","name":"Butovskaya","route_color":"#bac8e8"}],"pass_count":1,"station_degree":2,"codes":null,"is_interchange":false,"station_role":"normal"},"geometry":{"type":"Point","coordinates":[37.54321833333333,55.545426666666664]},"__memberLines":{}},{"type":"Feature","properties":{"station_id":"n296932670","station_name":"Ulitsa Gorchakova","station_name_local":"Улица Горчакова","station_name_en":"Ulitsa Gorchakova","city":"Moscow","country":"Russia","lines":["12"],"wikipedia":"ru:Улица Горчакова (станция метро)","merged_from":3,"merged_names":null,"is_terminus":false,"routes":[{"ref":"12","name":"Butovskaya","route_color":"#bac8e8"}],"pass_count":1,"station_degree":2,"codes":null,"is_interchange":false,"station_role":"normal"},"geometry":{"type":"Point","coordinates":[37.5307153,55.5416927]},"__memberLines":{}},{"type":"Feature","properties":{"station_id":"n296932673","station_name":"Buninskaya Alleya","station_name_local":"Бунинская аллея","station_name_en":"Buninskaya Alleya","city":"Moscow","country":"Russia","lines":["12"],"wikipedia":"ru:Бунинская аллея (станция метро)","merged_from":3,"merged_names":null,"is_terminus":true,"routes":[{"ref":"12","name":"Butovskaya","route_color":"#bac8e8"}],"pass_count":1,"station_degree":1,"codes":null,"is_interchange":false,"station_role":"terminus"},"geometry":{"type":"Point","coordinates":[37.51654453333333,55.53814806666667]},"__memberLines":{}},{"type":"Feature","properties":{"station_id":"n265949956","station_name":"Cherkizovskaya","station_name_local":"Черкизовская","station_name_en":"Cherkizovskaya","city":"Moscow","country":"Russia","lines":["1"],"wikipedia":null,"merged_from":3,"merged_names":null,"is_terminus":false,"routes":[{"ref":"1","name":"Sokolnicheskaya","route_color":"#e6194b"}],"pass_count":1,"station_degree":2,"codes":null,"is_interchange":false,"station_role":"normal"},"geometry":{"type":"Point","coordinates":[37.74503276666667,55.803880066666665]},"__memberLines":{}},{"type":"Feature","properties":{"station_id":"n265949958","station_name":"Preobrazhenskaya Ploshchad","station_name_local":"Преображенская площадь","station_name_en":"Preobrazhenskaya Ploshchad","city":"Moscow","country":"Russia","lines":["1"],"wikipedia":"ru:Преображенская площадь (станция метро)","merged_from":3,"merged_names":null,"is_terminus":false,"routes":[{"ref":"1","name":"Sokolnicheskaya","route_color":"#e6194b"}],"pass_count":1,"station_degree":2,"codes":null,"is_interchange":false,"station_role":"normal"},"geometry":{"type":"Point","coordinates":[37.71534616666667,55.79637276666667]},"__memberLines":{}},{"type":"Feature","properties":{"station_id":"n267334996","station_name":"Sokolniki","station_name_local":"Сокольники","station_name_en":"Sokolniki","city":"Moscow","country":"Russia","lines":["1","11"],"wikipedia":"ru:Сокольники (станция метро, Сокольническая линия)","merged_from":6,"merged_names":null,"is_terminus":false,"routes":[{"ref":"1","name":"Sokolnicheskaya","route_color":"#e6194b"},{"ref":"11","name":"Большая кольцевая линия","route_color":"#82c0c0"}],"pass_count":2,"station_degree":4,"codes":null,"is_interchange":true,"station_role":"interchange"},"geometry":{"type":"Point","coordinates":[37.67975446666666,55.78949693333333]},"__memberLines":{}},{"type":"Feature","properties":{"station_id":"n267335089","station_name":"Krasnoselskaya","station_name_local":"Красносельская","station_name_en":"Krasnoselskaya","city":"Moscow","country":"Russia","lines":["1"],"wikipedia":null,"merged_from":3,"merged_names":null,"is_terminus":false,"routes":[{"ref":"1","name":"Sokolnicheskaya","route_color":"#e6194b"}],"pass_count":1,"station_degree":2,"codes":null,"is_interchange":false,"station_role":"normal"},"geometry":{"type":"Point","coordinates":[37.667654866666666,55.78035523333333]},"__memberLines":{}},{"type":"Feature","properties":{"station_id":"n278692957","station_name":"Kropotkinskaya","station_name_local":"Кропоткинская","station_name_en":"Kropotkinskaya","city":"Moscow","country":"Russia","lines":["1"],"wikipedia":"ru:Кропоткинская (станция метро)","merged_from":3,"merged_names":null,"is_terminus":false,"routes":[{"ref":"1","name":"Sokolnicheskaya","route_color":"#e6194b"}],"pass_count":1,"station_degree":2,"codes":null,"is_interchange":false,"station_role":"normal"},"geometry":{"type":"Point","coordinates":[37.60380060000001,55.7454343]},"__memberLines":{}},{"type":"Feature","properties":{"station_id":"n278693056","station_name":"Frunzenskaya","station_name_local":"Фрунзенская","station_name_en":"Frunzenskaya","city":"Moscow","country":"Russia","lines":["1"],"wikipedia":"ru:Фрунзенская (станция метро, Москва)","merged_from":3,"merged_names":null,"is_terminus":false,"routes":[{"ref":"1","name":"Sokolnicheskaya","route_color":"#e6194b"}],"pass_count":1,"station_degree":2,"codes":null,"is_interchange":false,"station_role":"normal"},"geometry":{"type":"Point","coordinates":[37.578329999999994,55.72687946666667]},"__memberLines":{}},{"type":"Feature","properties":{"station_id":"n278693055","station_name":"Sportivnaya","station_name_local":"Спортивная","station_name_en":"Sportivnaya","city":"Moscow","country":"Russia","lines":["1"],"wikipedia":"ru:Спортивная (станция метро, Москва)","merged_from":3,"merged_names":null,"is_terminus":false,"routes":[{"ref":"1","name":"Sokolnicheskaya","route_color":"#e6194b"}],"pass_count":1,"station_degree":2,"codes":null,"is_interchange":false,"station_role":"normal"},"geometry":{"type":"Point","coordinates":[37.564211866666675,55.72338833333333]},"__memberLines":{}},{"type":"Feature","properties":{"station_id":"n297335182","station_name":"Vorobyovy Gory","station_name_local":"Воробьёвы горы","station_name_en":"Vorobyovy Gory","city":"Moscow","country":"Russia","lines":["1"],"wikipedia":"ru:Воробьёвы горы (станция метро)","merged_from":3,"merged_names":null,"is_terminus":false,"routes":[{"ref":"1","name":"Sokolnicheskaya","route_color":"#e6194b"}],"pass_count":1,"station_degree":2,"codes":null,"is_interchange":false,"station_role":"normal"},"geometry":{"type":"Point","coordinates":[37.55929016666667,55.710332666666666]},"__memberLines":{}},{"type":"Feature","properties":{"station_id":"n309752494","station_name":"Universitet","station_name_local":"Университет","station_name_en":"Universitet","city":"Moscow","country":"Russia","lines":["1"],"wikipedia":"ru:Университет (станция метро)","merged_from":3,"merged_names":null,"is_terminus":false,"routes":[{"ref":"1","name":"Sokolnicheskaya","route_color":"#e6194b"}],"pass_count":1,"station_degree":2,"codes":null,"is_interchange":false,"station_role":"normal"},"geometry":{"type":"Point","coordinates":[37.533284466666665,55.69266316666667]},"__memberLines":{}},{"type":"Feature","properties":{"station_id":"n349930322","station_name":"Prospekt Vernadskogo","station_name_local":"Проспект Вернадского","station_name_en":"Prospekt Vernadskogo","city":"Moscow","country":"Russia","lines":["1","11"],"wikipedia":null,"merged_from":6,"merged_names":null,"is_terminus":false,"routes":[{"ref":"1","name":"Sokolnicheskaya","route_color":"#e6194b"},{"ref":"11","name":"Большая кольцевая линия","route_color":"#82c0c0"}],"pass_count":2,"station_degree":4,"codes":null,"is_interchange":true,"station_role":"interchange"},"geometry":{"type":"Point","coordinates":[37.50499505,55.67782766666667]},"__memberLines":{}},{"type":"Feature","properties":{"station_id":"n3943961770","station_name":"Rumyantsevo","station_name_local":"Румянцево","station_name_en":"Rumyantsevo","city":"Moscow","country":"Russia","lines":["1"],"wikipedia":"ru:Румянцево (станция метро)","merged_from":3,"merged_names":null,"is_terminus":false,"routes":[{"ref":"1","name":"Sokolnicheskaya","route_color":"#e6194b"}],"pass_count":1,"station_degree":2,"codes":null,"is_interchange":false,"station_role":"normal"},"geometry":{"type":"Point","coordinates":[37.44158530000001,55.63295376666667]},"__memberLines":{}},{"type":"Feature","properties":{"station_id":"n4006225428","station_name":"Salaryevo","station_name_local":"Саларьево","station_name_en":"Salaryevo","city":"Moscow","country":"Russia","lines":["1"],"wikipedia":"ru:Саларьево (станция метро)","merged_from":3,"merged_names":null,"is_terminus":false,"routes":[{"ref":"1","name":"Sokolnicheskaya","route_color":"#e6194b"}],"pass_count":1,"station_degree":2,"codes":null,"is_interchange":false,"station_role":"normal"},"geometry":{"type":"Point","coordinates":[37.424189000000005,55.6219194]},"__memberLines":{}},{"type":"Feature","properties":{"station_id":"n6938823579","station_name":"Филатов Луг","station_name_local":"Филатов Луг","station_name_en":null,"city":"Moscow","country":"Russia","lines":["1"],"wikipedia":null,"merged_from":3,"merged_names":null,"is_terminus":false,"routes":[{"ref":"1","name":"Sokolnicheskaya","route_color":"#e6194b"}],"pass_count":1,"station_degree":2,"codes":null,"is_interchange":false,"station_role":"normal"},"geometry":{"type":"Point","coordinates":[37.4075846,55.60143406666666]},"__memberLines":{}},{"type":"Feature","properties":{"station_id":"n6938823581","station_name":"Прокшино","station_name_local":"Прокшино","station_name_en":null,"city":"Moscow","country":"Russia","lines":["1"],"wikipedia":null,"merged_from":3,"merged_names":null,"is_terminus":false,"routes":[{"ref":"1","name":"Sokolnicheskaya","route_color":"#e6194b"}],"pass_count":1,"station_degree":2,"codes":null,"is_interchange":false,"station_role":"normal"},"geometry":{"type":"Point","coordinates":[37.43385283333333,55.586218566666666]},"__memberLines":{}},{"type":"Feature","properties":{"station_id":"n6938823583","station_name":"Ольховая","station_name_local":"Ольховая","station_name_en":null,"city":"Moscow","country":"Russia","lines":["1"],"wikipedia":null,"merged_from":3,"merged_names":null,"is_terminus":false,"routes":[{"ref":"1","name":"Sokolnicheskaya","route_color":"#e6194b"}],"pass_count":1,"station_degree":2,"codes":null,"is_interchange":false,"station_role":"normal"},"geometry":{"type":"Point","coordinates":[37.45929446666667,55.56870083333334]},"__memberLines":{}},{"type":"Feature","properties":{"station_id":"n6938881285","station_name":"Новомосковская","station_name_local":"Новомосковская","station_name_en":null,"city":"Moscow","country":"Russia","lines":["1","16"],"wikipedia":null,"merged_from":6,"merged_names":null,"is_terminus":false,"routes":[{"ref":"1","name":"Sokolnicheskaya","route_color":"#e6194b"},{"ref":"16","name":"Троицкая линия","route_color":"#03795f"}],"pass_count":2,"station_degree":3,"codes":null,"is_interchange":true,"station_role":"interchange"},"geometry":{"type":"Point","coordinates":[37.466588699999996,55.56055845]},"__memberLines":{}},{"type":"Feature","properties":{"station_id":"n296959502","station_name":"Planernaya","station_name_local":"Планерная","station_name_en":"Planernaya","city":"Moscow","country":"Russia","lines":["7"],"wikipedia":"ru:Планерная (станция метро)","merged_from":3,"merged_names":null,"is_terminus":true,"routes":[{"ref":"7","name":"Tagansko-Krasnopresnenskaya","route_color":"#ff00ff"}],"pass_count":1,"station_degree":1,"codes":null,"is_interchange":false,"station_role":"terminus"},"geometry":{"type":"Point","coordinates":[37.4365243,55.86065493333333]},"__memberLines":{}},{"type":"Feature","properties":{"station_id":"n309750154","station_name":"Skhodnenskaya","station_name_local":"Сходненская","station_name_en":"Skhodnenskaya","city":"Moscow","country":"Russia","lines":["7"],"wikipedia":"ru:Сходненская (станция метро)","merged_from":3,"merged_names":null,"is_terminus":false,"routes":[{"ref":"7","name":"Tagansko-Krasnopresnenskaya","route_color":"#ff00ff"}],"pass_count":1,"station_degree":2,"codes":null,"is_interchange":false,"station_role":"normal"},"geometry":{"type":"Point","coordinates":[37.43977446666667,55.850483700000005]},"__memberLines":{}},{"type":"Feature","properties":{"station_id":"n296959504","station_name":"Tushinskaya","station_name_local":"Тушинская","station_name_en":"Tushinskaya","city":"Moscow","country":"Russia","lines":["7"],"wikipedia":"ru:Тушинская (станция метро)","merged_from":3,"merged_names":null,"is_terminus":false,"routes":[{"ref":"7","name":"Tagansko-Krasnopresnenskaya","route_color":"#ff00ff"}],"pass_count":1,"station_degree":2,"codes":null,"is_interchange":false,"station_role":"normal"},"geometry":{"type":"Point","coordinates":[37.4369754,55.82653043333334]},"__memberLines":{}},{"type":"Feature","properties":{"station_id":"n296959505","station_name":"Shchukinskaya","station_name_local":"Щукинская","station_name_en":"Shchukinskaya","city":"Moscow","country":"Russia","lines":["7"],"wikipedia":"ru:Щукинская (станция метро)","merged_from":3,"merged_names":null,"is_terminus":false,"routes":[{"ref":"7","name":"Tagansko-Krasnopresnenskaya","route_color":"#ff00ff"}],"pass_count":1,"station_degree":2,"codes":null,"is_interchange":false,"station_role":"normal"},"geometry":{"type":"Point","coordinates":[37.46470556666667,55.808464799999996]},"__memberLines":{}},{"type":"Feature","properties":{"station_id":"n296959508","station_name":"Begovaya","station_name_local":"Беговая","station_name_en":"Begovaya","city":"Moscow","country":"Russia","lines":["7"],"wikipedia":null,"merged_from":3,"merged_names":null,"is_terminus":false,"routes":[{"ref":"7","name":"Tagansko-Krasnopresnenskaya","route_color":"#ff00ff"}],"pass_count":1,"station_degree":2,"codes":null,"is_interchange":false,"station_role":"normal"},"geometry":{"type":"Point","coordinates":[37.546656866666666,55.77371553333333]},"__memberLines":{}},{"type":"Feature","properties":{"station_id":"n296959509","station_name":"Ulitsa 1905 Goda","station_name_local":"Улица 1905 года","station_name_en":"Ulitsa 1905 Goda","city":"Moscow","country":"Russia","lines":["7"],"wikipedia":"ru:Улица 1905 года (станция метро)","merged_from":3,"merged_names":null,"is_terminus":false,"routes":[{"ref":"7","name":"Tagansko-Krasnopresnenskaya","route_color":"#ff00ff"}],"pass_count":1,"station_degree":2,"codes":null,"is_interchange":false,"station_role":"normal"},"geometry":{"type":"Point","coordinates":[37.56134146666667,55.764861033333325]},"__memberLines":{}},{"type":"Feature","properties":{"station_id":"n253016892","station_name":"Volgogradsky Prospekt","station_name_local":"Волгоградский проспект","station_name_en":"Volgogradsky Prospekt","city":"Moscow","country":"Russia","lines":["7"],"wikipedia":null,"merged_from":3,"merged_names":null,"is_terminus":false,"routes":[{"ref":"7","name":"Tagansko-Krasnopresnenskaya","route_color":"#ff00ff"}],"pass_count":1,"station_degree":2,"codes":null,"is_interchange":false,"station_role":"normal"},"geometry":{"type":"Point","coordinates":[37.6868854,55.725240199999995]},"__memberLines":{}},{"type":"Feature","properties":{"station_id":"n253016893","station_name":"Tekstilshchiki","station_name_local":"Текстильщики","station_name_en":"Tekstilshchiki","city":"Moscow","country":"Russia","lines":["7","11"],"wikipedia":null,"merged_from":6,"merged_names":null,"is_terminus":false,"routes":[{"ref":"7","name":"Tagansko-Krasnopresnenskaya","route_color":"#ff00ff"},{"ref":"11","name":"Большая кольцевая линия","route_color":"#82c0c0"}],"pass_count":2,"station_degree":4,"codes":null,"is_interchange":true,"station_role":"interchange"},"geometry":{"type":"Point","coordinates":[37.72998783333333,55.707933433333345]},"__memberLines":{}},{"type":"Feature","properties":{"station_id":"n253016894","station_name":"Kuzminki","station_name_local":"Кузьминки","station_name_en":"Kuzminki","city":"Moscow","country":"Russia","lines":["7"],"wikipedia":null,"merged_from":3,"merged_names":null,"is_terminus":false,"routes":[{"ref":"7","name":"Tagansko-Krasnopresnenskaya","route_color":"#ff00ff"}],"pass_count":1,"station_degree":2,"codes":null,"is_interchange":false,"station_role":"normal"},"geometry":{"type":"Point","coordinates":[37.765782699999995,55.70560723333333]},"__memberLines":{}},{"type":"Feature","properties":{"station_id":"n253017004","station_name":"Ryazansky Prospekt","station_name_local":"Рязанский проспект","station_name_en":"Ryazansky Prospekt","city":"Moscow","country":"Russia","lines":["7"],"wikipedia":null,"merged_from":3,"merged_names":null,"is_terminus":false,"routes":[{"ref":"7","name":"Tagansko-Krasnopresnenskaya","route_color":"#ff00ff"}],"pass_count":1,"station_degree":2,"codes":null,"is_interchange":false,"station_role":"normal"},"geometry":{"type":"Point","coordinates":[37.7933148,55.71694816666667]},"__memberLines":{}},{"type":"Feature","properties":{"station_id":"n253016895","station_name":"Vykhino","station_name_local":"Выхино","station_name_en":"Vykhino","city":"Moscow","country":"Russia","lines":["7"],"wikipedia":null,"merged_from":3,"merged_names":null,"is_terminus":false,"routes":[{"ref":"7","name":"Tagansko-Krasnopresnenskaya","route_color":"#ff00ff"}],"pass_count":1,"station_degree":2,"codes":null,"is_interchange":false,"station_role":"normal"},"geometry":{"type":"Point","coordinates":[37.817923633333336,55.7156444]},"__memberLines":{}},{"type":"Feature","properties":{"station_id":"n6518539849","station_name":"Kosino","station_name_local":"Косино","station_name_en":"Kosino","city":"Moscow","country":"Russia","lines":["15"],"wikipedia":"ru:Косино (станция метро)","merged_from":3,"merged_names":null,"is_terminus":false,"routes":[{"ref":"15","name":"Некрасовская линия","route_color":"#de64a1"}],"pass_count":1,"station_degree":2,"codes":null,"is_interchange":false,"station_role":"normal"},"geometry":{"type":"Point","coordinates":[37.85103083333333,55.70341723333333]},"__memberLines":{}},{"type":"Feature","properties":{"station_id":"n2525101863","station_name":"Lermontovsky prospekt","station_name_local":"Лермонтовский проспект","station_name_en":"Lermontovsky prospekt","city":"Moscow","country":"Russia","lines":["7"],"wikipedia":null,"merged_from":3,"merged_names":null,"is_terminus":false,"routes":[{"ref":"7","name":"Tagansko-Krasnopresnenskaya","route_color":"#ff00ff"}],"pass_count":1,"station_degree":2,"codes":null,"is_interchange":false,"station_role":"normal"},"geometry":{"type":"Point","coordinates":[37.85197513333333,55.70162746666667]},"__memberLines":{}},{"type":"Feature","properties":{"station_id":"n2525101862","station_name":"Zhulebino","station_name_local":"Жулебино","station_name_en":"Zhulebino","city":"Moscow","country":"Russia","lines":["7"],"wikipedia":null,"merged_from":3,"merged_names":null,"is_terminus":false,"routes":[{"ref":"7","name":"Tagansko-Krasnopresnenskaya","route_color":"#ff00ff"}],"pass_count":1,"station_degree":2,"codes":null,"is_interchange":false,"station_role":"normal"},"geometry":{"type":"Point","coordinates":[37.8562939,55.685438033333334]},"__memberLines":{}},{"type":"Feature","properties":{"station_id":"n6939553032","station_name":"Котельники","station_name_local":"Котельники","station_name_en":null,"city":"Moscow","country":"Russia","lines":["7"],"wikipedia":null,"merged_from":3,"merged_names":null,"is_terminus":true,"routes":[{"ref":"7","name":"Tagansko-Krasnopresnenskaya","route_color":"#ff00ff"}],"pass_count":1,"station_degree":1,"codes":null,"is_interchange":false,"station_role":"terminus"},"geometry":{"type":"Point","coordinates":[37.8585131,55.6742175]},"__memberLines":{}},{"type":"Feature","properties":{"station_id":"n6939665005","station_name":"Delovoy Center","station_name_local":"Деловой Центр","station_name_en":"Delovoy Center","city":"Moscow","country":"Russia","lines":["4А","8А"],"wikipedia":null,"merged_from":6,"merged_names":null,"is_terminus":false,"routes":[{"ref":"4А","name":"Филёвская линия","route_color":"#1ebcef"},{"ref":"8А","name":"Солнцевская линия","route_color":"#ffff00"}],"pass_count":2,"station_degree":3,"codes":null,"is_interchange":true,"station_role":"interchange"},"geometry":{"type":"Point","coordinates":[37.5402762,55.749597599999994]},"__memberLines":{}},{"type":"Feature","properties":{"station_id":"n4737155708","station_name":"Minskaya","station_name_local":"Минская","station_name_en":"Minskaya","city":"Moscow","country":"Russia","lines":["8А"],"wikipedia":"ru:Минская (станция метро, Москва)","merged_from":3,"merged_names":null,"is_terminus":false,"routes":[{"ref":"8А","name":"Солнцевская линия","route_color":"#ffff00"}],"pass_count":1,"station_degree":2,"codes":null,"is_interchange":false,"station_role":"normal"},"geometry":{"type":"Point","coordinates":[37.49684046666667,55.724787133333336]},"__memberLines":{}},{"type":"Feature","properties":{"station_id":"n4737155709","station_name":"Lomonosovskiy prospect","station_name_local":"Ломоносовский проспект","station_name_en":"Lomonosovskiy prospect","city":"Moscow","country":"Russia","lines":["8А"],"wikipedia":null,"merged_from":3,"merged_names":null,"is_terminus":false,"routes":[{"ref":"8А","name":"Солнцевская линия","route_color":"#ffff00"}],"pass_count":1,"station_degree":2,"codes":null,"is_interchange":false,"station_role":"normal"},"geometry":{"type":"Point","coordinates":[37.516223700000005,55.707141533333335]},"__memberLines":{}},{"type":"Feature","properties":{"station_id":"n4737155710","station_name":"Ramenki","station_name_local":"Раменки","station_name_en":"Ramenki","city":"Moscow","country":"Russia","lines":["8А"],"wikipedia":null,"merged_from":3,"merged_names":null,"is_terminus":false,"routes":[{"ref":"8А","name":"Солнцевская линия","route_color":"#ffff00"}],"pass_count":1,"station_degree":2,"codes":null,"is_interchange":false,"station_role":"normal"},"geometry":{"type":"Point","coordinates":[37.49854083333333,55.6975645]},"__memberLines":{}},{"type":"Feature","properties":{"station_id":"n5868120884","station_name":"Michurinskiy prospekt","station_name_local":"Мичуринский проспект","station_name_en":"Michurinskiy prospekt","city":"Moscow","country":"Russia","lines":["8А","11"],"wikipedia":null,"merged_from":6,"merged_names":null,"is_terminus":false,"routes":[{"ref":"8А","name":"Солнцевская линия","route_color":"#ffff00"},{"ref":"11","name":"Большая кольцевая линия","route_color":"#82c0c0"}],"pass_count":2,"station_degree":4,"codes":null,"is_interchange":true,"station_role":"interchange"},"geometry":{"type":"Point","coordinates":[37.48400935,55.68881278333333]},"__memberLines":{}},{"type":"Feature","properties":{"station_id":"n5868122985","station_name":"Ozyornaya","station_name_local":"Озёрная","station_name_en":"Ozyornaya","city":"Moscow","country":"Russia","lines":["8А"],"wikipedia":null,"merged_from":3,"merged_names":null,"is_terminus":false,"routes":[{"ref":"8А","name":"Солнцевская линия","route_color":"#ffff00"}],"pass_count":1,"station_degree":2,"codes":null,"is_interchange":false,"station_role":"normal"},"geometry":{"type":"Point","coordinates":[37.4487303,55.67050293333333]},"__memberLines":{}},{"type":"Feature","properties":{"station_id":"n5868122990","station_name":"Govorovo","station_name_local":"Говорово","station_name_en":"Govorovo","city":"Moscow","country":"Russia","lines":["8А"],"wikipedia":null,"merged_from":3,"merged_names":null,"is_terminus":false,"routes":[{"ref":"8А","name":"Солнцевская линия","route_color":"#ffff00"}],"pass_count":1,"station_degree":2,"codes":null,"is_interchange":false,"station_role":"normal"},"geometry":{"type":"Point","coordinates":[37.41723646666667,55.65955186666667]},"__memberLines":{}},{"type":"Feature","properties":{"station_id":"n5868122989","station_name":"Solntsevo","station_name_local":"Солнцево","station_name_en":"Solntsevo","city":"Moscow","country":"Russia","lines":["8А"],"wikipedia":"ru:Солнцево (станция метро)","merged_from":3,"merged_names":null,"is_terminus":false,"routes":[{"ref":"8А","name":"Солнцевская линия","route_color":"#ffff00"}],"pass_count":1,"station_degree":2,"codes":null,"is_interchange":false,"station_role":"normal"},"geometry":{"type":"Point","coordinates":[37.391178333333336,55.649652333333336]},"__memberLines":{}},{"type":"Feature","properties":{"station_id":"n5868122988","station_name":"Borovskoe shosse","station_name_local":"Боровское шоссе","station_name_en":"Borovskoe shosse","city":"Moscow","country":"Russia","lines":["8А"],"wikipedia":null,"merged_from":3,"merged_names":null,"is_terminus":false,"routes":[{"ref":"8А","name":"Солнцевская линия","route_color":"#ffff00"}],"pass_count":1,"station_degree":2,"codes":null,"is_interchange":false,"station_role":"normal"},"geometry":{"type":"Point","coordinates":[37.37042903333333,55.64775136666666]},"__memberLines":{}},{"type":"Feature","properties":{"station_id":"n5868122986","station_name":"Novoperedelkino","station_name_local":"Новопеределкино","station_name_en":"Novoperedelkino","city":"Moscow","country":"Russia","lines":["8А"],"wikipedia":"ru:Новопеределкино (станция метро)","merged_from":3,"merged_names":null,"is_terminus":false,"routes":[{"ref":"8А","name":"Солнцевская линия","route_color":"#ffff00"}],"pass_count":1,"station_degree":2,"codes":null,"is_interchange":false,"station_role":"normal"},"geometry":{"type":"Point","coordinates":[37.35510396666667,55.63962593333333]},"__memberLines":{}},{"type":"Feature","properties":{"station_id":"n5868122987","station_name":"Rasskazovka","station_name_local":"Рассказовка","station_name_en":"Rasskazovka","city":"Moscow","country":"Russia","lines":["8А"],"wikipedia":null,"merged_from":3,"merged_names":null,"is_terminus":false,"routes":[{"ref":"8А","name":"Солнцевская линия","route_color":"#ffff00"}],"pass_count":1,"station_degree":2,"codes":null,"is_interchange":false,"station_role":"normal"},"geometry":{"type":"Point","coordinates":[37.33508663333333,55.634027233333335]},"__memberLines":{}},{"type":"Feature","properties":{"station_id":"n276191013","station_name":"Aviamotornaya","station_name_local":"Авиамоторная","station_name_en":"Aviamotornaya","city":"Moscow","country":"Russia","lines":["8","11"],"wikipedia":"ru:Авиамоторная (станция метро)","merged_from":6,"merged_names":null,"is_terminus":false,"routes":[{"ref":"8","name":"Kalininskaya line","route_color":"#ffff00"},{"ref":"11","name":"Большая кольцевая линия","route_color":"#82c0c0"}],"pass_count":2,"station_degree":4,"codes":null,"is_interchange":true,"station_role":"interchange"},"geometry":{"type":"Point","coordinates":[37.71952576666666,55.75323148333334]},"__memberLines":{}},{"type":"Feature","properties":{"station_id":"n255744332","station_name":"Perovo","station_name_local":"Перово","station_name_en":"Perovo","city":"Moscow","country":"Russia","lines":["8"],"wikipedia":null,"merged_from":3,"merged_names":null,"is_terminus":false,"routes":[{"ref":"8","name":"Kalininskaya line","route_color":"#ffff00"}],"pass_count":1,"station_degree":2,"codes":null,"is_interchange":false,"station_role":"normal"},"geometry":{"type":"Point","coordinates":[37.78648773333334,55.75119516666666]},"__memberLines":{}},{"type":"Feature","properties":{"station_id":"n255744331","station_name":"Novogireyevo","station_name_local":"Новогиреево","station_name_en":"Novogireyevo","city":"Moscow","country":"Russia","lines":["8"],"wikipedia":null,"merged_from":3,"merged_names":null,"is_terminus":false,"routes":[{"ref":"8","name":"Kalininskaya line","route_color":"#ffff00"}],"pass_count":1,"station_degree":2,"codes":null,"is_interchange":false,"station_role":"normal"},"geometry":{"type":"Point","coordinates":[37.8167427,55.75176966666667]},"__memberLines":{}},{"type":"Feature","properties":{"station_id":"n1890426555","station_name":"Novokosino","station_name_local":"Новокосино","station_name_en":"Novokosino","city":"Moscow","country":"Russia","lines":["8"],"wikipedia":null,"merged_from":3,"merged_names":null,"is_terminus":true,"routes":[{"ref":"8","name":"Kalininskaya line","route_color":"#ffff00"}],"pass_count":1,"station_degree":1,"codes":null,"is_interchange":false,"station_role":"terminus"},"geometry":{"type":"Point","coordinates":[37.863772233333336,55.74508646666666]},"__memberLines":{}},{"type":"Feature","properties":{"station_id":"n6518539850","station_name":"Ulitsa Dmitriyevskogo","station_name_local":"Улица Дмитриевского","station_name_en":"Ulitsa Dmitriyevskogo","city":"Moscow","country":"Russia","lines":["15"],"wikipedia":"ru:Улица Дмитриевского (станция метро)","merged_from":3,"merged_names":null,"is_terminus":false,"routes":[{"ref":"15","name":"Некрасовская линия","route_color":"#de64a1"}],"pass_count":1,"station_degree":2,"codes":null,"is_interchange":false,"station_role":"normal"},"geometry":{"type":"Point","coordinates":[37.8802018,55.710103733333334]},"__memberLines":{}},{"type":"Feature","properties":{"station_id":"n6518539851","station_name":"Lukhmanovskaya","station_name_local":"Лухмановская","station_name_en":"Lukhmanovskaya","city":"Moscow","country":"Russia","lines":["15"],"wikipedia":"ru:Лухмановская","merged_from":3,"merged_names":null,"is_terminus":false,"routes":[{"ref":"15","name":"Некрасовская линия","route_color":"#de64a1"}],"pass_count":1,"station_degree":2,"codes":null,"is_interchange":false,"station_role":"normal"},"geometry":{"type":"Point","coordinates":[37.901035766666666,55.70850986666667]},"__memberLines":{}},{"type":"Feature","properties":{"station_id":"n596129560","station_name":"Mitino","station_name_local":"Митино","station_name_en":"Mitino","city":"Moscow","country":"Russia","lines":["3"],"wikipedia":"ru:Митино (станция метро)","merged_from":3,"merged_names":null,"is_terminus":false,"routes":[{"ref":"3","name":"Arbatsko-Pokrovskaya","route_color":"#0000ff"}],"pass_count":1,"station_degree":2,"codes":null,"is_interchange":false,"station_role":"normal"},"geometry":{"type":"Point","coordinates":[37.362216133333334,55.84575746666667]},"__memberLines":{}},{"type":"Feature","properties":{"station_id":"n244036228","station_name":"Molodyozhnaya","station_name_local":"Молодёжная","station_name_en":"Molodyozhnaya","city":"Moscow","country":"Russia","lines":["3"],"wikipedia":null,"merged_from":3,"merged_names":null,"is_terminus":false,"routes":[{"ref":"3","name":"Arbatsko-Pokrovskaya","route_color":"#0000ff"}],"pass_count":1,"station_degree":2,"codes":null,"is_interchange":false,"station_role":"normal"},"geometry":{"type":"Point","coordinates":[37.4169372,55.74075693333333]},"__memberLines":{}},{"type":"Feature","properties":{"station_id":"n253780238","station_name":"Slavyansky Bulvar","station_name_local":"Славянский бульвар","station_name_en":"Slavyansky Bulvar","city":"Moscow","country":"Russia","lines":["3"],"wikipedia":null,"merged_from":3,"merged_names":null,"is_terminus":false,"routes":[{"ref":"3","name":"Arbatsko-Pokrovskaya","route_color":"#0000ff"}],"pass_count":1,"station_degree":2,"codes":null,"is_interchange":false,"station_role":"normal"},"geometry":{"type":"Point","coordinates":[37.4707831,55.72959806666666]},"__memberLines":{}},{"type":"Feature","properties":{"station_id":"n291687197","station_name":"Smolenskaya","station_name_local":"Смоленская","station_name_en":"Smolenskaya","city":"Moscow","country":"Russia","lines":["3","4","4А"],"wikipedia":"ru:Смоленская (станция метро, Филёвская линия)","merged_from":6,"merged_names":null,"is_terminus":false,"routes":[{"ref":"3","name":"Arbatsko-Pokrovskaya","route_color":"#0000ff"},{"ref":"4","name":"Filyovskaya","route_color":"#33ccff"},{"ref":"4А","name":"Филёвская линия","route_color":"#1ebcef"}],"pass_count":3,"station_degree":2,"codes":null,"is_interchange":false,"station_role":"normal"},"geometry":{"type":"Point","coordinates":[37.582454133333336,55.748131433333334]},"__memberLines":{}},{"type":"Feature","properties":{"station_id":"n253043175","station_name":"Arbatskaya","station_name_local":"Арбатская","station_name_en":"Arbatskaya","city":"Moscow","country":"Russia","lines":["3","4","4А"],"wikipedia":null,"merged_from":6,"merged_names":null,"is_terminus":false,"routes":[{"ref":"3","name":"Arbatsko-Pokrovskaya","route_color":"#0000ff"},{"ref":"4","name":"Filyovskaya","route_color":"#33ccff"},{"ref":"4А","name":"Филёвская линия","route_color":"#1ebcef"}],"pass_count":3,"station_degree":3,"codes":null,"is_interchange":true,"station_role":"interchange"},"geometry":{"type":"Point","coordinates":[37.603816433333336,55.75197363333333]},"__memberLines":{}},{"type":"Feature","properties":{"station_id":"n242546356","station_name":"Baumanskaya","station_name_local":"Бауманская","station_name_en":"Baumanskaya","city":"Moscow","country":"Russia","lines":["3"],"wikipedia":"ru:Бауманская (станция метро)","merged_from":3,"merged_names":null,"is_terminus":false,"routes":[{"ref":"3","name":"Arbatsko-Pokrovskaya","route_color":"#0000ff"}],"pass_count":1,"station_degree":2,"codes":null,"is_interchange":false,"station_role":"normal"},"geometry":{"type":"Point","coordinates":[37.68053006666667,55.7730307]},"__memberLines":{}},{"type":"Feature","properties":{"station_id":"n242546355","station_name":"Elektrozavodskaya","station_name_local":"Электрозаводская","station_name_en":"Elektrozavodskaya","city":"Moscow","country":"Russia","lines":["3","11"],"wikipedia":"ru:Электрозаводская (станция метро, Арбатско-Покровская линия)","merged_from":6,"merged_names":null,"is_terminus":false,"routes":[{"ref":"3","name":"Arbatsko-Pokrovskaya","route_color":"#0000ff"},{"ref":"11","name":"Большая кольцевая линия","route_color":"#82c0c0"}],"pass_count":2,"station_degree":4,"codes":null,"is_interchange":true,"station_role":"interchange"},"geometry":{"type":"Point","coordinates":[37.70338998333333,55.7809985]},"__memberLines":{}},{"type":"Feature","properties":{"station_id":"n68916801","station_name":"Partizanskaya","station_name_local":"Партизанская","station_name_en":"Partizanskaya","city":"Moscow","country":"Russia","lines":["3"],"wikipedia":"ru:Партизанская (станция метро, Москва)","merged_from":4,"merged_names":null,"is_terminus":false,"routes":[{"ref":"3","name":"Arbatsko-Pokrovskaya","route_color":"#0000ff"}],"pass_count":1,"station_degree":2,"codes":null,"is_interchange":false,"station_role":"normal"},"geometry":{"type":"Point","coordinates":[37.75098635,55.788502699999995]},"__memberLines":{}},{"type":"Feature","properties":{"station_id":"n2692857848","station_name":"Izmaylovskaya","station_name_local":"Измайловская","station_name_en":"Izmaylovskaya","city":"Moscow","country":"Russia","lines":["3"],"wikipedia":"ru:Измайловская","merged_from":3,"merged_names":null,"is_terminus":false,"routes":[{"ref":"3","name":"Arbatsko-Pokrovskaya","route_color":"#0000ff"}],"pass_count":1,"station_degree":2,"codes":null,"is_interchange":false,"station_role":"normal"},"geometry":{"type":"Point","coordinates":[37.78163576666667,55.78774516666666]},"__memberLines":{}},{"type":"Feature","properties":{"station_id":"n2692882978","station_name":"Pervomayskaya","station_name_local":"Первомайская","station_name_en":"Pervomayskaya","city":"Moscow","country":"Russia","lines":["3"],"wikipedia":"ru:Первомайская (станция метро, Москва)","merged_from":3,"merged_names":null,"is_terminus":false,"routes":[{"ref":"3","name":"Arbatsko-Pokrovskaya","route_color":"#0000ff"}],"pass_count":1,"station_degree":2,"codes":null,"is_interchange":false,"station_role":"normal"},"geometry":{"type":"Point","coordinates":[37.79939426666667,55.794707100000004]},"__memberLines":{}},{"type":"Feature","properties":{"station_id":"n2692905506","station_name":"Schelkovskaya","station_name_local":"Щёлковская","station_name_en":"Schelkovskaya","city":"Moscow","country":"Russia","lines":["3"],"wikipedia":"ru:Щёлковская (станция метро)","merged_from":3,"merged_names":null,"is_terminus":true,"routes":[{"ref":"3","name":"Arbatsko-Pokrovskaya","route_color":"#0000ff"}],"pass_count":1,"station_degree":1,"codes":null,"is_interchange":false,"station_role":"terminus"},"geometry":{"type":"Point","coordinates":[37.798572500000006,55.80933683333333]},"__memberLines":{}},{"type":"Feature","properties":{"station_id":"n68937012","station_name":"Semyonovskaya","station_name_local":"Семёновская","station_name_en":"Semyonovskaya","city":"Moscow","country":"Russia","lines":["3"],"wikipedia":"ru:Семёновская (станция метро)","merged_from":3,"merged_names":null,"is_terminus":false,"routes":[{"ref":"3","name":"Arbatsko-Pokrovskaya","route_color":"#0000ff"}],"pass_count":1,"station_degree":2,"codes":null,"is_interchange":false,"station_role":"normal"},"geometry":{"type":"Point","coordinates":[37.7212498,55.78330523333333]},"__memberLines":{}},{"type":"Feature","properties":{"station_id":"n9315679315","station_name":"Зюзино","station_name_local":"Зюзино","station_name_en":null,"city":"Moscow","country":"Russia","lines":["11"],"wikipedia":null,"merged_from":3,"merged_names":null,"is_terminus":false,"routes":[{"ref":"11","name":"Большая кольцевая линия","route_color":"#82c0c0"}],"pass_count":1,"station_degree":2,"codes":null,"is_interchange":false,"station_role":"normal"},"geometry":{"type":"Point","coordinates":[37.573551566666666,55.6557776]},"__memberLines":{}},{"type":"Feature","properties":{"station_id":"n9315693022","station_name":"Novatorskaya","station_name_local":"Новаторская","station_name_en":"Novatorskaya","city":"Moscow","country":"Russia","lines":["11","16"],"wikipedia":"ru:Новаторская (станция метро, Большая кольцевая линия)","merged_from":6,"merged_names":null,"is_terminus":false,"routes":[{"ref":"11","name":"Большая кольцевая линия","route_color":"#82c0c0"},{"ref":"16","name":"Троицкая линия","route_color":"#03795f"}],"pass_count":2,"station_degree":4,"codes":null,"is_interchange":true,"station_role":"interchange"},"geometry":{"type":"Point","coordinates":[37.52157818333333,55.67082798333333]},"__memberLines":{}},{"type":"Feature","properties":{"station_id":"n9315693031","station_name":"Aminyevskaya","station_name_local":"Аминьевская","station_name_en":"Aminyevskaya","city":"Moscow","country":"Russia","lines":["11"],"wikipedia":"ru:Аминьевская (станция метро)","merged_from":3,"merged_names":null,"is_terminus":false,"routes":[{"ref":"11","name":"Большая кольцевая линия","route_color":"#82c0c0"}],"pass_count":1,"station_degree":2,"codes":null,"is_interchange":false,"station_role":"normal"},"geometry":{"type":"Point","coordinates":[37.46496496666666,55.697173033333335]},"__memberLines":{}},{"type":"Feature","properties":{"station_id":"n9315693033","station_name":"Давыдково","station_name_local":"Давыдково","station_name_en":null,"city":"Moscow","country":"Russia","lines":["11"],"wikipedia":null,"merged_from":3,"merged_names":null,"is_terminus":false,"routes":[{"ref":"11","name":"Большая кольцевая линия","route_color":"#82c0c0"}],"pass_count":1,"station_degree":2,"codes":null,"is_interchange":false,"station_role":"normal"},"geometry":{"type":"Point","coordinates":[37.45174206666666,55.715143866666665]},"__memberLines":{}},{"type":"Feature","properties":{"station_id":"n9315693040","station_name":"Терехово","station_name_local":"Терехово","station_name_en":null,"city":"Moscow","country":"Russia","lines":["11"],"wikipedia":null,"merged_from":3,"merged_names":null,"is_terminus":false,"routes":[{"ref":"11","name":"Большая кольцевая линия","route_color":"#82c0c0"}],"pass_count":1,"station_degree":2,"codes":null,"is_interchange":false,"station_role":"normal"},"geometry":{"type":"Point","coordinates":[37.45964346666667,55.74802896666667]},"__memberLines":{}},{"type":"Feature","properties":{"station_id":"n9315693042","station_name":"Мнёвники","station_name_local":"Мнёвники","station_name_en":null,"city":"Moscow","country":"Russia","lines":["11"],"wikipedia":null,"merged_from":3,"merged_names":null,"is_terminus":false,"routes":[{"ref":"11","name":"Большая кольцевая линия","route_color":"#82c0c0"}],"pass_count":1,"station_degree":2,"codes":null,"is_interchange":false,"station_role":"normal"},"geometry":{"type":"Point","coordinates":[37.471400466666665,55.761184300000004]},"__memberLines":{}},{"type":"Feature","properties":{"station_id":"n9315693044","station_name":"Народное Ополчение","station_name_local":"Народное Ополчение","station_name_en":null,"city":"Moscow","country":"Russia","lines":["11"],"wikipedia":null,"merged_from":3,"merged_names":null,"is_terminus":false,"routes":[{"ref":"11","name":"Большая кольцевая линия","route_color":"#82c0c0"}],"pass_count":1,"station_degree":2,"codes":null,"is_interchange":false,"station_role":"normal"},"geometry":{"type":"Point","coordinates":[37.48573233333334,55.77573506666666]},"__memberLines":{}},{"type":"Feature","properties":{"station_id":"n241158327","station_name":"Fili","station_name_local":"Фили","station_name_en":"Fili","city":"Moscow","country":"Russia","lines":["4"],"wikipedia":null,"merged_from":3,"merged_names":null,"is_terminus":false,"routes":[{"ref":"4","name":"Filyovskaya","route_color":"#33ccff"}],"pass_count":1,"station_degree":2,"codes":null,"is_interchange":false,"station_role":"normal"},"geometry":{"type":"Point","coordinates":[37.5148148,55.74613863333334]},"__memberLines":{}},{"type":"Feature","properties":{"station_id":"n241158259","station_name":"Filyovsky Park","station_name_local":"Филёвский парк","station_name_en":"Filyovsky Park","city":"Moscow","country":"Russia","lines":["4"],"wikipedia":null,"merged_from":3,"merged_names":null,"is_terminus":false,"routes":[{"ref":"4","name":"Filyovskaya","route_color":"#33ccff"}],"pass_count":1,"station_degree":2,"codes":null,"is_interchange":false,"station_role":"normal"},"geometry":{"type":"Point","coordinates":[37.48337336666666,55.73951056666667]},"__memberLines":{}},{"type":"Feature","properties":{"station_id":"n244036856","station_name":"Pionerskaya","station_name_local":"Пионерская","station_name_en":"Pionerskaya","city":"Moscow","country":"Russia","lines":["4"],"wikipedia":"ru:Пионерская (станция метро, Москва)","merged_from":3,"merged_names":null,"is_terminus":false,"routes":[{"ref":"4","name":"Filyovskaya","route_color":"#33ccff"}],"pass_count":1,"station_degree":2,"codes":null,"is_interchange":false,"station_role":"normal"},"geometry":{"type":"Point","coordinates":[37.46715723333333,55.73599096666666]},"__memberLines":{}},{"type":"Feature","properties":{"station_id":"n241158281","station_name":"Bagrationovskaya","station_name_local":"Багратионовская","station_name_en":"Bagrationovskaya","city":"Moscow","country":"Russia","lines":["4"],"wikipedia":null,"merged_from":3,"merged_names":null,"is_terminus":false,"routes":[{"ref":"4","name":"Filyovskaya","route_color":"#33ccff"}],"pass_count":1,"station_degree":2,"codes":null,"is_interchange":false,"station_role":"normal"},"geometry":{"type":"Point","coordinates":[37.49774646666666,55.74373093333333]},"__memberLines":{}},{"type":"Feature","properties":{"station_id":"n10702213024","station_name":"Кленовый бульвар","station_name_local":"Кленовый бульвар","station_name_en":null,"city":"Moscow","country":"Russia","lines":["11"],"wikipedia":null,"merged_from":3,"merged_names":null,"is_terminus":false,"routes":[{"ref":"11","name":"Большая кольцевая линия","route_color":"#82c0c0"}],"pass_count":1,"station_degree":2,"codes":null,"is_interchange":false,"station_role":"normal"},"geometry":{"type":"Point","coordinates":[37.6807355,55.6744859]},"__memberLines":{}},{"type":"Feature","properties":{"station_id":"n10702213027","station_name":"Нагатинский Затон","station_name_local":"Нагатинский Затон","station_name_en":null,"city":"Moscow","country":"Russia","lines":["11"],"wikipedia":null,"merged_from":3,"merged_names":null,"is_terminus":false,"routes":[{"ref":"11","name":"Большая кольцевая линия","route_color":"#82c0c0"}],"pass_count":1,"station_degree":2,"codes":null,"is_interchange":false,"station_role":"normal"},"geometry":{"type":"Point","coordinates":[37.7043099,55.68433149999999]},"__memberLines":{}},{"type":"Feature","properties":{"station_id":"n7340764979","station_name":"Lefortovo","station_name_local":"Лефортово","station_name_en":"Lefortovo","city":"Moscow","country":"Russia","lines":["11"],"wikipedia":"ru:Лефортово (станция метро)","merged_from":3,"merged_names":null,"is_terminus":false,"routes":[{"ref":"11","name":"Большая кольцевая линия","route_color":"#82c0c0"}],"pass_count":1,"station_degree":2,"codes":null,"is_interchange":false,"station_role":"normal"},"geometry":{"type":"Point","coordinates":[37.706738099999995,55.76473443333333]},"__memberLines":{}},{"type":"Feature","properties":{"station_id":"n7335523472","station_name":"Stakhanovskaya","station_name_local":"Стахановская","station_name_en":"Stakhanovskaya","city":"Moscow","country":"Russia","lines":["15"],"wikipedia":"ru:Стахановская (станция метро)","merged_from":3,"merged_names":null,"is_terminus":false,"routes":[{"ref":"15","name":"Некрасовская линия","route_color":"#de64a1"}],"pass_count":1,"station_degree":2,"codes":null,"is_interchange":false,"station_role":"normal"},"geometry":{"type":"Point","coordinates":[37.7532476,55.72701836666667]},"__memberLines":{}},{"type":"Feature","properties":{"station_id":"n7335380503","station_name":"Okskaya","station_name_local":"Окская","station_name_en":"Okskaya","city":"Moscow","country":"Russia","lines":["15"],"wikipedia":"ru:Окская (станция метро)","merged_from":3,"merged_names":null,"is_terminus":false,"routes":[{"ref":"15","name":"Некрасовская линия","route_color":"#de64a1"}],"pass_count":1,"station_degree":2,"codes":null,"is_interchange":false,"station_role":"normal"},"geometry":{"type":"Point","coordinates":[37.78176283333334,55.718342]},"__memberLines":{}},{"type":"Feature","properties":{"station_id":"n7339988431","station_name":"Yugo-Vostochnaya","station_name_local":"Юго-Восточная","station_name_en":"Yugo-Vostochnaya","city":"Moscow","country":"Russia","lines":["15"],"wikipedia":"ru:Юго-Восточная (станция метро, Москва)","merged_from":3,"merged_names":null,"is_terminus":false,"routes":[{"ref":"15","name":"Некрасовская линия","route_color":"#de64a1"}],"pass_count":1,"station_degree":2,"codes":null,"is_interchange":false,"station_role":"normal"},"geometry":{"type":"Point","coordinates":[37.8189764,55.70503623333334]},"__memberLines":{}},{"type":"Feature","properties":{"station_id":"n6518539852","station_name":"Nekrasovka","station_name_local":"Некрасовка","station_name_en":"Nekrasovka","city":"Moscow","country":"Russia","lines":["15"],"wikipedia":"ru:Некрасовка (станция метро)","merged_from":3,"merged_names":null,"is_terminus":true,"routes":[{"ref":"15","name":"Некрасовская линия","route_color":"#de64a1"}],"pass_count":1,"station_degree":1,"codes":null,"is_interchange":false,"station_role":"terminus"},"geometry":{"type":"Point","coordinates":[37.92822266666667,55.70286316666667]},"__memberLines":{}},{"type":"Feature","properties":{"station_id":"n11171697214","station_name":"Пыхтино","station_name_local":"Пыхтино","station_name_en":null,"city":"Moscow","country":"Russia","lines":["8А"],"wikipedia":null,"merged_from":3,"merged_names":null,"is_terminus":false,"routes":[{"ref":"8А","name":"Солнцевская линия","route_color":"#ffff00"}],"pass_count":1,"station_degree":2,"codes":null,"is_interchange":false,"station_role":"normal"},"geometry":{"type":"Point","coordinates":[37.295667066666674,55.624502299999996]},"__memberLines":{}},{"type":"Feature","properties":{"station_id":"n11171729958","station_name":"Vnukovo Airport","station_name_local":"Аэропорт Внуково","station_name_en":"Vnukovo Airport","city":"Moscow","country":"Russia","lines":["8А"],"wikipedia":"ru:Аэропорт Внуково (станция метро)","merged_from":4,"merged_names":null,"is_terminus":true,"routes":[{"ref":"8А","name":"Солнцевская линия","route_color":"#ffff00"}],"pass_count":1,"station_degree":1,"codes":null,"is_interchange":false,"station_role":"terminus"},"geometry":{"type":"Point","coordinates":[37.287152375000005,55.607126725]},"__memberLines":{}},{"type":"Feature","properties":{"station_id":"n11174639394","station_name":"Физтех","station_name_local":"Физтех","station_name_en":null,"city":"Moscow","country":"Russia","lines":["10"],"wikipedia":null,"merged_from":3,"merged_names":null,"is_terminus":true,"routes":[{"ref":"10","name":"Lyublinsko-Dmitrovskaya","route_color":"#b4d445"}],"pass_count":1,"station_degree":1,"codes":null,"is_interchange":false,"station_role":"terminus"},"geometry":{"type":"Point","coordinates":[37.54657573333333,55.92166136666666]},"__memberLines":{}},{"type":"Feature","properties":{"station_id":"n11174673549","station_name":"Яхромская","station_name_local":"Яхромская","station_name_en":null,"city":"Moscow","country":"Russia","lines":["10"],"wikipedia":null,"merged_from":3,"merged_names":null,"is_terminus":false,"routes":[{"ref":"10","name":"Lyublinsko-Dmitrovskaya","route_color":"#b4d445"}],"pass_count":1,"station_degree":2,"codes":null,"is_interchange":false,"station_role":"normal"},"geometry":{"type":"Point","coordinates":[37.54544446666666,55.87988016666667]},"__memberLines":{}},{"type":"Feature","properties":{"station_id":"n11174673552","station_name":"Лианозово","station_name_local":"Лианозово","station_name_en":null,"city":"Moscow","country":"Russia","lines":["10"],"wikipedia":null,"merged_from":3,"merged_names":null,"is_terminus":false,"routes":[{"ref":"10","name":"Lyublinsko-Dmitrovskaya","route_color":"#b4d445"}],"pass_count":1,"station_degree":2,"codes":null,"is_interchange":false,"station_role":"normal"},"geometry":{"type":"Point","coordinates":[37.544663,55.898115]},"__memberLines":{}},{"type":"Feature","properties":{"station_id":"n12157560724","station_name":"Потапово","station_name_local":"Потапово","station_name_en":null,"city":"Moscow","country":"Russia","lines":["1"],"wikipedia":null,"merged_from":3,"merged_names":null,"is_terminus":true,"routes":[{"ref":"1","name":"Sokolnicheskaya","route_color":"#e6194b"}],"pass_count":1,"station_degree":1,"codes":null,"is_interchange":false,"station_role":"terminus"},"geometry":{"type":"Point","coordinates":[37.4926206,55.55263983333333]},"__memberLines":{}},{"type":"Feature","properties":{"station_id":"n12163102804","station_name":"Тютчевская","station_name_local":"Тютчевская","station_name_en":null,"city":"Moscow","country":"Russia","lines":["16"],"wikipedia":null,"merged_from":3,"merged_names":null,"is_terminus":false,"routes":[{"ref":"16","name":"Троицкая линия","route_color":"#03795f"}],"pass_count":1,"station_degree":2,"codes":null,"is_interchange":false,"station_role":"normal"},"geometry":{"type":"Point","coordinates":[37.4810854,55.61904996666667]},"__memberLines":{}},{"type":"Feature","properties":{"station_id":"n12163102807","station_name":"Генерала Тюленева","station_name_local":"Генерала Тюленева","station_name_en":null,"city":"Moscow","country":"Russia","lines":["16"],"wikipedia":null,"merged_from":3,"merged_names":null,"is_terminus":false,"routes":[{"ref":"16","name":"Троицкая линия","route_color":"#03795f"}],"pass_count":1,"station_degree":2,"codes":null,"is_interchange":false,"station_role":"normal"},"geometry":{"type":"Point","coordinates":[37.48577146666667,55.62620463333334]},"__memberLines":{}},{"type":"Feature","properties":{"station_id":"n12163102810","station_name":"Университет дружбы народов","station_name_local":"Университет дружбы народов","station_name_en":null,"city":"Moscow","country":"Russia","lines":["16"],"wikipedia":null,"merged_from":3,"merged_names":null,"is_terminus":false,"routes":[{"ref":"16","name":"Троицкая линия","route_color":"#03795f"}],"pass_count":1,"station_degree":2,"codes":null,"is_interchange":false,"station_role":"normal"},"geometry":{"type":"Point","coordinates":[37.5071425,55.647937299999995]},"__memberLines":{}},{"type":"Feature","properties":{"station_id":"n12458764829","station_name":"Корниловская","station_name_local":"Корниловская","station_name_en":null,"city":"Moscow","country":"Russia","lines":["16"],"wikipedia":null,"merged_from":3,"merged_names":null,"is_terminus":false,"routes":[{"ref":"16","name":"Троицкая линия","route_color":"#03795f"}],"pass_count":1,"station_degree":2,"codes":null,"is_interchange":false,"station_role":"normal"},"geometry":{"type":"Point","coordinates":[37.478989066666664,55.59839556666666]},"__memberLines":{}},{"type":"Feature","properties":{"station_id":"n12458764840","station_name":"Коммунарка","station_name_local":"Коммунарка","station_name_en":null,"city":"Moscow","country":"Russia","lines":["16"],"wikipedia":null,"merged_from":3,"merged_names":null,"is_terminus":false,"routes":[{"ref":"16","name":"Троицкая линия","route_color":"#03795f"}],"pass_count":1,"station_degree":2,"codes":null,"is_interchange":false,"station_role":"normal"},"geometry":{"type":"Point","coordinates":[37.4679816,55.57461163333334]},"__memberLines":{}},{"type":"Feature","properties":{"station_id":"n13143504743","station_name":"Вавиловская","station_name_local":"Вавиловская","station_name_en":null,"city":"Moscow","country":"Russia","lines":["16"],"wikipedia":null,"merged_from":3,"merged_names":null,"is_terminus":false,"routes":[{"ref":"16","name":"Троицкая линия","route_color":"#03795f"}],"pass_count":1,"station_degree":2,"codes":null,"is_interchange":false,"station_role":"normal"},"geometry":{"type":"Point","coordinates":[37.5408941,55.6848912]},"__memberLines":{}}]}