{"type":"FeatureCollection","metro_system":{"continent":"europe","country":"Switzerland","city":"Zurich","official_website":"http://www.vbz.ch/","official_map":null,"wikipedia":null,"line_count":19,"segment_count":58,"station_count":236,"modes":["tram"],"audit":{"strategies_tried":[],"passed":true,"checks":[{"id":"has_lines","ok":true,"detail":"19 lines","level":"error"},{"id":"has_stations","ok":true,"detail":"236 stations","level":"error"},{"id":"stations_have_lines","ok":true,"detail":"236/236 站皆有所屬路線","level":"error"},{"id":"line_geometry_stations","ok":true,"detail":"306 個折點/端點皆為車站","level":"error"},{"id":"route_stations_match_geometry","ok":true,"detail":"各線車站列表與圖面一致","level":"error"},{"id":"interchange_rule","ok":true,"detail":"所有車站紅/藍點符合骨架＋路線色規則（藍＝端點、紅＝交叉）","level":"error"},{"id":"stations_named","ok":true,"detail":"236/236 站皆有名稱","level":"error"},{"id":"station_order","ok":true,"detail":"所有線路站序合理","level":"warn"},{"id":"station_span","ok":true,"detail":"各線相鄰站距與系統站群跨度正常","level":"error"},{"id":"line_wiki_stations","ok":true,"detail":"各線站數與 wiki 線路條目相符（營運中站數）","level":"error"},{"id":"line_wiki_coverage","ok":false,"detail":"19 條線無 wiki 站數對照：S18 (Forchbahn)、Tram 4、Tram 2","level":"warn"}],"reasons":[],"warnings":["19 條線無 wiki 站數對照：S18 (Forchbahn)、Tram 4、Tram 2"],"audited_at":"2026-07-27T11:54:48.260Z"}},"features":[{"type":"Feature","properties":{"seg_id":"zurich-0","routes":[{"route_id":"rm2729450","route_name":"S18 (Forchbahn)","route_name_local":"S18 (Forchbahn)","route_name_en":null,"route_ref":"S18","route_color":"#eb3c2e","wikipedia":null,"osm_route_ids":[2727252,2727409,20153407,20153408],"status":null,"order_suspect":0,"span_suspect":0,"stations":[{"station_id":"n442522935","station_name":"Bahnhof Stadelhofen"},{"station_id":"n2296934594","station_name":"Kreuzplatz"},{"station_id":"n2297344125","station_name":"Signaustrasse","pass":true},{"station_id":"n2297344098","station_name":"Hegibachplatz"},{"station_id":"n2297460997","station_name":"Hedwigsteig","pass":true},{"station_id":"n2297460959","station_name":"Wetlistrasse","pass":true},{"station_id":"n2297460951","station_name":"Burgwies","pass":true},{"station_id":"n2297460899","station_name":"Balgrist"},{"station_id":"n2297460815","station_name":"Friedhof Enzenbühl","pass":true},{"station_id":"junc:8.58189:47.35107","station_name":""},{"station_id":"n142205089","station_name":"Rehalp"},{"station_id":"n5675880534","station_name":"Waldburg"},{"station_id":"n2310735188","station_name":"Spital Zollikerberg"},{"station_id":"n27580768","station_name":"Zollikerberg"},{"station_id":"n2132037879","station_name":"Waltikon"},{"station_id":"n2310757351","station_name":"Zumikon"},{"station_id":"n5675880541","station_name":"Maiacher"},{"station_id":"n5675880543","station_name":"Neue Forch"},{"station_id":"n5675880547","station_name":"Forch"},{"station_id":"n3808587815","station_name":"Scheuren"},{"station_id":"n5675879813","station_name":"Neuhaus"},{"station_id":"n2132070271","station_name":"Hinteregg"},{"station_id":"n2132083860","station_name":"Egg"},{"station_id":"n2132393298","station_name":"Langwies"},{"station_id":"n2132083861","station_name":"Emmat"},{"station_id":"n5675880546","station_name":"Esslingen"}]},{"route_id":"rm2807089","route_name":"Tram 4","route_name_local":"Tram 4","route_name_en":null,"route_ref":"4","route_color":"#322e71","wikipedia":null,"osm_route_ids":[48677,2807088],"status":null,"order_suspect":0,"span_suspect":0,"stations":[{"station_id":"n2266734171","station_name":"Bahnhofstrasse/HB"},{"station_id":"junc:8.54032:47.37697","station_name":""},{"station_id":"n255265239","station_name":"Central"},{"station_id":"n2275466607","station_name":"Rudolf-Brun-Brücke"},{"station_id":"n2295038229","station_name":"Rathaus"},{"station_id":"n2295038207","station_name":"Helmhaus"},{"station_id":"junc:8.54407:47.36702","station_name":""},{"station_id":"n300383806","station_name":"Bellevue"},{"station_id":"n442522935","station_name":"Bahnhof Stadelhofen"},{"station_id":"n2296934594","station_name":"Kreuzplatz"},{"station_id":"n2297344125","station_name":"Signaustrasse"},{"station_id":"n2297344098","station_name":"Hegibachplatz"},{"station_id":"n2297460997","station_name":"Hedwigsteig"},{"station_id":"n2297460959","station_name":"Wetlistrasse"},{"station_id":"n2297460951","station_name":"Burgwies"},{"station_id":"n2297460899","station_name":"Balgrist"},{"station_id":"n2297460815","station_name":"Friedhof Enzenbühl"},{"station_id":"junc:8.58189:47.35107","station_name":""},{"station_id":"n142205089","station_name":"Rehalp"}]},{"route_id":"rm2807095","route_name":"Tram 2","route_name_local":"Tram 2","route_name_en":null,"route_ref":"2","route_color":"#cb0a25","wikipedia":null,"osm_route_ids":[53911,2807094],"status":null,"order_suspect":0,"span_suspect":0,"stations":[{"station_id":"n6605743616","station_name":"Geissweid"},{"station_id":"junc:8.44559:47.39811","station_name":""},{"station_id":"n6605743614","station_name":"Schlieren Zentrum/Bahnhof"},{"station_id":"n6605743612","station_name":"Wagonsfabrik"},{"station_id":"n6605743610","station_name":"Gasometerbrücke"},{"station_id":"n1917116631","station_name":"Mülligen"},{"station_id":"n6605743598","station_name":"Micafil"},{"station_id":"n6611612258","station_name":"Farbhof"},{"station_id":"n4883792920","station_name":"Bachmattstrasse"},{"station_id":"n2277081751","station_name":"Lindenplatz"},{"station_id":"n2277081658","station_name":"Grimselstrasse"},{"station_id":"n2277081581","station_name":"Kappeli"},{"station_id":"n2277081523","station_name":"Freihofstrasse"},{"station_id":"n2277081498","station_name":"Letzigrund"},{"station_id":"n2277024815","station_name":"Albisriederplatz"},{"station_id":"n2277024795","station_name":"Zypressenstrasse"},{"station_id":"n2277024767","station_name":"Lochergut"},{"station_id":"n2275787476","station_name":"Kalkbreite/Bhf. Wiedikon"},{"station_id":"n2275787444","station_name":"Bezirksgebäude"},{"station_id":"junc:8.52852:47.37330","station_name":""},{"station_id":"n2275723458","station_name":"Stauffacher"},{"station_id":"junc:8.53133:47.37342","station_name":""},{"station_id":"n2275623062","station_name":"Sihlstrasse"},{"station_id":"junc:8.53901:47.37042","station_name":""},{"station_id":"n300835690","station_name":"Paradeplatz"},{"station_id":"n2295502445","station_name":"Kantonalbank"},{"station_id":"n2295223402","station_name":"Bürkliplatz"},{"station_id":"junc:8.54407:47.36702","station_name":""},{"station_id":"n300383806","station_name":"Bellevue"},{"station_id":"n442522935","station_name":"Bahnhof Stadelhofen"},{"station_id":"n2296934594","station_name":"Kreuzplatz"},{"station_id":"n4880303433","station_name":"Englischviertelstrasse"},{"station_id":"n2296953085","station_name":"Römerhof"},{"station_id":"junc:8.56077:47.36766","station_name":""},{"station_id":"n2640649199","station_name":"Hölderlinstrasse"},{"station_id":"n316704413","station_name":"Klusplatz"}]}],"route_count":3,"route_refs":["S18","4","2"],"route_colors":["#eb3c2e","#322e71","#cb0a25"],"city":"Zurich","country":"Switzerland"},"geometry":{"type":"MultiLineString","coordinates":[[[8.547788933333335,47.36611713333334],[8.553910649999999,47.36493515]]]}},{"type":"Feature","properties":{"seg_id":"zurich-1","routes":[{"route_id":"rm2729450","route_name":"S18 (Forchbahn)","route_name_local":"S18 (Forchbahn)","route_name_en":null,"route_ref":"S18","route_color":"#eb3c2e","wikipedia":null,"osm_route_ids":[2727252,2727409,20153407,20153408],"status":null,"order_suspect":0,"span_suspect":0,"stations":[{"station_id":"n442522935","station_name":"Bahnhof Stadelhofen"},{"station_id":"n2296934594","station_name":"Kreuzplatz"},{"station_id":"n2297344125","station_name":"Signaustrasse","pass":true},{"station_id":"n2297344098","station_name":"Hegibachplatz"},{"station_id":"n2297460997","station_name":"Hedwigsteig","pass":true},{"station_id":"n2297460959","station_name":"Wetlistrasse","pass":true},{"station_id":"n2297460951","station_name":"Burgwies","pass":true},{"station_id":"n2297460899","station_name":"Balgrist"},{"station_id":"n2297460815","station_name":"Friedhof Enzenbühl","pass":true},{"station_id":"junc:8.58189:47.35107","station_name":""},{"station_id":"n142205089","station_name":"Rehalp"},{"station_id":"n5675880534","station_name":"Waldburg"},{"station_id":"n2310735188","station_name":"Spital Zollikerberg"},{"station_id":"n27580768","station_name":"Zollikerberg"},{"station_id":"n2132037879","station_name":"Waltikon"},{"station_id":"n2310757351","station_name":"Zumikon"},{"station_id":"n5675880541","station_name":"Maiacher"},{"station_id":"n5675880543","station_name":"Neue Forch"},{"station_id":"n5675880547","station_name":"Forch"},{"station_id":"n3808587815","station_name":"Scheuren"},{"station_id":"n5675879813","station_name":"Neuhaus"},{"station_id":"n2132070271","station_name":"Hinteregg"},{"station_id":"n2132083860","station_name":"Egg"},{"station_id":"n2132393298","station_name":"Langwies"},{"station_id":"n2132083861","station_name":"Emmat"},{"station_id":"n5675880546","station_name":"Esslingen"}]},{"route_id":"rm2807089","route_name":"Tram 4","route_name_local":"Tram 4","route_name_en":null,"route_ref":"4","route_color":"#322e71","wikipedia":null,"osm_route_ids":[48677,2807088],"status":null,"order_suspect":0,"span_suspect":0,"stations":[{"station_id":"n2266734171","station_name":"Bahnhofstrasse/HB"},{"station_id":"junc:8.54032:47.37697","station_name":""},{"station_id":"n255265239","station_name":"Central"},{"station_id":"n2275466607","station_name":"Rudolf-Brun-Brücke"},{"station_id":"n2295038229","station_name":"Rathaus"},{"station_id":"n2295038207","station_name":"Helmhaus"},{"station_id":"junc:8.54407:47.36702","station_name":""},{"station_id":"n300383806","station_name":"Bellevue"},{"station_id":"n442522935","station_name":"Bahnhof Stadelhofen"},{"station_id":"n2296934594","station_name":"Kreuzplatz"},{"station_id":"n2297344125","station_name":"Signaustrasse"},{"station_id":"n2297344098","station_name":"Hegibachplatz"},{"station_id":"n2297460997","station_name":"Hedwigsteig"},{"station_id":"n2297460959","station_name":"Wetlistrasse"},{"station_id":"n2297460951","station_name":"Burgwies"},{"station_id":"n2297460899","station_name":"Balgrist"},{"station_id":"n2297460815","station_name":"Friedhof Enzenbühl"},{"station_id":"junc:8.58189:47.35107","station_name":""},{"station_id":"n142205089","station_name":"Rehalp"}]}],"route_count":2,"route_refs":["S18","4"],"route_colors":["#eb3c2e","#322e71"],"city":"Zurich","country":"Switzerland"},"geometry":{"type":"MultiLineString","coordinates":[[[8.553910649999999,47.36493515],[8.55767975,47.3631718],[8.560928433333332,47.361698999999994],[8.56502805,47.36034505],[8.5683755,47.360156149999995],[8.5717578,47.35804925],[8.575154099999999,47.35440583333334],[8.580456850000001,47.3510093],[8.5818917,47.3510739],[8.5833465,47.350955899999995]]]}},{"type":"Feature","properties":{"seg_id":"zurich-2","routes":[{"route_id":"rm2729450","route_name":"S18 (Forchbahn)","route_name_local":"S18 (Forchbahn)","route_name_en":null,"route_ref":"S18","route_color":"#eb3c2e","wikipedia":null,"osm_route_ids":[2727252,2727409,20153407,20153408],"status":null,"order_suspect":0,"span_suspect":0,"stations":[{"station_id":"n442522935","station_name":"Bahnhof Stadelhofen"},{"station_id":"n2296934594","station_name":"Kreuzplatz"},{"station_id":"n2297344125","station_name":"Signaustrasse","pass":true},{"station_id":"n2297344098","station_name":"Hegibachplatz"},{"station_id":"n2297460997","station_name":"Hedwigsteig","pass":true},{"station_id":"n2297460959","station_name":"Wetlistrasse","pass":true},{"station_id":"n2297460951","station_name":"Burgwies","pass":true},{"station_id":"n2297460899","station_name":"Balgrist"},{"station_id":"n2297460815","station_name":"Friedhof Enzenbühl","pass":true},{"station_id":"junc:8.58189:47.35107","station_name":""},{"station_id":"n142205089","station_name":"Rehalp"},{"station_id":"n5675880534","station_name":"Waldburg"},{"station_id":"n2310735188","station_name":"Spital Zollikerberg"},{"station_id":"n27580768","station_name":"Zollikerberg"},{"station_id":"n2132037879","station_name":"Waltikon"},{"station_id":"n2310757351","station_name":"Zumikon"},{"station_id":"n5675880541","station_name":"Maiacher"},{"station_id":"n5675880543","station_name":"Neue Forch"},{"station_id":"n5675880547","station_name":"Forch"},{"station_id":"n3808587815","station_name":"Scheuren"},{"station_id":"n5675879813","station_name":"Neuhaus"},{"station_id":"n2132070271","station_name":"Hinteregg"},{"station_id":"n2132083860","station_name":"Egg"},{"station_id":"n2132393298","station_name":"Langwies"},{"station_id":"n2132083861","station_name":"Emmat"},{"station_id":"n5675880546","station_name":"Esslingen"}]}],"route_count":1,"route_refs":["S18"],"route_colors":["#eb3c2e"],"city":"Zurich","country":"Switzerland"},"geometry":{"type":"MultiLineString","coordinates":[[[8.5833465,47.350955899999995],[8.593024233333333,47.345472400000006],[8.5971143,47.347332099999996],[8.603530633333333,47.346003499999995],[8.616705133333333,47.33690633333333],[8.623624099999999,47.3320505],[8.6312148,47.328171700000006],[8.637891566666667,47.32578996666666],[8.647944825,47.325285775000005],[8.659689566666668,47.32249886666667],[8.674085550000001,47.312773050000004],[8.684214650000001,47.30580005],[8.6895623,47.3016425],[8.6943604,47.2960402],[8.701840350000001,47.2923975],[8.7100088,47.287714449999996]]]}},{"type":"Feature","properties":{"seg_id":"zurich-3","routes":[{"route_id":"rm2807118","route_name":"Tram 8","route_name_local":"Tram 8","route_name_en":null,"route_ref":"8","route_color":"#8bc036","wikipedia":null,"osm_route_ids":[9032,48680,2807014,2807116],"status":null,"order_suspect":0,"span_suspect":0,"stations":[{"station_id":"n309492432","station_name":"Zoo"},{"station_id":"n4885807586","station_name":"Susenbergstrasse"},{"station_id":"n4885807571","station_name":"Zürichbergstrasse"},{"station_id":"n2281803452","station_name":"Toblerplatz"},{"station_id":"n115170281","station_name":"Kirche Fluntern"},{"station_id":"junc:8.55888:47.37573","station_name":""},{"station_id":"n2281789417","station_name":"Voltastrasse"},{"station_id":"n2281278390","station_name":"Platte"},{"station_id":"junc:8.55020:47.37471","station_name":""},{"station_id":"n2281278312","station_name":"Kantonsschule"},{"station_id":"n2281314292","station_name":"Kunsthaus"},{"station_id":"n300383806","station_name":"Bellevue"},{"station_id":"junc:8.54407:47.36702","station_name":""},{"station_id":"n2295223402","station_name":"Bürkliplatz"},{"station_id":"n2298045151","station_name":"Rentenanstalt"},{"station_id":"n2308599361","station_name":"Bahnhof Enge"},{"station_id":"n4885628622","station_name":"Tunnelstrasse"},{"station_id":"n2308617697","station_name":"Bahnhof Selnau"},{"station_id":"n2275723458","station_name":"Stauffacher"},{"station_id":"junc:8.52852:47.37330","station_name":""},{"station_id":"n2309435445","station_name":"Helvetiaplatz"},{"station_id":"n4878436681","station_name":"Bäckeranlage"},{"station_id":"n2309435510","station_name":"Güterbahnhof"},{"station_id":"n337989384","station_name":"Hardplatz"},{"station_id":"n5276753819","station_name":"Bahnhof Hardbrücke"},{"station_id":"n1535896473","station_name":"Schiffbau"},{"station_id":"n2268535002","station_name":"Escher-Wyss-Platz"},{"station_id":"n29798196","station_name":"Förrlibuckstrasse"},{"station_id":"n29798200","station_name":"Fischerweg"},{"station_id":"n29798202","station_name":"Bernoulli-Häuser"},{"station_id":"junc:8.50532:47.39401","station_name":""},{"station_id":"n322503932","station_name":"Hardturm"}]},{"route_id":"rm2807025","route_name":"Tram 6","route_name_local":"Tram 6","route_name_en":null,"route_ref":"6","route_color":"#be8543","wikipedia":null,"osm_route_ids":[5548667,5548679],"status":null,"order_suspect":0,"span_suspect":0,"stations":[{"station_id":"n309492432","station_name":"Zoo"},{"station_id":"n4885807586","station_name":"Susenbergstrasse"},{"station_id":"n4885807571","station_name":"Zürichbergstrasse"},{"station_id":"n2281803452","station_name":"Toblerplatz"},{"station_id":"n115170281","station_name":"Kirche Fluntern"},{"station_id":"junc:8.55888:47.37573","station_name":""},{"station_id":"n2281789417","station_name":"Voltastrasse"},{"station_id":"n2281278390","station_name":"Platte"},{"station_id":"junc:8.55020:47.37471","station_name":""},{"station_id":"n264501156","station_name":"ETH/Universitätsspital"},{"station_id":"n236812338","station_name":"Haldenegg"},{"station_id":"n255265239","station_name":"Central"},{"station_id":"junc:8.54032:47.37697","station_name":""},{"station_id":"n4881705897","station_name":"Bahnhofplatz/HB"}]}],"route_count":2,"route_refs":["8","6"],"route_colors":["#8bc036","#be8543"],"city":"Zurich","country":"Switzerland"},"geometry":{"type":"MultiLineString","coordinates":[[[8.571624,47.3816689],[8.5677845,47.3784998],[8.5642856,47.378731849999994],[8.559636000000001,47.37924125],[8.559524000000001,47.376423466666665],[8.5588815,47.3757333],[8.5539694,47.3769972],[8.55262405,47.37500565]]]}},{"type":"Feature","properties":{"seg_id":"zurich-4","routes":[{"route_id":"rm2807118","route_name":"Tram 8","route_name_local":"Tram 8","route_name_en":null,"route_ref":"8","route_color":"#8bc036","wikipedia":null,"osm_route_ids":[9032,48680,2807014,2807116],"status":null,"order_suspect":0,"span_suspect":0,"stations":[{"station_id":"n309492432","station_name":"Zoo"},{"station_id":"n4885807586","station_name":"Susenbergstrasse"},{"station_id":"n4885807571","station_name":"Zürichbergstrasse"},{"station_id":"n2281803452","station_name":"Toblerplatz"},{"station_id":"n115170281","station_name":"Kirche Fluntern"},{"station_id":"junc:8.55888:47.37573","station_name":""},{"station_id":"n2281789417","station_name":"Voltastrasse"},{"station_id":"n2281278390","station_name":"Platte"},{"station_id":"junc:8.55020:47.37471","station_name":""},{"station_id":"n2281278312","station_name":"Kantonsschule"},{"station_id":"n2281314292","station_name":"Kunsthaus"},{"station_id":"n300383806","station_name":"Bellevue"},{"station_id":"junc:8.54407:47.36702","station_name":""},{"station_id":"n2295223402","station_name":"Bürkliplatz"},{"station_id":"n2298045151","station_name":"Rentenanstalt"},{"station_id":"n2308599361","station_name":"Bahnhof Enge"},{"station_id":"n4885628622","station_name":"Tunnelstrasse"},{"station_id":"n2308617697","station_name":"Bahnhof Selnau"},{"station_id":"n2275723458","station_name":"Stauffacher"},{"station_id":"junc:8.52852:47.37330","station_name":""},{"station_id":"n2309435445","station_name":"Helvetiaplatz"},{"station_id":"n4878436681","station_name":"Bäckeranlage"},{"station_id":"n2309435510","station_name":"Güterbahnhof"},{"station_id":"n337989384","station_name":"Hardplatz"},{"station_id":"n5276753819","station_name":"Bahnhof Hardbrücke"},{"station_id":"n1535896473","station_name":"Schiffbau"},{"station_id":"n2268535002","station_name":"Escher-Wyss-Platz"},{"station_id":"n29798196","station_name":"Förrlibuckstrasse"},{"station_id":"n29798200","station_name":"Fischerweg"},{"station_id":"n29798202","station_name":"Bernoulli-Häuser"},{"station_id":"junc:8.50532:47.39401","station_name":""},{"station_id":"n322503932","station_name":"Hardturm"}]}],"route_count":1,"route_refs":["8"],"route_colors":["#8bc036"],"city":"Zurich","country":"Switzerland"},"geometry":{"type":"MultiLineString","coordinates":[[[8.55262405,47.37500565],[8.5501984,47.3747123],[8.5504468,47.3726414]]]}},{"type":"Feature","properties":{"seg_id":"zurich-5","routes":[{"route_id":"rm2807118","route_name":"Tram 8","route_name_local":"Tram 8","route_name_en":null,"route_ref":"8","route_color":"#8bc036","wikipedia":null,"osm_route_ids":[9032,48680,2807014,2807116],"status":null,"order_suspect":0,"span_suspect":0,"stations":[{"station_id":"n309492432","station_name":"Zoo"},{"station_id":"n4885807586","station_name":"Susenbergstrasse"},{"station_id":"n4885807571","station_name":"Zürichbergstrasse"},{"station_id":"n2281803452","station_name":"Toblerplatz"},{"station_id":"n115170281","station_name":"Kirche Fluntern"},{"station_id":"junc:8.55888:47.37573","station_name":""},{"station_id":"n2281789417","station_name":"Voltastrasse"},{"station_id":"n2281278390","station_name":"Platte"},{"station_id":"junc:8.55020:47.37471","station_name":""},{"station_id":"n2281278312","station_name":"Kantonsschule"},{"station_id":"n2281314292","station_name":"Kunsthaus"},{"station_id":"n300383806","station_name":"Bellevue"},{"station_id":"junc:8.54407:47.36702","station_name":""},{"station_id":"n2295223402","station_name":"Bürkliplatz"},{"station_id":"n2298045151","station_name":"Rentenanstalt"},{"station_id":"n2308599361","station_name":"Bahnhof Enge"},{"station_id":"n4885628622","station_name":"Tunnelstrasse"},{"station_id":"n2308617697","station_name":"Bahnhof Selnau"},{"station_id":"n2275723458","station_name":"Stauffacher"},{"station_id":"junc:8.52852:47.37330","station_name":""},{"station_id":"n2309435445","station_name":"Helvetiaplatz"},{"station_id":"n4878436681","station_name":"Bäckeranlage"},{"station_id":"n2309435510","station_name":"Güterbahnhof"},{"station_id":"n337989384","station_name":"Hardplatz"},{"station_id":"n5276753819","station_name":"Bahnhof Hardbrücke"},{"station_id":"n1535896473","station_name":"Schiffbau"},{"station_id":"n2268535002","station_name":"Escher-Wyss-Platz"},{"station_id":"n29798196","station_name":"Förrlibuckstrasse"},{"station_id":"n29798200","station_name":"Fischerweg"},{"station_id":"n29798202","station_name":"Bernoulli-Häuser"},{"station_id":"junc:8.50532:47.39401","station_name":""},{"station_id":"n322503932","station_name":"Hardturm"}]}],"route_count":1,"route_refs":["8"],"route_colors":["#8bc036"],"city":"Zurich","country":"Switzerland"},"geometry":{"type":"MultiLineString","coordinates":[[[8.5413505,47.36652155],[8.53471055,47.36346415],[8.53162878,47.364194760000004]]]}},{"type":"Feature","properties":{"seg_id":"zurich-6","routes":[{"route_id":"rm2807118","route_name":"Tram 8","route_name_local":"Tram 8","route_name_en":null,"route_ref":"8","route_color":"#8bc036","wikipedia":null,"osm_route_ids":[9032,48680,2807014,2807116],"status":null,"order_suspect":0,"span_suspect":0,"stations":[{"station_id":"n309492432","station_name":"Zoo"},{"station_id":"n4885807586","station_name":"Susenbergstrasse"},{"station_id":"n4885807571","station_name":"Zürichbergstrasse"},{"station_id":"n2281803452","station_name":"Toblerplatz"},{"station_id":"n115170281","station_name":"Kirche Fluntern"},{"station_id":"junc:8.55888:47.37573","station_name":""},{"station_id":"n2281789417","station_name":"Voltastrasse"},{"station_id":"n2281278390","station_name":"Platte"},{"station_id":"junc:8.55020:47.37471","station_name":""},{"station_id":"n2281278312","station_name":"Kantonsschule"},{"station_id":"n2281314292","station_name":"Kunsthaus"},{"station_id":"n300383806","station_name":"Bellevue"},{"station_id":"junc:8.54407:47.36702","station_name":""},{"station_id":"n2295223402","station_name":"Bürkliplatz"},{"station_id":"n2298045151","station_name":"Rentenanstalt"},{"station_id":"n2308599361","station_name":"Bahnhof Enge"},{"station_id":"n4885628622","station_name":"Tunnelstrasse"},{"station_id":"n2308617697","station_name":"Bahnhof Selnau"},{"station_id":"n2275723458","station_name":"Stauffacher"},{"station_id":"junc:8.52852:47.37330","station_name":""},{"station_id":"n2309435445","station_name":"Helvetiaplatz"},{"station_id":"n4878436681","station_name":"Bäckeranlage"},{"station_id":"n2309435510","station_name":"Güterbahnhof"},{"station_id":"n337989384","station_name":"Hardplatz"},{"station_id":"n5276753819","station_name":"Bahnhof Hardbrücke"},{"station_id":"n1535896473","station_name":"Schiffbau"},{"station_id":"n2268535002","station_name":"Escher-Wyss-Platz"},{"station_id":"n29798196","station_name":"Förrlibuckstrasse"},{"station_id":"n29798200","station_name":"Fischerweg"},{"station_id":"n29798202","station_name":"Bernoulli-Häuser"},{"station_id":"junc:8.50532:47.39401","station_name":""},{"station_id":"n322503932","station_name":"Hardturm"}]}],"route_count":1,"route_refs":["8"],"route_colors":["#8bc036"],"city":"Zurich","country":"Switzerland"},"geometry":{"type":"MultiLineString","coordinates":[[[8.5327986,47.366324],[8.5316929,47.37078885],[8.529538371428572,47.37334735714285],[8.5285217,47.3732957],[8.52611735,47.37617005],[8.52280155,47.37821785],[8.5196102,47.380466049999995],[8.515245666666667,47.3823502],[8.5170194,47.38509545],[8.5196152,47.3877621]]]}},{"type":"Feature","properties":{"seg_id":"zurich-7","routes":[{"route_id":"rm2807118","route_name":"Tram 8","route_name_local":"Tram 8","route_name_en":null,"route_ref":"8","route_color":"#8bc036","wikipedia":null,"osm_route_ids":[9032,48680,2807014,2807116],"status":null,"order_suspect":0,"span_suspect":0,"stations":[{"station_id":"n309492432","station_name":"Zoo"},{"station_id":"n4885807586","station_name":"Susenbergstrasse"},{"station_id":"n4885807571","station_name":"Zürichbergstrasse"},{"station_id":"n2281803452","station_name":"Toblerplatz"},{"station_id":"n115170281","station_name":"Kirche Fluntern"},{"station_id":"junc:8.55888:47.37573","station_name":""},{"station_id":"n2281789417","station_name":"Voltastrasse"},{"station_id":"n2281278390","station_name":"Platte"},{"station_id":"junc:8.55020:47.37471","station_name":""},{"station_id":"n2281278312","station_name":"Kantonsschule"},{"station_id":"n2281314292","station_name":"Kunsthaus"},{"station_id":"n300383806","station_name":"Bellevue"},{"station_id":"junc:8.54407:47.36702","station_name":""},{"station_id":"n2295223402","station_name":"Bürkliplatz"},{"station_id":"n2298045151","station_name":"Rentenanstalt"},{"station_id":"n2308599361","station_name":"Bahnhof Enge"},{"station_id":"n4885628622","station_name":"Tunnelstrasse"},{"station_id":"n2308617697","station_name":"Bahnhof Selnau"},{"station_id":"n2275723458","station_name":"Stauffacher"},{"station_id":"junc:8.52852:47.37330","station_name":""},{"station_id":"n2309435445","station_name":"Helvetiaplatz"},{"station_id":"n4878436681","station_name":"Bäckeranlage"},{"station_id":"n2309435510","station_name":"Güterbahnhof"},{"station_id":"n337989384","station_name":"Hardplatz"},{"station_id":"n5276753819","station_name":"Bahnhof Hardbrücke"},{"station_id":"n1535896473","station_name":"Schiffbau"},{"station_id":"n2268535002","station_name":"Escher-Wyss-Platz"},{"station_id":"n29798196","station_name":"Förrlibuckstrasse"},{"station_id":"n29798200","station_name":"Fischerweg"},{"station_id":"n29798202","station_name":"Bernoulli-Häuser"},{"station_id":"junc:8.50532:47.39401","station_name":""},{"station_id":"n322503932","station_name":"Hardturm"}]},{"route_id":"rm2807033","route_name":"Tram 9","route_name_local":"Tram 9","route_name_en":null,"route_ref":"9","route_color":"#322e71","wikipedia":null,"osm_route_ids":[36293,2807032,7295273,7295274],"status":null,"order_suspect":0,"span_suspect":0,"stations":[{"station_id":"n94689701","station_name":"Hirzenbach"},{"station_id":"n94689707","station_name":"Altried"},{"station_id":"n315282736","station_name":"Luchswiesen"},{"station_id":"n315282475","station_name":"Luegisland"},{"station_id":"n315282473","station_name":"Heerenwiesen"},{"station_id":"junc:8.57345:47.40435","station_name":""},{"station_id":"n1492866260","station_name":"Schwamendingerplatz"},{"station_id":"n256215295","station_name":"Ueberlandpark"},{"station_id":"n256060661","station_name":"Waldgarten"},{"station_id":"n256060663","station_name":"Tierspital"},{"station_id":"n4268738648","station_name":"Milchbuck"},{"station_id":"n256219114","station_name":"Universität Irchel"},{"station_id":"n1986680581","station_name":"Langmauerstrasse"},{"station_id":"n262980090","station_name":"Letzistrasse"},{"station_id":"n262979497","station_name":"Kinkelstrasse"},{"station_id":"n2280219084","station_name":"Seilbahn Rigiblick"},{"station_id":"n2280214788","station_name":"Winkelriedstrasse"},{"station_id":"n2280214780","station_name":"Haldenbach"},{"station_id":"n264501156","station_name":"ETH/Universitätsspital"},{"station_id":"junc:8.55020:47.37471","station_name":""},{"station_id":"n2281278312","station_name":"Kantonsschule"},{"station_id":"n2281314292","station_name":"Kunsthaus"},{"station_id":"n300383806","station_name":"Bellevue"},{"station_id":"junc:8.54407:47.36702","station_name":""},{"station_id":"n2295223402","station_name":"Bürkliplatz"},{"station_id":"n2295502445","station_name":"Kantonalbank"},{"station_id":"n300835690","station_name":"Paradeplatz"},{"station_id":"junc:8.53901:47.37042","station_name":""},{"station_id":"n2275623062","station_name":"Sihlstrasse"},{"station_id":"junc:8.53133:47.37342","station_name":""},{"station_id":"n2275723458","station_name":"Stauffacher"},{"station_id":"junc:8.52852:47.37330","station_name":""},{"station_id":"n2275780152","station_name":"Werd"},{"station_id":"n2275780065","station_name":"Bahnhof Wiedikon"},{"station_id":"n4881705891","station_name":"Schmiede Wiedikon"},{"station_id":"n4881705888","station_name":"Goldbrunnenplatz"},{"station_id":"n4881705886","station_name":"Talwiesenstrasse"},{"station_id":"n4881705884","station_name":"Heuried"},{"station_id":"n4881705882","station_name":"Schaufelbergerstrasse"},{"station_id":"n5105515039","station_name":"Triemli"}]}],"route_count":2,"route_refs":["8","9"],"route_colors":["#8bc036","#322e71"],"city":"Zurich","country":"Switzerland"},"geometry":{"type":"MultiLineString","coordinates":[[[8.5504468,47.3726414],[8.548902425,47.370500275000005],[8.5451315,47.36700007142856]]]}},{"type":"Feature","properties":{"seg_id":"zurich-8","routes":[{"route_id":"rm2807118","route_name":"Tram 8","route_name_local":"Tram 8","route_name_en":null,"route_ref":"8","route_color":"#8bc036","wikipedia":null,"osm_route_ids":[9032,48680,2807014,2807116],"status":null,"order_suspect":0,"span_suspect":0,"stations":[{"station_id":"n309492432","station_name":"Zoo"},{"station_id":"n4885807586","station_name":"Susenbergstrasse"},{"station_id":"n4885807571","station_name":"Zürichbergstrasse"},{"station_id":"n2281803452","station_name":"Toblerplatz"},{"station_id":"n115170281","station_name":"Kirche Fluntern"},{"station_id":"junc:8.55888:47.37573","station_name":""},{"station_id":"n2281789417","station_name":"Voltastrasse"},{"station_id":"n2281278390","station_name":"Platte"},{"station_id":"junc:8.55020:47.37471","station_name":""},{"station_id":"n2281278312","station_name":"Kantonsschule"},{"station_id":"n2281314292","station_name":"Kunsthaus"},{"station_id":"n300383806","station_name":"Bellevue"},{"station_id":"junc:8.54407:47.36702","station_name":""},{"station_id":"n2295223402","station_name":"Bürkliplatz"},{"station_id":"n2298045151","station_name":"Rentenanstalt"},{"station_id":"n2308599361","station_name":"Bahnhof Enge"},{"station_id":"n4885628622","station_name":"Tunnelstrasse"},{"station_id":"n2308617697","station_name":"Bahnhof Selnau"},{"station_id":"n2275723458","station_name":"Stauffacher"},{"station_id":"junc:8.52852:47.37330","station_name":""},{"station_id":"n2309435445","station_name":"Helvetiaplatz"},{"station_id":"n4878436681","station_name":"Bäckeranlage"},{"station_id":"n2309435510","station_name":"Güterbahnhof"},{"station_id":"n337989384","station_name":"Hardplatz"},{"station_id":"n5276753819","station_name":"Bahnhof Hardbrücke"},{"station_id":"n1535896473","station_name":"Schiffbau"},{"station_id":"n2268535002","station_name":"Escher-Wyss-Platz"},{"station_id":"n29798196","station_name":"Förrlibuckstrasse"},{"station_id":"n29798200","station_name":"Fischerweg"},{"station_id":"n29798202","station_name":"Bernoulli-Häuser"},{"station_id":"junc:8.50532:47.39401","station_name":""},{"station_id":"n322503932","station_name":"Hardturm"}]},{"route_id":"rm2807033","route_name":"Tram 9","route_name_local":"Tram 9","route_name_en":null,"route_ref":"9","route_color":"#322e71","wikipedia":null,"osm_route_ids":[36293,2807032,7295273,7295274],"status":null,"order_suspect":0,"span_suspect":0,"stations":[{"station_id":"n94689701","station_name":"Hirzenbach"},{"station_id":"n94689707","station_name":"Altried"},{"station_id":"n315282736","station_name":"Luchswiesen"},{"station_id":"n315282475","station_name":"Luegisland"},{"station_id":"n315282473","station_name":"Heerenwiesen"},{"station_id":"junc:8.57345:47.40435","station_name":""},{"station_id":"n1492866260","station_name":"Schwamendingerplatz"},{"station_id":"n256215295","station_name":"Ueberlandpark"},{"station_id":"n256060661","station_name":"Waldgarten"},{"station_id":"n256060663","station_name":"Tierspital"},{"station_id":"n4268738648","station_name":"Milchbuck"},{"station_id":"n256219114","station_name":"Universität Irchel"},{"station_id":"n1986680581","station_name":"Langmauerstrasse"},{"station_id":"n262980090","station_name":"Letzistrasse"},{"station_id":"n262979497","station_name":"Kinkelstrasse"},{"station_id":"n2280219084","station_name":"Seilbahn Rigiblick"},{"station_id":"n2280214788","station_name":"Winkelriedstrasse"},{"station_id":"n2280214780","station_name":"Haldenbach"},{"station_id":"n264501156","station_name":"ETH/Universitätsspital"},{"station_id":"junc:8.55020:47.37471","station_name":""},{"station_id":"n2281278312","station_name":"Kantonsschule"},{"station_id":"n2281314292","station_name":"Kunsthaus"},{"station_id":"n300383806","station_name":"Bellevue"},{"station_id":"junc:8.54407:47.36702","station_name":""},{"station_id":"n2295223402","station_name":"Bürkliplatz"},{"station_id":"n2295502445","station_name":"Kantonalbank"},{"station_id":"n300835690","station_name":"Paradeplatz"},{"station_id":"junc:8.53901:47.37042","station_name":""},{"station_id":"n2275623062","station_name":"Sihlstrasse"},{"station_id":"junc:8.53133:47.37342","station_name":""},{"station_id":"n2275723458","station_name":"Stauffacher"},{"station_id":"junc:8.52852:47.37330","station_name":""},{"station_id":"n2275780152","station_name":"Werd"},{"station_id":"n2275780065","station_name":"Bahnhof Wiedikon"},{"station_id":"n4881705891","station_name":"Schmiede Wiedikon"},{"station_id":"n4881705888","station_name":"Goldbrunnenplatz"},{"station_id":"n4881705886","station_name":"Talwiesenstrasse"},{"station_id":"n4881705884","station_name":"Heuried"},{"station_id":"n4881705882","station_name":"Schaufelbergerstrasse"},{"station_id":"n5105515039","station_name":"Triemli"}]},{"route_id":"rm2807068","route_name":"Tram 11","route_name_local":"Tram 11","route_name_en":null,"route_ref":"11","route_color":"#00923c","wikipedia":null,"osm_route_ids":[49167,2807065],"status":null,"order_suspect":0,"span_suspect":0,"stations":[{"station_id":"n255265239","station_name":"Central"},{"station_id":"junc:8.54032:47.37697","station_name":""},{"station_id":"n2266734171","station_name":"Bahnhofstrasse/HB"},{"station_id":"n81058533","station_name":"Rennweg"},{"station_id":"junc:8.53901:47.37042","station_name":""},{"station_id":"n300835690","station_name":"Paradeplatz"},{"station_id":"n2295502445","station_name":"Kantonalbank"},{"station_id":"n2295223402","station_name":"Bürkliplatz"},{"station_id":"junc:8.54407:47.36702","station_name":""},{"station_id":"n300383806","station_name":"Bellevue"},{"station_id":"n2296903094","station_name":"Opernhaus"},{"station_id":"n2296903069","station_name":"Kreuzstrasse"},{"station_id":"n2296910030","station_name":"Feldeggstrasse"},{"station_id":"n2296903044","station_name":"Höschgasse"},{"station_id":"n2296903024","station_name":"Fröhlichstrasse"},{"station_id":"n2296903015","station_name":"Wildbachstrasse"},{"station_id":"n1291615900","station_name":"Bahnhof Tiefenbrunnen"}]},{"route_id":"rm2807095","route_name":"Tram 2","route_name_local":"Tram 2","route_name_en":null,"route_ref":"2","route_color":"#cb0a25","wikipedia":null,"osm_route_ids":[53911,2807094],"status":null,"order_suspect":0,"span_suspect":0,"stations":[{"station_id":"n6605743616","station_name":"Geissweid"},{"station_id":"junc:8.44559:47.39811","station_name":""},{"station_id":"n6605743614","station_name":"Schlieren Zentrum/Bahnhof"},{"station_id":"n6605743612","station_name":"Wagonsfabrik"},{"station_id":"n6605743610","station_name":"Gasometerbrücke"},{"station_id":"n1917116631","station_name":"Mülligen"},{"station_id":"n6605743598","station_name":"Micafil"},{"station_id":"n6611612258","station_name":"Farbhof"},{"station_id":"n4883792920","station_name":"Bachmattstrasse"},{"station_id":"n2277081751","station_name":"Lindenplatz"},{"station_id":"n2277081658","station_name":"Grimselstrasse"},{"station_id":"n2277081581","station_name":"Kappeli"},{"station_id":"n2277081523","station_name":"Freihofstrasse"},{"station_id":"n2277081498","station_name":"Letzigrund"},{"station_id":"n2277024815","station_name":"Albisriederplatz"},{"station_id":"n2277024795","station_name":"Zypressenstrasse"},{"station_id":"n2277024767","station_name":"Lochergut"},{"station_id":"n2275787476","station_name":"Kalkbreite/Bhf. Wiedikon"},{"station_id":"n2275787444","station_name":"Bezirksgebäude"},{"station_id":"junc:8.52852:47.37330","station_name":""},{"station_id":"n2275723458","station_name":"Stauffacher"},{"station_id":"junc:8.53133:47.37342","station_name":""},{"station_id":"n2275623062","station_name":"Sihlstrasse"},{"station_id":"junc:8.53901:47.37042","station_name":""},{"station_id":"n300835690","station_name":"Paradeplatz"},{"station_id":"n2295502445","station_name":"Kantonalbank"},{"station_id":"n2295223402","station_name":"Bürkliplatz"},{"station_id":"junc:8.54407:47.36702","station_name":""},{"station_id":"n300383806","station_name":"Bellevue"},{"station_id":"n442522935","station_name":"Bahnhof Stadelhofen"},{"station_id":"n2296934594","station_name":"Kreuzplatz"},{"station_id":"n4880303433","station_name":"Englischviertelstrasse"},{"station_id":"n2296953085","station_name":"Römerhof"},{"station_id":"junc:8.56077:47.36766","station_name":""},{"station_id":"n2640649199","station_name":"Hölderlinstrasse"},{"station_id":"n316704413","station_name":"Klusplatz"}]},{"route_id":"rm2807017","route_name":"Tram 5","route_name_local":"Tram 5","route_name_en":null,"route_ref":"5","route_color":"#70492c","wikipedia":null,"osm_route_ids":[2807015,2807016],"status":null,"order_suspect":0,"span_suspect":0,"stations":[{"station_id":"n442522935","station_name":"Bahnhof Stadelhofen"},{"station_id":"n300383806","station_name":"Bellevue"},{"station_id":"junc:8.54407:47.36702","station_name":""},{"station_id":"n2295223402","station_name":"Bürkliplatz"},{"station_id":"n2295502445","station_name":"Kantonalbank"},{"station_id":"n300835690","station_name":"Paradeplatz"},{"station_id":"n2298056787","station_name":"Stockerstrasse"},{"station_id":"junc:8.53435:47.36751","station_name":""},{"station_id":"n4885628622","station_name":"Tunnelstrasse"},{"station_id":"n4885628624","station_name":"Bahnhof Enge/Bederstrasse"},{"station_id":"n2456957772","station_name":"Waffenplatzstrasse"},{"station_id":"n2456957719","station_name":"Sihlcity Nord"},{"station_id":"n2456957631","station_name":"Saalsporthalle"},{"station_id":"n2456957657","station_name":"Laubegg"}]}],"route_count":5,"route_refs":["8","9","11","2","5"],"route_colors":["#8bc036","#322e71","#00923c","#cb0a25","#70492c"],"city":"Zurich","country":"Switzerland"},"geometry":{"type":"MultiLineString","coordinates":[[[8.5451315,47.36700007142856],[8.5440732,47.3670166],[8.5413505,47.36652155]]]}},{"type":"Feature","properties":{"seg_id":"zurich-9","routes":[{"route_id":"rm2807118","route_name":"Tram 8","route_name_local":"Tram 8","route_name_en":null,"route_ref":"8","route_color":"#8bc036","wikipedia":null,"osm_route_ids":[9032,48680,2807014,2807116],"status":null,"order_suspect":0,"span_suspect":0,"stations":[{"station_id":"n309492432","station_name":"Zoo"},{"station_id":"n4885807586","station_name":"Susenbergstrasse"},{"station_id":"n4885807571","station_name":"Zürichbergstrasse"},{"station_id":"n2281803452","station_name":"Toblerplatz"},{"station_id":"n115170281","station_name":"Kirche Fluntern"},{"station_id":"junc:8.55888:47.37573","station_name":""},{"station_id":"n2281789417","station_name":"Voltastrasse"},{"station_id":"n2281278390","station_name":"Platte"},{"station_id":"junc:8.55020:47.37471","station_name":""},{"station_id":"n2281278312","station_name":"Kantonsschule"},{"station_id":"n2281314292","station_name":"Kunsthaus"},{"station_id":"n300383806","station_name":"Bellevue"},{"station_id":"junc:8.54407:47.36702","station_name":""},{"station_id":"n2295223402","station_name":"Bürkliplatz"},{"station_id":"n2298045151","station_name":"Rentenanstalt"},{"station_id":"n2308599361","station_name":"Bahnhof Enge"},{"station_id":"n4885628622","station_name":"Tunnelstrasse"},{"station_id":"n2308617697","station_name":"Bahnhof Selnau"},{"station_id":"n2275723458","station_name":"Stauffacher"},{"station_id":"junc:8.52852:47.37330","station_name":""},{"station_id":"n2309435445","station_name":"Helvetiaplatz"},{"station_id":"n4878436681","station_name":"Bäckeranlage"},{"station_id":"n2309435510","station_name":"Güterbahnhof"},{"station_id":"n337989384","station_name":"Hardplatz"},{"station_id":"n5276753819","station_name":"Bahnhof Hardbrücke"},{"station_id":"n1535896473","station_name":"Schiffbau"},{"station_id":"n2268535002","station_name":"Escher-Wyss-Platz"},{"station_id":"n29798196","station_name":"Förrlibuckstrasse"},{"station_id":"n29798200","station_name":"Fischerweg"},{"station_id":"n29798202","station_name":"Bernoulli-Häuser"},{"station_id":"junc:8.50532:47.39401","station_name":""},{"station_id":"n322503932","station_name":"Hardturm"}]},{"route_id":"rm2807030","route_name":"Tram 7","route_name_local":"Tram 7","route_name_en":null,"route_ref":"7","route_color":"#000000","wikipedia":null,"osm_route_ids":[49150,2807029],"status":null,"order_suspect":0,"span_suspect":0,"stations":[{"station_id":"n2457029147","station_name":"Wollishoferplatz"},{"station_id":"n4885862791","station_name":"Butzenstrasse"},{"station_id":"n2457029194","station_name":"Morgental"},{"station_id":"n2457029233","station_name":"Renggerstrasse"},{"station_id":"n4885862788","station_name":"Bahnhof Wollishofen/Staubstrasse"},{"station_id":"n4885862781","station_name":"Billoweg"},{"station_id":"n2457029297","station_name":"Brunaustrasse"},{"station_id":"n4885862778","station_name":"Museum Rietberg"},{"station_id":"n2308599361","station_name":"Bahnhof Enge"},{"station_id":"n4885628622","station_name":"Tunnelstrasse"},{"station_id":"junc:8.53435:47.36751","station_name":""},{"station_id":"n2298056787","station_name":"Stockerstrasse"},{"station_id":"n300835690","station_name":"Paradeplatz"},{"station_id":"junc:8.53901:47.37042","station_name":""},{"station_id":"n81058533","station_name":"Rennweg"},{"station_id":"n2266734171","station_name":"Bahnhofstrasse/HB"},{"station_id":"junc:8.54032:47.37697","station_name":""},{"station_id":"n255265239","station_name":"Central"},{"station_id":"n236812338","station_name":"Haldenegg"},{"station_id":"n4880303435","station_name":"Sonneggstrasse"},{"station_id":"n2281886724","station_name":"Ottikerstrasse"},{"station_id":"n4880303437","station_name":"Röslistrasse"},{"station_id":"n5104780267","station_name":"Schaffhauserplatz"},{"station_id":"n253216855","station_name":"Guggachstrasse"},{"station_id":"n4268738648","station_name":"Milchbuck"},{"station_id":"n256060663","station_name":"Tierspital"},{"station_id":"n256060661","station_name":"Waldgarten"},{"station_id":"n256215295","station_name":"Ueberlandpark"},{"station_id":"n1492866260","station_name":"Schwamendingerplatz"},{"station_id":"junc:8.57345:47.40435","station_name":""},{"station_id":"n2289567761","station_name":"Roswiesen"},{"station_id":"n1492865475","station_name":"Glattwiesen"},{"station_id":"n4885862795","station_name":"Probstei"},{"station_id":"n1492865477","station_name":"Mattenhof"},{"station_id":"n1053691521","station_name":"Bahnhof Stettbach"}]}],"route_count":2,"route_refs":["8","7"],"route_colors":["#8bc036","#000000"],"city":"Zurich","country":"Switzerland"},"geometry":{"type":"MultiLineString","coordinates":[[[8.53162878,47.364194760000004],[8.5327986,47.366324]]]}},{"type":"Feature","properties":{"seg_id":"zurich-10","routes":[{"route_id":"rm2807118","route_name":"Tram 8","route_name_local":"Tram 8","route_name_en":null,"route_ref":"8","route_color":"#8bc036","wikipedia":null,"osm_route_ids":[9032,48680,2807014,2807116],"status":null,"order_suspect":0,"span_suspect":0,"stations":[{"station_id":"n309492432","station_name":"Zoo"},{"station_id":"n4885807586","station_name":"Susenbergstrasse"},{"station_id":"n4885807571","station_name":"Zürichbergstrasse"},{"station_id":"n2281803452","station_name":"Toblerplatz"},{"station_id":"n115170281","station_name":"Kirche Fluntern"},{"station_id":"junc:8.55888:47.37573","station_name":""},{"station_id":"n2281789417","station_name":"Voltastrasse"},{"station_id":"n2281278390","station_name":"Platte"},{"station_id":"junc:8.55020:47.37471","station_name":""},{"station_id":"n2281278312","station_name":"Kantonsschule"},{"station_id":"n2281314292","station_name":"Kunsthaus"},{"station_id":"n300383806","station_name":"Bellevue"},{"station_id":"junc:8.54407:47.36702","station_name":""},{"station_id":"n2295223402","station_name":"Bürkliplatz"},{"station_id":"n2298045151","station_name":"Rentenanstalt"},{"station_id":"n2308599361","station_name":"Bahnhof Enge"},{"station_id":"n4885628622","station_name":"Tunnelstrasse"},{"station_id":"n2308617697","station_name":"Bahnhof Selnau"},{"station_id":"n2275723458","station_name":"Stauffacher"},{"station_id":"junc:8.52852:47.37330","station_name":""},{"station_id":"n2309435445","station_name":"Helvetiaplatz"},{"station_id":"n4878436681","station_name":"Bäckeranlage"},{"station_id":"n2309435510","station_name":"Güterbahnhof"},{"station_id":"n337989384","station_name":"Hardplatz"},{"station_id":"n5276753819","station_name":"Bahnhof Hardbrücke"},{"station_id":"n1535896473","station_name":"Schiffbau"},{"station_id":"n2268535002","station_name":"Escher-Wyss-Platz"},{"station_id":"n29798196","station_name":"Förrlibuckstrasse"},{"station_id":"n29798200","station_name":"Fischerweg"},{"station_id":"n29798202","station_name":"Bernoulli-Häuser"},{"station_id":"junc:8.50532:47.39401","station_name":""},{"station_id":"n322503932","station_name":"Hardturm"}]},{"route_id":"rm19960822","route_name":"Tram 51","route_name_local":"Tram 51","route_name_en":null,"route_ref":"51","route_color":"#000000","wikipedia":null,"osm_route_ids":[19960820,19960821],"status":null,"order_suspect":0,"span_suspect":0,"stations":[{"station_id":"n1811357958","station_name":"Seebach"},{"station_id":"n2282329691","station_name":"Seebacherplatz"},{"station_id":"n2282310758","station_name":"Felsenrainstrasse"},{"station_id":"n2282310552","station_name":"Bahnhof Oerlikon Ost"},{"station_id":"n2284103170","station_name":"Sternen Oerlikon"},{"station_id":"n2282178049","station_name":"Salersteig"},{"station_id":"n2282178028","station_name":"Berninaplatz"},{"station_id":"n1287709955","station_name":"Hirschwiesenstrasse"},{"station_id":"n4268738648","station_name":"Milchbuck"},{"station_id":"n253216855","station_name":"Guggachstrasse"},{"station_id":"n5104780267","station_name":"Schaffhauserplatz"},{"station_id":"n2281916809","station_name":"Kronenstrasse"},{"station_id":"n2281916750","station_name":"Beckenhof"},{"station_id":"n2275416910","station_name":"Stampfenbachplatz"},{"station_id":"n301139406","station_name":"Sihlquai/HB"},{"station_id":"n2267027131","station_name":"Museum für Gestaltung"},{"station_id":"n2267027159","station_name":"Limmatplatz"},{"station_id":"n2268534971","station_name":"Quellenstrasse"},{"station_id":"n2268534978","station_name":"Löwenbräu"},{"station_id":"n2268535002","station_name":"Escher-Wyss-Platz"},{"station_id":"n1535896473","station_name":"Schiffbau"},{"station_id":"n436199776","station_name":"Technopark"},{"station_id":"n1535896515","station_name":"Toni-Areal"},{"station_id":"n589028509","station_name":"Sportweg"},{"station_id":"n975677254","station_name":"Aargauerstrasse"},{"station_id":"n975677273","station_name":"Würzgraben"},{"station_id":"n1544597441","station_name":"Bahnhof Altstetten Nord"}]}],"route_count":2,"route_refs":["8","51"],"route_colors":["#8bc036","#000000"],"city":"Zurich","country":"Switzerland"},"geometry":{"type":"MultiLineString","coordinates":[[[8.5196152,47.3877621],[8.522770474999998,47.390207325]]]}},{"type":"Feature","properties":{"seg_id":"zurich-11","routes":[{"route_id":"rm2807118","route_name":"Tram 8","route_name_local":"Tram 8","route_name_en":null,"route_ref":"8","route_color":"#8bc036","wikipedia":null,"osm_route_ids":[9032,48680,2807014,2807116],"status":null,"order_suspect":0,"span_suspect":0,"stations":[{"station_id":"n309492432","station_name":"Zoo"},{"station_id":"n4885807586","station_name":"Susenbergstrasse"},{"station_id":"n4885807571","station_name":"Zürichbergstrasse"},{"station_id":"n2281803452","station_name":"Toblerplatz"},{"station_id":"n115170281","station_name":"Kirche Fluntern"},{"station_id":"junc:8.55888:47.37573","station_name":""},{"station_id":"n2281789417","station_name":"Voltastrasse"},{"station_id":"n2281278390","station_name":"Platte"},{"station_id":"junc:8.55020:47.37471","station_name":""},{"station_id":"n2281278312","station_name":"Kantonsschule"},{"station_id":"n2281314292","station_name":"Kunsthaus"},{"station_id":"n300383806","station_name":"Bellevue"},{"station_id":"junc:8.54407:47.36702","station_name":""},{"station_id":"n2295223402","station_name":"Bürkliplatz"},{"station_id":"n2298045151","station_name":"Rentenanstalt"},{"station_id":"n2308599361","station_name":"Bahnhof Enge"},{"station_id":"n4885628622","station_name":"Tunnelstrasse"},{"station_id":"n2308617697","station_name":"Bahnhof Selnau"},{"station_id":"n2275723458","station_name":"Stauffacher"},{"station_id":"junc:8.52852:47.37330","station_name":""},{"station_id":"n2309435445","station_name":"Helvetiaplatz"},{"station_id":"n4878436681","station_name":"Bäckeranlage"},{"station_id":"n2309435510","station_name":"Güterbahnhof"},{"station_id":"n337989384","station_name":"Hardplatz"},{"station_id":"n5276753819","station_name":"Bahnhof Hardbrücke"},{"station_id":"n1535896473","station_name":"Schiffbau"},{"station_id":"n2268535002","station_name":"Escher-Wyss-Platz"},{"station_id":"n29798196","station_name":"Förrlibuckstrasse"},{"station_id":"n29798200","station_name":"Fischerweg"},{"station_id":"n29798202","station_name":"Bernoulli-Häuser"},{"station_id":"junc:8.50532:47.39401","station_name":""},{"station_id":"n322503932","station_name":"Hardturm"}]},{"route_id":"rm1903836","route_name":"Tram 17","route_name_local":"Tram 17","route_name_en":null,"route_ref":"17","route_color":"#8d1d2c","wikipedia":null,"osm_route_ids":[1903834,1903835],"status":null,"order_suspect":0,"span_suspect":0,"stations":[{"station_id":"n809690628","station_name":"Bucheggplatz"},{"station_id":"junc:8.53363:47.39756","station_name":""},{"station_id":"n2282408206","station_name":"Laubiweg"},{"station_id":"n5104780267","station_name":"Schaffhauserplatz"},{"station_id":"n2281916809","station_name":"Kronenstrasse"},{"station_id":"n2281916750","station_name":"Beckenhof"},{"station_id":"n2275416910","station_name":"Stampfenbachplatz"},{"station_id":"n301139406","station_name":"Sihlquai/HB"},{"station_id":"n2267027131","station_name":"Museum für Gestaltung"},{"station_id":"n2267027159","station_name":"Limmatplatz"},{"station_id":"n2268534971","station_name":"Quellenstrasse"},{"station_id":"n2268534978","station_name":"Löwenbräu"},{"station_id":"n2268535002","station_name":"Escher-Wyss-Platz"},{"station_id":"n29798196","station_name":"Förrlibuckstrasse"},{"station_id":"n29798200","station_name":"Fischerweg"},{"station_id":"n29798202","station_name":"Bernoulli-Häuser"},{"station_id":"junc:8.50532:47.39401","station_name":""},{"station_id":"n322503932","station_name":"Hardturm"},{"station_id":"n29798213","station_name":"Hardhof"},{"station_id":"n29798217","station_name":"Tüffenwies"},{"station_id":"n29798224","station_name":"Grünaustrasse"},{"station_id":"n4885628442","station_name":"Bändliweg"},{"station_id":"n322502006","station_name":"Werdhölzli"}]}],"route_count":2,"route_refs":["8","17"],"route_colors":["#8bc036","#8d1d2c"],"city":"Zurich","country":"Switzerland"},"geometry":{"type":"MultiLineString","coordinates":[[[8.522770474999998,47.390207325],[8.51725695,47.39228575],[8.51233245,47.393650300000004],[8.50867035,47.39384795],[8.5053217,47.3940114],[8.504287566666667,47.39437113333333]]]}},{"type":"Feature","properties":{"seg_id":"zurich-12","routes":[{"route_id":"rm7295272","route_name":"Tram 13","route_name_local":"Tram 13","route_name_en":null,"route_ref":"13","route_color":"#f6c828","wikipedia":null,"osm_route_ids":[34913,2807066],"status":null,"order_suspect":0,"span_suspect":0,"stations":[{"station_id":"n2266734171","station_name":"Bahnhofstrasse/HB"},{"station_id":"n81058533","station_name":"Rennweg"},{"station_id":"junc:8.53901:47.37042","station_name":""},{"station_id":"n300835690","station_name":"Paradeplatz"},{"station_id":"n2298056787","station_name":"Stockerstrasse"},{"station_id":"junc:8.53435:47.36751","station_name":""},{"station_id":"n4885628622","station_name":"Tunnelstrasse"},{"station_id":"n4885628624","station_name":"Bahnhof Enge/Bederstrasse"},{"station_id":"n2456957772","station_name":"Waffenplatzstrasse"},{"station_id":"n2456957719","station_name":"Sihlcity Nord"},{"station_id":"n2456957631","station_name":"Saalsporthalle"},{"station_id":"n2456957657","station_name":"Laubegg"},{"station_id":"n4885628642","station_name":"Uetlihof"},{"station_id":"n4885628644","station_name":"Strassenverkehrsamt"},{"station_id":"n3878078020","station_name":"Albisgütli"}]},{"route_id":"rm2807030","route_name":"Tram 7","route_name_local":"Tram 7","route_name_en":null,"route_ref":"7","route_color":"#000000","wikipedia":null,"osm_route_ids":[49150,2807029],"status":null,"order_suspect":0,"span_suspect":0,"stations":[{"station_id":"n2457029147","station_name":"Wollishoferplatz"},{"station_id":"n4885862791","station_name":"Butzenstrasse"},{"station_id":"n2457029194","station_name":"Morgental"},{"station_id":"n2457029233","station_name":"Renggerstrasse"},{"station_id":"n4885862788","station_name":"Bahnhof Wollishofen/Staubstrasse"},{"station_id":"n4885862781","station_name":"Billoweg"},{"station_id":"n2457029297","station_name":"Brunaustrasse"},{"station_id":"n4885862778","station_name":"Museum Rietberg"},{"station_id":"n2308599361","station_name":"Bahnhof Enge"},{"station_id":"n4885628622","station_name":"Tunnelstrasse"},{"station_id":"junc:8.53435:47.36751","station_name":""},{"station_id":"n2298056787","station_name":"Stockerstrasse"},{"station_id":"n300835690","station_name":"Paradeplatz"},{"station_id":"junc:8.53901:47.37042","station_name":""},{"station_id":"n81058533","station_name":"Rennweg"},{"station_id":"n2266734171","station_name":"Bahnhofstrasse/HB"},{"station_id":"junc:8.54032:47.37697","station_name":""},{"station_id":"n255265239","station_name":"Central"},{"station_id":"n236812338","station_name":"Haldenegg"},{"station_id":"n4880303435","station_name":"Sonneggstrasse"},{"station_id":"n2281886724","station_name":"Ottikerstrasse"},{"station_id":"n4880303437","station_name":"Röslistrasse"},{"station_id":"n5104780267","station_name":"Schaffhauserplatz"},{"station_id":"n253216855","station_name":"Guggachstrasse"},{"station_id":"n4268738648","station_name":"Milchbuck"},{"station_id":"n256060663","station_name":"Tierspital"},{"station_id":"n256060661","station_name":"Waldgarten"},{"station_id":"n256215295","station_name":"Ueberlandpark"},{"station_id":"n1492866260","station_name":"Schwamendingerplatz"},{"station_id":"junc:8.57345:47.40435","station_name":""},{"station_id":"n2289567761","station_name":"Roswiesen"},{"station_id":"n1492865475","station_name":"Glattwiesen"},{"station_id":"n4885862795","station_name":"Probstei"},{"station_id":"n1492865477","station_name":"Mattenhof"},{"station_id":"n1053691521","station_name":"Bahnhof Stettbach"}]},{"route_id":"rm2807068","route_name":"Tram 11","route_name_local":"Tram 11","route_name_en":null,"route_ref":"11","route_color":"#00923c","wikipedia":null,"osm_route_ids":[49167,2807065],"status":null,"order_suspect":0,"span_suspect":0,"stations":[{"station_id":"n255265239","station_name":"Central"},{"station_id":"junc:8.54032:47.37697","station_name":""},{"station_id":"n2266734171","station_name":"Bahnhofstrasse/HB"},{"station_id":"n81058533","station_name":"Rennweg"},{"station_id":"junc:8.53901:47.37042","station_name":""},{"station_id":"n300835690","station_name":"Paradeplatz"},{"station_id":"n2295502445","station_name":"Kantonalbank"},{"station_id":"n2295223402","station_name":"Bürkliplatz"},{"station_id":"junc:8.54407:47.36702","station_name":""},{"station_id":"n300383806","station_name":"Bellevue"},{"station_id":"n2296903094","station_name":"Opernhaus"},{"station_id":"n2296903069","station_name":"Kreuzstrasse"},{"station_id":"n2296910030","station_name":"Feldeggstrasse"},{"station_id":"n2296903044","station_name":"Höschgasse"},{"station_id":"n2296903024","station_name":"Fröhlichstrasse"},{"station_id":"n2296903015","station_name":"Wildbachstrasse"},{"station_id":"n1291615900","station_name":"Bahnhof Tiefenbrunnen"}]}],"route_count":3,"route_refs":["13","7","11"],"route_colors":["#f6c828","#000000","#00923c"],"city":"Zurich","country":"Switzerland"},"geometry":{"type":"MultiLineString","coordinates":[[[8.5394422,47.376086099999995],[8.5382764,47.37313415],[8.5390111,47.3704191],[8.539054666666667,47.3697433]]]}},{"type":"Feature","properties":{"seg_id":"zurich-13","routes":[{"route_id":"rm7295272","route_name":"Tram 13","route_name_local":"Tram 13","route_name_en":null,"route_ref":"13","route_color":"#f6c828","wikipedia":null,"osm_route_ids":[34913,2807066],"status":null,"order_suspect":0,"span_suspect":0,"stations":[{"station_id":"n2266734171","station_name":"Bahnhofstrasse/HB"},{"station_id":"n81058533","station_name":"Rennweg"},{"station_id":"junc:8.53901:47.37042","station_name":""},{"station_id":"n300835690","station_name":"Paradeplatz"},{"station_id":"n2298056787","station_name":"Stockerstrasse"},{"station_id":"junc:8.53435:47.36751","station_name":""},{"station_id":"n4885628622","station_name":"Tunnelstrasse"},{"station_id":"n4885628624","station_name":"Bahnhof Enge/Bederstrasse"},{"station_id":"n2456957772","station_name":"Waffenplatzstrasse"},{"station_id":"n2456957719","station_name":"Sihlcity Nord"},{"station_id":"n2456957631","station_name":"Saalsporthalle"},{"station_id":"n2456957657","station_name":"Laubegg"},{"station_id":"n4885628642","station_name":"Uetlihof"},{"station_id":"n4885628644","station_name":"Strassenverkehrsamt"},{"station_id":"n3878078020","station_name":"Albisgütli"}]},{"route_id":"rm2807030","route_name":"Tram 7","route_name_local":"Tram 7","route_name_en":null,"route_ref":"7","route_color":"#000000","wikipedia":null,"osm_route_ids":[49150,2807029],"status":null,"order_suspect":0,"span_suspect":0,"stations":[{"station_id":"n2457029147","station_name":"Wollishoferplatz"},{"station_id":"n4885862791","station_name":"Butzenstrasse"},{"station_id":"n2457029194","station_name":"Morgental"},{"station_id":"n2457029233","station_name":"Renggerstrasse"},{"station_id":"n4885862788","station_name":"Bahnhof Wollishofen/Staubstrasse"},{"station_id":"n4885862781","station_name":"Billoweg"},{"station_id":"n2457029297","station_name":"Brunaustrasse"},{"station_id":"n4885862778","station_name":"Museum Rietberg"},{"station_id":"n2308599361","station_name":"Bahnhof Enge"},{"station_id":"n4885628622","station_name":"Tunnelstrasse"},{"station_id":"junc:8.53435:47.36751","station_name":""},{"station_id":"n2298056787","station_name":"Stockerstrasse"},{"station_id":"n300835690","station_name":"Paradeplatz"},{"station_id":"junc:8.53901:47.37042","station_name":""},{"station_id":"n81058533","station_name":"Rennweg"},{"station_id":"n2266734171","station_name":"Bahnhofstrasse/HB"},{"station_id":"junc:8.54032:47.37697","station_name":""},{"station_id":"n255265239","station_name":"Central"},{"station_id":"n236812338","station_name":"Haldenegg"},{"station_id":"n4880303435","station_name":"Sonneggstrasse"},{"station_id":"n2281886724","station_name":"Ottikerstrasse"},{"station_id":"n4880303437","station_name":"Röslistrasse"},{"station_id":"n5104780267","station_name":"Schaffhauserplatz"},{"station_id":"n253216855","station_name":"Guggachstrasse"},{"station_id":"n4268738648","station_name":"Milchbuck"},{"station_id":"n256060663","station_name":"Tierspital"},{"station_id":"n256060661","station_name":"Waldgarten"},{"station_id":"n256215295","station_name":"Ueberlandpark"},{"station_id":"n1492866260","station_name":"Schwamendingerplatz"},{"station_id":"junc:8.57345:47.40435","station_name":""},{"station_id":"n2289567761","station_name":"Roswiesen"},{"station_id":"n1492865475","station_name":"Glattwiesen"},{"station_id":"n4885862795","station_name":"Probstei"},{"station_id":"n1492865477","station_name":"Mattenhof"},{"station_id":"n1053691521","station_name":"Bahnhof Stettbach"}]},{"route_id":"rm2807017","route_name":"Tram 5","route_name_local":"Tram 5","route_name_en":null,"route_ref":"5","route_color":"#70492c","wikipedia":null,"osm_route_ids":[2807015,2807016],"status":null,"order_suspect":0,"span_suspect":0,"stations":[{"station_id":"n442522935","station_name":"Bahnhof Stadelhofen"},{"station_id":"n300383806","station_name":"Bellevue"},{"station_id":"junc:8.54407:47.36702","station_name":""},{"station_id":"n2295223402","station_name":"Bürkliplatz"},{"station_id":"n2295502445","station_name":"Kantonalbank"},{"station_id":"n300835690","station_name":"Paradeplatz"},{"station_id":"n2298056787","station_name":"Stockerstrasse"},{"station_id":"junc:8.53435:47.36751","station_name":""},{"station_id":"n4885628622","station_name":"Tunnelstrasse"},{"station_id":"n4885628624","station_name":"Bahnhof Enge/Bederstrasse"},{"station_id":"n2456957772","station_name":"Waffenplatzstrasse"},{"station_id":"n2456957719","station_name":"Sihlcity Nord"},{"station_id":"n2456957631","station_name":"Saalsporthalle"},{"station_id":"n2456957657","station_name":"Laubegg"}]}],"route_count":3,"route_refs":["13","7","5"],"route_colors":["#f6c828","#000000","#70492c"],"city":"Zurich","country":"Switzerland"},"geometry":{"type":"MultiLineString","coordinates":[[[8.539054666666667,47.3697433],[8.535340666666668,47.367836366666666],[8.5343547,47.3675132],[8.5327986,47.366324]]]}},{"type":"Feature","properties":{"seg_id":"zurich-14","routes":[{"route_id":"rm7295272","route_name":"Tram 13","route_name_local":"Tram 13","route_name_en":null,"route_ref":"13","route_color":"#f6c828","wikipedia":null,"osm_route_ids":[34913,2807066],"status":null,"order_suspect":0,"span_suspect":0,"stations":[{"station_id":"n2266734171","station_name":"Bahnhofstrasse/HB"},{"station_id":"n81058533","station_name":"Rennweg"},{"station_id":"junc:8.53901:47.37042","station_name":""},{"station_id":"n300835690","station_name":"Paradeplatz"},{"station_id":"n2298056787","station_name":"Stockerstrasse"},{"station_id":"junc:8.53435:47.36751","station_name":""},{"station_id":"n4885628622","station_name":"Tunnelstrasse"},{"station_id":"n4885628624","station_name":"Bahnhof Enge/Bederstrasse"},{"station_id":"n2456957772","station_name":"Waffenplatzstrasse"},{"station_id":"n2456957719","station_name":"Sihlcity Nord"},{"station_id":"n2456957631","station_name":"Saalsporthalle"},{"station_id":"n2456957657","station_name":"Laubegg"},{"station_id":"n4885628642","station_name":"Uetlihof"},{"station_id":"n4885628644","station_name":"Strassenverkehrsamt"},{"station_id":"n3878078020","station_name":"Albisgütli"}]},{"route_id":"rm2807017","route_name":"Tram 5","route_name_local":"Tram 5","route_name_en":null,"route_ref":"5","route_color":"#70492c","wikipedia":null,"osm_route_ids":[2807015,2807016],"status":null,"order_suspect":0,"span_suspect":0,"stations":[{"station_id":"n442522935","station_name":"Bahnhof Stadelhofen"},{"station_id":"n300383806","station_name":"Bellevue"},{"station_id":"junc:8.54407:47.36702","station_name":""},{"station_id":"n2295223402","station_name":"Bürkliplatz"},{"station_id":"n2295502445","station_name":"Kantonalbank"},{"station_id":"n300835690","station_name":"Paradeplatz"},{"station_id":"n2298056787","station_name":"Stockerstrasse"},{"station_id":"junc:8.53435:47.36751","station_name":""},{"station_id":"n4885628622","station_name":"Tunnelstrasse"},{"station_id":"n4885628624","station_name":"Bahnhof Enge/Bederstrasse"},{"station_id":"n2456957772","station_name":"Waffenplatzstrasse"},{"station_id":"n2456957719","station_name":"Sihlcity Nord"},{"station_id":"n2456957631","station_name":"Saalsporthalle"},{"station_id":"n2456957657","station_name":"Laubegg"}]}],"route_count":2,"route_refs":["13","5"],"route_colors":["#f6c828","#70492c"],"city":"Zurich","country":"Switzerland"},"geometry":{"type":"MultiLineString","coordinates":[[[8.5327986,47.366324],[8.53048375,47.36460635],[8.525969199999999,47.3617202],[8.5226653,47.3597932],[8.5205533,47.3577966],[8.51751145,47.35867125]]]}},{"type":"Feature","properties":{"seg_id":"zurich-15","routes":[{"route_id":"rm7295272","route_name":"Tram 13","route_name_local":"Tram 13","route_name_en":null,"route_ref":"13","route_color":"#f6c828","wikipedia":null,"osm_route_ids":[34913,2807066],"status":null,"order_suspect":0,"span_suspect":0,"stations":[{"station_id":"n2266734171","station_name":"Bahnhofstrasse/HB"},{"station_id":"n81058533","station_name":"Rennweg"},{"station_id":"junc:8.53901:47.37042","station_name":""},{"station_id":"n300835690","station_name":"Paradeplatz"},{"station_id":"n2298056787","station_name":"Stockerstrasse"},{"station_id":"junc:8.53435:47.36751","station_name":""},{"station_id":"n4885628622","station_name":"Tunnelstrasse"},{"station_id":"n4885628624","station_name":"Bahnhof Enge/Bederstrasse"},{"station_id":"n2456957772","station_name":"Waffenplatzstrasse"},{"station_id":"n2456957719","station_name":"Sihlcity Nord"},{"station_id":"n2456957631","station_name":"Saalsporthalle"},{"station_id":"n2456957657","station_name":"Laubegg"},{"station_id":"n4885628642","station_name":"Uetlihof"},{"station_id":"n4885628644","station_name":"Strassenverkehrsamt"},{"station_id":"n3878078020","station_name":"Albisgütli"}]}],"route_count":1,"route_refs":["13"],"route_colors":["#f6c828"],"city":"Zurich","country":"Switzerland"},"geometry":{"type":"MultiLineString","coordinates":[[[8.51751145,47.35867125],[8.513987799999999,47.356731100000005],[8.51131065,47.3531759],[8.507401,47.3519636]]]}},{"type":"Feature","properties":{"seg_id":"zurich-16","routes":[{"route_id":"rm2807033","route_name":"Tram 9","route_name_local":"Tram 9","route_name_en":null,"route_ref":"9","route_color":"#322e71","wikipedia":null,"osm_route_ids":[36293,2807032,7295273,7295274],"status":null,"order_suspect":0,"span_suspect":0,"stations":[{"station_id":"n94689701","station_name":"Hirzenbach"},{"station_id":"n94689707","station_name":"Altried"},{"station_id":"n315282736","station_name":"Luchswiesen"},{"station_id":"n315282475","station_name":"Luegisland"},{"station_id":"n315282473","station_name":"Heerenwiesen"},{"station_id":"junc:8.57345:47.40435","station_name":""},{"station_id":"n1492866260","station_name":"Schwamendingerplatz"},{"station_id":"n256215295","station_name":"Ueberlandpark"},{"station_id":"n256060661","station_name":"Waldgarten"},{"station_id":"n256060663","station_name":"Tierspital"},{"station_id":"n4268738648","station_name":"Milchbuck"},{"station_id":"n256219114","station_name":"Universität Irchel"},{"station_id":"n1986680581","station_name":"Langmauerstrasse"},{"station_id":"n262980090","station_name":"Letzistrasse"},{"station_id":"n262979497","station_name":"Kinkelstrasse"},{"station_id":"n2280219084","station_name":"Seilbahn Rigiblick"},{"station_id":"n2280214788","station_name":"Winkelriedstrasse"},{"station_id":"n2280214780","station_name":"Haldenbach"},{"station_id":"n264501156","station_name":"ETH/Universitätsspital"},{"station_id":"junc:8.55020:47.37471","station_name":""},{"station_id":"n2281278312","station_name":"Kantonsschule"},{"station_id":"n2281314292","station_name":"Kunsthaus"},{"station_id":"n300383806","station_name":"Bellevue"},{"station_id":"junc:8.54407:47.36702","station_name":""},{"station_id":"n2295223402","station_name":"Bürkliplatz"},{"station_id":"n2295502445","station_name":"Kantonalbank"},{"station_id":"n300835690","station_name":"Paradeplatz"},{"station_id":"junc:8.53901:47.37042","station_name":""},{"station_id":"n2275623062","station_name":"Sihlstrasse"},{"station_id":"junc:8.53133:47.37342","station_name":""},{"station_id":"n2275723458","station_name":"Stauffacher"},{"station_id":"junc:8.52852:47.37330","station_name":""},{"station_id":"n2275780152","station_name":"Werd"},{"station_id":"n2275780065","station_name":"Bahnhof Wiedikon"},{"station_id":"n4881705891","station_name":"Schmiede Wiedikon"},{"station_id":"n4881705888","station_name":"Goldbrunnenplatz"},{"station_id":"n4881705886","station_name":"Talwiesenstrasse"},{"station_id":"n4881705884","station_name":"Heuried"},{"station_id":"n4881705882","station_name":"Schaufelbergerstrasse"},{"station_id":"n5105515039","station_name":"Triemli"}]}],"route_count":1,"route_refs":["9"],"route_colors":["#322e71"],"city":"Zurich","country":"Switzerland"},"geometry":{"type":"MultiLineString","coordinates":[[[8.59104715,47.403174050000004],[8.591519949999999,47.405477950000005],[8.5854464,47.40673115],[8.5812548,47.406010550000005],[8.57630615,47.4048612],[8.5734491,47.4043546],[8.571697,47.40472735]]]}},{"type":"Feature","properties":{"seg_id":"zurich-17","routes":[{"route_id":"rm2807033","route_name":"Tram 9","route_name_local":"Tram 9","route_name_en":null,"route_ref":"9","route_color":"#322e71","wikipedia":null,"osm_route_ids":[36293,2807032,7295273,7295274],"status":null,"order_suspect":0,"span_suspect":0,"stations":[{"station_id":"n94689701","station_name":"Hirzenbach"},{"station_id":"n94689707","station_name":"Altried"},{"station_id":"n315282736","station_name":"Luchswiesen"},{"station_id":"n315282475","station_name":"Luegisland"},{"station_id":"n315282473","station_name":"Heerenwiesen"},{"station_id":"junc:8.57345:47.40435","station_name":""},{"station_id":"n1492866260","station_name":"Schwamendingerplatz"},{"station_id":"n256215295","station_name":"Ueberlandpark"},{"station_id":"n256060661","station_name":"Waldgarten"},{"station_id":"n256060663","station_name":"Tierspital"},{"station_id":"n4268738648","station_name":"Milchbuck"},{"station_id":"n256219114","station_name":"Universität Irchel"},{"station_id":"n1986680581","station_name":"Langmauerstrasse"},{"station_id":"n262980090","station_name":"Letzistrasse"},{"station_id":"n262979497","station_name":"Kinkelstrasse"},{"station_id":"n2280219084","station_name":"Seilbahn Rigiblick"},{"station_id":"n2280214788","station_name":"Winkelriedstrasse"},{"station_id":"n2280214780","station_name":"Haldenbach"},{"station_id":"n264501156","station_name":"ETH/Universitätsspital"},{"station_id":"junc:8.55020:47.37471","station_name":""},{"station_id":"n2281278312","station_name":"Kantonsschule"},{"station_id":"n2281314292","station_name":"Kunsthaus"},{"station_id":"n300383806","station_name":"Bellevue"},{"station_id":"junc:8.54407:47.36702","station_name":""},{"station_id":"n2295223402","station_name":"Bürkliplatz"},{"station_id":"n2295502445","station_name":"Kantonalbank"},{"station_id":"n300835690","station_name":"Paradeplatz"},{"station_id":"junc:8.53901:47.37042","station_name":""},{"station_id":"n2275623062","station_name":"Sihlstrasse"},{"station_id":"junc:8.53133:47.37342","station_name":""},{"station_id":"n2275723458","station_name":"Stauffacher"},{"station_id":"junc:8.52852:47.37330","station_name":""},{"station_id":"n2275780152","station_name":"Werd"},{"station_id":"n2275780065","station_name":"Bahnhof Wiedikon"},{"station_id":"n4881705891","station_name":"Schmiede Wiedikon"},{"station_id":"n4881705888","station_name":"Goldbrunnenplatz"},{"station_id":"n4881705886","station_name":"Talwiesenstrasse"},{"station_id":"n4881705884","station_name":"Heuried"},{"station_id":"n4881705882","station_name":"Schaufelbergerstrasse"},{"station_id":"n5105515039","station_name":"Triemli"}]}],"route_count":1,"route_refs":["9"],"route_colors":["#322e71"],"city":"Zurich","country":"Switzerland"},"geometry":{"type":"MultiLineString","coordinates":[[[8.548123466666667,47.37723193333333],[8.5501984,47.3747123],[8.5504468,47.3726414]]]}},{"type":"Feature","properties":{"seg_id":"zurich-18","routes":[{"route_id":"rm2807033","route_name":"Tram 9","route_name_local":"Tram 9","route_name_en":null,"route_ref":"9","route_color":"#322e71","wikipedia":null,"osm_route_ids":[36293,2807032,7295273,7295274],"status":null,"order_suspect":0,"span_suspect":0,"stations":[{"station_id":"n94689701","station_name":"Hirzenbach"},{"station_id":"n94689707","station_name":"Altried"},{"station_id":"n315282736","station_name":"Luchswiesen"},{"station_id":"n315282475","station_name":"Luegisland"},{"station_id":"n315282473","station_name":"Heerenwiesen"},{"station_id":"junc:8.57345:47.40435","station_name":""},{"station_id":"n1492866260","station_name":"Schwamendingerplatz"},{"station_id":"n256215295","station_name":"Ueberlandpark"},{"station_id":"n256060661","station_name":"Waldgarten"},{"station_id":"n256060663","station_name":"Tierspital"},{"station_id":"n4268738648","station_name":"Milchbuck"},{"station_id":"n256219114","station_name":"Universität Irchel"},{"station_id":"n1986680581","station_name":"Langmauerstrasse"},{"station_id":"n262980090","station_name":"Letzistrasse"},{"station_id":"n262979497","station_name":"Kinkelstrasse"},{"station_id":"n2280219084","station_name":"Seilbahn Rigiblick"},{"station_id":"n2280214788","station_name":"Winkelriedstrasse"},{"station_id":"n2280214780","station_name":"Haldenbach"},{"station_id":"n264501156","station_name":"ETH/Universitätsspital"},{"station_id":"junc:8.55020:47.37471","station_name":""},{"station_id":"n2281278312","station_name":"Kantonsschule"},{"station_id":"n2281314292","station_name":"Kunsthaus"},{"station_id":"n300383806","station_name":"Bellevue"},{"station_id":"junc:8.54407:47.36702","station_name":""},{"station_id":"n2295223402","station_name":"Bürkliplatz"},{"station_id":"n2295502445","station_name":"Kantonalbank"},{"station_id":"n300835690","station_name":"Paradeplatz"},{"station_id":"junc:8.53901:47.37042","station_name":""},{"station_id":"n2275623062","station_name":"Sihlstrasse"},{"station_id":"junc:8.53133:47.37342","station_name":""},{"station_id":"n2275723458","station_name":"Stauffacher"},{"station_id":"junc:8.52852:47.37330","station_name":""},{"station_id":"n2275780152","station_name":"Werd"},{"station_id":"n2275780065","station_name":"Bahnhof Wiedikon"},{"station_id":"n4881705891","station_name":"Schmiede Wiedikon"},{"station_id":"n4881705888","station_name":"Goldbrunnenplatz"},{"station_id":"n4881705886","station_name":"Talwiesenstrasse"},{"station_id":"n4881705884","station_name":"Heuried"},{"station_id":"n4881705882","station_name":"Schaufelbergerstrasse"},{"station_id":"n5105515039","station_name":"Triemli"}]},{"route_id":"rm2807030","route_name":"Tram 7","route_name_local":"Tram 7","route_name_en":null,"route_ref":"7","route_color":"#000000","wikipedia":null,"osm_route_ids":[49150,2807029],"status":null,"order_suspect":0,"span_suspect":0,"stations":[{"station_id":"n2457029147","station_name":"Wollishoferplatz"},{"station_id":"n4885862791","station_name":"Butzenstrasse"},{"station_id":"n2457029194","station_name":"Morgental"},{"station_id":"n2457029233","station_name":"Renggerstrasse"},{"station_id":"n4885862788","station_name":"Bahnhof Wollishofen/Staubstrasse"},{"station_id":"n4885862781","station_name":"Billoweg"},{"station_id":"n2457029297","station_name":"Brunaustrasse"},{"station_id":"n4885862778","station_name":"Museum Rietberg"},{"station_id":"n2308599361","station_name":"Bahnhof Enge"},{"station_id":"n4885628622","station_name":"Tunnelstrasse"},{"station_id":"junc:8.53435:47.36751","station_name":""},{"station_id":"n2298056787","station_name":"Stockerstrasse"},{"station_id":"n300835690","station_name":"Paradeplatz"},{"station_id":"junc:8.53901:47.37042","station_name":""},{"station_id":"n81058533","station_name":"Rennweg"},{"station_id":"n2266734171","station_name":"Bahnhofstrasse/HB"},{"station_id":"junc:8.54032:47.37697","station_name":""},{"station_id":"n255265239","station_name":"Central"},{"station_id":"n236812338","station_name":"Haldenegg"},{"station_id":"n4880303435","station_name":"Sonneggstrasse"},{"station_id":"n2281886724","station_name":"Ottikerstrasse"},{"station_id":"n4880303437","station_name":"Röslistrasse"},{"station_id":"n5104780267","station_name":"Schaffhauserplatz"},{"station_id":"n253216855","station_name":"Guggachstrasse"},{"station_id":"n4268738648","station_name":"Milchbuck"},{"station_id":"n256060663","station_name":"Tierspital"},{"station_id":"n256060661","station_name":"Waldgarten"},{"station_id":"n256215295","station_name":"Ueberlandpark"},{"station_id":"n1492866260","station_name":"Schwamendingerplatz"},{"station_id":"junc:8.57345:47.40435","station_name":""},{"station_id":"n2289567761","station_name":"Roswiesen"},{"station_id":"n1492865475","station_name":"Glattwiesen"},{"station_id":"n4885862795","station_name":"Probstei"},{"station_id":"n1492865477","station_name":"Mattenhof"},{"station_id":"n1053691521","station_name":"Bahnhof Stettbach"}]}],"route_count":2,"route_refs":["9","7"],"route_colors":["#322e71","#000000"],"city":"Zurich","country":"Switzerland"},"geometry":{"type":"MultiLineString","coordinates":[[[8.571697,47.40472735],[8.56413955,47.40615135],[8.55751365,47.40383705],[8.55218595,47.40188565],[8.54188805,47.39779985]]]}},{"type":"Feature","properties":{"seg_id":"zurich-19","routes":[{"route_id":"rm2807033","route_name":"Tram 9","route_name_local":"Tram 9","route_name_en":null,"route_ref":"9","route_color":"#322e71","wikipedia":null,"osm_route_ids":[36293,2807032,7295273,7295274],"status":null,"order_suspect":0,"span_suspect":0,"stations":[{"station_id":"n94689701","station_name":"Hirzenbach"},{"station_id":"n94689707","station_name":"Altried"},{"station_id":"n315282736","station_name":"Luchswiesen"},{"station_id":"n315282475","station_name":"Luegisland"},{"station_id":"n315282473","station_name":"Heerenwiesen"},{"station_id":"junc:8.57345:47.40435","station_name":""},{"station_id":"n1492866260","station_name":"Schwamendingerplatz"},{"station_id":"n256215295","station_name":"Ueberlandpark"},{"station_id":"n256060661","station_name":"Waldgarten"},{"station_id":"n256060663","station_name":"Tierspital"},{"station_id":"n4268738648","station_name":"Milchbuck"},{"station_id":"n256219114","station_name":"Universität Irchel"},{"station_id":"n1986680581","station_name":"Langmauerstrasse"},{"station_id":"n262980090","station_name":"Letzistrasse"},{"station_id":"n262979497","station_name":"Kinkelstrasse"},{"station_id":"n2280219084","station_name":"Seilbahn Rigiblick"},{"station_id":"n2280214788","station_name":"Winkelriedstrasse"},{"station_id":"n2280214780","station_name":"Haldenbach"},{"station_id":"n264501156","station_name":"ETH/Universitätsspital"},{"station_id":"junc:8.55020:47.37471","station_name":""},{"station_id":"n2281278312","station_name":"Kantonsschule"},{"station_id":"n2281314292","station_name":"Kunsthaus"},{"station_id":"n300383806","station_name":"Bellevue"},{"station_id":"junc:8.54407:47.36702","station_name":""},{"station_id":"n2295223402","station_name":"Bürkliplatz"},{"station_id":"n2295502445","station_name":"Kantonalbank"},{"station_id":"n300835690","station_name":"Paradeplatz"},{"station_id":"junc:8.53901:47.37042","station_name":""},{"station_id":"n2275623062","station_name":"Sihlstrasse"},{"station_id":"junc:8.53133:47.37342","station_name":""},{"station_id":"n2275723458","station_name":"Stauffacher"},{"station_id":"junc:8.52852:47.37330","station_name":""},{"station_id":"n2275780152","station_name":"Werd"},{"station_id":"n2275780065","station_name":"Bahnhof Wiedikon"},{"station_id":"n4881705891","station_name":"Schmiede Wiedikon"},{"station_id":"n4881705888","station_name":"Goldbrunnenplatz"},{"station_id":"n4881705886","station_name":"Talwiesenstrasse"},{"station_id":"n4881705884","station_name":"Heuried"},{"station_id":"n4881705882","station_name":"Schaufelbergerstrasse"},{"station_id":"n5105515039","station_name":"Triemli"}]},{"route_id":"rm2799185","route_name":"Tram 10","route_name_local":"Tram 10","route_name_en":null,"route_ref":"10","route_color":"#ce1f75","wikipedia":null,"osm_route_ids":[53006,2799184,10412927,10412930],"status":null,"order_suspect":0,"span_suspect":0,"stations":[{"station_id":"n318423928","station_name":"Fracht"},{"station_id":"n318422232","station_name":"Zürich Flughafen"},{"station_id":"n1205501634","station_name":"Bahnhof Balsberg"},{"station_id":"n318434654","station_name":"Unterriet"},{"station_id":"n318434490","station_name":"Bäuler"},{"station_id":"n318434210","station_name":"Bahnhof Glattbrugg"},{"station_id":"n318413526","station_name":"Lindberghplatz"},{"station_id":"n251202274","station_name":"Glattpark"},{"station_id":"n2289408202","station_name":"Oerlikerhus"},{"station_id":"n1587565392","station_name":"Leutschenbach"},{"station_id":"n2282310552","station_name":"Bahnhof Oerlikon Ost"},{"station_id":"n2284103170","station_name":"Sternen Oerlikon"},{"station_id":"n2282178049","station_name":"Salersteig"},{"station_id":"n2282178028","station_name":"Berninaplatz"},{"station_id":"n1287709955","station_name":"Hirschwiesenstrasse"},{"station_id":"n4268738648","station_name":"Milchbuck"},{"station_id":"n256219114","station_name":"Universität Irchel"},{"station_id":"n1986680581","station_name":"Langmauerstrasse"},{"station_id":"n262980090","station_name":"Letzistrasse"},{"station_id":"n262979497","station_name":"Kinkelstrasse"},{"station_id":"n2280219084","station_name":"Seilbahn Rigiblick"},{"station_id":"n2280214788","station_name":"Winkelriedstrasse"},{"station_id":"n2280214780","station_name":"Haldenbach"},{"station_id":"n264501156","station_name":"ETH/Universitätsspital"},{"station_id":"n236812338","station_name":"Haldenegg"},{"station_id":"n255265239","station_name":"Central"},{"station_id":"junc:8.54032:47.37697","station_name":""},{"station_id":"n4881705897","station_name":"Bahnhofplatz/HB"}]}],"route_count":2,"route_refs":["9","10"],"route_colors":["#322e71","#ce1f75"],"city":"Zurich","country":"Switzerland"},"geometry":{"type":"MultiLineString","coordinates":[[[8.54188805,47.39779985],[8.5447425,47.3962068],[8.54497945,47.39356505],[8.54547,47.390703349999995],[8.546359500000001,47.38891735],[8.548337499999999,47.385895399999995],[8.54816235,47.3830748],[8.54814655,47.38023325],[8.548123466666667,47.37723193333333]]]}},{"type":"Feature","properties":{"seg_id":"zurich-20","routes":[{"route_id":"rm2807033","route_name":"Tram 9","route_name_local":"Tram 9","route_name_en":null,"route_ref":"9","route_color":"#322e71","wikipedia":null,"osm_route_ids":[36293,2807032,7295273,7295274],"status":null,"order_suspect":0,"span_suspect":0,"stations":[{"station_id":"n94689701","station_name":"Hirzenbach"},{"station_id":"n94689707","station_name":"Altried"},{"station_id":"n315282736","station_name":"Luchswiesen"},{"station_id":"n315282475","station_name":"Luegisland"},{"station_id":"n315282473","station_name":"Heerenwiesen"},{"station_id":"junc:8.57345:47.40435","station_name":""},{"station_id":"n1492866260","station_name":"Schwamendingerplatz"},{"station_id":"n256215295","station_name":"Ueberlandpark"},{"station_id":"n256060661","station_name":"Waldgarten"},{"station_id":"n256060663","station_name":"Tierspital"},{"station_id":"n4268738648","station_name":"Milchbuck"},{"station_id":"n256219114","station_name":"Universität Irchel"},{"station_id":"n1986680581","station_name":"Langmauerstrasse"},{"station_id":"n262980090","station_name":"Letzistrasse"},{"station_id":"n262979497","station_name":"Kinkelstrasse"},{"station_id":"n2280219084","station_name":"Seilbahn Rigiblick"},{"station_id":"n2280214788","station_name":"Winkelriedstrasse"},{"station_id":"n2280214780","station_name":"Haldenbach"},{"station_id":"n264501156","station_name":"ETH/Universitätsspital"},{"station_id":"junc:8.55020:47.37471","station_name":""},{"station_id":"n2281278312","station_name":"Kantonsschule"},{"station_id":"n2281314292","station_name":"Kunsthaus"},{"station_id":"n300383806","station_name":"Bellevue"},{"station_id":"junc:8.54407:47.36702","station_name":""},{"station_id":"n2295223402","station_name":"Bürkliplatz"},{"station_id":"n2295502445","station_name":"Kantonalbank"},{"station_id":"n300835690","station_name":"Paradeplatz"},{"station_id":"junc:8.53901:47.37042","station_name":""},{"station_id":"n2275623062","station_name":"Sihlstrasse"},{"station_id":"junc:8.53133:47.37342","station_name":""},{"station_id":"n2275723458","station_name":"Stauffacher"},{"station_id":"junc:8.52852:47.37330","station_name":""},{"station_id":"n2275780152","station_name":"Werd"},{"station_id":"n2275780065","station_name":"Bahnhof Wiedikon"},{"station_id":"n4881705891","station_name":"Schmiede Wiedikon"},{"station_id":"n4881705888","station_name":"Goldbrunnenplatz"},{"station_id":"n4881705886","station_name":"Talwiesenstrasse"},{"station_id":"n4881705884","station_name":"Heuried"},{"station_id":"n4881705882","station_name":"Schaufelbergerstrasse"},{"station_id":"n5105515039","station_name":"Triemli"}]},{"route_id":"rm2807068","route_name":"Tram 11","route_name_local":"Tram 11","route_name_en":null,"route_ref":"11","route_color":"#00923c","wikipedia":null,"osm_route_ids":[49167,2807065],"status":null,"order_suspect":0,"span_suspect":0,"stations":[{"station_id":"n255265239","station_name":"Central"},{"station_id":"junc:8.54032:47.37697","station_name":""},{"station_id":"n2266734171","station_name":"Bahnhofstrasse/HB"},{"station_id":"n81058533","station_name":"Rennweg"},{"station_id":"junc:8.53901:47.37042","station_name":""},{"station_id":"n300835690","station_name":"Paradeplatz"},{"station_id":"n2295502445","station_name":"Kantonalbank"},{"station_id":"n2295223402","station_name":"Bürkliplatz"},{"station_id":"junc:8.54407:47.36702","station_name":""},{"station_id":"n300383806","station_name":"Bellevue"},{"station_id":"n2296903094","station_name":"Opernhaus"},{"station_id":"n2296903069","station_name":"Kreuzstrasse"},{"station_id":"n2296910030","station_name":"Feldeggstrasse"},{"station_id":"n2296903044","station_name":"Höschgasse"},{"station_id":"n2296903024","station_name":"Fröhlichstrasse"},{"station_id":"n2296903015","station_name":"Wildbachstrasse"},{"station_id":"n1291615900","station_name":"Bahnhof Tiefenbrunnen"}]},{"route_id":"rm2807095","route_name":"Tram 2","route_name_local":"Tram 2","route_name_en":null,"route_ref":"2","route_color":"#cb0a25","wikipedia":null,"osm_route_ids":[53911,2807094],"status":null,"order_suspect":0,"span_suspect":0,"stations":[{"station_id":"n6605743616","station_name":"Geissweid"},{"station_id":"junc:8.44559:47.39811","station_name":""},{"station_id":"n6605743614","station_name":"Schlieren Zentrum/Bahnhof"},{"station_id":"n6605743612","station_name":"Wagonsfabrik"},{"station_id":"n6605743610","station_name":"Gasometerbrücke"},{"station_id":"n1917116631","station_name":"Mülligen"},{"station_id":"n6605743598","station_name":"Micafil"},{"station_id":"n6611612258","station_name":"Farbhof"},{"station_id":"n4883792920","station_name":"Bachmattstrasse"},{"station_id":"n2277081751","station_name":"Lindenplatz"},{"station_id":"n2277081658","station_name":"Grimselstrasse"},{"station_id":"n2277081581","station_name":"Kappeli"},{"station_id":"n2277081523","station_name":"Freihofstrasse"},{"station_id":"n2277081498","station_name":"Letzigrund"},{"station_id":"n2277024815","station_name":"Albisriederplatz"},{"station_id":"n2277024795","station_name":"Zypressenstrasse"},{"station_id":"n2277024767","station_name":"Lochergut"},{"station_id":"n2275787476","station_name":"Kalkbreite/Bhf. Wiedikon"},{"station_id":"n2275787444","station_name":"Bezirksgebäude"},{"station_id":"junc:8.52852:47.37330","station_name":""},{"station_id":"n2275723458","station_name":"Stauffacher"},{"station_id":"junc:8.53133:47.37342","station_name":""},{"station_id":"n2275623062","station_name":"Sihlstrasse"},{"station_id":"junc:8.53901:47.37042","station_name":""},{"station_id":"n300835690","station_name":"Paradeplatz"},{"station_id":"n2295502445","station_name":"Kantonalbank"},{"station_id":"n2295223402","station_name":"Bürkliplatz"},{"station_id":"junc:8.54407:47.36702","station_name":""},{"station_id":"n300383806","station_name":"Bellevue"},{"station_id":"n442522935","station_name":"Bahnhof Stadelhofen"},{"station_id":"n2296934594","station_name":"Kreuzplatz"},{"station_id":"n4880303433","station_name":"Englischviertelstrasse"},{"station_id":"n2296953085","station_name":"Römerhof"},{"station_id":"junc:8.56077:47.36766","station_name":""},{"station_id":"n2640649199","station_name":"Hölderlinstrasse"},{"station_id":"n316704413","station_name":"Klusplatz"}]},{"route_id":"rm2807017","route_name":"Tram 5","route_name_local":"Tram 5","route_name_en":null,"route_ref":"5","route_color":"#70492c","wikipedia":null,"osm_route_ids":[2807015,2807016],"status":null,"order_suspect":0,"span_suspect":0,"stations":[{"station_id":"n442522935","station_name":"Bahnhof Stadelhofen"},{"station_id":"n300383806","station_name":"Bellevue"},{"station_id":"junc:8.54407:47.36702","station_name":""},{"station_id":"n2295223402","station_name":"Bürkliplatz"},{"station_id":"n2295502445","station_name":"Kantonalbank"},{"station_id":"n300835690","station_name":"Paradeplatz"},{"station_id":"n2298056787","station_name":"Stockerstrasse"},{"station_id":"junc:8.53435:47.36751","station_name":""},{"station_id":"n4885628622","station_name":"Tunnelstrasse"},{"station_id":"n4885628624","station_name":"Bahnhof Enge/Bederstrasse"},{"station_id":"n2456957772","station_name":"Waffenplatzstrasse"},{"station_id":"n2456957719","station_name":"Sihlcity Nord"},{"station_id":"n2456957631","station_name":"Saalsporthalle"},{"station_id":"n2456957657","station_name":"Laubegg"}]}],"route_count":4,"route_refs":["9","11","2","5"],"route_colors":["#322e71","#00923c","#cb0a25","#70492c"],"city":"Zurich","country":"Switzerland"},"geometry":{"type":"MultiLineString","coordinates":[[[8.5413505,47.36652155],[8.5398526,47.368195],[8.539054666666667,47.3697433]]]}},{"type":"Feature","properties":{"seg_id":"zurich-21","routes":[{"route_id":"rm2807033","route_name":"Tram 9","route_name_local":"Tram 9","route_name_en":null,"route_ref":"9","route_color":"#322e71","wikipedia":null,"osm_route_ids":[36293,2807032,7295273,7295274],"status":null,"order_suspect":0,"span_suspect":0,"stations":[{"station_id":"n94689701","station_name":"Hirzenbach"},{"station_id":"n94689707","station_name":"Altried"},{"station_id":"n315282736","station_name":"Luchswiesen"},{"station_id":"n315282475","station_name":"Luegisland"},{"station_id":"n315282473","station_name":"Heerenwiesen"},{"station_id":"junc:8.57345:47.40435","station_name":""},{"station_id":"n1492866260","station_name":"Schwamendingerplatz"},{"station_id":"n256215295","station_name":"Ueberlandpark"},{"station_id":"n256060661","station_name":"Waldgarten"},{"station_id":"n256060663","station_name":"Tierspital"},{"station_id":"n4268738648","station_name":"Milchbuck"},{"station_id":"n256219114","station_name":"Universität Irchel"},{"station_id":"n1986680581","station_name":"Langmauerstrasse"},{"station_id":"n262980090","station_name":"Letzistrasse"},{"station_id":"n262979497","station_name":"Kinkelstrasse"},{"station_id":"n2280219084","station_name":"Seilbahn Rigiblick"},{"station_id":"n2280214788","station_name":"Winkelriedstrasse"},{"station_id":"n2280214780","station_name":"Haldenbach"},{"station_id":"n264501156","station_name":"ETH/Universitätsspital"},{"station_id":"junc:8.55020:47.37471","station_name":""},{"station_id":"n2281278312","station_name":"Kantonsschule"},{"station_id":"n2281314292","station_name":"Kunsthaus"},{"station_id":"n300383806","station_name":"Bellevue"},{"station_id":"junc:8.54407:47.36702","station_name":""},{"station_id":"n2295223402","station_name":"Bürkliplatz"},{"station_id":"n2295502445","station_name":"Kantonalbank"},{"station_id":"n300835690","station_name":"Paradeplatz"},{"station_id":"junc:8.53901:47.37042","station_name":""},{"station_id":"n2275623062","station_name":"Sihlstrasse"},{"station_id":"junc:8.53133:47.37342","station_name":""},{"station_id":"n2275723458","station_name":"Stauffacher"},{"station_id":"junc:8.52852:47.37330","station_name":""},{"station_id":"n2275780152","station_name":"Werd"},{"station_id":"n2275780065","station_name":"Bahnhof Wiedikon"},{"station_id":"n4881705891","station_name":"Schmiede Wiedikon"},{"station_id":"n4881705888","station_name":"Goldbrunnenplatz"},{"station_id":"n4881705886","station_name":"Talwiesenstrasse"},{"station_id":"n4881705884","station_name":"Heuried"},{"station_id":"n4881705882","station_name":"Schaufelbergerstrasse"},{"station_id":"n5105515039","station_name":"Triemli"}]},{"route_id":"rm2807095","route_name":"Tram 2","route_name_local":"Tram 2","route_name_en":null,"route_ref":"2","route_color":"#cb0a25","wikipedia":null,"osm_route_ids":[53911,2807094],"status":null,"order_suspect":0,"span_suspect":0,"stations":[{"station_id":"n6605743616","station_name":"Geissweid"},{"station_id":"junc:8.44559:47.39811","station_name":""},{"station_id":"n6605743614","station_name":"Schlieren Zentrum/Bahnhof"},{"station_id":"n6605743612","station_name":"Wagonsfabrik"},{"station_id":"n6605743610","station_name":"Gasometerbrücke"},{"station_id":"n1917116631","station_name":"Mülligen"},{"station_id":"n6605743598","station_name":"Micafil"},{"station_id":"n6611612258","station_name":"Farbhof"},{"station_id":"n4883792920","station_name":"Bachmattstrasse"},{"station_id":"n2277081751","station_name":"Lindenplatz"},{"station_id":"n2277081658","station_name":"Grimselstrasse"},{"station_id":"n2277081581","station_name":"Kappeli"},{"station_id":"n2277081523","station_name":"Freihofstrasse"},{"station_id":"n2277081498","station_name":"Letzigrund"},{"station_id":"n2277024815","station_name":"Albisriederplatz"},{"station_id":"n2277024795","station_name":"Zypressenstrasse"},{"station_id":"n2277024767","station_name":"Lochergut"},{"station_id":"n2275787476","station_name":"Kalkbreite/Bhf. Wiedikon"},{"station_id":"n2275787444","station_name":"Bezirksgebäude"},{"station_id":"junc:8.52852:47.37330","station_name":""},{"station_id":"n2275723458","station_name":"Stauffacher"},{"station_id":"junc:8.53133:47.37342","station_name":""},{"station_id":"n2275623062","station_name":"Sihlstrasse"},{"station_id":"junc:8.53901:47.37042","station_name":""},{"station_id":"n300835690","station_name":"Paradeplatz"},{"station_id":"n2295502445","station_name":"Kantonalbank"},{"station_id":"n2295223402","station_name":"Bürkliplatz"},{"station_id":"junc:8.54407:47.36702","station_name":""},{"station_id":"n300383806","station_name":"Bellevue"},{"station_id":"n442522935","station_name":"Bahnhof Stadelhofen"},{"station_id":"n2296934594","station_name":"Kreuzplatz"},{"station_id":"n4880303433","station_name":"Englischviertelstrasse"},{"station_id":"n2296953085","station_name":"Römerhof"},{"station_id":"junc:8.56077:47.36766","station_name":""},{"station_id":"n2640649199","station_name":"Hölderlinstrasse"},{"station_id":"n316704413","station_name":"Klusplatz"}]}],"route_count":2,"route_refs":["9","2"],"route_colors":["#322e71","#cb0a25"],"city":"Zurich","country":"Switzerland"},"geometry":{"type":"MultiLineString","coordinates":[[[8.539054666666667,47.3697433],[8.5390111,47.3704191],[8.5347305,47.3722848],[8.5313312,47.3734199],[8.529538371428572,47.37334735714285]]]}},{"type":"Feature","properties":{"seg_id":"zurich-22","routes":[{"route_id":"rm2807033","route_name":"Tram 9","route_name_local":"Tram 9","route_name_en":null,"route_ref":"9","route_color":"#322e71","wikipedia":null,"osm_route_ids":[36293,2807032,7295273,7295274],"status":null,"order_suspect":0,"span_suspect":0,"stations":[{"station_id":"n94689701","station_name":"Hirzenbach"},{"station_id":"n94689707","station_name":"Altried"},{"station_id":"n315282736","station_name":"Luchswiesen"},{"station_id":"n315282475","station_name":"Luegisland"},{"station_id":"n315282473","station_name":"Heerenwiesen"},{"station_id":"junc:8.57345:47.40435","station_name":""},{"station_id":"n1492866260","station_name":"Schwamendingerplatz"},{"station_id":"n256215295","station_name":"Ueberlandpark"},{"station_id":"n256060661","station_name":"Waldgarten"},{"station_id":"n256060663","station_name":"Tierspital"},{"station_id":"n4268738648","station_name":"Milchbuck"},{"station_id":"n256219114","station_name":"Universität Irchel"},{"station_id":"n1986680581","station_name":"Langmauerstrasse"},{"station_id":"n262980090","station_name":"Letzistrasse"},{"station_id":"n262979497","station_name":"Kinkelstrasse"},{"station_id":"n2280219084","station_name":"Seilbahn Rigiblick"},{"station_id":"n2280214788","station_name":"Winkelriedstrasse"},{"station_id":"n2280214780","station_name":"Haldenbach"},{"station_id":"n264501156","station_name":"ETH/Universitätsspital"},{"station_id":"junc:8.55020:47.37471","station_name":""},{"station_id":"n2281278312","station_name":"Kantonsschule"},{"station_id":"n2281314292","station_name":"Kunsthaus"},{"station_id":"n300383806","station_name":"Bellevue"},{"station_id":"junc:8.54407:47.36702","station_name":""},{"station_id":"n2295223402","station_name":"Bürkliplatz"},{"station_id":"n2295502445","station_name":"Kantonalbank"},{"station_id":"n300835690","station_name":"Paradeplatz"},{"station_id":"junc:8.53901:47.37042","station_name":""},{"station_id":"n2275623062","station_name":"Sihlstrasse"},{"station_id":"junc:8.53133:47.37342","station_name":""},{"station_id":"n2275723458","station_name":"Stauffacher"},{"station_id":"junc:8.52852:47.37330","station_name":""},{"station_id":"n2275780152","station_name":"Werd"},{"station_id":"n2275780065","station_name":"Bahnhof Wiedikon"},{"station_id":"n4881705891","station_name":"Schmiede Wiedikon"},{"station_id":"n4881705888","station_name":"Goldbrunnenplatz"},{"station_id":"n4881705886","station_name":"Talwiesenstrasse"},{"station_id":"n4881705884","station_name":"Heuried"},{"station_id":"n4881705882","station_name":"Schaufelbergerstrasse"},{"station_id":"n5105515039","station_name":"Triemli"}]},{"route_id":"rm2807051","route_name":"Tram 14","route_name_local":"Tram 14","route_name_en":null,"route_ref":"14","route_color":"#0093d0","wikipedia":null,"osm_route_ids":[49733,2807050],"status":null,"order_suspect":0,"span_suspect":0,"stations":[{"station_id":"n4881705897","station_name":"Bahnhofplatz/HB"},{"station_id":"n2267084736","station_name":"Löwenplatz"},{"station_id":"junc:8.53654:47.37585","station_name":""},{"station_id":"n1811870009","station_name":"Sihlpost/HB"},{"station_id":"junc:8.53133:47.37342","station_name":""},{"station_id":"n2275723458","station_name":"Stauffacher"},{"station_id":"junc:8.52852:47.37330","station_name":""},{"station_id":"n2275780152","station_name":"Werd"},{"station_id":"n2275780065","station_name":"Bahnhof Wiedikon"},{"station_id":"n4881705891","station_name":"Schmiede Wiedikon"},{"station_id":"n4881705888","station_name":"Goldbrunnenplatz"},{"station_id":"n4881705886","station_name":"Talwiesenstrasse"},{"station_id":"n4881705884","station_name":"Heuried"},{"station_id":"n4881705882","station_name":"Schaufelbergerstrasse"},{"station_id":"n5105515039","station_name":"Triemli"}]}],"route_count":2,"route_refs":["9","14"],"route_colors":["#322e71","#0093d0"],"city":"Zurich","country":"Switzerland"},"geometry":{"type":"MultiLineString","coordinates":[[[8.529538371428572,47.37334735714285],[8.5285217,47.3732957],[8.5268993,47.37259215],[8.52390115,47.371230249999996],[8.51930355,47.370078050000004],[8.5138877,47.37029195],[8.5095272,47.36982155],[8.5064541,47.36945],[8.50196265,47.36891225],[8.49536315,47.3677754]]]}},{"type":"Feature","properties":{"seg_id":"zurich-23","routes":[{"route_id":"rm2807089","route_name":"Tram 4","route_name_local":"Tram 4","route_name_en":null,"route_ref":"4","route_color":"#322e71","wikipedia":null,"osm_route_ids":[48677,2807088],"status":null,"order_suspect":0,"span_suspect":0,"stations":[{"station_id":"n2266734171","station_name":"Bahnhofstrasse/HB"},{"station_id":"junc:8.54032:47.37697","station_name":""},{"station_id":"n255265239","station_name":"Central"},{"station_id":"n2275466607","station_name":"Rudolf-Brun-Brücke"},{"station_id":"n2295038229","station_name":"Rathaus"},{"station_id":"n2295038207","station_name":"Helmhaus"},{"station_id":"junc:8.54407:47.36702","station_name":""},{"station_id":"n300383806","station_name":"Bellevue"},{"station_id":"n442522935","station_name":"Bahnhof Stadelhofen"},{"station_id":"n2296934594","station_name":"Kreuzplatz"},{"station_id":"n2297344125","station_name":"Signaustrasse"},{"station_id":"n2297344098","station_name":"Hegibachplatz"},{"station_id":"n2297460997","station_name":"Hedwigsteig"},{"station_id":"n2297460959","station_name":"Wetlistrasse"},{"station_id":"n2297460951","station_name":"Burgwies"},{"station_id":"n2297460899","station_name":"Balgrist"},{"station_id":"n2297460815","station_name":"Friedhof Enzenbühl"},{"station_id":"junc:8.58189:47.35107","station_name":""},{"station_id":"n142205089","station_name":"Rehalp"}]},{"route_id":"rm2807117","route_name":"Tram 15","route_name_local":"Tram 15","route_name_en":null,"route_ref":"15","route_color":"#cb0a25","wikipedia":null,"osm_route_ids":[48679,2807115],"status":null,"order_suspect":0,"span_suspect":0,"stations":[{"station_id":"n2266734171","station_name":"Bahnhofstrasse/HB"},{"station_id":"junc:8.54032:47.37697","station_name":""},{"station_id":"n255265239","station_name":"Central"},{"station_id":"n2275466607","station_name":"Rudolf-Brun-Brücke"},{"station_id":"n2295038229","station_name":"Rathaus"},{"station_id":"n2295038207","station_name":"Helmhaus"},{"station_id":"junc:8.54407:47.36702","station_name":""},{"station_id":"n300383806","station_name":"Bellevue"},{"station_id":"n2296903094","station_name":"Opernhaus"},{"station_id":"n2296903069","station_name":"Kreuzstrasse"},{"station_id":"n2296910030","station_name":"Feldeggstrasse"},{"station_id":"n2296903044","station_name":"Höschgasse"},{"station_id":"n2296903024","station_name":"Fröhlichstrasse"},{"station_id":"n2296903015","station_name":"Wildbachstrasse"},{"station_id":"n1291615900","station_name":"Bahnhof Tiefenbrunnen"}]},{"route_id":"rm2807030","route_name":"Tram 7","route_name_local":"Tram 7","route_name_en":null,"route_ref":"7","route_color":"#000000","wikipedia":null,"osm_route_ids":[49150,2807029],"status":null,"order_suspect":0,"span_suspect":0,"stations":[{"station_id":"n2457029147","station_name":"Wollishoferplatz"},{"station_id":"n4885862791","station_name":"Butzenstrasse"},{"station_id":"n2457029194","station_name":"Morgental"},{"station_id":"n2457029233","station_name":"Renggerstrasse"},{"station_id":"n4885862788","station_name":"Bahnhof Wollishofen/Staubstrasse"},{"station_id":"n4885862781","station_name":"Billoweg"},{"station_id":"n2457029297","station_name":"Brunaustrasse"},{"station_id":"n4885862778","station_name":"Museum Rietberg"},{"station_id":"n2308599361","station_name":"Bahnhof Enge"},{"station_id":"n4885628622","station_name":"Tunnelstrasse"},{"station_id":"junc:8.53435:47.36751","station_name":""},{"station_id":"n2298056787","station_name":"Stockerstrasse"},{"station_id":"n300835690","station_name":"Paradeplatz"},{"station_id":"junc:8.53901:47.37042","station_name":""},{"station_id":"n81058533","station_name":"Rennweg"},{"station_id":"n2266734171","station_name":"Bahnhofstrasse/HB"},{"station_id":"junc:8.54032:47.37697","station_name":""},{"station_id":"n255265239","station_name":"Central"},{"station_id":"n236812338","station_name":"Haldenegg"},{"station_id":"n4880303435","station_name":"Sonneggstrasse"},{"station_id":"n2281886724","station_name":"Ottikerstrasse"},{"station_id":"n4880303437","station_name":"Röslistrasse"},{"station_id":"n5104780267","station_name":"Schaffhauserplatz"},{"station_id":"n253216855","station_name":"Guggachstrasse"},{"station_id":"n4268738648","station_name":"Milchbuck"},{"station_id":"n256060663","station_name":"Tierspital"},{"station_id":"n256060661","station_name":"Waldgarten"},{"station_id":"n256215295","station_name":"Ueberlandpark"},{"station_id":"n1492866260","station_name":"Schwamendingerplatz"},{"station_id":"junc:8.57345:47.40435","station_name":""},{"station_id":"n2289567761","station_name":"Roswiesen"},{"station_id":"n1492865475","station_name":"Glattwiesen"},{"station_id":"n4885862795","station_name":"Probstei"},{"station_id":"n1492865477","station_name":"Mattenhof"},{"station_id":"n1053691521","station_name":"Bahnhof Stettbach"}]},{"route_id":"rm2807068","route_name":"Tram 11","route_name_local":"Tram 11","route_name_en":null,"route_ref":"11","route_color":"#00923c","wikipedia":null,"osm_route_ids":[49167,2807065],"status":null,"order_suspect":0,"span_suspect":0,"stations":[{"station_id":"n255265239","station_name":"Central"},{"station_id":"junc:8.54032:47.37697","station_name":""},{"station_id":"n2266734171","station_name":"Bahnhofstrasse/HB"},{"station_id":"n81058533","station_name":"Rennweg"},{"station_id":"junc:8.53901:47.37042","station_name":""},{"station_id":"n300835690","station_name":"Paradeplatz"},{"station_id":"n2295502445","station_name":"Kantonalbank"},{"station_id":"n2295223402","station_name":"Bürkliplatz"},{"station_id":"junc:8.54407:47.36702","station_name":""},{"station_id":"n300383806","station_name":"Bellevue"},{"station_id":"n2296903094","station_name":"Opernhaus"},{"station_id":"n2296903069","station_name":"Kreuzstrasse"},{"station_id":"n2296910030","station_name":"Feldeggstrasse"},{"station_id":"n2296903044","station_name":"Höschgasse"},{"station_id":"n2296903024","station_name":"Fröhlichstrasse"},{"station_id":"n2296903015","station_name":"Wildbachstrasse"},{"station_id":"n1291615900","station_name":"Bahnhof Tiefenbrunnen"}]}],"route_count":4,"route_refs":["4","15","7","11"],"route_colors":["#322e71","#cb0a25","#000000","#00923c"],"city":"Zurich","country":"Switzerland"},"geometry":{"type":"MultiLineString","coordinates":[[[8.5394422,47.376086099999995],[8.5403242,47.3769698],[8.5403242,47.3769698],[8.5437551875,47.3766928875]]]}},{"type":"Feature","properties":{"seg_id":"zurich-24","routes":[{"route_id":"rm2807089","route_name":"Tram 4","route_name_local":"Tram 4","route_name_en":null,"route_ref":"4","route_color":"#322e71","wikipedia":null,"osm_route_ids":[48677,2807088],"status":null,"order_suspect":0,"span_suspect":0,"stations":[{"station_id":"n2266734171","station_name":"Bahnhofstrasse/HB"},{"station_id":"junc:8.54032:47.37697","station_name":""},{"station_id":"n255265239","station_name":"Central"},{"station_id":"n2275466607","station_name":"Rudolf-Brun-Brücke"},{"station_id":"n2295038229","station_name":"Rathaus"},{"station_id":"n2295038207","station_name":"Helmhaus"},{"station_id":"junc:8.54407:47.36702","station_name":""},{"station_id":"n300383806","station_name":"Bellevue"},{"station_id":"n442522935","station_name":"Bahnhof Stadelhofen"},{"station_id":"n2296934594","station_name":"Kreuzplatz"},{"station_id":"n2297344125","station_name":"Signaustrasse"},{"station_id":"n2297344098","station_name":"Hegibachplatz"},{"station_id":"n2297460997","station_name":"Hedwigsteig"},{"station_id":"n2297460959","station_name":"Wetlistrasse"},{"station_id":"n2297460951","station_name":"Burgwies"},{"station_id":"n2297460899","station_name":"Balgrist"},{"station_id":"n2297460815","station_name":"Friedhof Enzenbühl"},{"station_id":"junc:8.58189:47.35107","station_name":""},{"station_id":"n142205089","station_name":"Rehalp"}]},{"route_id":"rm2807117","route_name":"Tram 15","route_name_local":"Tram 15","route_name_en":null,"route_ref":"15","route_color":"#cb0a25","wikipedia":null,"osm_route_ids":[48679,2807115],"status":null,"order_suspect":0,"span_suspect":0,"stations":[{"station_id":"n2266734171","station_name":"Bahnhofstrasse/HB"},{"station_id":"junc:8.54032:47.37697","station_name":""},{"station_id":"n255265239","station_name":"Central"},{"station_id":"n2275466607","station_name":"Rudolf-Brun-Brücke"},{"station_id":"n2295038229","station_name":"Rathaus"},{"station_id":"n2295038207","station_name":"Helmhaus"},{"station_id":"junc:8.54407:47.36702","station_name":""},{"station_id":"n300383806","station_name":"Bellevue"},{"station_id":"n2296903094","station_name":"Opernhaus"},{"station_id":"n2296903069","station_name":"Kreuzstrasse"},{"station_id":"n2296910030","station_name":"Feldeggstrasse"},{"station_id":"n2296903044","station_name":"Höschgasse"},{"station_id":"n2296903024","station_name":"Fröhlichstrasse"},{"station_id":"n2296903015","station_name":"Wildbachstrasse"},{"station_id":"n1291615900","station_name":"Bahnhof Tiefenbrunnen"}]}],"route_count":2,"route_refs":["4","15"],"route_colors":["#322e71","#cb0a25"],"city":"Zurich","country":"Switzerland"},"geometry":{"type":"MultiLineString","coordinates":[[[8.5437551875,47.3766928875],[8.542898650000001,47.3739396],[8.5428096,47.37205575],[8.54345395,47.36975015],[8.5440732,47.3670166],[8.5451315,47.36700007142856]]]}},{"type":"Feature","properties":{"seg_id":"zurich-25","routes":[{"route_id":"rm2807089","route_name":"Tram 4","route_name_local":"Tram 4","route_name_en":null,"route_ref":"4","route_color":"#322e71","wikipedia":null,"osm_route_ids":[48677,2807088],"status":null,"order_suspect":0,"span_suspect":0,"stations":[{"station_id":"n2266734171","station_name":"Bahnhofstrasse/HB"},{"station_id":"junc:8.54032:47.37697","station_name":""},{"station_id":"n255265239","station_name":"Central"},{"station_id":"n2275466607","station_name":"Rudolf-Brun-Brücke"},{"station_id":"n2295038229","station_name":"Rathaus"},{"station_id":"n2295038207","station_name":"Helmhaus"},{"station_id":"junc:8.54407:47.36702","station_name":""},{"station_id":"n300383806","station_name":"Bellevue"},{"station_id":"n442522935","station_name":"Bahnhof Stadelhofen"},{"station_id":"n2296934594","station_name":"Kreuzplatz"},{"station_id":"n2297344125","station_name":"Signaustrasse"},{"station_id":"n2297344098","station_name":"Hegibachplatz"},{"station_id":"n2297460997","station_name":"Hedwigsteig"},{"station_id":"n2297460959","station_name":"Wetlistrasse"},{"station_id":"n2297460951","station_name":"Burgwies"},{"station_id":"n2297460899","station_name":"Balgrist"},{"station_id":"n2297460815","station_name":"Friedhof Enzenbühl"},{"station_id":"junc:8.58189:47.35107","station_name":""},{"station_id":"n142205089","station_name":"Rehalp"}]},{"route_id":"rm2807095","route_name":"Tram 2","route_name_local":"Tram 2","route_name_en":null,"route_ref":"2","route_color":"#cb0a25","wikipedia":null,"osm_route_ids":[53911,2807094],"status":null,"order_suspect":0,"span_suspect":0,"stations":[{"station_id":"n6605743616","station_name":"Geissweid"},{"station_id":"junc:8.44559:47.39811","station_name":""},{"station_id":"n6605743614","station_name":"Schlieren Zentrum/Bahnhof"},{"station_id":"n6605743612","station_name":"Wagonsfabrik"},{"station_id":"n6605743610","station_name":"Gasometerbrücke"},{"station_id":"n1917116631","station_name":"Mülligen"},{"station_id":"n6605743598","station_name":"Micafil"},{"station_id":"n6611612258","station_name":"Farbhof"},{"station_id":"n4883792920","station_name":"Bachmattstrasse"},{"station_id":"n2277081751","station_name":"Lindenplatz"},{"station_id":"n2277081658","station_name":"Grimselstrasse"},{"station_id":"n2277081581","station_name":"Kappeli"},{"station_id":"n2277081523","station_name":"Freihofstrasse"},{"station_id":"n2277081498","station_name":"Letzigrund"},{"station_id":"n2277024815","station_name":"Albisriederplatz"},{"station_id":"n2277024795","station_name":"Zypressenstrasse"},{"station_id":"n2277024767","station_name":"Lochergut"},{"station_id":"n2275787476","station_name":"Kalkbreite/Bhf. Wiedikon"},{"station_id":"n2275787444","station_name":"Bezirksgebäude"},{"station_id":"junc:8.52852:47.37330","station_name":""},{"station_id":"n2275723458","station_name":"Stauffacher"},{"station_id":"junc:8.53133:47.37342","station_name":""},{"station_id":"n2275623062","station_name":"Sihlstrasse"},{"station_id":"junc:8.53901:47.37042","station_name":""},{"station_id":"n300835690","station_name":"Paradeplatz"},{"station_id":"n2295502445","station_name":"Kantonalbank"},{"station_id":"n2295223402","station_name":"Bürkliplatz"},{"station_id":"junc:8.54407:47.36702","station_name":""},{"station_id":"n300383806","station_name":"Bellevue"},{"station_id":"n442522935","station_name":"Bahnhof Stadelhofen"},{"station_id":"n2296934594","station_name":"Kreuzplatz"},{"station_id":"n4880303433","station_name":"Englischviertelstrasse"},{"station_id":"n2296953085","station_name":"Römerhof"},{"station_id":"junc:8.56077:47.36766","station_name":""},{"station_id":"n2640649199","station_name":"Hölderlinstrasse"},{"station_id":"n316704413","station_name":"Klusplatz"}]},{"route_id":"rm2807017","route_name":"Tram 5","route_name_local":"Tram 5","route_name_en":null,"route_ref":"5","route_color":"#70492c","wikipedia":null,"osm_route_ids":[2807015,2807016],"status":null,"order_suspect":0,"span_suspect":0,"stations":[{"station_id":"n442522935","station_name":"Bahnhof Stadelhofen"},{"station_id":"n300383806","station_name":"Bellevue"},{"station_id":"junc:8.54407:47.36702","station_name":""},{"station_id":"n2295223402","station_name":"Bürkliplatz"},{"station_id":"n2295502445","station_name":"Kantonalbank"},{"station_id":"n300835690","station_name":"Paradeplatz"},{"station_id":"n2298056787","station_name":"Stockerstrasse"},{"station_id":"junc:8.53435:47.36751","station_name":""},{"station_id":"n4885628622","station_name":"Tunnelstrasse"},{"station_id":"n4885628624","station_name":"Bahnhof Enge/Bederstrasse"},{"station_id":"n2456957772","station_name":"Waffenplatzstrasse"},{"station_id":"n2456957719","station_name":"Sihlcity Nord"},{"station_id":"n2456957631","station_name":"Saalsporthalle"},{"station_id":"n2456957657","station_name":"Laubegg"}]}],"route_count":3,"route_refs":["4","2","5"],"route_colors":["#322e71","#cb0a25","#70492c"],"city":"Zurich","country":"Switzerland"},"geometry":{"type":"MultiLineString","coordinates":[[[8.5451315,47.36700007142856],[8.547788933333335,47.36611713333334]]]}},{"type":"Feature","properties":{"seg_id":"zurich-26","routes":[{"route_id":"rm2807117","route_name":"Tram 15","route_name_local":"Tram 15","route_name_en":null,"route_ref":"15","route_color":"#cb0a25","wikipedia":null,"osm_route_ids":[48679,2807115],"status":null,"order_suspect":0,"span_suspect":0,"stations":[{"station_id":"n2266734171","station_name":"Bahnhofstrasse/HB"},{"station_id":"junc:8.54032:47.37697","station_name":""},{"station_id":"n255265239","station_name":"Central"},{"station_id":"n2275466607","station_name":"Rudolf-Brun-Brücke"},{"station_id":"n2295038229","station_name":"Rathaus"},{"station_id":"n2295038207","station_name":"Helmhaus"},{"station_id":"junc:8.54407:47.36702","station_name":""},{"station_id":"n300383806","station_name":"Bellevue"},{"station_id":"n2296903094","station_name":"Opernhaus"},{"station_id":"n2296903069","station_name":"Kreuzstrasse"},{"station_id":"n2296910030","station_name":"Feldeggstrasse"},{"station_id":"n2296903044","station_name":"Höschgasse"},{"station_id":"n2296903024","station_name":"Fröhlichstrasse"},{"station_id":"n2296903015","station_name":"Wildbachstrasse"},{"station_id":"n1291615900","station_name":"Bahnhof Tiefenbrunnen"}]},{"route_id":"rm2807068","route_name":"Tram 11","route_name_local":"Tram 11","route_name_en":null,"route_ref":"11","route_color":"#00923c","wikipedia":null,"osm_route_ids":[49167,2807065],"status":null,"order_suspect":0,"span_suspect":0,"stations":[{"station_id":"n255265239","station_name":"Central"},{"station_id":"junc:8.54032:47.37697","station_name":""},{"station_id":"n2266734171","station_name":"Bahnhofstrasse/HB"},{"station_id":"n81058533","station_name":"Rennweg"},{"station_id":"junc:8.53901:47.37042","station_name":""},{"station_id":"n300835690","station_name":"Paradeplatz"},{"station_id":"n2295502445","station_name":"Kantonalbank"},{"station_id":"n2295223402","station_name":"Bürkliplatz"},{"station_id":"junc:8.54407:47.36702","station_name":""},{"station_id":"n300383806","station_name":"Bellevue"},{"station_id":"n2296903094","station_name":"Opernhaus"},{"station_id":"n2296903069","station_name":"Kreuzstrasse"},{"station_id":"n2296910030","station_name":"Feldeggstrasse"},{"station_id":"n2296903044","station_name":"Höschgasse"},{"station_id":"n2296903024","station_name":"Fröhlichstrasse"},{"station_id":"n2296903015","station_name":"Wildbachstrasse"},{"station_id":"n1291615900","station_name":"Bahnhof Tiefenbrunnen"}]}],"route_count":2,"route_refs":["15","11"],"route_colors":["#cb0a25","#00923c"],"city":"Zurich","country":"Switzerland"},"geometry":{"type":"MultiLineString","coordinates":[[[8.5451315,47.36700007142856],[8.54760555,47.365442200000004],[8.54978655,47.3631276],[8.552182850000001,47.3603667],[8.5542342,47.3580251],[8.55688105,47.3552558],[8.5588277,47.353211],[8.5609936,47.35057535]]]}},{"type":"Feature","properties":{"seg_id":"zurich-27","routes":[{"route_id":"rm2807070","route_name":"Tram 3","route_name_local":"Tram 3","route_name_en":null,"route_ref":"3","route_color":"#00923c","wikipedia":null,"osm_route_ids":[48681,2807069],"status":null,"order_suspect":0,"span_suspect":0,"stations":[{"station_id":"n4883672522","station_name":"Albisrieden"},{"station_id":"n4883672531","station_name":"Fellenbergstrasse"},{"station_id":"n4883669511","station_name":"Siemens"},{"station_id":"n2277144200","station_name":"Hubertus"},{"station_id":"n2277144228","station_name":"Altes Krematorium"},{"station_id":"n2277024815","station_name":"Albisriederplatz"},{"station_id":"n2277024795","station_name":"Zypressenstrasse"},{"station_id":"n2277024767","station_name":"Lochergut"},{"station_id":"n2275787476","station_name":"Kalkbreite/Bhf. Wiedikon"},{"station_id":"n2275787444","station_name":"Bezirksgebäude"},{"station_id":"junc:8.52852:47.37330","station_name":""},{"station_id":"n2275723458","station_name":"Stauffacher"},{"station_id":"junc:8.53133:47.37342","station_name":""},{"station_id":"n1811870009","station_name":"Sihlpost/HB"},{"station_id":"junc:8.53654:47.37585","station_name":""},{"station_id":"n2267084736","station_name":"Löwenplatz"},{"station_id":"n4881705897","station_name":"Bahnhofplatz/HB"},{"station_id":"junc:8.54032:47.37697","station_name":""},{"station_id":"n255265239","station_name":"Central"},{"station_id":"n2281357423","station_name":"Neumarkt"},{"station_id":"n2281314292","station_name":"Kunsthaus"},{"station_id":"n2297304033","station_name":"Hottingerplatz"},{"station_id":"n2296953085","station_name":"Römerhof"},{"station_id":"junc:8.56077:47.36766","station_name":""},{"station_id":"n2640649199","station_name":"Hölderlinstrasse"},{"station_id":"n316704413","station_name":"Klusplatz"}]}],"route_count":1,"route_refs":["3"],"route_colors":["#00923c"],"city":"Zurich","country":"Switzerland"},"geometry":{"type":"MultiLineString","coordinates":[[[8.4850499,47.374316],[8.488031,47.375746],[8.4937942,47.37836265],[8.499029,47.3774534],[8.507332,47.37770745],[8.510296275,47.378232700000005]]]}},{"type":"Feature","properties":{"seg_id":"zurich-28","routes":[{"route_id":"rm2807070","route_name":"Tram 3","route_name_local":"Tram 3","route_name_en":null,"route_ref":"3","route_color":"#00923c","wikipedia":null,"osm_route_ids":[48681,2807069],"status":null,"order_suspect":0,"span_suspect":0,"stations":[{"station_id":"n4883672522","station_name":"Albisrieden"},{"station_id":"n4883672531","station_name":"Fellenbergstrasse"},{"station_id":"n4883669511","station_name":"Siemens"},{"station_id":"n2277144200","station_name":"Hubertus"},{"station_id":"n2277144228","station_name":"Altes Krematorium"},{"station_id":"n2277024815","station_name":"Albisriederplatz"},{"station_id":"n2277024795","station_name":"Zypressenstrasse"},{"station_id":"n2277024767","station_name":"Lochergut"},{"station_id":"n2275787476","station_name":"Kalkbreite/Bhf. Wiedikon"},{"station_id":"n2275787444","station_name":"Bezirksgebäude"},{"station_id":"junc:8.52852:47.37330","station_name":""},{"station_id":"n2275723458","station_name":"Stauffacher"},{"station_id":"junc:8.53133:47.37342","station_name":""},{"station_id":"n1811870009","station_name":"Sihlpost/HB"},{"station_id":"junc:8.53654:47.37585","station_name":""},{"station_id":"n2267084736","station_name":"Löwenplatz"},{"station_id":"n4881705897","station_name":"Bahnhofplatz/HB"},{"station_id":"junc:8.54032:47.37697","station_name":""},{"station_id":"n255265239","station_name":"Central"},{"station_id":"n2281357423","station_name":"Neumarkt"},{"station_id":"n2281314292","station_name":"Kunsthaus"},{"station_id":"n2297304033","station_name":"Hottingerplatz"},{"station_id":"n2296953085","station_name":"Römerhof"},{"station_id":"junc:8.56077:47.36766","station_name":""},{"station_id":"n2640649199","station_name":"Hölderlinstrasse"},{"station_id":"n316704413","station_name":"Klusplatz"}]}],"route_count":1,"route_refs":["3"],"route_colors":["#00923c"],"city":"Zurich","country":"Switzerland"},"geometry":{"type":"MultiLineString","coordinates":[[[8.5437551875,47.3766928875],[8.54738375,47.372806049999994],[8.548902425,47.370500275000005],[8.5549642,47.36930975],[8.5599907,47.36790799999999]]]}},{"type":"Feature","properties":{"seg_id":"zurich-29","routes":[{"route_id":"rm2807070","route_name":"Tram 3","route_name_local":"Tram 3","route_name_en":null,"route_ref":"3","route_color":"#00923c","wikipedia":null,"osm_route_ids":[48681,2807069],"status":null,"order_suspect":0,"span_suspect":0,"stations":[{"station_id":"n4883672522","station_name":"Albisrieden"},{"station_id":"n4883672531","station_name":"Fellenbergstrasse"},{"station_id":"n4883669511","station_name":"Siemens"},{"station_id":"n2277144200","station_name":"Hubertus"},{"station_id":"n2277144228","station_name":"Altes Krematorium"},{"station_id":"n2277024815","station_name":"Albisriederplatz"},{"station_id":"n2277024795","station_name":"Zypressenstrasse"},{"station_id":"n2277024767","station_name":"Lochergut"},{"station_id":"n2275787476","station_name":"Kalkbreite/Bhf. Wiedikon"},{"station_id":"n2275787444","station_name":"Bezirksgebäude"},{"station_id":"junc:8.52852:47.37330","station_name":""},{"station_id":"n2275723458","station_name":"Stauffacher"},{"station_id":"junc:8.53133:47.37342","station_name":""},{"station_id":"n1811870009","station_name":"Sihlpost/HB"},{"station_id":"junc:8.53654:47.37585","station_name":""},{"station_id":"n2267084736","station_name":"Löwenplatz"},{"station_id":"n4881705897","station_name":"Bahnhofplatz/HB"},{"station_id":"junc:8.54032:47.37697","station_name":""},{"station_id":"n255265239","station_name":"Central"},{"station_id":"n2281357423","station_name":"Neumarkt"},{"station_id":"n2281314292","station_name":"Kunsthaus"},{"station_id":"n2297304033","station_name":"Hottingerplatz"},{"station_id":"n2296953085","station_name":"Römerhof"},{"station_id":"junc:8.56077:47.36766","station_name":""},{"station_id":"n2640649199","station_name":"Hölderlinstrasse"},{"station_id":"n316704413","station_name":"Klusplatz"}]},{"route_id":"rm2807095","route_name":"Tram 2","route_name_local":"Tram 2","route_name_en":null,"route_ref":"2","route_color":"#cb0a25","wikipedia":null,"osm_route_ids":[53911,2807094],"status":null,"order_suspect":0,"span_suspect":0,"stations":[{"station_id":"n6605743616","station_name":"Geissweid"},{"station_id":"junc:8.44559:47.39811","station_name":""},{"station_id":"n6605743614","station_name":"Schlieren Zentrum/Bahnhof"},{"station_id":"n6605743612","station_name":"Wagonsfabrik"},{"station_id":"n6605743610","station_name":"Gasometerbrücke"},{"station_id":"n1917116631","station_name":"Mülligen"},{"station_id":"n6605743598","station_name":"Micafil"},{"station_id":"n6611612258","station_name":"Farbhof"},{"station_id":"n4883792920","station_name":"Bachmattstrasse"},{"station_id":"n2277081751","station_name":"Lindenplatz"},{"station_id":"n2277081658","station_name":"Grimselstrasse"},{"station_id":"n2277081581","station_name":"Kappeli"},{"station_id":"n2277081523","station_name":"Freihofstrasse"},{"station_id":"n2277081498","station_name":"Letzigrund"},{"station_id":"n2277024815","station_name":"Albisriederplatz"},{"station_id":"n2277024795","station_name":"Zypressenstrasse"},{"station_id":"n2277024767","station_name":"Lochergut"},{"station_id":"n2275787476","station_name":"Kalkbreite/Bhf. Wiedikon"},{"station_id":"n2275787444","station_name":"Bezirksgebäude"},{"station_id":"junc:8.52852:47.37330","station_name":""},{"station_id":"n2275723458","station_name":"Stauffacher"},{"station_id":"junc:8.53133:47.37342","station_name":""},{"station_id":"n2275623062","station_name":"Sihlstrasse"},{"station_id":"junc:8.53901:47.37042","station_name":""},{"station_id":"n300835690","station_name":"Paradeplatz"},{"station_id":"n2295502445","station_name":"Kantonalbank"},{"station_id":"n2295223402","station_name":"Bürkliplatz"},{"station_id":"junc:8.54407:47.36702","station_name":""},{"station_id":"n300383806","station_name":"Bellevue"},{"station_id":"n442522935","station_name":"Bahnhof Stadelhofen"},{"station_id":"n2296934594","station_name":"Kreuzplatz"},{"station_id":"n4880303433","station_name":"Englischviertelstrasse"},{"station_id":"n2296953085","station_name":"Römerhof"},{"station_id":"junc:8.56077:47.36766","station_name":""},{"station_id":"n2640649199","station_name":"Hölderlinstrasse"},{"station_id":"n316704413","station_name":"Klusplatz"}]}],"route_count":2,"route_refs":["3","2"],"route_colors":["#00923c","#cb0a25"],"city":"Zurich","country":"Switzerland"},"geometry":{"type":"MultiLineString","coordinates":[[[8.510296275,47.378232700000005],[8.5139184,47.376708300000004],[8.5174778,47.37546005],[8.52101085,47.374572400000005],[8.5256674,47.37407625],[8.5285217,47.3732957],[8.529538371428572,47.37334735714285]]]}},{"type":"Feature","properties":{"seg_id":"zurich-30","routes":[{"route_id":"rm2807070","route_name":"Tram 3","route_name_local":"Tram 3","route_name_en":null,"route_ref":"3","route_color":"#00923c","wikipedia":null,"osm_route_ids":[48681,2807069],"status":null,"order_suspect":0,"span_suspect":0,"stations":[{"station_id":"n4883672522","station_name":"Albisrieden"},{"station_id":"n4883672531","station_name":"Fellenbergstrasse"},{"station_id":"n4883669511","station_name":"Siemens"},{"station_id":"n2277144200","station_name":"Hubertus"},{"station_id":"n2277144228","station_name":"Altes Krematorium"},{"station_id":"n2277024815","station_name":"Albisriederplatz"},{"station_id":"n2277024795","station_name":"Zypressenstrasse"},{"station_id":"n2277024767","station_name":"Lochergut"},{"station_id":"n2275787476","station_name":"Kalkbreite/Bhf. Wiedikon"},{"station_id":"n2275787444","station_name":"Bezirksgebäude"},{"station_id":"junc:8.52852:47.37330","station_name":""},{"station_id":"n2275723458","station_name":"Stauffacher"},{"station_id":"junc:8.53133:47.37342","station_name":""},{"station_id":"n1811870009","station_name":"Sihlpost/HB"},{"station_id":"junc:8.53654:47.37585","station_name":""},{"station_id":"n2267084736","station_name":"Löwenplatz"},{"station_id":"n4881705897","station_name":"Bahnhofplatz/HB"},{"station_id":"junc:8.54032:47.37697","station_name":""},{"station_id":"n255265239","station_name":"Central"},{"station_id":"n2281357423","station_name":"Neumarkt"},{"station_id":"n2281314292","station_name":"Kunsthaus"},{"station_id":"n2297304033","station_name":"Hottingerplatz"},{"station_id":"n2296953085","station_name":"Römerhof"},{"station_id":"junc:8.56077:47.36766","station_name":""},{"station_id":"n2640649199","station_name":"Hölderlinstrasse"},{"station_id":"n316704413","station_name":"Klusplatz"}]},{"route_id":"rm2807095","route_name":"Tram 2","route_name_local":"Tram 2","route_name_en":null,"route_ref":"2","route_color":"#cb0a25","wikipedia":null,"osm_route_ids":[53911,2807094],"status":null,"order_suspect":0,"span_suspect":0,"stations":[{"station_id":"n6605743616","station_name":"Geissweid"},{"station_id":"junc:8.44559:47.39811","station_name":""},{"station_id":"n6605743614","station_name":"Schlieren Zentrum/Bahnhof"},{"station_id":"n6605743612","station_name":"Wagonsfabrik"},{"station_id":"n6605743610","station_name":"Gasometerbrücke"},{"station_id":"n1917116631","station_name":"Mülligen"},{"station_id":"n6605743598","station_name":"Micafil"},{"station_id":"n6611612258","station_name":"Farbhof"},{"station_id":"n4883792920","station_name":"Bachmattstrasse"},{"station_id":"n2277081751","station_name":"Lindenplatz"},{"station_id":"n2277081658","station_name":"Grimselstrasse"},{"station_id":"n2277081581","station_name":"Kappeli"},{"station_id":"n2277081523","station_name":"Freihofstrasse"},{"station_id":"n2277081498","station_name":"Letzigrund"},{"station_id":"n2277024815","station_name":"Albisriederplatz"},{"station_id":"n2277024795","station_name":"Zypressenstrasse"},{"station_id":"n2277024767","station_name":"Lochergut"},{"station_id":"n2275787476","station_name":"Kalkbreite/Bhf. Wiedikon"},{"station_id":"n2275787444","station_name":"Bezirksgebäude"},{"station_id":"junc:8.52852:47.37330","station_name":""},{"station_id":"n2275723458","station_name":"Stauffacher"},{"station_id":"junc:8.53133:47.37342","station_name":""},{"station_id":"n2275623062","station_name":"Sihlstrasse"},{"station_id":"junc:8.53901:47.37042","station_name":""},{"station_id":"n300835690","station_name":"Paradeplatz"},{"station_id":"n2295502445","station_name":"Kantonalbank"},{"station_id":"n2295223402","station_name":"Bürkliplatz"},{"station_id":"junc:8.54407:47.36702","station_name":""},{"station_id":"n300383806","station_name":"Bellevue"},{"station_id":"n442522935","station_name":"Bahnhof Stadelhofen"},{"station_id":"n2296934594","station_name":"Kreuzplatz"},{"station_id":"n4880303433","station_name":"Englischviertelstrasse"},{"station_id":"n2296953085","station_name":"Römerhof"},{"station_id":"junc:8.56077:47.36766","station_name":""},{"station_id":"n2640649199","station_name":"Hölderlinstrasse"},{"station_id":"n316704413","station_name":"Klusplatz"}]}],"route_count":2,"route_refs":["3","2"],"route_colors":["#00923c","#cb0a25"],"city":"Zurich","country":"Switzerland"},"geometry":{"type":"MultiLineString","coordinates":[[[8.5599907,47.36790799999999],[8.5607656,47.3676635],[8.5623516,47.3661442],[8.56630095,47.36407775]]]}},{"type":"Feature","properties":{"seg_id":"zurich-31","routes":[{"route_id":"rm2807070","route_name":"Tram 3","route_name_local":"Tram 3","route_name_en":null,"route_ref":"3","route_color":"#00923c","wikipedia":null,"osm_route_ids":[48681,2807069],"status":null,"order_suspect":0,"span_suspect":0,"stations":[{"station_id":"n4883672522","station_name":"Albisrieden"},{"station_id":"n4883672531","station_name":"Fellenbergstrasse"},{"station_id":"n4883669511","station_name":"Siemens"},{"station_id":"n2277144200","station_name":"Hubertus"},{"station_id":"n2277144228","station_name":"Altes Krematorium"},{"station_id":"n2277024815","station_name":"Albisriederplatz"},{"station_id":"n2277024795","station_name":"Zypressenstrasse"},{"station_id":"n2277024767","station_name":"Lochergut"},{"station_id":"n2275787476","station_name":"Kalkbreite/Bhf. Wiedikon"},{"station_id":"n2275787444","station_name":"Bezirksgebäude"},{"station_id":"junc:8.52852:47.37330","station_name":""},{"station_id":"n2275723458","station_name":"Stauffacher"},{"station_id":"junc:8.53133:47.37342","station_name":""},{"station_id":"n1811870009","station_name":"Sihlpost/HB"},{"station_id":"junc:8.53654:47.37585","station_name":""},{"station_id":"n2267084736","station_name":"Löwenplatz"},{"station_id":"n4881705897","station_name":"Bahnhofplatz/HB"},{"station_id":"junc:8.54032:47.37697","station_name":""},{"station_id":"n255265239","station_name":"Central"},{"station_id":"n2281357423","station_name":"Neumarkt"},{"station_id":"n2281314292","station_name":"Kunsthaus"},{"station_id":"n2297304033","station_name":"Hottingerplatz"},{"station_id":"n2296953085","station_name":"Römerhof"},{"station_id":"junc:8.56077:47.36766","station_name":""},{"station_id":"n2640649199","station_name":"Hölderlinstrasse"},{"station_id":"n316704413","station_name":"Klusplatz"}]},{"route_id":"rm2807051","route_name":"Tram 14","route_name_local":"Tram 14","route_name_en":null,"route_ref":"14","route_color":"#0093d0","wikipedia":null,"osm_route_ids":[49733,2807050],"status":null,"order_suspect":0,"span_suspect":0,"stations":[{"station_id":"n4881705897","station_name":"Bahnhofplatz/HB"},{"station_id":"n2267084736","station_name":"Löwenplatz"},{"station_id":"junc:8.53654:47.37585","station_name":""},{"station_id":"n1811870009","station_name":"Sihlpost/HB"},{"station_id":"junc:8.53133:47.37342","station_name":""},{"station_id":"n2275723458","station_name":"Stauffacher"},{"station_id":"junc:8.52852:47.37330","station_name":""},{"station_id":"n2275780152","station_name":"Werd"},{"station_id":"n2275780065","station_name":"Bahnhof Wiedikon"},{"station_id":"n4881705891","station_name":"Schmiede Wiedikon"},{"station_id":"n4881705888","station_name":"Goldbrunnenplatz"},{"station_id":"n4881705886","station_name":"Talwiesenstrasse"},{"station_id":"n4881705884","station_name":"Heuried"},{"station_id":"n4881705882","station_name":"Schaufelbergerstrasse"},{"station_id":"n5105515039","station_name":"Triemli"}]}],"route_count":2,"route_refs":["3","14"],"route_colors":["#00923c","#0093d0"],"city":"Zurich","country":"Switzerland"},"geometry":{"type":"MultiLineString","coordinates":[[[8.529538371428572,47.37334735714285],[8.5313312,47.3734199],[8.53426555,47.376192],[8.5365442,47.3758469],[8.537329100000001,47.3759697],[8.539375499999998,47.37722735]]]}},{"type":"Feature","properties":{"seg_id":"zurich-32","routes":[{"route_id":"rm2807070","route_name":"Tram 3","route_name_local":"Tram 3","route_name_en":null,"route_ref":"3","route_color":"#00923c","wikipedia":null,"osm_route_ids":[48681,2807069],"status":null,"order_suspect":0,"span_suspect":0,"stations":[{"station_id":"n4883672522","station_name":"Albisrieden"},{"station_id":"n4883672531","station_name":"Fellenbergstrasse"},{"station_id":"n4883669511","station_name":"Siemens"},{"station_id":"n2277144200","station_name":"Hubertus"},{"station_id":"n2277144228","station_name":"Altes Krematorium"},{"station_id":"n2277024815","station_name":"Albisriederplatz"},{"station_id":"n2277024795","station_name":"Zypressenstrasse"},{"station_id":"n2277024767","station_name":"Lochergut"},{"station_id":"n2275787476","station_name":"Kalkbreite/Bhf. Wiedikon"},{"station_id":"n2275787444","station_name":"Bezirksgebäude"},{"station_id":"junc:8.52852:47.37330","station_name":""},{"station_id":"n2275723458","station_name":"Stauffacher"},{"station_id":"junc:8.53133:47.37342","station_name":""},{"station_id":"n1811870009","station_name":"Sihlpost/HB"},{"station_id":"junc:8.53654:47.37585","station_name":""},{"station_id":"n2267084736","station_name":"Löwenplatz"},{"station_id":"n4881705897","station_name":"Bahnhofplatz/HB"},{"station_id":"junc:8.54032:47.37697","station_name":""},{"station_id":"n255265239","station_name":"Central"},{"station_id":"n2281357423","station_name":"Neumarkt"},{"station_id":"n2281314292","station_name":"Kunsthaus"},{"station_id":"n2297304033","station_name":"Hottingerplatz"},{"station_id":"n2296953085","station_name":"Römerhof"},{"station_id":"junc:8.56077:47.36766","station_name":""},{"station_id":"n2640649199","station_name":"Hölderlinstrasse"},{"station_id":"n316704413","station_name":"Klusplatz"}]},{"route_id":"rm2799185","route_name":"Tram 10","route_name_local":"Tram 10","route_name_en":null,"route_ref":"10","route_color":"#ce1f75","wikipedia":null,"osm_route_ids":[53006,2799184,10412927,10412930],"status":null,"order_suspect":0,"span_suspect":0,"stations":[{"station_id":"n318423928","station_name":"Fracht"},{"station_id":"n318422232","station_name":"Zürich Flughafen"},{"station_id":"n1205501634","station_name":"Bahnhof Balsberg"},{"station_id":"n318434654","station_name":"Unterriet"},{"station_id":"n318434490","station_name":"Bäuler"},{"station_id":"n318434210","station_name":"Bahnhof Glattbrugg"},{"station_id":"n318413526","station_name":"Lindberghplatz"},{"station_id":"n251202274","station_name":"Glattpark"},{"station_id":"n2289408202","station_name":"Oerlikerhus"},{"station_id":"n1587565392","station_name":"Leutschenbach"},{"station_id":"n2282310552","station_name":"Bahnhof Oerlikon Ost"},{"station_id":"n2284103170","station_name":"Sternen Oerlikon"},{"station_id":"n2282178049","station_name":"Salersteig"},{"station_id":"n2282178028","station_name":"Berninaplatz"},{"station_id":"n1287709955","station_name":"Hirschwiesenstrasse"},{"station_id":"n4268738648","station_name":"Milchbuck"},{"station_id":"n256219114","station_name":"Universität Irchel"},{"station_id":"n1986680581","station_name":"Langmauerstrasse"},{"station_id":"n262980090","station_name":"Letzistrasse"},{"station_id":"n262979497","station_name":"Kinkelstrasse"},{"station_id":"n2280219084","station_name":"Seilbahn Rigiblick"},{"station_id":"n2280214788","station_name":"Winkelriedstrasse"},{"station_id":"n2280214780","station_name":"Haldenbach"},{"station_id":"n264501156","station_name":"ETH/Universitätsspital"},{"station_id":"n236812338","station_name":"Haldenegg"},{"station_id":"n255265239","station_name":"Central"},{"station_id":"junc:8.54032:47.37697","station_name":""},{"station_id":"n4881705897","station_name":"Bahnhofplatz/HB"}]},{"route_id":"rm2807025","route_name":"Tram 6","route_name_local":"Tram 6","route_name_en":null,"route_ref":"6","route_color":"#be8543","wikipedia":null,"osm_route_ids":[5548667,5548679],"status":null,"order_suspect":0,"span_suspect":0,"stations":[{"station_id":"n309492432","station_name":"Zoo"},{"station_id":"n4885807586","station_name":"Susenbergstrasse"},{"station_id":"n4885807571","station_name":"Zürichbergstrasse"},{"station_id":"n2281803452","station_name":"Toblerplatz"},{"station_id":"n115170281","station_name":"Kirche Fluntern"},{"station_id":"junc:8.55888:47.37573","station_name":""},{"station_id":"n2281789417","station_name":"Voltastrasse"},{"station_id":"n2281278390","station_name":"Platte"},{"station_id":"junc:8.55020:47.37471","station_name":""},{"station_id":"n264501156","station_name":"ETH/Universitätsspital"},{"station_id":"n236812338","station_name":"Haldenegg"},{"station_id":"n255265239","station_name":"Central"},{"station_id":"junc:8.54032:47.37697","station_name":""},{"station_id":"n4881705897","station_name":"Bahnhofplatz/HB"}]}],"route_count":3,"route_refs":["3","10","6"],"route_colors":["#00923c","#ce1f75","#be8543"],"city":"Zurich","country":"Switzerland"},"geometry":{"type":"MultiLineString","coordinates":[[[8.539375499999998,47.37722735],[8.5403242,47.3769698],[8.5403242,47.3769698],[8.5437551875,47.3766928875]]]}},{"type":"Feature","properties":{"seg_id":"zurich-33","routes":[{"route_id":"rm2807030","route_name":"Tram 7","route_name_local":"Tram 7","route_name_en":null,"route_ref":"7","route_color":"#000000","wikipedia":null,"osm_route_ids":[49150,2807029],"status":null,"order_suspect":0,"span_suspect":0,"stations":[{"station_id":"n2457029147","station_name":"Wollishoferplatz"},{"station_id":"n4885862791","station_name":"Butzenstrasse"},{"station_id":"n2457029194","station_name":"Morgental"},{"station_id":"n2457029233","station_name":"Renggerstrasse"},{"station_id":"n4885862788","station_name":"Bahnhof Wollishofen/Staubstrasse"},{"station_id":"n4885862781","station_name":"Billoweg"},{"station_id":"n2457029297","station_name":"Brunaustrasse"},{"station_id":"n4885862778","station_name":"Museum Rietberg"},{"station_id":"n2308599361","station_name":"Bahnhof Enge"},{"station_id":"n4885628622","station_name":"Tunnelstrasse"},{"station_id":"junc:8.53435:47.36751","station_name":""},{"station_id":"n2298056787","station_name":"Stockerstrasse"},{"station_id":"n300835690","station_name":"Paradeplatz"},{"station_id":"junc:8.53901:47.37042","station_name":""},{"station_id":"n81058533","station_name":"Rennweg"},{"station_id":"n2266734171","station_name":"Bahnhofstrasse/HB"},{"station_id":"junc:8.54032:47.37697","station_name":""},{"station_id":"n255265239","station_name":"Central"},{"station_id":"n236812338","station_name":"Haldenegg"},{"station_id":"n4880303435","station_name":"Sonneggstrasse"},{"station_id":"n2281886724","station_name":"Ottikerstrasse"},{"station_id":"n4880303437","station_name":"Röslistrasse"},{"station_id":"n5104780267","station_name":"Schaffhauserplatz"},{"station_id":"n253216855","station_name":"Guggachstrasse"},{"station_id":"n4268738648","station_name":"Milchbuck"},{"station_id":"n256060663","station_name":"Tierspital"},{"station_id":"n256060661","station_name":"Waldgarten"},{"station_id":"n256215295","station_name":"Ueberlandpark"},{"station_id":"n1492866260","station_name":"Schwamendingerplatz"},{"station_id":"junc:8.57345:47.40435","station_name":""},{"station_id":"n2289567761","station_name":"Roswiesen"},{"station_id":"n1492865475","station_name":"Glattwiesen"},{"station_id":"n4885862795","station_name":"Probstei"},{"station_id":"n1492865477","station_name":"Mattenhof"},{"station_id":"n1053691521","station_name":"Bahnhof Stettbach"}]}],"route_count":1,"route_refs":["7"],"route_colors":["#000000"],"city":"Zurich","country":"Switzerland"},"geometry":{"type":"MultiLineString","coordinates":[[[8.53041505,47.338235749999996],[8.530291949999999,47.340916050000004],[8.5303902,47.34329675],[8.533186700000002,47.3447182],[8.5329023,47.3470322],[8.53196325,47.3516483],[8.5322335,47.356060049999996],[8.531587049999999,47.360719599999996],[8.53162878,47.364194760000004]]]}},{"type":"Feature","properties":{"seg_id":"zurich-34","routes":[{"route_id":"rm2807030","route_name":"Tram 7","route_name_local":"Tram 7","route_name_en":null,"route_ref":"7","route_color":"#000000","wikipedia":null,"osm_route_ids":[49150,2807029],"status":null,"order_suspect":0,"span_suspect":0,"stations":[{"station_id":"n2457029147","station_name":"Wollishoferplatz"},{"station_id":"n4885862791","station_name":"Butzenstrasse"},{"station_id":"n2457029194","station_name":"Morgental"},{"station_id":"n2457029233","station_name":"Renggerstrasse"},{"station_id":"n4885862788","station_name":"Bahnhof Wollishofen/Staubstrasse"},{"station_id":"n4885862781","station_name":"Billoweg"},{"station_id":"n2457029297","station_name":"Brunaustrasse"},{"station_id":"n4885862778","station_name":"Museum Rietberg"},{"station_id":"n2308599361","station_name":"Bahnhof Enge"},{"station_id":"n4885628622","station_name":"Tunnelstrasse"},{"station_id":"junc:8.53435:47.36751","station_name":""},{"station_id":"n2298056787","station_name":"Stockerstrasse"},{"station_id":"n300835690","station_name":"Paradeplatz"},{"station_id":"junc:8.53901:47.37042","station_name":""},{"station_id":"n81058533","station_name":"Rennweg"},{"station_id":"n2266734171","station_name":"Bahnhofstrasse/HB"},{"station_id":"junc:8.54032:47.37697","station_name":""},{"station_id":"n255265239","station_name":"Central"},{"station_id":"n236812338","station_name":"Haldenegg"},{"station_id":"n4880303435","station_name":"Sonneggstrasse"},{"station_id":"n2281886724","station_name":"Ottikerstrasse"},{"station_id":"n4880303437","station_name":"Röslistrasse"},{"station_id":"n5104780267","station_name":"Schaffhauserplatz"},{"station_id":"n253216855","station_name":"Guggachstrasse"},{"station_id":"n4268738648","station_name":"Milchbuck"},{"station_id":"n256060663","station_name":"Tierspital"},{"station_id":"n256060661","station_name":"Waldgarten"},{"station_id":"n256215295","station_name":"Ueberlandpark"},{"station_id":"n1492866260","station_name":"Schwamendingerplatz"},{"station_id":"junc:8.57345:47.40435","station_name":""},{"station_id":"n2289567761","station_name":"Roswiesen"},{"station_id":"n1492865475","station_name":"Glattwiesen"},{"station_id":"n4885862795","station_name":"Probstei"},{"station_id":"n1492865477","station_name":"Mattenhof"},{"station_id":"n1053691521","station_name":"Bahnhof Stettbach"}]}],"route_count":1,"route_refs":["7"],"route_colors":["#000000"],"city":"Zurich","country":"Switzerland"},"geometry":{"type":"MultiLineString","coordinates":[[[8.54461115,47.379575825],[8.543494200000001,47.3829446],[8.542349399999999,47.38548095],[8.54049085,47.3886995],[8.538706300000001,47.391963325]]]}},{"type":"Feature","properties":{"seg_id":"zurich-35","routes":[{"route_id":"rm2807030","route_name":"Tram 7","route_name_local":"Tram 7","route_name_en":null,"route_ref":"7","route_color":"#000000","wikipedia":null,"osm_route_ids":[49150,2807029],"status":null,"order_suspect":0,"span_suspect":0,"stations":[{"station_id":"n2457029147","station_name":"Wollishoferplatz"},{"station_id":"n4885862791","station_name":"Butzenstrasse"},{"station_id":"n2457029194","station_name":"Morgental"},{"station_id":"n2457029233","station_name":"Renggerstrasse"},{"station_id":"n4885862788","station_name":"Bahnhof Wollishofen/Staubstrasse"},{"station_id":"n4885862781","station_name":"Billoweg"},{"station_id":"n2457029297","station_name":"Brunaustrasse"},{"station_id":"n4885862778","station_name":"Museum Rietberg"},{"station_id":"n2308599361","station_name":"Bahnhof Enge"},{"station_id":"n4885628622","station_name":"Tunnelstrasse"},{"station_id":"junc:8.53435:47.36751","station_name":""},{"station_id":"n2298056787","station_name":"Stockerstrasse"},{"station_id":"n300835690","station_name":"Paradeplatz"},{"station_id":"junc:8.53901:47.37042","station_name":""},{"station_id":"n81058533","station_name":"Rennweg"},{"station_id":"n2266734171","station_name":"Bahnhofstrasse/HB"},{"station_id":"junc:8.54032:47.37697","station_name":""},{"station_id":"n255265239","station_name":"Central"},{"station_id":"n236812338","station_name":"Haldenegg"},{"station_id":"n4880303435","station_name":"Sonneggstrasse"},{"station_id":"n2281886724","station_name":"Ottikerstrasse"},{"station_id":"n4880303437","station_name":"Röslistrasse"},{"station_id":"n5104780267","station_name":"Schaffhauserplatz"},{"station_id":"n253216855","station_name":"Guggachstrasse"},{"station_id":"n4268738648","station_name":"Milchbuck"},{"station_id":"n256060663","station_name":"Tierspital"},{"station_id":"n256060661","station_name":"Waldgarten"},{"station_id":"n256215295","station_name":"Ueberlandpark"},{"station_id":"n1492866260","station_name":"Schwamendingerplatz"},{"station_id":"junc:8.57345:47.40435","station_name":""},{"station_id":"n2289567761","station_name":"Roswiesen"},{"station_id":"n1492865475","station_name":"Glattwiesen"},{"station_id":"n4885862795","station_name":"Probstei"},{"station_id":"n1492865477","station_name":"Mattenhof"},{"station_id":"n1053691521","station_name":"Bahnhof Stettbach"}]}],"route_count":1,"route_refs":["7"],"route_colors":["#000000"],"city":"Zurich","country":"Switzerland"},"geometry":{"type":"MultiLineString","coordinates":[[[8.571697,47.40472735],[8.5734491,47.4043546],[8.5771277,47.402975350000006],[8.5817196,47.40163855],[8.586333499999999,47.40029215],[8.5909551,47.3987046],[8.596082433333335,47.39721393333334]]]}},{"type":"Feature","properties":{"seg_id":"zurich-36","routes":[{"route_id":"rm2807030","route_name":"Tram 7","route_name_local":"Tram 7","route_name_en":null,"route_ref":"7","route_color":"#000000","wikipedia":null,"osm_route_ids":[49150,2807029],"status":null,"order_suspect":0,"span_suspect":0,"stations":[{"station_id":"n2457029147","station_name":"Wollishoferplatz"},{"station_id":"n4885862791","station_name":"Butzenstrasse"},{"station_id":"n2457029194","station_name":"Morgental"},{"station_id":"n2457029233","station_name":"Renggerstrasse"},{"station_id":"n4885862788","station_name":"Bahnhof Wollishofen/Staubstrasse"},{"station_id":"n4885862781","station_name":"Billoweg"},{"station_id":"n2457029297","station_name":"Brunaustrasse"},{"station_id":"n4885862778","station_name":"Museum Rietberg"},{"station_id":"n2308599361","station_name":"Bahnhof Enge"},{"station_id":"n4885628622","station_name":"Tunnelstrasse"},{"station_id":"junc:8.53435:47.36751","station_name":""},{"station_id":"n2298056787","station_name":"Stockerstrasse"},{"station_id":"n300835690","station_name":"Paradeplatz"},{"station_id":"junc:8.53901:47.37042","station_name":""},{"station_id":"n81058533","station_name":"Rennweg"},{"station_id":"n2266734171","station_name":"Bahnhofstrasse/HB"},{"station_id":"junc:8.54032:47.37697","station_name":""},{"station_id":"n255265239","station_name":"Central"},{"station_id":"n236812338","station_name":"Haldenegg"},{"station_id":"n4880303435","station_name":"Sonneggstrasse"},{"station_id":"n2281886724","station_name":"Ottikerstrasse"},{"station_id":"n4880303437","station_name":"Röslistrasse"},{"station_id":"n5104780267","station_name":"Schaffhauserplatz"},{"station_id":"n253216855","station_name":"Guggachstrasse"},{"station_id":"n4268738648","station_name":"Milchbuck"},{"station_id":"n256060663","station_name":"Tierspital"},{"station_id":"n256060661","station_name":"Waldgarten"},{"station_id":"n256215295","station_name":"Ueberlandpark"},{"station_id":"n1492866260","station_name":"Schwamendingerplatz"},{"station_id":"junc:8.57345:47.40435","station_name":""},{"station_id":"n2289567761","station_name":"Roswiesen"},{"station_id":"n1492865475","station_name":"Glattwiesen"},{"station_id":"n4885862795","station_name":"Probstei"},{"station_id":"n1492865477","station_name":"Mattenhof"},{"station_id":"n1053691521","station_name":"Bahnhof Stettbach"}]},{"route_id":"rm2799185","route_name":"Tram 10","route_name_local":"Tram 10","route_name_en":null,"route_ref":"10","route_color":"#ce1f75","wikipedia":null,"osm_route_ids":[53006,2799184,10412927,10412930],"status":null,"order_suspect":0,"span_suspect":0,"stations":[{"station_id":"n318423928","station_name":"Fracht"},{"station_id":"n318422232","station_name":"Zürich Flughafen"},{"station_id":"n1205501634","station_name":"Bahnhof Balsberg"},{"station_id":"n318434654","station_name":"Unterriet"},{"station_id":"n318434490","station_name":"Bäuler"},{"station_id":"n318434210","station_name":"Bahnhof Glattbrugg"},{"station_id":"n318413526","station_name":"Lindberghplatz"},{"station_id":"n251202274","station_name":"Glattpark"},{"station_id":"n2289408202","station_name":"Oerlikerhus"},{"station_id":"n1587565392","station_name":"Leutschenbach"},{"station_id":"n2282310552","station_name":"Bahnhof Oerlikon Ost"},{"station_id":"n2284103170","station_name":"Sternen Oerlikon"},{"station_id":"n2282178049","station_name":"Salersteig"},{"station_id":"n2282178028","station_name":"Berninaplatz"},{"station_id":"n1287709955","station_name":"Hirschwiesenstrasse"},{"station_id":"n4268738648","station_name":"Milchbuck"},{"station_id":"n256219114","station_name":"Universität Irchel"},{"station_id":"n1986680581","station_name":"Langmauerstrasse"},{"station_id":"n262980090","station_name":"Letzistrasse"},{"station_id":"n262979497","station_name":"Kinkelstrasse"},{"station_id":"n2280219084","station_name":"Seilbahn Rigiblick"},{"station_id":"n2280214788","station_name":"Winkelriedstrasse"},{"station_id":"n2280214780","station_name":"Haldenbach"},{"station_id":"n264501156","station_name":"ETH/Universitätsspital"},{"station_id":"n236812338","station_name":"Haldenegg"},{"station_id":"n255265239","station_name":"Central"},{"station_id":"junc:8.54032:47.37697","station_name":""},{"station_id":"n4881705897","station_name":"Bahnhofplatz/HB"}]},{"route_id":"rm2807025","route_name":"Tram 6","route_name_local":"Tram 6","route_name_en":null,"route_ref":"6","route_color":"#be8543","wikipedia":null,"osm_route_ids":[5548667,5548679],"status":null,"order_suspect":0,"span_suspect":0,"stations":[{"station_id":"n309492432","station_name":"Zoo"},{"station_id":"n4885807586","station_name":"Susenbergstrasse"},{"station_id":"n4885807571","station_name":"Zürichbergstrasse"},{"station_id":"n2281803452","station_name":"Toblerplatz"},{"station_id":"n115170281","station_name":"Kirche Fluntern"},{"station_id":"junc:8.55888:47.37573","station_name":""},{"station_id":"n2281789417","station_name":"Voltastrasse"},{"station_id":"n2281278390","station_name":"Platte"},{"station_id":"junc:8.55020:47.37471","station_name":""},{"station_id":"n264501156","station_name":"ETH/Universitätsspital"},{"station_id":"n236812338","station_name":"Haldenegg"},{"station_id":"n255265239","station_name":"Central"},{"station_id":"junc:8.54032:47.37697","station_name":""},{"station_id":"n4881705897","station_name":"Bahnhofplatz/HB"}]}],"route_count":3,"route_refs":["7","10","6"],"route_colors":["#000000","#ce1f75","#be8543"],"city":"Zurich","country":"Switzerland"},"geometry":{"type":"MultiLineString","coordinates":[[[8.5437551875,47.3766928875],[8.54461115,47.379575825]]]}},{"type":"Feature","properties":{"seg_id":"zurich-37","routes":[{"route_id":"rm2807030","route_name":"Tram 7","route_name_local":"Tram 7","route_name_en":null,"route_ref":"7","route_color":"#000000","wikipedia":null,"osm_route_ids":[49150,2807029],"status":null,"order_suspect":0,"span_suspect":0,"stations":[{"station_id":"n2457029147","station_name":"Wollishoferplatz"},{"station_id":"n4885862791","station_name":"Butzenstrasse"},{"station_id":"n2457029194","station_name":"Morgental"},{"station_id":"n2457029233","station_name":"Renggerstrasse"},{"station_id":"n4885862788","station_name":"Bahnhof Wollishofen/Staubstrasse"},{"station_id":"n4885862781","station_name":"Billoweg"},{"station_id":"n2457029297","station_name":"Brunaustrasse"},{"station_id":"n4885862778","station_name":"Museum Rietberg"},{"station_id":"n2308599361","station_name":"Bahnhof Enge"},{"station_id":"n4885628622","station_name":"Tunnelstrasse"},{"station_id":"junc:8.53435:47.36751","station_name":""},{"station_id":"n2298056787","station_name":"Stockerstrasse"},{"station_id":"n300835690","station_name":"Paradeplatz"},{"station_id":"junc:8.53901:47.37042","station_name":""},{"station_id":"n81058533","station_name":"Rennweg"},{"station_id":"n2266734171","station_name":"Bahnhofstrasse/HB"},{"station_id":"junc:8.54032:47.37697","station_name":""},{"station_id":"n255265239","station_name":"Central"},{"station_id":"n236812338","station_name":"Haldenegg"},{"station_id":"n4880303435","station_name":"Sonneggstrasse"},{"station_id":"n2281886724","station_name":"Ottikerstrasse"},{"station_id":"n4880303437","station_name":"Röslistrasse"},{"station_id":"n5104780267","station_name":"Schaffhauserplatz"},{"station_id":"n253216855","station_name":"Guggachstrasse"},{"station_id":"n4268738648","station_name":"Milchbuck"},{"station_id":"n256060663","station_name":"Tierspital"},{"station_id":"n256060661","station_name":"Waldgarten"},{"station_id":"n256215295","station_name":"Ueberlandpark"},{"station_id":"n1492866260","station_name":"Schwamendingerplatz"},{"station_id":"junc:8.57345:47.40435","station_name":""},{"station_id":"n2289567761","station_name":"Roswiesen"},{"station_id":"n1492865475","station_name":"Glattwiesen"},{"station_id":"n4885862795","station_name":"Probstei"},{"station_id":"n1492865477","station_name":"Mattenhof"},{"station_id":"n1053691521","station_name":"Bahnhof Stettbach"}]},{"route_id":"rm19960822","route_name":"Tram 51","route_name_local":"Tram 51","route_name_en":null,"route_ref":"51","route_color":"#000000","wikipedia":null,"osm_route_ids":[19960820,19960821],"status":null,"order_suspect":0,"span_suspect":0,"stations":[{"station_id":"n1811357958","station_name":"Seebach"},{"station_id":"n2282329691","station_name":"Seebacherplatz"},{"station_id":"n2282310758","station_name":"Felsenrainstrasse"},{"station_id":"n2282310552","station_name":"Bahnhof Oerlikon Ost"},{"station_id":"n2284103170","station_name":"Sternen Oerlikon"},{"station_id":"n2282178049","station_name":"Salersteig"},{"station_id":"n2282178028","station_name":"Berninaplatz"},{"station_id":"n1287709955","station_name":"Hirschwiesenstrasse"},{"station_id":"n4268738648","station_name":"Milchbuck"},{"station_id":"n253216855","station_name":"Guggachstrasse"},{"station_id":"n5104780267","station_name":"Schaffhauserplatz"},{"station_id":"n2281916809","station_name":"Kronenstrasse"},{"station_id":"n2281916750","station_name":"Beckenhof"},{"station_id":"n2275416910","station_name":"Stampfenbachplatz"},{"station_id":"n301139406","station_name":"Sihlquai/HB"},{"station_id":"n2267027131","station_name":"Museum für Gestaltung"},{"station_id":"n2267027159","station_name":"Limmatplatz"},{"station_id":"n2268534971","station_name":"Quellenstrasse"},{"station_id":"n2268534978","station_name":"Löwenbräu"},{"station_id":"n2268535002","station_name":"Escher-Wyss-Platz"},{"station_id":"n1535896473","station_name":"Schiffbau"},{"station_id":"n436199776","station_name":"Technopark"},{"station_id":"n1535896515","station_name":"Toni-Areal"},{"station_id":"n589028509","station_name":"Sportweg"},{"station_id":"n975677254","station_name":"Aargauerstrasse"},{"station_id":"n975677273","station_name":"Würzgraben"},{"station_id":"n1544597441","station_name":"Bahnhof Altstetten Nord"}]}],"route_count":2,"route_refs":["7","51"],"route_colors":["#000000","#000000"],"city":"Zurich","country":"Switzerland"},"geometry":{"type":"MultiLineString","coordinates":[[[8.538706300000001,47.391963325],[8.5402173,47.3957725],[8.54188805,47.39779985]]]}},{"type":"Feature","properties":{"seg_id":"zurich-38","routes":[{"route_id":"rm2799185","route_name":"Tram 10","route_name_local":"Tram 10","route_name_en":null,"route_ref":"10","route_color":"#ce1f75","wikipedia":null,"osm_route_ids":[53006,2799184,10412927,10412930],"status":null,"order_suspect":0,"span_suspect":0,"stations":[{"station_id":"n318423928","station_name":"Fracht"},{"station_id":"n318422232","station_name":"Zürich Flughafen"},{"station_id":"n1205501634","station_name":"Bahnhof Balsberg"},{"station_id":"n318434654","station_name":"Unterriet"},{"station_id":"n318434490","station_name":"Bäuler"},{"station_id":"n318434210","station_name":"Bahnhof Glattbrugg"},{"station_id":"n318413526","station_name":"Lindberghplatz"},{"station_id":"n251202274","station_name":"Glattpark"},{"station_id":"n2289408202","station_name":"Oerlikerhus"},{"station_id":"n1587565392","station_name":"Leutschenbach"},{"station_id":"n2282310552","station_name":"Bahnhof Oerlikon Ost"},{"station_id":"n2284103170","station_name":"Sternen Oerlikon"},{"station_id":"n2282178049","station_name":"Salersteig"},{"station_id":"n2282178028","station_name":"Berninaplatz"},{"station_id":"n1287709955","station_name":"Hirschwiesenstrasse"},{"station_id":"n4268738648","station_name":"Milchbuck"},{"station_id":"n256219114","station_name":"Universität Irchel"},{"station_id":"n1986680581","station_name":"Langmauerstrasse"},{"station_id":"n262980090","station_name":"Letzistrasse"},{"station_id":"n262979497","station_name":"Kinkelstrasse"},{"station_id":"n2280219084","station_name":"Seilbahn Rigiblick"},{"station_id":"n2280214788","station_name":"Winkelriedstrasse"},{"station_id":"n2280214780","station_name":"Haldenbach"},{"station_id":"n264501156","station_name":"ETH/Universitätsspital"},{"station_id":"n236812338","station_name":"Haldenegg"},{"station_id":"n255265239","station_name":"Central"},{"station_id":"junc:8.54032:47.37697","station_name":""},{"station_id":"n4881705897","station_name":"Bahnhofplatz/HB"}]},{"route_id":"rm2799201","route_name":"Tram 12","route_name_local":"Tram 12","route_name_en":null,"route_ref":"12","route_color":"#92d6e3","wikipedia":null,"osm_route_ids":[1299849,2799200],"status":null,"order_suspect":0,"span_suspect":0,"stations":[{"station_id":"n318423928","station_name":"Fracht"},{"station_id":"n318422232","station_name":"Zürich Flughafen"},{"station_id":"n1205501634","station_name":"Bahnhof Balsberg"},{"station_id":"n318434654","station_name":"Unterriet"},{"station_id":"n318434490","station_name":"Bäuler"},{"station_id":"n318434210","station_name":"Bahnhof Glattbrugg"},{"station_id":"n318413526","station_name":"Lindberghplatz"},{"station_id":"n251202274","station_name":"Glattpark"},{"station_id":"n4881603370","station_name":"Fernsehstudio"},{"station_id":"n318412092","station_name":"Auzelg"},{"station_id":"n444757996","station_name":"Herti"},{"station_id":"n491025867","station_name":"Belair"},{"station_id":"n699179548","station_name":"Bahnhof Wallisellen"},{"station_id":"n491033793","station_name":"Glatt (Tram)"},{"station_id":"n503883858","station_name":"Neugut"},{"station_id":"n292996293","station_name":"Am Ring"},{"station_id":"n697599562","station_name":"Ringwiesen"},{"station_id":"n1053691521","station_name":"Bahnhof Stettbach"}]}],"route_count":2,"route_refs":["10","12"],"route_colors":["#ce1f75","#92d6e3"],"city":"Zurich","country":"Switzerland"},"geometry":{"type":"MultiLineString","coordinates":[[[8.571108866666666,47.4520695],[8.5641115,47.450166499999995],[8.56847755,47.44157485],[8.562716850000001,47.43803245],[8.55750205,47.43502345],[8.5593648,47.4305492],[8.560499799999999,47.4252178],[8.557027425,47.420457325]]]}},{"type":"Feature","properties":{"seg_id":"zurich-39","routes":[{"route_id":"rm2799185","route_name":"Tram 10","route_name_local":"Tram 10","route_name_en":null,"route_ref":"10","route_color":"#ce1f75","wikipedia":null,"osm_route_ids":[53006,2799184,10412927,10412930],"status":null,"order_suspect":0,"span_suspect":0,"stations":[{"station_id":"n318423928","station_name":"Fracht"},{"station_id":"n318422232","station_name":"Zürich Flughafen"},{"station_id":"n1205501634","station_name":"Bahnhof Balsberg"},{"station_id":"n318434654","station_name":"Unterriet"},{"station_id":"n318434490","station_name":"Bäuler"},{"station_id":"n318434210","station_name":"Bahnhof Glattbrugg"},{"station_id":"n318413526","station_name":"Lindberghplatz"},{"station_id":"n251202274","station_name":"Glattpark"},{"station_id":"n2289408202","station_name":"Oerlikerhus"},{"station_id":"n1587565392","station_name":"Leutschenbach"},{"station_id":"n2282310552","station_name":"Bahnhof Oerlikon Ost"},{"station_id":"n2284103170","station_name":"Sternen Oerlikon"},{"station_id":"n2282178049","station_name":"Salersteig"},{"station_id":"n2282178028","station_name":"Berninaplatz"},{"station_id":"n1287709955","station_name":"Hirschwiesenstrasse"},{"station_id":"n4268738648","station_name":"Milchbuck"},{"station_id":"n256219114","station_name":"Universität Irchel"},{"station_id":"n1986680581","station_name":"Langmauerstrasse"},{"station_id":"n262980090","station_name":"Letzistrasse"},{"station_id":"n262979497","station_name":"Kinkelstrasse"},{"station_id":"n2280219084","station_name":"Seilbahn Rigiblick"},{"station_id":"n2280214788","station_name":"Winkelriedstrasse"},{"station_id":"n2280214780","station_name":"Haldenbach"},{"station_id":"n264501156","station_name":"ETH/Universitätsspital"},{"station_id":"n236812338","station_name":"Haldenegg"},{"station_id":"n255265239","station_name":"Central"},{"station_id":"junc:8.54032:47.37697","station_name":""},{"station_id":"n4881705897","station_name":"Bahnhofplatz/HB"}]},{"route_id":"rm19960823","route_name":"Tram 50","route_name_local":"Tram 50","route_name_en":null,"route_ref":"50","route_color":"#000000","wikipedia":null,"osm_route_ids":[19960818,19960819],"status":null,"order_suspect":0,"span_suspect":0,"stations":[{"station_id":"n318412092","station_name":"Auzelg"},{"station_id":"n4881603370","station_name":"Fernsehstudio"},{"station_id":"n251202274","station_name":"Glattpark"},{"station_id":"n2289408202","station_name":"Oerlikerhus"},{"station_id":"n1587565392","station_name":"Leutschenbach"},{"station_id":"n316660598","station_name":"Messe/Hallenstadion"},{"station_id":"n2284103170","station_name":"Sternen Oerlikon"},{"station_id":"n4881603356","station_name":"Bahnhof Oerlikon"},{"station_id":"n2282371068","station_name":"Regensbergbrücke"},{"station_id":"n2282371055","station_name":"Bad Allenmoos"},{"station_id":"n3891281320","station_name":"Brunnenhof"},{"station_id":"n809690628","station_name":"Bucheggplatz"},{"station_id":"junc:8.53363:47.39756","station_name":""},{"station_id":"n2282408206","station_name":"Laubiweg"},{"station_id":"n5104780267","station_name":"Schaffhauserplatz"},{"station_id":"n2281916809","station_name":"Kronenstrasse"},{"station_id":"n2281916750","station_name":"Beckenhof"},{"station_id":"n2275416910","station_name":"Stampfenbachplatz"},{"station_id":"n301139406","station_name":"Sihlquai/HB"},{"station_id":"n2267027131","station_name":"Museum für Gestaltung"},{"station_id":"n2267027159","station_name":"Limmatplatz"},{"station_id":"n2268534971","station_name":"Quellenstrasse"},{"station_id":"n2268534978","station_name":"Löwenbräu"},{"station_id":"n2268535002","station_name":"Escher-Wyss-Platz"},{"station_id":"n29382367","station_name":"Wipkingerplatz"},{"station_id":"n2288259595","station_name":"Waidfussweg"},{"station_id":"n2288259660","station_name":"Eschergutweg"},{"station_id":"n3071738304","station_name":"Alte Trotte"},{"station_id":"n2288259738","station_name":"Schwert"},{"station_id":"n2288259787","station_name":"Meierhofplatz"},{"station_id":"n2288300976","station_name":"Zwielplatz"},{"station_id":"n2288301028","station_name":"Wartau"},{"station_id":"n2288315712","station_name":"Winzerstrasse"},{"station_id":"n2288315737","station_name":"Frankental"}]}],"route_count":2,"route_refs":["10","50"],"route_colors":["#ce1f75","#000000"],"city":"Zurich","country":"Switzerland"},"geometry":{"type":"MultiLineString","coordinates":[[[8.557027425,47.420457325],[8.553932249999999,47.417676549999996],[8.55132875,47.414711499999996]]]}},{"type":"Feature","properties":{"seg_id":"zurich-40","routes":[{"route_id":"rm2799185","route_name":"Tram 10","route_name_local":"Tram 10","route_name_en":null,"route_ref":"10","route_color":"#ce1f75","wikipedia":null,"osm_route_ids":[53006,2799184,10412927,10412930],"status":null,"order_suspect":0,"span_suspect":0,"stations":[{"station_id":"n318423928","station_name":"Fracht"},{"station_id":"n318422232","station_name":"Zürich Flughafen"},{"station_id":"n1205501634","station_name":"Bahnhof Balsberg"},{"station_id":"n318434654","station_name":"Unterriet"},{"station_id":"n318434490","station_name":"Bäuler"},{"station_id":"n318434210","station_name":"Bahnhof Glattbrugg"},{"station_id":"n318413526","station_name":"Lindberghplatz"},{"station_id":"n251202274","station_name":"Glattpark"},{"station_id":"n2289408202","station_name":"Oerlikerhus"},{"station_id":"n1587565392","station_name":"Leutschenbach"},{"station_id":"n2282310552","station_name":"Bahnhof Oerlikon Ost"},{"station_id":"n2284103170","station_name":"Sternen Oerlikon"},{"station_id":"n2282178049","station_name":"Salersteig"},{"station_id":"n2282178028","station_name":"Berninaplatz"},{"station_id":"n1287709955","station_name":"Hirschwiesenstrasse"},{"station_id":"n4268738648","station_name":"Milchbuck"},{"station_id":"n256219114","station_name":"Universität Irchel"},{"station_id":"n1986680581","station_name":"Langmauerstrasse"},{"station_id":"n262980090","station_name":"Letzistrasse"},{"station_id":"n262979497","station_name":"Kinkelstrasse"},{"station_id":"n2280219084","station_name":"Seilbahn Rigiblick"},{"station_id":"n2280214788","station_name":"Winkelriedstrasse"},{"station_id":"n2280214780","station_name":"Haldenbach"},{"station_id":"n264501156","station_name":"ETH/Universitätsspital"},{"station_id":"n236812338","station_name":"Haldenegg"},{"station_id":"n255265239","station_name":"Central"},{"station_id":"junc:8.54032:47.37697","station_name":""},{"station_id":"n4881705897","station_name":"Bahnhofplatz/HB"}]}],"route_count":1,"route_refs":["10"],"route_colors":["#ce1f75"],"city":"Zurich","country":"Switzerland"},"geometry":{"type":"MultiLineString","coordinates":[[[8.55132875,47.414711499999996],[8.5460624,47.413423099999996]]]}},{"type":"Feature","properties":{"seg_id":"zurich-41","routes":[{"route_id":"rm2799185","route_name":"Tram 10","route_name_local":"Tram 10","route_name_en":null,"route_ref":"10","route_color":"#ce1f75","wikipedia":null,"osm_route_ids":[53006,2799184,10412927,10412930],"status":null,"order_suspect":0,"span_suspect":0,"stations":[{"station_id":"n318423928","station_name":"Fracht"},{"station_id":"n318422232","station_name":"Zürich Flughafen"},{"station_id":"n1205501634","station_name":"Bahnhof Balsberg"},{"station_id":"n318434654","station_name":"Unterriet"},{"station_id":"n318434490","station_name":"Bäuler"},{"station_id":"n318434210","station_name":"Bahnhof Glattbrugg"},{"station_id":"n318413526","station_name":"Lindberghplatz"},{"station_id":"n251202274","station_name":"Glattpark"},{"station_id":"n2289408202","station_name":"Oerlikerhus"},{"station_id":"n1587565392","station_name":"Leutschenbach"},{"station_id":"n2282310552","station_name":"Bahnhof Oerlikon Ost"},{"station_id":"n2284103170","station_name":"Sternen Oerlikon"},{"station_id":"n2282178049","station_name":"Salersteig"},{"station_id":"n2282178028","station_name":"Berninaplatz"},{"station_id":"n1287709955","station_name":"Hirschwiesenstrasse"},{"station_id":"n4268738648","station_name":"Milchbuck"},{"station_id":"n256219114","station_name":"Universität Irchel"},{"station_id":"n1986680581","station_name":"Langmauerstrasse"},{"station_id":"n262980090","station_name":"Letzistrasse"},{"station_id":"n262979497","station_name":"Kinkelstrasse"},{"station_id":"n2280219084","station_name":"Seilbahn Rigiblick"},{"station_id":"n2280214788","station_name":"Winkelriedstrasse"},{"station_id":"n2280214780","station_name":"Haldenbach"},{"station_id":"n264501156","station_name":"ETH/Universitätsspital"},{"station_id":"n236812338","station_name":"Haldenegg"},{"station_id":"n255265239","station_name":"Central"},{"station_id":"junc:8.54032:47.37697","station_name":""},{"station_id":"n4881705897","station_name":"Bahnhofplatz/HB"}]},{"route_id":"rm19960822","route_name":"Tram 51","route_name_local":"Tram 51","route_name_en":null,"route_ref":"51","route_color":"#000000","wikipedia":null,"osm_route_ids":[19960820,19960821],"status":null,"order_suspect":0,"span_suspect":0,"stations":[{"station_id":"n1811357958","station_name":"Seebach"},{"station_id":"n2282329691","station_name":"Seebacherplatz"},{"station_id":"n2282310758","station_name":"Felsenrainstrasse"},{"station_id":"n2282310552","station_name":"Bahnhof Oerlikon Ost"},{"station_id":"n2284103170","station_name":"Sternen Oerlikon"},{"station_id":"n2282178049","station_name":"Salersteig"},{"station_id":"n2282178028","station_name":"Berninaplatz"},{"station_id":"n1287709955","station_name":"Hirschwiesenstrasse"},{"station_id":"n4268738648","station_name":"Milchbuck"},{"station_id":"n253216855","station_name":"Guggachstrasse"},{"station_id":"n5104780267","station_name":"Schaffhauserplatz"},{"station_id":"n2281916809","station_name":"Kronenstrasse"},{"station_id":"n2281916750","station_name":"Beckenhof"},{"station_id":"n2275416910","station_name":"Stampfenbachplatz"},{"station_id":"n301139406","station_name":"Sihlquai/HB"},{"station_id":"n2267027131","station_name":"Museum für Gestaltung"},{"station_id":"n2267027159","station_name":"Limmatplatz"},{"station_id":"n2268534971","station_name":"Quellenstrasse"},{"station_id":"n2268534978","station_name":"Löwenbräu"},{"station_id":"n2268535002","station_name":"Escher-Wyss-Platz"},{"station_id":"n1535896473","station_name":"Schiffbau"},{"station_id":"n436199776","station_name":"Technopark"},{"station_id":"n1535896515","station_name":"Toni-Areal"},{"station_id":"n589028509","station_name":"Sportweg"},{"station_id":"n975677254","station_name":"Aargauerstrasse"},{"station_id":"n975677273","station_name":"Würzgraben"},{"station_id":"n1544597441","station_name":"Bahnhof Altstetten Nord"}]}],"route_count":2,"route_refs":["10","51"],"route_colors":["#ce1f75","#000000"],"city":"Zurich","country":"Switzerland"},"geometry":{"type":"MultiLineString","coordinates":[[[8.5460624,47.413423099999996],[8.546536374999999,47.41002315],[8.5483256,47.4062773],[8.5480485,47.4038032],[8.54351265,47.40027085],[8.54188805,47.39779985]]]}},{"type":"Feature","properties":{"seg_id":"zurich-42","routes":[{"route_id":"rm2799185","route_name":"Tram 10","route_name_local":"Tram 10","route_name_en":null,"route_ref":"10","route_color":"#ce1f75","wikipedia":null,"osm_route_ids":[53006,2799184,10412927,10412930],"status":null,"order_suspect":0,"span_suspect":0,"stations":[{"station_id":"n318423928","station_name":"Fracht"},{"station_id":"n318422232","station_name":"Zürich Flughafen"},{"station_id":"n1205501634","station_name":"Bahnhof Balsberg"},{"station_id":"n318434654","station_name":"Unterriet"},{"station_id":"n318434490","station_name":"Bäuler"},{"station_id":"n318434210","station_name":"Bahnhof Glattbrugg"},{"station_id":"n318413526","station_name":"Lindberghplatz"},{"station_id":"n251202274","station_name":"Glattpark"},{"station_id":"n2289408202","station_name":"Oerlikerhus"},{"station_id":"n1587565392","station_name":"Leutschenbach"},{"station_id":"n2282310552","station_name":"Bahnhof Oerlikon Ost"},{"station_id":"n2284103170","station_name":"Sternen Oerlikon"},{"station_id":"n2282178049","station_name":"Salersteig"},{"station_id":"n2282178028","station_name":"Berninaplatz"},{"station_id":"n1287709955","station_name":"Hirschwiesenstrasse"},{"station_id":"n4268738648","station_name":"Milchbuck"},{"station_id":"n256219114","station_name":"Universität Irchel"},{"station_id":"n1986680581","station_name":"Langmauerstrasse"},{"station_id":"n262980090","station_name":"Letzistrasse"},{"station_id":"n262979497","station_name":"Kinkelstrasse"},{"station_id":"n2280219084","station_name":"Seilbahn Rigiblick"},{"station_id":"n2280214788","station_name":"Winkelriedstrasse"},{"station_id":"n2280214780","station_name":"Haldenbach"},{"station_id":"n264501156","station_name":"ETH/Universitätsspital"},{"station_id":"n236812338","station_name":"Haldenegg"},{"station_id":"n255265239","station_name":"Central"},{"station_id":"junc:8.54032:47.37697","station_name":""},{"station_id":"n4881705897","station_name":"Bahnhofplatz/HB"}]},{"route_id":"rm2807025","route_name":"Tram 6","route_name_local":"Tram 6","route_name_en":null,"route_ref":"6","route_color":"#be8543","wikipedia":null,"osm_route_ids":[5548667,5548679],"status":null,"order_suspect":0,"span_suspect":0,"stations":[{"station_id":"n309492432","station_name":"Zoo"},{"station_id":"n4885807586","station_name":"Susenbergstrasse"},{"station_id":"n4885807571","station_name":"Zürichbergstrasse"},{"station_id":"n2281803452","station_name":"Toblerplatz"},{"station_id":"n115170281","station_name":"Kirche Fluntern"},{"station_id":"junc:8.55888:47.37573","station_name":""},{"station_id":"n2281789417","station_name":"Voltastrasse"},{"station_id":"n2281278390","station_name":"Platte"},{"station_id":"junc:8.55020:47.37471","station_name":""},{"station_id":"n264501156","station_name":"ETH/Universitätsspital"},{"station_id":"n236812338","station_name":"Haldenegg"},{"station_id":"n255265239","station_name":"Central"},{"station_id":"junc:8.54032:47.37697","station_name":""},{"station_id":"n4881705897","station_name":"Bahnhofplatz/HB"}]}],"route_count":2,"route_refs":["10","6"],"route_colors":["#ce1f75","#be8543"],"city":"Zurich","country":"Switzerland"},"geometry":{"type":"MultiLineString","coordinates":[[[8.548123466666667,47.37723193333333],[8.54461115,47.379575825]]]}},{"type":"Feature","properties":{"seg_id":"zurich-43","routes":[{"route_id":"rm2807095","route_name":"Tram 2","route_name_local":"Tram 2","route_name_en":null,"route_ref":"2","route_color":"#cb0a25","wikipedia":null,"osm_route_ids":[53911,2807094],"status":null,"order_suspect":0,"span_suspect":0,"stations":[{"station_id":"n6605743616","station_name":"Geissweid"},{"station_id":"junc:8.44559:47.39811","station_name":""},{"station_id":"n6605743614","station_name":"Schlieren Zentrum/Bahnhof"},{"station_id":"n6605743612","station_name":"Wagonsfabrik"},{"station_id":"n6605743610","station_name":"Gasometerbrücke"},{"station_id":"n1917116631","station_name":"Mülligen"},{"station_id":"n6605743598","station_name":"Micafil"},{"station_id":"n6611612258","station_name":"Farbhof"},{"station_id":"n4883792920","station_name":"Bachmattstrasse"},{"station_id":"n2277081751","station_name":"Lindenplatz"},{"station_id":"n2277081658","station_name":"Grimselstrasse"},{"station_id":"n2277081581","station_name":"Kappeli"},{"station_id":"n2277081523","station_name":"Freihofstrasse"},{"station_id":"n2277081498","station_name":"Letzigrund"},{"station_id":"n2277024815","station_name":"Albisriederplatz"},{"station_id":"n2277024795","station_name":"Zypressenstrasse"},{"station_id":"n2277024767","station_name":"Lochergut"},{"station_id":"n2275787476","station_name":"Kalkbreite/Bhf. Wiedikon"},{"station_id":"n2275787444","station_name":"Bezirksgebäude"},{"station_id":"junc:8.52852:47.37330","station_name":""},{"station_id":"n2275723458","station_name":"Stauffacher"},{"station_id":"junc:8.53133:47.37342","station_name":""},{"station_id":"n2275623062","station_name":"Sihlstrasse"},{"station_id":"junc:8.53901:47.37042","station_name":""},{"station_id":"n300835690","station_name":"Paradeplatz"},{"station_id":"n2295502445","station_name":"Kantonalbank"},{"station_id":"n2295223402","station_name":"Bürkliplatz"},{"station_id":"junc:8.54407:47.36702","station_name":""},{"station_id":"n300383806","station_name":"Bellevue"},{"station_id":"n442522935","station_name":"Bahnhof Stadelhofen"},{"station_id":"n2296934594","station_name":"Kreuzplatz"},{"station_id":"n4880303433","station_name":"Englischviertelstrasse"},{"station_id":"n2296953085","station_name":"Römerhof"},{"station_id":"junc:8.56077:47.36766","station_name":""},{"station_id":"n2640649199","station_name":"Hölderlinstrasse"},{"station_id":"n316704413","station_name":"Klusplatz"}]},{"route_id":"rm14987053","route_name":"Tram 20","route_name_local":"Tram 20","route_name_en":null,"route_ref":"20","route_color":"#a0216e","wikipedia":null,"osm_route_ids":[14987051,14987052],"status":null,"order_suspect":0,"span_suspect":0,"stations":[{"station_id":"n8849947945","station_name":"Killwangen Bahnhof"},{"station_id":"n9457759266","station_name":"Spreitenbach West"},{"station_id":"n9457759264","station_name":"Umwelt Arena"},{"station_id":"n9457759256","station_name":"Shoppi Tivoli"},{"station_id":"n9457759260","station_name":"IKEA"},{"station_id":"n9457759258","station_name":"Kreuzäcker"},{"station_id":"n9876943985","station_name":"Maienweg"},{"station_id":"n7641100150","station_name":"Oetwilerstrasse"},{"station_id":"n6759462138","station_name":"Dietikon Zentrum"},{"station_id":"n3882179348","station_name":"Dietikon"},{"station_id":"n7641100215","station_name":"Schäflibach"},{"station_id":"n8762778614","station_name":"Birmensdorferstrasse"},{"station_id":"n6759443054","station_name":"Urdorf Nord"},{"station_id":"n6759443078","station_name":"Kantiallee"},{"station_id":"n6759443066","station_name":"Spital Limmattal"},{"station_id":"n7448675865","station_name":"Reitmen"},{"station_id":"n3865294248","station_name":"Kesslerplatz"},{"station_id":"n6605743616","station_name":"Geissweid"},{"station_id":"junc:8.44559:47.39811","station_name":""},{"station_id":"n6605743614","station_name":"Schlieren Zentrum/Bahnhof"},{"station_id":"n6605743612","station_name":"Wagonsfabrik"},{"station_id":"n6605743610","station_name":"Gasometerbrücke"},{"station_id":"n1917116631","station_name":"Mülligen"},{"station_id":"n6605743598","station_name":"Micafil"},{"station_id":"n6611612258","station_name":"Farbhof"},{"station_id":"n7448675786","station_name":"Seidelhof"},{"station_id":"n7448675785","station_name":"Bahnhof Altstetten"}]}],"route_count":2,"route_refs":["2","20"],"route_colors":["#cb0a25","#a0216e"],"city":"Zurich","country":"Switzerland"},"geometry":{"type":"MultiLineString","coordinates":[[[8.444461425,47.397991975000004],[8.4455885,47.3981098],[8.44849255,47.397839000000005],[8.4542445,47.39852955],[8.46022005,47.3977046],[8.46675235,47.39597055],[8.4745355,47.393021649999994],[8.4786753,47.3911968]]]}},{"type":"Feature","properties":{"seg_id":"zurich-44","routes":[{"route_id":"rm2807095","route_name":"Tram 2","route_name_local":"Tram 2","route_name_en":null,"route_ref":"2","route_color":"#cb0a25","wikipedia":null,"osm_route_ids":[53911,2807094],"status":null,"order_suspect":0,"span_suspect":0,"stations":[{"station_id":"n6605743616","station_name":"Geissweid"},{"station_id":"junc:8.44559:47.39811","station_name":""},{"station_id":"n6605743614","station_name":"Schlieren Zentrum/Bahnhof"},{"station_id":"n6605743612","station_name":"Wagonsfabrik"},{"station_id":"n6605743610","station_name":"Gasometerbrücke"},{"station_id":"n1917116631","station_name":"Mülligen"},{"station_id":"n6605743598","station_name":"Micafil"},{"station_id":"n6611612258","station_name":"Farbhof"},{"station_id":"n4883792920","station_name":"Bachmattstrasse"},{"station_id":"n2277081751","station_name":"Lindenplatz"},{"station_id":"n2277081658","station_name":"Grimselstrasse"},{"station_id":"n2277081581","station_name":"Kappeli"},{"station_id":"n2277081523","station_name":"Freihofstrasse"},{"station_id":"n2277081498","station_name":"Letzigrund"},{"station_id":"n2277024815","station_name":"Albisriederplatz"},{"station_id":"n2277024795","station_name":"Zypressenstrasse"},{"station_id":"n2277024767","station_name":"Lochergut"},{"station_id":"n2275787476","station_name":"Kalkbreite/Bhf. Wiedikon"},{"station_id":"n2275787444","station_name":"Bezirksgebäude"},{"station_id":"junc:8.52852:47.37330","station_name":""},{"station_id":"n2275723458","station_name":"Stauffacher"},{"station_id":"junc:8.53133:47.37342","station_name":""},{"station_id":"n2275623062","station_name":"Sihlstrasse"},{"station_id":"junc:8.53901:47.37042","station_name":""},{"station_id":"n300835690","station_name":"Paradeplatz"},{"station_id":"n2295502445","station_name":"Kantonalbank"},{"station_id":"n2295223402","station_name":"Bürkliplatz"},{"station_id":"junc:8.54407:47.36702","station_name":""},{"station_id":"n300383806","station_name":"Bellevue"},{"station_id":"n442522935","station_name":"Bahnhof Stadelhofen"},{"station_id":"n2296934594","station_name":"Kreuzplatz"},{"station_id":"n4880303433","station_name":"Englischviertelstrasse"},{"station_id":"n2296953085","station_name":"Römerhof"},{"station_id":"junc:8.56077:47.36766","station_name":""},{"station_id":"n2640649199","station_name":"Hölderlinstrasse"},{"station_id":"n316704413","station_name":"Klusplatz"}]}],"route_count":1,"route_refs":["2"],"route_colors":["#cb0a25"],"city":"Zurich","country":"Switzerland"},"geometry":{"type":"MultiLineString","coordinates":[[[8.4786753,47.3911968],[8.482843849999998,47.38909085],[8.486090749999999,47.38785145],[8.4900266,47.386987000000005],[8.4948219,47.38518685],[8.499672499999999,47.383132849999996],[8.503713699999999,47.38121015],[8.510296275,47.378232700000005]]]}},{"type":"Feature","properties":{"seg_id":"zurich-45","routes":[{"route_id":"rm2807095","route_name":"Tram 2","route_name_local":"Tram 2","route_name_en":null,"route_ref":"2","route_color":"#cb0a25","wikipedia":null,"osm_route_ids":[53911,2807094],"status":null,"order_suspect":0,"span_suspect":0,"stations":[{"station_id":"n6605743616","station_name":"Geissweid"},{"station_id":"junc:8.44559:47.39811","station_name":""},{"station_id":"n6605743614","station_name":"Schlieren Zentrum/Bahnhof"},{"station_id":"n6605743612","station_name":"Wagonsfabrik"},{"station_id":"n6605743610","station_name":"Gasometerbrücke"},{"station_id":"n1917116631","station_name":"Mülligen"},{"station_id":"n6605743598","station_name":"Micafil"},{"station_id":"n6611612258","station_name":"Farbhof"},{"station_id":"n4883792920","station_name":"Bachmattstrasse"},{"station_id":"n2277081751","station_name":"Lindenplatz"},{"station_id":"n2277081658","station_name":"Grimselstrasse"},{"station_id":"n2277081581","station_name":"Kappeli"},{"station_id":"n2277081523","station_name":"Freihofstrasse"},{"station_id":"n2277081498","station_name":"Letzigrund"},{"station_id":"n2277024815","station_name":"Albisriederplatz"},{"station_id":"n2277024795","station_name":"Zypressenstrasse"},{"station_id":"n2277024767","station_name":"Lochergut"},{"station_id":"n2275787476","station_name":"Kalkbreite/Bhf. Wiedikon"},{"station_id":"n2275787444","station_name":"Bezirksgebäude"},{"station_id":"junc:8.52852:47.37330","station_name":""},{"station_id":"n2275723458","station_name":"Stauffacher"},{"station_id":"junc:8.53133:47.37342","station_name":""},{"station_id":"n2275623062","station_name":"Sihlstrasse"},{"station_id":"junc:8.53901:47.37042","station_name":""},{"station_id":"n300835690","station_name":"Paradeplatz"},{"station_id":"n2295502445","station_name":"Kantonalbank"},{"station_id":"n2295223402","station_name":"Bürkliplatz"},{"station_id":"junc:8.54407:47.36702","station_name":""},{"station_id":"n300383806","station_name":"Bellevue"},{"station_id":"n442522935","station_name":"Bahnhof Stadelhofen"},{"station_id":"n2296934594","station_name":"Kreuzplatz"},{"station_id":"n4880303433","station_name":"Englischviertelstrasse"},{"station_id":"n2296953085","station_name":"Römerhof"},{"station_id":"junc:8.56077:47.36766","station_name":""},{"station_id":"n2640649199","station_name":"Hölderlinstrasse"},{"station_id":"n316704413","station_name":"Klusplatz"}]}],"route_count":1,"route_refs":["2"],"route_colors":["#cb0a25"],"city":"Zurich","country":"Switzerland"},"geometry":{"type":"MultiLineString","coordinates":[[[8.553910649999999,47.36493515],[8.5574271,47.36640655],[8.5599907,47.36790799999999]]]}},{"type":"Feature","properties":{"seg_id":"zurich-46","routes":[{"route_id":"rm2799201","route_name":"Tram 12","route_name_local":"Tram 12","route_name_en":null,"route_ref":"12","route_color":"#92d6e3","wikipedia":null,"osm_route_ids":[1299849,2799200],"status":null,"order_suspect":0,"span_suspect":0,"stations":[{"station_id":"n318423928","station_name":"Fracht"},{"station_id":"n318422232","station_name":"Zürich Flughafen"},{"station_id":"n1205501634","station_name":"Bahnhof Balsberg"},{"station_id":"n318434654","station_name":"Unterriet"},{"station_id":"n318434490","station_name":"Bäuler"},{"station_id":"n318434210","station_name":"Bahnhof Glattbrugg"},{"station_id":"n318413526","station_name":"Lindberghplatz"},{"station_id":"n251202274","station_name":"Glattpark"},{"station_id":"n4881603370","station_name":"Fernsehstudio"},{"station_id":"n318412092","station_name":"Auzelg"},{"station_id":"n444757996","station_name":"Herti"},{"station_id":"n491025867","station_name":"Belair"},{"station_id":"n699179548","station_name":"Bahnhof Wallisellen"},{"station_id":"n491033793","station_name":"Glatt (Tram)"},{"station_id":"n503883858","station_name":"Neugut"},{"station_id":"n292996293","station_name":"Am Ring"},{"station_id":"n697599562","station_name":"Ringwiesen"},{"station_id":"n1053691521","station_name":"Bahnhof Stettbach"}]},{"route_id":"rm19960823","route_name":"Tram 50","route_name_local":"Tram 50","route_name_en":null,"route_ref":"50","route_color":"#000000","wikipedia":null,"osm_route_ids":[19960818,19960819],"status":null,"order_suspect":0,"span_suspect":0,"stations":[{"station_id":"n318412092","station_name":"Auzelg"},{"station_id":"n4881603370","station_name":"Fernsehstudio"},{"station_id":"n251202274","station_name":"Glattpark"},{"station_id":"n2289408202","station_name":"Oerlikerhus"},{"station_id":"n1587565392","station_name":"Leutschenbach"},{"station_id":"n316660598","station_name":"Messe/Hallenstadion"},{"station_id":"n2284103170","station_name":"Sternen Oerlikon"},{"station_id":"n4881603356","station_name":"Bahnhof Oerlikon"},{"station_id":"n2282371068","station_name":"Regensbergbrücke"},{"station_id":"n2282371055","station_name":"Bad Allenmoos"},{"station_id":"n3891281320","station_name":"Brunnenhof"},{"station_id":"n809690628","station_name":"Bucheggplatz"},{"station_id":"junc:8.53363:47.39756","station_name":""},{"station_id":"n2282408206","station_name":"Laubiweg"},{"station_id":"n5104780267","station_name":"Schaffhauserplatz"},{"station_id":"n2281916809","station_name":"Kronenstrasse"},{"station_id":"n2281916750","station_name":"Beckenhof"},{"station_id":"n2275416910","station_name":"Stampfenbachplatz"},{"station_id":"n301139406","station_name":"Sihlquai/HB"},{"station_id":"n2267027131","station_name":"Museum für Gestaltung"},{"station_id":"n2267027159","station_name":"Limmatplatz"},{"station_id":"n2268534971","station_name":"Quellenstrasse"},{"station_id":"n2268534978","station_name":"Löwenbräu"},{"station_id":"n2268535002","station_name":"Escher-Wyss-Platz"},{"station_id":"n29382367","station_name":"Wipkingerplatz"},{"station_id":"n2288259595","station_name":"Waidfussweg"},{"station_id":"n2288259660","station_name":"Eschergutweg"},{"station_id":"n3071738304","station_name":"Alte Trotte"},{"station_id":"n2288259738","station_name":"Schwert"},{"station_id":"n2288259787","station_name":"Meierhofplatz"},{"station_id":"n2288300976","station_name":"Zwielplatz"},{"station_id":"n2288301028","station_name":"Wartau"},{"station_id":"n2288315712","station_name":"Winzerstrasse"},{"station_id":"n2288315737","station_name":"Frankental"}]}],"route_count":2,"route_refs":["12","50"],"route_colors":["#92d6e3","#000000"],"city":"Zurich","country":"Switzerland"},"geometry":{"type":"MultiLineString","coordinates":[[[8.557027425,47.420457325],[8.5616459,47.41823225],[8.568741333333334,47.41692956666666]]]}},{"type":"Feature","properties":{"seg_id":"zurich-47","routes":[{"route_id":"rm2799201","route_name":"Tram 12","route_name_local":"Tram 12","route_name_en":null,"route_ref":"12","route_color":"#92d6e3","wikipedia":null,"osm_route_ids":[1299849,2799200],"status":null,"order_suspect":0,"span_suspect":0,"stations":[{"station_id":"n318423928","station_name":"Fracht"},{"station_id":"n318422232","station_name":"Zürich Flughafen"},{"station_id":"n1205501634","station_name":"Bahnhof Balsberg"},{"station_id":"n318434654","station_name":"Unterriet"},{"station_id":"n318434490","station_name":"Bäuler"},{"station_id":"n318434210","station_name":"Bahnhof Glattbrugg"},{"station_id":"n318413526","station_name":"Lindberghplatz"},{"station_id":"n251202274","station_name":"Glattpark"},{"station_id":"n4881603370","station_name":"Fernsehstudio"},{"station_id":"n318412092","station_name":"Auzelg"},{"station_id":"n444757996","station_name":"Herti"},{"station_id":"n491025867","station_name":"Belair"},{"station_id":"n699179548","station_name":"Bahnhof Wallisellen"},{"station_id":"n491033793","station_name":"Glatt (Tram)"},{"station_id":"n503883858","station_name":"Neugut"},{"station_id":"n292996293","station_name":"Am Ring"},{"station_id":"n697599562","station_name":"Ringwiesen"},{"station_id":"n1053691521","station_name":"Bahnhof Stettbach"}]}],"route_count":1,"route_refs":["12"],"route_colors":["#92d6e3"],"city":"Zurich","country":"Switzerland"},"geometry":{"type":"MultiLineString","coordinates":[[[8.568741333333334,47.41692956666666],[8.578965400000001,47.4164765],[8.5845868,47.4134497],[8.59246965,47.4125635],[8.5980798,47.4092993],[8.60426575,47.4048306],[8.60769185,47.40215875],[8.604257,47.3975042],[8.596082433333335,47.39721393333334]]]}},{"type":"Feature","properties":{"seg_id":"zurich-48","routes":[{"route_id":"rm1903836","route_name":"Tram 17","route_name_local":"Tram 17","route_name_en":null,"route_ref":"17","route_color":"#8d1d2c","wikipedia":null,"osm_route_ids":[1903834,1903835],"status":null,"order_suspect":0,"span_suspect":0,"stations":[{"station_id":"n809690628","station_name":"Bucheggplatz"},{"station_id":"junc:8.53363:47.39756","station_name":""},{"station_id":"n2282408206","station_name":"Laubiweg"},{"station_id":"n5104780267","station_name":"Schaffhauserplatz"},{"station_id":"n2281916809","station_name":"Kronenstrasse"},{"station_id":"n2281916750","station_name":"Beckenhof"},{"station_id":"n2275416910","station_name":"Stampfenbachplatz"},{"station_id":"n301139406","station_name":"Sihlquai/HB"},{"station_id":"n2267027131","station_name":"Museum für Gestaltung"},{"station_id":"n2267027159","station_name":"Limmatplatz"},{"station_id":"n2268534971","station_name":"Quellenstrasse"},{"station_id":"n2268534978","station_name":"Löwenbräu"},{"station_id":"n2268535002","station_name":"Escher-Wyss-Platz"},{"station_id":"n29798196","station_name":"Förrlibuckstrasse"},{"station_id":"n29798200","station_name":"Fischerweg"},{"station_id":"n29798202","station_name":"Bernoulli-Häuser"},{"station_id":"junc:8.50532:47.39401","station_name":""},{"station_id":"n322503932","station_name":"Hardturm"},{"station_id":"n29798213","station_name":"Hardhof"},{"station_id":"n29798217","station_name":"Tüffenwies"},{"station_id":"n29798224","station_name":"Grünaustrasse"},{"station_id":"n4885628442","station_name":"Bändliweg"},{"station_id":"n322502006","station_name":"Werdhölzli"}]},{"route_id":"rm19960823","route_name":"Tram 50","route_name_local":"Tram 50","route_name_en":null,"route_ref":"50","route_color":"#000000","wikipedia":null,"osm_route_ids":[19960818,19960819],"status":null,"order_suspect":0,"span_suspect":0,"stations":[{"station_id":"n318412092","station_name":"Auzelg"},{"station_id":"n4881603370","station_name":"Fernsehstudio"},{"station_id":"n251202274","station_name":"Glattpark"},{"station_id":"n2289408202","station_name":"Oerlikerhus"},{"station_id":"n1587565392","station_name":"Leutschenbach"},{"station_id":"n316660598","station_name":"Messe/Hallenstadion"},{"station_id":"n2284103170","station_name":"Sternen Oerlikon"},{"station_id":"n4881603356","station_name":"Bahnhof Oerlikon"},{"station_id":"n2282371068","station_name":"Regensbergbrücke"},{"station_id":"n2282371055","station_name":"Bad Allenmoos"},{"station_id":"n3891281320","station_name":"Brunnenhof"},{"station_id":"n809690628","station_name":"Bucheggplatz"},{"station_id":"junc:8.53363:47.39756","station_name":""},{"station_id":"n2282408206","station_name":"Laubiweg"},{"station_id":"n5104780267","station_name":"Schaffhauserplatz"},{"station_id":"n2281916809","station_name":"Kronenstrasse"},{"station_id":"n2281916750","station_name":"Beckenhof"},{"station_id":"n2275416910","station_name":"Stampfenbachplatz"},{"station_id":"n301139406","station_name":"Sihlquai/HB"},{"station_id":"n2267027131","station_name":"Museum für Gestaltung"},{"station_id":"n2267027159","station_name":"Limmatplatz"},{"station_id":"n2268534971","station_name":"Quellenstrasse"},{"station_id":"n2268534978","station_name":"Löwenbräu"},{"station_id":"n2268535002","station_name":"Escher-Wyss-Platz"},{"station_id":"n29382367","station_name":"Wipkingerplatz"},{"station_id":"n2288259595","station_name":"Waidfussweg"},{"station_id":"n2288259660","station_name":"Eschergutweg"},{"station_id":"n3071738304","station_name":"Alte Trotte"},{"station_id":"n2288259738","station_name":"Schwert"},{"station_id":"n2288259787","station_name":"Meierhofplatz"},{"station_id":"n2288300976","station_name":"Zwielplatz"},{"station_id":"n2288301028","station_name":"Wartau"},{"station_id":"n2288315712","station_name":"Winzerstrasse"},{"station_id":"n2288315737","station_name":"Frankental"}]}],"route_count":2,"route_refs":["17","50"],"route_colors":["#8d1d2c","#000000"],"city":"Zurich","country":"Switzerland"},"geometry":{"type":"MultiLineString","coordinates":[[[8.533135033333334,47.3983462],[8.5336256,47.3975551],[8.536341700000001,47.394976150000005],[8.538706300000001,47.391963325]]]}},{"type":"Feature","properties":{"seg_id":"zurich-49","routes":[{"route_id":"rm1903836","route_name":"Tram 17","route_name_local":"Tram 17","route_name_en":null,"route_ref":"17","route_color":"#8d1d2c","wikipedia":null,"osm_route_ids":[1903834,1903835],"status":null,"order_suspect":0,"span_suspect":0,"stations":[{"station_id":"n809690628","station_name":"Bucheggplatz"},{"station_id":"junc:8.53363:47.39756","station_name":""},{"station_id":"n2282408206","station_name":"Laubiweg"},{"station_id":"n5104780267","station_name":"Schaffhauserplatz"},{"station_id":"n2281916809","station_name":"Kronenstrasse"},{"station_id":"n2281916750","station_name":"Beckenhof"},{"station_id":"n2275416910","station_name":"Stampfenbachplatz"},{"station_id":"n301139406","station_name":"Sihlquai/HB"},{"station_id":"n2267027131","station_name":"Museum für Gestaltung"},{"station_id":"n2267027159","station_name":"Limmatplatz"},{"station_id":"n2268534971","station_name":"Quellenstrasse"},{"station_id":"n2268534978","station_name":"Löwenbräu"},{"station_id":"n2268535002","station_name":"Escher-Wyss-Platz"},{"station_id":"n29798196","station_name":"Förrlibuckstrasse"},{"station_id":"n29798200","station_name":"Fischerweg"},{"station_id":"n29798202","station_name":"Bernoulli-Häuser"},{"station_id":"junc:8.50532:47.39401","station_name":""},{"station_id":"n322503932","station_name":"Hardturm"},{"station_id":"n29798213","station_name":"Hardhof"},{"station_id":"n29798217","station_name":"Tüffenwies"},{"station_id":"n29798224","station_name":"Grünaustrasse"},{"station_id":"n4885628442","station_name":"Bändliweg"},{"station_id":"n322502006","station_name":"Werdhölzli"}]},{"route_id":"rm19960823","route_name":"Tram 50","route_name_local":"Tram 50","route_name_en":null,"route_ref":"50","route_color":"#000000","wikipedia":null,"osm_route_ids":[19960818,19960819],"status":null,"order_suspect":0,"span_suspect":0,"stations":[{"station_id":"n318412092","station_name":"Auzelg"},{"station_id":"n4881603370","station_name":"Fernsehstudio"},{"station_id":"n251202274","station_name":"Glattpark"},{"station_id":"n2289408202","station_name":"Oerlikerhus"},{"station_id":"n1587565392","station_name":"Leutschenbach"},{"station_id":"n316660598","station_name":"Messe/Hallenstadion"},{"station_id":"n2284103170","station_name":"Sternen Oerlikon"},{"station_id":"n4881603356","station_name":"Bahnhof Oerlikon"},{"station_id":"n2282371068","station_name":"Regensbergbrücke"},{"station_id":"n2282371055","station_name":"Bad Allenmoos"},{"station_id":"n3891281320","station_name":"Brunnenhof"},{"station_id":"n809690628","station_name":"Bucheggplatz"},{"station_id":"junc:8.53363:47.39756","station_name":""},{"station_id":"n2282408206","station_name":"Laubiweg"},{"station_id":"n5104780267","station_name":"Schaffhauserplatz"},{"station_id":"n2281916809","station_name":"Kronenstrasse"},{"station_id":"n2281916750","station_name":"Beckenhof"},{"station_id":"n2275416910","station_name":"Stampfenbachplatz"},{"station_id":"n301139406","station_name":"Sihlquai/HB"},{"station_id":"n2267027131","station_name":"Museum für Gestaltung"},{"station_id":"n2267027159","station_name":"Limmatplatz"},{"station_id":"n2268534971","station_name":"Quellenstrasse"},{"station_id":"n2268534978","station_name":"Löwenbräu"},{"station_id":"n2268535002","station_name":"Escher-Wyss-Platz"},{"station_id":"n29382367","station_name":"Wipkingerplatz"},{"station_id":"n2288259595","station_name":"Waidfussweg"},{"station_id":"n2288259660","station_name":"Eschergutweg"},{"station_id":"n3071738304","station_name":"Alte Trotte"},{"station_id":"n2288259738","station_name":"Schwert"},{"station_id":"n2288259787","station_name":"Meierhofplatz"},{"station_id":"n2288300976","station_name":"Zwielplatz"},{"station_id":"n2288301028","station_name":"Wartau"},{"station_id":"n2288315712","station_name":"Winzerstrasse"},{"station_id":"n2288315737","station_name":"Frankental"}]},{"route_id":"rm19960822","route_name":"Tram 51","route_name_local":"Tram 51","route_name_en":null,"route_ref":"51","route_color":"#000000","wikipedia":null,"osm_route_ids":[19960820,19960821],"status":null,"order_suspect":0,"span_suspect":0,"stations":[{"station_id":"n1811357958","station_name":"Seebach"},{"station_id":"n2282329691","station_name":"Seebacherplatz"},{"station_id":"n2282310758","station_name":"Felsenrainstrasse"},{"station_id":"n2282310552","station_name":"Bahnhof Oerlikon Ost"},{"station_id":"n2284103170","station_name":"Sternen Oerlikon"},{"station_id":"n2282178049","station_name":"Salersteig"},{"station_id":"n2282178028","station_name":"Berninaplatz"},{"station_id":"n1287709955","station_name":"Hirschwiesenstrasse"},{"station_id":"n4268738648","station_name":"Milchbuck"},{"station_id":"n253216855","station_name":"Guggachstrasse"},{"station_id":"n5104780267","station_name":"Schaffhauserplatz"},{"station_id":"n2281916809","station_name":"Kronenstrasse"},{"station_id":"n2281916750","station_name":"Beckenhof"},{"station_id":"n2275416910","station_name":"Stampfenbachplatz"},{"station_id":"n301139406","station_name":"Sihlquai/HB"},{"station_id":"n2267027131","station_name":"Museum für Gestaltung"},{"station_id":"n2267027159","station_name":"Limmatplatz"},{"station_id":"n2268534971","station_name":"Quellenstrasse"},{"station_id":"n2268534978","station_name":"Löwenbräu"},{"station_id":"n2268535002","station_name":"Escher-Wyss-Platz"},{"station_id":"n1535896473","station_name":"Schiffbau"},{"station_id":"n436199776","station_name":"Technopark"},{"station_id":"n1535896515","station_name":"Toni-Areal"},{"station_id":"n589028509","station_name":"Sportweg"},{"station_id":"n975677254","station_name":"Aargauerstrasse"},{"station_id":"n975677273","station_name":"Würzgraben"},{"station_id":"n1544597441","station_name":"Bahnhof Altstetten Nord"}]}],"route_count":3,"route_refs":["17","50","51"],"route_colors":["#8d1d2c","#000000","#000000"],"city":"Zurich","country":"Switzerland"},"geometry":{"type":"MultiLineString","coordinates":[[[8.538706300000001,47.391963325],[8.5391936,47.3882822],[8.5402982,47.384073650000005],[8.542690749999998,47.380099599999994],[8.53753365,47.379926100000006],[8.5348745,47.38221685],[8.5316214,47.38462815],[8.52875605,47.3867503],[8.526054649999999,47.38842165],[8.522770474999998,47.390207325]]]}},{"type":"Feature","properties":{"seg_id":"zurich-50","routes":[{"route_id":"rm1903836","route_name":"Tram 17","route_name_local":"Tram 17","route_name_en":null,"route_ref":"17","route_color":"#8d1d2c","wikipedia":null,"osm_route_ids":[1903834,1903835],"status":null,"order_suspect":0,"span_suspect":0,"stations":[{"station_id":"n809690628","station_name":"Bucheggplatz"},{"station_id":"junc:8.53363:47.39756","station_name":""},{"station_id":"n2282408206","station_name":"Laubiweg"},{"station_id":"n5104780267","station_name":"Schaffhauserplatz"},{"station_id":"n2281916809","station_name":"Kronenstrasse"},{"station_id":"n2281916750","station_name":"Beckenhof"},{"station_id":"n2275416910","station_name":"Stampfenbachplatz"},{"station_id":"n301139406","station_name":"Sihlquai/HB"},{"station_id":"n2267027131","station_name":"Museum für Gestaltung"},{"station_id":"n2267027159","station_name":"Limmatplatz"},{"station_id":"n2268534971","station_name":"Quellenstrasse"},{"station_id":"n2268534978","station_name":"Löwenbräu"},{"station_id":"n2268535002","station_name":"Escher-Wyss-Platz"},{"station_id":"n29798196","station_name":"Förrlibuckstrasse"},{"station_id":"n29798200","station_name":"Fischerweg"},{"station_id":"n29798202","station_name":"Bernoulli-Häuser"},{"station_id":"junc:8.50532:47.39401","station_name":""},{"station_id":"n322503932","station_name":"Hardturm"},{"station_id":"n29798213","station_name":"Hardhof"},{"station_id":"n29798217","station_name":"Tüffenwies"},{"station_id":"n29798224","station_name":"Grünaustrasse"},{"station_id":"n4885628442","station_name":"Bändliweg"},{"station_id":"n322502006","station_name":"Werdhölzli"}]}],"route_count":1,"route_refs":["17"],"route_colors":["#8d1d2c"],"city":"Zurich","country":"Switzerland"},"geometry":{"type":"MultiLineString","coordinates":[[[8.504287566666667,47.39437113333333],[8.49753535,47.39634035],[8.494039350000001,47.3972083],[8.489751550000001,47.39514235],[8.4850326,47.396369],[8.482058,47.3977264]]]}},{"type":"Feature","properties":{"seg_id":"zurich-51","routes":[{"route_id":"rm2807025","route_name":"Tram 6","route_name_local":"Tram 6","route_name_en":null,"route_ref":"6","route_color":"#be8543","wikipedia":null,"osm_route_ids":[5548667,5548679],"status":null,"order_suspect":0,"span_suspect":0,"stations":[{"station_id":"n309492432","station_name":"Zoo"},{"station_id":"n4885807586","station_name":"Susenbergstrasse"},{"station_id":"n4885807571","station_name":"Zürichbergstrasse"},{"station_id":"n2281803452","station_name":"Toblerplatz"},{"station_id":"n115170281","station_name":"Kirche Fluntern"},{"station_id":"junc:8.55888:47.37573","station_name":""},{"station_id":"n2281789417","station_name":"Voltastrasse"},{"station_id":"n2281278390","station_name":"Platte"},{"station_id":"junc:8.55020:47.37471","station_name":""},{"station_id":"n264501156","station_name":"ETH/Universitätsspital"},{"station_id":"n236812338","station_name":"Haldenegg"},{"station_id":"n255265239","station_name":"Central"},{"station_id":"junc:8.54032:47.37697","station_name":""},{"station_id":"n4881705897","station_name":"Bahnhofplatz/HB"}]}],"route_count":1,"route_refs":["6"],"route_colors":["#be8543"],"city":"Zurich","country":"Switzerland"},"geometry":{"type":"MultiLineString","coordinates":[[[8.55262405,47.37500565],[8.5501984,47.3747123],[8.548123466666667,47.37723193333333]]]}},{"type":"Feature","properties":{"seg_id":"zurich-52","routes":[{"route_id":"rm14987053","route_name":"Tram 20","route_name_local":"Tram 20","route_name_en":null,"route_ref":"20","route_color":"#a0216e","wikipedia":null,"osm_route_ids":[14987051,14987052],"status":null,"order_suspect":0,"span_suspect":0,"stations":[{"station_id":"n8849947945","station_name":"Killwangen Bahnhof"},{"station_id":"n9457759266","station_name":"Spreitenbach West"},{"station_id":"n9457759264","station_name":"Umwelt Arena"},{"station_id":"n9457759256","station_name":"Shoppi Tivoli"},{"station_id":"n9457759260","station_name":"IKEA"},{"station_id":"n9457759258","station_name":"Kreuzäcker"},{"station_id":"n9876943985","station_name":"Maienweg"},{"station_id":"n7641100150","station_name":"Oetwilerstrasse"},{"station_id":"n6759462138","station_name":"Dietikon Zentrum"},{"station_id":"n3882179348","station_name":"Dietikon"},{"station_id":"n7641100215","station_name":"Schäflibach"},{"station_id":"n8762778614","station_name":"Birmensdorferstrasse"},{"station_id":"n6759443054","station_name":"Urdorf Nord"},{"station_id":"n6759443078","station_name":"Kantiallee"},{"station_id":"n6759443066","station_name":"Spital Limmattal"},{"station_id":"n7448675865","station_name":"Reitmen"},{"station_id":"n3865294248","station_name":"Kesslerplatz"},{"station_id":"n6605743616","station_name":"Geissweid"},{"station_id":"junc:8.44559:47.39811","station_name":""},{"station_id":"n6605743614","station_name":"Schlieren Zentrum/Bahnhof"},{"station_id":"n6605743612","station_name":"Wagonsfabrik"},{"station_id":"n6605743610","station_name":"Gasometerbrücke"},{"station_id":"n1917116631","station_name":"Mülligen"},{"station_id":"n6605743598","station_name":"Micafil"},{"station_id":"n6611612258","station_name":"Farbhof"},{"station_id":"n7448675786","station_name":"Seidelhof"},{"station_id":"n7448675785","station_name":"Bahnhof Altstetten"}]}],"route_count":1,"route_refs":["20"],"route_colors":["#a0216e"],"city":"Zurich","country":"Switzerland"},"geometry":{"type":"MultiLineString","coordinates":[[[8.3537365,47.4332644],[8.35978165,47.429102400000005],[8.36457265,47.42552005],[8.3702834,47.4220339],[8.374497,47.42070885],[8.3787821,47.41733245],[8.3909401,47.40973765],[8.396246099999999,47.4066983],[8.4021565,47.4047916],[8.40535554,47.40477384],[8.410659299999999,47.400231649999995],[8.4175891,47.3981182],[8.41782165,47.393694499999995],[8.42333725,47.3937594],[8.4285925,47.3942928],[8.4307383,47.3971375],[8.43832385,47.39657125],[8.444461425,47.397991975000004]]]}},{"type":"Feature","properties":{"seg_id":"zurich-53","routes":[{"route_id":"rm14987053","route_name":"Tram 20","route_name_local":"Tram 20","route_name_en":null,"route_ref":"20","route_color":"#a0216e","wikipedia":null,"osm_route_ids":[14987051,14987052],"status":null,"order_suspect":0,"span_suspect":0,"stations":[{"station_id":"n8849947945","station_name":"Killwangen Bahnhof"},{"station_id":"n9457759266","station_name":"Spreitenbach West"},{"station_id":"n9457759264","station_name":"Umwelt Arena"},{"station_id":"n9457759256","station_name":"Shoppi Tivoli"},{"station_id":"n9457759260","station_name":"IKEA"},{"station_id":"n9457759258","station_name":"Kreuzäcker"},{"station_id":"n9876943985","station_name":"Maienweg"},{"station_id":"n7641100150","station_name":"Oetwilerstrasse"},{"station_id":"n6759462138","station_name":"Dietikon Zentrum"},{"station_id":"n3882179348","station_name":"Dietikon"},{"station_id":"n7641100215","station_name":"Schäflibach"},{"station_id":"n8762778614","station_name":"Birmensdorferstrasse"},{"station_id":"n6759443054","station_name":"Urdorf Nord"},{"station_id":"n6759443078","station_name":"Kantiallee"},{"station_id":"n6759443066","station_name":"Spital Limmattal"},{"station_id":"n7448675865","station_name":"Reitmen"},{"station_id":"n3865294248","station_name":"Kesslerplatz"},{"station_id":"n6605743616","station_name":"Geissweid"},{"station_id":"junc:8.44559:47.39811","station_name":""},{"station_id":"n6605743614","station_name":"Schlieren Zentrum/Bahnhof"},{"station_id":"n6605743612","station_name":"Wagonsfabrik"},{"station_id":"n6605743610","station_name":"Gasometerbrücke"},{"station_id":"n1917116631","station_name":"Mülligen"},{"station_id":"n6605743598","station_name":"Micafil"},{"station_id":"n6611612258","station_name":"Farbhof"},{"station_id":"n7448675786","station_name":"Seidelhof"},{"station_id":"n7448675785","station_name":"Bahnhof Altstetten"}]}],"route_count":1,"route_refs":["20"],"route_colors":["#a0216e"],"city":"Zurich","country":"Switzerland"},"geometry":{"type":"MultiLineString","coordinates":[[[8.4786753,47.3911968],[8.4839661,47.391895399999996],[8.4879097,47.39109465]]]}},{"type":"Feature","properties":{"seg_id":"zurich-54","routes":[{"route_id":"rm19960823","route_name":"Tram 50","route_name_local":"Tram 50","route_name_en":null,"route_ref":"50","route_color":"#000000","wikipedia":null,"osm_route_ids":[19960818,19960819],"status":null,"order_suspect":0,"span_suspect":0,"stations":[{"station_id":"n318412092","station_name":"Auzelg"},{"station_id":"n4881603370","station_name":"Fernsehstudio"},{"station_id":"n251202274","station_name":"Glattpark"},{"station_id":"n2289408202","station_name":"Oerlikerhus"},{"station_id":"n1587565392","station_name":"Leutschenbach"},{"station_id":"n316660598","station_name":"Messe/Hallenstadion"},{"station_id":"n2284103170","station_name":"Sternen Oerlikon"},{"station_id":"n4881603356","station_name":"Bahnhof Oerlikon"},{"station_id":"n2282371068","station_name":"Regensbergbrücke"},{"station_id":"n2282371055","station_name":"Bad Allenmoos"},{"station_id":"n3891281320","station_name":"Brunnenhof"},{"station_id":"n809690628","station_name":"Bucheggplatz"},{"station_id":"junc:8.53363:47.39756","station_name":""},{"station_id":"n2282408206","station_name":"Laubiweg"},{"station_id":"n5104780267","station_name":"Schaffhauserplatz"},{"station_id":"n2281916809","station_name":"Kronenstrasse"},{"station_id":"n2281916750","station_name":"Beckenhof"},{"station_id":"n2275416910","station_name":"Stampfenbachplatz"},{"station_id":"n301139406","station_name":"Sihlquai/HB"},{"station_id":"n2267027131","station_name":"Museum für Gestaltung"},{"station_id":"n2267027159","station_name":"Limmatplatz"},{"station_id":"n2268534971","station_name":"Quellenstrasse"},{"station_id":"n2268534978","station_name":"Löwenbräu"},{"station_id":"n2268535002","station_name":"Escher-Wyss-Platz"},{"station_id":"n29382367","station_name":"Wipkingerplatz"},{"station_id":"n2288259595","station_name":"Waidfussweg"},{"station_id":"n2288259660","station_name":"Eschergutweg"},{"station_id":"n3071738304","station_name":"Alte Trotte"},{"station_id":"n2288259738","station_name":"Schwert"},{"station_id":"n2288259787","station_name":"Meierhofplatz"},{"station_id":"n2288300976","station_name":"Zwielplatz"},{"station_id":"n2288301028","station_name":"Wartau"},{"station_id":"n2288315712","station_name":"Winzerstrasse"},{"station_id":"n2288315737","station_name":"Frankental"}]}],"route_count":1,"route_refs":["50"],"route_colors":["#000000"],"city":"Zurich","country":"Switzerland"},"geometry":{"type":"MultiLineString","coordinates":[[[8.55132875,47.414711499999996],[8.5506134,47.410970525],[8.546536374999999,47.41002315],[8.54476805,47.4114602],[8.5392561,47.408649],[8.53777465,47.40613965],[8.5351005,47.4020924],[8.533135033333334,47.3983462]]]}},{"type":"Feature","properties":{"seg_id":"zurich-55","routes":[{"route_id":"rm19960823","route_name":"Tram 50","route_name_local":"Tram 50","route_name_en":null,"route_ref":"50","route_color":"#000000","wikipedia":null,"osm_route_ids":[19960818,19960819],"status":null,"order_suspect":0,"span_suspect":0,"stations":[{"station_id":"n318412092","station_name":"Auzelg"},{"station_id":"n4881603370","station_name":"Fernsehstudio"},{"station_id":"n251202274","station_name":"Glattpark"},{"station_id":"n2289408202","station_name":"Oerlikerhus"},{"station_id":"n1587565392","station_name":"Leutschenbach"},{"station_id":"n316660598","station_name":"Messe/Hallenstadion"},{"station_id":"n2284103170","station_name":"Sternen Oerlikon"},{"station_id":"n4881603356","station_name":"Bahnhof Oerlikon"},{"station_id":"n2282371068","station_name":"Regensbergbrücke"},{"station_id":"n2282371055","station_name":"Bad Allenmoos"},{"station_id":"n3891281320","station_name":"Brunnenhof"},{"station_id":"n809690628","station_name":"Bucheggplatz"},{"station_id":"junc:8.53363:47.39756","station_name":""},{"station_id":"n2282408206","station_name":"Laubiweg"},{"station_id":"n5104780267","station_name":"Schaffhauserplatz"},{"station_id":"n2281916809","station_name":"Kronenstrasse"},{"station_id":"n2281916750","station_name":"Beckenhof"},{"station_id":"n2275416910","station_name":"Stampfenbachplatz"},{"station_id":"n301139406","station_name":"Sihlquai/HB"},{"station_id":"n2267027131","station_name":"Museum für Gestaltung"},{"station_id":"n2267027159","station_name":"Limmatplatz"},{"station_id":"n2268534971","station_name":"Quellenstrasse"},{"station_id":"n2268534978","station_name":"Löwenbräu"},{"station_id":"n2268535002","station_name":"Escher-Wyss-Platz"},{"station_id":"n29382367","station_name":"Wipkingerplatz"},{"station_id":"n2288259595","station_name":"Waidfussweg"},{"station_id":"n2288259660","station_name":"Eschergutweg"},{"station_id":"n3071738304","station_name":"Alte Trotte"},{"station_id":"n2288259738","station_name":"Schwert"},{"station_id":"n2288259787","station_name":"Meierhofplatz"},{"station_id":"n2288300976","station_name":"Zwielplatz"},{"station_id":"n2288301028","station_name":"Wartau"},{"station_id":"n2288315712","station_name":"Winzerstrasse"},{"station_id":"n2288315737","station_name":"Frankental"}]}],"route_count":1,"route_refs":["50"],"route_colors":["#000000"],"city":"Zurich","country":"Switzerland"},"geometry":{"type":"MultiLineString","coordinates":[[[8.522770474999998,47.390207325],[8.5235602,47.39257365],[8.51905085,47.395335],[8.5132028,47.396355549999996],[8.5076195,47.397615200000004],[8.504808449999999,47.39973025],[8.500180700000001,47.401764549999996],[8.49649115,47.4021732],[8.49174905,47.4027593],[8.486395300000002,47.403735850000004],[8.481416150000001,47.40559415]]]}},{"type":"Feature","properties":{"seg_id":"zurich-56","routes":[{"route_id":"rm19960822","route_name":"Tram 51","route_name_local":"Tram 51","route_name_en":null,"route_ref":"51","route_color":"#000000","wikipedia":null,"osm_route_ids":[19960820,19960821],"status":null,"order_suspect":0,"span_suspect":0,"stations":[{"station_id":"n1811357958","station_name":"Seebach"},{"station_id":"n2282329691","station_name":"Seebacherplatz"},{"station_id":"n2282310758","station_name":"Felsenrainstrasse"},{"station_id":"n2282310552","station_name":"Bahnhof Oerlikon Ost"},{"station_id":"n2284103170","station_name":"Sternen Oerlikon"},{"station_id":"n2282178049","station_name":"Salersteig"},{"station_id":"n2282178028","station_name":"Berninaplatz"},{"station_id":"n1287709955","station_name":"Hirschwiesenstrasse"},{"station_id":"n4268738648","station_name":"Milchbuck"},{"station_id":"n253216855","station_name":"Guggachstrasse"},{"station_id":"n5104780267","station_name":"Schaffhauserplatz"},{"station_id":"n2281916809","station_name":"Kronenstrasse"},{"station_id":"n2281916750","station_name":"Beckenhof"},{"station_id":"n2275416910","station_name":"Stampfenbachplatz"},{"station_id":"n301139406","station_name":"Sihlquai/HB"},{"station_id":"n2267027131","station_name":"Museum für Gestaltung"},{"station_id":"n2267027159","station_name":"Limmatplatz"},{"station_id":"n2268534971","station_name":"Quellenstrasse"},{"station_id":"n2268534978","station_name":"Löwenbräu"},{"station_id":"n2268535002","station_name":"Escher-Wyss-Platz"},{"station_id":"n1535896473","station_name":"Schiffbau"},{"station_id":"n436199776","station_name":"Technopark"},{"station_id":"n1535896515","station_name":"Toni-Areal"},{"station_id":"n589028509","station_name":"Sportweg"},{"station_id":"n975677254","station_name":"Aargauerstrasse"},{"station_id":"n975677273","station_name":"Würzgraben"},{"station_id":"n1544597441","station_name":"Bahnhof Altstetten Nord"}]}],"route_count":1,"route_refs":["51"],"route_colors":["#000000"],"city":"Zurich","country":"Switzerland"},"geometry":{"type":"MultiLineString","coordinates":[[[8.54999905,47.4217031],[8.5483787,47.41991575],[8.54539925,47.41680635],[8.5460624,47.413423099999996]]]}},{"type":"Feature","properties":{"seg_id":"zurich-57","routes":[{"route_id":"rm19960822","route_name":"Tram 51","route_name_local":"Tram 51","route_name_en":null,"route_ref":"51","route_color":"#000000","wikipedia":null,"osm_route_ids":[19960820,19960821],"status":null,"order_suspect":0,"span_suspect":0,"stations":[{"station_id":"n1811357958","station_name":"Seebach"},{"station_id":"n2282329691","station_name":"Seebacherplatz"},{"station_id":"n2282310758","station_name":"Felsenrainstrasse"},{"station_id":"n2282310552","station_name":"Bahnhof Oerlikon Ost"},{"station_id":"n2284103170","station_name":"Sternen Oerlikon"},{"station_id":"n2282178049","station_name":"Salersteig"},{"station_id":"n2282178028","station_name":"Berninaplatz"},{"station_id":"n1287709955","station_name":"Hirschwiesenstrasse"},{"station_id":"n4268738648","station_name":"Milchbuck"},{"station_id":"n253216855","station_name":"Guggachstrasse"},{"station_id":"n5104780267","station_name":"Schaffhauserplatz"},{"station_id":"n2281916809","station_name":"Kronenstrasse"},{"station_id":"n2281916750","station_name":"Beckenhof"},{"station_id":"n2275416910","station_name":"Stampfenbachplatz"},{"station_id":"n301139406","station_name":"Sihlquai/HB"},{"station_id":"n2267027131","station_name":"Museum für Gestaltung"},{"station_id":"n2267027159","station_name":"Limmatplatz"},{"station_id":"n2268534971","station_name":"Quellenstrasse"},{"station_id":"n2268534978","station_name":"Löwenbräu"},{"station_id":"n2268535002","station_name":"Escher-Wyss-Platz"},{"station_id":"n1535896473","station_name":"Schiffbau"},{"station_id":"n436199776","station_name":"Technopark"},{"station_id":"n1535896515","station_name":"Toni-Areal"},{"station_id":"n589028509","station_name":"Sportweg"},{"station_id":"n975677254","station_name":"Aargauerstrasse"},{"station_id":"n975677273","station_name":"Würzgraben"},{"station_id":"n1544597441","station_name":"Bahnhof Altstetten Nord"}]}],"route_count":1,"route_refs":["51"],"route_colors":["#000000"],"city":"Zurich","country":"Switzerland"},"geometry":{"type":"MultiLineString","coordinates":[[[8.5196152,47.3877621],[8.51526845,47.389074699999995],[8.51066345,47.390180099999995],[8.50584795,47.39161225],[8.502424999999999,47.39216235],[8.49480015,47.39208845],[8.49045765,47.39207125]]]}},{"type":"Feature","properties":{"station_id":"n300383806","station_name":"Bellevue","station_name_local":"Bellevue","station_name_en":null,"city":"Zurich","country":"Switzerland","lines":["2","4","5","8","9","11","15"],"wikipedia":null,"merged_from":7,"merged_names":null,"is_terminus":false,"codes":["440"],"routes":[{"ref":"2","name":"Tram 2","route_color":"#cb0a25"},{"ref":"4","name":"Tram 4","route_color":"#322e71"},{"ref":"5","name":"Tram 5","route_color":"#70492c"},{"ref":"8","name":"Tram 8","route_color":"#8bc036"},{"ref":"9","name":"Tram 9","route_color":"#322e71"},{"ref":"11","name":"Tram 11","route_color":"#00923c"},{"ref":"15","name":"Tram 15","route_color":"#cb0a25"}],"pass_count":7,"station_degree":5,"is_interchange":true,"station_role":"interchange"},"geometry":{"type":"Point","coordinates":[8.5451315,47.36700007142856]},"__memberLines":{}},{"type":"Feature","properties":{"station_id":"n27580768","station_name":"Zollikerberg","station_name_local":"Zollikerberg","station_name_en":null,"city":"Zurich","country":"Switzerland","lines":["S18"],"wikipedia":null,"merged_from":3,"merged_names":null,"is_terminus":false,"routes":[{"ref":"S18","name":"S18 (Forchbahn)","route_color":"#eb3c2e"}],"pass_count":1,"station_degree":2,"codes":null,"is_interchange":false,"station_role":"normal"},"geometry":{"type":"Point","coordinates":[8.603530633333333,47.346003499999995]},"__memberLines":{}},{"type":"Feature","properties":{"station_id":"n29382367","station_name":"Wipkingerplatz","station_name_local":"Wipkingerplatz","station_name_en":null,"city":"Zurich","country":"Switzerland","lines":["50"],"wikipedia":null,"merged_from":2,"merged_names":null,"is_terminus":false,"codes":["2937"],"routes":[{"ref":"50","name":"Tram 50","route_color":"#000000"}],"pass_count":1,"station_degree":2,"is_interchange":false,"station_role":"normal"},"geometry":{"type":"Point","coordinates":[8.5235602,47.39257365]},"__memberLines":{}},{"type":"Feature","properties":{"station_id":"n29798196","station_name":"Förrlibuckstrasse","station_name_local":"Förrlibuckstrasse","station_name_en":null,"city":"Zurich","country":"Switzerland","lines":["8","17"],"wikipedia":null,"merged_from":2,"merged_names":null,"is_terminus":false,"codes":["927"],"routes":[{"ref":"8","name":"Tram 8","route_color":"#8bc036"},{"ref":"17","name":"Tram 17","route_color":"#8d1d2c"}],"pass_count":2,"station_degree":2,"is_interchange":false,"station_role":"normal"},"geometry":{"type":"Point","coordinates":[8.51725695,47.39228575]},"__memberLines":{}},{"type":"Feature","properties":{"station_id":"n29798200","station_name":"Fischerweg","station_name_local":"Fischerweg","station_name_en":null,"city":"Zurich","country":"Switzerland","lines":["8","17"],"wikipedia":null,"merged_from":2,"merged_names":null,"is_terminus":false,"codes":["857"],"routes":[{"ref":"8","name":"Tram 8","route_color":"#8bc036"},{"ref":"17","name":"Tram 17","route_color":"#8d1d2c"}],"pass_count":2,"station_degree":2,"is_interchange":false,"station_role":"normal"},"geometry":{"type":"Point","coordinates":[8.51233245,47.393650300000004]},"__memberLines":{}},{"type":"Feature","properties":{"station_id":"n29798202","station_name":"Bernoulli-Häuser","station_name_local":"Bernoulli-Häuser","station_name_en":null,"city":"Zurich","country":"Switzerland","lines":["8","17"],"wikipedia":null,"merged_from":2,"merged_names":null,"is_terminus":false,"codes":["467"],"routes":[{"ref":"8","name":"Tram 8","route_color":"#8bc036"},{"ref":"17","name":"Tram 17","route_color":"#8d1d2c"}],"pass_count":2,"station_degree":2,"is_interchange":false,"station_role":"normal"},"geometry":{"type":"Point","coordinates":[8.50867035,47.39384795]},"__memberLines":{}},{"type":"Feature","properties":{"station_id":"n29798213","station_name":"Hardhof","station_name_local":"Hardhof","station_name_en":null,"city":"Zurich","country":"Switzerland","lines":["17"],"wikipedia":null,"merged_from":2,"merged_names":null,"is_terminus":false,"codes":["1120"],"routes":[{"ref":"17","name":"Tram 17","route_color":"#8d1d2c"}],"pass_count":1,"station_degree":2,"is_interchange":false,"station_role":"normal"},"geometry":{"type":"Point","coordinates":[8.49753535,47.39634035]},"__memberLines":{}},{"type":"Feature","properties":{"station_id":"n29798217","station_name":"Tüffenwies","station_name_local":"Tüffenwies","station_name_en":null,"city":"Zurich","country":"Switzerland","lines":["17"],"wikipedia":null,"merged_from":2,"merged_names":null,"is_terminus":false,"codes":["2707"],"routes":[{"ref":"17","name":"Tram 17","route_color":"#8d1d2c"}],"pass_count":1,"station_degree":2,"is_interchange":false,"station_role":"normal"},"geometry":{"type":"Point","coordinates":[8.494039350000001,47.3972083]},"__memberLines":{}},{"type":"Feature","properties":{"station_id":"n29798224","station_name":"Grünaustrasse","station_name_local":"Grünaustrasse","station_name_en":null,"city":"Zurich","country":"Switzerland","lines":["17"],"wikipedia":null,"merged_from":2,"merged_names":null,"is_terminus":false,"codes":["1041"],"routes":[{"ref":"17","name":"Tram 17","route_color":"#8d1d2c"}],"pass_count":1,"station_degree":2,"is_interchange":false,"station_role":"normal"},"geometry":{"type":"Point","coordinates":[8.489751550000001,47.39514235]},"__memberLines":{}},{"type":"Feature","properties":{"station_id":"n4268738648","station_name":"Milchbuck","station_name_local":"Milchbuck","station_name_en":null,"city":"Zurich","country":"Switzerland","lines":["7","9","10","51"],"wikipedia":null,"merged_from":4,"merged_names":null,"is_terminus":false,"codes":["1643"],"routes":[{"ref":"7","name":"Tram 7","route_color":"#000000"},{"ref":"9","name":"Tram 9","route_color":"#322e71"},{"ref":"10","name":"Tram 10","route_color":"#ce1f75"},{"ref":"51","name":"Tram 51","route_color":"#000000"}],"pass_count":4,"station_degree":4,"is_interchange":true,"station_role":"interchange"},"geometry":{"type":"Point","coordinates":[8.54188805,47.39779985]},"__memberLines":{}},{"type":"Feature","properties":{"station_id":"n81058533","station_name":"Rennweg","station_name_local":"Rennweg","station_name_en":null,"city":"Zurich","country":"Switzerland","lines":["7","11","13"],"wikipedia":null,"merged_from":2,"merged_names":null,"is_terminus":false,"codes":["2054"],"routes":[{"ref":"7","name":"Tram 7","route_color":"#000000"},{"ref":"11","name":"Tram 11","route_color":"#00923c"},{"ref":"13","name":"Tram 13","route_color":"#f6c828"}],"pass_count":3,"station_degree":2,"is_interchange":false,"station_role":"normal"},"geometry":{"type":"Point","coordinates":[8.5382764,47.37313415]},"__memberLines":{}},{"type":"Feature","properties":{"station_id":"n255265239","station_name":"Central","station_name_local":"Central","station_name_en":null,"city":"Zurich","country":"Switzerland","lines":["3","4","6","7","10","11","15"],"wikipedia":null,"merged_from":8,"merged_names":null,"is_terminus":false,"codes":["619"],"routes":[{"ref":"3","name":"Tram 3","route_color":"#00923c"},{"ref":"4","name":"Tram 4","route_color":"#322e71"},{"ref":"6","name":"Tram 6","route_color":"#be8543"},{"ref":"7","name":"Tram 7","route_color":"#000000"},{"ref":"10","name":"Tram 10","route_color":"#ce1f75"},{"ref":"11","name":"Tram 11","route_color":"#00923c"},{"ref":"15","name":"Tram 15","route_color":"#cb0a25"}],"pass_count":7,"station_degree":5,"is_interchange":true,"station_role":"interchange"},"geometry":{"type":"Point","coordinates":[8.5437551875,47.3766928875]},"__memberLines":{}},{"type":"Feature","properties":{"station_id":"n94689701","station_name":"Hirzenbach","station_name_local":"Hirzenbach","station_name_en":null,"city":"Zurich","country":"Switzerland","lines":["9"],"wikipedia":null,"merged_from":2,"merged_names":null,"is_terminus":true,"codes":["1220"],"routes":[{"ref":"9","name":"Tram 9","route_color":"#322e71"}],"pass_count":1,"station_degree":1,"is_interchange":false,"station_role":"terminus"},"geometry":{"type":"Point","coordinates":[8.59104715,47.403174050000004]},"__memberLines":{}},{"type":"Feature","properties":{"station_id":"n94689707","station_name":"Altried","station_name_local":"Altried","station_name_en":null,"city":"Zurich","country":"Switzerland","lines":["9"],"wikipedia":null,"merged_from":2,"merged_names":null,"is_terminus":false,"codes":["88"],"routes":[{"ref":"9","name":"Tram 9","route_color":"#322e71"}],"pass_count":1,"station_degree":2,"is_interchange":false,"station_role":"normal"},"geometry":{"type":"Point","coordinates":[8.591519949999999,47.405477950000005]},"__memberLines":{}},{"type":"Feature","properties":{"station_id":"n115170281","station_name":"Kirche Fluntern","station_name_local":"Kirche Fluntern","station_name_en":null,"city":"Zurich","country":"Switzerland","lines":["6","8"],"wikipedia":null,"merged_from":3,"merged_names":null,"is_terminus":false,"codes":["1407"],"routes":[{"ref":"6","name":"Tram 6","route_color":"#be8543"},{"ref":"8","name":"Tram 8","route_color":"#8bc036"}],"pass_count":2,"station_degree":2,"is_interchange":false,"station_role":"normal"},"geometry":{"type":"Point","coordinates":[8.559524000000001,47.376423466666665]},"__memberLines":{}},{"type":"Feature","properties":{"station_id":"n142205089","station_name":"Rehalp","station_name_local":"Rehalp","station_name_en":null,"city":"Zurich","country":"Switzerland","lines":["4","S18"],"wikipedia":null,"merged_from":3,"merged_names":null,"is_terminus":false,"codes":["2549"],"routes":[{"ref":"4","name":"Tram 4","route_color":"#322e71"},{"ref":"S18","name":"S18 (Forchbahn)","route_color":"#eb3c2e"}],"pass_count":2,"station_degree":2,"is_interchange":true,"station_role":"interchange"},"geometry":{"type":"Point","coordinates":[8.5833465,47.350955899999995]},"__memberLines":{}},{"type":"Feature","properties":{"station_id":"n236812338","station_name":"Haldenegg","station_name_local":"Haldenegg","station_name_en":null,"city":"Zurich","country":"Switzerland","lines":["6","7","10"],"wikipedia":null,"merged_from":4,"merged_names":null,"is_terminus":false,"codes":["1100"],"routes":[{"ref":"6","name":"Tram 6","route_color":"#be8543"},{"ref":"7","name":"Tram 7","route_color":"#000000"},{"ref":"10","name":"Tram 10","route_color":"#ce1f75"}],"pass_count":3,"station_degree":3,"is_interchange":true,"station_role":"interchange"},"geometry":{"type":"Point","coordinates":[8.54461115,47.379575825]},"__memberLines":{}},{"type":"Feature","properties":{"station_id":"n251202274","station_name":"Glattpark","station_name_local":"Glattpark","station_name_en":null,"city":"Zurich","country":"Switzerland","lines":["10","12","50"],"wikipedia":null,"merged_from":4,"merged_names":null,"is_terminus":false,"codes":["6461"],"routes":[{"ref":"10","name":"Tram 10","route_color":"#ce1f75"},{"ref":"12","name":"Tram 12","route_color":"#92d6e3"},{"ref":"50","name":"Tram 50","route_color":"#000000"}],"pass_count":3,"station_degree":3,"is_interchange":true,"station_role":"interchange"},"geometry":{"type":"Point","coordinates":[8.557027425,47.420457325]},"__memberLines":{}},{"type":"Feature","properties":{"station_id":"n253216855","station_name":"Guggachstrasse","station_name_local":"Guggachstrasse","station_name_en":null,"city":"Zurich","country":"Switzerland","lines":["7","51"],"wikipedia":null,"merged_from":2,"merged_names":null,"is_terminus":false,"codes":["1061"],"routes":[{"ref":"7","name":"Tram 7","route_color":"#000000"},{"ref":"51","name":"Tram 51","route_color":"#000000"}],"pass_count":2,"station_degree":2,"is_interchange":false,"station_role":"normal"},"geometry":{"type":"Point","coordinates":[8.5402173,47.3957725]},"__memberLines":{}},{"type":"Feature","properties":{"station_id":"n2266734171","station_name":"Bahnhofstrasse/HB","station_name_local":"Bahnhofstrasse/HB","station_name_en":null,"city":"Zurich","country":"Switzerland","lines":["4","7","11","13","15"],"wikipedia":null,"merged_from":2,"merged_names":null,"is_terminus":false,"codes":["416"],"routes":[{"ref":"4","name":"Tram 4","route_color":"#322e71"},{"ref":"7","name":"Tram 7","route_color":"#000000"},{"ref":"11","name":"Tram 11","route_color":"#00923c"},{"ref":"13","name":"Tram 13","route_color":"#f6c828"},{"ref":"15","name":"Tram 15","route_color":"#cb0a25"}],"pass_count":5,"station_degree":2,"is_interchange":true,"station_role":"interchange"},"geometry":{"type":"Point","coordinates":[8.5394422,47.376086099999995]},"__memberLines":{}},{"type":"Feature","properties":{"station_id":"n256060661","station_name":"Waldgarten","station_name_local":"Waldgarten","station_name_en":null,"city":"Zurich","country":"Switzerland","lines":["7","9"],"wikipedia":null,"merged_from":2,"merged_names":null,"is_terminus":false,"codes":["2814"],"routes":[{"ref":"7","name":"Tram 7","route_color":"#000000"},{"ref":"9","name":"Tram 9","route_color":"#322e71"}],"pass_count":2,"station_degree":2,"is_interchange":false,"station_role":"normal"},"geometry":{"type":"Point","coordinates":[8.55751365,47.40383705]},"__memberLines":{}},{"type":"Feature","properties":{"station_id":"n256060663","station_name":"Tierspital","station_name_local":"Tierspital","station_name_en":null,"city":"Zurich","country":"Switzerland","lines":["7","9"],"wikipedia":null,"merged_from":2,"merged_names":null,"is_terminus":false,"codes":["2666"],"routes":[{"ref":"7","name":"Tram 7","route_color":"#000000"},{"ref":"9","name":"Tram 9","route_color":"#322e71"}],"pass_count":2,"station_degree":2,"is_interchange":false,"station_role":"normal"},"geometry":{"type":"Point","coordinates":[8.55218595,47.40188565]},"__memberLines":{}},{"type":"Feature","properties":{"station_id":"n256215295","station_name":"Ueberlandpark","station_name_local":"Ueberlandpark","station_name_en":null,"city":"Zurich","country":"Switzerland","lines":["7","9"],"wikipedia":null,"merged_from":2,"merged_names":null,"is_terminus":false,"codes":["2326"],"routes":[{"ref":"7","name":"Tram 7","route_color":"#000000"},{"ref":"9","name":"Tram 9","route_color":"#322e71"}],"pass_count":2,"station_degree":2,"is_interchange":false,"station_role":"normal"},"geometry":{"type":"Point","coordinates":[8.56413955,47.40615135]},"__memberLines":{}},{"type":"Feature","properties":{"station_id":"n256219114","station_name":"Universität Irchel","station_name_local":"Universität Irchel","station_name_en":null,"city":"Zurich","country":"Switzerland","lines":["9","10"],"wikipedia":null,"merged_from":2,"merged_names":null,"is_terminus":false,"codes":["1334"],"routes":[{"ref":"9","name":"Tram 9","route_color":"#322e71"},{"ref":"10","name":"Tram 10","route_color":"#ce1f75"}],"pass_count":2,"station_degree":2,"is_interchange":false,"station_role":"normal"},"geometry":{"type":"Point","coordinates":[8.5447425,47.3962068]},"__memberLines":{}},{"type":"Feature","properties":{"station_id":"n262979497","station_name":"Kinkelstrasse","station_name_local":"Kinkelstrasse","station_name_en":null,"city":"Zurich","country":"Switzerland","lines":["9","10"],"wikipedia":null,"merged_from":2,"merged_names":null,"is_terminus":false,"codes":["1399"],"routes":[{"ref":"9","name":"Tram 9","route_color":"#322e71"},{"ref":"10","name":"Tram 10","route_color":"#ce1f75"}],"pass_count":2,"station_degree":2,"is_interchange":false,"station_role":"normal"},"geometry":{"type":"Point","coordinates":[8.546359500000001,47.38891735]},"__memberLines":{}},{"type":"Feature","properties":{"station_id":"n262980090","station_name":"Letzistrasse","station_name_local":"Letzistrasse","station_name_en":null,"city":"Zurich","country":"Switzerland","lines":["9","10"],"wikipedia":null,"merged_from":2,"merged_names":null,"is_terminus":false,"codes":["1550"],"routes":[{"ref":"9","name":"Tram 9","route_color":"#322e71"},{"ref":"10","name":"Tram 10","route_color":"#ce1f75"}],"pass_count":2,"station_degree":2,"is_interchange":false,"station_role":"normal"},"geometry":{"type":"Point","coordinates":[8.54547,47.390703349999995]},"__memberLines":{}},{"type":"Feature","properties":{"station_id":"n264501156","station_name":"ETH/Universitätsspital","station_name_local":"ETH/Universitätsspital","station_name_en":null,"city":"Zurich","country":"Switzerland","lines":["6","9","10"],"wikipedia":null,"merged_from":3,"merged_names":null,"is_terminus":false,"codes":["736"],"routes":[{"ref":"6","name":"Tram 6","route_color":"#be8543"},{"ref":"9","name":"Tram 9","route_color":"#322e71"},{"ref":"10","name":"Tram 10","route_color":"#ce1f75"}],"pass_count":3,"station_degree":4,"is_interchange":true,"station_role":"interchange"},"geometry":{"type":"Point","coordinates":[8.548123466666667,47.37723193333333]},"__memberLines":{}},{"type":"Feature","properties":{"station_id":"n292996293","station_name":"Am Ring","station_name_local":"Am Ring","station_name_en":null,"city":"Zurich","country":"Switzerland","lines":["12"],"wikipedia":null,"merged_from":2,"merged_names":null,"is_terminus":false,"codes":["6660"],"routes":[{"ref":"12","name":"Tram 12","route_color":"#92d6e3"}],"pass_count":1,"station_degree":2,"is_interchange":false,"station_role":"normal"},"geometry":{"type":"Point","coordinates":[8.60769185,47.40215875]},"__memberLines":{}},{"type":"Feature","properties":{"station_id":"n300835690","station_name":"Paradeplatz","station_name_local":"Paradeplatz","station_name_en":null,"city":"Zurich","country":"Switzerland","lines":["2","5","7","9","11","13"],"wikipedia":null,"merged_from":6,"merged_names":null,"is_terminus":false,"codes":["1861"],"routes":[{"ref":"2","name":"Tram 2","route_color":"#cb0a25"},{"ref":"5","name":"Tram 5","route_color":"#70492c"},{"ref":"7","name":"Tram 7","route_color":"#000000"},{"ref":"9","name":"Tram 9","route_color":"#322e71"},{"ref":"11","name":"Tram 11","route_color":"#00923c"},{"ref":"13","name":"Tram 13","route_color":"#f6c828"}],"pass_count":6,"station_degree":4,"is_interchange":true,"station_role":"interchange"},"geometry":{"type":"Point","coordinates":[8.539054666666667,47.3697433]},"__memberLines":{}},{"type":"Feature","properties":{"station_id":"n301139406","station_name":"Sihlquai/HB","station_name_local":"Sihlquai/HB","station_name_en":null,"city":"Zurich","country":"Switzerland","lines":["17","50","51"],"wikipedia":null,"merged_from":2,"merged_names":null,"is_terminus":false,"codes":["2395"],"routes":[{"ref":"17","name":"Tram 17","route_color":"#8d1d2c"},{"ref":"50","name":"Tram 50","route_color":"#000000"},{"ref":"51","name":"Tram 51","route_color":"#000000"}],"pass_count":3,"station_degree":2,"is_interchange":false,"station_role":"normal"},"geometry":{"type":"Point","coordinates":[8.53753365,47.379926100000006]},"__memberLines":{}},{"type":"Feature","properties":{"station_id":"n309492432","station_name":"Zoo","station_name_local":"Zoo","station_name_en":null,"city":"Zurich","country":"Switzerland","lines":["6","8"],"wikipedia":null,"is_terminus":true,"codes":["3005"],"routes":[{"ref":"6","name":"Tram 6","route_color":"#be8543"},{"ref":"8","name":"Tram 8","route_color":"#8bc036"}],"pass_count":2,"station_degree":1,"merged_from":null,"merged_names":null,"is_interchange":false,"station_role":"terminus"},"geometry":{"type":"Point","coordinates":[8.571624,47.3816689]},"__memberLines":{}},{"type":"Feature","properties":{"station_id":"n315282473","station_name":"Heerenwiesen","station_name_local":"Heerenwiesen","station_name_en":null,"city":"Zurich","country":"Switzerland","lines":["9"],"wikipedia":null,"merged_from":2,"merged_names":null,"is_terminus":false,"codes":["1139"],"routes":[{"ref":"9","name":"Tram 9","route_color":"#322e71"}],"pass_count":1,"station_degree":2,"is_interchange":false,"station_role":"normal"},"geometry":{"type":"Point","coordinates":[8.57630615,47.4048612]},"__memberLines":{}},{"type":"Feature","properties":{"station_id":"n315282475","station_name":"Luegisland","station_name_local":"Luegisland","station_name_en":null,"city":"Zurich","country":"Switzerland","lines":["9"],"wikipedia":null,"merged_from":2,"merged_names":null,"is_terminus":false,"codes":["1590"],"routes":[{"ref":"9","name":"Tram 9","route_color":"#322e71"}],"pass_count":1,"station_degree":2,"is_interchange":false,"station_role":"normal"},"geometry":{"type":"Point","coordinates":[8.5812548,47.406010550000005]},"__memberLines":{}},{"type":"Feature","properties":{"station_id":"n315282736","station_name":"Luchswiesen","station_name_local":"Luchswiesen","station_name_en":null,"city":"Zurich","country":"Switzerland","lines":["9"],"wikipedia":null,"merged_from":2,"merged_names":null,"is_terminus":false,"codes":["1587"],"routes":[{"ref":"9","name":"Tram 9","route_color":"#322e71"}],"pass_count":1,"station_degree":2,"is_interchange":false,"station_role":"normal"},"geometry":{"type":"Point","coordinates":[8.5854464,47.40673115]},"__memberLines":{}},{"type":"Feature","properties":{"station_id":"n316660598","station_name":"Messe/Hallenstadion","station_name_local":"Messe/Hallenstadion","station_name_en":null,"city":"Zurich","country":"Switzerland","lines":["50"],"wikipedia":null,"merged_from":4,"merged_names":null,"is_terminus":false,"codes":["3154"],"routes":[{"ref":"50","name":"Tram 50","route_color":"#000000"}],"pass_count":1,"station_degree":2,"is_interchange":false,"station_role":"normal"},"geometry":{"type":"Point","coordinates":[8.5506134,47.410970525]},"__memberLines":{}},{"type":"Feature","properties":{"station_id":"n316704413","station_name":"Klusplatz","station_name_local":"Klusplatz","station_name_en":null,"city":"Zurich","country":"Switzerland","lines":["2","3"],"wikipedia":null,"merged_from":2,"merged_names":null,"is_terminus":true,"codes":["1430"],"routes":[{"ref":"2","name":"Tram 2","route_color":"#cb0a25"},{"ref":"3","name":"Tram 3","route_color":"#00923c"}],"pass_count":2,"station_degree":1,"is_interchange":false,"station_role":"terminus"},"geometry":{"type":"Point","coordinates":[8.56630095,47.36407775]},"__memberLines":{}},{"type":"Feature","properties":{"station_id":"n318412092","station_name":"Auzelg","station_name_local":"Auzelg","station_name_en":null,"city":"Zurich","country":"Switzerland","lines":["12","50"],"wikipedia":null,"merged_from":3,"merged_names":null,"is_terminus":false,"codes":["132"],"routes":[{"ref":"12","name":"Tram 12","route_color":"#92d6e3"},{"ref":"50","name":"Tram 50","route_color":"#000000"}],"pass_count":2,"station_degree":2,"is_interchange":true,"station_role":"interchange"},"geometry":{"type":"Point","coordinates":[8.568741333333334,47.41692956666666]},"__memberLines":{}},{"type":"Feature","properties":{"station_id":"n318413526","station_name":"Lindberghplatz","station_name_local":"Lindberghplatz","station_name_en":null,"city":"Zurich","country":"Switzerland","lines":["10","12"],"wikipedia":null,"merged_from":2,"merged_names":null,"is_terminus":false,"codes":["6508"],"routes":[{"ref":"10","name":"Tram 10","route_color":"#ce1f75"},{"ref":"12","name":"Tram 12","route_color":"#92d6e3"}],"pass_count":2,"station_degree":2,"is_interchange":false,"station_role":"normal"},"geometry":{"type":"Point","coordinates":[8.560499799999999,47.4252178]},"__memberLines":{}},{"type":"Feature","properties":{"station_id":"n318422232","station_name":"Zürich Flughafen","station_name_local":"Zürich Flughafen","station_name_en":null,"city":"Zurich","country":"Switzerland","lines":["10","12"],"wikipedia":null,"merged_from":2,"merged_names":null,"is_terminus":false,"codes":["3027"],"routes":[{"ref":"10","name":"Tram 10","route_color":"#ce1f75"},{"ref":"12","name":"Tram 12","route_color":"#92d6e3"}],"pass_count":2,"station_degree":2,"is_interchange":false,"station_role":"normal"},"geometry":{"type":"Point","coordinates":[8.5641115,47.450166499999995]},"__memberLines":{}},{"type":"Feature","properties":{"station_id":"n318423928","station_name":"Fracht","station_name_local":"Fracht","station_name_en":null,"city":"Zurich","country":"Switzerland","lines":["10","12"],"wikipedia":null,"merged_from":3,"merged_names":null,"is_terminus":true,"codes":["6232"],"routes":[{"ref":"10","name":"Tram 10","route_color":"#ce1f75"},{"ref":"12","name":"Tram 12","route_color":"#92d6e3"}],"pass_count":2,"station_degree":1,"is_interchange":false,"station_role":"terminus"},"geometry":{"type":"Point","coordinates":[8.571108866666666,47.4520695]},"__memberLines":{}},{"type":"Feature","properties":{"station_id":"n318434210","station_name":"Bahnhof Glattbrugg","station_name_local":"Bahnhof Glattbrugg","station_name_en":null,"city":"Zurich","country":"Switzerland","lines":["10","12"],"wikipedia":null,"merged_from":2,"merged_names":null,"is_terminus":false,"codes":["994"],"routes":[{"ref":"10","name":"Tram 10","route_color":"#ce1f75"},{"ref":"12","name":"Tram 12","route_color":"#92d6e3"}],"pass_count":2,"station_degree":2,"is_interchange":false,"station_role":"normal"},"geometry":{"type":"Point","coordinates":[8.5593648,47.4305492]},"__memberLines":{}},{"type":"Feature","properties":{"station_id":"n318434490","station_name":"Bäuler","station_name_local":"Bäuler","station_name_en":null,"city":"Zurich","country":"Switzerland","lines":["10","12"],"wikipedia":null,"merged_from":2,"merged_names":null,"is_terminus":false,"codes":["6507"],"routes":[{"ref":"10","name":"Tram 10","route_color":"#ce1f75"},{"ref":"12","name":"Tram 12","route_color":"#92d6e3"}],"pass_count":2,"station_degree":2,"is_interchange":false,"station_role":"normal"},"geometry":{"type":"Point","coordinates":[8.55750205,47.43502345]},"__memberLines":{}},{"type":"Feature","properties":{"station_id":"n318434654","station_name":"Unterriet","station_name_local":"Unterriet","station_name_en":null,"city":"Zurich","country":"Switzerland","lines":["10","12"],"wikipedia":null,"merged_from":2,"merged_names":null,"is_terminus":false,"codes":["2758"],"routes":[{"ref":"10","name":"Tram 10","route_color":"#ce1f75"},{"ref":"12","name":"Tram 12","route_color":"#92d6e3"}],"pass_count":2,"station_degree":2,"is_interchange":false,"station_role":"normal"},"geometry":{"type":"Point","coordinates":[8.562716850000001,47.43803245]},"__memberLines":{}},{"type":"Feature","properties":{"station_id":"n2295223402","station_name":"Bürkliplatz","station_name_local":"Bürkliplatz","station_name_en":null,"city":"Zurich","country":"Switzerland","lines":["2","5","8","9","11"],"wikipedia":null,"merged_from":2,"merged_names":null,"is_terminus":false,"codes":["615"],"routes":[{"ref":"2","name":"Tram 2","route_color":"#cb0a25"},{"ref":"5","name":"Tram 5","route_color":"#70492c"},{"ref":"8","name":"Tram 8","route_color":"#8bc036"},{"ref":"9","name":"Tram 9","route_color":"#322e71"},{"ref":"11","name":"Tram 11","route_color":"#00923c"}],"pass_count":5,"station_degree":3,"is_interchange":true,"station_role":"interchange"},"geometry":{"type":"Point","coordinates":[8.5413505,47.36652155]},"__memberLines":{}},{"type":"Feature","properties":{"station_id":"n322502006","station_name":"Werdhölzli","station_name_local":"Werdhölzli","station_name_en":null,"city":"Zurich","country":"Switzerland","lines":["17"],"wikipedia":null,"is_terminus":true,"codes":["2872"],"routes":[{"ref":"17","name":"Tram 17","route_color":"#8d1d2c"}],"pass_count":1,"station_degree":1,"merged_from":null,"merged_names":null,"is_interchange":false,"station_role":"terminus"},"geometry":{"type":"Point","coordinates":[8.482058,47.3977264]},"__memberLines":{}},{"type":"Feature","properties":{"station_id":"n322503932","station_name":"Hardturm","station_name_local":"Hardturm","station_name_en":null,"city":"Zurich","country":"Switzerland","lines":["8","17"],"wikipedia":null,"merged_from":3,"merged_names":null,"is_terminus":false,"codes":["2447"],"routes":[{"ref":"8","name":"Tram 8","route_color":"#8bc036"},{"ref":"17","name":"Tram 17","route_color":"#8d1d2c"}],"pass_count":2,"station_degree":2,"is_interchange":true,"station_role":"interchange"},"geometry":{"type":"Point","coordinates":[8.504287566666667,47.39437113333333]},"__memberLines":{}},{"type":"Feature","properties":{"station_id":"n337989384","station_name":"Hardplatz","station_name_local":"Hardplatz","station_name_en":null,"city":"Zurich","country":"Switzerland","lines":["8"],"wikipedia":null,"merged_from":3,"merged_names":null,"is_terminus":false,"codes":["1122"],"routes":[{"ref":"8","name":"Tram 8","route_color":"#8bc036"}],"pass_count":1,"station_degree":2,"is_interchange":false,"station_role":"normal"},"geometry":{"type":"Point","coordinates":[8.515245666666667,47.3823502]},"__memberLines":{}},{"type":"Feature","properties":{"station_id":"n436199776","station_name":"Technopark","station_name_local":"Technopark","station_name_en":null,"city":"Zurich","country":"Switzerland","lines":["51"],"wikipedia":null,"merged_from":2,"merged_names":null,"is_terminus":false,"codes":["3453"],"routes":[{"ref":"51","name":"Tram 51","route_color":"#000000"}],"pass_count":1,"station_degree":2,"is_interchange":false,"station_role":"normal"},"geometry":{"type":"Point","coordinates":[8.51526845,47.389074699999995]},"__memberLines":{}},{"type":"Feature","properties":{"station_id":"n442522935","station_name":"Bahnhof Stadelhofen","station_name_local":"Bahnhof Stadelhofen","station_name_en":null,"city":"Zurich","country":"Switzerland","lines":["2","4","5","S18"],"wikipedia":null,"merged_from":3,"merged_names":null,"is_terminus":false,"codes":["3039"],"routes":[{"ref":"2","name":"Tram 2","route_color":"#cb0a25"},{"ref":"4","name":"Tram 4","route_color":"#322e71"},{"ref":"5","name":"Tram 5","route_color":"#70492c"},{"ref":"S18","name":"S18 (Forchbahn)","route_color":"#eb3c2e"}],"pass_count":4,"station_degree":2,"is_interchange":true,"station_role":"interchange"},"geometry":{"type":"Point","coordinates":[8.547788933333335,47.36611713333334]},"__memberLines":{}},{"type":"Feature","properties":{"station_id":"n444757996","station_name":"Herti","station_name_local":"Herti","station_name_en":null,"city":"Zurich","country":"Switzerland","lines":["12"],"wikipedia":null,"merged_from":2,"merged_names":null,"is_terminus":false,"codes":["1176"],"routes":[{"ref":"12","name":"Tram 12","route_color":"#92d6e3"}],"pass_count":1,"station_degree":2,"is_interchange":false,"station_role":"normal"},"geometry":{"type":"Point","coordinates":[8.578965400000001,47.4164765]},"__memberLines":{}},{"type":"Feature","properties":{"station_id":"n491025867","station_name":"Belair","station_name_local":"Belair","station_name_en":null,"city":"Zurich","country":"Switzerland","lines":["12"],"wikipedia":null,"merged_from":2,"merged_names":null,"is_terminus":false,"codes":["439"],"routes":[{"ref":"12","name":"Tram 12","route_color":"#92d6e3"}],"pass_count":1,"station_degree":2,"is_interchange":false,"station_role":"normal"},"geometry":{"type":"Point","coordinates":[8.5845868,47.4134497]},"__memberLines":{}},{"type":"Feature","properties":{"station_id":"n491033793","station_name":"Glatt (Tram)","station_name_local":"Glatt (Tram)","station_name_en":null,"city":"Zurich","country":"Switzerland","lines":["12"],"wikipedia":null,"merged_from":2,"merged_names":null,"is_terminus":false,"codes":["6735"],"routes":[{"ref":"12","name":"Tram 12","route_color":"#92d6e3"}],"pass_count":1,"station_degree":2,"is_interchange":false,"station_role":"normal"},"geometry":{"type":"Point","coordinates":[8.5980798,47.4092993]},"__memberLines":{}},{"type":"Feature","properties":{"station_id":"n503883858","station_name":"Neugut","station_name_local":"Neugut","station_name_en":null,"city":"Zurich","country":"Switzerland","lines":["12"],"wikipedia":null,"merged_from":2,"merged_names":null,"is_terminus":false,"codes":["6659"],"routes":[{"ref":"12","name":"Tram 12","route_color":"#92d6e3"}],"pass_count":1,"station_degree":2,"is_interchange":false,"station_role":"normal"},"geometry":{"type":"Point","coordinates":[8.60426575,47.4048306]},"__memberLines":{}},{"type":"Feature","properties":{"station_id":"n589028509","station_name":"Sportweg","station_name_local":"Sportweg","station_name_en":null,"city":"Zurich","country":"Switzerland","lines":["51"],"wikipedia":null,"merged_from":2,"merged_names":null,"is_terminus":false,"codes":["2449"],"routes":[{"ref":"51","name":"Tram 51","route_color":"#000000"}],"pass_count":1,"station_degree":2,"is_interchange":false,"station_role":"normal"},"geometry":{"type":"Point","coordinates":[8.50584795,47.39161225]},"__memberLines":{}},{"type":"Feature","properties":{"station_id":"n697599562","station_name":"Ringwiesen","station_name_local":"Ringwiesen","station_name_en":null,"city":"Zurich","country":"Switzerland","lines":["12"],"wikipedia":null,"merged_from":2,"merged_names":null,"is_terminus":false,"codes":["3785"],"routes":[{"ref":"12","name":"Tram 12","route_color":"#92d6e3"}],"pass_count":1,"station_degree":2,"is_interchange":false,"station_role":"normal"},"geometry":{"type":"Point","coordinates":[8.604257,47.3975042]},"__memberLines":{}},{"type":"Feature","properties":{"station_id":"n699179548","station_name":"Bahnhof Wallisellen","station_name_local":"Bahnhof Wallisellen","station_name_en":null,"city":"Zurich","country":"Switzerland","lines":["12"],"wikipedia":null,"merged_from":2,"merged_names":null,"is_terminus":false,"codes":["2820"],"routes":[{"ref":"12","name":"Tram 12","route_color":"#92d6e3"}],"pass_count":1,"station_degree":2,"is_interchange":false,"station_role":"normal"},"geometry":{"type":"Point","coordinates":[8.59246965,47.4125635]},"__memberLines":{}},{"type":"Feature","properties":{"station_id":"n809690628","station_name":"Bucheggplatz","station_name_local":"Bucheggplatz","station_name_en":null,"city":"Zurich","country":"Switzerland","lines":["17","50"],"wikipedia":null,"merged_from":3,"merged_names":null,"is_terminus":false,"codes":["564"],"routes":[{"ref":"17","name":"Tram 17","route_color":"#8d1d2c"},{"ref":"50","name":"Tram 50","route_color":"#000000"}],"pass_count":2,"station_degree":2,"is_interchange":true,"station_role":"interchange"},"geometry":{"type":"Point","coordinates":[8.533135033333334,47.3983462]},"__memberLines":{}},{"type":"Feature","properties":{"station_id":"n1053691521","station_name":"Bahnhof Stettbach","station_name_local":"Bahnhof Stettbach","station_name_en":null,"city":"Zurich","country":"Switzerland","lines":["7","12"],"wikipedia":null,"merged_from":3,"merged_names":null,"is_terminus":false,"codes":["2575"],"routes":[{"ref":"7","name":"Tram 7","route_color":"#000000"},{"ref":"12","name":"Tram 12","route_color":"#92d6e3"}],"pass_count":2,"station_degree":2,"is_interchange":true,"station_role":"interchange"},"geometry":{"type":"Point","coordinates":[8.596082433333335,47.39721393333334]},"__memberLines":{}},{"type":"Feature","properties":{"station_id":"n975677254","station_name":"Aargauerstrasse","station_name_local":"Aargauerstrasse","station_name_en":null,"city":"Zurich","country":"Switzerland","lines":["51"],"wikipedia":null,"merged_from":2,"merged_names":null,"is_terminus":false,"codes":["7"],"routes":[{"ref":"51","name":"Tram 51","route_color":"#000000"}],"pass_count":1,"station_degree":2,"is_interchange":false,"station_role":"normal"},"geometry":{"type":"Point","coordinates":[8.502424999999999,47.39216235]},"__memberLines":{}},{"type":"Feature","properties":{"station_id":"n975677273","station_name":"Würzgraben","station_name_local":"Würzgraben","station_name_en":null,"city":"Zurich","country":"Switzerland","lines":["51"],"wikipedia":null,"merged_from":2,"merged_names":null,"is_terminus":false,"codes":["6648"],"routes":[{"ref":"51","name":"Tram 51","route_color":"#000000"}],"pass_count":1,"station_degree":2,"is_interchange":false,"station_role":"normal"},"geometry":{"type":"Point","coordinates":[8.49480015,47.39208845]},"__memberLines":{}},{"type":"Feature","properties":{"station_id":"n1205501634","station_name":"Bahnhof Balsberg","station_name_local":"Bahnhof Balsberg","station_name_en":null,"city":"Zurich","country":"Switzerland","lines":["10","12"],"wikipedia":null,"merged_from":2,"merged_names":null,"is_terminus":false,"codes":["6506"],"routes":[{"ref":"10","name":"Tram 10","route_color":"#ce1f75"},{"ref":"12","name":"Tram 12","route_color":"#92d6e3"}],"pass_count":2,"station_degree":2,"is_interchange":false,"station_role":"normal"},"geometry":{"type":"Point","coordinates":[8.56847755,47.44157485]},"__memberLines":{}},{"type":"Feature","properties":{"station_id":"n1287709955","station_name":"Hirschwiesenstrasse","station_name_local":"Hirschwiesenstrasse","station_name_en":null,"city":"Zurich","country":"Switzerland","lines":["10","51"],"wikipedia":null,"merged_from":2,"merged_names":null,"is_terminus":false,"codes":["1215"],"routes":[{"ref":"10","name":"Tram 10","route_color":"#ce1f75"},{"ref":"51","name":"Tram 51","route_color":"#000000"}],"pass_count":2,"station_degree":2,"is_interchange":false,"station_role":"normal"},"geometry":{"type":"Point","coordinates":[8.54351265,47.40027085]},"__memberLines":{}},{"type":"Feature","properties":{"station_id":"n1291615900","station_name":"Bahnhof Tiefenbrunnen","station_name_local":"Bahnhof Tiefenbrunnen","station_name_en":null,"city":"Zurich","country":"Switzerland","lines":["11","15"],"wikipedia":null,"merged_from":2,"merged_names":null,"is_terminus":true,"codes":["3041"],"routes":[{"ref":"11","name":"Tram 11","route_color":"#00923c"},{"ref":"15","name":"Tram 15","route_color":"#cb0a25"}],"pass_count":2,"station_degree":1,"is_interchange":false,"station_role":"terminus"},"geometry":{"type":"Point","coordinates":[8.5609936,47.35057535]},"__memberLines":{}},{"type":"Feature","properties":{"station_id":"n1492865475","station_name":"Glattwiesen","station_name_local":"Glattwiesen","station_name_en":null,"city":"Zurich","country":"Switzerland","lines":["7"],"wikipedia":null,"merged_from":2,"merged_names":null,"is_terminus":false,"codes":["998"],"routes":[{"ref":"7","name":"Tram 7","route_color":"#000000"}],"pass_count":1,"station_degree":2,"is_interchange":false,"station_role":"normal"},"geometry":{"type":"Point","coordinates":[8.5817196,47.40163855]},"__memberLines":{}},{"type":"Feature","properties":{"station_id":"n1492865477","station_name":"Mattenhof","station_name_local":"Mattenhof","station_name_en":null,"city":"Zurich","country":"Switzerland","lines":["7"],"wikipedia":null,"merged_from":2,"merged_names":null,"is_terminus":false,"codes":["1620"],"routes":[{"ref":"7","name":"Tram 7","route_color":"#000000"}],"pass_count":1,"station_degree":2,"is_interchange":false,"station_role":"normal"},"geometry":{"type":"Point","coordinates":[8.5909551,47.3987046]},"__memberLines":{}},{"type":"Feature","properties":{"station_id":"n1492866260","station_name":"Schwamendingerplatz","station_name_local":"Schwamendingerplatz","station_name_en":null,"city":"Zurich","country":"Switzerland","lines":["7","9"],"wikipedia":null,"merged_from":2,"merged_names":null,"is_terminus":false,"codes":["2294"],"routes":[{"ref":"7","name":"Tram 7","route_color":"#000000"},{"ref":"9","name":"Tram 9","route_color":"#322e71"}],"pass_count":2,"station_degree":3,"is_interchange":true,"station_role":"interchange"},"geometry":{"type":"Point","coordinates":[8.571697,47.40472735]},"__memberLines":{}},{"type":"Feature","properties":{"station_id":"n1535896473","station_name":"Schiffbau","station_name_local":"Schiffbau","station_name_en":null,"city":"Zurich","country":"Switzerland","lines":["8","51"],"wikipedia":null,"merged_from":2,"merged_names":null,"is_terminus":false,"codes":["6759"],"routes":[{"ref":"8","name":"Tram 8","route_color":"#8bc036"},{"ref":"51","name":"Tram 51","route_color":"#000000"}],"pass_count":2,"station_degree":3,"is_interchange":true,"station_role":"interchange"},"geometry":{"type":"Point","coordinates":[8.5196152,47.3877621]},"__memberLines":{}},{"type":"Feature","properties":{"station_id":"n1535896515","station_name":"Toni-Areal","station_name_local":"Toni-Areal","station_name_en":null,"city":"Zurich","country":"Switzerland","lines":["51"],"wikipedia":null,"merged_from":2,"merged_names":null,"is_terminus":false,"codes":["718"],"routes":[{"ref":"51","name":"Tram 51","route_color":"#000000"}],"pass_count":1,"station_degree":2,"is_interchange":false,"station_role":"normal"},"geometry":{"type":"Point","coordinates":[8.51066345,47.390180099999995]},"__memberLines":{}},{"type":"Feature","properties":{"station_id":"n1544597441","station_name":"Bahnhof Altstetten Nord","station_name_local":"Bahnhof Altstetten Nord","station_name_en":null,"city":"Zurich","country":"Switzerland","lines":["51"],"wikipedia":null,"merged_from":2,"merged_names":null,"is_terminus":true,"codes":["5001"],"routes":[{"ref":"51","name":"Tram 51","route_color":"#000000"}],"pass_count":1,"station_degree":1,"is_interchange":false,"station_role":"terminus"},"geometry":{"type":"Point","coordinates":[8.49045765,47.39207125]},"__memberLines":{}},{"type":"Feature","properties":{"station_id":"n1587565392","station_name":"Leutschenbach","station_name_local":"Leutschenbach","station_name_en":null,"city":"Zurich","country":"Switzerland","lines":["10","50"],"wikipedia":null,"merged_from":2,"merged_names":null,"is_terminus":false,"codes":["1552"],"routes":[{"ref":"10","name":"Tram 10","route_color":"#ce1f75"},{"ref":"50","name":"Tram 50","route_color":"#000000"}],"pass_count":2,"station_degree":3,"is_interchange":true,"station_role":"interchange"},"geometry":{"type":"Point","coordinates":[8.55132875,47.414711499999996]},"__memberLines":{}},{"type":"Feature","properties":{"station_id":"n1811357958","station_name":"Seebach","station_name_local":"Seebach","station_name_en":null,"city":"Zurich","country":"Switzerland","lines":["51"],"wikipedia":null,"merged_from":2,"merged_names":null,"is_terminus":true,"codes":["2346"],"routes":[{"ref":"51","name":"Tram 51","route_color":"#000000"}],"pass_count":1,"station_degree":1,"is_interchange":false,"station_role":"terminus"},"geometry":{"type":"Point","coordinates":[8.54999905,47.4217031]},"__memberLines":{}},{"type":"Feature","properties":{"station_id":"n1811870009","station_name":"Sihlpost/HB","station_name_local":"Sihlpost/HB","station_name_en":null,"city":"Zurich","country":"Switzerland","lines":["3","14"],"wikipedia":null,"merged_from":2,"merged_names":null,"is_terminus":false,"codes":["1366"],"routes":[{"ref":"3","name":"Tram 3","route_color":"#00923c"},{"ref":"14","name":"Tram 14","route_color":"#0093d0"}],"pass_count":2,"station_degree":2,"is_interchange":false,"station_role":"normal"},"geometry":{"type":"Point","coordinates":[8.53426555,47.376192]},"__memberLines":{}},{"type":"Feature","properties":{"station_id":"n1917116631","station_name":"Mülligen","station_name_local":"Mülligen","station_name_en":null,"city":"Zurich","country":"Switzerland","lines":["2","20"],"wikipedia":null,"merged_from":2,"merged_names":null,"is_terminus":false,"codes":["1690"],"routes":[{"ref":"2","name":"Tram 2","route_color":"#cb0a25"},{"ref":"20","name":"Tram 20","route_color":"#a0216e"}],"pass_count":2,"station_degree":2,"is_interchange":false,"station_role":"normal"},"geometry":{"type":"Point","coordinates":[8.46675235,47.39597055]},"__memberLines":{}},{"type":"Feature","properties":{"station_id":"n1986680581","station_name":"Langmauerstrasse","station_name_local":"Langmauerstrasse","station_name_en":null,"city":"Zurich","country":"Switzerland","lines":["9","10"],"wikipedia":null,"merged_from":2,"merged_names":null,"is_terminus":false,"codes":["1507"],"routes":[{"ref":"9","name":"Tram 9","route_color":"#322e71"},{"ref":"10","name":"Tram 10","route_color":"#ce1f75"}],"pass_count":2,"station_degree":2,"is_interchange":false,"station_role":"normal"},"geometry":{"type":"Point","coordinates":[8.54497945,47.39356505]},"__memberLines":{}},{"type":"Feature","properties":{"station_id":"n2132037879","station_name":"Waltikon","station_name_local":"Waltikon","station_name_en":null,"city":"Zurich","country":"Switzerland","lines":["S18"],"wikipedia":null,"merged_from":3,"merged_names":null,"is_terminus":false,"routes":[{"ref":"S18","name":"S18 (Forchbahn)","route_color":"#eb3c2e"}],"pass_count":1,"station_degree":2,"codes":null,"is_interchange":false,"station_role":"normal"},"geometry":{"type":"Point","coordinates":[8.616705133333333,47.33690633333333]},"__memberLines":{}},{"type":"Feature","properties":{"station_id":"n2132070271","station_name":"Hinteregg","station_name_local":"Hinteregg","station_name_en":null,"city":"Zurich","country":"Switzerland","lines":["S18"],"wikipedia":null,"merged_from":2,"merged_names":null,"is_terminus":false,"routes":[{"ref":"S18","name":"S18 (Forchbahn)","route_color":"#eb3c2e"}],"pass_count":1,"station_degree":2,"codes":null,"is_interchange":false,"station_role":"normal"},"geometry":{"type":"Point","coordinates":[8.684214650000001,47.30580005]},"__memberLines":{}},{"type":"Feature","properties":{"station_id":"n2132083860","station_name":"Egg","station_name_local":"Egg","station_name_en":null,"city":"Zurich","country":"Switzerland","lines":["S18"],"wikipedia":null,"merged_from":2,"merged_names":null,"is_terminus":false,"routes":[{"ref":"S18","name":"S18 (Forchbahn)","route_color":"#eb3c2e"}],"pass_count":1,"station_degree":2,"codes":null,"is_interchange":false,"station_role":"normal"},"geometry":{"type":"Point","coordinates":[8.6895623,47.3016425]},"__memberLines":{}},{"type":"Feature","properties":{"station_id":"n2132083861","station_name":"Emmat","station_name_local":"Emmat","station_name_en":null,"city":"Zurich","country":"Switzerland","lines":["S18"],"wikipedia":null,"merged_from":2,"merged_names":null,"is_terminus":false,"routes":[{"ref":"S18","name":"S18 (Forchbahn)","route_color":"#eb3c2e"}],"pass_count":1,"station_degree":2,"codes":null,"is_interchange":false,"station_role":"normal"},"geometry":{"type":"Point","coordinates":[8.701840350000001,47.2923975]},"__memberLines":{}},{"type":"Feature","properties":{"station_id":"n2132393298","station_name":"Langwies","station_name_local":"Langwies","station_name_en":null,"city":"Zurich","country":"Switzerland","lines":["S18"],"wikipedia":null,"is_terminus":false,"routes":[{"ref":"S18","name":"S18 (Forchbahn)","route_color":"#eb3c2e"}],"pass_count":1,"station_degree":2,"codes":null,"merged_from":null,"merged_names":null,"is_interchange":false,"station_role":"normal"},"geometry":{"type":"Point","coordinates":[8.6943604,47.2960402]},"__memberLines":{}},{"type":"Feature","properties":{"station_id":"n2267027131","station_name":"Museum für Gestaltung","station_name_local":"Museum für Gestaltung","station_name_en":null,"city":"Zurich","country":"Switzerland","lines":["17","50","51"],"wikipedia":null,"merged_from":2,"merged_names":null,"is_terminus":false,"codes":["1667"],"routes":[{"ref":"17","name":"Tram 17","route_color":"#8d1d2c"},{"ref":"50","name":"Tram 50","route_color":"#000000"},{"ref":"51","name":"Tram 51","route_color":"#000000"}],"pass_count":3,"station_degree":2,"is_interchange":false,"station_role":"normal"},"geometry":{"type":"Point","coordinates":[8.5348745,47.38221685]},"__memberLines":{}},{"type":"Feature","properties":{"station_id":"n2267027159","station_name":"Limmatplatz","station_name_local":"Limmatplatz","station_name_en":null,"city":"Zurich","country":"Switzerland","lines":["17","50","51"],"wikipedia":null,"merged_from":2,"merged_names":null,"is_terminus":false,"codes":["1557"],"routes":[{"ref":"17","name":"Tram 17","route_color":"#8d1d2c"},{"ref":"50","name":"Tram 50","route_color":"#000000"},{"ref":"51","name":"Tram 51","route_color":"#000000"}],"pass_count":3,"station_degree":2,"is_interchange":false,"station_role":"normal"},"geometry":{"type":"Point","coordinates":[8.5316214,47.38462815]},"__memberLines":{}},{"type":"Feature","properties":{"station_id":"n2267084736","station_name":"Löwenplatz","station_name_local":"Löwenplatz","station_name_en":null,"city":"Zurich","country":"Switzerland","lines":["3","14"],"wikipedia":null,"merged_from":2,"merged_names":null,"is_terminus":false,"codes":["1608"],"routes":[{"ref":"3","name":"Tram 3","route_color":"#00923c"},{"ref":"14","name":"Tram 14","route_color":"#0093d0"}],"pass_count":2,"station_degree":2,"is_interchange":false,"station_role":"normal"},"geometry":{"type":"Point","coordinates":[8.537329100000001,47.3759697]},"__memberLines":{}},{"type":"Feature","properties":{"station_id":"n2268534971","station_name":"Quellenstrasse","station_name_local":"Quellenstrasse","station_name_en":null,"city":"Zurich","country":"Switzerland","lines":["17","50","51"],"wikipedia":null,"merged_from":2,"merged_names":null,"is_terminus":false,"codes":["2014"],"routes":[{"ref":"17","name":"Tram 17","route_color":"#8d1d2c"},{"ref":"50","name":"Tram 50","route_color":"#000000"},{"ref":"51","name":"Tram 51","route_color":"#000000"}],"pass_count":3,"station_degree":2,"is_interchange":false,"station_role":"normal"},"geometry":{"type":"Point","coordinates":[8.52875605,47.3867503]},"__memberLines":{}},{"type":"Feature","properties":{"station_id":"n2268534978","station_name":"Löwenbräu","station_name_local":"Löwenbräu","station_name_en":null,"city":"Zurich","country":"Switzerland","lines":["17","50","51"],"wikipedia":null,"merged_from":2,"merged_names":null,"is_terminus":false,"codes":["648"],"routes":[{"ref":"17","name":"Tram 17","route_color":"#8d1d2c"},{"ref":"50","name":"Tram 50","route_color":"#000000"},{"ref":"51","name":"Tram 51","route_color":"#000000"}],"pass_count":3,"station_degree":2,"is_interchange":false,"station_role":"normal"},"geometry":{"type":"Point","coordinates":[8.526054649999999,47.38842165]},"__memberLines":{}},{"type":"Feature","properties":{"station_id":"n2268535002","station_name":"Escher-Wyss-Platz","station_name_local":"Escher-Wyss-Platz","station_name_en":null,"city":"Zurich","country":"Switzerland","lines":["8","17","50","51"],"wikipedia":null,"merged_from":4,"merged_names":null,"is_terminus":false,"codes":["799"],"routes":[{"ref":"8","name":"Tram 8","route_color":"#8bc036"},{"ref":"17","name":"Tram 17","route_color":"#8d1d2c"},{"ref":"50","name":"Tram 50","route_color":"#000000"},{"ref":"51","name":"Tram 51","route_color":"#000000"}],"pass_count":4,"station_degree":4,"is_interchange":true,"station_role":"interchange"},"geometry":{"type":"Point","coordinates":[8.522770474999998,47.390207325]},"__memberLines":{}},{"type":"Feature","properties":{"station_id":"n2275416910","station_name":"Stampfenbachplatz","station_name_local":"Stampfenbachplatz","station_name_en":null,"city":"Zurich","country":"Switzerland","lines":["17","50","51"],"wikipedia":null,"merged_from":2,"merged_names":null,"is_terminus":false,"codes":["2474"],"routes":[{"ref":"17","name":"Tram 17","route_color":"#8d1d2c"},{"ref":"50","name":"Tram 50","route_color":"#000000"},{"ref":"51","name":"Tram 51","route_color":"#000000"}],"pass_count":3,"station_degree":2,"is_interchange":false,"station_role":"normal"},"geometry":{"type":"Point","coordinates":[8.542690749999998,47.380099599999994]},"__memberLines":{}},{"type":"Feature","properties":{"station_id":"n2275466607","station_name":"Rudolf-Brun-Brücke","station_name_local":"Rudolf-Brun-Brücke","station_name_en":null,"city":"Zurich","country":"Switzerland","lines":["4","15"],"wikipedia":null,"merged_from":2,"merged_names":null,"is_terminus":false,"codes":["2113"],"routes":[{"ref":"4","name":"Tram 4","route_color":"#322e71"},{"ref":"15","name":"Tram 15","route_color":"#cb0a25"}],"pass_count":2,"station_degree":2,"is_interchange":false,"station_role":"normal"},"geometry":{"type":"Point","coordinates":[8.542898650000001,47.3739396]},"__memberLines":{}},{"type":"Feature","properties":{"station_id":"n2275623062","station_name":"Sihlstrasse","station_name_local":"Sihlstrasse","station_name_en":null,"city":"Zurich","country":"Switzerland","lines":["2","9"],"wikipedia":null,"merged_from":2,"merged_names":null,"is_terminus":false,"codes":["2396"],"routes":[{"ref":"2","name":"Tram 2","route_color":"#cb0a25"},{"ref":"9","name":"Tram 9","route_color":"#322e71"}],"pass_count":2,"station_degree":2,"is_interchange":false,"station_role":"normal"},"geometry":{"type":"Point","coordinates":[8.5347305,47.3722848]},"__memberLines":{}},{"type":"Feature","properties":{"station_id":"n2275723458","station_name":"Stauffacher","station_name_local":"Stauffacher","station_name_en":null,"city":"Zurich","country":"Switzerland","lines":["2","3","8","9","14"],"wikipedia":null,"merged_from":7,"merged_names":null,"is_terminus":false,"codes":["2556"],"routes":[{"ref":"2","name":"Tram 2","route_color":"#cb0a25"},{"ref":"3","name":"Tram 3","route_color":"#00923c"},{"ref":"8","name":"Tram 8","route_color":"#8bc036"},{"ref":"9","name":"Tram 9","route_color":"#322e71"},{"ref":"14","name":"Tram 14","route_color":"#0093d0"}],"pass_count":5,"station_degree":6,"is_interchange":true,"station_role":"interchange"},"geometry":{"type":"Point","coordinates":[8.529538371428572,47.37334735714285]},"__memberLines":{}},{"type":"Feature","properties":{"station_id":"n2275780065","station_name":"Bahnhof Wiedikon","station_name_local":"Bahnhof Wiedikon","station_name_en":null,"city":"Zurich","country":"Switzerland","lines":["9","14"],"wikipedia":null,"merged_from":2,"merged_names":null,"is_terminus":false,"codes":["3042"],"routes":[{"ref":"9","name":"Tram 9","route_color":"#322e71"},{"ref":"14","name":"Tram 14","route_color":"#0093d0"}],"pass_count":2,"station_degree":2,"is_interchange":false,"station_role":"normal"},"geometry":{"type":"Point","coordinates":[8.52390115,47.371230249999996]},"__memberLines":{}},{"type":"Feature","properties":{"station_id":"n2275780152","station_name":"Werd","station_name_local":"Werd","station_name_en":null,"city":"Zurich","country":"Switzerland","lines":["9","14"],"wikipedia":null,"merged_from":2,"merged_names":null,"is_terminus":false,"codes":["6238"],"routes":[{"ref":"9","name":"Tram 9","route_color":"#322e71"},{"ref":"14","name":"Tram 14","route_color":"#0093d0"}],"pass_count":2,"station_degree":2,"is_interchange":false,"station_role":"normal"},"geometry":{"type":"Point","coordinates":[8.5268993,47.37259215]},"__memberLines":{}},{"type":"Feature","properties":{"station_id":"n2275787444","station_name":"Bezirksgebäude","station_name_local":"Bezirksgebäude","station_name_en":null,"city":"Zurich","country":"Switzerland","lines":["2","3"],"wikipedia":null,"merged_from":2,"merged_names":null,"is_terminus":false,"codes":["478"],"routes":[{"ref":"2","name":"Tram 2","route_color":"#cb0a25"},{"ref":"3","name":"Tram 3","route_color":"#00923c"}],"pass_count":2,"station_degree":2,"is_interchange":false,"station_role":"normal"},"geometry":{"type":"Point","coordinates":[8.5256674,47.37407625]},"__memberLines":{}},{"type":"Feature","properties":{"station_id":"n2275787476","station_name":"Kalkbreite/Bhf. Wiedikon","station_name_local":"Kalkbreite/Bhf. Wiedikon","station_name_en":null,"city":"Zurich","country":"Switzerland","lines":["2","3"],"wikipedia":null,"merged_from":2,"merged_names":null,"is_terminus":false,"codes":["1357"],"routes":[{"ref":"2","name":"Tram 2","route_color":"#cb0a25"},{"ref":"3","name":"Tram 3","route_color":"#00923c"}],"pass_count":2,"station_degree":2,"is_interchange":false,"station_role":"normal"},"geometry":{"type":"Point","coordinates":[8.52101085,47.374572400000005]},"__memberLines":{}},{"type":"Feature","properties":{"station_id":"n2277024767","station_name":"Lochergut","station_name_local":"Lochergut","station_name_en":null,"city":"Zurich","country":"Switzerland","lines":["2","3"],"wikipedia":null,"merged_from":2,"merged_names":null,"is_terminus":false,"codes":["1579"],"routes":[{"ref":"2","name":"Tram 2","route_color":"#cb0a25"},{"ref":"3","name":"Tram 3","route_color":"#00923c"}],"pass_count":2,"station_degree":2,"is_interchange":false,"station_role":"normal"},"geometry":{"type":"Point","coordinates":[8.5174778,47.37546005]},"__memberLines":{}},{"type":"Feature","properties":{"station_id":"n2277024795","station_name":"Zypressenstrasse","station_name_local":"Zypressenstrasse","station_name_en":null,"city":"Zurich","country":"Switzerland","lines":["2","3"],"wikipedia":null,"merged_from":2,"merged_names":null,"is_terminus":false,"codes":["3019"],"routes":[{"ref":"2","name":"Tram 2","route_color":"#cb0a25"},{"ref":"3","name":"Tram 3","route_color":"#00923c"}],"pass_count":2,"station_degree":2,"is_interchange":false,"station_role":"normal"},"geometry":{"type":"Point","coordinates":[8.5139184,47.376708300000004]},"__memberLines":{}},{"type":"Feature","properties":{"station_id":"n2277024815","station_name":"Albisriederplatz","station_name_local":"Albisriederplatz","station_name_en":null,"city":"Zurich","country":"Switzerland","lines":["2","3"],"wikipedia":null,"merged_from":4,"merged_names":null,"is_terminus":false,"codes":["48"],"routes":[{"ref":"2","name":"Tram 2","route_color":"#cb0a25"},{"ref":"3","name":"Tram 3","route_color":"#00923c"}],"pass_count":2,"station_degree":3,"is_interchange":true,"station_role":"interchange"},"geometry":{"type":"Point","coordinates":[8.510296275,47.378232700000005]},"__memberLines":{}},{"type":"Feature","properties":{"station_id":"n2277081498","station_name":"Letzigrund","station_name_local":"Letzigrund","station_name_en":null,"city":"Zurich","country":"Switzerland","lines":["2"],"wikipedia":null,"merged_from":2,"merged_names":null,"is_terminus":false,"codes":["1548"],"routes":[{"ref":"2","name":"Tram 2","route_color":"#cb0a25"}],"pass_count":1,"station_degree":2,"is_interchange":false,"station_role":"normal"},"geometry":{"type":"Point","coordinates":[8.503713699999999,47.38121015]},"__memberLines":{}},{"type":"Feature","properties":{"station_id":"n2277081523","station_name":"Freihofstrasse","station_name_local":"Freihofstrasse","station_name_en":null,"city":"Zurich","country":"Switzerland","lines":["2"],"wikipedia":null,"merged_from":2,"merged_names":null,"is_terminus":false,"codes":["883"],"routes":[{"ref":"2","name":"Tram 2","route_color":"#cb0a25"}],"pass_count":1,"station_degree":2,"is_interchange":false,"station_role":"normal"},"geometry":{"type":"Point","coordinates":[8.499672499999999,47.383132849999996]},"__memberLines":{}},{"type":"Feature","properties":{"station_id":"n2277081581","station_name":"Kappeli","station_name_local":"Kappeli","station_name_en":null,"city":"Zurich","country":"Switzerland","lines":["2"],"wikipedia":null,"merged_from":2,"merged_names":null,"is_terminus":false,"codes":["1364"],"routes":[{"ref":"2","name":"Tram 2","route_color":"#cb0a25"}],"pass_count":1,"station_degree":2,"is_interchange":false,"station_role":"normal"},"geometry":{"type":"Point","coordinates":[8.4948219,47.38518685]},"__memberLines":{}},{"type":"Feature","properties":{"station_id":"n2277081658","station_name":"Grimselstrasse","station_name_local":"Grimselstrasse","station_name_en":null,"city":"Zurich","country":"Switzerland","lines":["2"],"wikipedia":null,"merged_from":2,"merged_names":null,"is_terminus":false,"codes":["1026"],"routes":[{"ref":"2","name":"Tram 2","route_color":"#cb0a25"}],"pass_count":1,"station_degree":2,"is_interchange":false,"station_role":"normal"},"geometry":{"type":"Point","coordinates":[8.4900266,47.386987000000005]},"__memberLines":{}},{"type":"Feature","properties":{"station_id":"n2277081751","station_name":"Lindenplatz","station_name_local":"Lindenplatz","station_name_en":null,"city":"Zurich","country":"Switzerland","lines":["2"],"wikipedia":null,"merged_from":2,"merged_names":null,"is_terminus":false,"codes":["1570"],"routes":[{"ref":"2","name":"Tram 2","route_color":"#cb0a25"}],"pass_count":1,"station_degree":2,"is_interchange":false,"station_role":"normal"},"geometry":{"type":"Point","coordinates":[8.486090749999999,47.38785145]},"__memberLines":{}},{"type":"Feature","properties":{"station_id":"n2277144200","station_name":"Hubertus","station_name_local":"Hubertus","station_name_en":null,"city":"Zurich","country":"Switzerland","lines":["3"],"wikipedia":null,"merged_from":2,"merged_names":null,"is_terminus":false,"codes":["1252"],"routes":[{"ref":"3","name":"Tram 3","route_color":"#00923c"}],"pass_count":1,"station_degree":2,"is_interchange":false,"station_role":"normal"},"geometry":{"type":"Point","coordinates":[8.499029,47.3774534]},"__memberLines":{}},{"type":"Feature","properties":{"station_id":"n2277144228","station_name":"Altes Krematorium","station_name_local":"Altes Krematorium","station_name_en":null,"city":"Zurich","country":"Switzerland","lines":["3"],"wikipedia":null,"merged_from":2,"merged_names":null,"is_terminus":false,"codes":["1446"],"routes":[{"ref":"3","name":"Tram 3","route_color":"#00923c"}],"pass_count":1,"station_degree":2,"is_interchange":false,"station_role":"normal"},"geometry":{"type":"Point","coordinates":[8.507332,47.37770745]},"__memberLines":{}},{"type":"Feature","properties":{"station_id":"n2280214780","station_name":"Haldenbach","station_name_local":"Haldenbach","station_name_en":null,"city":"Zurich","country":"Switzerland","lines":["9","10"],"wikipedia":null,"merged_from":2,"merged_names":null,"is_terminus":false,"codes":["1098"],"routes":[{"ref":"9","name":"Tram 9","route_color":"#322e71"},{"ref":"10","name":"Tram 10","route_color":"#ce1f75"}],"pass_count":2,"station_degree":2,"is_interchange":false,"station_role":"normal"},"geometry":{"type":"Point","coordinates":[8.54814655,47.38023325]},"__memberLines":{}},{"type":"Feature","properties":{"station_id":"n2280214788","station_name":"Winkelriedstrasse","station_name_local":"Winkelriedstrasse","station_name_en":null,"city":"Zurich","country":"Switzerland","lines":["9","10"],"wikipedia":null,"merged_from":2,"merged_names":null,"is_terminus":false,"codes":["2924"],"routes":[{"ref":"9","name":"Tram 9","route_color":"#322e71"},{"ref":"10","name":"Tram 10","route_color":"#ce1f75"}],"pass_count":2,"station_degree":2,"is_interchange":false,"station_role":"normal"},"geometry":{"type":"Point","coordinates":[8.54816235,47.3830748]},"__memberLines":{}},{"type":"Feature","properties":{"station_id":"n2280219084","station_name":"Seilbahn Rigiblick","station_name_local":"Seilbahn Rigiblick","station_name_en":null,"city":"Zurich","country":"Switzerland","lines":["9","10"],"wikipedia":null,"merged_from":2,"merged_names":null,"is_terminus":false,"codes":["2367"],"routes":[{"ref":"9","name":"Tram 9","route_color":"#322e71"},{"ref":"10","name":"Tram 10","route_color":"#ce1f75"}],"pass_count":2,"station_degree":2,"is_interchange":false,"station_role":"normal"},"geometry":{"type":"Point","coordinates":[8.548337499999999,47.385895399999995]},"__memberLines":{}},{"type":"Feature","properties":{"station_id":"n2281278312","station_name":"Kantonsschule","station_name_local":"Kantonsschule","station_name_en":null,"city":"Zurich","country":"Switzerland","lines":["8","9"],"wikipedia":null,"merged_from":2,"merged_names":null,"is_terminus":false,"codes":["1359"],"routes":[{"ref":"8","name":"Tram 8","route_color":"#8bc036"},{"ref":"9","name":"Tram 9","route_color":"#322e71"}],"pass_count":2,"station_degree":3,"is_interchange":true,"station_role":"interchange"},"geometry":{"type":"Point","coordinates":[8.5504468,47.3726414]},"__memberLines":{}},{"type":"Feature","properties":{"station_id":"n2281278390","station_name":"Platte","station_name_local":"Platte","station_name_en":null,"city":"Zurich","country":"Switzerland","lines":["6","8"],"wikipedia":null,"merged_from":2,"merged_names":null,"is_terminus":false,"codes":["1889"],"routes":[{"ref":"6","name":"Tram 6","route_color":"#be8543"},{"ref":"8","name":"Tram 8","route_color":"#8bc036"}],"pass_count":2,"station_degree":3,"is_interchange":true,"station_role":"interchange"},"geometry":{"type":"Point","coordinates":[8.55262405,47.37500565]},"__memberLines":{}},{"type":"Feature","properties":{"station_id":"n2281314292","station_name":"Kunsthaus","station_name_local":"Kunsthaus","station_name_en":null,"city":"Zurich","country":"Switzerland","lines":["3","8","9"],"wikipedia":null,"merged_from":4,"merged_names":null,"is_terminus":false,"codes":["1472"],"routes":[{"ref":"3","name":"Tram 3","route_color":"#00923c"},{"ref":"8","name":"Tram 8","route_color":"#8bc036"},{"ref":"9","name":"Tram 9","route_color":"#322e71"}],"pass_count":3,"station_degree":4,"is_interchange":true,"station_role":"interchange"},"geometry":{"type":"Point","coordinates":[8.548902425,47.370500275000005]},"__memberLines":{}},{"type":"Feature","properties":{"station_id":"n2281357423","station_name":"Neumarkt","station_name_local":"Neumarkt","station_name_en":null,"city":"Zurich","country":"Switzerland","lines":["3"],"wikipedia":null,"merged_from":2,"merged_names":null,"is_terminus":false,"codes":["1724"],"routes":[{"ref":"3","name":"Tram 3","route_color":"#00923c"}],"pass_count":1,"station_degree":2,"is_interchange":false,"station_role":"normal"},"geometry":{"type":"Point","coordinates":[8.54738375,47.372806049999994]},"__memberLines":{}},{"type":"Feature","properties":{"station_id":"n2281789417","station_name":"Voltastrasse","station_name_local":"Voltastrasse","station_name_en":null,"city":"Zurich","country":"Switzerland","lines":["6","8"],"wikipedia":null,"merged_from":2,"merged_names":null,"is_terminus":false,"codes":["2788"],"routes":[{"ref":"6","name":"Tram 6","route_color":"#be8543"},{"ref":"8","name":"Tram 8","route_color":"#8bc036"}],"pass_count":2,"station_degree":2,"is_interchange":false,"station_role":"normal"},"geometry":{"type":"Point","coordinates":[8.5539694,47.3769972]},"__memberLines":{}},{"type":"Feature","properties":{"station_id":"n2281803452","station_name":"Toblerplatz","station_name_local":"Toblerplatz","station_name_en":null,"city":"Zurich","country":"Switzerland","lines":["6","8"],"wikipedia":null,"merged_from":2,"merged_names":null,"is_terminus":false,"codes":["2673"],"routes":[{"ref":"6","name":"Tram 6","route_color":"#be8543"},{"ref":"8","name":"Tram 8","route_color":"#8bc036"}],"pass_count":2,"station_degree":2,"is_interchange":false,"station_role":"normal"},"geometry":{"type":"Point","coordinates":[8.559636000000001,47.37924125]},"__memberLines":{}},{"type":"Feature","properties":{"station_id":"n2281886724","station_name":"Ottikerstrasse","station_name_local":"Ottikerstrasse","station_name_en":null,"city":"Zurich","country":"Switzerland","lines":["7"],"wikipedia":null,"merged_from":2,"merged_names":null,"is_terminus":false,"codes":["1856"],"routes":[{"ref":"7","name":"Tram 7","route_color":"#000000"}],"pass_count":1,"station_degree":2,"is_interchange":false,"station_role":"normal"},"geometry":{"type":"Point","coordinates":[8.542349399999999,47.38548095]},"__memberLines":{}},{"type":"Feature","properties":{"station_id":"n2281916750","station_name":"Beckenhof","station_name_local":"Beckenhof","station_name_en":null,"city":"Zurich","country":"Switzerland","lines":["17","50","51"],"wikipedia":null,"merged_from":2,"merged_names":null,"is_terminus":false,"codes":["435"],"routes":[{"ref":"17","name":"Tram 17","route_color":"#8d1d2c"},{"ref":"50","name":"Tram 50","route_color":"#000000"},{"ref":"51","name":"Tram 51","route_color":"#000000"}],"pass_count":3,"station_degree":2,"is_interchange":false,"station_role":"normal"},"geometry":{"type":"Point","coordinates":[8.5402982,47.384073650000005]},"__memberLines":{}},{"type":"Feature","properties":{"station_id":"n2281916809","station_name":"Kronenstrasse","station_name_local":"Kronenstrasse","station_name_en":null,"city":"Zurich","country":"Switzerland","lines":["17","50","51"],"wikipedia":null,"merged_from":2,"merged_names":null,"is_terminus":false,"codes":["1468"],"routes":[{"ref":"17","name":"Tram 17","route_color":"#8d1d2c"},{"ref":"50","name":"Tram 50","route_color":"#000000"},{"ref":"51","name":"Tram 51","route_color":"#000000"}],"pass_count":3,"station_degree":2,"is_interchange":false,"station_role":"normal"},"geometry":{"type":"Point","coordinates":[8.5391936,47.3882822]},"__memberLines":{}},{"type":"Feature","properties":{"station_id":"n5104780267","station_name":"Schaffhauserplatz","station_name_local":"Schaffhauserplatz","station_name_en":null,"city":"Zurich","country":"Switzerland","lines":["7","17","50","51"],"wikipedia":null,"merged_from":4,"merged_names":null,"is_terminus":false,"codes":["2158"],"routes":[{"ref":"7","name":"Tram 7","route_color":"#000000"},{"ref":"17","name":"Tram 17","route_color":"#8d1d2c"},{"ref":"50","name":"Tram 50","route_color":"#000000"},{"ref":"51","name":"Tram 51","route_color":"#000000"}],"pass_count":4,"station_degree":4,"is_interchange":true,"station_role":"interchange"},"geometry":{"type":"Point","coordinates":[8.538706300000001,47.391963325]},"__memberLines":{}},{"type":"Feature","properties":{"station_id":"n2282178028","station_name":"Berninaplatz","station_name_local":"Berninaplatz","station_name_en":null,"city":"Zurich","country":"Switzerland","lines":["10","51"],"wikipedia":null,"merged_from":2,"merged_names":null,"is_terminus":false,"codes":["465"],"routes":[{"ref":"10","name":"Tram 10","route_color":"#ce1f75"},{"ref":"51","name":"Tram 51","route_color":"#000000"}],"pass_count":2,"station_degree":2,"is_interchange":false,"station_role":"normal"},"geometry":{"type":"Point","coordinates":[8.5480485,47.4038032]},"__memberLines":{}},{"type":"Feature","properties":{"station_id":"n2282178049","station_name":"Salersteig","station_name_local":"Salersteig","station_name_en":null,"city":"Zurich","country":"Switzerland","lines":["10","51"],"wikipedia":null,"merged_from":2,"merged_names":null,"is_terminus":false,"codes":["2151"],"routes":[{"ref":"10","name":"Tram 10","route_color":"#ce1f75"},{"ref":"51","name":"Tram 51","route_color":"#000000"}],"pass_count":2,"station_degree":2,"is_interchange":false,"station_role":"normal"},"geometry":{"type":"Point","coordinates":[8.5483256,47.4062773]},"__memberLines":{}},{"type":"Feature","properties":{"station_id":"n2284103170","station_name":"Sternen Oerlikon","station_name_local":"Sternen Oerlikon","station_name_en":null,"city":"Zurich","country":"Switzerland","lines":["10","50","51"],"wikipedia":null,"merged_from":4,"merged_names":null,"is_terminus":false,"codes":["2572"],"routes":[{"ref":"10","name":"Tram 10","route_color":"#ce1f75"},{"ref":"50","name":"Tram 50","route_color":"#000000"},{"ref":"51","name":"Tram 51","route_color":"#000000"}],"pass_count":3,"station_degree":4,"is_interchange":true,"station_role":"interchange"},"geometry":{"type":"Point","coordinates":[8.546536374999999,47.41002315]},"__memberLines":{}},{"type":"Feature","properties":{"station_id":"n2282310552","station_name":"Bahnhof Oerlikon Ost","station_name_local":"Bahnhof Oerlikon Ost","station_name_en":null,"city":"Zurich","country":"Switzerland","lines":["10","51"],"wikipedia":null,"merged_from":4,"merged_names":null,"is_terminus":false,"codes":["3447"],"routes":[{"ref":"10","name":"Tram 10","route_color":"#ce1f75"},{"ref":"51","name":"Tram 51","route_color":"#000000"}],"pass_count":2,"station_degree":3,"is_interchange":true,"station_role":"interchange"},"geometry":{"type":"Point","coordinates":[8.5460624,47.413423099999996]},"__memberLines":{}},{"type":"Feature","properties":{"station_id":"n2282310758","station_name":"Felsenrainstrasse","station_name_local":"Felsenrainstrasse","station_name_en":null,"city":"Zurich","country":"Switzerland","lines":["51"],"wikipedia":null,"merged_from":2,"merged_names":null,"is_terminus":false,"codes":["845"],"routes":[{"ref":"51","name":"Tram 51","route_color":"#000000"}],"pass_count":1,"station_degree":2,"is_interchange":false,"station_role":"normal"},"geometry":{"type":"Point","coordinates":[8.54539925,47.41680635]},"__memberLines":{}},{"type":"Feature","properties":{"station_id":"n2282329691","station_name":"Seebacherplatz","station_name_local":"Seebacherplatz","station_name_en":null,"city":"Zurich","country":"Switzerland","lines":["51"],"wikipedia":null,"merged_from":2,"merged_names":null,"is_terminus":false,"codes":["1275"],"routes":[{"ref":"51","name":"Tram 51","route_color":"#000000"}],"pass_count":1,"station_degree":2,"is_interchange":false,"station_role":"normal"},"geometry":{"type":"Point","coordinates":[8.5483787,47.41991575]},"__memberLines":{}},{"type":"Feature","properties":{"station_id":"n2282371055","station_name":"Bad Allenmoos","station_name_local":"Bad Allenmoos","station_name_en":null,"city":"Zurich","country":"Switzerland","lines":["50"],"wikipedia":null,"merged_from":2,"merged_names":null,"is_terminus":false,"codes":["144"],"routes":[{"ref":"50","name":"Tram 50","route_color":"#000000"}],"pass_count":1,"station_degree":2,"is_interchange":false,"station_role":"normal"},"geometry":{"type":"Point","coordinates":[8.53777465,47.40613965]},"__memberLines":{}},{"type":"Feature","properties":{"station_id":"n2282371068","station_name":"Regensbergbrücke","station_name_local":"Regensbergbrücke","station_name_en":null,"city":"Zurich","country":"Switzerland","lines":["50"],"wikipedia":null,"merged_from":2,"merged_names":null,"is_terminus":false,"codes":["2045"],"routes":[{"ref":"50","name":"Tram 50","route_color":"#000000"}],"pass_count":1,"station_degree":2,"is_interchange":false,"station_role":"normal"},"geometry":{"type":"Point","coordinates":[8.5392561,47.408649]},"__memberLines":{}},{"type":"Feature","properties":{"station_id":"n2282408206","station_name":"Laubiweg","station_name_local":"Laubiweg","station_name_en":null,"city":"Zurich","country":"Switzerland","lines":["17","50"],"wikipedia":null,"merged_from":2,"merged_names":null,"is_terminus":false,"codes":["1522"],"routes":[{"ref":"17","name":"Tram 17","route_color":"#8d1d2c"},{"ref":"50","name":"Tram 50","route_color":"#000000"}],"pass_count":2,"station_degree":2,"is_interchange":false,"station_role":"normal"},"geometry":{"type":"Point","coordinates":[8.536341700000001,47.394976150000005]},"__memberLines":{}},{"type":"Feature","properties":{"station_id":"n2288259595","station_name":"Waidfussweg","station_name_local":"Waidfussweg","station_name_en":null,"city":"Zurich","country":"Switzerland","lines":["50"],"wikipedia":null,"merged_from":2,"merged_names":null,"is_terminus":false,"codes":["2800"],"routes":[{"ref":"50","name":"Tram 50","route_color":"#000000"}],"pass_count":1,"station_degree":2,"is_interchange":false,"station_role":"normal"},"geometry":{"type":"Point","coordinates":[8.51905085,47.395335]},"__memberLines":{}},{"type":"Feature","properties":{"station_id":"n2288259660","station_name":"Eschergutweg","station_name_local":"Eschergutweg","station_name_en":null,"city":"Zurich","country":"Switzerland","lines":["50"],"wikipedia":null,"merged_from":2,"merged_names":null,"is_terminus":false,"codes":["800"],"routes":[{"ref":"50","name":"Tram 50","route_color":"#000000"}],"pass_count":1,"station_degree":2,"is_interchange":false,"station_role":"normal"},"geometry":{"type":"Point","coordinates":[8.5132028,47.396355549999996]},"__memberLines":{}},{"type":"Feature","properties":{"station_id":"n2288259738","station_name":"Schwert","station_name_local":"Schwert","station_name_en":null,"city":"Zurich","country":"Switzerland","lines":["50"],"wikipedia":null,"merged_from":2,"merged_names":null,"is_terminus":false,"codes":["2306"],"routes":[{"ref":"50","name":"Tram 50","route_color":"#000000"}],"pass_count":1,"station_degree":2,"is_interchange":false,"station_role":"normal"},"geometry":{"type":"Point","coordinates":[8.504808449999999,47.39973025]},"__memberLines":{}},{"type":"Feature","properties":{"station_id":"n2288259787","station_name":"Meierhofplatz","station_name_local":"Meierhofplatz","station_name_en":null,"city":"Zurich","country":"Switzerland","lines":["50"],"wikipedia":null,"merged_from":2,"merged_names":null,"is_terminus":false,"codes":["1626"],"routes":[{"ref":"50","name":"Tram 50","route_color":"#000000"}],"pass_count":1,"station_degree":2,"is_interchange":false,"station_role":"normal"},"geometry":{"type":"Point","coordinates":[8.500180700000001,47.401764549999996]},"__memberLines":{}},{"type":"Feature","properties":{"station_id":"n2288300976","station_name":"Zwielplatz","station_name_local":"Zwielplatz","station_name_en":null,"city":"Zurich","country":"Switzerland","lines":["50"],"wikipedia":null,"merged_from":2,"merged_names":null,"is_terminus":false,"codes":["3015"],"routes":[{"ref":"50","name":"Tram 50","route_color":"#000000"}],"pass_count":1,"station_degree":2,"is_interchange":false,"station_role":"normal"},"geometry":{"type":"Point","coordinates":[8.49649115,47.4021732]},"__memberLines":{}},{"type":"Feature","properties":{"station_id":"n2288301028","station_name":"Wartau","station_name_local":"Wartau","station_name_en":null,"city":"Zurich","country":"Switzerland","lines":["50"],"wikipedia":null,"merged_from":2,"merged_names":null,"is_terminus":false,"codes":["2831"],"routes":[{"ref":"50","name":"Tram 50","route_color":"#000000"}],"pass_count":1,"station_degree":2,"is_interchange":false,"station_role":"normal"},"geometry":{"type":"Point","coordinates":[8.49174905,47.4027593]},"__memberLines":{}},{"type":"Feature","properties":{"station_id":"n2288315712","station_name":"Winzerstrasse","station_name_local":"Winzerstrasse","station_name_en":null,"city":"Zurich","country":"Switzerland","lines":["50"],"wikipedia":null,"merged_from":2,"merged_names":null,"is_terminus":false,"codes":["2935"],"routes":[{"ref":"50","name":"Tram 50","route_color":"#000000"}],"pass_count":1,"station_degree":2,"is_interchange":false,"station_role":"normal"},"geometry":{"type":"Point","coordinates":[8.486395300000002,47.403735850000004]},"__memberLines":{}},{"type":"Feature","properties":{"station_id":"n2288315737","station_name":"Frankental","station_name_local":"Frankental","station_name_en":null,"city":"Zurich","country":"Switzerland","lines":["50"],"wikipedia":null,"merged_from":2,"merged_names":null,"is_terminus":true,"codes":["872"],"routes":[{"ref":"50","name":"Tram 50","route_color":"#000000"}],"pass_count":1,"station_degree":1,"is_interchange":false,"station_role":"terminus"},"geometry":{"type":"Point","coordinates":[8.481416150000001,47.40559415]},"__memberLines":{}},{"type":"Feature","properties":{"station_id":"n2289408202","station_name":"Oerlikerhus","station_name_local":"Oerlikerhus","station_name_en":null,"city":"Zurich","country":"Switzerland","lines":["10","50"],"wikipedia":null,"merged_from":2,"merged_names":null,"is_terminus":false,"codes":["6459"],"routes":[{"ref":"10","name":"Tram 10","route_color":"#ce1f75"},{"ref":"50","name":"Tram 50","route_color":"#000000"}],"pass_count":2,"station_degree":2,"is_interchange":false,"station_role":"normal"},"geometry":{"type":"Point","coordinates":[8.553932249999999,47.417676549999996]},"__memberLines":{}},{"type":"Feature","properties":{"station_id":"n2289567761","station_name":"Roswiesen","station_name_local":"Roswiesen","station_name_en":null,"city":"Zurich","country":"Switzerland","lines":["7"],"wikipedia":null,"merged_from":2,"merged_names":null,"is_terminus":false,"codes":["2107"],"routes":[{"ref":"7","name":"Tram 7","route_color":"#000000"}],"pass_count":1,"station_degree":2,"is_interchange":false,"station_role":"normal"},"geometry":{"type":"Point","coordinates":[8.5771277,47.402975350000006]},"__memberLines":{}},{"type":"Feature","properties":{"station_id":"n2295038207","station_name":"Helmhaus","station_name_local":"Helmhaus","station_name_en":null,"city":"Zurich","country":"Switzerland","lines":["4","15"],"wikipedia":null,"merged_from":2,"merged_names":null,"is_terminus":false,"codes":["1157"],"routes":[{"ref":"4","name":"Tram 4","route_color":"#322e71"},{"ref":"15","name":"Tram 15","route_color":"#cb0a25"}],"pass_count":2,"station_degree":2,"is_interchange":false,"station_role":"normal"},"geometry":{"type":"Point","coordinates":[8.54345395,47.36975015]},"__memberLines":{}},{"type":"Feature","properties":{"station_id":"n2295038229","station_name":"Rathaus","station_name_local":"Rathaus","station_name_en":null,"city":"Zurich","country":"Switzerland","lines":["4","15"],"wikipedia":null,"merged_from":2,"merged_names":null,"is_terminus":false,"codes":["2030"],"routes":[{"ref":"4","name":"Tram 4","route_color":"#322e71"},{"ref":"15","name":"Tram 15","route_color":"#cb0a25"}],"pass_count":2,"station_degree":2,"is_interchange":false,"station_role":"normal"},"geometry":{"type":"Point","coordinates":[8.5428096,47.37205575]},"__memberLines":{}},{"type":"Feature","properties":{"station_id":"n2295502445","station_name":"Kantonalbank","station_name_local":"Kantonalbank","station_name_en":null,"city":"Zurich","country":"Switzerland","lines":["2","5","9","11"],"wikipedia":null,"merged_from":2,"merged_names":null,"is_terminus":false,"codes":["601"],"routes":[{"ref":"2","name":"Tram 2","route_color":"#cb0a25"},{"ref":"5","name":"Tram 5","route_color":"#70492c"},{"ref":"9","name":"Tram 9","route_color":"#322e71"},{"ref":"11","name":"Tram 11","route_color":"#00923c"}],"pass_count":4,"station_degree":2,"is_interchange":false,"station_role":"normal"},"geometry":{"type":"Point","coordinates":[8.5398526,47.368195]},"__memberLines":{}},{"type":"Feature","properties":{"station_id":"n2296903015","station_name":"Wildbachstrasse","station_name_local":"Wildbachstrasse","station_name_en":null,"city":"Zurich","country":"Switzerland","lines":["11","15"],"wikipedia":null,"merged_from":2,"merged_names":null,"is_terminus":false,"codes":["2907"],"routes":[{"ref":"11","name":"Tram 11","route_color":"#00923c"},{"ref":"15","name":"Tram 15","route_color":"#cb0a25"}],"pass_count":2,"station_degree":2,"is_interchange":false,"station_role":"normal"},"geometry":{"type":"Point","coordinates":[8.5588277,47.353211]},"__memberLines":{}},{"type":"Feature","properties":{"station_id":"n2296903024","station_name":"Fröhlichstrasse","station_name_local":"Fröhlichstrasse","station_name_en":null,"city":"Zurich","country":"Switzerland","lines":["11","15"],"wikipedia":null,"merged_from":2,"merged_names":null,"is_terminus":false,"codes":["917"],"routes":[{"ref":"11","name":"Tram 11","route_color":"#00923c"},{"ref":"15","name":"Tram 15","route_color":"#cb0a25"}],"pass_count":2,"station_degree":2,"is_interchange":false,"station_role":"normal"},"geometry":{"type":"Point","coordinates":[8.55688105,47.3552558]},"__memberLines":{}},{"type":"Feature","properties":{"station_id":"n2296903044","station_name":"Höschgasse","station_name_local":"Höschgasse","station_name_en":null,"city":"Zurich","country":"Switzerland","lines":["11","15"],"wikipedia":null,"merged_from":2,"merged_names":null,"is_terminus":false,"codes":["1286"],"routes":[{"ref":"11","name":"Tram 11","route_color":"#00923c"},{"ref":"15","name":"Tram 15","route_color":"#cb0a25"}],"pass_count":2,"station_degree":2,"is_interchange":false,"station_role":"normal"},"geometry":{"type":"Point","coordinates":[8.5542342,47.3580251]},"__memberLines":{}},{"type":"Feature","properties":{"station_id":"n2296903069","station_name":"Kreuzstrasse","station_name_local":"Kreuzstrasse","station_name_en":null,"city":"Zurich","country":"Switzerland","lines":["11","15"],"wikipedia":null,"merged_from":2,"merged_names":null,"is_terminus":false,"codes":["1456"],"routes":[{"ref":"11","name":"Tram 11","route_color":"#00923c"},{"ref":"15","name":"Tram 15","route_color":"#cb0a25"}],"pass_count":2,"station_degree":2,"is_interchange":false,"station_role":"normal"},"geometry":{"type":"Point","coordinates":[8.54978655,47.3631276]},"__memberLines":{}},{"type":"Feature","properties":{"station_id":"n2296903094","station_name":"Opernhaus","station_name_local":"Opernhaus","station_name_en":null,"city":"Zurich","country":"Switzerland","lines":["11","15"],"wikipedia":null,"merged_from":2,"merged_names":null,"is_terminus":false,"codes":["1845"],"routes":[{"ref":"11","name":"Tram 11","route_color":"#00923c"},{"ref":"15","name":"Tram 15","route_color":"#cb0a25"}],"pass_count":2,"station_degree":2,"is_interchange":false,"station_role":"normal"},"geometry":{"type":"Point","coordinates":[8.54760555,47.365442200000004]},"__memberLines":{}},{"type":"Feature","properties":{"station_id":"n2296910030","station_name":"Feldeggstrasse","station_name_local":"Feldeggstrasse","station_name_en":null,"city":"Zurich","country":"Switzerland","lines":["11","15"],"wikipedia":null,"merged_from":2,"merged_names":null,"is_terminus":false,"codes":["832"],"routes":[{"ref":"11","name":"Tram 11","route_color":"#00923c"},{"ref":"15","name":"Tram 15","route_color":"#cb0a25"}],"pass_count":2,"station_degree":2,"is_interchange":false,"station_role":"normal"},"geometry":{"type":"Point","coordinates":[8.552182850000001,47.3603667]},"__memberLines":{}},{"type":"Feature","properties":{"station_id":"n2296934594","station_name":"Kreuzplatz","station_name_local":"Kreuzplatz","station_name_en":null,"city":"Zurich","country":"Switzerland","lines":["2","4","S18"],"wikipedia":null,"merged_from":2,"merged_names":null,"is_terminus":false,"codes":["1453"],"routes":[{"ref":"2","name":"Tram 2","route_color":"#cb0a25"},{"ref":"4","name":"Tram 4","route_color":"#322e71"},{"ref":"S18","name":"S18 (Forchbahn)","route_color":"#eb3c2e"}],"pass_count":3,"station_degree":3,"is_interchange":true,"station_role":"interchange"},"geometry":{"type":"Point","coordinates":[8.553910649999999,47.36493515]},"__memberLines":{}},{"type":"Feature","properties":{"station_id":"n2296953085","station_name":"Römerhof","station_name_local":"Römerhof","station_name_en":null,"city":"Zurich","country":"Switzerland","lines":["2","3"],"wikipedia":null,"merged_from":4,"merged_names":null,"is_terminus":false,"codes":["2124"],"routes":[{"ref":"2","name":"Tram 2","route_color":"#cb0a25"},{"ref":"3","name":"Tram 3","route_color":"#00923c"}],"pass_count":2,"station_degree":3,"is_interchange":true,"station_role":"interchange"},"geometry":{"type":"Point","coordinates":[8.5599907,47.36790799999999]},"__memberLines":{}},{"type":"Feature","properties":{"station_id":"n2297304033","station_name":"Hottingerplatz","station_name_local":"Hottingerplatz","station_name_en":null,"city":"Zurich","country":"Switzerland","lines":["3"],"wikipedia":null,"merged_from":2,"merged_names":null,"is_terminus":false,"codes":["1251"],"routes":[{"ref":"3","name":"Tram 3","route_color":"#00923c"}],"pass_count":1,"station_degree":2,"is_interchange":false,"station_role":"normal"},"geometry":{"type":"Point","coordinates":[8.5549642,47.36930975]},"__memberLines":{}},{"type":"Feature","properties":{"station_id":"n2297344098","station_name":"Hegibachplatz","station_name_local":"Hegibachplatz","station_name_en":null,"city":"Zurich","country":"Switzerland","lines":["4","S18"],"wikipedia":null,"merged_from":3,"merged_names":null,"is_terminus":false,"codes":["1144"],"routes":[{"ref":"4","name":"Tram 4","route_color":"#322e71"},{"ref":"S18","name":"S18 (Forchbahn)","route_color":"#eb3c2e"}],"pass_count":2,"station_degree":2,"is_interchange":false,"station_role":"normal"},"geometry":{"type":"Point","coordinates":[8.560928433333332,47.361698999999994]},"__memberLines":{}},{"type":"Feature","properties":{"station_id":"n2297344125","station_name":"Signaustrasse","station_name_local":"Signaustrasse","station_name_en":null,"city":"Zurich","country":"Switzerland","lines":["4"],"wikipedia":null,"merged_from":2,"merged_names":null,"is_terminus":false,"codes":["2388"],"routes":[{"ref":"4","name":"Tram 4","route_color":"#322e71"},{"ref":"S18","name":"S18 (Forchbahn)","route_color":"#eb3c2e","pass":true}],"pass_count":2,"station_degree":2,"is_interchange":false,"station_role":"normal"},"geometry":{"type":"Point","coordinates":[8.55767975,47.3631718]},"__memberLines":{}},{"type":"Feature","properties":{"station_id":"n2297460815","station_name":"Friedhof Enzenbühl","station_name_local":"Friedhof Enzenbühl","station_name_en":null,"city":"Zurich","country":"Switzerland","lines":["4"],"wikipedia":null,"merged_from":2,"merged_names":null,"is_terminus":false,"codes":["894"],"routes":[{"ref":"4","name":"Tram 4","route_color":"#322e71"},{"ref":"S18","name":"S18 (Forchbahn)","route_color":"#eb3c2e","pass":true}],"pass_count":2,"station_degree":2,"is_interchange":false,"station_role":"normal"},"geometry":{"type":"Point","coordinates":[8.580456850000001,47.3510093]},"__memberLines":{}},{"type":"Feature","properties":{"station_id":"n2297460899","station_name":"Balgrist","station_name_local":"Balgrist","station_name_en":null,"city":"Zurich","country":"Switzerland","lines":["4","S18"],"wikipedia":null,"merged_from":3,"merged_names":null,"is_terminus":false,"codes":["421"],"routes":[{"ref":"4","name":"Tram 4","route_color":"#322e71"},{"ref":"S18","name":"S18 (Forchbahn)","route_color":"#eb3c2e"}],"pass_count":2,"station_degree":2,"is_interchange":false,"station_role":"normal"},"geometry":{"type":"Point","coordinates":[8.575154099999999,47.35440583333334]},"__memberLines":{}},{"type":"Feature","properties":{"station_id":"n2297460951","station_name":"Burgwies","station_name_local":"Burgwies","station_name_en":null,"city":"Zurich","country":"Switzerland","lines":["4"],"wikipedia":null,"merged_from":2,"merged_names":null,"is_terminus":false,"codes":["580"],"routes":[{"ref":"4","name":"Tram 4","route_color":"#322e71"},{"ref":"S18","name":"S18 (Forchbahn)","route_color":"#eb3c2e","pass":true}],"pass_count":2,"station_degree":2,"is_interchange":false,"station_role":"normal"},"geometry":{"type":"Point","coordinates":[8.5717578,47.35804925]},"__memberLines":{}},{"type":"Feature","properties":{"station_id":"n2297460959","station_name":"Wetlistrasse","station_name_local":"Wetlistrasse","station_name_en":null,"city":"Zurich","country":"Switzerland","lines":["4"],"wikipedia":null,"merged_from":2,"merged_names":null,"is_terminus":false,"codes":["2879"],"routes":[{"ref":"4","name":"Tram 4","route_color":"#322e71"},{"ref":"S18","name":"S18 (Forchbahn)","route_color":"#eb3c2e","pass":true}],"pass_count":2,"station_degree":2,"is_interchange":false,"station_role":"normal"},"geometry":{"type":"Point","coordinates":[8.5683755,47.360156149999995]},"__memberLines":{}},{"type":"Feature","properties":{"station_id":"n2297460997","station_name":"Hedwigsteig","station_name_local":"Hedwigsteig","station_name_en":null,"city":"Zurich","country":"Switzerland","lines":["4"],"wikipedia":null,"merged_from":2,"merged_names":null,"is_terminus":false,"codes":["1138"],"routes":[{"ref":"4","name":"Tram 4","route_color":"#322e71"},{"ref":"S18","name":"S18 (Forchbahn)","route_color":"#eb3c2e","pass":true}],"pass_count":2,"station_degree":2,"is_interchange":false,"station_role":"normal"},"geometry":{"type":"Point","coordinates":[8.56502805,47.36034505]},"__memberLines":{}},{"type":"Feature","properties":{"station_id":"n2298045151","station_name":"Rentenanstalt","station_name_local":"Rentenanstalt","station_name_en":null,"city":"Zurich","country":"Switzerland","lines":["8"],"wikipedia":null,"merged_from":2,"merged_names":null,"is_terminus":false,"codes":["2055"],"routes":[{"ref":"8","name":"Tram 8","route_color":"#8bc036"}],"pass_count":1,"station_degree":2,"is_interchange":false,"station_role":"normal"},"geometry":{"type":"Point","coordinates":[8.53471055,47.36346415]},"__memberLines":{}},{"type":"Feature","properties":{"station_id":"n2298056787","station_name":"Stockerstrasse","station_name_local":"Stockerstrasse","station_name_en":null,"city":"Zurich","country":"Switzerland","lines":["5","7","13"],"wikipedia":null,"merged_from":3,"merged_names":null,"is_terminus":false,"codes":["2582"],"routes":[{"ref":"5","name":"Tram 5","route_color":"#70492c"},{"ref":"7","name":"Tram 7","route_color":"#000000"},{"ref":"13","name":"Tram 13","route_color":"#f6c828"}],"pass_count":3,"station_degree":2,"is_interchange":false,"station_role":"normal"},"geometry":{"type":"Point","coordinates":[8.535340666666668,47.367836366666666]},"__memberLines":{}},{"type":"Feature","properties":{"station_id":"n2308599361","station_name":"Bahnhof Enge","station_name_local":"Bahnhof Enge","station_name_en":null,"city":"Zurich","country":"Switzerland","lines":["7","8"],"wikipedia":null,"merged_from":5,"merged_names":null,"is_terminus":false,"codes":["3026"],"routes":[{"ref":"7","name":"Tram 7","route_color":"#000000"},{"ref":"8","name":"Tram 8","route_color":"#8bc036"}],"pass_count":2,"station_degree":3,"is_interchange":true,"station_role":"interchange"},"geometry":{"type":"Point","coordinates":[8.53162878,47.364194760000004]},"__memberLines":{}},{"type":"Feature","properties":{"station_id":"n2308617697","station_name":"Bahnhof Selnau","station_name_local":"Bahnhof Selnau","station_name_en":null,"city":"Zurich","country":"Switzerland","lines":["8"],"wikipedia":null,"merged_from":2,"merged_names":null,"is_terminus":false,"codes":["2551"],"routes":[{"ref":"8","name":"Tram 8","route_color":"#8bc036"}],"pass_count":1,"station_degree":2,"is_interchange":false,"station_role":"normal"},"geometry":{"type":"Point","coordinates":[8.5316929,47.37078885]},"__memberLines":{}},{"type":"Feature","properties":{"station_id":"n2309435445","station_name":"Helvetiaplatz","station_name_local":"Helvetiaplatz","station_name_en":null,"city":"Zurich","country":"Switzerland","lines":["8"],"wikipedia":null,"merged_from":2,"merged_names":null,"is_terminus":false,"codes":["1158"],"routes":[{"ref":"8","name":"Tram 8","route_color":"#8bc036"}],"pass_count":1,"station_degree":2,"is_interchange":false,"station_role":"normal"},"geometry":{"type":"Point","coordinates":[8.52611735,47.37617005]},"__memberLines":{}},{"type":"Feature","properties":{"station_id":"n2309435510","station_name":"Güterbahnhof","station_name_local":"Güterbahnhof","station_name_en":null,"city":"Zurich","country":"Switzerland","lines":["8"],"wikipedia":null,"merged_from":2,"merged_names":null,"is_terminus":false,"codes":["1076"],"routes":[{"ref":"8","name":"Tram 8","route_color":"#8bc036"}],"pass_count":1,"station_degree":2,"is_interchange":false,"station_role":"normal"},"geometry":{"type":"Point","coordinates":[8.5196102,47.380466049999995]},"__memberLines":{}},{"type":"Feature","properties":{"station_id":"n2310735188","station_name":"Spital Zollikerberg","station_name_local":"Spital Zollikerberg","station_name_en":null,"city":"Zurich","country":"Switzerland","lines":["S18"],"wikipedia":null,"merged_from":3,"merged_names":null,"is_terminus":false,"routes":[{"ref":"S18","name":"S18 (Forchbahn)","route_color":"#eb3c2e"}],"pass_count":1,"station_degree":2,"codes":null,"is_interchange":false,"station_role":"normal"},"geometry":{"type":"Point","coordinates":[8.5971143,47.347332099999996]},"__memberLines":{}},{"type":"Feature","properties":{"station_id":"n2310757351","station_name":"Zumikon","station_name_local":"Zumikon","station_name_en":null,"city":"Zurich","country":"Switzerland","lines":["S18"],"wikipedia":null,"merged_from":3,"merged_names":null,"is_terminus":false,"routes":[{"ref":"S18","name":"S18 (Forchbahn)","route_color":"#eb3c2e"}],"pass_count":1,"station_degree":2,"codes":null,"is_interchange":false,"station_role":"normal"},"geometry":{"type":"Point","coordinates":[8.623624099999999,47.3320505]},"__memberLines":{}},{"type":"Feature","properties":{"station_id":"n2456957631","station_name":"Saalsporthalle","station_name_local":"Saalsporthalle","station_name_en":null,"city":"Zurich","country":"Switzerland","lines":["5","13"],"wikipedia":null,"merged_from":2,"merged_names":null,"is_terminus":false,"codes":["2550"],"routes":[{"ref":"5","name":"Tram 5","route_color":"#70492c"},{"ref":"13","name":"Tram 13","route_color":"#f6c828"}],"pass_count":2,"station_degree":2,"is_interchange":false,"station_role":"normal"},"geometry":{"type":"Point","coordinates":[8.5205533,47.3577966]},"__memberLines":{}},{"type":"Feature","properties":{"station_id":"n2456957657","station_name":"Laubegg","station_name_local":"Laubegg","station_name_en":null,"city":"Zurich","country":"Switzerland","lines":["5","13"],"wikipedia":null,"merged_from":2,"merged_names":null,"is_terminus":false,"codes":["1519"],"routes":[{"ref":"5","name":"Tram 5","route_color":"#70492c"},{"ref":"13","name":"Tram 13","route_color":"#f6c828"}],"pass_count":2,"station_degree":2,"is_interchange":true,"station_role":"interchange"},"geometry":{"type":"Point","coordinates":[8.51751145,47.35867125]},"__memberLines":{}},{"type":"Feature","properties":{"station_id":"n2456957719","station_name":"Sihlcity Nord","station_name_local":"Sihlcity Nord","station_name_en":null,"city":"Zurich","country":"Switzerland","lines":["5","13"],"wikipedia":null,"merged_from":2,"merged_names":null,"is_terminus":false,"codes":["2771"],"routes":[{"ref":"5","name":"Tram 5","route_color":"#70492c"},{"ref":"13","name":"Tram 13","route_color":"#f6c828"}],"pass_count":2,"station_degree":2,"is_interchange":false,"station_role":"normal"},"geometry":{"type":"Point","coordinates":[8.5226653,47.3597932]},"__memberLines":{}},{"type":"Feature","properties":{"station_id":"n2456957772","station_name":"Waffenplatzstrasse","station_name_local":"Waffenplatzstrasse","station_name_en":null,"city":"Zurich","country":"Switzerland","lines":["5","13"],"wikipedia":null,"merged_from":2,"merged_names":null,"is_terminus":false,"codes":["2795"],"routes":[{"ref":"5","name":"Tram 5","route_color":"#70492c"},{"ref":"13","name":"Tram 13","route_color":"#f6c828"}],"pass_count":2,"station_degree":2,"is_interchange":false,"station_role":"normal"},"geometry":{"type":"Point","coordinates":[8.525969199999999,47.3617202]},"__memberLines":{}},{"type":"Feature","properties":{"station_id":"n2457029147","station_name":"Wollishoferplatz","station_name_local":"Wollishoferplatz","station_name_en":null,"city":"Zurich","country":"Switzerland","lines":["7"],"wikipedia":null,"merged_from":2,"merged_names":null,"is_terminus":true,"codes":["2950"],"routes":[{"ref":"7","name":"Tram 7","route_color":"#000000"}],"pass_count":1,"station_degree":1,"is_interchange":false,"station_role":"terminus"},"geometry":{"type":"Point","coordinates":[8.53041505,47.338235749999996]},"__memberLines":{}},{"type":"Feature","properties":{"station_id":"n2457029194","station_name":"Morgental","station_name_local":"Morgental","station_name_en":null,"city":"Zurich","country":"Switzerland","lines":["7"],"wikipedia":null,"merged_from":2,"merged_names":null,"is_terminus":false,"codes":["1660"],"routes":[{"ref":"7","name":"Tram 7","route_color":"#000000"}],"pass_count":1,"station_degree":2,"is_interchange":false,"station_role":"normal"},"geometry":{"type":"Point","coordinates":[8.5303902,47.34329675]},"__memberLines":{}},{"type":"Feature","properties":{"station_id":"n2457029233","station_name":"Renggerstrasse","station_name_local":"Renggerstrasse","station_name_en":null,"city":"Zurich","country":"Switzerland","lines":["7"],"wikipedia":null,"merged_from":2,"merged_names":null,"is_terminus":false,"codes":["2005"],"routes":[{"ref":"7","name":"Tram 7","route_color":"#000000"}],"pass_count":1,"station_degree":2,"is_interchange":false,"station_role":"normal"},"geometry":{"type":"Point","coordinates":[8.533186700000002,47.3447182]},"__memberLines":{}},{"type":"Feature","properties":{"station_id":"n2457029297","station_name":"Brunaustrasse","station_name_local":"Brunaustrasse","station_name_en":null,"city":"Zurich","country":"Switzerland","lines":["7"],"wikipedia":null,"merged_from":2,"merged_names":null,"is_terminus":false,"codes":["547"],"routes":[{"ref":"7","name":"Tram 7","route_color":"#000000"}],"pass_count":1,"station_degree":2,"is_interchange":false,"station_role":"normal"},"geometry":{"type":"Point","coordinates":[8.5322335,47.356060049999996]},"__memberLines":{}},{"type":"Feature","properties":{"station_id":"n2640649199","station_name":"Hölderlinstrasse","station_name_local":"Hölderlinstrasse","station_name_en":null,"city":"Zurich","country":"Switzerland","lines":["2","3"],"wikipedia":null,"merged_from":2,"merged_names":null,"is_terminus":false,"codes":["1278"],"routes":[{"ref":"2","name":"Tram 2","route_color":"#cb0a25"},{"ref":"3","name":"Tram 3","route_color":"#00923c"}],"pass_count":2,"station_degree":2,"is_interchange":false,"station_role":"normal"},"geometry":{"type":"Point","coordinates":[8.5623516,47.3661442]},"__memberLines":{}},{"type":"Feature","properties":{"station_id":"n3071738304","station_name":"Alte Trotte","station_name_local":"Alte Trotte","station_name_en":null,"city":"Zurich","country":"Switzerland","lines":["50"],"wikipedia":null,"merged_from":2,"merged_names":null,"is_terminus":false,"codes":["67"],"routes":[{"ref":"50","name":"Tram 50","route_color":"#000000"}],"pass_count":1,"station_degree":2,"is_interchange":false,"station_role":"normal"},"geometry":{"type":"Point","coordinates":[8.5076195,47.397615200000004]},"__memberLines":{}},{"type":"Feature","properties":{"station_id":"n3808587815","station_name":"Scheuren","station_name_local":"Scheuren","station_name_en":null,"city":"Zurich","country":"Switzerland","lines":["S18"],"wikipedia":null,"merged_from":3,"merged_names":null,"is_terminus":false,"routes":[{"ref":"S18","name":"S18 (Forchbahn)","route_color":"#eb3c2e"}],"pass_count":1,"station_degree":2,"codes":null,"is_interchange":false,"station_role":"normal"},"geometry":{"type":"Point","coordinates":[8.659689566666668,47.32249886666667]},"__memberLines":{}},{"type":"Feature","properties":{"station_id":"n3865294248","station_name":"Kesslerplatz","station_name_local":"Kesslerplatz","station_name_en":null,"city":"Zurich","country":"Switzerland","lines":["20"],"wikipedia":null,"merged_from":2,"merged_names":null,"is_terminus":false,"codes":["1388"],"routes":[{"ref":"20","name":"Tram 20","route_color":"#a0216e"}],"pass_count":1,"station_degree":2,"is_interchange":false,"station_role":"normal"},"geometry":{"type":"Point","coordinates":[8.43832385,47.39657125]},"__memberLines":{}},{"type":"Feature","properties":{"station_id":"n3878078020","station_name":"Albisgütli","station_name_local":"Albisgütli","station_name_en":null,"city":"Zurich","country":"Switzerland","lines":["13"],"wikipedia":null,"is_terminus":true,"codes":["46"],"routes":[{"ref":"13","name":"Tram 13","route_color":"#f6c828"}],"pass_count":1,"station_degree":1,"merged_from":null,"merged_names":null,"is_interchange":false,"station_role":"terminus"},"geometry":{"type":"Point","coordinates":[8.507401,47.3519636]},"__memberLines":{}},{"type":"Feature","properties":{"station_id":"n3891281320","station_name":"Brunnenhof","station_name_local":"Brunnenhof","station_name_en":null,"city":"Zurich","country":"Switzerland","lines":["50"],"wikipedia":null,"merged_from":2,"merged_names":null,"is_terminus":false,"codes":["2017"],"routes":[{"ref":"50","name":"Tram 50","route_color":"#000000"}],"pass_count":1,"station_degree":2,"is_interchange":false,"station_role":"normal"},"geometry":{"type":"Point","coordinates":[8.5351005,47.4020924]},"__memberLines":{}},{"type":"Feature","properties":{"station_id":"n4878436681","station_name":"Bäckeranlage","station_name_local":"Bäckeranlage","station_name_en":null,"city":"Zurich","country":"Switzerland","lines":["8"],"wikipedia":null,"merged_from":2,"merged_names":null,"is_terminus":false,"codes":["1234"],"routes":[{"ref":"8","name":"Tram 8","route_color":"#8bc036"}],"pass_count":1,"station_degree":2,"is_interchange":false,"station_role":"normal"},"geometry":{"type":"Point","coordinates":[8.52280155,47.37821785]},"__memberLines":{}},{"type":"Feature","properties":{"station_id":"n4880303433","station_name":"Englischviertelstrasse","station_name_local":"Englischviertelstrasse","station_name_en":null,"city":"Zurich","country":"Switzerland","lines":["2"],"wikipedia":null,"merged_from":2,"merged_names":null,"is_terminus":false,"codes":["788"],"routes":[{"ref":"2","name":"Tram 2","route_color":"#cb0a25"}],"pass_count":1,"station_degree":2,"is_interchange":false,"station_role":"normal"},"geometry":{"type":"Point","coordinates":[8.5574271,47.36640655]},"__memberLines":{}},{"type":"Feature","properties":{"station_id":"n4880303435","station_name":"Sonneggstrasse","station_name_local":"Sonneggstrasse","station_name_en":null,"city":"Zurich","country":"Switzerland","lines":["7"],"wikipedia":null,"merged_from":2,"merged_names":null,"is_terminus":false,"codes":["2411"],"routes":[{"ref":"7","name":"Tram 7","route_color":"#000000"}],"pass_count":1,"station_degree":2,"is_interchange":false,"station_role":"normal"},"geometry":{"type":"Point","coordinates":[8.543494200000001,47.3829446]},"__memberLines":{}},{"type":"Feature","properties":{"station_id":"n4880303437","station_name":"Röslistrasse","station_name_local":"Röslistrasse","station_name_en":null,"city":"Zurich","country":"Switzerland","lines":["7"],"wikipedia":null,"merged_from":2,"merged_names":null,"is_terminus":false,"codes":["2128"],"routes":[{"ref":"7","name":"Tram 7","route_color":"#000000"}],"pass_count":1,"station_degree":2,"is_interchange":false,"station_role":"normal"},"geometry":{"type":"Point","coordinates":[8.54049085,47.3886995]},"__memberLines":{}},{"type":"Feature","properties":{"station_id":"n4881603356","station_name":"Bahnhof Oerlikon","station_name_local":"Bahnhof Oerlikon","station_name_en":null,"city":"Zurich","country":"Switzerland","lines":["50"],"wikipedia":null,"merged_from":2,"merged_names":null,"is_terminus":false,"codes":["3034"],"routes":[{"ref":"50","name":"Tram 50","route_color":"#000000"}],"pass_count":1,"station_degree":2,"is_interchange":false,"station_role":"normal"},"geometry":{"type":"Point","coordinates":[8.54476805,47.4114602]},"__memberLines":{}},{"type":"Feature","properties":{"station_id":"n4881603370","station_name":"Fernsehstudio","station_name_local":"Fernsehstudio","station_name_en":null,"city":"Zurich","country":"Switzerland","lines":["12","50"],"wikipedia":null,"merged_from":2,"merged_names":null,"is_terminus":false,"codes":["6460"],"routes":[{"ref":"12","name":"Tram 12","route_color":"#92d6e3"},{"ref":"50","name":"Tram 50","route_color":"#000000"}],"pass_count":2,"station_degree":2,"is_interchange":false,"station_role":"normal"},"geometry":{"type":"Point","coordinates":[8.5616459,47.41823225]},"__memberLines":{}},{"type":"Feature","properties":{"station_id":"n4881705882","station_name":"Schaufelbergerstrasse","station_name_local":"Schaufelbergerstrasse","station_name_en":null,"city":"Zurich","country":"Switzerland","lines":["9","14"],"wikipedia":null,"merged_from":2,"merged_names":null,"is_terminus":false,"codes":["2160"],"routes":[{"ref":"9","name":"Tram 9","route_color":"#322e71"},{"ref":"14","name":"Tram 14","route_color":"#0093d0"}],"pass_count":2,"station_degree":2,"is_interchange":false,"station_role":"normal"},"geometry":{"type":"Point","coordinates":[8.50196265,47.36891225]},"__memberLines":{}},{"type":"Feature","properties":{"station_id":"n4881705884","station_name":"Heuried","station_name_local":"Heuried","station_name_en":null,"city":"Zurich","country":"Switzerland","lines":["9","14"],"wikipedia":null,"merged_from":2,"merged_names":null,"is_terminus":false,"codes":["1187"],"routes":[{"ref":"9","name":"Tram 9","route_color":"#322e71"},{"ref":"14","name":"Tram 14","route_color":"#0093d0"}],"pass_count":2,"station_degree":2,"is_interchange":false,"station_role":"normal"},"geometry":{"type":"Point","coordinates":[8.5064541,47.36945]},"__memberLines":{}},{"type":"Feature","properties":{"station_id":"n4881705886","station_name":"Talwiesenstrasse","station_name_local":"Talwiesenstrasse","station_name_en":null,"city":"Zurich","country":"Switzerland","lines":["9","14"],"wikipedia":null,"merged_from":2,"merged_names":null,"is_terminus":false,"codes":["2638"],"routes":[{"ref":"9","name":"Tram 9","route_color":"#322e71"},{"ref":"14","name":"Tram 14","route_color":"#0093d0"}],"pass_count":2,"station_degree":2,"is_interchange":false,"station_role":"normal"},"geometry":{"type":"Point","coordinates":[8.5095272,47.36982155]},"__memberLines":{}},{"type":"Feature","properties":{"station_id":"n4881705888","station_name":"Goldbrunnenplatz","station_name_local":"Goldbrunnenplatz","station_name_en":null,"city":"Zurich","country":"Switzerland","lines":["9","14"],"wikipedia":null,"merged_from":2,"merged_names":null,"is_terminus":false,"codes":["1012"],"routes":[{"ref":"9","name":"Tram 9","route_color":"#322e71"},{"ref":"14","name":"Tram 14","route_color":"#0093d0"}],"pass_count":2,"station_degree":2,"is_interchange":false,"station_role":"normal"},"geometry":{"type":"Point","coordinates":[8.5138877,47.37029195]},"__memberLines":{}},{"type":"Feature","properties":{"station_id":"n4881705891","station_name":"Schmiede Wiedikon","station_name_local":"Schmiede Wiedikon","station_name_en":null,"city":"Zurich","country":"Switzerland","lines":["9","14"],"wikipedia":null,"merged_from":2,"merged_names":null,"is_terminus":false,"codes":["2256"],"routes":[{"ref":"9","name":"Tram 9","route_color":"#322e71"},{"ref":"14","name":"Tram 14","route_color":"#0093d0"}],"pass_count":2,"station_degree":2,"is_interchange":false,"station_role":"normal"},"geometry":{"type":"Point","coordinates":[8.51930355,47.370078050000004]},"__memberLines":{}},{"type":"Feature","properties":{"station_id":"n4881705897","station_name":"Bahnhofplatz/HB","station_name_local":"Bahnhofplatz/HB","station_name_en":null,"city":"Zurich","country":"Switzerland","lines":["3","6","10","14"],"wikipedia":null,"merged_from":2,"merged_names":null,"is_terminus":false,"codes":["412"],"routes":[{"ref":"3","name":"Tram 3","route_color":"#00923c"},{"ref":"6","name":"Tram 6","route_color":"#be8543"},{"ref":"10","name":"Tram 10","route_color":"#ce1f75"},{"ref":"14","name":"Tram 14","route_color":"#0093d0"}],"pass_count":4,"station_degree":2,"is_interchange":true,"station_role":"interchange"},"geometry":{"type":"Point","coordinates":[8.539375499999998,47.37722735]},"__memberLines":{}},{"type":"Feature","properties":{"station_id":"n4883669511","station_name":"Siemens","station_name_local":"Siemens","station_name_en":null,"city":"Zurich","country":"Switzerland","lines":["3"],"wikipedia":null,"merged_from":2,"merged_names":null,"is_terminus":false,"codes":["2385"],"routes":[{"ref":"3","name":"Tram 3","route_color":"#00923c"}],"pass_count":1,"station_degree":2,"is_interchange":false,"station_role":"normal"},"geometry":{"type":"Point","coordinates":[8.4937942,47.37836265]},"__memberLines":{}},{"type":"Feature","properties":{"station_id":"n4883672522","station_name":"Albisrieden","station_name_local":"Albisrieden","station_name_en":null,"city":"Zurich","country":"Switzerland","lines":["3"],"wikipedia":null,"merged_from":2,"merged_names":null,"is_terminus":true,"codes":["47"],"routes":[{"ref":"3","name":"Tram 3","route_color":"#00923c"}],"pass_count":1,"station_degree":1,"is_interchange":false,"station_role":"terminus"},"geometry":{"type":"Point","coordinates":[8.4850499,47.374316]},"__memberLines":{}},{"type":"Feature","properties":{"station_id":"n4883672531","station_name":"Fellenbergstrasse","station_name_local":"Fellenbergstrasse","station_name_en":null,"city":"Zurich","country":"Switzerland","lines":["3"],"wikipedia":null,"merged_from":2,"merged_names":null,"is_terminus":false,"codes":["840"],"routes":[{"ref":"3","name":"Tram 3","route_color":"#00923c"}],"pass_count":1,"station_degree":2,"is_interchange":false,"station_role":"normal"},"geometry":{"type":"Point","coordinates":[8.488031,47.375746]},"__memberLines":{}},{"type":"Feature","properties":{"station_id":"n4883792920","station_name":"Bachmattstrasse","station_name_local":"Bachmattstrasse","station_name_en":null,"city":"Zurich","country":"Switzerland","lines":["2"],"wikipedia":null,"merged_from":2,"merged_names":null,"is_terminus":false,"codes":["137"],"routes":[{"ref":"2","name":"Tram 2","route_color":"#cb0a25"}],"pass_count":1,"station_degree":2,"is_interchange":false,"station_role":"normal"},"geometry":{"type":"Point","coordinates":[8.482843849999998,47.38909085]},"__memberLines":{}},{"type":"Feature","properties":{"station_id":"n4885628442","station_name":"Bändliweg","station_name_local":"Bändliweg","station_name_en":null,"city":"Zurich","country":"Switzerland","lines":["17"],"wikipedia":null,"merged_from":2,"merged_names":null,"is_terminus":false,"codes":["592"],"routes":[{"ref":"17","name":"Tram 17","route_color":"#8d1d2c"}],"pass_count":1,"station_degree":2,"is_interchange":false,"station_role":"normal"},"geometry":{"type":"Point","coordinates":[8.4850326,47.396369]},"__memberLines":{}},{"type":"Feature","properties":{"station_id":"n4885628622","station_name":"Tunnelstrasse","station_name_local":"Tunnelstrasse","station_name_en":null,"city":"Zurich","country":"Switzerland","lines":["5","7","8","13"],"wikipedia":null,"merged_from":2,"merged_names":null,"is_terminus":false,"codes":["2689"],"routes":[{"ref":"5","name":"Tram 5","route_color":"#70492c"},{"ref":"7","name":"Tram 7","route_color":"#000000"},{"ref":"8","name":"Tram 8","route_color":"#8bc036"},{"ref":"13","name":"Tram 13","route_color":"#f6c828"}],"pass_count":4,"station_degree":4,"is_interchange":true,"station_role":"interchange"},"geometry":{"type":"Point","coordinates":[8.5327986,47.366324]},"__memberLines":{}},{"type":"Feature","properties":{"station_id":"n4885628624","station_name":"Bahnhof Enge/Bederstrasse","station_name_local":"Bahnhof Enge/Bederstrasse","station_name_en":null,"city":"Zurich","country":"Switzerland","lines":["5","13"],"wikipedia":null,"merged_from":2,"merged_names":null,"is_terminus":false,"codes":["199"],"routes":[{"ref":"5","name":"Tram 5","route_color":"#70492c"},{"ref":"13","name":"Tram 13","route_color":"#f6c828"}],"pass_count":2,"station_degree":2,"is_interchange":false,"station_role":"normal"},"geometry":{"type":"Point","coordinates":[8.53048375,47.36460635]},"__memberLines":{}},{"type":"Feature","properties":{"station_id":"n4885628642","station_name":"Uetlihof","station_name_local":"Uetlihof","station_name_en":null,"city":"Zurich","country":"Switzerland","lines":["13"],"wikipedia":null,"merged_from":2,"merged_names":null,"is_terminus":false,"codes":["2722"],"routes":[{"ref":"13","name":"Tram 13","route_color":"#f6c828"}],"pass_count":1,"station_degree":2,"is_interchange":false,"station_role":"normal"},"geometry":{"type":"Point","coordinates":[8.513987799999999,47.356731100000005]},"__memberLines":{}},{"type":"Feature","properties":{"station_id":"n4885628644","station_name":"Strassenverkehrsamt","station_name_local":"Strassenverkehrsamt","station_name_en":null,"city":"Zurich","country":"Switzerland","lines":["13"],"wikipedia":null,"merged_from":2,"merged_names":null,"is_terminus":false,"codes":["2596"],"routes":[{"ref":"13","name":"Tram 13","route_color":"#f6c828"}],"pass_count":1,"station_degree":2,"is_interchange":false,"station_role":"normal"},"geometry":{"type":"Point","coordinates":[8.51131065,47.3531759]},"__memberLines":{}},{"type":"Feature","properties":{"station_id":"n4885807571","station_name":"Zürichbergstrasse","station_name_local":"Zürichbergstrasse","station_name_en":null,"city":"Zurich","country":"Switzerland","lines":["6","8"],"wikipedia":null,"merged_from":2,"merged_names":null,"is_terminus":false,"codes":["3045"],"routes":[{"ref":"6","name":"Tram 6","route_color":"#be8543"},{"ref":"8","name":"Tram 8","route_color":"#8bc036"}],"pass_count":2,"station_degree":2,"is_interchange":false,"station_role":"normal"},"geometry":{"type":"Point","coordinates":[8.5642856,47.378731849999994]},"__memberLines":{}},{"type":"Feature","properties":{"station_id":"n4885807586","station_name":"Susenbergstrasse","station_name_local":"Susenbergstrasse","station_name_en":null,"city":"Zurich","country":"Switzerland","lines":["6","8"],"wikipedia":null,"merged_from":2,"merged_names":null,"is_terminus":false,"codes":["2618"],"routes":[{"ref":"6","name":"Tram 6","route_color":"#be8543"},{"ref":"8","name":"Tram 8","route_color":"#8bc036"}],"pass_count":2,"station_degree":2,"is_interchange":false,"station_role":"normal"},"geometry":{"type":"Point","coordinates":[8.5677845,47.3784998]},"__memberLines":{}},{"type":"Feature","properties":{"station_id":"n4885862778","station_name":"Museum Rietberg","station_name_local":"Museum Rietberg","station_name_en":null,"city":"Zurich","country":"Switzerland","lines":["7"],"wikipedia":null,"merged_from":2,"merged_names":null,"is_terminus":false,"codes":["1666"],"routes":[{"ref":"7","name":"Tram 7","route_color":"#000000"}],"pass_count":1,"station_degree":2,"is_interchange":false,"station_role":"normal"},"geometry":{"type":"Point","coordinates":[8.531587049999999,47.360719599999996]},"__memberLines":{}},{"type":"Feature","properties":{"station_id":"n4885862781","station_name":"Billoweg","station_name_local":"Billoweg","station_name_en":null,"city":"Zurich","country":"Switzerland","lines":["7"],"wikipedia":null,"merged_from":2,"merged_names":null,"is_terminus":false,"codes":["488"],"routes":[{"ref":"7","name":"Tram 7","route_color":"#000000"}],"pass_count":1,"station_degree":2,"is_interchange":false,"station_role":"normal"},"geometry":{"type":"Point","coordinates":[8.53196325,47.3516483]},"__memberLines":{}},{"type":"Feature","properties":{"station_id":"n4885862788","station_name":"Bahnhof Wollishofen/Staubstrasse","station_name_local":"Bahnhof Wollishofen/Staubstrasse","station_name_en":null,"city":"Zurich","country":"Switzerland","lines":["7"],"wikipedia":null,"merged_from":2,"merged_names":null,"is_terminus":false,"codes":["3044"],"routes":[{"ref":"7","name":"Tram 7","route_color":"#000000"}],"pass_count":1,"station_degree":2,"is_interchange":false,"station_role":"normal"},"geometry":{"type":"Point","coordinates":[8.5329023,47.3470322]},"__memberLines":{}},{"type":"Feature","properties":{"station_id":"n4885862791","station_name":"Butzenstrasse","station_name_local":"Butzenstrasse","station_name_en":null,"city":"Zurich","country":"Switzerland","lines":["7"],"wikipedia":null,"merged_from":2,"merged_names":null,"is_terminus":false,"codes":["586"],"routes":[{"ref":"7","name":"Tram 7","route_color":"#000000"}],"pass_count":1,"station_degree":2,"is_interchange":false,"station_role":"normal"},"geometry":{"type":"Point","coordinates":[8.530291949999999,47.340916050000004]},"__memberLines":{}},{"type":"Feature","properties":{"station_id":"n4885862795","station_name":"Probstei","station_name_local":"Probstei","station_name_en":null,"city":"Zurich","country":"Switzerland","lines":["7"],"wikipedia":null,"merged_from":2,"merged_names":null,"is_terminus":false,"codes":["2008"],"routes":[{"ref":"7","name":"Tram 7","route_color":"#000000"}],"pass_count":1,"station_degree":2,"is_interchange":false,"station_role":"normal"},"geometry":{"type":"Point","coordinates":[8.586333499999999,47.40029215]},"__memberLines":{}},{"type":"Feature","properties":{"station_id":"n5105515039","station_name":"Triemli","station_name_local":"Triemli","station_name_en":null,"city":"Zurich","country":"Switzerland","lines":["9","14"],"wikipedia":null,"merged_from":2,"merged_names":null,"is_terminus":true,"codes":["2680"],"routes":[{"ref":"9","name":"Tram 9","route_color":"#322e71"},{"ref":"14","name":"Tram 14","route_color":"#0093d0"}],"pass_count":2,"station_degree":1,"is_interchange":false,"station_role":"terminus"},"geometry":{"type":"Point","coordinates":[8.49536315,47.3677754]},"__memberLines":{}},{"type":"Feature","properties":{"station_id":"n5276753819","station_name":"Bahnhof Hardbrücke","station_name_local":"Bahnhof Hardbrücke","station_name_en":null,"city":"Zurich","country":"Switzerland","lines":["8"],"wikipedia":null,"merged_from":2,"merged_names":null,"is_terminus":false,"codes":["3029"],"routes":[{"ref":"8","name":"Tram 8","route_color":"#8bc036"}],"pass_count":1,"station_degree":2,"is_interchange":false,"station_role":"normal"},"geometry":{"type":"Point","coordinates":[8.5170194,47.38509545]},"__memberLines":{}},{"type":"Feature","properties":{"station_id":"n5675879813","station_name":"Neuhaus","station_name_local":"Neuhaus","station_name_en":null,"city":"Zurich","country":"Switzerland","lines":["S18"],"wikipedia":null,"merged_from":2,"merged_names":null,"is_terminus":false,"routes":[{"ref":"S18","name":"S18 (Forchbahn)","route_color":"#eb3c2e"}],"pass_count":1,"station_degree":2,"codes":null,"is_interchange":false,"station_role":"normal"},"geometry":{"type":"Point","coordinates":[8.674085550000001,47.312773050000004]},"__memberLines":{}},{"type":"Feature","properties":{"station_id":"n5675880534","station_name":"Waldburg","station_name_local":"Waldburg","station_name_en":null,"city":"Zurich","country":"Switzerland","lines":["S18"],"wikipedia":null,"merged_from":3,"merged_names":null,"is_terminus":false,"routes":[{"ref":"S18","name":"S18 (Forchbahn)","route_color":"#eb3c2e"}],"pass_count":1,"station_degree":2,"codes":null,"is_interchange":false,"station_role":"normal"},"geometry":{"type":"Point","coordinates":[8.593024233333333,47.345472400000006]},"__memberLines":{}},{"type":"Feature","properties":{"station_id":"n5675880541","station_name":"Maiacher","station_name_local":"Maiacher","station_name_en":null,"city":"Zurich","country":"Switzerland","lines":["S18"],"wikipedia":null,"merged_from":3,"merged_names":null,"is_terminus":false,"routes":[{"ref":"S18","name":"S18 (Forchbahn)","route_color":"#eb3c2e"}],"pass_count":1,"station_degree":2,"codes":null,"is_interchange":false,"station_role":"normal"},"geometry":{"type":"Point","coordinates":[8.6312148,47.328171700000006]},"__memberLines":{}},{"type":"Feature","properties":{"station_id":"n5675880543","station_name":"Neue Forch","station_name_local":"Neue Forch","station_name_en":null,"city":"Zurich","country":"Switzerland","lines":["S18"],"wikipedia":null,"merged_from":3,"merged_names":null,"is_terminus":false,"routes":[{"ref":"S18","name":"S18 (Forchbahn)","route_color":"#eb3c2e"}],"pass_count":1,"station_degree":2,"codes":null,"is_interchange":false,"station_role":"normal"},"geometry":{"type":"Point","coordinates":[8.637891566666667,47.32578996666666]},"__memberLines":{}},{"type":"Feature","properties":{"station_id":"n5675880546","station_name":"Esslingen","station_name_local":"Esslingen","station_name_en":null,"city":"Zurich","country":"Switzerland","lines":["S18"],"wikipedia":null,"merged_from":2,"merged_names":null,"is_terminus":true,"routes":[{"ref":"S18","name":"S18 (Forchbahn)","route_color":"#eb3c2e"}],"pass_count":1,"station_degree":1,"codes":null,"is_interchange":false,"station_role":"terminus"},"geometry":{"type":"Point","coordinates":[8.7100088,47.287714449999996]},"__memberLines":{}},{"type":"Feature","properties":{"station_id":"n5675880547","station_name":"Forch","station_name_local":"Forch","station_name_en":null,"city":"Zurich","country":"Switzerland","lines":["S18"],"wikipedia":null,"merged_from":4,"merged_names":null,"is_terminus":false,"routes":[{"ref":"S18","name":"S18 (Forchbahn)","route_color":"#eb3c2e"}],"pass_count":1,"station_degree":2,"codes":null,"is_interchange":false,"station_role":"normal"},"geometry":{"type":"Point","coordinates":[8.647944825,47.325285775000005]},"__memberLines":{}},{"type":"Feature","properties":{"station_id":"n6605743598","station_name":"Micafil","station_name_local":"Micafil","station_name_en":null,"city":"Zurich","country":"Switzerland","lines":["2","20"],"wikipedia":null,"merged_from":2,"merged_names":null,"is_terminus":false,"codes":["1640"],"routes":[{"ref":"2","name":"Tram 2","route_color":"#cb0a25"},{"ref":"20","name":"Tram 20","route_color":"#a0216e"}],"pass_count":2,"station_degree":2,"is_interchange":false,"station_role":"normal"},"geometry":{"type":"Point","coordinates":[8.4745355,47.393021649999994]},"__memberLines":{}},{"type":"Feature","properties":{"station_id":"n6605743610","station_name":"Gasometerbrücke","station_name_local":"Gasometerbrücke","station_name_en":null,"city":"Zurich","country":"Switzerland","lines":["2","20"],"wikipedia":null,"merged_from":2,"merged_names":null,"is_terminus":false,"codes":["935"],"routes":[{"ref":"2","name":"Tram 2","route_color":"#cb0a25"},{"ref":"20","name":"Tram 20","route_color":"#a0216e"}],"pass_count":2,"station_degree":2,"is_interchange":false,"station_role":"normal"},"geometry":{"type":"Point","coordinates":[8.46022005,47.3977046]},"__memberLines":{}},{"type":"Feature","properties":{"station_id":"n6605743612","station_name":"Wagonsfabrik","station_name_local":"Wagonsfabrik","station_name_en":null,"city":"Zurich","country":"Switzerland","lines":["2","20"],"wikipedia":null,"merged_from":2,"merged_names":null,"is_terminus":false,"codes":["2798"],"routes":[{"ref":"2","name":"Tram 2","route_color":"#cb0a25"},{"ref":"20","name":"Tram 20","route_color":"#a0216e"}],"pass_count":2,"station_degree":2,"is_interchange":false,"station_role":"normal"},"geometry":{"type":"Point","coordinates":[8.4542445,47.39852955]},"__memberLines":{}},{"type":"Feature","properties":{"station_id":"n6605743614","station_name":"Schlieren Zentrum/Bahnhof","station_name_local":"Schlieren Zentrum/Bahnhof","station_name_en":null,"city":"Zurich","country":"Switzerland","lines":["2","20"],"wikipedia":null,"merged_from":2,"merged_names":null,"is_terminus":false,"codes":["2236"],"routes":[{"ref":"2","name":"Tram 2","route_color":"#cb0a25"},{"ref":"20","name":"Tram 20","route_color":"#a0216e"}],"pass_count":2,"station_degree":2,"is_interchange":false,"station_role":"normal"},"geometry":{"type":"Point","coordinates":[8.44849255,47.397839000000005]},"__memberLines":{}},{"type":"Feature","properties":{"station_id":"n6605743616","station_name":"Geissweid","station_name_local":"Geissweid","station_name_en":null,"city":"Zurich","country":"Switzerland","lines":["2","20"],"wikipedia":null,"merged_from":4,"merged_names":null,"is_terminus":false,"codes":["7003"],"routes":[{"ref":"2","name":"Tram 2","route_color":"#cb0a25"},{"ref":"20","name":"Tram 20","route_color":"#a0216e"}],"pass_count":2,"station_degree":2,"is_interchange":true,"station_role":"interchange"},"geometry":{"type":"Point","coordinates":[8.444461425,47.397991975000004]},"__memberLines":{}},{"type":"Feature","properties":{"station_id":"n6611612258","station_name":"Farbhof","station_name_local":"Farbhof","station_name_en":null,"city":"Zurich","country":"Switzerland","lines":["2","20"],"wikipedia":null,"merged_from":2,"merged_names":null,"is_terminus":false,"codes":["821"],"routes":[{"ref":"2","name":"Tram 2","route_color":"#cb0a25"},{"ref":"20","name":"Tram 20","route_color":"#a0216e"}],"pass_count":2,"station_degree":3,"is_interchange":true,"station_role":"interchange"},"geometry":{"type":"Point","coordinates":[8.4786753,47.3911968]},"__memberLines":{}},{"type":"Feature","properties":{"station_id":"n6759443054","station_name":"Urdorf Nord","station_name_local":"Urdorf Nord","station_name_en":null,"city":"Zurich","country":"Switzerland","lines":["20"],"wikipedia":null,"merged_from":2,"merged_names":null,"is_terminus":false,"codes":["1178"],"routes":[{"ref":"20","name":"Tram 20","route_color":"#a0216e"}],"pass_count":1,"station_degree":2,"is_interchange":false,"station_role":"normal"},"geometry":{"type":"Point","coordinates":[8.41782165,47.393694499999995]},"__memberLines":{}},{"type":"Feature","properties":{"station_id":"n6759443066","station_name":"Spital Limmattal","station_name_local":"Spital Limmattal","station_name_en":null,"city":"Zurich","country":"Switzerland","lines":["20"],"wikipedia":null,"merged_from":2,"merged_names":null,"is_terminus":false,"codes":["2436"],"routes":[{"ref":"20","name":"Tram 20","route_color":"#a0216e"}],"pass_count":1,"station_degree":2,"is_interchange":false,"station_role":"normal"},"geometry":{"type":"Point","coordinates":[8.4285925,47.3942928]},"__memberLines":{}},{"type":"Feature","properties":{"station_id":"n6759443078","station_name":"Kantiallee","station_name_local":"Kantiallee","station_name_en":null,"city":"Zurich","country":"Switzerland","lines":["20"],"wikipedia":null,"merged_from":2,"merged_names":null,"is_terminus":false,"routes":[{"ref":"20","name":"Tram 20","route_color":"#a0216e"}],"pass_count":1,"station_degree":2,"codes":null,"is_interchange":false,"station_role":"normal"},"geometry":{"type":"Point","coordinates":[8.42333725,47.3937594]},"__memberLines":{}},{"type":"Feature","properties":{"station_id":"n6759462138","station_name":"Dietikon Zentrum","station_name_local":"Dietikon Zentrum","station_name_en":null,"city":"Zurich","country":"Switzerland","lines":["20"],"wikipedia":null,"merged_from":2,"merged_names":null,"is_terminus":false,"codes":["7073"],"routes":[{"ref":"20","name":"Tram 20","route_color":"#a0216e"}],"pass_count":1,"station_degree":2,"is_interchange":false,"station_role":"normal"},"geometry":{"type":"Point","coordinates":[8.4021565,47.4047916]},"__memberLines":{}},{"type":"Feature","properties":{"station_id":"n7448675785","station_name":"Bahnhof Altstetten","station_name_local":"Bahnhof Altstetten","station_name_en":null,"city":"Zurich","country":"Switzerland","lines":["20"],"wikipedia":null,"merged_from":2,"merged_names":null,"is_terminus":true,"routes":[{"ref":"20","name":"Tram 20","route_color":"#a0216e"}],"pass_count":1,"station_degree":1,"codes":null,"is_interchange":false,"station_role":"terminus"},"geometry":{"type":"Point","coordinates":[8.4879097,47.39109465]},"__memberLines":{}},{"type":"Feature","properties":{"station_id":"n7448675786","station_name":"Seidelhof","station_name_local":"Seidelhof","station_name_en":null,"city":"Zurich","country":"Switzerland","lines":["20"],"wikipedia":null,"merged_from":2,"merged_names":null,"is_terminus":false,"codes":["2366"],"routes":[{"ref":"20","name":"Tram 20","route_color":"#a0216e"}],"pass_count":1,"station_degree":2,"is_interchange":false,"station_role":"normal"},"geometry":{"type":"Point","coordinates":[8.4839661,47.391895399999996]},"__memberLines":{}},{"type":"Feature","properties":{"station_id":"n3882179348","station_name":"Dietikon","station_name_local":"Dietikon","station_name_en":null,"city":"Zurich","country":"Switzerland","lines":["20"],"wikipedia":null,"merged_from":5,"merged_names":null,"is_terminus":false,"codes":["657"],"routes":[{"ref":"20","name":"Tram 20","route_color":"#a0216e"}],"pass_count":1,"station_degree":2,"is_interchange":false,"station_role":"normal"},"geometry":{"type":"Point","coordinates":[8.40535554,47.40477384]},"__memberLines":{}},{"type":"Feature","properties":{"station_id":"n7448675865","station_name":"Reitmen","station_name_local":"Reitmen","station_name_en":null,"city":"Zurich","country":"Switzerland","lines":["20"],"wikipedia":null,"merged_from":2,"merged_names":null,"is_terminus":false,"codes":["2051"],"routes":[{"ref":"20","name":"Tram 20","route_color":"#a0216e"}],"pass_count":1,"station_degree":2,"is_interchange":false,"station_role":"normal"},"geometry":{"type":"Point","coordinates":[8.4307383,47.3971375]},"__memberLines":{}},{"type":"Feature","properties":{"station_id":"n7641100150","station_name":"Oetwilerstrasse","station_name_local":"Oetwilerstrasse","station_name_en":null,"city":"Zurich","country":"Switzerland","lines":["20"],"wikipedia":null,"merged_from":2,"merged_names":null,"is_terminus":false,"codes":["1843"],"routes":[{"ref":"20","name":"Tram 20","route_color":"#a0216e"}],"pass_count":1,"station_degree":2,"is_interchange":false,"station_role":"normal"},"geometry":{"type":"Point","coordinates":[8.396246099999999,47.4066983]},"__memberLines":{}},{"type":"Feature","properties":{"station_id":"n7641100215","station_name":"Schäflibach","station_name_local":"Schäflibach","station_name_en":null,"city":"Zurich","country":"Switzerland","lines":["20"],"wikipedia":null,"merged_from":2,"merged_names":null,"is_terminus":false,"codes":["2313"],"routes":[{"ref":"20","name":"Tram 20","route_color":"#a0216e"}],"pass_count":1,"station_degree":2,"is_interchange":false,"station_role":"normal"},"geometry":{"type":"Point","coordinates":[8.410659299999999,47.400231649999995]},"__memberLines":{}},{"type":"Feature","properties":{"station_id":"n8762778614","station_name":"Birmensdorferstrasse","station_name_local":"Birmensdorferstrasse","station_name_en":null,"city":"Zurich","country":"Switzerland","lines":["20"],"wikipedia":null,"merged_from":2,"merged_names":null,"is_terminus":false,"codes":["502"],"routes":[{"ref":"20","name":"Tram 20","route_color":"#a0216e"}],"pass_count":1,"station_degree":2,"is_interchange":false,"station_role":"normal"},"geometry":{"type":"Point","coordinates":[8.4175891,47.3981182]},"__memberLines":{}},{"type":"Feature","properties":{"station_id":"n8849947945","station_name":"Killwangen Bahnhof","station_name_local":"Killwangen Bahnhof","station_name_en":null,"city":"Zurich","country":"Switzerland","lines":["20"],"wikipedia":null,"is_terminus":true,"codes":["3822"],"routes":[{"ref":"20","name":"Tram 20","route_color":"#a0216e"}],"pass_count":1,"station_degree":1,"merged_from":null,"merged_names":null,"is_interchange":false,"station_role":"terminus"},"geometry":{"type":"Point","coordinates":[8.3537365,47.4332644]},"__memberLines":{}},{"type":"Feature","properties":{"station_id":"n9457759256","station_name":"Shoppi Tivoli","station_name_local":"Shoppi Tivoli","station_name_en":null,"city":"Zurich","country":"Switzerland","lines":["20"],"wikipedia":null,"merged_from":2,"merged_names":null,"is_terminus":false,"codes":["6586"],"routes":[{"ref":"20","name":"Tram 20","route_color":"#a0216e"}],"pass_count":1,"station_degree":2,"is_interchange":false,"station_role":"normal"},"geometry":{"type":"Point","coordinates":[8.3702834,47.4220339]},"__memberLines":{}},{"type":"Feature","properties":{"station_id":"n9457759258","station_name":"Kreuzäcker","station_name_local":"Kreuzäcker","station_name_en":null,"city":"Zurich","country":"Switzerland","lines":["20"],"wikipedia":null,"merged_from":2,"merged_names":null,"is_terminus":false,"codes":["7075"],"routes":[{"ref":"20","name":"Tram 20","route_color":"#a0216e"}],"pass_count":1,"station_degree":2,"is_interchange":false,"station_role":"normal"},"geometry":{"type":"Point","coordinates":[8.3787821,47.41733245]},"__memberLines":{}},{"type":"Feature","properties":{"station_id":"n9457759260","station_name":"IKEA","station_name_local":"IKEA","station_name_en":null,"city":"Zurich","country":"Switzerland","lines":["20"],"wikipedia":null,"merged_from":2,"merged_names":null,"is_terminus":false,"codes":["6462"],"routes":[{"ref":"20","name":"Tram 20","route_color":"#a0216e"}],"pass_count":1,"station_degree":2,"is_interchange":false,"station_role":"normal"},"geometry":{"type":"Point","coordinates":[8.374497,47.42070885]},"__memberLines":{}},{"type":"Feature","properties":{"station_id":"n9457759264","station_name":"Umwelt Arena","station_name_local":"Umwelt Arena","station_name_en":null,"city":"Zurich","country":"Switzerland","lines":["20"],"wikipedia":null,"merged_from":2,"merged_names":null,"is_terminus":false,"codes":["6301"],"routes":[{"ref":"20","name":"Tram 20","route_color":"#a0216e"}],"pass_count":1,"station_degree":2,"is_interchange":false,"station_role":"normal"},"geometry":{"type":"Point","coordinates":[8.36457265,47.42552005]},"__memberLines":{}},{"type":"Feature","properties":{"station_id":"n9457759266","station_name":"Spreitenbach West","station_name_local":"Spreitenbach West","station_name_en":null,"city":"Zurich","country":"Switzerland","lines":["20"],"wikipedia":null,"merged_from":2,"merged_names":null,"is_terminus":false,"routes":[{"ref":"20","name":"Tram 20","route_color":"#a0216e"}],"pass_count":1,"station_degree":2,"codes":null,"is_interchange":false,"station_role":"normal"},"geometry":{"type":"Point","coordinates":[8.35978165,47.429102400000005]},"__memberLines":{}},{"type":"Feature","properties":{"station_id":"n9876943985","station_name":"Maienweg","station_name_local":"Maienweg","station_name_en":null,"city":"Zurich","country":"Switzerland","lines":["20"],"wikipedia":null,"merged_from":2,"merged_names":null,"is_terminus":false,"codes":["7072"],"routes":[{"ref":"20","name":"Tram 20","route_color":"#a0216e"}],"pass_count":1,"station_degree":2,"is_interchange":false,"station_role":"normal"},"geometry":{"type":"Point","coordinates":[8.3909401,47.40973765]},"__memberLines":{}},{"type":"Feature","properties":{"station_id":"junc:8.58189:47.35107","station_name":"","station_name_local":null,"station_name_en":null,"city":"Zurich","country":"Switzerland","lines":null,"station_role":"junction","is_junction":true,"is_interchange":false,"is_terminus":false,"merged_from":null,"merged_names":null,"codes":null},"geometry":{"type":"Point","coordinates":[8.5818917,47.3510739]}},{"type":"Feature","properties":{"station_id":"junc:8.54032:47.37697","station_name":"","station_name_local":null,"station_name_en":null,"city":"Zurich","country":"Switzerland","lines":null,"station_role":"junction","is_junction":true,"is_interchange":false,"is_terminus":false,"merged_from":null,"merged_names":null,"codes":null},"geometry":{"type":"Point","coordinates":[8.5403242,47.3769698]}},{"type":"Feature","properties":{"station_id":"junc:8.52852:47.37330","station_name":"","station_name_local":null,"station_name_en":null,"city":"Zurich","country":"Switzerland","lines":null,"station_role":"junction","is_junction":true,"is_interchange":false,"is_terminus":false,"merged_from":null,"merged_names":null,"codes":null},"geometry":{"type":"Point","coordinates":[8.5285217,47.3732957]}},{"type":"Feature","properties":{"station_id":"junc:8.53133:47.37342","station_name":"","station_name_local":null,"station_name_en":null,"city":"Zurich","country":"Switzerland","lines":null,"station_role":"junction","is_junction":true,"is_interchange":false,"is_terminus":false,"merged_from":null,"merged_names":null,"codes":null},"geometry":{"type":"Point","coordinates":[8.5313312,47.3734199]}},{"type":"Feature","properties":{"station_id":"junc:8.54407:47.36702","station_name":"","station_name_local":null,"station_name_en":null,"city":"Zurich","country":"Switzerland","lines":null,"station_role":"junction","is_junction":true,"is_interchange":false,"is_terminus":false,"merged_from":null,"merged_names":null,"codes":null},"geometry":{"type":"Point","coordinates":[8.5440732,47.3670166]}},{"type":"Feature","properties":{"station_id":"junc:8.56077:47.36766","station_name":"","station_name_local":null,"station_name_en":null,"city":"Zurich","country":"Switzerland","lines":null,"station_role":"junction","is_junction":true,"is_interchange":false,"is_terminus":false,"merged_from":null,"merged_names":null,"codes":null},"geometry":{"type":"Point","coordinates":[8.5607656,47.3676635]}},{"type":"Feature","properties":{"station_id":"junc:8.44559:47.39811","station_name":"","station_name_local":null,"station_name_en":null,"city":"Zurich","country":"Switzerland","lines":null,"station_role":"junction","is_junction":true,"is_interchange":false,"is_terminus":false,"merged_from":null,"merged_names":null,"codes":null},"geometry":{"type":"Point","coordinates":[8.4455885,47.3981098]}},{"type":"Feature","properties":{"station_id":"junc:8.55020:47.37471","station_name":"","station_name_local":null,"station_name_en":null,"city":"Zurich","country":"Switzerland","lines":null,"station_role":"junction","is_junction":true,"is_interchange":false,"is_terminus":false,"merged_from":null,"merged_names":null,"codes":null},"geometry":{"type":"Point","coordinates":[8.5501984,47.3747123]}},{"type":"Feature","properties":{"station_id":"junc:8.53435:47.36751","station_name":"","station_name_local":null,"station_name_en":null,"city":"Zurich","country":"Switzerland","lines":null,"station_role":"junction","is_junction":true,"is_interchange":false,"is_terminus":false,"merged_from":null,"merged_names":null,"codes":null},"geometry":{"type":"Point","coordinates":[8.5343547,47.3675132]}},{"type":"Feature","properties":{"station_id":"junc:8.50532:47.39401","station_name":"","station_name_local":null,"station_name_en":null,"city":"Zurich","country":"Switzerland","lines":null,"station_role":"junction","is_junction":true,"is_interchange":false,"is_terminus":false,"merged_from":null,"merged_names":null,"codes":null},"geometry":{"type":"Point","coordinates":[8.5053217,47.3940114]}},{"type":"Feature","properties":{"station_id":"junc:8.55888:47.37573","station_name":"","station_name_local":null,"station_name_en":null,"city":"Zurich","country":"Switzerland","lines":null,"station_role":"junction","is_junction":true,"is_interchange":false,"is_terminus":false,"merged_from":null,"merged_names":null,"codes":null},"geometry":{"type":"Point","coordinates":[8.5588815,47.3757333]}},{"type":"Feature","properties":{"station_id":"junc:8.57345:47.40435","station_name":"","station_name_local":null,"station_name_en":null,"city":"Zurich","country":"Switzerland","lines":null,"station_role":"junction","is_junction":true,"is_interchange":false,"is_terminus":false,"merged_from":null,"merged_names":null,"codes":null},"geometry":{"type":"Point","coordinates":[8.5734491,47.4043546]}},{"type":"Feature","properties":{"station_id":"junc:8.53901:47.37042","station_name":"","station_name_local":null,"station_name_en":null,"city":"Zurich","country":"Switzerland","lines":null,"station_role":"junction","is_junction":true,"is_interchange":false,"is_terminus":false,"merged_from":null,"merged_names":null,"codes":null},"geometry":{"type":"Point","coordinates":[8.5390111,47.3704191]}},{"type":"Feature","properties":{"station_id":"junc:8.53363:47.39756","station_name":"","station_name_local":null,"station_name_en":null,"city":"Zurich","country":"Switzerland","lines":null,"station_role":"junction","is_junction":true,"is_interchange":false,"is_terminus":false,"merged_from":null,"merged_names":null,"codes":null},"geometry":{"type":"Point","coordinates":[8.5336256,47.3975551]}},{"type":"Feature","properties":{"station_id":"junc:8.53654:47.37585","station_name":"","station_name_local":null,"station_name_en":null,"city":"Zurich","country":"Switzerland","lines":null,"station_role":"junction","is_junction":true,"is_interchange":false,"is_terminus":false,"merged_from":null,"merged_names":null,"codes":null},"geometry":{"type":"Point","coordinates":[8.5365442,47.3758469]}}]}