{"type":"FeatureCollection","features":[{"type":"Feature","properties":{"way_id":335953128,"route_colors":["#8c4a9a","#939dac"],"route_refs":["9","7"]},"geometry":{"type":"LineString","coordinates":[[16.6230281,49.2268191],[16.6230368,49.2268079],[16.6230481,49.2267935],[16.6230123,49.2267712],[16.622984,49.2267479],[16.6229618,49.2267262],[16.6229445,49.2267069],[16.6229322,49.2266843],[16.6229198,49.2266532],[16.6229135,49.2266214],[16.6229092,49.2265929],[16.6228973,49.2263833],[16.6228929,49.226351],[16.6228762,49.2263513],[16.6228371,49.226352],[16.6228381,49.2263648],[16.6228411,49.2263865],[16.6228426,49.2265241],[16.6228481,49.2265241],[16.6228482,49.2265278],[16.622846,49.2265522],[16.6228479,49.226575],[16.6228674,49.2266581],[16.622894,49.2266959],[16.6229149,49.2267329],[16.6229757,49.2267862],[16.6230281,49.2268191]]}},{"type":"Feature","properties":{"way_id":335953119,"route_colors":["#8c4a9a","#939dac"],"route_refs":["9","7"]},"geometry":{"type":"LineString","coordinates":[[16.6229683,49.2233512],[16.6225965,49.2235033],[16.6225807,49.2234886],[16.6225672,49.2234761],[16.6228647,49.2233536],[16.6229385,49.2233289],[16.6229506,49.2233386],[16.6229683,49.2233512]]}},{"type":"Feature","properties":{"way_id":335953141,"route_colors":["#8c4a9a","#939dac"],"route_refs":["9","7"]},"geometry":{"type":"LineString","coordinates":[[16.6192585,49.2198417],[16.6189671,49.2196166],[16.6189443,49.21963],[16.6189915,49.219666],[16.6190948,49.2197849],[16.6195981,49.2201577],[16.6196398,49.2201356],[16.6194833,49.2200196],[16.6192585,49.2198417]]}},{"type":"Feature","properties":{"way_id":335953120,"route_colors":["#8c4a9a","#939dac"],"route_refs":["9","7"]},"geometry":{"type":"LineString","coordinates":[[16.6154288,49.2163554],[16.6154711,49.2163539],[16.61546,49.2161341],[16.6154525,49.2160243],[16.6154499,49.2159863],[16.6154577,49.2158946],[16.6154775,49.2157812],[16.6154522,49.2157883],[16.6154165,49.2159106],[16.6153964,49.2160584],[16.6153964,49.2161515],[16.615402,49.2162156],[16.6154288,49.2163554]]}},{"type":"Feature","properties":{"way_id":249113482,"route_colors":["#8c4a9a","#939dac"],"route_refs":["9","7"]},"geometry":{"type":"LineString","coordinates":[[16.6170711,49.2128943],[16.6170345,49.2128858],[16.6170056,49.2129166],[16.6169296,49.2130676],[16.6168478,49.2132407],[16.6168795,49.213249],[16.6169706,49.2130755],[16.6170541,49.2129249],[16.6170711,49.2128943]]}},{"type":"Feature","properties":{"way_id":334179362,"route_colors":["#8c4a9a","#009e9e","#f31d7f"],"route_refs":["9","3","5"]},"geometry":{"type":"LineString","coordinates":[[16.6194225,49.2031587],[16.6192447,49.2031042],[16.6190129,49.2030321]]}},{"type":"Feature","properties":{"way_id":334179364,"route_colors":["#8c4a9a","#009e9e","#f31d7f"],"route_refs":["9","3","5"]},"geometry":{"type":"LineString","coordinates":[[16.6133592,49.2008736],[16.6138385,49.2010367],[16.6138837,49.2010521]]}},{"type":"Feature","properties":{"way_id":330506837,"route_colors":["#8c4a9a","#009e9e","#f31d7f"],"route_refs":["9","3","5"]},"geometry":{"type":"LineString","coordinates":[[16.6087485,49.1992094],[16.608892,49.1992792],[16.6090758,49.1993625],[16.6092819,49.1994469]]}},{"type":"Feature","properties":{"way_id":329301440,"route_colors":["#8c4a9a","#e1cb31","#a05a2c"],"route_refs":["9","8","10"]},"geometry":{"type":"LineString","coordinates":[[16.6183918,49.1919198],[16.6184528,49.1919091],[16.6186144,49.1918885],[16.6187186,49.1918725],[16.6188305,49.1918536],[16.6190492,49.1918097]]}},{"type":"Feature","properties":{"way_id":163695045,"route_colors":["#8c4a9a","#e1cb31","#a05a2c"],"route_refs":["9","8","10"]},"geometry":{"type":"LineString","coordinates":[[16.6253398,49.1912178],[16.6259018,49.1912257]]}},{"type":"Feature","properties":{"way_id":329301437,"route_colors":["#8c4a9a","#e1cb31","#a05a2c"],"route_refs":["9","8","10"]},"geometry":{"type":"LineString","coordinates":[[16.6339713,49.1906189],[16.6340136,49.1910444]]}},{"type":"Feature","properties":{"way_id":430076743,"route_colors":["#8c4a9a","#939dac"],"route_refs":["9","7"]},"geometry":{"type":"LineString","coordinates":[[16.6229186,49.2263862],[16.6229182,49.2263509],[16.622917,49.2263135],[16.6229153,49.226275],[16.6229122,49.2262364],[16.6229075,49.2261425],[16.6229031,49.2261185],[16.6228988,49.2260975],[16.6228919,49.226075],[16.62288,49.2260463]]}},{"type":"Feature","properties":{"way_id":430076741,"route_colors":["#8c4a9a","#939dac"],"route_refs":["9","7"]},"geometry":{"type":"LineString","coordinates":[[16.62288,49.2260463],[16.6228402,49.2259542],[16.6227001,49.2256441],[16.6225835,49.2253245],[16.6221775,49.2242137]]}},{"type":"Feature","properties":{"way_id":357378111,"route_colors":["#8c4a9a","#939dac"],"route_refs":["9","7"]},"geometry":{"type":"LineString","coordinates":[[16.6221775,49.2242137],[16.6221428,49.2241056],[16.622131,49.2240428],[16.622125,49.2239769],[16.6221328,49.2239063],[16.6221518,49.2238437],[16.6221785,49.2237862],[16.6222086,49.2237491],[16.6222655,49.2236894],[16.6223223,49.2236443],[16.6224301,49.2235907]]}},{"type":"Feature","properties":{"way_id":428887892,"route_colors":["#8c4a9a","#939dac"],"route_refs":["9","7"]},"geometry":{"type":"LineString","coordinates":[[16.6224301,49.2235907],[16.6225537,49.2235355],[16.6227394,49.2234596],[16.6229479,49.2233726]]}},{"type":"Feature","properties":{"way_id":428887896,"route_colors":["#8c4a9a","#939dac"],"route_refs":["9","7"]},"geometry":{"type":"LineString","coordinates":[[16.6229479,49.2233726],[16.6230331,49.2233403],[16.6230738,49.2233219],[16.6231437,49.2232896],[16.6232088,49.2232548],[16.623257,49.2232237],[16.6232932,49.2231943],[16.6233273,49.2231615]]}},{"type":"Feature","properties":{"way_id":357378112,"route_colors":["#8c4a9a","#939dac"],"route_refs":["9","7"]},"geometry":{"type":"LineString","coordinates":[[16.6233273,49.2231615],[16.6233779,49.2230993],[16.6234047,49.22305],[16.6234168,49.2230201],[16.6234255,49.2229893],[16.6234293,49.222951],[16.6234301,49.2229226],[16.6234289,49.2228991],[16.6234236,49.2228707],[16.6234089,49.222826],[16.6233872,49.2227847],[16.6233779,49.2227706],[16.6233487,49.2227265],[16.6233195,49.2226951],[16.6232857,49.222665]]}},{"type":"Feature","properties":{"way_id":428887894,"route_colors":["#8c4a9a","#939dac"],"route_refs":["9","7"]},"geometry":{"type":"LineString","coordinates":[[16.6232857,49.222665],[16.6232049,49.2226049],[16.623141,49.222566],[16.6230733,49.2225281],[16.6229149,49.222441],[16.6228183,49.2223864],[16.6227468,49.2223441],[16.6226684,49.2222952],[16.6226104,49.2222561],[16.622552,49.2222166]]}},{"type":"Feature","properties":{"way_id":335953125,"route_colors":["#8c4a9a","#939dac"],"route_refs":["9","7"]},"geometry":{"type":"LineString","coordinates":[[16.622552,49.2222166],[16.6219804,49.2218117]]}},{"type":"Feature","properties":{"way_id":335953135,"route_colors":["#8c4a9a","#939dac"],"route_refs":["9","7"]},"geometry":{"type":"LineString","coordinates":[[16.6219804,49.2218117],[16.6216857,49.2216054],[16.6212065,49.22126]]}},{"type":"Feature","properties":{"way_id":1214325215,"route_colors":["#8c4a9a","#939dac"],"route_refs":["9","7"]},"geometry":{"type":"LineString","coordinates":[[16.6212065,49.22126],[16.6205308,49.2207791]]}},{"type":"Feature","properties":{"way_id":335953131,"route_colors":["#8c4a9a","#939dac"],"route_refs":["9","7"]},"geometry":{"type":"LineString","coordinates":[[16.6205308,49.2207791],[16.6203269,49.2206332],[16.6201247,49.2204828],[16.6199179,49.2203196],[16.6197763,49.2202144]]}},{"type":"Feature","properties":{"way_id":1214324729,"route_colors":["#8c4a9a","#939dac"],"route_refs":["9","7"]},"geometry":{"type":"LineString","coordinates":[[16.6197763,49.2202144],[16.6196556,49.2201216]]}},{"type":"Feature","properties":{"way_id":335953138,"route_colors":["#8c4a9a","#939dac"],"route_refs":["9","7"]},"geometry":{"type":"LineString","coordinates":[[16.6196556,49.2201216],[16.6193209,49.2198677],[16.6192749,49.2198336],[16.6180894,49.2189126],[16.6172554,49.218219],[16.6167393,49.2178021],[16.616335,49.2174608],[16.6160718,49.217242],[16.6158827,49.217066],[16.615733,49.2168884],[16.6156305,49.2167289],[16.6155699,49.2166202],[16.6155178,49.2164823],[16.6154938,49.2163732],[16.6154796,49.2162312],[16.6154747,49.2160239],[16.6154767,49.2158979],[16.6154967,49.2157779],[16.6155378,49.2156316],[16.6156065,49.215477],[16.6156656,49.2153731],[16.6157114,49.2152912],[16.6160179,49.2147561],[16.6164666,49.2140038],[16.6170735,49.2129563],[16.6170874,49.2129324]]}},{"type":"Feature","properties":{"way_id":357378123,"route_colors":["#8c4a9a","#939dac"],"route_refs":["9","7"]},"geometry":{"type":"LineString","coordinates":[[16.6170874,49.2129324],[16.617198,49.2127373],[16.6172309,49.2126844],[16.6172358,49.2126751],[16.6172469,49.2126565],[16.6172987,49.2125705],[16.6173616,49.2124597],[16.6179703,49.2113808],[16.6182314,49.210921],[16.6182754,49.2108413],[16.6184179,49.2106281]]}},{"type":"Feature","properties":{"way_id":357378122,"route_colors":["#8c4a9a","#939dac"],"route_refs":["9","7"]},"geometry":{"type":"LineString","coordinates":[[16.6184179,49.2106281],[16.6184802,49.2105422],[16.6185279,49.2104755],[16.6185405,49.2104543],[16.6185465,49.2104442],[16.618595,49.2103624],[16.618788,49.2100295],[16.618865,49.2099014]]}},{"type":"Feature","properties":{"way_id":335215754,"route_colors":["#8c4a9a","#939dac"],"route_refs":["9","7"]},"geometry":{"type":"LineString","coordinates":[[16.618865,49.2099014],[16.6190251,49.2096259],[16.6192977,49.2091588],[16.6194659,49.2088506],[16.6194965,49.2088036],[16.6196422,49.2086355],[16.61979,49.20846],[16.6198685,49.208371],[16.619948,49.2082932],[16.6200199,49.208224],[16.6203172,49.2079472],[16.6203803,49.2078848]]}},{"type":"Feature","properties":{"way_id":357378095,"route_colors":["#8c4a9a","#939dac"],"route_refs":["9","7"]},"geometry":{"type":"LineString","coordinates":[[16.6203803,49.2078848],[16.6204253,49.2078404],[16.6204828,49.2077835],[16.6210635,49.2072223],[16.6216388,49.2066671],[16.6217105,49.2065891],[16.6218016,49.2064929],[16.6219486,49.2063428],[16.6220953,49.2061829],[16.6225843,49.2056454],[16.6227009,49.2055179],[16.622818,49.2054008],[16.6234736,49.2047575]]}},{"type":"Feature","properties":{"way_id":357378113,"route_colors":["#8c4a9a","#939dac"],"route_refs":["9","7"]},"geometry":{"type":"LineString","coordinates":[[16.6234736,49.2047575],[16.6235317,49.2046997]]}},{"type":"Feature","properties":{"way_id":334179406,"route_colors":["#8c4a9a"],"route_refs":["9"]},"geometry":{"type":"LineString","coordinates":[[16.6235317,49.2046997],[16.6235524,49.2046653],[16.6235642,49.204646],[16.623576,49.2046196],[16.6235824,49.2045976],[16.623583,49.2045767],[16.62358,49.2045581],[16.6235726,49.2045353],[16.6235593,49.2045073],[16.6235392,49.2044867],[16.623513,49.204463],[16.623479,49.2044432],[16.6234486,49.2044288],[16.6234158,49.2044128]]}},{"type":"Feature","properties":{"way_id":357378114,"route_colors":["#8c4a9a","#009e9e","#f31d7f"],"route_refs":["9","3","5"]},"geometry":{"type":"LineString","coordinates":[[16.6234158,49.2044128],[16.6232728,49.204367],[16.6227963,49.2042222],[16.6226956,49.2041855],[16.6225978,49.2041463],[16.6224987,49.2041057],[16.6223338,49.2040431],[16.6222714,49.2040217],[16.6217587,49.2038608],[16.6211115,49.2036591],[16.6194256,49.2031457],[16.6192531,49.2030924],[16.6190551,49.2030306],[16.619016,49.2030192],[16.6189664,49.2030012],[16.6186352,49.2028833],[16.6186206,49.2028776],[16.6185357,49.2028444],[16.6184199,49.2028],[16.6182072,49.2027119],[16.6179582,49.2026036],[16.6171968,49.2022851],[16.6164358,49.2019622],[16.6159058,49.2017474],[16.6155928,49.2016237],[16.6154761,49.2015767],[16.6151057,49.2014489],[16.6143283,49.2011807],[16.614284,49.2011654],[16.614135,49.2011139],[16.6140305,49.2010778],[16.6138567,49.2010177],[16.6133856,49.2008564],[16.6112831,49.2001333],[16.6111877,49.2000956],[16.6108991,49.1999812],[16.6102139,49.199744],[16.6100436,49.1996924],[16.6098323,49.1996192],[16.609456,49.1994861],[16.609324,49.1994356],[16.6092783,49.1994179],[16.6092362,49.199401]]}},{"type":"Feature","properties":{"way_id":1540324354,"route_colors":["#8c4a9a","#f31d7f"],"route_refs":["9","5"]},"geometry":{"type":"LineString","coordinates":[[16.6092362,49.199401],[16.6090805,49.199336],[16.6088772,49.1992428],[16.6087734,49.1991923],[16.6086614,49.1991338]]}},{"type":"Feature","properties":{"way_id":330506845,"route_colors":["#8c4a9a","#009e9e","#f31d7f"],"route_refs":["9","3","5"]},"geometry":{"type":"LineString","coordinates":[[16.6086614,49.1991338],[16.6084832,49.1990392],[16.6082669,49.1989244],[16.608249,49.1989149],[16.6082311,49.1989054],[16.6079952,49.1987801]]}},{"type":"Feature","properties":{"way_id":330506842,"route_colors":["#8c4a9a","#009e9e","#f31d7f","#a05a2c"],"route_refs":["9","3","5","10"]},"geometry":{"type":"LineString","coordinates":[[16.6079952,49.1987801],[16.6079762,49.19877],[16.6079069,49.1987332],[16.6078086,49.198681],[16.6077693,49.1986566],[16.6077237,49.1986217]]}},{"type":"Feature","properties":{"way_id":330506834,"route_colors":["#8c4a9a","#009e9e","#f31d7f","#0777c1","#a05a2c"],"route_refs":["9","3","5","6","10"]},"geometry":{"type":"LineString","coordinates":[[16.6077237,49.1986217],[16.6071953,49.1981521]]}},{"type":"Feature","properties":{"way_id":1012860501,"route_colors":["#8c4a9a"],"route_refs":["9"]},"geometry":{"type":"LineString","coordinates":[[16.6071953,49.1981521],[16.6071468,49.1981027],[16.6071424,49.1980981],[16.6071372,49.1980893],[16.6071306,49.1980782],[16.6071188,49.1980482]]}},{"type":"Feature","properties":{"way_id":357378108,"route_colors":["#8c4a9a"],"route_refs":["9"]},"geometry":{"type":"LineString","coordinates":[[16.6071188,49.1980482],[16.6071131,49.1980297],[16.6071093,49.1980081],[16.6071059,49.1979887],[16.6071064,49.1979677],[16.6071119,49.1979417],[16.6071224,49.1979115],[16.6072686,49.1975569],[16.60729,49.1975018]]}},{"type":"Feature","properties":{"way_id":1320231752,"route_colors":["#8c4a9a"],"route_refs":["9"]},"geometry":{"type":"LineString","coordinates":[[16.60729,49.1975018],[16.6073401,49.1973847]]}},{"type":"Feature","properties":{"way_id":345908365,"route_colors":["#8c4a9a","#ee7e1e"],"route_refs":["9","4"]},"geometry":{"type":"LineString","coordinates":[[16.6073401,49.1973847],[16.6073621,49.1973374],[16.6073853,49.1972765],[16.6075427,49.1968814],[16.6076419,49.1966325],[16.6077962,49.1962403],[16.6080099,49.1956955],[16.6080758,49.1955276],[16.6080908,49.1954916],[16.6082406,49.1951358],[16.6084018,49.1948086],[16.6085874,49.1944687],[16.6087366,49.1942719],[16.6087732,49.1942236],[16.6090271,49.1939486],[16.6090929,49.1938809],[16.609522,49.1934311],[16.6097461,49.1931982],[16.6099352,49.1930076],[16.6101089,49.1928335],[16.6102055,49.1927341],[16.6102847,49.1926232],[16.6103561,49.192432],[16.6103977,49.1923055],[16.6105252,49.1919113],[16.6105982,49.1916739],[16.6106238,49.1916312],[16.6106814,49.1915667],[16.6111024,49.1913052],[16.6111316,49.1912851]]}},{"type":"Feature","properties":{"way_id":1537727358,"route_colors":["#8c4a9a"],"route_refs":["9"]},"geometry":{"type":"LineString","coordinates":[[16.6111316,49.1912851],[16.6112602,49.1912018]]}},{"type":"Feature","properties":{"way_id":325880353,"route_colors":["#8c4a9a","#ee7e1e"],"route_refs":["9","4"]},"geometry":{"type":"LineString","coordinates":[[16.6111316,49.1912851],[16.6112776,49.1911905],[16.6113015,49.1911757],[16.6113453,49.1911485],[16.6113882,49.1911225],[16.6114212,49.1911071],[16.6114745,49.1910894],[16.611523,49.19108],[16.6115622,49.191076],[16.61161,49.1910762],[16.6116473,49.1910784],[16.6116832,49.1910842],[16.611766,49.1911071]]}},{"type":"Feature","properties":{"way_id":357378107,"route_colors":["#8c4a9a","#939dac","#ee7e1e","#d40000","#4ab95d"],"route_refs":["9","7","4","1","2"]},"geometry":{"type":"LineString","coordinates":[[16.611766,49.1911071],[16.6117743,49.1911102]]}},{"type":"Feature","properties":{"way_id":343676530,"route_colors":["#8c4a9a","#939dac","#ee7e1e","#d40000","#4ab95d"],"route_refs":["9","7","4","1","2"]},"geometry":{"type":"LineString","coordinates":[[16.6117743,49.1911102],[16.6125789,49.1914157],[16.6127317,49.1914733]]}},{"type":"Feature","properties":{"way_id":325880344,"route_colors":["#8c4a9a"],"route_refs":["9"]},"geometry":{"type":"LineString","coordinates":[[16.6127317,49.1914733],[16.6128529,49.1915138],[16.6129011,49.1915251],[16.6129695,49.1915397],[16.6130333,49.1915543],[16.6130769,49.1915677],[16.6131001,49.191576],[16.6131421,49.191591],[16.6131574,49.1915966],[16.613305,49.1916512]]}},{"type":"Feature","properties":{"way_id":325880350,"route_colors":["#8c4a9a","#e1cb31","#00ccff"],"route_refs":["9","8","12"]},"geometry":{"type":"LineString","coordinates":[[16.613305,49.1916512],[16.6133716,49.1916779],[16.6134757,49.1917119],[16.6138113,49.1918294],[16.6138629,49.1918465],[16.6139124,49.1918592],[16.6139626,49.191867],[16.6140094,49.1918714],[16.6140549,49.1918734],[16.6141056,49.1918717]]}},{"type":"Feature","properties":{"way_id":1537732692,"route_colors":["#8c4a9a","#00ccff"],"route_refs":["9","12"]},"geometry":{"type":"LineString","coordinates":[[16.6141056,49.1918717],[16.614151,49.1918681],[16.6142466,49.191856]]}},{"type":"Feature","properties":{"way_id":395358332,"route_colors":["#8c4a9a","#e1cb31","#a05a2c","#00ccff"],"route_refs":["9","8","10","12"]},"geometry":{"type":"LineString","coordinates":[[16.6142466,49.191856],[16.6146024,49.191736]]}},{"type":"Feature","properties":{"way_id":395358331,"route_colors":["#8c4a9a","#e1cb31","#a05a2c","#00ccff"],"route_refs":["9","8","10","12"]},"geometry":{"type":"LineString","coordinates":[[16.6146024,49.191736],[16.6146173,49.1917315]]}},{"type":"Feature","properties":{"way_id":325880340,"route_colors":["#8c4a9a","#e1cb31","#a05a2c"],"route_refs":["9","8","10"]},"geometry":{"type":"LineString","coordinates":[[16.6146173,49.1917315],[16.6147099,49.1917041],[16.614755,49.1916888],[16.6148625,49.1916584],[16.6150095,49.1916253],[16.6150875,49.1916129],[16.615161,49.1916039],[16.6152543,49.1915962],[16.6153339,49.1915948],[16.6154042,49.1915948],[16.6154744,49.1915999],[16.6155615,49.1916107],[16.6156832,49.1916306],[16.6165224,49.1917892],[16.616959,49.1918866],[16.6172036,49.1919287],[16.6174412,49.1919555],[16.6175737,49.1919637],[16.6177293,49.1919699],[16.6179588,49.1919673],[16.6181266,49.1919628],[16.6181351,49.1919622],[16.6181759,49.1919595],[16.6183779,49.1919459],[16.6185367,49.1919271],[16.6187344,49.1918989],[16.618844,49.1918755],[16.6190214,49.1918351]]}},{"type":"Feature","properties":{"way_id":351837959,"route_colors":["#8c4a9a","#e1cb31","#a05a2c"],"route_refs":["9","8","10"]},"geometry":{"type":"LineString","coordinates":[[16.6190214,49.1918351],[16.6190579,49.1918269],[16.6192134,49.1917918],[16.6192688,49.1917792],[16.6195375,49.1917129],[16.6198033,49.1916471],[16.6200261,49.191591],[16.620845,49.1913906],[16.6213079,49.1912785],[16.6215487,49.1912284],[16.6217161,49.1912049],[16.6218519,49.1912002],[16.6227874,49.1912067],[16.6235673,49.1912122],[16.6240129,49.1912153],[16.6248932,49.1912321],[16.625173,49.1912361],[16.625302,49.1912379],[16.6255823,49.1912413],[16.6257817,49.1912439],[16.625879,49.1912452],[16.6259007,49.1912455],[16.6260764,49.1912453],[16.626292,49.1912473],[16.6263221,49.1912476],[16.6271647,49.1912555],[16.6276243,49.1912586],[16.6278441,49.1912557],[16.6280379,49.1912493],[16.6281837,49.19124],[16.6282138,49.191239]]}},{"type":"Feature","properties":{"way_id":329301415,"route_colors":["#8c4a9a","#e1cb31","#a05a2c"],"route_refs":["9","8","10"]},"geometry":{"type":"LineString","coordinates":[[16.6282138,49.191239],[16.6287497,49.1912159]]}},{"type":"Feature","properties":{"way_id":1055844177,"route_colors":["#8c4a9a","#e1cb31","#a05a2c"],"route_refs":["9","8","10"]},"geometry":{"type":"LineString","coordinates":[[16.6287497,49.1912159],[16.6288646,49.1912071],[16.6288861,49.1912055],[16.6289964,49.1911969],[16.6290959,49.191183],[16.6292498,49.1911541],[16.6296177,49.1910797],[16.6299279,49.1910095],[16.6302014,49.190944],[16.6312452,49.1907273],[16.6315852,49.1906515],[16.6317954,49.1906046],[16.6321355,49.1905312],[16.632625,49.1904255],[16.6329855,49.1903477],[16.6331133,49.1903205],[16.6331856,49.1903078],[16.6332538,49.1903019],[16.6333575,49.1902923],[16.6334272,49.190289],[16.6334928,49.1902898],[16.6335498,49.1902952],[16.6335961,49.1903034],[16.6336717,49.1903188],[16.6337341,49.1903373]]}},{"type":"Feature","properties":{"way_id":1055844176,"route_colors":["#8c4a9a","#e1cb31","#a05a2c"],"route_refs":["9","8","10"]},"geometry":{"type":"LineString","coordinates":[[16.6337341,49.1903373],[16.6337793,49.190358],[16.6338203,49.1903861],[16.6338556,49.1904171],[16.6338889,49.1904509],[16.6339078,49.1904834],[16.6339226,49.1905212],[16.6339383,49.1906014],[16.6339803,49.1910211],[16.6339913,49.1911269],[16.6339972,49.1911827],[16.6339975,49.1912172]]}},{"type":"Feature","properties":{"way_id":329301441,"route_colors":["#8c4a9a","#e1cb31","#a05a2c"],"route_refs":["9","8","10"]},"geometry":{"type":"LineString","coordinates":[[16.6339975,49.1912172],[16.6339977,49.1912399],[16.6339975,49.1912625],[16.6339974,49.1912826],[16.6339874,49.1913463],[16.6339739,49.1913944],[16.6339562,49.1914425],[16.6336315,49.192314],[16.633617,49.1923779],[16.6336118,49.192414],[16.6336152,49.1924404],[16.6336195,49.1924636],[16.6336302,49.1924869],[16.633644,49.1925094],[16.63366,49.1925264],[16.6336842,49.1925503],[16.6337104,49.1925735],[16.6337756,49.1926008],[16.6338311,49.1926165],[16.633893,49.1926307],[16.6339297,49.1926357],[16.6343871,49.1926841],[16.6344967,49.192696],[16.6346752,49.1927157],[16.6347132,49.1927201],[16.6352183,49.1927828],[16.6353323,49.1927883],[16.6354282,49.19279],[16.6355429,49.1927863],[16.6359239,49.1927642]]}},{"type":"Feature","properties":{"way_id":351837950,"route_colors":["#8c4a9a"],"route_refs":["9"]},"geometry":{"type":"LineString","coordinates":[[16.6359239,49.1927642],[16.6360456,49.1927571],[16.6361411,49.1927509],[16.6362507,49.1927433],[16.6363606,49.1927422],[16.6365459,49.192759]]}},{"type":"Feature","properties":{"way_id":26305794,"route_colors":["#8c4a9a"],"route_refs":["9"]},"geometry":{"type":"LineString","coordinates":[[16.6365459,49.192759],[16.6365691,49.1927616],[16.6365972,49.1927658],[16.6366943,49.1927834],[16.6368532,49.192825],[16.6372608,49.1929495],[16.6384974,49.193334],[16.6389574,49.1934716]]}},{"type":"Feature","properties":{"way_id":857644319,"route_colors":["#8c4a9a"],"route_refs":["9"]},"geometry":{"type":"LineString","coordinates":[[16.6389574,49.1934716],[16.639292,49.1935712]]}},{"type":"Feature","properties":{"way_id":357378096,"route_colors":["#8c4a9a"],"route_refs":["9"]},"geometry":{"type":"LineString","coordinates":[[16.639292,49.1935712],[16.6400994,49.1938154],[16.6405124,49.1939407],[16.6407411,49.194009],[16.6409791,49.1940742],[16.6410468,49.1940955],[16.6413916,49.1942013],[16.6414672,49.1942245],[16.6415258,49.1942432],[16.6417293,49.1943073],[16.6419386,49.1943786],[16.6429686,49.194704],[16.6431703,49.1947644],[16.6432499,49.194788],[16.6434719,49.1948535],[16.644047,49.1950032],[16.6443043,49.1950641],[16.6444727,49.1951011],[16.6446429,49.1951329],[16.6448042,49.195162],[16.644961,49.1951853],[16.6451499,49.1952047],[16.6452726,49.1952167],[16.6458667,49.1952618],[16.6459587,49.1952684],[16.645995,49.1952717],[16.6461465,49.1952838],[16.6462507,49.1952922],[16.6463061,49.1952967],[16.6464933,49.1953119],[16.6465546,49.1953168],[16.6466577,49.1953241],[16.6467094,49.1953277],[16.648546,49.195453],[16.6490304,49.1954865],[16.6492716,49.1954972],[16.6494294,49.1955054],[16.6495093,49.1955107],[16.6501069,49.1955515],[16.6502689,49.1955631],[16.6503524,49.1955704],[16.6505426,49.1955928],[16.650745,49.1956162],[16.6513493,49.1956712],[16.651521,49.1956902],[16.6516919,49.1957109],[16.6518992,49.1957429],[16.652016,49.1957577],[16.6530422,49.1959202],[16.6532225,49.1959484],[16.6533043,49.1959589],[16.6534363,49.1959733],[16.6535665,49.1959895],[16.6536406,49.1960001],[16.6542777,49.1961001]]}},{"type":"Feature","properties":{"way_id":329334423,"route_colors":["#8c4a9a"],"route_refs":["9"]},"geometry":{"type":"LineString","coordinates":[[16.6540597,49.1963922],[16.6539326,49.1961945]]}},{"type":"Feature","properties":{"way_id":329301438,"route_colors":["#8c4a9a","#e1cb31","#a05a2c"],"route_refs":["9","8","10"]},"geometry":{"type":"LineString","coordinates":[[16.6338607,49.1906232],[16.6339032,49.1910516]]}},{"type":"Feature","properties":{"way_id":163695046,"route_colors":["#8c4a9a","#e1cb31","#a05a2c"],"route_refs":["9","8","10"]},"geometry":{"type":"LineString","coordinates":[[16.6242699,49.1912733],[16.6248949,49.1912815]]}},{"type":"Feature","properties":{"way_id":329301439,"route_colors":["#8c4a9a","#e1cb31","#a05a2c"],"route_refs":["9","8","10"]},"geometry":{"type":"LineString","coordinates":[[16.6190835,49.1918776],[16.6198301,49.1916953]]}},{"type":"Feature","properties":{"way_id":330506838,"route_colors":["#8c4a9a","#009e9e","#f31d7f"],"route_refs":["9","3","5"]},"geometry":{"type":"LineString","coordinates":[[16.6088149,49.1991446],[16.608965,49.1992204],[16.6091463,49.1993023],[16.6093398,49.1993833]]}},{"type":"Feature","properties":{"way_id":334179368,"route_colors":["#8c4a9a","#009e9e","#f31d7f"],"route_refs":["9","3","5"]},"geometry":{"type":"LineString","coordinates":[[16.6133353,49.200787],[16.6138512,49.2009664],[16.6138882,49.2009793]]}},{"type":"Feature","properties":{"way_id":334179381,"route_colors":["#8c4a9a","#009e9e","#f31d7f"],"route_refs":["9","3","5"]},"geometry":{"type":"LineString","coordinates":[[16.6182364,49.2026702],[16.6184584,49.20276],[16.6185717,49.2028053],[16.6186436,49.2028313]]}},{"type":"Feature","properties":{"way_id":335953121,"route_colors":["#8c4a9a","#939dac"],"route_refs":["9","7"]},"geometry":{"type":"LineString","coordinates":[[16.6155497,49.2161278],[16.6155402,49.2161006],[16.6155385,49.2160229],[16.6155374,49.2159694],[16.6155428,49.2158967],[16.615567,49.2157402],[16.6155906,49.2157356],[16.6156103,49.2157407],[16.6155943,49.2158982],[16.6155942,49.2159207],[16.6155935,49.2160382],[16.6155939,49.2160654],[16.6155936,49.2161025],[16.6155938,49.2161237],[16.6155676,49.2161262],[16.6155497,49.2161278]]}},{"type":"Feature","properties":{"way_id":335953143,"route_colors":["#8c4a9a","#939dac"],"route_refs":["9","7"]},"geometry":{"type":"LineString","coordinates":[[16.6193254,49.2198044],[16.6190211,49.2195727],[16.6190505,49.2195563],[16.6192852,49.2197361],[16.6193376,49.2197762],[16.6193549,49.2197881],[16.6197077,49.2200597],[16.6196945,49.220067],[16.6196832,49.2200733],[16.6195601,49.219979],[16.6195552,49.2199817],[16.61954,49.2199701],[16.6193254,49.2198044]]}},{"type":"Feature","properties":{"way_id":335953142,"route_colors":["#8c4a9a","#939dac"],"route_refs":["9","7"]},"geometry":{"type":"LineString","coordinates":[[16.6230479,49.2233866],[16.6226433,49.2235511],[16.6226574,49.2235655],[16.6226717,49.22358],[16.6229819,49.22345],[16.6230248,49.2234339],[16.6230738,49.223414],[16.6230602,49.2233996],[16.6230479,49.2233866]]}},{"type":"Feature","properties":{"way_id":335953122,"route_colors":["#8c4a9a","#939dac"],"route_refs":["9","7"]},"geometry":{"type":"LineString","coordinates":[[16.6236647,49.2263711],[16.6237405,49.226447],[16.6237709,49.2265058],[16.6237863,49.2265648],[16.6237727,49.2265734],[16.6237444,49.2265738],[16.6237416,49.2265465],[16.6237343,49.2265221],[16.6237186,49.226486],[16.6236949,49.226453],[16.6236618,49.2264213],[16.6236207,49.2263904],[16.6235858,49.2263707],[16.6235465,49.2263511],[16.6232174,49.2262034],[16.6232394,49.2261935],[16.6232677,49.2261808],[16.6236063,49.2263347],[16.6236647,49.2263711]]}},{"type":"Feature","properties":{"way_id":357378092,"route_colors":["#8c4a9a"],"route_refs":["9"]},"geometry":{"type":"LineString","coordinates":[[16.6540549,49.1963143],[16.6539804,49.1961927],[16.653959,49.1961634],[16.6539438,49.1961457],[16.6539102,49.1961166],[16.6538871,49.1961027],[16.6538616,49.1960905],[16.653832,49.1960795],[16.653805,49.1960712],[16.6537754,49.1960647],[16.6537158,49.1960535],[16.6533855,49.1959999],[16.6531417,49.1959636],[16.6530633,49.1959519],[16.6522559,49.1958253],[16.6518605,49.1957638],[16.6516841,49.1957383],[16.6515107,49.1957173],[16.6513356,49.195697],[16.6508137,49.1956495],[16.6507371,49.1956438],[16.6505036,49.1956264],[16.6502599,49.19561],[16.6500931,49.1955982],[16.6495877,49.1955649],[16.6495031,49.1955578],[16.6494251,49.1955522],[16.6490008,49.1955149],[16.6485696,49.1954866],[16.6467018,49.1953606],[16.6465405,49.1953483],[16.6464844,49.1953452],[16.6462963,49.1953347],[16.6462412,49.1953316],[16.645999,49.1953189],[16.6459461,49.1953157],[16.645349,49.19527],[16.645265,49.1952628],[16.6452028,49.1952572],[16.6451367,49.1952505],[16.6450223,49.1952369],[16.6449044,49.1952192],[16.6447673,49.1951939],[16.6446328,49.1951668],[16.6443922,49.1951171],[16.6440396,49.1950361],[16.6434616,49.1948827],[16.6432406,49.1948162],[16.6431532,49.1947895],[16.6429468,49.1947269],[16.6419204,49.1944093],[16.6417975,49.1943703],[16.6416514,49.1943305],[16.6414901,49.1942824],[16.6410834,49.1941573]]}},{"type":"Feature","properties":{"way_id":357378094,"route_colors":["#8c4a9a"],"route_refs":["9"]},"geometry":{"type":"LineString","coordinates":[[16.6410834,49.1941573],[16.6410179,49.1941368],[16.6408966,49.1940982],[16.64077,49.1940558],[16.6406687,49.1940234],[16.6405628,49.193991],[16.6400719,49.1938419],[16.6395526,49.1936845],[16.6392832,49.193602]]}},{"type":"Feature","properties":{"way_id":857644321,"route_colors":["#8c4a9a"],"route_refs":["9"]},"geometry":{"type":"LineString","coordinates":[[16.6392832,49.193602],[16.6389572,49.1935029]]}},{"type":"Feature","properties":{"way_id":857644318,"route_colors":["#8c4a9a"],"route_refs":["9"]},"geometry":{"type":"LineString","coordinates":[[16.6389572,49.1935029],[16.6388902,49.1934825],[16.6384846,49.1933571],[16.6372566,49.1929765],[16.6368358,49.1928474],[16.6366759,49.1928078],[16.6365609,49.1927889]]}},{"type":"Feature","properties":{"way_id":297373402,"route_colors":["#8c4a9a"],"route_refs":["9"]},"geometry":{"type":"LineString","coordinates":[[16.6365609,49.1927889],[16.636363,49.192769],[16.6362515,49.1927705],[16.6360484,49.1927852],[16.6359261,49.1927922]]}},{"type":"Feature","properties":{"way_id":1055844180,"route_colors":["#8c4a9a","#e1cb31","#a05a2c"],"route_refs":["9","8","10"]},"geometry":{"type":"LineString","coordinates":[[16.6359261,49.1927922],[16.6355455,49.192814],[16.6354279,49.1928175],[16.6352193,49.1928108],[16.6347591,49.1927567],[16.634669,49.1927467],[16.6344925,49.1927256],[16.6342445,49.1926975],[16.6339172,49.1926652],[16.6337968,49.1926514],[16.6337317,49.1926363],[16.6336774,49.1926157],[16.6336337,49.1925883],[16.633618,49.1925787],[16.6335969,49.1925571],[16.6335727,49.1925278],[16.6335535,49.1924833],[16.6335512,49.1924375],[16.6335654,49.1923775],[16.6335902,49.1923133],[16.6339238,49.1914119],[16.6339446,49.1913459],[16.6339548,49.1912813],[16.6339556,49.1912392]]}},{"type":"Feature","properties":{"way_id":1055844179,"route_colors":["#8c4a9a","#e1cb31","#a05a2c"],"route_refs":["9","8","10"]},"geometry":{"type":"LineString","coordinates":[[16.6339556,49.1912392],[16.6339541,49.1911808],[16.6339043,49.1906943],[16.6338921,49.1906044],[16.6338885,49.1905778],[16.6338781,49.1905397],[16.6338545,49.1904989],[16.6338237,49.1904581],[16.6337727,49.1904161],[16.6337171,49.1903853],[16.6336764,49.1903648],[16.6336296,49.1903497]]}},{"type":"Feature","properties":{"way_id":351837937,"route_colors":["#8c4a9a","#e1cb31","#a05a2c"],"route_refs":["9","8","10"]},"geometry":{"type":"LineString","coordinates":[[16.6336296,49.1903497],[16.6335601,49.1903347],[16.6334805,49.190327],[16.6334053,49.1903245],[16.6333329,49.1903247],[16.6332718,49.1903296],[16.6331637,49.1903411],[16.6330628,49.1903605],[16.6329992,49.190372],[16.6323301,49.1905164],[16.6318023,49.1906319],[16.631262,49.1907489],[16.630218,49.1909724],[16.6296268,49.1911067],[16.6292625,49.1911855],[16.6290807,49.1912144],[16.6290036,49.1912269],[16.6288652,49.1912388],[16.6287531,49.1912459]]}},{"type":"Feature","properties":{"way_id":297373401,"route_colors":["#8c4a9a","#e1cb31","#a05a2c"],"route_refs":["9","8","10"]},"geometry":{"type":"LineString","coordinates":[[16.6287531,49.1912459],[16.6282179,49.1912702]]}},{"type":"Feature","properties":{"way_id":351837921,"route_colors":["#8c4a9a","#e1cb31","#a05a2c"],"route_refs":["9","8","10"]},"geometry":{"type":"LineString","coordinates":[[16.6282179,49.1912702],[16.6281871,49.1912712],[16.6280413,49.1912766],[16.6276125,49.1912854],[16.6262879,49.1912778],[16.6262373,49.1912775],[16.626073,49.1912756],[16.6259251,49.1912723],[16.6258994,49.1912717],[16.6258904,49.1912716],[16.6255821,49.1912695],[16.6249605,49.1912607],[16.6243223,49.191251],[16.624261,49.191251],[16.6240898,49.1912494],[16.6222874,49.191233],[16.6218534,49.1912291],[16.6217332,49.1912344],[16.6215634,49.1912611],[16.6213258,49.1913099],[16.6208567,49.1914198],[16.6200652,49.1916152],[16.6199983,49.1916317],[16.6198195,49.1916754],[16.6191293,49.1918435],[16.6190727,49.1918559],[16.6188327,49.1919124],[16.6187565,49.1919248],[16.6183867,49.1919775],[16.6182881,49.1919844],[16.6181422,49.1919924],[16.6179568,49.1919981],[16.6177293,49.1919981],[16.6175705,49.191994],[16.6174395,49.1919862],[16.6171963,49.1919569],[16.6169561,49.1919153],[16.6159551,49.1917133],[16.6157906,49.191682],[16.6156015,49.1916463],[16.6155225,49.1916375],[16.6154537,49.1916323],[16.6154017,49.1916301],[16.6153382,49.1916311],[16.6152769,49.1916349],[16.6152123,49.1916414],[16.6151387,49.1916534],[16.6150536,49.1916735],[16.614955,49.1917036],[16.6147579,49.191767]]}},{"type":"Feature","properties":{"way_id":112557775,"route_colors":["#8c4a9a","#e1cb31","#a05a2c"],"route_refs":["9","8","10"]},"geometry":{"type":"LineString","coordinates":[[16.6147579,49.191767],[16.6146964,49.1917861]]}},{"type":"Feature","properties":{"way_id":351837932,"route_colors":["#8c4a9a","#e1cb31","#a05a2c","#00ccff"],"route_refs":["9","8","10","12"]},"geometry":{"type":"LineString","coordinates":[[16.6146964,49.1917861],[16.6146541,49.1917994]]}},{"type":"Feature","properties":{"way_id":395358338,"route_colors":["#8c4a9a","#e1cb31","#a05a2c","#00ccff"],"route_refs":["9","8","10","12"]},"geometry":{"type":"LineString","coordinates":[[16.6146541,49.1917994],[16.6142897,49.1919126]]}},{"type":"Feature","properties":{"way_id":1537732695,"route_colors":["#8c4a9a","#00ccff"],"route_refs":["9","12"]},"geometry":{"type":"LineString","coordinates":[[16.6142897,49.1919126],[16.6142306,49.1919206],[16.6141841,49.1919246],[16.6141538,49.1919266]]}},{"type":"Feature","properties":{"way_id":112465852,"route_colors":["#8c4a9a","#e1cb31","#00ccff"],"route_refs":["9","8","12"]},"geometry":{"type":"LineString","coordinates":[[16.6141538,49.1919266],[16.6141148,49.1919274],[16.6140894,49.1919265],[16.6140513,49.1919237],[16.6140111,49.1919195],[16.6139599,49.1919101],[16.6139014,49.1918968],[16.6138432,49.1918785],[16.613431,49.1917297],[16.6133525,49.1917003],[16.613243,49.1916612]]}},{"type":"Feature","properties":{"way_id":7656023,"route_colors":["#8c4a9a"],"route_refs":["9"]},"geometry":{"type":"LineString","coordinates":[[16.613243,49.1916612],[16.6131023,49.1916105],[16.6130832,49.1916046],[16.6130635,49.1915988],[16.6129803,49.1915754],[16.6128736,49.1915505],[16.6128373,49.1915431],[16.6127915,49.1915301]]}},{"type":"Feature","properties":{"way_id":1012745050,"route_colors":["#8c4a9a"],"route_refs":["9"]},"geometry":{"type":"LineString","coordinates":[[16.6127915,49.1915301],[16.6127018,49.1914974]]}},{"type":"Feature","properties":{"way_id":297697494,"route_colors":["#8c4a9a","#939dac","#ee7e1e","#d40000","#4ab95d"],"route_refs":["9","7","4","1","2"]},"geometry":{"type":"LineString","coordinates":[[16.6127018,49.1914974],[16.611874,49.1911838],[16.6117928,49.191153]]}},{"type":"Feature","properties":{"way_id":325880337,"route_colors":["#8c4a9a","#ee7e1e"],"route_refs":["9","4"]},"geometry":{"type":"LineString","coordinates":[[16.6117928,49.191153],[16.6117487,49.1911405],[16.611694,49.1911246],[16.6116573,49.1911189],[16.6116189,49.1911167],[16.6115875,49.1911175],[16.6115579,49.19112],[16.6115233,49.1911248],[16.6114831,49.1911331],[16.6114382,49.1911467],[16.6113916,49.1911676],[16.6113171,49.1912058],[16.6112916,49.1912216]]}},{"type":"Feature","properties":{"way_id":1537727357,"route_colors":["#8c4a9a"],"route_refs":["9"]},"geometry":{"type":"LineString","coordinates":[[16.6112916,49.1912216],[16.6112375,49.1912552]]}},{"type":"Feature","properties":{"way_id":297697484,"route_colors":["#8c4a9a","#ee7e1e"],"route_refs":["9","4"]},"geometry":{"type":"LineString","coordinates":[[16.6112375,49.1912552],[16.6110087,49.1913952],[16.61072,49.1915832],[16.6106749,49.1916379],[16.6106437,49.1916875],[16.6105695,49.1919181],[16.6104428,49.1923133],[16.6104009,49.1924417],[16.6103282,49.1926306],[16.6103083,49.19266],[16.6102509,49.1927449],[16.6101489,49.1928451],[16.6099695,49.1930194],[16.6097847,49.1932154]]}},{"type":"Feature","properties":{"way_id":345908368,"route_colors":["#8c4a9a","#ee7e1e"],"route_refs":["9","4"]},"geometry":{"type":"LineString","coordinates":[[16.6097847,49.1932154],[16.6095559,49.1934478],[16.6091285,49.1938945],[16.6090641,49.193963],[16.6088091,49.1942359],[16.6087897,49.1942582],[16.6086411,49.194482],[16.6084578,49.194821],[16.6082944,49.1951455],[16.6081487,49.1954869],[16.6081346,49.195521],[16.6079997,49.1958603]]}},{"type":"Feature","properties":{"way_id":345908396,"route_colors":["#8c4a9a","#ee7e1e"],"route_refs":["9","4"]},"geometry":{"type":"LineString","coordinates":[[16.6079997,49.1958603],[16.6078466,49.196247],[16.6076875,49.1966416],[16.6075172,49.1970575],[16.6074252,49.1972837],[16.6074072,49.1973456],[16.6073842,49.1973981]]}},{"type":"Feature","properties":{"way_id":345908378,"route_colors":["#8c4a9a"],"route_refs":["9"]},"geometry":{"type":"LineString","coordinates":[[16.6073842,49.1973981],[16.6071966,49.1978575]]}},{"type":"Feature","properties":{"way_id":357378120,"route_colors":["#8c4a9a"],"route_refs":["9"]},"geometry":{"type":"LineString","coordinates":[[16.6071966,49.1978575],[16.6071754,49.1979099],[16.6071654,49.1979381],[16.6071602,49.1979655],[16.6071612,49.197994],[16.6071664,49.1980168],[16.6071728,49.1980376],[16.6071817,49.1980594]]}},{"type":"Feature","properties":{"way_id":1537727361,"route_colors":["#8c4a9a"],"route_refs":["9"]},"geometry":{"type":"LineString","coordinates":[[16.6071817,49.1980594],[16.6071917,49.1980818],[16.6072055,49.1981013],[16.6072532,49.1981519]]}},{"type":"Feature","properties":{"way_id":330506840,"route_colors":["#8c4a9a","#009e9e","#f31d7f","#0777c1","#a05a2c"],"route_refs":["9","3","5","6","10"]},"geometry":{"type":"LineString","coordinates":[[16.6072532,49.1981519],[16.6075078,49.1983783],[16.6077571,49.1985999]]}},{"type":"Feature","properties":{"way_id":330506839,"route_colors":["#8c4a9a","#009e9e","#f31d7f","#a05a2c"],"route_refs":["9","3","5","10"]},"geometry":{"type":"LineString","coordinates":[[16.6077571,49.1985999],[16.607784,49.1986223],[16.6078107,49.1986419],[16.6078388,49.1986587],[16.607883,49.198682]]}},{"type":"Feature","properties":{"way_id":330506829,"route_colors":["#8c4a9a","#009e9e","#f31d7f"],"route_refs":["9","3","5"]},"geometry":{"type":"LineString","coordinates":[[16.607883,49.198682],[16.6080085,49.1987484],[16.6081906,49.1988447],[16.6082622,49.1988825],[16.6082802,49.1988921],[16.6082982,49.1989016],[16.608511,49.1990141],[16.608535,49.1990268],[16.6087177,49.1991234]]}},{"type":"Feature","properties":{"way_id":1540324355,"route_colors":["#8c4a9a","#f31d7f"],"route_refs":["9","5"]},"geometry":{"type":"LineString","coordinates":[[16.6087177,49.1991234],[16.6088044,49.1991698],[16.6089068,49.1992191],[16.6091102,49.199312],[16.6091999,49.1993508]]}},{"type":"Feature","properties":{"way_id":1012774934,"route_colors":["#8c4a9a","#009e9e","#f31d7f"],"route_refs":["9","3","5"]},"geometry":{"type":"LineString","coordinates":[[16.6091999,49.1993508],[16.6093099,49.1993956],[16.6093473,49.1994107],[16.6094486,49.1994487],[16.609877,49.1995979],[16.6100946,49.199674]]}},{"type":"Feature","properties":{"way_id":330506847,"route_colors":["#8c4a9a","#009e9e","#f31d7f"],"route_refs":["9","3","5"]},"geometry":{"type":"LineString","coordinates":[[16.6100946,49.199674],[16.6102529,49.1997287],[16.6108749,49.199941],[16.6109226,49.1999579],[16.6112104,49.20007],[16.6113083,49.2001102],[16.6138188,49.200977],[16.6138749,49.200996],[16.6141422,49.201088],[16.6141529,49.2010917],[16.614348,49.2011589],[16.6151261,49.201427],[16.6154957,49.2015504],[16.6155176,49.2015572],[16.6156162,49.2015989],[16.6159257,49.2017231],[16.616459,49.2019441],[16.6172231,49.2022609],[16.6179866,49.2025843],[16.6182294,49.2026902],[16.6184419,49.2027758],[16.6185573,49.2028209],[16.6186077,49.2028403],[16.6186604,49.2028605],[16.6189131,49.2029527],[16.6190431,49.202998],[16.6190691,49.2030062],[16.6192725,49.2030701],[16.6194426,49.2031217],[16.6211268,49.2036387],[16.6217768,49.203837],[16.6223517,49.2040182],[16.6224208,49.2040435],[16.6224854,49.2040699],[16.6226206,49.204124],[16.6226987,49.204154],[16.6227797,49.2041817],[16.6229477,49.2042351],[16.6232912,49.2043405],[16.623437,49.2043835]]}},{"type":"Feature","properties":{"way_id":1285544197,"route_colors":["#8c4a9a","#f31d7f"],"route_refs":["9","5"]},"geometry":{"type":"LineString","coordinates":[[16.623437,49.2043835],[16.6234853,49.2043988]]}},{"type":"Feature","properties":{"way_id":334179335,"route_colors":["#8c4a9a"],"route_refs":["9"]},"geometry":{"type":"LineString","coordinates":[[16.6234853,49.2043988],[16.6235353,49.2044228],[16.623554,49.2044342],[16.6235611,49.2044417],[16.6235902,49.2044656],[16.6236123,49.2044902],[16.6236232,49.2045082],[16.623631,49.2045245],[16.6236377,49.2045506],[16.6236395,49.2045707],[16.6236375,49.2045909],[16.6236345,49.2046136],[16.6236317,49.2046238],[16.6236273,49.2046357],[16.6236173,49.2046534],[16.623609,49.2046651],[16.623595,49.2046832],[16.6235804,49.2047033]]}},{"type":"Feature","properties":{"way_id":334179374,"route_colors":["#8c4a9a","#939dac"],"route_refs":["9","7"]},"geometry":{"type":"LineString","coordinates":[[16.6235804,49.2047033],[16.6235098,49.2047739],[16.6228659,49.2054192]]}},{"type":"Feature","properties":{"way_id":357378097,"route_colors":["#8c4a9a","#939dac"],"route_refs":["9","7"]},"geometry":{"type":"LineString","coordinates":[[16.6228659,49.2054192],[16.6227509,49.2055365],[16.6226327,49.2056593],[16.622255,49.2060641],[16.6221324,49.2061971],[16.6219839,49.2063579],[16.6218458,49.2065023],[16.6217544,49.2066053],[16.6216813,49.2066817],[16.6211061,49.2072366],[16.6205241,49.2078033],[16.6205095,49.2078172],[16.6203565,49.2079631],[16.6201181,49.2081912]]}},{"type":"Feature","properties":{"way_id":357378093,"route_colors":["#8c4a9a","#939dac"],"route_refs":["9","7"]},"geometry":{"type":"LineString","coordinates":[[16.6201181,49.2081912],[16.6200053,49.2082984],[16.6199952,49.208308],[16.6199102,49.2083876],[16.6198327,49.2084724],[16.6196769,49.2086512],[16.6195376,49.2088176],[16.6195094,49.2088598],[16.6194123,49.209037],[16.6193424,49.2091665],[16.6190714,49.2096396],[16.6189108,49.2099122],[16.6186747,49.210309]]}},{"type":"Feature","properties":{"way_id":357378106,"route_colors":["#8c4a9a","#939dac"],"route_refs":["9","7"]},"geometry":{"type":"LineString","coordinates":[[16.6186747,49.210309],[16.6186353,49.2103754]]}},{"type":"Feature","properties":{"way_id":335215752,"route_colors":["#8c4a9a","#939dac"],"route_refs":["9","7"]},"geometry":{"type":"LineString","coordinates":[[16.6186353,49.2103754],[16.6185818,49.2104557],[16.6185615,49.2104862],[16.6185142,49.2105532],[16.6184532,49.2106393],[16.6183177,49.2108506],[16.6182684,49.2109307],[16.6174319,49.2124096]]}},{"type":"Feature","properties":{"way_id":429904266,"route_colors":["#8c4a9a","#939dac"],"route_refs":["9","7"]},"geometry":{"type":"LineString","coordinates":[[16.6174319,49.2124096],[16.6173338,49.21258],[16.617308,49.2126237],[16.6172795,49.2126719],[16.617276,49.2126771]]}},{"type":"Feature","properties":{"way_id":664884999,"route_colors":["#8c4a9a","#939dac"],"route_refs":["9","7"]},"geometry":{"type":"LineString","coordinates":[[16.617276,49.2126771],[16.6172743,49.2126801],[16.6172695,49.212689]]}},{"type":"Feature","properties":{"way_id":1056069094,"route_colors":["#8c4a9a","#939dac"],"route_refs":["9","7"]},"geometry":{"type":"LineString","coordinates":[[16.6172695,49.212689],[16.6171282,49.2129415]]}},{"type":"Feature","properties":{"way_id":357378102,"route_colors":["#8c4a9a","#939dac"],"route_refs":["9","7"]},"geometry":{"type":"LineString","coordinates":[[16.6171282,49.2129415],[16.6165078,49.2140107],[16.6160556,49.2147674],[16.6157487,49.2152985],[16.6157021,49.2153809],[16.6156432,49.2154846],[16.6155751,49.2156338],[16.6155391,49.2157816],[16.6155218,49.2158965],[16.6155172,49.2160232],[16.6155179,49.2160787],[16.6155227,49.2162222],[16.6155383,49.2163633],[16.6155558,49.2164779],[16.6156069,49.216614],[16.6156613,49.2167138],[16.6157658,49.2168736],[16.6159253,49.217052],[16.6161167,49.2172305],[16.6163678,49.2174406],[16.6167755,49.2177817],[16.6172862,49.2182005],[16.6181247,49.2188935],[16.6192712,49.219787],[16.6193068,49.2198147],[16.619688,49.2201051]]}},{"type":"Feature","properties":{"way_id":1214324728,"route_colors":["#8c4a9a","#939dac"],"route_refs":["9","7"]},"geometry":{"type":"LineString","coordinates":[[16.619688,49.2201051],[16.6198097,49.2201992]]}},{"type":"Feature","properties":{"way_id":22734698,"route_colors":["#8c4a9a","#939dac"],"route_refs":["9","7"]},"geometry":{"type":"LineString","coordinates":[[16.6198097,49.2201992],[16.6199441,49.2203017],[16.6201516,49.2204615],[16.6203604,49.220617],[16.6206119,49.2207973]]}},{"type":"Feature","properties":{"way_id":1214325214,"route_colors":["#8c4a9a","#939dac"],"route_refs":["9","7"]},"geometry":{"type":"LineString","coordinates":[[16.6206119,49.2207973],[16.6212875,49.2212773]]}},{"type":"Feature","properties":{"way_id":22734701,"route_colors":["#8c4a9a","#939dac"],"route_refs":["9","7"]},"geometry":{"type":"LineString","coordinates":[[16.6212875,49.2212773],[16.6217241,49.2215903],[16.6220244,49.2217982]]}},{"type":"Feature","properties":{"way_id":15806028,"route_colors":["#8c4a9a","#939dac"],"route_refs":["9","7"]},"geometry":{"type":"LineString","coordinates":[[16.6220244,49.2217982],[16.622595,49.2222043]]}},{"type":"Feature","properties":{"way_id":428887893,"route_colors":["#8c4a9a","#939dac"],"route_refs":["9","7"]},"geometry":{"type":"LineString","coordinates":[[16.622595,49.2222043],[16.622699,49.2222725],[16.6227968,49.2223322],[16.6228993,49.2223914],[16.6231041,49.2225042],[16.6232369,49.2225837],[16.6233244,49.2226507]]}},{"type":"Feature","properties":{"way_id":27263611,"route_colors":["#8c4a9a","#939dac"],"route_refs":["9","7"]},"geometry":{"type":"LineString","coordinates":[[16.6233244,49.2226507],[16.6233602,49.2226853],[16.6233902,49.2227151],[16.623422,49.22276],[16.6234314,49.2227733],[16.6234535,49.2228185],[16.6234679,49.2228676],[16.6234738,49.2228989],[16.6234756,49.2229371],[16.6234749,49.2229558],[16.6234741,49.22298],[16.6234633,49.2230228],[16.6234505,49.2230552],[16.6234298,49.2230961],[16.623402,49.2231345]]}},{"type":"Feature","properties":{"way_id":428887895,"route_colors":["#8c4a9a","#939dac"],"route_refs":["9","7"]},"geometry":{"type":"LineString","coordinates":[[16.623402,49.2231345],[16.6233687,49.2231751],[16.6233272,49.2232151],[16.6232874,49.2232493],[16.6232335,49.2232822],[16.6231684,49.2233186],[16.6231183,49.2233426],[16.6230595,49.223367],[16.6226784,49.2235234]]}},{"type":"Feature","properties":{"way_id":428887891,"route_colors":["#8c4a9a","#939dac"],"route_refs":["9","7"]},"geometry":{"type":"LineString","coordinates":[[16.6226784,49.2235234],[16.622578,49.2235622],[16.6224982,49.2235974],[16.6224573,49.2236159]]}},{"type":"Feature","properties":{"way_id":357378109,"route_colors":["#8c4a9a","#939dac"],"route_refs":["9","7"]},"geometry":{"type":"LineString","coordinates":[[16.6224573,49.2236159],[16.6223571,49.2236632],[16.6223047,49.2237032],[16.6222479,49.2237636],[16.6222218,49.223795],[16.6221932,49.2238466],[16.6221748,49.2239078],[16.6221687,49.2239776],[16.6221738,49.2240397],[16.6221843,49.2241014],[16.6222226,49.2242115]]}},{"type":"Feature","properties":{"way_id":430076744,"route_colors":["#8c4a9a","#939dac"],"route_refs":["9","7"]},"geometry":{"type":"LineString","coordinates":[[16.6222226,49.2242115],[16.6226809,49.2254821],[16.6227407,49.2256379],[16.6228771,49.2259453],[16.6229161,49.2260252]]}},{"type":"Feature","properties":{"way_id":430076738,"route_colors":["#8c4a9a","#939dac"],"route_refs":["9","7"]},"geometry":{"type":"LineString","coordinates":[[16.6229161,49.2260252],[16.6229305,49.22605],[16.622951,49.2260742],[16.622978,49.2260989],[16.6230059,49.2261189],[16.6230357,49.2261375],[16.6230708,49.2261555],[16.6231536,49.2261925]]}},{"type":"Feature","properties":{"way_id":334179383,"route_colors":["#8c4a9a","#939dac"],"route_refs":["9","7"]},"geometry":{"type":"LineString","coordinates":[[16.6231536,49.2261925],[16.6232523,49.2262381],[16.6233846,49.2262964],[16.6235224,49.226359],[16.6235444,49.2263694],[16.6235656,49.2263808],[16.6236033,49.2264031],[16.6236335,49.2264253],[16.6236575,49.226448],[16.6236792,49.2264739],[16.6236907,49.226491],[16.6236995,49.2265114]]}},{"type":"Feature","properties":{"way_id":34695042,"route_colors":["#939dac","#0777c1"],"route_refs":["7","6"]},"geometry":{"type":"LineString","coordinates":[[16.5543693,49.170658],[16.5545664,49.1704156]]}},{"type":"Feature","properties":{"way_id":952749283,"route_colors":["#939dac","#0777c1"],"route_refs":["7","6"]},"geometry":{"type":"LineString","coordinates":[[16.5561133,49.1692503],[16.5563371,49.1691368],[16.5565162,49.1690473]]}},{"type":"Feature","properties":{"way_id":1102220198,"route_colors":["#939dac","#0777c1"],"route_refs":["7","6"]},"geometry":{"type":"LineString","coordinates":[[16.5613218,49.168002],[16.5615536,49.1680102],[16.5617315,49.1680213],[16.562019,49.168035]]}},{"type":"Feature","properties":{"way_id":42137203,"route_colors":["#939dac","#0777c1","#e1cb31"],"route_refs":["7","6","8"]},"geometry":{"type":"LineString","coordinates":[[16.5669472,49.168978],[16.5670767,49.1689818],[16.567325,49.1689851],[16.567539,49.1689796]]}},{"type":"Feature","properties":{"way_id":158823533,"route_colors":["#939dac","#0777c1","#e1cb31"],"route_refs":["7","6","8"]},"geometry":{"type":"LineString","coordinates":[[16.5732051,49.1691816],[16.5728033,49.1690548]]}},{"type":"Feature","properties":{"way_id":1122715114,"route_colors":["#939dac","#0777c1","#e1cb31"],"route_refs":["7","6","8"]},"geometry":{"type":"LineString","coordinates":[[16.5808237,49.1706597],[16.5807375,49.1706237],[16.5804104,49.1704905]]}},{"type":"Feature","properties":{"way_id":42085709,"route_colors":["#939dac","#0777c1","#e1cb31"],"route_refs":["7","6","8"]},"geometry":{"type":"LineString","coordinates":[[16.5861008,49.1719936],[16.5864486,49.1722508]]}},{"type":"Feature","properties":{"way_id":50637479,"route_colors":["#939dac","#e1cb31"],"route_refs":["7","8"]},"geometry":{"type":"LineString","coordinates":[[16.5975952,49.1791818],[16.5980922,49.1797186]]}},{"type":"Feature","properties":{"way_id":53152467,"route_colors":["#939dac","#e1cb31"],"route_refs":["7","8"]},"geometry":{"type":"LineString","coordinates":[[16.6003413,49.1821189],[16.6008502,49.18266]]}},{"type":"Feature","properties":{"way_id":85070253,"route_colors":["#939dac","#e1cb31"],"route_refs":["7","8"]},"geometry":{"type":"LineString","coordinates":[[16.6027211,49.1846727],[16.6027417,49.1847033],[16.6029071,49.1848758],[16.6032646,49.1852382],[16.6033426,49.1853147],[16.6033785,49.1853418],[16.6033954,49.1853344],[16.6034108,49.1853277],[16.6033048,49.1852263],[16.6032707,49.1851922],[16.6029407,49.1848626],[16.6028446,49.1847622],[16.6027538,49.1846617],[16.602738,49.184667],[16.6027211,49.1846727]]}},{"type":"Feature","properties":{"way_id":327084894,"route_colors":["#939dac","#e1cb31"],"route_refs":["7","8"]},"geometry":{"type":"LineString","coordinates":[[16.6069933,49.1885018],[16.6070242,49.1885304],[16.6073208,49.1887492],[16.607583,49.1889507],[16.6076064,49.1889639],[16.6076249,49.1889564],[16.6076415,49.1889497],[16.6075543,49.1888821],[16.6075173,49.1888527],[16.6074143,49.1887753],[16.6073115,49.1886993],[16.6070133,49.18849],[16.6070033,49.1884959],[16.6069933,49.1885018]]}},{"type":"Feature","properties":{"way_id":167074460,"route_colors":["#939dac","#e1cb31"],"route_refs":["7","8"]},"geometry":{"type":"LineString","coordinates":[[16.6090116,49.1899545],[16.6089708,49.1899405],[16.6089272,49.1899225],[16.6088891,49.1899049],[16.6088979,49.1898957],[16.6089044,49.189889],[16.609708,49.1901764],[16.6096997,49.190187],[16.6096917,49.1901974],[16.6090116,49.1899545]]}},{"type":"Feature","properties":{"way_id":156174769,"route_colors":["#939dac","#ee7e1e","#4ab95d"],"route_refs":["7","4","2"]},"geometry":{"type":"LineString","coordinates":[[16.6145932,49.1946576],[16.6148061,49.1950437],[16.6148145,49.195048],[16.6148267,49.1950478],[16.6148339,49.1950433],[16.6148357,49.1950365],[16.6146243,49.1946493],[16.6146071,49.1946536],[16.6145932,49.1946576]]}},{"type":"Feature","properties":{"way_id":332341776,"route_colors":["#939dac","#ee7e1e","#4ab95d"],"route_refs":["7","4","2"]},"geometry":{"type":"LineString","coordinates":[[16.6195568,49.1981073],[16.6196066,49.1981232],[16.6199233,49.1982232],[16.6200369,49.1982564]]}},{"type":"Feature","properties":{"way_id":332341789,"route_colors":["#939dac","#ee7e1e","#4ab95d"],"route_refs":["7","4","2"]},"geometry":{"type":"LineString","coordinates":[[16.625944,49.1997317],[16.6259513,49.1997478],[16.6260303,49.1999311],[16.6260801,49.2000613],[16.6261162,49.2001978]]}},{"type":"Feature","properties":{"way_id":334179361,"route_colors":["#939dac","#009e9e"],"route_refs":["7","3"]},"geometry":{"type":"LineString","coordinates":[[16.6244674,49.2038515],[16.6243945,49.2039216],[16.6240647,49.2042537]]}},{"type":"Feature","properties":{"way_id":936123829,"route_colors":["#939dac","#0777c1"],"route_refs":["7","6"]},"geometry":{"type":"LineString","coordinates":[[16.5545018,49.170537],[16.5545521,49.1704813]]}},{"type":"Feature","properties":{"way_id":351837961,"route_colors":["#939dac","#0777c1"],"route_refs":["7","6"]},"geometry":{"type":"LineString","coordinates":[[16.5545521,49.1704813],[16.5546849,49.1703359],[16.5548274,49.1701927],[16.554982,49.1700481],[16.5550923,49.1699543],[16.5552107,49.1698578],[16.5553305,49.1697672],[16.5554585,49.1696779],[16.5556779,49.1695344],[16.5559095,49.1693962],[16.5562014,49.1692401],[16.5565197,49.1690843],[16.5565445,49.1690719],[16.5569886,49.1688754],[16.5573049,49.1687435]]}},{"type":"Feature","properties":{"way_id":1121209117,"route_colors":["#939dac","#0777c1"],"route_refs":["7","6"]},"geometry":{"type":"LineString","coordinates":[[16.5573049,49.1687435],[16.5573612,49.1687194]]}},{"type":"Feature","properties":{"way_id":351837944,"route_colors":["#939dac","#0777c1"],"route_refs":["7","6"]},"geometry":{"type":"LineString","coordinates":[[16.5573612,49.1687194],[16.5577145,49.1685855],[16.55809,49.1684607],[16.5582823,49.1684016],[16.5585865,49.1683212],[16.5588787,49.1682528],[16.5592254,49.1681797]]}},{"type":"Feature","properties":{"way_id":327084895,"route_colors":["#939dac","#0777c1"],"route_refs":["7","6"]},"geometry":{"type":"LineString","coordinates":[[16.5592254,49.1681797],[16.5594393,49.1681459],[16.5596914,49.1681091]]}},{"type":"Feature","properties":{"way_id":327084886,"route_colors":["#939dac","#0777c1"],"route_refs":["7","6"]},"geometry":{"type":"LineString","coordinates":[[16.5596914,49.1681091],[16.5599922,49.168075],[16.5602906,49.168043],[16.5606306,49.1680271],[16.5610333,49.1680197],[16.5615071,49.1680299],[16.5619054,49.1680523],[16.5619856,49.1680599],[16.5620159,49.1680628],[16.5621658,49.1680765],[16.5626752,49.1681416],[16.5631233,49.1682216],[16.5647942,49.1686107],[16.5659567,49.1688792]]}},{"type":"Feature","properties":{"way_id":936615536,"route_colors":["#939dac","#0777c1"],"route_refs":["7","6"]},"geometry":{"type":"LineString","coordinates":[[16.5659567,49.1688792],[16.5661349,49.1689219]]}},{"type":"Feature","properties":{"way_id":1121202232,"route_colors":["#939dac","#0777c1"],"route_refs":["7","6"]},"geometry":{"type":"LineString","coordinates":[[16.5661349,49.1689219],[16.5662635,49.1689461],[16.5664169,49.168968]]}},{"type":"Feature","properties":{"way_id":936615525,"route_colors":["#939dac","#0777c1","#e1cb31"],"route_refs":["7","6","8"]},"geometry":{"type":"LineString","coordinates":[[16.5664169,49.168968],[16.5665058,49.1689744]]}},{"type":"Feature","properties":{"way_id":936615526,"route_colors":["#939dac","#0777c1","#e1cb31"],"route_refs":["7","6","8"]},"geometry":{"type":"LineString","coordinates":[[16.5665058,49.1689744],[16.566728,49.1689904],[16.5669091,49.1690041]]}},{"type":"Feature","properties":{"way_id":351837963,"route_colors":["#939dac","#0777c1","#e1cb31"],"route_refs":["7","6","8"]},"geometry":{"type":"LineString","coordinates":[[16.5669091,49.1690041],[16.5669984,49.1690091],[16.5671536,49.1690139],[16.5673151,49.1690156],[16.5674276,49.1690149],[16.5675371,49.1690112],[16.5676613,49.1690051],[16.5677519,49.1689997],[16.5681372,49.1689732],[16.5691437,49.1688979]]}},{"type":"Feature","properties":{"way_id":327084890,"route_colors":["#939dac","#0777c1","#e1cb31"],"route_refs":["7","6","8"]},"geometry":{"type":"LineString","coordinates":[[16.5691437,49.1688979],[16.5696367,49.1688611]]}},{"type":"Feature","properties":{"way_id":327084891,"route_colors":["#939dac","#0777c1","#e1cb31"],"route_refs":["7","6","8"]},"geometry":{"type":"LineString","coordinates":[[16.5696367,49.1688611],[16.5700524,49.1688316],[16.5701813,49.1688227],[16.5703666,49.1688118],[16.5705004,49.1688063],[16.5707112,49.1688008],[16.5708877,49.1688024],[16.5710385,49.1688051],[16.5712166,49.1688135],[16.5713074,49.1688193],[16.5713936,49.1688257],[16.5715056,49.1688363],[16.5716145,49.168847],[16.5717842,49.1688682],[16.571969,49.1688954],[16.572168,49.1689319],[16.5722807,49.1689558],[16.5723894,49.1689804],[16.5725066,49.1690097],[16.5726207,49.1690396],[16.5727205,49.1690671],[16.5728172,49.1690946],[16.5731349,49.1691926],[16.5731835,49.1692075],[16.5732133,49.1692167]]}},{"type":"Feature","properties":{"way_id":351837915,"route_colors":["#939dac","#0777c1","#e1cb31"],"route_refs":["7","6","8"]},"geometry":{"type":"LineString","coordinates":[[16.5732133,49.1692167],[16.573713,49.1693759],[16.5743311,49.1695742],[16.5745863,49.1696556],[16.5748485,49.169737],[16.5751838,49.16984],[16.5753164,49.1698792],[16.575452,49.169918],[16.5755311,49.1699389],[16.5756022,49.1699563],[16.5756749,49.1699726],[16.575749,49.1699872],[16.5758209,49.1700013],[16.5760152,49.1700366]]}},{"type":"Feature","properties":{"way_id":661626500,"route_colors":["#939dac","#0777c1","#e1cb31"],"route_refs":["7","6","8"]},"geometry":{"type":"LineString","coordinates":[[16.5760152,49.1700366],[16.5762307,49.1700748],[16.5763878,49.1701009],[16.5765093,49.1701198],[16.5766339,49.1701376],[16.576773,49.1701565],[16.5769174,49.1701739],[16.5770682,49.1701906]]}},{"type":"Feature","properties":{"way_id":327084898,"route_colors":["#939dac","#0777c1","#e1cb31"],"route_refs":["7","6","8"]},"geometry":{"type":"LineString","coordinates":[[16.5770682,49.1701906],[16.5771862,49.1702017],[16.5773258,49.1702134]]}},{"type":"Feature","properties":{"way_id":351837925,"route_colors":["#939dac","#0777c1","#e1cb31"],"route_refs":["7","6","8"]},"geometry":{"type":"LineString","coordinates":[[16.5773258,49.1702134],[16.5775498,49.1702293],[16.5776684,49.1702357],[16.5777862,49.1702411],[16.577935,49.1702462],[16.5780854,49.1702503],[16.5782375,49.1702537],[16.5783865,49.1702562],[16.5788479,49.1702584],[16.5790089,49.1702612],[16.5791448,49.1702653],[16.5792783,49.1702733],[16.5793847,49.1702819],[16.5794903,49.1702934],[16.5796026,49.1703105],[16.5797095,49.170329],[16.5798822,49.1703666],[16.5800352,49.1704071],[16.580129,49.1704352],[16.5802174,49.1704638],[16.5803603,49.1705147],[16.5805158,49.1705735],[16.5806691,49.1706344],[16.5807978,49.1706848],[16.5808564,49.1707098],[16.5812746,49.1708712],[16.5814034,49.170917],[16.5815268,49.1709593],[16.5816924,49.1710077],[16.5819238,49.1710651],[16.5820555,49.1710894],[16.5821862,49.1711096],[16.5822803,49.171121],[16.5823662,49.1711297],[16.5828152,49.1711602],[16.583575,49.1711878],[16.5837899,49.1711971],[16.5839977,49.171209],[16.5841547,49.1712238],[16.5843076,49.1712426],[16.5844499,49.1712666],[16.5845881,49.1712932],[16.5847333,49.1713292],[16.5848724,49.1713678],[16.5850049,49.1714117],[16.5851354,49.1714596],[16.5852481,49.171508],[16.5853558,49.1715585],[16.5854375,49.1716001],[16.5855173,49.1716437],[16.5855925,49.1716876],[16.5856626,49.1717322],[16.5857515,49.1717926],[16.5858719,49.1718769],[16.5861717,49.1720932],[16.5863845,49.1722472],[16.5864173,49.1722705],[16.5866717,49.172454],[16.5867711,49.1725261],[16.5869615,49.1726611],[16.587155,49.1727955]]}},{"type":"Feature","properties":{"way_id":327084902,"route_colors":["#939dac","#0777c1","#e1cb31"],"route_refs":["7","6","8"]},"geometry":{"type":"LineString","coordinates":[[16.587155,49.1727955],[16.5873256,49.1728986],[16.5874698,49.1729625],[16.5876824,49.1730436],[16.5878973,49.1731283],[16.5881459,49.1731892]]}},{"type":"Feature","properties":{"way_id":30853479,"route_colors":["#939dac","#0777c1","#e1cb31"],"route_refs":["7","6","8"]},"geometry":{"type":"LineString","coordinates":[[16.5881459,49.1731892],[16.5883611,49.1732317],[16.5885331,49.173254],[16.5887198,49.1732702],[16.5889187,49.1732807],[16.5890929,49.1732817],[16.5897676,49.1732552]]}},{"type":"Feature","properties":{"way_id":325880330,"route_colors":["#939dac","#e1cb31"],"route_refs":["7","8"]},"geometry":{"type":"LineString","coordinates":[[16.5897676,49.1732552],[16.5903119,49.1732263],[16.5904645,49.1732184],[16.5905705,49.1732152],[16.5907099,49.1732153],[16.5909037,49.1732251],[16.5910117,49.1732349],[16.591116,49.1732466],[16.5912414,49.1732636],[16.5913724,49.1732843],[16.5915619,49.1733247],[16.5916734,49.1733543],[16.5917837,49.1733855],[16.5918867,49.173419],[16.5920287,49.1734686],[16.5921666,49.1735246],[16.592364,49.1736209],[16.5924599,49.1736794],[16.5925838,49.1737547],[16.5926395,49.1737924],[16.5927513,49.1738753],[16.5928653,49.1739716],[16.592924,49.1740255],[16.5929808,49.1740815],[16.593043,49.1741466],[16.5931042,49.1742131],[16.5935469,49.174718],[16.5940829,49.1753316],[16.5943645,49.1756508],[16.5946279,49.1759409],[16.5948741,49.176218],[16.595107,49.1764868]]}},{"type":"Feature","properties":{"way_id":327084888,"route_colors":["#939dac","#e1cb31"],"route_refs":["7","8"]},"geometry":{"type":"LineString","coordinates":[[16.595107,49.1764868],[16.5962896,49.1778202]]}},{"type":"Feature","properties":{"way_id":351837947,"route_colors":["#939dac","#e1cb31"],"route_refs":["7","8"]},"geometry":{"type":"LineString","coordinates":[[16.5962896,49.1778202],[16.5965014,49.1780609],[16.5974928,49.1791278],[16.598013,49.1796868],[16.5991435,49.1808762],[16.5999823,49.1817746],[16.600759,49.1826085],[16.6008897,49.1827481],[16.6009696,49.1828345],[16.6010765,49.1829466],[16.6013566,49.1832503],[16.6020415,49.1839786]]}},{"type":"Feature","properties":{"way_id":327084872,"route_colors":["#939dac","#e1cb31"],"route_refs":["7","8"]},"geometry":{"type":"LineString","coordinates":[[16.6020415,49.1839786],[16.6022576,49.18421]]}},{"type":"Feature","properties":{"way_id":372703960,"route_colors":["#939dac","#e1cb31"],"route_refs":["7","8"]},"geometry":{"type":"LineString","coordinates":[[16.6022576,49.18421],[16.6023249,49.1842815]]}},{"type":"Feature","properties":{"way_id":1192940124,"route_colors":["#939dac","#e1cb31"],"route_refs":["7","8"]},"geometry":{"type":"LineString","coordinates":[[16.6023249,49.1842815],[16.6024458,49.1844107],[16.602516,49.1844835]]}},{"type":"Feature","properties":{"way_id":327084900,"route_colors":["#939dac","#e1cb31"],"route_refs":["7","8"]},"geometry":{"type":"LineString","coordinates":[[16.602516,49.1844835],[16.6026779,49.1846593],[16.6033156,49.1853077],[16.6033688,49.1853653],[16.6035346,49.1855245],[16.6037004,49.1856807],[16.6038409,49.1858089],[16.6039961,49.1859464],[16.6044542,49.1863548],[16.6051043,49.1869339],[16.6052999,49.1871084],[16.605676,49.1874443],[16.606214,49.1879204],[16.6063359,49.1880246],[16.606444,49.188113],[16.6065434,49.1881916],[16.6067123,49.1883205],[16.6069483,49.1884954],[16.607537,49.1889339],[16.6075998,49.1889828],[16.6076114,49.1889918]]}},{"type":"Feature","properties":{"way_id":1192940125,"route_colors":["#939dac","#e1cb31"],"route_refs":["7","8"]},"geometry":{"type":"LineString","coordinates":[[16.6076114,49.1889918],[16.6076771,49.1890438],[16.6077456,49.1890981],[16.6079436,49.1892614],[16.6079643,49.1892776],[16.6079748,49.1892859],[16.6084447,49.1896547],[16.6085043,49.1897004],[16.608551,49.1897353],[16.6086137,49.1897766]]}},{"type":"Feature","properties":{"way_id":998128280,"route_colors":["#939dac","#e1cb31"],"route_refs":["7","8"]},"geometry":{"type":"LineString","coordinates":[[16.6086137,49.1897766],[16.6087678,49.1898641],[16.6088176,49.1898884],[16.6088527,49.1899044],[16.6088795,49.1899166],[16.6089451,49.1899406]]}},{"type":"Feature","properties":{"way_id":1537732701,"route_colors":["#939dac"],"route_refs":["7"]},"geometry":{"type":"LineString","coordinates":[[16.6089451,49.1899406],[16.6096322,49.1901905],[16.6097111,49.1902179]]}},{"type":"Feature","properties":{"way_id":352941641,"route_colors":["#939dac","#e1cb31"],"route_refs":["7","8"]},"geometry":{"type":"LineString","coordinates":[[16.6097111,49.1902179],[16.6097967,49.1902484]]}},{"type":"Feature","properties":{"way_id":325880345,"route_colors":["#939dac"],"route_refs":["7"]},"geometry":{"type":"LineString","coordinates":[[16.6097967,49.1902484],[16.6098754,49.1902813],[16.6099257,49.1903049],[16.6099683,49.1903281],[16.6100299,49.1903626],[16.6100963,49.1904058],[16.6101444,49.1904373],[16.6101892,49.190464],[16.6102506,49.190496],[16.6103192,49.1905296],[16.6104087,49.1905678]]}},{"type":"Feature","properties":{"way_id":985289601,"route_colors":["#939dac","#d40000","#4ab95d"],"route_refs":["7","1","2"]},"geometry":{"type":"LineString","coordinates":[[16.6104087,49.1905678],[16.6104786,49.1905935],[16.6111525,49.1908345],[16.6113277,49.1908981],[16.6113873,49.1909184],[16.6114536,49.1909429],[16.6114892,49.1909586]]}},{"type":"Feature","properties":{"way_id":325880352,"route_colors":["#939dac","#d40000","#4ab95d"],"route_refs":["7","1","2"]},"geometry":{"type":"LineString","coordinates":[[16.6114892,49.1909586],[16.6115394,49.1909825],[16.6115567,49.1909922],[16.6115817,49.1910118],[16.6116158,49.1910372],[16.6116514,49.1910591],[16.6116916,49.191079],[16.611766,49.1911071]]}},{"type":"Feature","properties":{"way_id":325880343,"route_colors":["#939dac","#ee7e1e","#d40000","#4ab95d"],"route_refs":["7","4","1","2"]},"geometry":{"type":"LineString","coordinates":[[16.6127317,49.1914733],[16.6128244,49.1915167],[16.6128482,49.1915316],[16.6128736,49.1915505],[16.6129089,49.1915791],[16.6129336,49.1916047],[16.6129531,49.1916303],[16.6129754,49.1916656],[16.6129896,49.1916981],[16.6130357,49.1917729]]}},{"type":"Feature","properties":{"way_id":4052634,"route_colors":["#939dac","#ee7e1e","#d40000","#4ab95d"],"route_refs":["7","4","1","2"]},"geometry":{"type":"LineString","coordinates":[[16.6130357,49.1917729],[16.6132504,49.1921479],[16.6135149,49.1926131]]}},{"type":"Feature","properties":{"way_id":1012746305,"route_colors":["#939dac","#ee7e1e","#d40000","#4ab95d"],"route_refs":["7","4","1","2"]},"geometry":{"type":"LineString","coordinates":[[16.6135149,49.1926131],[16.6135298,49.1926426],[16.6135882,49.1927464]]}},{"type":"Feature","properties":{"way_id":330271592,"route_colors":["#939dac","#ee7e1e","#a05a2c","#d40000","#4ab95d"],"route_refs":["7","4","10","1","2"]},"geometry":{"type":"LineString","coordinates":[[16.6135882,49.1927464],[16.6136008,49.1927662],[16.6137958,49.1931111],[16.6139796,49.1934362],[16.6140036,49.1934778],[16.614041,49.1935425]]}},{"type":"Feature","properties":{"way_id":1056131288,"route_colors":["#939dac","#ee7e1e","#4ab95d"],"route_refs":["7","4","2"]},"geometry":{"type":"LineString","coordinates":[[16.614041,49.1935425],[16.614084,49.1936184]]}},{"type":"Feature","properties":{"way_id":1057433621,"route_colors":["#939dac","#ee7e1e","#4ab95d"],"route_refs":["7","4","2"]},"geometry":{"type":"LineString","coordinates":[[16.614084,49.1936184],[16.6143542,49.1940967]]}},{"type":"Feature","properties":{"way_id":1537732685,"route_colors":["#939dac"],"route_refs":["7"]},"geometry":{"type":"LineString","coordinates":[[16.6143542,49.1940967],[16.6143961,49.1941697]]}},{"type":"Feature","properties":{"way_id":345259583,"route_colors":["#939dac","#ee7e1e","#4ab95d"],"route_refs":["7","4","2"]},"geometry":{"type":"LineString","coordinates":[[16.6143961,49.1941697],[16.6144153,49.1942066],[16.6144293,49.1942377],[16.614437,49.1942619],[16.6144429,49.1942847],[16.6144462,49.1943288],[16.6144484,49.1943785],[16.6144574,49.1944258],[16.6144687,49.194461],[16.614487,49.1945086],[16.6145147,49.1945573],[16.6146453,49.1947897],[16.6147778,49.1950266],[16.6148053,49.1950792]]}},{"type":"Feature","properties":{"way_id":1056131287,"route_colors":["#939dac","#ee7e1e","#4ab95d"],"route_refs":["7","4","2"]},"geometry":{"type":"LineString","coordinates":[[16.6148053,49.1950792],[16.6148163,49.195107],[16.6148249,49.1951393],[16.6148275,49.1951768],[16.6148257,49.1952044],[16.6148146,49.1952427],[16.6147947,49.1952804],[16.6147633,49.1953164]]}},{"type":"Feature","properties":{"way_id":1537732683,"route_colors":["#939dac"],"route_refs":["7"]},"geometry":{"type":"LineString","coordinates":[[16.6147633,49.1953164],[16.6146109,49.1954862]]}},{"type":"Feature","properties":{"way_id":330271596,"route_colors":["#939dac","#ee7e1e","#4ab95d"],"route_refs":["7","4","2"]},"geometry":{"type":"LineString","coordinates":[[16.6146109,49.1954862],[16.6145677,49.1955492],[16.6145612,49.1955701],[16.6145572,49.1955935],[16.6145585,49.1956139],[16.6145641,49.195637],[16.6145723,49.1956562],[16.6145888,49.1956793],[16.6146078,49.1957009],[16.6146252,49.1957172],[16.6146466,49.1957311],[16.6146819,49.1957499],[16.6147592,49.1957835]]}},{"type":"Feature","properties":{"way_id":1537732689,"route_colors":["#939dac"],"route_refs":["7"]},"geometry":{"type":"LineString","coordinates":[[16.6147592,49.1957835],[16.6148502,49.1958162]]}},{"type":"Feature","properties":{"way_id":297697485,"route_colors":["#939dac","#ee7e1e","#4ab95d"],"route_refs":["7","4","2"]},"geometry":{"type":"LineString","coordinates":[[16.6148502,49.1958162],[16.6152722,49.1959679],[16.6154452,49.1960242],[16.6156622,49.1960949],[16.6156931,49.196105],[16.6157899,49.1961369],[16.6158066,49.1961438],[16.6158644,49.1961675],[16.6159597,49.1962067],[16.6160036,49.1962255],[16.616087,49.196261],[16.6162007,49.1963212],[16.6163048,49.1963997],[16.6164099,49.1964824],[16.6165718,49.1966097],[16.616757,49.1967254],[16.6168806,49.1968031],[16.6174271,49.1971464],[16.6177662,49.1973458],[16.6179921,49.1974808],[16.6181654,49.1975736],[16.6183802,49.1976893],[16.6184098,49.1977053],[16.6186124,49.1977897],[16.6187117,49.1978255],[16.6189521,49.1979123],[16.6193568,49.1980588],[16.6195804,49.1981397],[16.6199129,49.198244],[16.6200211,49.1982772],[16.6200962,49.1983003],[16.6206699,49.1984494],[16.6214232,49.1986167],[16.6216832,49.1986712],[16.6221789,49.1987751],[16.622695,49.1988776],[16.6232566,49.1989931],[16.6239303,49.199137],[16.6243933,49.1992375],[16.6249133,49.1993497],[16.6251399,49.1993977],[16.6254472,49.1994605],[16.6256456,49.1995172],[16.6257752,49.1995764],[16.6257869,49.1995849],[16.6258184,49.199608],[16.6258402,49.199624],[16.6258852,49.1996818],[16.6259199,49.1997555],[16.6259247,49.1997665],[16.6259987,49.1999367],[16.6260457,49.2000662],[16.6260764,49.2001713],[16.626088,49.2002112],[16.6261161,49.2003941],[16.6261437,49.2006217],[16.6262103,49.2013095],[16.6262334,49.2015612],[16.6262601,49.2018526],[16.6263041,49.2021739]]}},{"type":"Feature","properties":{"way_id":332341797,"route_colors":["#939dac","#ee7e1e"],"route_refs":["7","4"]},"geometry":{"type":"LineString","coordinates":[[16.6263041,49.2021739],[16.6262912,49.2022243],[16.6262767,49.2022634],[16.6262652,49.2022962],[16.6262522,49.2023244],[16.6262369,49.2023565],[16.6262178,49.2023932],[16.6261851,49.2024521],[16.626138,49.2025389],[16.6261151,49.2025811]]}},{"type":"Feature","properties":{"way_id":298497955,"route_colors":["#939dac","#009e9e","#ee7e1e"],"route_refs":["7","3","4"]},"geometry":{"type":"LineString","coordinates":[[16.6261151,49.2025811],[16.6259825,49.2027853],[16.6256507,49.2033991],[16.625591,49.2035029]]}},{"type":"Feature","properties":{"way_id":332341761,"route_colors":["#939dac","#009e9e"],"route_refs":["7","3"]},"geometry":{"type":"LineString","coordinates":[[16.625591,49.2035029],[16.6255612,49.2035442],[16.6255315,49.2035735],[16.6254963,49.2035973],[16.6254885,49.2036025],[16.6254563,49.2036191],[16.6254074,49.2036341],[16.6253594,49.2036473],[16.6253264,49.2036514],[16.6252466,49.2036547],[16.6251952,49.2036559],[16.6251423,49.2036536]]}},{"type":"Feature","properties":{"way_id":298497973,"route_colors":["#939dac","#009e9e"],"route_refs":["7","3"]},"geometry":{"type":"LineString","coordinates":[[16.6251423,49.2036536],[16.6250542,49.2036528],[16.6249709,49.2036543],[16.6248794,49.2036639],[16.624804,49.2036769],[16.6247313,49.2036944],[16.6246643,49.203716],[16.6246147,49.2037365],[16.6245495,49.2037681],[16.6244869,49.2038068],[16.6244403,49.2038418],[16.6244153,49.203865],[16.6240694,49.2042036],[16.6240337,49.2042406],[16.624016,49.2042589],[16.6239754,49.2043009]]}},{"type":"Feature","properties":{"way_id":1285544199,"route_colors":["#939dac","#009e9e"],"route_refs":["7","3"]},"geometry":{"type":"LineString","coordinates":[[16.6239754,49.2043009],[16.6239408,49.2043366]]}},{"type":"Feature","properties":{"way_id":249113485,"route_colors":["#939dac"],"route_refs":["7"]},"geometry":{"type":"LineString","coordinates":[[16.6239408,49.2043366],[16.62387,49.204405],[16.6238465,49.2044279],[16.6238187,49.2044558],[16.6237842,49.2044903],[16.6237757,49.2044987],[16.6237624,49.204512],[16.62375,49.2045245],[16.623678,49.2045965],[16.6235985,49.2046846],[16.6235804,49.2047033]]}},{"type":"Feature","properties":{"way_id":334179366,"route_colors":["#939dac","#009e9e"],"route_refs":["7","3"]},"geometry":{"type":"LineString","coordinates":[[16.6239671,49.2042121],[16.6243276,49.2038478],[16.6243732,49.2038104]]}},{"type":"Feature","properties":{"way_id":332341767,"route_colors":["#939dac","#ee7e1e","#4ab95d"],"route_refs":["7","4","2"]},"geometry":{"type":"LineString","coordinates":[[16.6258526,49.199772],[16.6259284,49.199946],[16.6259747,49.2000657],[16.6260245,49.200261]]}},{"type":"Feature","properties":{"way_id":332341774,"route_colors":["#939dac","#ee7e1e","#4ab95d"],"route_refs":["7","4","2"]},"geometry":{"type":"LineString","coordinates":[[16.6195117,49.1981698],[16.6195734,49.1981912],[16.6198727,49.1982857],[16.6199921,49.1983182]]}},{"type":"Feature","properties":{"way_id":165638148,"route_colors":["#939dac","#e1cb31","#d40000","#4ab95d","#00ccff"],"route_refs":["7","8","1","2","12"]},"geometry":{"type":"LineString","coordinates":[[16.609653,49.1902423],[16.6088502,49.189955],[16.608836,49.1899715],[16.6088209,49.1899891],[16.609624,49.1902763],[16.6096388,49.1902589],[16.609653,49.1902423]]}},{"type":"Feature","properties":{"way_id":327084899,"route_colors":["#939dac","#e1cb31"],"route_refs":["7","8"]},"geometry":{"type":"LineString","coordinates":[[16.6069648,49.1885657],[16.6069229,49.1885417],[16.6069074,49.1885512],[16.6068939,49.1885594],[16.6069577,49.1886089],[16.6069998,49.1886411],[16.6074454,49.1889833],[16.60748,49.1889835],[16.6075135,49.1889836],[16.6074895,49.1889596],[16.6069648,49.1885657]]}},{"type":"Feature","properties":{"way_id":85070256,"route_colors":["#939dac","#e1cb31"],"route_refs":["7","8"]},"geometry":{"type":"LineString","coordinates":[[16.6033019,49.1853752],[16.6032794,49.1853463],[16.602675,49.1847416],[16.6026361,49.1847081],[16.6026199,49.1847153],[16.602604,49.1847223],[16.6026949,49.1848154],[16.6027289,49.1848501],[16.602773,49.1848952],[16.6029543,49.1850772],[16.603269,49.1853901],[16.6032862,49.1853823],[16.6033019,49.1853752]]}},{"type":"Feature","properties":{"way_id":53152466,"route_colors":["#939dac","#e1cb31"],"route_refs":["7","8"]},"geometry":{"type":"LineString","coordinates":[[16.6002276,49.1821706],[16.6007287,49.1827041]]}},{"type":"Feature","properties":{"way_id":50637478,"route_colors":["#939dac","#e1cb31"],"route_refs":["7","8"]},"geometry":{"type":"LineString","coordinates":[[16.5974834,49.1792281],[16.5979866,49.1797648]]}},{"type":"Feature","properties":{"way_id":42085707,"route_colors":["#939dac","#0777c1","#e1cb31"],"route_refs":["7","6","8"]},"geometry":{"type":"LineString","coordinates":[[16.5863506,49.1723073],[16.5866747,49.1725532]]}},{"type":"Feature","properties":{"way_id":327084889,"route_colors":["#939dac","#0777c1","#e1cb31"],"route_refs":["7","6","8"]},"geometry":{"type":"LineString","coordinates":[[16.580777,49.1707523],[16.5812581,49.1709347]]}},{"type":"Feature","properties":{"way_id":158823514,"route_colors":["#939dac","#0777c1","#e1cb31"],"route_refs":["7","6","8"]},"geometry":{"type":"LineString","coordinates":[[16.573136,49.1692672],[16.5735892,49.1694067]]}},{"type":"Feature","properties":{"way_id":987312599,"route_colors":["#939dac","#0777c1","#e1cb31"],"route_refs":["7","6","8"]},"geometry":{"type":"LineString","coordinates":[[16.5675375,49.1690842],[16.5670192,49.1690768],[16.5665686,49.1690454]]}},{"type":"Feature","properties":{"way_id":1102313724,"route_colors":["#939dac","#0777c1"],"route_refs":["7","6"]},"geometry":{"type":"LineString","coordinates":[[16.562004,49.1681268],[16.5621949,49.1681456],[16.5623567,49.1681637],[16.562557,49.1681926],[16.5626129,49.1682018]]}},{"type":"Feature","properties":{"way_id":327084897,"route_colors":["#939dac","#0777c1"],"route_refs":["7","6"]},"geometry":{"type":"LineString","coordinates":[[16.5566066,49.1691258],[16.5569855,49.1689586]]}},{"type":"Feature","properties":{"way_id":327084901,"route_colors":["#939dac","#0777c1"],"route_refs":["7","6"]},"geometry":{"type":"LineString","coordinates":[[16.5543688,49.1708682],[16.554368,49.1709083],[16.5543748,49.1709465],[16.5543897,49.17098],[16.5544031,49.1710036],[16.5546291,49.1714018],[16.5547105,49.1715495]]}},{"type":"Feature","properties":{"way_id":334179391,"route_colors":["#939dac"],"route_refs":["7"]},"geometry":{"type":"LineString","coordinates":[[16.6235317,49.2046997],[16.623561,49.2046689],[16.6236375,49.2045909],[16.623716,49.2045093],[16.6237294,49.2044965],[16.6237426,49.2044838],[16.6237536,49.2044716],[16.6238204,49.204405],[16.6239072,49.2043186],[16.6239374,49.2042852]]}},{"type":"Feature","properties":{"way_id":401783920,"route_colors":["#939dac","#009e9e"],"route_refs":["7","3"]},"geometry":{"type":"LineString","coordinates":[[16.6239374,49.2042852],[16.6239987,49.2042255],[16.6240174,49.2042072],[16.624371,49.2038502],[16.6244047,49.2038218],[16.6244567,49.2037832],[16.6245191,49.2037453],[16.6245608,49.2037244],[16.6246353,49.2036911],[16.6246542,49.2036836],[16.6247146,49.2036656],[16.624802,49.2036451],[16.6248803,49.2036316],[16.6249577,49.2036237],[16.6250077,49.2036205],[16.6250492,49.2036192],[16.6251381,49.2036203]]}},{"type":"Feature","properties":{"way_id":332341753,"route_colors":["#939dac","#009e9e"],"route_refs":["7","3"]},"geometry":{"type":"LineString","coordinates":[[16.6251381,49.2036203],[16.6251957,49.2036198],[16.6252462,49.203619],[16.6253122,49.2036123],[16.6253577,49.203604],[16.6254198,49.2035857],[16.6254642,49.2035665],[16.6254965,49.20355],[16.6255232,49.2035317],[16.6255507,49.2034945]]}},{"type":"Feature","properties":{"way_id":332341769,"route_colors":["#939dac","#009e9e","#ee7e1e"],"route_refs":["7","3","4"]},"geometry":{"type":"LineString","coordinates":[[16.6255507,49.2034945],[16.6256108,49.2033896],[16.6259426,49.2027762],[16.6260853,49.202525]]}},{"type":"Feature","properties":{"way_id":332341800,"route_colors":["#939dac","#ee7e1e"],"route_refs":["7","4"]},"geometry":{"type":"LineString","coordinates":[[16.6260853,49.202525],[16.626101,49.2024973],[16.6261691,49.2023799],[16.6261968,49.2023314],[16.626213,49.2023041],[16.6262205,49.2022848],[16.6262333,49.2022418],[16.6262342,49.2021715]]}},{"type":"Feature","properties":{"way_id":330271594,"route_colors":["#939dac","#ee7e1e","#4ab95d"],"route_refs":["7","4","2"]},"geometry":{"type":"LineString","coordinates":[[16.6262342,49.2021715],[16.6262155,49.2018571],[16.6261704,49.201313],[16.6261063,49.2006218],[16.6260736,49.2003983],[16.6260434,49.2002166],[16.6260069,49.2000736],[16.6259579,49.1999495],[16.6259037,49.19983],[16.6258747,49.1997666],[16.6258596,49.1997401],[16.6258515,49.1997257],[16.6258489,49.1997212],[16.6258371,49.1997004],[16.625794,49.1996391],[16.6257887,49.1996347],[16.6257675,49.1996173],[16.6257457,49.1995993],[16.625738,49.1995929],[16.6256246,49.1995421],[16.6254317,49.1994878],[16.6251297,49.1994257],[16.6244113,49.1992731],[16.6239178,49.1991631],[16.6232365,49.1990189],[16.622678,49.1989015],[16.6221697,49.1988011],[16.6214156,49.1986427],[16.6206563,49.198477],[16.6200755,49.19833],[16.62,49.1983058],[16.6198851,49.198269],[16.6195418,49.1981591],[16.6194271,49.1981173],[16.6189303,49.1979383],[16.6185797,49.1978096],[16.618384,49.1977306],[16.6181332,49.1975981],[16.6179527,49.1974999],[16.6177801,49.1973976],[16.6173959,49.1971715],[16.616721,49.1967455],[16.6165393,49.1966269],[16.6163775,49.196499],[16.616269,49.1964118],[16.616172,49.1963409],[16.6160744,49.1962898],[16.6159422,49.1962328],[16.615842,49.1961921],[16.6157864,49.1961701],[16.6157655,49.1961619],[16.6156438,49.1961172],[16.6154257,49.1960462],[16.615282,49.1959995],[16.6152591,49.1959918],[16.6148321,49.1958389]]}},{"type":"Feature","properties":{"way_id":1537732688,"route_colors":["#939dac"],"route_refs":["7"]},"geometry":{"type":"LineString","coordinates":[[16.6148321,49.1958389],[16.6146874,49.1957871]]}},{"type":"Feature","properties":{"way_id":1430212205,"route_colors":["#939dac","#ee7e1e","#4ab95d"],"route_refs":["7","4","2"]},"geometry":{"type":"LineString","coordinates":[[16.6146874,49.1957871],[16.6145948,49.1957539],[16.6145209,49.1957236],[16.6141408,49.1955787]]}},{"type":"Feature","properties":{"way_id":330271588,"route_colors":["#939dac","#ee7e1e","#4ab95d"],"route_refs":["7","4","2"]},"geometry":{"type":"LineString","coordinates":[[16.6141408,49.1955787],[16.6139092,49.1954905],[16.6138764,49.195478]]}},{"type":"Feature","properties":{"way_id":1192928473,"route_colors":["#939dac","#ee7e1e","#4ab95d"],"route_refs":["7","4","2"]},"geometry":{"type":"LineString","coordinates":[[16.6138764,49.195478],[16.6138025,49.1954467],[16.6137632,49.1954275],[16.6137454,49.1954133]]}},{"type":"Feature","properties":{"way_id":330271597,"route_colors":["#939dac","#ee7e1e","#4ab95d"],"route_refs":["7","4","2"]},"geometry":{"type":"LineString","coordinates":[[16.6137454,49.1954133],[16.613721,49.1953926],[16.6137031,49.1953727],[16.6136894,49.1953528],[16.6136808,49.1953319],[16.6136746,49.1953114],[16.6136718,49.1952724],[16.6136803,49.195237],[16.6137007,49.1951889]]}},{"type":"Feature","properties":{"way_id":330271586,"route_colors":["#939dac","#ee7e1e","#a05a2c","#d40000","#4ab95d"],"route_refs":["7","4","10","1","2"]},"geometry":{"type":"LineString","coordinates":[[16.6137007,49.1951889],[16.614087,49.1947513]]}},{"type":"Feature","properties":{"way_id":1537732686,"route_colors":["#939dac","#a05a2c"],"route_refs":["7","10"]},"geometry":{"type":"LineString","coordinates":[[16.614087,49.1947513],[16.61415,49.1946818],[16.6142042,49.1946208],[16.6142498,49.1945711],[16.6142766,49.1945378]]}},{"type":"Feature","properties":{"way_id":325880335,"route_colors":["#939dac","#ee7e1e","#a05a2c","#d40000","#4ab95d"],"route_refs":["7","4","10","1","2"]},"geometry":{"type":"LineString","coordinates":[[16.6142766,49.1945378],[16.6143124,49.1944933],[16.614332,49.1944585],[16.6143433,49.1944341],[16.6143522,49.1944086],[16.6143576,49.1943822],[16.6143616,49.1943512],[16.614362,49.194322],[16.6143607,49.1943003],[16.6143602,49.1942924],[16.6143547,49.1942683],[16.6143476,49.1942451],[16.6143393,49.1942231],[16.6143245,49.1941868]]}},{"type":"Feature","properties":{"way_id":1537732684,"route_colors":["#939dac","#a05a2c"],"route_refs":["7","10"]},"geometry":{"type":"LineString","coordinates":[[16.6143245,49.1941868],[16.614123,49.1938377]]}},{"type":"Feature","properties":{"way_id":885306493,"route_colors":["#939dac","#ee7e1e","#d40000","#4ab95d"],"route_refs":["7","4","1","2"]},"geometry":{"type":"LineString","coordinates":[[16.614123,49.1938377],[16.6140822,49.193766],[16.6139287,49.1934958],[16.6139042,49.1934533]]}},{"type":"Feature","properties":{"way_id":330271598,"route_colors":["#939dac","#ee7e1e","#d40000","#4ab95d"],"route_refs":["7","4","1","2"]},"geometry":{"type":"LineString","coordinates":[[16.6139042,49.1934533],[16.6137199,49.1931295],[16.613523,49.1927836],[16.6134909,49.1927227],[16.6134724,49.1926807],[16.6134516,49.192627],[16.61343,49.1925542],[16.6134157,49.1925211],[16.6133946,49.1924805],[16.6132136,49.1921574],[16.6129898,49.1917771]]}},{"type":"Feature","properties":{"way_id":1012745046,"route_colors":["#939dac","#ee7e1e","#d40000","#4ab95d"],"route_refs":["7","4","1","2"]},"geometry":{"type":"LineString","coordinates":[[16.6129898,49.1917771],[16.612928,49.1916626]]}},{"type":"Feature","properties":{"way_id":325880336,"route_colors":["#939dac","#ee7e1e","#d40000","#4ab95d"],"route_refs":["7","4","1","2"]},"geometry":{"type":"LineString","coordinates":[[16.612928,49.1916626],[16.6129097,49.1916384],[16.6128869,49.1916124],[16.6128654,49.1915908],[16.6128342,49.191567],[16.6127857,49.1915397],[16.6127018,49.1914974]]}},{"type":"Feature","properties":{"way_id":345908395,"route_colors":["#939dac","#d40000","#4ab95d"],"route_refs":["7","1","2"]},"geometry":{"type":"LineString","coordinates":[[16.6117928,49.191153],[16.6117514,49.1911374],[16.6117012,49.1911184],[16.6116634,49.1911026],[16.611642,49.191092],[16.61161,49.1910762],[16.611525,49.1910189],[16.6114982,49.1910012],[16.6114685,49.1909856]]}},{"type":"Feature","properties":{"way_id":48242874,"route_colors":["#939dac","#d40000","#4ab95d"],"route_refs":["7","1","2"]},"geometry":{"type":"LineString","coordinates":[[16.6114685,49.1909856],[16.6113599,49.1909455]]}},{"type":"Feature","properties":{"way_id":352941680,"route_colors":["#939dac","#d40000","#4ab95d","#00ccff"],"route_refs":["7","1","2","12"]},"geometry":{"type":"LineString","coordinates":[[16.6113599,49.1909455],[16.6113402,49.1909382],[16.6113042,49.190925],[16.6112078,49.1908903],[16.6110881,49.1908484],[16.6104551,49.1906212],[16.6103607,49.1905876]]}},{"type":"Feature","properties":{"way_id":325880339,"route_colors":["#939dac"],"route_refs":["7"]},"geometry":{"type":"LineString","coordinates":[[16.6103607,49.1905876],[16.6102502,49.1905394],[16.6102006,49.1905139],[16.6101622,49.1904926],[16.6101151,49.1904638],[16.6100052,49.1903934],[16.6099562,49.1903645],[16.609902,49.1903347],[16.609841,49.1903027],[16.6097351,49.1902559]]}},{"type":"Feature","properties":{"way_id":985289602,"route_colors":["#939dac","#e1cb31"],"route_refs":["7","8"]},"geometry":{"type":"LineString","coordinates":[[16.6097351,49.1902559],[16.6096904,49.1902419],[16.6091585,49.1900516]]}},{"type":"Feature","properties":{"way_id":351837948,"route_colors":["#939dac","#e1cb31"],"route_refs":["7","8"]},"geometry":{"type":"LineString","coordinates":[[16.6091585,49.1900516],[16.6088903,49.1899557],[16.6088306,49.1899315],[16.6087858,49.1899119],[16.6087555,49.1898973],[16.6087094,49.1898741],[16.6086108,49.1898152]]}},{"type":"Feature","properties":{"way_id":326497383,"route_colors":["#939dac","#e1cb31"],"route_refs":["7","8"]},"geometry":{"type":"LineString","coordinates":[[16.6086108,49.1898152],[16.6085613,49.1897846],[16.6084132,49.1896728],[16.6079197,49.1892849],[16.6079022,49.1892711],[16.6076986,49.1891029]]}},{"type":"Feature","properties":{"way_id":1192940127,"route_colors":["#939dac","#e1cb31"],"route_refs":["7","8"]},"geometry":{"type":"LineString","coordinates":[[16.6076986,49.1891029],[16.6076422,49.189058],[16.6075652,49.1889966]]}},{"type":"Feature","properties":{"way_id":351837940,"route_colors":["#939dac","#e1cb31"],"route_refs":["7","8"]},"geometry":{"type":"LineString","coordinates":[[16.6075652,49.1889966],[16.6069947,49.1885699],[16.606918,49.1885132],[16.6066745,49.1883327],[16.6065009,49.1882017],[16.606409,49.1881292],[16.6062866,49.188028],[16.6061806,49.1879373],[16.6056453,49.1874615],[16.6052634,49.1871211],[16.6050565,49.1869368],[16.6044229,49.1863713],[16.6039627,49.185964],[16.6038222,49.1858404],[16.6036936,49.1857213],[16.6035642,49.1856009],[16.603475,49.1855171],[16.6033892,49.1854346],[16.603334,49.1853805],[16.6026953,49.1847399],[16.6026321,49.1846767],[16.6024707,49.1845056],[16.602438,49.1844712]]}},{"type":"Feature","properties":{"way_id":16232981,"route_colors":["#939dac","#e1cb31"],"route_refs":["7","8"]},"geometry":{"type":"LineString","coordinates":[[16.602438,49.1844712],[16.6024012,49.1844327],[16.602278,49.1843014]]}},{"type":"Feature","properties":{"way_id":16232980,"route_colors":["#939dac","#e1cb31"],"route_refs":["7","8"]},"geometry":{"type":"LineString","coordinates":[[16.602278,49.1843014],[16.6022152,49.1842342]]}},{"type":"Feature","properties":{"way_id":372703957,"route_colors":["#939dac","#e1cb31"],"route_refs":["7","8"]},"geometry":{"type":"LineString","coordinates":[[16.6022152,49.1842342],[16.6019998,49.1840023]]}},{"type":"Feature","properties":{"way_id":351837946,"route_colors":["#939dac","#e1cb31"],"route_refs":["7","8"]},"geometry":{"type":"LineString","coordinates":[[16.6019998,49.1840023],[16.6013077,49.1832651],[16.6010311,49.1829635],[16.6009279,49.1828556],[16.6008462,49.1827649],[16.6003225,49.1822074],[16.5999169,49.1817804],[16.5990917,49.1808952],[16.5975101,49.1792218],[16.5974446,49.1791488],[16.5964433,49.1780797],[16.5962269,49.1778422]]}},{"type":"Feature","properties":{"way_id":30798847,"route_colors":["#939dac","#e1cb31"],"route_refs":["7","8"]},"geometry":{"type":"LineString","coordinates":[[16.5962269,49.1778422],[16.5950666,49.1765038]]}},{"type":"Feature","properties":{"way_id":327084884,"route_colors":["#939dac","#e1cb31"],"route_refs":["7","8"]},"geometry":{"type":"LineString","coordinates":[[16.5950666,49.1765038],[16.5948312,49.1762312],[16.5945767,49.175957],[16.5943216,49.1756648],[16.5940386,49.1753474],[16.5934948,49.1747328],[16.5930542,49.1742382],[16.592993,49.1741696],[16.5929278,49.1741009],[16.5928268,49.1740042],[16.5927722,49.1739561],[16.5927141,49.1739093],[16.5926538,49.173863],[16.5925906,49.1738181],[16.5924678,49.1737384],[16.5922877,49.1736335],[16.5921358,49.1735603],[16.5920055,49.1735069],[16.5918582,49.1734536],[16.5917105,49.1734077],[16.5915451,49.1733633],[16.5913583,49.1733233],[16.5912661,49.1733075],[16.5911571,49.1732929],[16.5910482,49.1732788],[16.590934,49.1732678],[16.5908035,49.1732593],[16.5906749,49.1732564],[16.5905633,49.1732562],[16.5904645,49.1732587],[16.5903235,49.1732652]]}},{"type":"Feature","properties":{"way_id":1191806217,"route_colors":["#939dac","#e1cb31"],"route_refs":["7","8"]},"geometry":{"type":"LineString","coordinates":[[16.5903235,49.1732652],[16.5901482,49.1732736],[16.5897544,49.1732941]]}},{"type":"Feature","properties":{"way_id":327084905,"route_colors":["#939dac","#0777c1","#e1cb31"],"route_refs":["7","6","8"]},"geometry":{"type":"LineString","coordinates":[[16.5897544,49.1732941],[16.5892837,49.173311],[16.5891426,49.1733174],[16.5889907,49.1733195],[16.5888526,49.173316],[16.5887078,49.1733081],[16.5886176,49.1733002],[16.5885247,49.1732888],[16.5883443,49.1732608],[16.5881351,49.1732189]]}},{"type":"Feature","properties":{"way_id":30853478,"route_colors":["#939dac","#0777c1","#e1cb31"],"route_refs":["7","6","8"]},"geometry":{"type":"LineString","coordinates":[[16.5881351,49.1732189],[16.5878668,49.1731542],[16.5876191,49.1730593],[16.5874158,49.1729854],[16.5872802,49.1729253],[16.5871195,49.1728222]]}},{"type":"Feature","properties":{"way_id":351837962,"route_colors":["#939dac","#0777c1","#e1cb31"],"route_refs":["7","6","8"]},"geometry":{"type":"LineString","coordinates":[[16.5871195,49.1728222],[16.5869166,49.1726822],[16.5867321,49.1725521],[16.5866232,49.1724711],[16.5864137,49.1723203],[16.5863752,49.1722942],[16.5861349,49.1721216],[16.5858393,49.1719081],[16.5857332,49.1718349],[16.5856261,49.171765],[16.5855562,49.1717206],[16.5854832,49.1716775],[16.585401,49.1716331],[16.5853187,49.1715906],[16.5852249,49.1715482],[16.5851291,49.171507],[16.5849994,49.1714578],[16.5848657,49.1714138],[16.5847234,49.1713731],[16.584575,49.1713356],[16.5844387,49.1713076],[16.5842982,49.1712843],[16.5841492,49.1712641],[16.5839982,49.1712492],[16.583787,49.1712371],[16.5835739,49.1712262],[16.5828126,49.171198],[16.5823924,49.1711698],[16.5822945,49.1711609],[16.5821876,49.1711487],[16.5820482,49.171126],[16.5819028,49.1710966],[16.5816727,49.1710423],[16.5815561,49.1710105],[16.5814371,49.1709738],[16.5812397,49.1709029],[16.5810897,49.1708449],[16.5808432,49.1707475],[16.5807642,49.1707173],[16.5806451,49.1706684],[16.5804965,49.1706109],[16.5803456,49.1705548],[16.5801787,49.1704976],[16.5800903,49.1704693],[16.5799988,49.1704414],[16.5798882,49.170412],[16.5797873,49.1703894],[16.5796848,49.1703674],[16.5795554,49.1703443],[16.5794253,49.1703268],[16.5792689,49.1703125],[16.579138,49.1703044],[16.5790024,49.1702988],[16.5788289,49.1702953],[16.5786569,49.1702939],[16.5784281,49.1702929],[16.5782471,49.1702912],[16.5780722,49.1702869],[16.5777872,49.1702786],[16.5775519,49.170267],[16.5773188,49.1702523]]}},{"type":"Feature","properties":{"way_id":32348330,"route_colors":["#939dac","#0777c1","#e1cb31"],"route_refs":["7","6","8"]},"geometry":{"type":"LineString","coordinates":[[16.5773188,49.1702523],[16.5771788,49.1702396],[16.5770595,49.1702279]]}},{"type":"Feature","properties":{"way_id":40483980,"route_colors":["#939dac","#0777c1","#e1cb31"],"route_refs":["7","6","8"]},"geometry":{"type":"LineString","coordinates":[[16.5770595,49.1702279],[16.5769174,49.1702113],[16.5767784,49.1701936],[16.5766357,49.1701736],[16.576489,49.1701525],[16.5761743,49.170103],[16.5759206,49.1700587],[16.5758242,49.1700401],[16.5757301,49.1700209],[16.5755938,49.16999],[16.5754598,49.1699581],[16.5753205,49.1699205],[16.5751812,49.1698803],[16.5750294,49.169836]]}},{"type":"Feature","properties":{"way_id":40881732,"route_colors":["#939dac","#0777c1","#e1cb31"],"route_refs":["7","6","8"]},"geometry":{"type":"LineString","coordinates":[[16.5750294,49.169836],[16.5748307,49.1697753],[16.5746008,49.1697046],[16.5743694,49.1696289],[16.5736813,49.1694082],[16.5734978,49.1693492],[16.5732112,49.1692571],[16.5731581,49.1692405]]}},{"type":"Feature","properties":{"way_id":351837907,"route_colors":["#939dac","#0777c1","#e1cb31"],"route_refs":["7","6","8"]},"geometry":{"type":"LineString","coordinates":[[16.5731581,49.1692405],[16.572878,49.1691544],[16.572762,49.16912],[16.5726213,49.1690809],[16.5724976,49.1690488],[16.5723723,49.1690172],[16.5722702,49.1689946],[16.5721665,49.1689719],[16.5720705,49.1689536],[16.5719694,49.1689354],[16.5718698,49.1689194],[16.571767,49.1689049],[16.5716724,49.1688921],[16.571577,49.1688813],[16.5713873,49.1688625],[16.5712003,49.1688507],[16.571012,49.1688436],[16.5708356,49.1688398],[16.5706592,49.1688406],[16.5704207,49.168849],[16.5701868,49.1688612],[16.5696441,49.1689003]]}},{"type":"Feature","properties":{"way_id":40881731,"route_colors":["#939dac","#0777c1","#e1cb31"],"route_refs":["7","6","8"]},"geometry":{"type":"LineString","coordinates":[[16.5696441,49.1689003],[16.5691511,49.1689374]]}},{"type":"Feature","properties":{"way_id":26908325,"route_colors":["#939dac","#0777c1","#e1cb31"],"route_refs":["7","6","8"]},"geometry":{"type":"LineString","coordinates":[[16.5691511,49.1689374],[16.5681481,49.1690117],[16.5678459,49.1690336],[16.56767,49.1690436],[16.5675371,49.1690481],[16.567349,49.1690492],[16.567235,49.1690478],[16.5669524,49.1690376]]}},{"type":"Feature","properties":{"way_id":936615528,"route_colors":["#939dac","#0777c1","#e1cb31"],"route_refs":["7","6","8"]},"geometry":{"type":"LineString","coordinates":[[16.5669524,49.1690376],[16.5667859,49.1690281],[16.5666503,49.169018],[16.5666148,49.1690149],[16.5665479,49.1690091]]}},{"type":"Feature","properties":{"way_id":936615534,"route_colors":["#939dac","#0777c1","#e1cb31"],"route_refs":["7","6","8"]},"geometry":{"type":"LineString","coordinates":[[16.5665479,49.1690091],[16.5664491,49.1690024],[16.5663714,49.1689966]]}},{"type":"Feature","properties":{"way_id":1121202233,"route_colors":["#939dac","#0777c1"],"route_refs":["7","6"]},"geometry":{"type":"LineString","coordinates":[[16.5663714,49.1689966],[16.5661375,49.168951]]}},{"type":"Feature","properties":{"way_id":936615537,"route_colors":["#939dac","#0777c1"],"route_refs":["7","6"]},"geometry":{"type":"LineString","coordinates":[[16.5661375,49.168951],[16.5659599,49.1689191]]}},{"type":"Feature","properties":{"way_id":936615527,"route_colors":["#939dac","#0777c1"],"route_refs":["7","6"]},"geometry":{"type":"LineString","coordinates":[[16.5659599,49.1689191],[16.5658889,49.1689054],[16.5656503,49.168851],[16.564881,49.1686674]]}},{"type":"Feature","properties":{"way_id":351837909,"route_colors":["#939dac","#0777c1"],"route_refs":["7","6"]},"geometry":{"type":"LineString","coordinates":[[16.564881,49.1686674],[16.5647773,49.1686453],[16.5631081,49.1682575],[16.5626583,49.1681773],[16.5621518,49.168114],[16.5620458,49.1681032],[16.5620089,49.1680995],[16.5618939,49.1680878],[16.5615051,49.1680714],[16.5610091,49.1680637],[16.5606273,49.1680649],[16.560293,49.1680846],[16.5600046,49.168113],[16.559719,49.1681459]]}},{"type":"Feature","properties":{"way_id":26908323,"route_colors":["#939dac","#0777c1"],"route_refs":["7","6"]},"geometry":{"type":"LineString","coordinates":[[16.559719,49.1681459],[16.559452,49.1681825],[16.5592396,49.1682213]]}},{"type":"Feature","properties":{"way_id":327084883,"route_colors":["#939dac","#0777c1"],"route_refs":["7","6"]},"geometry":{"type":"LineString","coordinates":[[16.5592396,49.1682213],[16.558945,49.1682772],[16.5586095,49.1683556],[16.5583544,49.1684252],[16.5581177,49.1684947],[16.5577401,49.1686215],[16.5573918,49.1687563]]}},{"type":"Feature","properties":{"way_id":1121209119,"route_colors":["#939dac","#0777c1"],"route_refs":["7","6"]},"geometry":{"type":"LineString","coordinates":[[16.5573918,49.1687563],[16.5573354,49.1687789]]}},{"type":"Feature","properties":{"way_id":351837956,"route_colors":["#939dac","#0777c1"],"route_refs":["7","6"]},"geometry":{"type":"LineString","coordinates":[[16.5573354,49.1687789],[16.5569716,49.1689281],[16.5566131,49.1690893],[16.5565807,49.1691033],[16.5559438,49.1694284],[16.555712,49.1695669],[16.5554924,49.1697108],[16.5553695,49.1698001],[16.5552526,49.1698893],[16.5551318,49.1699849],[16.555017,49.1700843],[16.554878,49.1702127],[16.5547491,49.1703437],[16.5546282,49.1704697],[16.5546043,49.1704993]]}},{"type":"Feature","properties":{"way_id":936123828,"route_colors":["#939dac","#0777c1"],"route_refs":["7","6"]},"geometry":{"type":"LineString","coordinates":[[16.5546043,49.1704993],[16.5544545,49.1706875]]}},{"type":"Feature","properties":{"way_id":936123827,"route_colors":["#939dac","#0777c1"],"route_refs":["7","6"]},"geometry":{"type":"LineString","coordinates":[[16.5544545,49.1706875],[16.5543536,49.1708264],[16.5543468,49.1708373]]}},{"type":"Feature","properties":{"way_id":4019779,"route_colors":["#939dac","#0777c1"],"route_refs":["7","6"]},"geometry":{"type":"LineString","coordinates":[[16.5543468,49.1708373],[16.5543385,49.1708749],[16.5543337,49.1709118],[16.55434,49.1709525],[16.5543497,49.1709928],[16.5543611,49.1710158],[16.5543676,49.171029],[16.5545177,49.171291],[16.554581,49.1713883]]}},{"type":"Feature","properties":{"way_id":175838990,"route_colors":["#009e9e"],"route_refs":["3"]},"geometry":{"type":"LineString","coordinates":[[16.5089762,49.2183604],[16.5091122,49.2182669],[16.5094949,49.2180315]]}},{"type":"Feature","properties":{"way_id":67334348,"route_colors":["#009e9e"],"route_refs":["3"]},"geometry":{"type":"LineString","coordinates":[[16.5168075,49.2173045],[16.5168167,49.2172905],[16.5162582,49.2171336],[16.5162489,49.2171477],[16.5161974,49.2171332],[16.5161891,49.217146],[16.5167991,49.2173172],[16.5168075,49.2173045]]}},{"type":"Feature","properties":{"way_id":26627031,"route_colors":["#009e9e"],"route_refs":["3"]},"geometry":{"type":"LineString","coordinates":[[16.5202989,49.2210376],[16.5203731,49.2205466],[16.5204207,49.2202312]]}},{"type":"Feature","properties":{"way_id":158828947,"route_colors":["#009e9e","#d40000"],"route_refs":["3","1"]},"geometry":{"type":"LineString","coordinates":[[16.5226247,49.2284893],[16.5222156,49.2283109],[16.521605,49.228037]]}},{"type":"Feature","properties":{"way_id":72742114,"route_colors":["#009e9e","#d40000"],"route_refs":["3","1"]},"geometry":{"type":"LineString","coordinates":[[16.5318919,49.2276787],[16.5314252,49.2281748],[16.5312063,49.2284063],[16.5311184,49.2284765]]}},{"type":"Feature","properties":{"way_id":327549130,"route_colors":["#009e9e","#d40000"],"route_refs":["3","1"]},"geometry":{"type":"LineString","coordinates":[[16.5366732,49.221819],[16.53657,49.2224806]]}},{"type":"Feature","properties":{"way_id":327549141,"route_colors":["#009e9e","#d40000"],"route_refs":["3","1"]},"geometry":{"type":"LineString","coordinates":[[16.5415674,49.2187738],[16.5422271,49.2186737]]}},{"type":"Feature","properties":{"way_id":327549138,"route_colors":["#009e9e","#d40000"],"route_refs":["3","1"]},"geometry":{"type":"LineString","coordinates":[[16.5482395,49.2193653],[16.5480995,49.2193733],[16.5479365,49.2193772],[16.5476087,49.2193655]]}},{"type":"Feature","properties":{"way_id":85194582,"route_colors":["#009e9e","#d40000"],"route_refs":["3","1"]},"geometry":{"type":"LineString","coordinates":[[16.5535432,49.2179139],[16.5532399,49.2180855],[16.5530246,49.2181952],[16.5527058,49.2183534]]}},{"type":"Feature","properties":{"way_id":440398127,"route_colors":["#009e9e","#a05a2c","#d40000"],"route_refs":["3","10","1"]},"geometry":{"type":"LineString","coordinates":[[16.5596485,49.2131781],[16.5594101,49.2132586]]}},{"type":"Feature","properties":{"way_id":1255570131,"route_colors":["#009e9e","#a05a2c"],"route_refs":["3","10"]},"geometry":{"type":"LineString","coordinates":[[16.5644753,49.2133867],[16.564486,49.21337],[16.5651284,49.2135362],[16.5651183,49.2135505],[16.5644753,49.2133867]]}},{"type":"Feature","properties":{"way_id":331121736,"route_colors":["#009e9e","#a05a2c"],"route_refs":["3","10"]},"geometry":{"type":"LineString","coordinates":[[16.5688283,49.2147256],[16.5683659,49.214535]]}},{"type":"Feature","properties":{"way_id":135904305,"route_colors":["#009e9e","#a05a2c","#00ccff"],"route_refs":["3","10","12"]},"geometry":{"type":"LineString","coordinates":[[16.5960516,49.2039467],[16.5953251,49.2044735],[16.5953435,49.2044843],[16.5960699,49.2039575],[16.5960715,49.2039519],[16.5960676,49.2039473],[16.596061,49.2039452],[16.5960516,49.2039467]]}},{"type":"Feature","properties":{"way_id":158908068,"route_colors":["#009e9e","#a05a2c","#00ccff"],"route_refs":["3","10","12"]},"geometry":{"type":"LineString","coordinates":[[16.5990305,49.2016328],[16.5993313,49.2013806],[16.5994341,49.2012983]]}},{"type":"Feature","properties":{"way_id":326343367,"route_colors":["#009e9e","#f31d7f","#0777c1","#ee7e1e","#a05a2c"],"route_refs":["3","5","6","4","10"]},"geometry":{"type":"LineString","coordinates":[[16.606651,49.1977223],[16.6055623,49.1975503]]}},{"type":"Feature","properties":{"way_id":56043881,"route_colors":["#009e9e","#4ab95d"],"route_refs":["3","2"]},"geometry":{"type":"LineString","coordinates":[[16.6291965,49.2024804],[16.6297428,49.2021964]]}},{"type":"Feature","properties":{"way_id":334286379,"route_colors":["#009e9e","#4ab95d"],"route_refs":["3","2"]},"geometry":{"type":"LineString","coordinates":[[16.6330586,49.201324],[16.63312,49.201321],[16.6343874,49.2012577],[16.6344262,49.2012568],[16.6344286,49.201279],[16.6344091,49.2012794],[16.6331229,49.2013393],[16.6330601,49.2013396],[16.6330586,49.201324]]}},{"type":"Feature","properties":{"way_id":334286373,"route_colors":["#009e9e","#4ab95d"],"route_refs":["3","2"]},"geometry":{"type":"LineString","coordinates":[[16.6419962,49.2025179],[16.6415781,49.202065]]}},{"type":"Feature","properties":{"way_id":1442966705,"route_colors":["#009e9e"],"route_refs":["3"]},"geometry":{"type":"LineString","coordinates":[[16.5096812,49.2178952],[16.5096313,49.2179232],[16.5095165,49.2179856],[16.5094039,49.2180503],[16.5092941,49.2181149],[16.5091904,49.2181796],[16.5090857,49.2182489],[16.508984,49.2183182]]}},{"type":"Feature","properties":{"way_id":1442966707,"route_colors":["#009e9e"],"route_refs":["3"]},"geometry":{"type":"LineString","coordinates":[[16.5096812,49.2178952],[16.5097068,49.2178782],[16.5097259,49.2178627],[16.5097403,49.2178508],[16.50976,49.2178355],[16.5097911,49.2178118],[16.5098136,49.2177956],[16.5098367,49.2177796],[16.5098607,49.2177642],[16.5098815,49.2177506],[16.5099333,49.2177166]]}},{"type":"Feature","properties":{"way_id":343676516,"route_colors":["#009e9e"],"route_refs":["3"]},"geometry":{"type":"LineString","coordinates":[[16.5099333,49.2177166],[16.5100282,49.2176692],[16.5101272,49.2176219],[16.5102305,49.2175735],[16.5103378,49.2175252],[16.510583,49.2174194],[16.5107047,49.2173703],[16.5108438,49.2173168],[16.5109463,49.2172782],[16.5110543,49.2172387],[16.5112701,49.217164],[16.5114386,49.2171094],[16.5116137,49.2170557],[16.5117895,49.2170055],[16.5119706,49.216957],[16.5120789,49.2169305],[16.51219,49.2169057],[16.5122983,49.216884],[16.5124093,49.2168627],[16.5125373,49.2168404],[16.5126652,49.2168211],[16.5127989,49.2168033],[16.5129339,49.2167873],[16.5130222,49.2167785],[16.5131133,49.2167705],[16.5132029,49.2167647],[16.5132926,49.2167598],[16.5134747,49.2167523],[16.5136567,49.2167493],[16.5138008,49.2167504],[16.5139569,49.216754],[16.5140645,49.2167584],[16.51417,49.216764],[16.5142599,49.2167715],[16.5143558,49.2167793],[16.5144529,49.2167885],[16.5145474,49.2167994],[16.5147027,49.2168191],[16.5148131,49.2168359],[16.5149137,49.2168526],[16.5150184,49.216871],[16.515123,49.2168911],[16.5152316,49.2169147],[16.5154193,49.2169573],[16.5156038,49.2170033],[16.515799,49.2170541],[16.5159942,49.2171075],[16.5163699,49.2172121],[16.5165746,49.2172681],[16.5167737,49.2173239],[16.5168559,49.2173475],[16.5175176,49.2175309],[16.5178883,49.2176346],[16.5180774,49.2176906],[16.5182656,49.2177493],[16.5183725,49.2177846],[16.5184835,49.2178235],[16.5185897,49.2178617],[16.5186972,49.2179026],[16.5187982,49.2179436],[16.5188952,49.2179862],[16.5189901,49.2180315],[16.5190837,49.2180768],[16.5192413,49.2181622],[16.5193339,49.218219],[16.5194088,49.2182666],[16.5194797,49.2183151],[16.5196272,49.2184273]]}},{"type":"Feature","properties":{"way_id":1158000154,"route_colors":["#009e9e"],"route_refs":["3"]},"geometry":{"type":"LineString","coordinates":[[16.5196272,49.2184273],[16.5197625,49.2185409]]}},{"type":"Feature","properties":{"way_id":1158000151,"route_colors":["#009e9e"],"route_refs":["3"]},"geometry":{"type":"LineString","coordinates":[[16.5197625,49.2185409],[16.5198583,49.2186357],[16.5199352,49.2187187],[16.5200112,49.2188104],[16.5200738,49.2188928],[16.5201374,49.2189874],[16.5201914,49.2190788],[16.5202387,49.2191719],[16.5202889,49.2192812],[16.5203233,49.2193829],[16.5203507,49.2194747],[16.5203689,49.219559],[16.5203865,49.2196606],[16.5203946,49.2197461],[16.5204002,49.2198564],[16.5203978,49.2199962],[16.5203894,49.2201084],[16.5202754,49.2209734],[16.5202361,49.2211747],[16.5201908,49.2214967]]}},{"type":"Feature","properties":{"way_id":32348061,"route_colors":["#009e9e"],"route_refs":["3"]},"geometry":{"type":"LineString","coordinates":[[16.5201908,49.2214967],[16.5200953,49.222159]]}},{"type":"Feature","properties":{"way_id":15092910,"route_colors":["#009e9e"],"route_refs":["3"]},"geometry":{"type":"LineString","coordinates":[[16.5200953,49.222159],[16.5199459,49.2231488],[16.5195324,49.2259384],[16.5195224,49.226024],[16.5195187,49.2261059],[16.5195193,49.2261921],[16.5195276,49.2262763],[16.5195445,49.2263603],[16.5195794,49.2264532],[16.5196096,49.2265181],[16.5196316,49.2265601],[16.5196642,49.2266139],[16.5196979,49.2266608],[16.5197347,49.2267073],[16.5197729,49.2267529],[16.5198416,49.2268254],[16.5198621,49.2268505],[16.5198726,49.2268704]]}},{"type":"Feature","properties":{"way_id":32348333,"route_colors":["#009e9e","#d40000"],"route_refs":["3","1"]},"geometry":{"type":"LineString","coordinates":[[16.5198726,49.2268704],[16.5198854,49.2268872]]}},{"type":"Feature","properties":{"way_id":567683258,"route_colors":["#009e9e","#d40000"],"route_refs":["3","1"]},"geometry":{"type":"LineString","coordinates":[[16.5198854,49.2268872],[16.5199569,49.2269765],[16.5201707,49.2271603],[16.5207443,49.2275651]]}},{"type":"Feature","properties":{"way_id":1157989249,"route_colors":["#009e9e","#d40000"],"route_refs":["3","1"]},"geometry":{"type":"LineString","coordinates":[[16.5207443,49.2275651],[16.5211137,49.2278103],[16.5214169,49.2279849],[16.5216647,49.228097],[16.5221365,49.2283128],[16.5225784,49.228504],[16.5227124,49.2285597]]}},{"type":"Feature","properties":{"way_id":1157989251,"route_colors":["#009e9e","#d40000"],"route_refs":["3","1"]},"geometry":{"type":"LineString","coordinates":[[16.5227124,49.2285597],[16.5228796,49.2286261]]}},{"type":"Feature","properties":{"way_id":15092909,"route_colors":["#009e9e","#d40000"],"route_refs":["3","1"]},"geometry":{"type":"LineString","coordinates":[[16.5228796,49.2286261],[16.5230086,49.2286713],[16.52314,49.2287143],[16.5234678,49.2288021],[16.5237998,49.2288591],[16.5255832,49.2290703],[16.5259341,49.2291125],[16.5279085,49.2293009],[16.5285576,49.2293272],[16.5289796,49.2293046],[16.5293053,49.2292626],[16.5296495,49.2291983],[16.5299756,49.2291107],[16.5302763,49.2290004],[16.5305829,49.2288644],[16.5308912,49.2286919],[16.5311205,49.228515],[16.5312317,49.2284246],[16.5314866,49.2281754],[16.5318552,49.2277699],[16.5319303,49.2276934]]}},{"type":"Feature","properties":{"way_id":15092962,"route_colors":["#009e9e","#d40000"],"route_refs":["3","1"]},"geometry":{"type":"LineString","coordinates":[[16.5319303,49.2276934],[16.5321766,49.2274209],[16.5322821,49.2273075],[16.5324384,49.2271474],[16.5325179,49.2270725],[16.5326056,49.226997],[16.5327267,49.2269012],[16.5328692,49.2268068],[16.5329329,49.2267671],[16.5330016,49.2267273],[16.5331503,49.2266491],[16.5333339,49.2265643],[16.5335266,49.2264829]]}},{"type":"Feature","properties":{"way_id":15092961,"route_colors":["#009e9e","#d40000"],"route_refs":["3","1"]},"geometry":{"type":"LineString","coordinates":[[16.5335266,49.2264829],[16.5337801,49.2263827],[16.5340067,49.2262975],[16.5342348,49.2262083],[16.5343861,49.226145],[16.5345323,49.2260798]]}},{"type":"Feature","properties":{"way_id":10416850,"route_colors":["#009e9e","#d40000"],"route_refs":["3","1"]},"geometry":{"type":"LineString","coordinates":[[16.5345323,49.2260798],[16.5346798,49.2260067],[16.5347469,49.2259731],[16.5348122,49.2259398],[16.5349607,49.2258544],[16.5351011,49.2257667],[16.5352573,49.225658],[16.5354019,49.2255471],[16.5355252,49.2254406],[16.5355978,49.225372],[16.5356657,49.2253034],[16.5357301,49.2252344],[16.535791,49.2251654],[16.5358564,49.2250844],[16.5359149,49.2250043],[16.535971,49.2249233],[16.5360213,49.2248424],[16.5360645,49.2247678],[16.5361019,49.2246931],[16.5361697,49.2245454],[16.5362039,49.224455],[16.5362324,49.2243646],[16.5362822,49.2241808],[16.5363821,49.2237507],[16.5365784,49.2227412],[16.5367007,49.2218927],[16.5367106,49.2218208],[16.536739,49.22159],[16.5367769,49.2213814],[16.5368149,49.2212368],[16.5368619,49.2211009],[16.5369285,49.2209553],[16.5370326,49.2207795],[16.5371741,49.2206006],[16.5373003,49.2204696],[16.5374555,49.220328],[16.5375514,49.2202496],[16.5377664,49.2200918],[16.5379914,49.2199522],[16.5382233,49.2198262],[16.5385125,49.219685],[16.5387964,49.2195464],[16.5390697,49.2194196],[16.5392354,49.2193446],[16.5395394,49.2192206],[16.5397892,49.2191363],[16.5399592,49.2190871],[16.5400793,49.219058],[16.5402973,49.219007],[16.5404183,49.2189856],[16.5407828,49.2189251],[16.5415264,49.218808],[16.542179,49.2187091],[16.5423042,49.2186922],[16.5425506,49.2186639],[16.5427137,49.218653],[16.5429616,49.2186485],[16.5431887,49.2186527],[16.5435216,49.218683],[16.5438496,49.2187313],[16.5441339,49.218807],[16.5444437,49.2189044],[16.544698,49.2189982],[16.5449954,49.2191017],[16.5451795,49.2191609],[16.5453422,49.2192015],[16.5456517,49.2192662],[16.5459766,49.2193136],[16.5462682,49.2193374],[16.5469772,49.2193647],[16.5474786,49.2193762],[16.5477682,49.2193856],[16.5481339,49.2193948],[16.5482608,49.2193864],[16.5484269,49.2193754],[16.5487645,49.2193371],[16.5490823,49.2192854],[16.5494923,49.2192043],[16.5503513,49.2190362],[16.550843,49.2189377],[16.5515723,49.218768],[16.5520287,49.2186446],[16.5524756,49.2184962],[16.5527297,49.2183989],[16.5530637,49.2182313],[16.5534691,49.217996],[16.5535751,49.2179347],[16.5538449,49.2177461],[16.5541527,49.2175084],[16.5544492,49.2172702],[16.554815,49.2169426],[16.5559402,49.2159085],[16.5560514,49.2158064]]}},{"type":"Feature","properties":{"way_id":327386888,"route_colors":["#009e9e","#a05a2c","#d40000"],"route_refs":["3","10","1"]},"geometry":{"type":"LineString","coordinates":[[16.5560514,49.2158064],[16.556717,49.2151952],[16.557566,49.2144196],[16.5579736,49.2140714],[16.5582273,49.2138963],[16.5583681,49.2138004],[16.5585235,49.2137034],[16.5586873,49.2136065],[16.5588884,49.2135049],[16.5591092,49.2134069],[16.5592067,49.2133659]]}},{"type":"Feature","properties":{"way_id":802544587,"route_colors":["#009e9e","#a05a2c","#d40000"],"route_refs":["3","10","1"]},"geometry":{"type":"LineString","coordinates":[[16.5592067,49.2133659],[16.5594206,49.2132892]]}},{"type":"Feature","properties":{"way_id":440398128,"route_colors":["#009e9e","#a05a2c","#d40000"],"route_refs":["3","10","1"]},"geometry":{"type":"LineString","coordinates":[[16.5594206,49.2132892],[16.5596086,49.2132206],[16.5596666,49.213203],[16.5598443,49.2131534],[16.560109,49.2130867],[16.560503,49.2130067],[16.5606666,49.2129768],[16.5615337,49.2128405]]}},{"type":"Feature","properties":{"way_id":4532015,"route_colors":["#009e9e","#a05a2c"],"route_refs":["3","10"]},"geometry":{"type":"LineString","coordinates":[[16.5615337,49.2128405],[16.561661,49.2128257],[16.5617719,49.212815],[16.5618458,49.2128136],[16.5619209,49.2128152],[16.5620699,49.2128255],[16.5621591,49.2128351],[16.5622867,49.212852],[16.562365,49.2128647],[16.5624387,49.2128797],[16.5625263,49.2128964],[16.5627971,49.2129657],[16.5630678,49.213037],[16.5632569,49.2130859]]}},{"type":"Feature","properties":{"way_id":327386894,"route_colors":["#009e9e","#a05a2c"],"route_refs":["3","10"]},"geometry":{"type":"LineString","coordinates":[[16.5632569,49.2130859],[16.5642143,49.2133331],[16.5650636,49.2135541],[16.5651354,49.2135725],[16.5664038,49.2139025],[16.5668701,49.2140232],[16.5671165,49.2140871],[16.5673244,49.2141429],[16.5674093,49.2141683],[16.5674907,49.2141937]]}},{"type":"Feature","properties":{"way_id":345259531,"route_colors":["#009e9e","#a05a2c"],"route_refs":["3","10"]},"geometry":{"type":"LineString","coordinates":[[16.5674907,49.2141937],[16.5676082,49.2142354],[16.5676958,49.2142692],[16.5678087,49.2143162],[16.5679328,49.2143698],[16.5682381,49.2145009],[16.5687645,49.2147239],[16.5688077,49.2147407],[16.5688605,49.214762],[16.5689027,49.2147755],[16.5689484,49.214789],[16.5689993,49.2147984],[16.5690413,49.2148028],[16.5690797,49.2148035],[16.5691194,49.2148031],[16.5691532,49.2148011],[16.5692092,49.2147954],[16.5692606,49.2147896],[16.5697728,49.2147203],[16.570076,49.2146776],[16.5703329,49.2146301],[16.5706071,49.2145875],[16.5712872,49.2144744],[16.5715975,49.2144184],[16.5717967,49.2143784],[16.5719962,49.2143345],[16.5721328,49.2143045],[16.5730813,49.214077],[16.5731899,49.2140479],[16.57329,49.2140211],[16.5745412,49.2136715],[16.5746261,49.2136483],[16.574936,49.2135604],[16.5752506,49.213472],[16.5754341,49.2134211],[16.5758435,49.2132968],[16.5759634,49.2132579],[16.5765541,49.213065],[16.5771312,49.2128622],[16.5778907,49.2125904],[16.5780782,49.2125221],[16.5781965,49.2124796],[16.5782959,49.2124467],[16.5783527,49.212427],[16.5788257,49.2122857],[16.5789743,49.2122424],[16.5790506,49.2122243],[16.5791896,49.2121921],[16.5792523,49.21218],[16.5807622,49.2119691],[16.5811744,49.2119106],[16.5815961,49.211845],[16.5819608,49.2117678],[16.5821549,49.2117169],[16.5823981,49.2116409],[16.5826384,49.2115516],[16.5828006,49.2114898],[16.5832033,49.2113334],[16.5833274,49.2112824],[16.5836525,49.211149],[16.5841036,49.2109888],[16.584353,49.2109164],[16.5846268,49.210843],[16.5858038,49.2105605],[16.5863511,49.2104292],[16.5867342,49.2103372],[16.5869093,49.2102957],[16.5871241,49.2102562],[16.5877571,49.2101346],[16.5880776,49.2100649],[16.5883162,49.2099933],[16.5886337,49.2098831],[16.5887889,49.2098225],[16.5890985,49.2096852],[16.5892512,49.2096008],[16.5893605,49.2095387],[16.5896572,49.2093328],[16.5897606,49.2092552],[16.5898346,49.2092025],[16.5905418,49.2085778],[16.5908829,49.2082769],[16.5909257,49.2082386],[16.5917403,49.20751],[16.5918116,49.2074463],[16.5922766,49.2070226],[16.5925955,49.2067342],[16.5929633,49.206414],[16.5930992,49.2062958],[16.5933159,49.2061074],[16.5934508,49.2059902],[16.5935251,49.2059254],[16.5939402,49.2055886],[16.594383,49.2052252],[16.5944575,49.2051674],[16.594477,49.205152],[16.5945778,49.2050744]]}},{"type":"Feature","properties":{"way_id":330775718,"route_colors":["#009e9e","#a05a2c","#00ccff"],"route_refs":["3","10","12"]},"geometry":{"type":"LineString","coordinates":[[16.5960766,49.2039701],[16.5965487,49.2036355],[16.597754,49.2027291],[16.5978815,49.2026235],[16.5988177,49.2018427],[16.5993532,49.201388],[16.5994548,49.2013096],[16.5995489,49.2012326],[16.5996582,49.2011561],[16.600388,49.2006846],[16.6008517,49.2003936],[16.6011513,49.2001931],[16.6017184,49.1998217],[16.6018769,49.1997172],[16.6031241,49.1989546],[16.6033882,49.1987862],[16.603812,49.1985182],[16.6039373,49.198441],[16.6039435,49.1984374],[16.6040349,49.1983759]]}},{"type":"Feature","properties":{"way_id":326343362,"route_colors":["#009e9e","#a05a2c"],"route_refs":["3","10"]},"geometry":{"type":"LineString","coordinates":[[16.6051567,49.1977479],[16.6051815,49.1977013],[16.6051974,49.1976776],[16.6052218,49.1976553],[16.605249,49.1976358],[16.60527,49.1976211],[16.6052956,49.1976049],[16.6053232,49.1975912],[16.6053791,49.197576],[16.6053856,49.197575],[16.6054334,49.1975681],[16.6054794,49.1975627],[16.6055561,49.1975679]]}},{"type":"Feature","properties":{"way_id":345259539,"route_colors":["#009e9e","#f31d7f","#0777c1","#ee7e1e","#a05a2c"],"route_refs":["3","5","6","4","10"]},"geometry":{"type":"LineString","coordinates":[[16.6055561,49.1975679],[16.60653,49.1977219]]}},{"type":"Feature","properties":{"way_id":345259543,"route_colors":["#009e9e","#f31d7f","#0777c1","#ee7e1e","#a05a2c"],"route_refs":["3","5","6","4","10"]},"geometry":{"type":"LineString","coordinates":[[16.60653,49.1977219],[16.6065672,49.1977288]]}},{"type":"Feature","properties":{"way_id":326343358,"route_colors":["#009e9e","#f31d7f","#0777c1","#a05a2c"],"route_refs":["3","5","6","10"]},"geometry":{"type":"LineString","coordinates":[[16.6065672,49.1977288],[16.6066662,49.1977504],[16.6067237,49.1977662],[16.6067617,49.1977797],[16.6067929,49.1977934],[16.6068336,49.1978134],[16.6068683,49.1978324],[16.606885,49.1978425],[16.6069029,49.1978538],[16.6069247,49.1978705],[16.6069857,49.1979175],[16.6070258,49.1979509],[16.6070868,49.1980045],[16.6071131,49.1980297],[16.6071431,49.1980525]]}},{"type":"Feature","properties":{"way_id":334179396,"route_colors":["#009e9e"],"route_refs":["3"]},"geometry":{"type":"LineString","coordinates":[[16.623437,49.2043835],[16.6235199,49.2043961],[16.6235635,49.2044012],[16.6236024,49.2044032],[16.6236498,49.2044028],[16.6236994,49.2043979],[16.6237392,49.2043897],[16.6237763,49.2043794],[16.6238076,49.2043671],[16.623831,49.2043552],[16.6238706,49.2043327],[16.6239066,49.2043087],[16.6239374,49.2042852]]}},{"type":"Feature","properties":{"way_id":332341802,"route_colors":["#009e9e"],"route_refs":["3"]},"geometry":{"type":"LineString","coordinates":[[16.6260853,49.202525],[16.626141,49.2024752],[16.6261851,49.2024521],[16.626206,49.2024386],[16.6262847,49.2024108],[16.6263342,49.2024013],[16.6263875,49.2023972],[16.6264284,49.2024008],[16.6264849,49.2024044],[16.626536,49.2024115],[16.6265916,49.2024193]]}},{"type":"Feature","properties":{"way_id":297697483,"route_colors":["#009e9e","#4ab95d"],"route_refs":["3","2"]},"geometry":{"type":"LineString","coordinates":[[16.6265916,49.2024193],[16.6267189,49.2024366],[16.6268995,49.202464],[16.6269976,49.20248],[16.6270402,49.2024914],[16.6270747,49.2025028],[16.6271293,49.2025249],[16.6271967,49.2025648],[16.6274066,49.2027085],[16.6275296,49.2027922],[16.6276344,49.2028565],[16.6276772,49.2028787],[16.627722,49.2028969],[16.6277651,49.202911],[16.6278022,49.2029199],[16.6278399,49.2029268],[16.627898,49.2029344],[16.6279501,49.2029378],[16.6280088,49.2029381],[16.6280813,49.2029312],[16.6281459,49.2029149]]}},{"type":"Feature","properties":{"way_id":334286372,"route_colors":["#009e9e","#4ab95d"],"route_refs":["3","2"]},"geometry":{"type":"LineString","coordinates":[[16.6281459,49.2029149],[16.6285536,49.2027947]]}},{"type":"Feature","properties":{"way_id":334286377,"route_colors":["#009e9e","#4ab95d"],"route_refs":["3","2"]},"geometry":{"type":"LineString","coordinates":[[16.6285536,49.2027947],[16.6286013,49.2027797],[16.6286481,49.2027657],[16.6287325,49.202736],[16.6288139,49.202703],[16.628868,49.2026818],[16.6289734,49.2026317],[16.6292202,49.2024991],[16.6296651,49.2022614]]}},{"type":"Feature","properties":{"way_id":992146827,"route_colors":["#009e9e","#4ab95d"],"route_refs":["3","2"]},"geometry":{"type":"LineString","coordinates":[[16.6296651,49.2022614],[16.6297609,49.2022117],[16.6298716,49.2021542]]}},{"type":"Feature","properties":{"way_id":992146828,"route_colors":["#009e9e","#4ab95d"],"route_refs":["3","2"]},"geometry":{"type":"LineString","coordinates":[[16.6298716,49.2021542],[16.6299309,49.2021234],[16.6299552,49.2021108]]}},{"type":"Feature","properties":{"way_id":345259549,"route_colors":["#009e9e","#4ab95d"],"route_refs":["3","2"]},"geometry":{"type":"LineString","coordinates":[[16.6299552,49.2021108],[16.6300471,49.2020658],[16.6301406,49.2020224],[16.630421,49.2018922],[16.6305716,49.2018262],[16.6307059,49.2017778],[16.6309516,49.2016911],[16.6311502,49.2016297],[16.6313463,49.2015755],[16.6314133,49.2015599],[16.6315409,49.2015302],[16.6317029,49.2014963],[16.6318081,49.2014751],[16.631964,49.2014483],[16.6321516,49.2014229],[16.6323702,49.2014009],[16.6326242,49.2013801],[16.6328124,49.2013638],[16.6331244,49.201353],[16.6334747,49.2013376],[16.634003,49.2013084],[16.6341793,49.2013004],[16.634354,49.2012933]]}},{"type":"Feature","properties":{"way_id":345259585,"route_colors":["#009e9e","#4ab95d"],"route_refs":["3","2"]},"geometry":{"type":"LineString","coordinates":[[16.634354,49.2012933],[16.6344205,49.2012908],[16.6344799,49.2012888],[16.6346544,49.2012824],[16.6348314,49.2012776],[16.6349487,49.2012754]]}},{"type":"Feature","properties":{"way_id":320511178,"route_colors":["#009e9e","#4ab95d"],"route_refs":["3","2"]},"geometry":{"type":"LineString","coordinates":[[16.6349487,49.2012754],[16.6351112,49.201272],[16.635259,49.2012722]]}},{"type":"Feature","properties":{"way_id":857644333,"route_colors":["#009e9e","#4ab95d"],"route_refs":["3","2"]},"geometry":{"type":"LineString","coordinates":[[16.635259,49.2012722],[16.6356004,49.2012723],[16.6358999,49.2012676],[16.6363122,49.2012472],[16.6364146,49.201242],[16.6365996,49.2012344],[16.6378516,49.2011722],[16.6380313,49.2011633],[16.6388313,49.201124],[16.6390516,49.2011129],[16.6392865,49.2011017],[16.6394063,49.2011011],[16.6395202,49.2011035],[16.6396429,49.2011055],[16.639664,49.2011059],[16.6397161,49.2011105],[16.6398175,49.2011292],[16.6399186,49.201147],[16.639986,49.2011597],[16.6400815,49.2011824],[16.6403096,49.2012447],[16.6405007,49.2013012],[16.6406072,49.2013349],[16.640731,49.2013799],[16.6408064,49.2014139],[16.6408771,49.2014502],[16.64093,49.2014795],[16.6409771,49.2015088],[16.6410583,49.201572],[16.6411393,49.2016442],[16.6412229,49.2017352],[16.641309,49.2018286],[16.6415394,49.2020765],[16.641574,49.2021142]]}},{"type":"Feature","properties":{"way_id":297697482,"route_colors":["#009e9e","#4ab95d"],"route_refs":["3","2"]},"geometry":{"type":"LineString","coordinates":[[16.641574,49.2021142],[16.6418234,49.202382],[16.6419541,49.2025247]]}},{"type":"Feature","properties":{"way_id":469498278,"route_colors":["#009e9e","#4ab95d"],"route_refs":["3","2"]},"geometry":{"type":"LineString","coordinates":[[16.6413684,49.2021226],[16.6413578,49.2024499]]}},{"type":"Feature","properties":{"way_id":334286369,"route_colors":["#009e9e","#4ab95d"],"route_refs":["3","2"]},"geometry":{"type":"LineString","coordinates":[[16.6355153,49.2013338],[16.6355091,49.2013141],[16.634825,49.2013245],[16.6344604,49.2013306],[16.6344135,49.2013332],[16.6344127,49.2013399],[16.6344137,49.2013447],[16.6344232,49.2013529],[16.6344828,49.201353],[16.6346772,49.2013523],[16.6353046,49.2013401],[16.6355153,49.2013338]]}},{"type":"Feature","properties":{"way_id":56043871,"route_colors":["#009e9e","#4ab95d"],"route_refs":["3","2"]},"geometry":{"type":"LineString","coordinates":[[16.6292666,49.2025358],[16.6298104,49.2022535]]}},{"type":"Feature","properties":{"way_id":326343370,"route_colors":["#009e9e","#a05a2c","#00ccff"],"route_refs":["3","10","12"]},"geometry":{"type":"LineString","coordinates":[[16.6050723,49.1981907],[16.605096,49.1981423],[16.6052316,49.1977595]]}},{"type":"Feature","properties":{"way_id":158908067,"route_colors":["#009e9e","#a05a2c","#00ccff"],"route_refs":["3","10","12"]},"geometry":{"type":"LineString","coordinates":[[16.5997074,49.2011882],[16.6001424,49.2009059]]}},{"type":"Feature","properties":{"way_id":135904304,"route_colors":["#009e9e","#a05a2c","#00ccff"],"route_refs":["3","10","12"]},"geometry":{"type":"LineString","coordinates":[[16.5959649,49.2041081],[16.5954,49.2045185],[16.5954178,49.2045287],[16.5959812,49.2041189],[16.5959844,49.2041136],[16.5959809,49.2041083],[16.5959732,49.2041061],[16.5959649,49.2041081]]}},{"type":"Feature","properties":{"way_id":330775715,"route_colors":["#009e9e","#a05a2c"],"route_refs":["3","10"]},"geometry":{"type":"LineString","coordinates":[[16.5939847,49.2056092],[16.5936387,49.2058947],[16.5935746,49.2059507]]}},{"type":"Feature","properties":{"way_id":331121737,"route_colors":["#009e9e","#a05a2c"],"route_refs":["3","10"]},"geometry":{"type":"LineString","coordinates":[[16.5871451,49.2103001],[16.5877608,49.2101849]]}},{"type":"Feature","properties":{"way_id":1255570130,"route_colors":["#009e9e","#a05a2c"],"route_refs":["3","10"]},"geometry":{"type":"LineString","coordinates":[[16.5643414,49.2134307],[16.564352,49.2134141],[16.5649944,49.2135802],[16.5649843,49.2135945],[16.5643414,49.2134307]]}},{"type":"Feature","properties":{"way_id":327386886,"route_colors":["#009e9e","#a05a2c","#d40000"],"route_refs":["3","10","1"]},"geometry":{"type":"LineString","coordinates":[[16.5606996,49.2130315],[16.5605117,49.2130635],[16.5603218,49.2131015],[16.5601319,49.2131417],[16.5598685,49.2132082],[16.5598175,49.2132224],[16.559706,49.2132574]]}},{"type":"Feature","properties":{"way_id":85194597,"route_colors":["#009e9e","#d40000"],"route_refs":["3","1"]},"geometry":{"type":"LineString","coordinates":[[16.5542283,49.2175271],[16.5539019,49.2177808],[16.5536325,49.2179722]]}},{"type":"Feature","properties":{"way_id":327549140,"route_colors":["#009e9e","#d40000"],"route_refs":["3","1"]},"geometry":{"type":"LineString","coordinates":[[16.5478518,49.2194491],[16.547247,49.2194256]]}},{"type":"Feature","properties":{"way_id":327549142,"route_colors":["#009e9e","#d40000"],"route_refs":["3","1"]},"geometry":{"type":"LineString","coordinates":[[16.5423213,49.2187541],[16.5425658,49.2187244],[16.5427562,49.2187145],[16.5429308,49.2187121]]}},{"type":"Feature","properties":{"way_id":327549134,"route_colors":["#009e9e","#d40000"],"route_refs":["3","1"]},"geometry":{"type":"LineString","coordinates":[[16.5369483,49.221157],[16.5369042,49.221284],[16.5368616,49.2214714],[16.5368116,49.2218233]]}},{"type":"Feature","properties":{"way_id":72742105,"route_colors":["#009e9e","#d40000"],"route_refs":["3","1"]},"geometry":{"type":"LineString","coordinates":[[16.5320183,49.2277251],[16.5321037,49.2276291],[16.5323128,49.227404],[16.5324891,49.2272178]]}},{"type":"Feature","properties":{"way_id":180825890,"route_colors":["#009e9e","#d40000"],"route_refs":["3","1"]},"geometry":{"type":"LineString","coordinates":[[16.5225569,49.2285749],[16.5219295,49.2282933],[16.5215322,49.2281144]]}},{"type":"Feature","properties":{"way_id":27605331,"route_colors":["#009e9e"],"route_refs":["3"]},"geometry":{"type":"LineString","coordinates":[[16.5202853,49.2202249],[16.5202467,49.2204935],[16.5202166,49.2206971],[16.5201491,49.221112]]}},{"type":"Feature","properties":{"way_id":327549127,"route_colors":["#009e9e"],"route_refs":["3"]},"geometry":{"type":"LineString","coordinates":[[16.5168961,49.2174234],[16.5168735,49.2174553],[16.5170994,49.2175227],[16.5171401,49.217536],[16.5171558,49.2175115],[16.5172222,49.21753],[16.517481,49.2176002],[16.5174884,49.2175885],[16.5174959,49.2175769],[16.5169033,49.2174126],[16.5168961,49.2174234]]}},{"type":"Feature","properties":{"way_id":345259540,"route_colors":["#009e9e","#4ab95d"],"route_refs":["3","2"]},"geometry":{"type":"LineString","coordinates":[[16.641408,49.202127],[16.6414057,49.2020904]]}},{"type":"Feature","properties":{"way_id":334286376,"route_colors":["#009e9e","#4ab95d"],"route_refs":["3","2"]},"geometry":{"type":"LineString","coordinates":[[16.6414057,49.2020904],[16.6414031,49.2020595],[16.6413964,49.2020277],[16.6413872,49.2019972],[16.6413725,49.2019683],[16.6413552,49.2019389],[16.6413245,49.2019009],[16.6412736,49.2018425]]}},{"type":"Feature","properties":{"way_id":332341792,"route_colors":["#009e9e","#4ab95d"],"route_refs":["3","2"]},"geometry":{"type":"LineString","coordinates":[[16.6412736,49.2018425],[16.6411835,49.2017453],[16.6410943,49.2016501],[16.6410187,49.2015847],[16.6409494,49.2015361],[16.6408719,49.2014876],[16.6407776,49.20144],[16.6406982,49.2014043],[16.6405946,49.2013655],[16.6404851,49.2013281],[16.6402914,49.2012692],[16.64007,49.2012092],[16.6399724,49.2011862],[16.6399005,49.2011724],[16.6397966,49.201156],[16.6396891,49.2011419],[16.6396028,49.2011357],[16.6395049,49.2011317],[16.6394003,49.2011292],[16.6392922,49.2011297],[16.6390601,49.2011404],[16.6388345,49.2011516],[16.6380343,49.2011907],[16.6378548,49.201199],[16.6372526,49.2012329],[16.6367779,49.2012567],[16.6365007,49.2012705],[16.6362206,49.2012821],[16.6359011,49.2012949],[16.6355998,49.2013002],[16.6352681,49.2013036]]}},{"type":"Feature","properties":{"way_id":857644335,"route_colors":["#009e9e","#4ab95d"],"route_refs":["3","2"]},"geometry":{"type":"LineString","coordinates":[[16.6352681,49.2013036],[16.6351229,49.2013053],[16.634959,49.2013085]]}},{"type":"Feature","properties":{"way_id":857644334,"route_colors":["#009e9e","#4ab95d"],"route_refs":["3","2"]},"geometry":{"type":"LineString","coordinates":[[16.634959,49.2013085],[16.6348334,49.2013111],[16.6345392,49.2013171]]}},{"type":"Feature","properties":{"way_id":345259552,"route_colors":["#009e9e","#4ab95d"],"route_refs":["3","2"]},"geometry":{"type":"LineString","coordinates":[[16.6345392,49.2013171],[16.634504,49.2013178],[16.6344479,49.2013182],[16.6340452,49.2013347],[16.6340095,49.2013362],[16.6334718,49.2013633],[16.6331293,49.2013806],[16.6328214,49.201396],[16.6326271,49.2014071],[16.632373,49.201426],[16.6321631,49.2014486],[16.6319775,49.201474],[16.6318146,49.2015003],[16.631712,49.2015236],[16.6315702,49.2015526],[16.6313629,49.2015995],[16.6311804,49.20165],[16.6309648,49.2017185],[16.6307315,49.2018011],[16.6305983,49.2018529],[16.6304398,49.2019208],[16.6300688,49.202091],[16.6299902,49.2021322],[16.6297876,49.2022343],[16.6293012,49.2024886]]}},{"type":"Feature","properties":{"way_id":345259587,"route_colors":["#009e9e","#4ab95d"],"route_refs":["3","2"]},"geometry":{"type":"LineString","coordinates":[[16.6293012,49.2024886],[16.6292463,49.2025198],[16.6290057,49.2026541],[16.6288372,49.20273],[16.6287613,49.2027604],[16.628651,49.2028],[16.6285744,49.202824]]}},{"type":"Feature","properties":{"way_id":334286374,"route_colors":["#009e9e","#4ab95d"],"route_refs":["3","2"]},"geometry":{"type":"LineString","coordinates":[[16.6285744,49.202824],[16.6281671,49.2029452]]}},{"type":"Feature","properties":{"way_id":334286370,"route_colors":["#009e9e","#4ab95d"],"route_refs":["3","2"]},"geometry":{"type":"LineString","coordinates":[[16.6281671,49.2029452],[16.6281251,49.2029604],[16.6280751,49.2029731],[16.628011,49.2029852],[16.6279635,49.2029909],[16.6278896,49.2029894],[16.6278346,49.2029844],[16.627797,49.202977],[16.6277491,49.202964],[16.6276969,49.2029458],[16.6276523,49.2029229],[16.6276127,49.2028972],[16.6273963,49.202747],[16.6271472,49.2025772],[16.6271043,49.2025526],[16.6270593,49.2025333],[16.6270254,49.2025223],[16.6269875,49.2025112],[16.6268858,49.2024899],[16.6267044,49.202464],[16.6265249,49.2024402]]}},{"type":"Feature","properties":{"way_id":332341798,"route_colors":["#009e9e"],"route_refs":["3"]},"geometry":{"type":"LineString","coordinates":[[16.6265249,49.2024402],[16.6264604,49.2024332],[16.626415,49.2024333],[16.6263697,49.2024374],[16.6262922,49.2024565],[16.6262406,49.2024762],[16.626199,49.2024991],[16.626156,49.2025348],[16.6261497,49.202542],[16.6261151,49.2025811]]}},{"type":"Feature","properties":{"way_id":334179348,"route_colors":["#009e9e"],"route_refs":["3"]},"geometry":{"type":"LineString","coordinates":[[16.6239408,49.2043366],[16.6239169,49.2043529],[16.6238951,49.2043679],[16.6238636,49.2043859],[16.6238204,49.204405],[16.6237761,49.2044226],[16.6237577,49.2044277],[16.6237263,49.2044352],[16.6236894,49.2044404],[16.6236348,49.2044445],[16.6235971,49.2044443],[16.6235611,49.2044417],[16.6235425,49.2044404],[16.6235169,49.204437],[16.6234719,49.2044294]]}},{"type":"Feature","properties":{"way_id":1285544198,"route_colors":["#009e9e","#f31d7f"],"route_refs":["3","5"]},"geometry":{"type":"LineString","coordinates":[[16.6234719,49.2044294],[16.6234158,49.2044128]]}},{"type":"Feature","properties":{"way_id":330506831,"route_colors":["#009e9e","#f31d7f","#0777c1","#a05a2c"],"route_refs":["3","5","6","10"]},"geometry":{"type":"LineString","coordinates":[[16.6070707,49.1980396],[16.6069848,49.1979652],[16.6069608,49.1979449],[16.6069315,49.1979221],[16.6068992,49.1978992],[16.6068742,49.1978815],[16.6068243,49.1978519],[16.6067805,49.197829],[16.6067437,49.1978122],[16.6067145,49.197801],[16.6066816,49.1977888],[16.6066362,49.1977762],[16.6065382,49.1977553]]}},{"type":"Feature","properties":{"way_id":297697490,"route_colors":["#009e9e","#f31d7f","#0777c1","#ee7e1e","#a05a2c"],"route_refs":["3","5","6","4","10"]},"geometry":{"type":"LineString","coordinates":[[16.6065382,49.1977553],[16.605689,49.1976212],[16.6055456,49.1975993]]}},{"type":"Feature","properties":{"way_id":326343359,"route_colors":["#009e9e","#a05a2c"],"route_refs":["3","10"]},"geometry":{"type":"LineString","coordinates":[[16.6055456,49.1975993],[16.6054923,49.1975971],[16.6054487,49.1976023],[16.6053873,49.1976142],[16.6053491,49.1976271],[16.6053148,49.1976415],[16.6052761,49.1976695],[16.605249,49.1976918],[16.6052319,49.1977151],[16.6052085,49.1977549]]}},{"type":"Feature","properties":{"way_id":297697486,"route_colors":["#009e9e","#a05a2c","#00ccff"],"route_refs":["3","10","12"]},"geometry":{"type":"LineString","coordinates":[[16.6040788,49.1983919],[16.6039875,49.1984525],[16.6038631,49.1985431],[16.6034669,49.1987857],[16.6032501,49.1989197],[16.6031545,49.1989788],[16.6026453,49.1992898],[16.6019098,49.199739],[16.6017473,49.1998403],[16.6011829,49.2002056],[16.6008818,49.2004107],[16.600419,49.2007025],[16.5997513,49.2011366],[16.5996899,49.2011767],[16.5995884,49.2012502],[16.5994851,49.2013264],[16.5993868,49.2014016],[16.5991919,49.2015753],[16.5986921,49.2019903],[16.5979109,49.202639],[16.5977835,49.2027448],[16.5965816,49.2036456],[16.5953937,49.2045064],[16.5953647,49.204528],[16.5952189,49.2046283],[16.5950838,49.2047297],[16.594746,49.2049741],[16.5946028,49.205092]]}},{"type":"Feature","properties":{"way_id":330775709,"route_colors":["#009e9e","#a05a2c"],"route_refs":["3","10"]},"geometry":{"type":"LineString","coordinates":[[16.5946028,49.205092],[16.5945299,49.2051516],[16.5945008,49.2051749],[16.5944779,49.2051921],[16.5943999,49.2052479],[16.5939645,49.2056011],[16.5936214,49.2058884],[16.5935569,49.2059413],[16.5934822,49.2060062],[16.5933491,49.2061228],[16.5931353,49.2063104],[16.5929997,49.2064291],[16.5926278,49.2067494],[16.5923051,49.2070332],[16.5918444,49.2074614],[16.5917734,49.2075252],[16.5909203,49.2082915],[16.5905742,49.2085931],[16.589864,49.209225],[16.5897969,49.2092754],[16.5896895,49.2093478],[16.5893922,49.20956],[16.5892842,49.2096243],[16.5891301,49.209708],[16.5888965,49.2098133],[16.5888162,49.2098469],[16.5886586,49.2099129],[16.5883369,49.2100237],[16.5881054,49.2100908],[16.5877636,49.2101635],[16.5872076,49.2102695],[16.5871375,49.2102843],[16.5869239,49.2103247],[16.5867484,49.2103631],[16.5864848,49.2104272]]}},{"type":"Feature","properties":{"way_id":357201888,"route_colors":["#009e9e","#a05a2c"],"route_refs":["3","10"]},"geometry":{"type":"LineString","coordinates":[[16.5864848,49.2104272],[16.5858134,49.2105904],[16.5846191,49.2108802],[16.5844451,49.2109277],[16.5841258,49.2110248],[16.5838925,49.2111063]]}},{"type":"Feature","properties":{"way_id":1362949208,"route_colors":["#009e9e","#a05a2c"],"route_refs":["3","10"]},"geometry":{"type":"LineString","coordinates":[[16.5838925,49.2111063],[16.5835156,49.2112466],[16.5833507,49.2113131],[16.5832893,49.2113373],[16.5828183,49.2115165],[16.5826098,49.2115963],[16.5823793,49.2116836],[16.5821897,49.2117394],[16.5819885,49.2117946],[16.5816012,49.2118789],[16.5811877,49.2119418],[16.5809299,49.2119786],[16.579267,49.2122058],[16.5792036,49.2122191],[16.5790981,49.2122435],[16.5790521,49.2122545]]}},{"type":"Feature","properties":{"way_id":1362949207,"route_colors":["#009e9e","#a05a2c"],"route_refs":["3","10"]},"geometry":{"type":"LineString","coordinates":[[16.5790521,49.2122545],[16.5789915,49.2122689],[16.5788428,49.2123099],[16.5783861,49.212451],[16.5783147,49.2124749],[16.5782141,49.2125072],[16.5781275,49.2125385]]}},{"type":"Feature","properties":{"way_id":345259601,"route_colors":["#009e9e","#a05a2c"],"route_refs":["3","10"]},"geometry":{"type":"LineString","coordinates":[[16.5781275,49.2125385],[16.5780794,49.2125562],[16.5779166,49.2126173],[16.5771522,49.2128933],[16.5765729,49.2130945],[16.5759771,49.2132879],[16.5758669,49.2133232],[16.5754587,49.2134515],[16.5747271,49.2136546],[16.5746454,49.2136784],[16.5745597,49.2137021],[16.573995,49.2138619],[16.573308,49.2140507],[16.5732083,49.2140768],[16.5731013,49.2141048],[16.5721577,49.2143258],[16.571812,49.2144051],[16.5716118,49.2144431],[16.5712979,49.2145002],[16.57062,49.2146137],[16.5703382,49.2146549],[16.570085,49.2147021],[16.5697869,49.2147464],[16.5691595,49.2148334],[16.5690991,49.2148384],[16.5690537,49.2148394],[16.5690059,49.2148366],[16.5689721,49.2148316],[16.5689345,49.214824],[16.5688807,49.2148075],[16.5688317,49.214788],[16.568776,49.2147628],[16.5681882,49.2145117],[16.5680065,49.2144331],[16.567801,49.2143457],[16.5675914,49.2142607],[16.5675306,49.214239],[16.5674716,49.2142191]]}},{"type":"Feature","properties":{"way_id":327386895,"route_colors":["#009e9e","#a05a2c"],"route_refs":["3","10"]},"geometry":{"type":"LineString","coordinates":[[16.5674716,49.2142191],[16.5673227,49.2141725],[16.5672043,49.2141395],[16.5670881,49.2141096],[16.5668581,49.2140512],[16.5663969,49.2139299],[16.5651181,49.2135977],[16.5644403,49.2134217],[16.564201,49.2133587],[16.5632014,49.2131002]]}},{"type":"Feature","properties":{"way_id":327386898,"route_colors":["#009e9e","#a05a2c"],"route_refs":["3","10"]},"geometry":{"type":"LineString","coordinates":[[16.5632014,49.2131002],[16.5627814,49.212991],[16.5626654,49.2129609],[16.5625423,49.2129311],[16.5623965,49.2129],[16.5623347,49.2128888],[16.5622717,49.2128791],[16.5622047,49.2128696],[16.562136,49.212862],[16.5620361,49.2128532],[16.5619409,49.2128474],[16.5618467,49.2128465],[16.5617665,49.2128482],[16.5616061,49.2128585]]}},{"type":"Feature","properties":{"way_id":327386902,"route_colors":["#009e9e","#a05a2c","#d40000"],"route_refs":["3","10","1"]},"geometry":{"type":"LineString","coordinates":[[16.5616061,49.2128585],[16.5606728,49.2130044],[16.5601197,49.2131134],[16.5597518,49.2132079]]}},{"type":"Feature","properties":{"way_id":1005409387,"route_colors":["#009e9e","#d40000"],"route_refs":["3","1"]},"geometry":{"type":"LineString","coordinates":[[16.5597518,49.2132079],[16.5596845,49.2132277],[16.5594305,49.2133179]]}},{"type":"Feature","properties":{"way_id":802544586,"route_colors":["#009e9e","#d40000"],"route_refs":["3","1"]},"geometry":{"type":"LineString","coordinates":[[16.5594305,49.2133179],[16.559218,49.2133972]]}},{"type":"Feature","properties":{"way_id":802544585,"route_colors":["#009e9e","#d40000"],"route_refs":["3","1"]},"geometry":{"type":"LineString","coordinates":[[16.559218,49.2133972],[16.5591176,49.2134342],[16.558714,49.2136299]]}},{"type":"Feature","properties":{"way_id":327386903,"route_colors":["#009e9e","#d40000"],"route_refs":["3","1"]},"geometry":{"type":"LineString","coordinates":[[16.558714,49.2136299],[16.5583921,49.2138216],[16.558018,49.2140885],[16.5576097,49.2144327],[16.5567574,49.2152115],[16.5559694,49.2159272],[16.5559463,49.215948],[16.5548567,49.2169605],[16.5544888,49.2172865],[16.5541899,49.217521],[16.5538723,49.2177653],[16.553708,49.2178784],[16.5535991,49.2179504],[16.5535,49.2180143],[16.5530946,49.2182532],[16.5527595,49.2184186],[16.5524973,49.2185239],[16.5520406,49.2186692],[16.5515827,49.2187954],[16.5508549,49.2189692],[16.5503587,49.2190669],[16.549494,49.219234],[16.5490924,49.2193125],[16.5487521,49.2193669],[16.5484032,49.2194079],[16.5482454,49.219415],[16.5481292,49.2194203],[16.5477609,49.219412],[16.5472826,49.2193945],[16.5469704,49.2193852],[16.5462763,49.2193611],[16.5459742,49.2193383],[16.5456317,49.2192914],[16.545329,49.2192288],[16.5451459,49.2191811],[16.5449708,49.2191248],[16.544741,49.2190441],[16.5444059,49.2189271],[16.5440988,49.2188297],[16.5438418,49.2187645],[16.5435092,49.2187127],[16.5431741,49.2186818],[16.5429614,49.2186756],[16.5427044,49.2186822],[16.5425486,49.2186951]]}},{"type":"Feature","properties":{"way_id":343676508,"route_colors":["#009e9e","#d40000"],"route_refs":["3","1"]},"geometry":{"type":"LineString","coordinates":[[16.5425486,49.2186951],[16.5424185,49.2187051],[16.5423096,49.2187199],[16.5415369,49.2188363],[16.54079,49.2189482],[16.5404312,49.2190078],[16.5403107,49.2190319],[16.5400947,49.2190817],[16.5399761,49.2191109],[16.5398023,49.2191641],[16.5395593,49.2192442],[16.539263,49.2193673],[16.5390959,49.2194397],[16.5388166,49.2195696],[16.5385342,49.219707],[16.5382562,49.2198523],[16.5380317,49.219977],[16.5378059,49.2201186],[16.5375351,49.2203197],[16.5373501,49.2204881],[16.537208,49.2206303],[16.5370651,49.2208203],[16.5369669,49.2209922],[16.5369136,49.221114],[16.5368811,49.2212084],[16.5368485,49.2213157],[16.5368177,49.2214704],[16.5367749,49.2217382],[16.5367645,49.2218228],[16.5366314,49.2227459],[16.536438,49.2237567],[16.5363354,49.2241867],[16.5362882,49.2243676],[16.5362588,49.2244585],[16.5362247,49.2245493],[16.5361918,49.2246275],[16.5361543,49.2247057],[16.5361145,49.2247838],[16.5360699,49.2248613],[16.5360192,49.2249402],[16.5359649,49.22502],[16.5359072,49.2250997],[16.5358412,49.2251802],[16.5357802,49.2252515],[16.5357134,49.2253221],[16.535643,49.2253934],[16.5355692,49.2254631],[16.5354754,49.2255461],[16.53537,49.2256306],[16.535257,49.225714],[16.5351405,49.2257966],[16.5349996,49.2258857],[16.5348481,49.225971],[16.5346933,49.2260464],[16.534529,49.226129]]}},{"type":"Feature","properties":{"way_id":327549139,"route_colors":["#009e9e","#d40000"],"route_refs":["3","1"]},"geometry":{"type":"LineString","coordinates":[[16.534529,49.226129],[16.534261,49.2262433],[16.5338005,49.2264227],[16.5335519,49.2265202]]}},{"type":"Feature","properties":{"way_id":327549135,"route_colors":["#009e9e","#d40000"],"route_refs":["3","1"]},"geometry":{"type":"LineString","coordinates":[[16.5335519,49.2265202],[16.5333805,49.2265915],[16.5332233,49.2266655],[16.5330619,49.2267486],[16.5329837,49.2267931],[16.5329127,49.2268356],[16.5327781,49.226924],[16.5326597,49.2270163],[16.5325738,49.2270892],[16.5324929,49.2271621],[16.5323561,49.2273],[16.5322275,49.2274379],[16.5320406,49.2276427],[16.5319774,49.2277115],[16.5315447,49.2281956],[16.5312817,49.2284413],[16.531166,49.2285441],[16.5309203,49.2287299],[16.5306005,49.228908],[16.5303006,49.2290355],[16.5299992,49.229144],[16.5296662,49.2292368],[16.5293174,49.2293028],[16.5289887,49.2293403],[16.5285628,49.2293671],[16.5279028,49.2293403],[16.5259202,49.2291474],[16.5255636,49.2291064],[16.5237841,49.228896],[16.5234465,49.2288325],[16.5231241,49.2287506],[16.5229749,49.2287022],[16.5228315,49.2286516]]}},{"type":"Feature","properties":{"way_id":1157989252,"route_colors":["#009e9e","#d40000"],"route_refs":["3","1"]},"geometry":{"type":"LineString","coordinates":[[16.5228315,49.2286516],[16.5226657,49.228584]]}},{"type":"Feature","properties":{"way_id":1157989250,"route_colors":["#009e9e","#d40000"],"route_refs":["3","1"]},"geometry":{"type":"LineString","coordinates":[[16.5226657,49.228584],[16.5225521,49.2285367],[16.5221034,49.2283438],[16.5216187,49.2281217],[16.5213795,49.2280147],[16.5210725,49.2278418],[16.5207014,49.2275937]]}},{"type":"Feature","properties":{"way_id":327549132,"route_colors":["#009e9e","#d40000"],"route_refs":["3","1"]},"geometry":{"type":"LineString","coordinates":[[16.5207014,49.2275937],[16.520121,49.2271795],[16.5199126,49.2269901],[16.5198384,49.2269043]]}},{"type":"Feature","properties":{"way_id":158845553,"route_colors":["#009e9e","#d40000"],"route_refs":["3","1"]},"geometry":{"type":"LineString","coordinates":[[16.5198384,49.2269043],[16.5198267,49.2268907]]}},{"type":"Feature","properties":{"way_id":345259504,"route_colors":["#009e9e"],"route_refs":["3"]},"geometry":{"type":"LineString","coordinates":[[16.5198267,49.2268907],[16.5197948,49.2268476],[16.5197381,49.2267861],[16.5197149,49.226759],[16.5196644,49.2267113],[16.5196404,49.2266853],[16.5196136,49.2266523],[16.5195917,49.2266166],[16.5195679,49.2265756],[16.5195396,49.2265205],[16.519508,49.2264425],[16.519485,49.2263682],[16.5194683,49.2262817],[16.5194612,49.2261936],[16.5194622,49.2261034],[16.5194679,49.2260202],[16.5194779,49.2259346],[16.5198919,49.2231454],[16.5200415,49.2221356]]}},{"type":"Feature","properties":{"way_id":327549129,"route_colors":["#009e9e"],"route_refs":["3"]},"geometry":{"type":"LineString","coordinates":[[16.5200415,49.2221356],[16.5201445,49.2214512]]}},{"type":"Feature","properties":{"way_id":1158000152,"route_colors":["#009e9e"],"route_refs":["3"]},"geometry":{"type":"LineString","coordinates":[[16.5201445,49.2214512],[16.5201858,49.2211746],[16.5202139,49.2209851],[16.5202639,49.2206043],[16.5203284,49.2201055],[16.5203371,49.2199886],[16.5203385,49.2198608],[16.520332,49.2197475],[16.520324,49.2196705],[16.5203095,49.2195704],[16.5202889,49.2194833],[16.5202594,49.2193879],[16.5202234,49.2192825],[16.5201761,49.2191841],[16.5201331,49.2190965],[16.5200798,49.2190069],[16.5200159,49.2189105],[16.5199028,49.2187625],[16.519816,49.2186682],[16.5197113,49.2185687]]}},{"type":"Feature","properties":{"way_id":1158000153,"route_colors":["#009e9e"],"route_refs":["3"]},"geometry":{"type":"LineString","coordinates":[[16.5197113,49.2185687],[16.5195764,49.2184549]]}},{"type":"Feature","properties":{"way_id":327549137,"route_colors":["#009e9e"],"route_refs":["3"]},"geometry":{"type":"LineString","coordinates":[[16.5195764,49.2184549],[16.5194543,49.2183592],[16.5193873,49.2183116],[16.5193163,49.2182649],[16.51924,49.2182174],[16.5191597,49.2181708],[16.5190553,49.2181144],[16.5189581,49.2180651],[16.5188568,49.2180175],[16.5187561,49.2179735],[16.5186515,49.2179303],[16.5185512,49.2178919],[16.5184469,49.2178535],[16.5183419,49.2178167],[16.518233,49.2177808],[16.5181488,49.2177539],[16.5180633,49.2177278],[16.517884,49.217674],[16.5177057,49.217622],[16.5175234,49.2175717],[16.5169253,49.2174057],[16.5168346,49.2173797],[16.5163361,49.2172414],[16.5159762,49.2171421],[16.5157819,49.2170895],[16.5155848,49.2170386],[16.5153929,49.2169922],[16.5152925,49.2169686],[16.5151921,49.2169459],[16.5150671,49.2169213],[16.514938,49.2168975],[16.5148112,49.2168759],[16.5146845,49.2168577],[16.5145501,49.21684],[16.5144121,49.216825],[16.5142696,49.2168121],[16.5141296,49.2168026],[16.513979,49.2167955],[16.5138158,49.2167905],[16.513654,49.216789],[16.5134763,49.2167924],[16.5132959,49.2168002],[16.5131181,49.2168115],[16.5129377,49.216828],[16.5128082,49.2168424],[16.5126786,49.2168603],[16.5125524,49.2168787],[16.5124263,49.2169005],[16.5122885,49.2169266],[16.5121534,49.216955],[16.5119772,49.2169958],[16.5117724,49.2170508],[16.5115769,49.2171085],[16.511288,49.2172002],[16.5110903,49.2172688],[16.5108965,49.21734],[16.5107591,49.2173931],[16.5106256,49.2174471],[16.5104928,49.2175026],[16.5103694,49.2175564],[16.5102578,49.2176049],[16.5101478,49.2176534],[16.5100462,49.2177008],[16.5099547,49.2177458],[16.5098765,49.2177864],[16.5097983,49.2178303],[16.5097423,49.2178621],[16.5096812,49.2178952]]}},{"type":"Feature","properties":{"way_id":334179387,"route_colors":["#f31d7f"],"route_refs":["5"]},"geometry":{"type":"LineString","coordinates":[[16.6239981,49.2047172],[16.6240579,49.204761],[16.62411,49.2048059],[16.6241882,49.2048778],[16.6242572,49.2049527],[16.6243037,49.205012],[16.6243662,49.205097]]}},{"type":"Feature","properties":{"way_id":326343366,"route_colors":["#f31d7f","#0777c1","#ee7e1e"],"route_refs":["5","6","4"]},"geometry":{"type":"LineString","coordinates":[[16.606603,49.197783],[16.6055434,49.197614]]}},{"type":"Feature","properties":{"way_id":326497375,"route_colors":["#f31d7f","#0777c1"],"route_refs":["5","6"]},"geometry":{"type":"LineString","coordinates":[[16.6041359,49.1923038],[16.6047701,49.1922656]]}},{"type":"Feature","properties":{"way_id":327580887,"route_colors":["#f31d7f","#0777c1"],"route_refs":["5","6"]},"geometry":{"type":"LineString","coordinates":[[16.5986972,49.1915518],[16.5993874,49.1915321]]}},{"type":"Feature","properties":{"way_id":85070255,"route_colors":["#f31d7f","#0777c1","#4ab95d"],"route_refs":["5","6","2"]},"geometry":{"type":"LineString","coordinates":[[16.5943959,49.1874107],[16.5944097,49.1874145],[16.5944222,49.187418],[16.5946346,49.1871606],[16.5946005,49.1871503],[16.5943959,49.1874107]]}},{"type":"Feature","properties":{"way_id":328165107,"route_colors":["#f31d7f","#0777c1","#4ab95d"],"route_refs":["5","6","2"]},"geometry":{"type":"LineString","coordinates":[[16.5950089,49.1838888],[16.5949438,49.1834738]]}},{"type":"Feature","properties":{"way_id":328165102,"route_colors":["#f31d7f","#0777c1","#4ab95d"],"route_refs":["5","6","2"]},"geometry":{"type":"LineString","coordinates":[[16.5953342,49.1790697],[16.5953062,49.1790667],[16.595168,49.1796057],[16.5951702,49.1796105],[16.5951744,49.1796133],[16.5951794,49.1796147],[16.5951858,49.1796146],[16.5951912,49.179613],[16.5951959,49.1796088],[16.5953342,49.1790697]]}},{"type":"Feature","properties":{"way_id":328165101,"route_colors":["#f31d7f","#4ab95d"],"route_refs":["5","2"]},"geometry":{"type":"LineString","coordinates":[[16.5960524,49.1753606],[16.5960359,49.1754319],[16.5959221,49.1758788],[16.5958674,49.1760655]]}},{"type":"Feature","properties":{"way_id":328165087,"route_colors":["#f31d7f","#4ab95d"],"route_refs":["5","2"]},"geometry":{"type":"LineString","coordinates":[[16.5972298,49.1712976],[16.5971698,49.1715472],[16.597153,49.1716174],[16.5970902,49.1718615]]}},{"type":"Feature","properties":{"way_id":328165081,"route_colors":["#f31d7f","#4ab95d"],"route_refs":["5","2"]},"geometry":{"type":"LineString","coordinates":[[16.5983863,49.1652384],[16.5980775,49.1649093]]}},{"type":"Feature","properties":{"way_id":371469188,"route_colors":["#f31d7f"],"route_refs":["5"]},"geometry":{"type":"LineString","coordinates":[[16.6277661,49.2171666],[16.6277204,49.2171627],[16.627678,49.217155],[16.627648,49.2171467],[16.6276201,49.2171351],[16.6275924,49.2171204],[16.6275718,49.2171067]]}},{"type":"Feature","properties":{"way_id":330506849,"route_colors":["#f31d7f"],"route_refs":["5"]},"geometry":{"type":"LineString","coordinates":[[16.6275718,49.2171067],[16.6275541,49.2170931],[16.6275399,49.2170788],[16.6275157,49.2170479],[16.6274988,49.2170207],[16.6274414,49.2169202],[16.6273185,49.2166924],[16.6271901,49.2164531],[16.6270986,49.2162759],[16.6268748,49.2158591],[16.6266718,49.215469],[16.626583,49.2152997],[16.6264458,49.2150426],[16.6263696,49.2149125],[16.6262413,49.2146716],[16.6260396,49.2142832],[16.6259543,49.2141287],[16.6256405,49.2135215],[16.6253858,49.213042],[16.6250762,49.2124346]]}},{"type":"Feature","properties":{"way_id":371469180,"route_colors":["#f31d7f"],"route_refs":["5"]},"geometry":{"type":"LineString","coordinates":[[16.6250762,49.2124346],[16.6250174,49.2123192],[16.6249732,49.2122344],[16.6246477,49.2116365],[16.6244872,49.2113305],[16.6242595,49.2108899],[16.6241241,49.2106348],[16.6240456,49.2104672],[16.6240159,49.2104039],[16.6239696,49.2102908],[16.6239497,49.2102423],[16.6238875,49.210093],[16.6238244,49.2098918],[16.6237817,49.2097342],[16.6237762,49.2097031]]}},{"type":"Feature","properties":{"way_id":371469187,"route_colors":["#f31d7f"],"route_refs":["5"]},"geometry":{"type":"LineString","coordinates":[[16.6237762,49.2097031],[16.6237438,49.2095226],[16.6237299,49.2094242],[16.623714,49.2092954],[16.6236908,49.2090827],[16.6236936,49.208616],[16.6237075,49.2084421],[16.6237326,49.2082687],[16.6237502,49.2081881],[16.6238018,49.2079629],[16.6238513,49.207793],[16.6239125,49.2076172],[16.6239877,49.2074196],[16.6240879,49.2071735],[16.6242675,49.2067214],[16.624382,49.2064414],[16.6245084,49.2061588],[16.6245454,49.2060762],[16.6245835,49.2059305],[16.6245999,49.205768],[16.6246006,49.2056695],[16.6245678,49.2055148],[16.6245402,49.2054102],[16.6244951,49.2052854],[16.6244283,49.205142],[16.6244092,49.2051069],[16.6243746,49.205052],[16.6243399,49.2050055],[16.6242858,49.2049428],[16.6242538,49.2049055],[16.6242218,49.2048708],[16.6241492,49.2048008],[16.6240715,49.2047358]]}},{"type":"Feature","properties":{"way_id":371469186,"route_colors":["#f31d7f"],"route_refs":["5"]},"geometry":{"type":"LineString","coordinates":[[16.6240715,49.2047358],[16.6240268,49.2047017],[16.6239298,49.2046296]]}},{"type":"Feature","properties":{"way_id":334179339,"route_colors":["#f31d7f"],"route_refs":["5"]},"geometry":{"type":"LineString","coordinates":[[16.6239298,49.2046296],[16.623882,49.2045975],[16.6238395,49.204571],[16.6237876,49.2045425],[16.62375,49.2045245],[16.6237328,49.2045169],[16.623716,49.2045093],[16.6236655,49.2044899],[16.6235902,49.2044656],[16.62355,49.2044528],[16.6234719,49.2044294]]}},{"type":"Feature","properties":{"way_id":1537727362,"route_colors":["#f31d7f","#a05a2c"],"route_refs":["5","10"]},"geometry":{"type":"LineString","coordinates":[[16.6071953,49.1981521],[16.6071419,49.1981055],[16.6071155,49.198082],[16.6070707,49.1980396]]}},{"type":"Feature","properties":{"way_id":326343371,"route_colors":["#f31d7f","#0777c1","#ee7e1e"],"route_refs":["5","6","4"]},"geometry":{"type":"LineString","coordinates":[[16.6055456,49.1975993],[16.6053856,49.197575],[16.6052571,49.1975555],[16.6051081,49.1975322],[16.6049436,49.1975082]]}},{"type":"Feature","properties":{"way_id":297697498,"route_colors":["#f31d7f","#0777c1","#ee7e1e","#00ccff"],"route_refs":["5","6","4","12"]},"geometry":{"type":"LineString","coordinates":[[16.6049436,49.1975082],[16.6040453,49.1973764],[16.6039777,49.1973666]]}},{"type":"Feature","properties":{"way_id":1537727363,"route_colors":["#f31d7f","#00ccff"],"route_refs":["5","12"]},"geometry":{"type":"LineString","coordinates":[[16.6039777,49.1973666],[16.6038914,49.197354],[16.6037457,49.1973299]]}},{"type":"Feature","properties":{"way_id":665569476,"route_colors":["#f31d7f","#0777c1","#00ccff"],"route_refs":["5","6","12"]},"geometry":{"type":"LineString","coordinates":[[16.6037457,49.1973299],[16.6037045,49.1973219],[16.6036845,49.1973176],[16.6036551,49.1973103],[16.6036185,49.1972995],[16.6035972,49.1972917]]}},{"type":"Feature","properties":{"way_id":326497368,"route_colors":["#f31d7f","#0777c1","#00ccff"],"route_refs":["5","6","12"]},"geometry":{"type":"LineString","coordinates":[[16.6035972,49.1972917],[16.603554,49.1972691],[16.6035294,49.1972525],[16.6035018,49.1972293],[16.6034836,49.1972093],[16.6034683,49.1971858],[16.6034566,49.1971639],[16.6034505,49.1971404],[16.6034466,49.1971225],[16.603446,49.1970984]]}},{"type":"Feature","properties":{"way_id":665569480,"route_colors":["#f31d7f","#0777c1","#00ccff"],"route_refs":["5","6","12"]},"geometry":{"type":"LineString","coordinates":[[16.603446,49.1970984],[16.6034516,49.1970682],[16.6034669,49.1970232]]}},{"type":"Feature","properties":{"way_id":326497372,"route_colors":["#f31d7f","#0777c1","#00ccff"],"route_refs":["5","6","12"]},"geometry":{"type":"LineString","coordinates":[[16.6034669,49.1970232],[16.6034974,49.1969381],[16.6036997,49.1963733],[16.6037303,49.196283],[16.603761,49.1961972],[16.6039066,49.1957878],[16.6040888,49.1952642],[16.6041108,49.1952029],[16.6041161,49.1951876],[16.6041777,49.1950071],[16.6043227,49.194599],[16.6045186,49.1940333],[16.6046414,49.1936892],[16.6049236,49.1928651],[16.6049494,49.1927987],[16.604983,49.1927306],[16.6050139,49.1926787],[16.6050387,49.1926275],[16.6050564,49.1925868],[16.6050844,49.1925066],[16.6050949,49.1924751]]}},{"type":"Feature","properties":{"way_id":326497369,"route_colors":["#f31d7f","#0777c1"],"route_refs":["5","6"]},"geometry":{"type":"LineString","coordinates":[[16.6050949,49.1924751],[16.6050979,49.1924477],[16.6050988,49.1924393],[16.6050967,49.1924129],[16.6050832,49.1923786],[16.6050622,49.1923474],[16.605032,49.1923184],[16.6049977,49.1922973],[16.6049586,49.1922764],[16.6049066,49.1922577],[16.6048582,49.1922484],[16.6047911,49.192245],[16.6047262,49.1922468],[16.6042302,49.192276]]}},{"type":"Feature","properties":{"way_id":351841060,"route_colors":["#f31d7f","#0777c1"],"route_refs":["5","6"]},"geometry":{"type":"LineString","coordinates":[[16.6042302,49.192276],[16.6040043,49.1922891],[16.6038434,49.1922914],[16.6037305,49.1922888],[16.6036217,49.1922822],[16.6028341,49.1922123],[16.6025971,49.1921863],[16.6024863,49.1921708],[16.6022163,49.192131],[16.6018409,49.1920723],[16.6015598,49.1920264],[16.6013122,49.1919744],[16.6011325,49.1919325],[16.6010139,49.1918985],[16.6008643,49.1918566],[16.600694,49.1917993],[16.6005632,49.1917516],[16.6004772,49.1917208],[16.6004112,49.1916976],[16.6003454,49.1916775],[16.6002343,49.191645],[16.6000292,49.1915883],[16.5999226,49.1915622],[16.5998183,49.1915391],[16.5997698,49.1915305],[16.5996971,49.1915209],[16.5996267,49.1915133],[16.5995771,49.1915108],[16.599529,49.1915093],[16.5994554,49.1915081],[16.5993855,49.191508],[16.5992095,49.191512],[16.5988173,49.1915277]]}},{"type":"Feature","properties":{"way_id":351841066,"route_colors":["#f31d7f","#0777c1"],"route_refs":["5","6"]},"geometry":{"type":"LineString","coordinates":[[16.5988173,49.1915277],[16.5986932,49.1915321],[16.5986171,49.1915368],[16.5984953,49.1915474],[16.5983724,49.1915612],[16.5982749,49.1915726],[16.5981774,49.1915845],[16.5972337,49.1916941],[16.5971496,49.1917032],[16.5970656,49.1917108],[16.5970073,49.1917149],[16.5969445,49.1917171],[16.5969072,49.1917182],[16.59687,49.1917184],[16.596821,49.1917167],[16.5967601,49.1917117],[16.5966991,49.1917047],[16.5966524,49.1916989],[16.5966049,49.1916921],[16.596508,49.1916768],[16.596309,49.1916425],[16.5959961,49.19159],[16.5959769,49.1915868]]}},{"type":"Feature","properties":{"way_id":1214021139,"route_colors":["#f31d7f","#0777c1"],"route_refs":["5","6"]},"geometry":{"type":"LineString","coordinates":[[16.5959769,49.1915868],[16.5959285,49.1915773],[16.5958844,49.1915643],[16.5958623,49.1915567],[16.5958392,49.1915467],[16.5958137,49.1915344],[16.5957865,49.1915194],[16.595751,49.1914921],[16.5957263,49.1914649],[16.5957056,49.1914352],[16.5957028,49.1914292],[16.5956949,49.1914123]]}},{"type":"Feature","properties":{"way_id":1214021136,"route_colors":["#f31d7f","#0777c1"],"route_refs":["5","6"]},"geometry":{"type":"LineString","coordinates":[[16.5956949,49.1914123],[16.595688,49.1913914],[16.5956824,49.1913661],[16.5956794,49.1913297],[16.5956772,49.1912799],[16.5956739,49.1912408],[16.59567,49.1911953],[16.5956606,49.1911203],[16.5956506,49.1910837],[16.5956385,49.1910493],[16.5956249,49.191016],[16.5956032,49.1909844],[16.595591,49.1909639],[16.5955761,49.1909417],[16.5955617,49.190922],[16.5955279,49.1908796],[16.5954752,49.1908163]]}},{"type":"Feature","properties":{"way_id":357396375,"route_colors":["#f31d7f","#0777c1"],"route_refs":["5","6"]},"geometry":{"type":"LineString","coordinates":[[16.5954752,49.1908163],[16.5952745,49.1905757],[16.5952184,49.1905083],[16.5951894,49.1904766],[16.5951714,49.1904581],[16.5951547,49.1904432],[16.5951396,49.1904315],[16.5951229,49.1904188],[16.5951018,49.1904055],[16.5950762,49.1903905],[16.5950547,49.19038],[16.59503,49.1903695],[16.5950019,49.1903594],[16.5949711,49.1903497],[16.5949435,49.1903423],[16.5949083,49.1903346],[16.5948579,49.1903241],[16.5947455,49.1903025],[16.594325,49.1902216],[16.5942438,49.1902059],[16.5941722,49.190192]]}},{"type":"Feature","properties":{"way_id":1539371052,"route_colors":["#f31d7f"],"route_refs":["5"]},"geometry":{"type":"LineString","coordinates":[[16.5941722,49.190192],[16.5941438,49.1901855],[16.5941332,49.1901827],[16.5941184,49.1901788],[16.5940958,49.1901721],[16.5940757,49.1901642],[16.594055,49.190155],[16.594037,49.1901462],[16.5940186,49.190135],[16.5940098,49.190129],[16.5940005,49.1901226],[16.5939865,49.1901114]]}},{"type":"Feature","properties":{"way_id":327225706,"route_colors":["#f31d7f","#0777c1"],"route_refs":["5","6"]},"geometry":{"type":"LineString","coordinates":[[16.5939865,49.1901114],[16.5939747,49.1901014],[16.5939638,49.1900908],[16.593953,49.1900793],[16.593943,49.1900654],[16.5939333,49.1900487],[16.5939258,49.1900313],[16.5939195,49.1900146],[16.5939153,49.1899993],[16.5939133,49.1899905],[16.5939117,49.1899729],[16.5939121,49.1899591],[16.5939155,49.1899376],[16.5939219,49.1899178],[16.5939248,49.1899086],[16.5939324,49.1898897]]}},{"type":"Feature","properties":{"way_id":1539371048,"route_colors":["#f31d7f"],"route_refs":["5"]},"geometry":{"type":"LineString","coordinates":[[16.5939324,49.1898897],[16.5939508,49.1898516],[16.5939812,49.1897887],[16.5940006,49.1897486],[16.5940257,49.1897076],[16.5940669,49.1896495],[16.5941384,49.1895487],[16.5941591,49.1895239]]}},{"type":"Feature","properties":{"way_id":1489077161,"route_colors":["#f31d7f","#0777c1","#d40000"],"route_refs":["5","6","1"]},"geometry":{"type":"LineString","coordinates":[[16.5941591,49.1895239],[16.5944522,49.1891263]]}},{"type":"Feature","properties":{"way_id":328042431,"route_colors":["#f31d7f","#0777c1"],"route_refs":["5","6"]},"geometry":{"type":"LineString","coordinates":[[16.5944522,49.1891263],[16.5944632,49.1891047],[16.5944735,49.1890829],[16.5944794,49.189062],[16.5944871,49.1890194],[16.5944888,49.1889953],[16.5944896,49.1889666],[16.5944877,49.1889412],[16.5944821,49.1889178],[16.5944762,49.1888934],[16.5944639,49.188863],[16.5944492,49.1888335],[16.5944332,49.188804]]}},{"type":"Feature","properties":{"way_id":328042427,"route_colors":["#f31d7f","#0777c1","#4ab95d"],"route_refs":["5","6","2"]},"geometry":{"type":"LineString","coordinates":[[16.5944332,49.188804],[16.5943654,49.1887067],[16.5941641,49.1883802],[16.5941347,49.1883074],[16.5941123,49.1882228],[16.5941027,49.1881419],[16.5941017,49.1880853],[16.5941021,49.1880171],[16.5941093,49.1879479],[16.5941146,49.1879088],[16.5941237,49.1878691],[16.5941377,49.1878327],[16.5941532,49.1877962],[16.5941793,49.1877469],[16.5942145,49.1876957],[16.5942639,49.1876319],[16.5943163,49.1875681]]}},{"type":"Feature","properties":{"way_id":662666401,"route_colors":["#f31d7f","#0777c1","#4ab95d"],"route_refs":["5","6","2"]},"geometry":{"type":"LineString","coordinates":[[16.5943163,49.1875681],[16.5946382,49.1871817],[16.5946645,49.1871501],[16.594732,49.1870691],[16.594793,49.1869918],[16.5948237,49.186945],[16.5948505,49.1868978],[16.5948723,49.1868429]]}},{"type":"Feature","properties":{"way_id":1056326258,"route_colors":["#f31d7f","#0777c1","#4ab95d"],"route_refs":["5","6","2"]},"geometry":{"type":"LineString","coordinates":[[16.5948723,49.1868429],[16.5948821,49.1868151],[16.594893,49.1867839]]}},{"type":"Feature","properties":{"way_id":1167327921,"route_colors":["#f31d7f","#0777c1","#4ab95d"],"route_refs":["5","6","2"]},"geometry":{"type":"LineString","coordinates":[[16.594893,49.1867839],[16.5949043,49.1867475]]}},{"type":"Feature","properties":{"way_id":662666405,"route_colors":["#f31d7f","#0777c1","#4ab95d"],"route_refs":["5","6","2"]},"geometry":{"type":"LineString","coordinates":[[16.5949043,49.1867475],[16.5949225,49.186691]]}},{"type":"Feature","properties":{"way_id":1058084611,"route_colors":["#f31d7f","#0777c1","#4ab95d"],"route_refs":["5","6","2"]},"geometry":{"type":"LineString","coordinates":[[16.5949225,49.186691],[16.5949323,49.186662]]}},{"type":"Feature","properties":{"way_id":328165103,"route_colors":["#f31d7f","#0777c1","#4ab95d"],"route_refs":["5","6","2"]},"geometry":{"type":"LineString","coordinates":[[16.5949323,49.186662],[16.5950387,49.1863222]]}},{"type":"Feature","properties":{"way_id":328165110,"route_colors":["#f31d7f","#0777c1","#4ab95d"],"route_refs":["5","6","2"]},"geometry":{"type":"LineString","coordinates":[[16.5950387,49.1863222],[16.5950705,49.1862127],[16.595124,49.1860234],[16.5951645,49.185858],[16.5951992,49.1856599],[16.5952195,49.1854042],[16.5952152,49.1851505],[16.5951866,49.1849193],[16.5951694,49.1848081],[16.595055,49.1840639],[16.5950393,49.1839168],[16.5949901,49.1836236],[16.5949669,49.1834998],[16.5948478,49.1827214],[16.5948297,49.1826087],[16.594805,49.1824403],[16.5947675,49.1821831],[16.5947371,49.1819206],[16.59474,49.1817619],[16.5947588,49.181561],[16.5948095,49.1812888],[16.5948414,49.1811336],[16.5948637,49.1810505],[16.5949572,49.180692],[16.5950083,49.1804852],[16.5951269,49.1800092],[16.5952134,49.1796664],[16.5953342,49.1791683],[16.5953541,49.1790896],[16.5953651,49.1790459],[16.5953832,49.1789688],[16.5954617,49.1786393],[16.5954764,49.1785734]]}},{"type":"Feature","properties":{"way_id":1191798655,"route_colors":["#f31d7f","#0777c1","#4ab95d"],"route_refs":["5","6","2"]},"geometry":{"type":"LineString","coordinates":[[16.5954764,49.1785734],[16.5954861,49.1784884],[16.5954819,49.1784537],[16.5954744,49.1784268],[16.5954465,49.1783708],[16.5954265,49.1783328]]}},{"type":"Feature","properties":{"way_id":1454146232,"route_colors":["#f31d7f","#0777c1","#4ab95d"],"route_refs":["5","6","2"]},"geometry":{"type":"LineString","coordinates":[[16.5954265,49.1783328],[16.5953948,49.1782727],[16.5953557,49.1782075],[16.5953266,49.1781528]]}},{"type":"Feature","properties":{"way_id":1454146231,"route_colors":["#f31d7f","#4ab95d"],"route_refs":["5","2"]},"geometry":{"type":"LineString","coordinates":[[16.5953266,49.1781528],[16.5953215,49.178135],[16.5953097,49.1780851],[16.5953008,49.1780206],[16.5953099,49.1779531],[16.5953243,49.1779104],[16.5953612,49.1778026],[16.5954975,49.1773972],[16.5955443,49.177254],[16.5955758,49.1771656],[16.5955834,49.177139],[16.5956437,49.1769656]]}},{"type":"Feature","properties":{"way_id":351841050,"route_colors":["#f31d7f","#4ab95d"],"route_refs":["5","2"]},"geometry":{"type":"LineString","coordinates":[[16.5956437,49.1769656],[16.5957008,49.1768014],[16.5958625,49.1763123],[16.5960666,49.1755262],[16.5960903,49.1754349],[16.5962572,49.1747661],[16.5963186,49.1745199],[16.5966639,49.1731361],[16.5967273,49.1729636],[16.5967962,49.1728045],[16.5968964,49.1725957],[16.5969117,49.1725638],[16.5969719,49.1724118],[16.5971315,49.17187],[16.5972597,49.1713303],[16.5972676,49.1712952],[16.5972744,49.1712713],[16.5972915,49.1712113],[16.5974567,49.1706571],[16.5976525,49.1701231],[16.5977233,49.1698983]]}},{"type":"Feature","properties":{"way_id":7962801,"route_colors":["#f31d7f","#4ab95d"],"route_refs":["5","2"]},"geometry":{"type":"LineString","coordinates":[[16.5977233,49.1698983],[16.5977336,49.1698249],[16.5977396,49.1697522],[16.5977565,49.1695593],[16.5977672,49.1694712],[16.5977788,49.1693845],[16.5978113,49.1692054],[16.5978534,49.1690289],[16.5980514,49.1682666],[16.5981605,49.1678502],[16.5982184,49.1676306],[16.5983226,49.1672022],[16.5983819,49.1669708],[16.5984221,49.166758],[16.5984501,49.166537],[16.5985423,49.1655743]]}},{"type":"Feature","properties":{"way_id":1192584489,"route_colors":["#f31d7f","#4ab95d"],"route_refs":["5","2"]},"geometry":{"type":"LineString","coordinates":[[16.5985423,49.1655743],[16.5985553,49.1654489],[16.5985494,49.1654074],[16.5985374,49.165366],[16.5985213,49.165337],[16.598499,49.165308],[16.5984505,49.1652552],[16.5981053,49.1648876]]}},{"type":"Feature","properties":{"way_id":1074344090,"route_colors":["#f31d7f","#4ab95d"],"route_refs":["5","2"]},"geometry":{"type":"LineString","coordinates":[[16.5986336,49.1651369],[16.598621,49.1648536],[16.5986187,49.1647644]]}},{"type":"Feature","properties":{"way_id":44700056,"route_colors":["#f31d7f","#4ab95d"],"route_refs":["5","2"]},"geometry":{"type":"LineString","coordinates":[[16.5973777,49.171237],[16.5974279,49.1710531],[16.5974877,49.1708693],[16.5975515,49.1706875]]}},{"type":"Feature","properties":{"way_id":328165108,"route_colors":["#f31d7f","#4ab95d"],"route_refs":["5","2"]},"geometry":{"type":"LineString","coordinates":[[16.5963487,49.1748054],[16.5961908,49.1754034],[16.5961792,49.175444],[16.5961616,49.1755158]]}},{"type":"Feature","properties":{"way_id":328165105,"route_colors":["#f31d7f","#0777c1","#4ab95d"],"route_refs":["5","6","2"]},"geometry":{"type":"LineString","coordinates":[[16.5954124,49.1790781],[16.5952758,49.1796186],[16.5952775,49.1796233],[16.5952811,49.1796261],[16.5952863,49.1796278],[16.5952925,49.1796279],[16.5952993,49.1796257],[16.5953034,49.1796216],[16.59544,49.1790811],[16.5954124,49.1790781]]}},{"type":"Feature","properties":{"way_id":328165106,"route_colors":["#f31d7f","#0777c1","#4ab95d"],"route_refs":["5","6","2"]},"geometry":{"type":"LineString","coordinates":[[16.595035,49.1834738],[16.5951,49.1838803]]}},{"type":"Feature","properties":{"way_id":85070254,"route_colors":["#f31d7f","#0777c1","#4ab95d"],"route_refs":["5","6","2"]},"geometry":{"type":"LineString","coordinates":[[16.5948704,49.1870223],[16.5948449,49.1870851],[16.5948049,49.1871511],[16.5947528,49.1872228],[16.5946777,49.1873035],[16.5945981,49.1873843],[16.5945561,49.187425],[16.594549,49.1874269],[16.594541,49.1874276],[16.594531,49.1874264],[16.5945196,49.1874224],[16.5945158,49.1874196],[16.5948527,49.1870171],[16.5948704,49.1870223]]}},{"type":"Feature","properties":{"way_id":50554885,"route_colors":["#f31d7f","#0777c1"],"route_refs":["5","6"]},"geometry":{"type":"LineString","coordinates":[[16.5948256,49.1902723],[16.594384,49.1901879],[16.5942632,49.1901631],[16.5942324,49.1901568],[16.5942344,49.1901521],[16.5942432,49.1901335],[16.5942581,49.1901028],[16.5945893,49.1901662],[16.5948358,49.1902495],[16.5948274,49.1902683],[16.5948256,49.1902723]]}},{"type":"Feature","properties":{"way_id":327580888,"route_colors":["#f31d7f","#0777c1"],"route_refs":["5","6"]},"geometry":{"type":"LineString","coordinates":[[16.5986883,49.1914819],[16.5993815,49.1914576]]}},{"type":"Feature","properties":{"way_id":326497373,"route_colors":["#f31d7f","#0777c1"],"route_refs":["5","6"]},"geometry":{"type":"LineString","coordinates":[[16.6042817,49.1922236],[16.604731,49.1921946]]}},{"type":"Feature","properties":{"way_id":334179389,"route_colors":["#f31d7f"],"route_refs":["5"]},"geometry":{"type":"LineString","coordinates":[[16.6240857,49.204667],[16.6241202,49.2046945],[16.624217,49.2047771],[16.6242906,49.2048472],[16.6243571,49.2049192],[16.6244141,49.2049896],[16.6244645,49.20506]]}},{"type":"Feature","properties":{"way_id":335025913,"route_colors":["#f31d7f"],"route_refs":["5"]},"geometry":{"type":"LineString","coordinates":[[16.6275811,49.2166902],[16.6276632,49.2167102],[16.6277373,49.2167249],[16.6278903,49.216746],[16.627964,49.21676],[16.6280276,49.216786],[16.6280868,49.2168233],[16.6280929,49.2168297],[16.6281298,49.2168686],[16.6281632,49.2169347]]}},{"type":"Feature","properties":{"way_id":328165098,"route_colors":["#f31d7f","#4ab95d"],"route_refs":["5","2"]},"geometry":{"type":"LineString","coordinates":[[16.5985944,49.1650733],[16.5985971,49.1651981],[16.5986064,49.1653386],[16.5986091,49.1654096],[16.5986076,49.1654805],[16.5985085,49.1665379],[16.5984844,49.1667611],[16.5984379,49.166978],[16.598345,49.1673499],[16.5982739,49.1676348],[16.5982054,49.1678877],[16.5981055,49.1682744],[16.5979095,49.1690259],[16.5978714,49.1691854],[16.5978346,49.1693863],[16.5978223,49.1694704],[16.597812,49.1695539],[16.5978018,49.1696733],[16.5977883,49.1698301],[16.5977785,49.1699057]]}},{"type":"Feature","properties":{"way_id":345259588,"route_colors":["#f31d7f","#4ab95d"],"route_refs":["5","2"]},"geometry":{"type":"LineString","coordinates":[[16.5977785,49.1699057],[16.597708,49.170128],[16.5975173,49.1706691],[16.5974255,49.1709457],[16.5973433,49.1712222],[16.5973283,49.1712772],[16.5973208,49.1713049],[16.5973088,49.1713535],[16.597179,49.1718757],[16.5970298,49.172418],[16.5969574,49.1725933],[16.5969027,49.1727162],[16.5968507,49.1728148],[16.5967842,49.1729753],[16.5967236,49.1731376],[16.596375,49.1745266],[16.5963031,49.1748129],[16.5962902,49.1748642],[16.5961637,49.1753683],[16.5961453,49.1754412],[16.5959121,49.1763166],[16.5957502,49.1768089],[16.595644,49.1771407],[16.5956194,49.1772177],[16.5956045,49.1772644],[16.595515,49.1775139],[16.5954902,49.177587]]}},{"type":"Feature","properties":{"way_id":1454146233,"route_colors":["#f31d7f","#0777c1","#4ab95d"],"route_refs":["5","6","2"]},"geometry":{"type":"LineString","coordinates":[[16.5954902,49.177587],[16.5954095,49.1778079],[16.5953812,49.1779208],[16.5953729,49.1779625],[16.5953706,49.1779979]]}},{"type":"Feature","properties":{"way_id":1191798656,"route_colors":["#f31d7f","#0777c1","#4ab95d"],"route_refs":["5","6","2"]},"geometry":{"type":"LineString","coordinates":[[16.5953706,49.1779979],[16.5953685,49.1780303],[16.5953776,49.1780898],[16.5953879,49.1781364],[16.5954026,49.1781801],[16.5954265,49.1782334]]}},{"type":"Feature","properties":{"way_id":1192428533,"route_colors":["#f31d7f","#0777c1","#4ab95d"],"route_refs":["5","6","2"]},"geometry":{"type":"LineString","coordinates":[[16.5954265,49.1782334],[16.5954908,49.1783635],[16.5955025,49.1783883],[16.5955173,49.1784284],[16.5955319,49.1784849],[16.5955311,49.1785112],[16.5955289,49.1785338],[16.5955187,49.1785758]]}},{"type":"Feature","properties":{"way_id":345259519,"route_colors":["#f31d7f","#0777c1","#4ab95d"],"route_refs":["5","6","2"]},"geometry":{"type":"LineString","coordinates":[[16.5955187,49.1785758],[16.595504,49.1786419],[16.5954966,49.1786706],[16.5954195,49.1789708],[16.5954011,49.1790497],[16.5953733,49.1791686],[16.5953541,49.1792508],[16.5952753,49.1795882],[16.5952554,49.1796732],[16.5951658,49.1800152],[16.5950532,49.1804928],[16.5950042,49.1806983],[16.5949777,49.1807939],[16.5949029,49.1810544],[16.5948878,49.1811361],[16.5948505,49.1812931],[16.5947987,49.1815651],[16.5947844,49.1817601],[16.5947926,49.1819189],[16.5948026,49.1821799],[16.5948412,49.1824373],[16.5948678,49.1826142],[16.5948862,49.1827195],[16.595071,49.1838713],[16.5950759,49.1839135],[16.5950971,49.1840576],[16.5952092,49.1848046],[16.5952217,49.1849162],[16.5952549,49.1851505],[16.5952581,49.1854025],[16.5952438,49.1855752],[16.5952398,49.1856621],[16.5952048,49.185864],[16.5951653,49.186027],[16.5951145,49.1862156],[16.5950782,49.1863232]]}},{"type":"Feature","properties":{"way_id":297357653,"route_colors":["#f31d7f","#0777c1","#4ab95d"],"route_refs":["5","6","2"]},"geometry":{"type":"LineString","coordinates":[[16.5950782,49.1863232],[16.5949755,49.1866633]]}},{"type":"Feature","properties":{"way_id":1058084610,"route_colors":["#f31d7f","#0777c1","#4ab95d"],"route_refs":["5","6","2"]},"geometry":{"type":"LineString","coordinates":[[16.5949755,49.1866633],[16.5949644,49.186696]]}},{"type":"Feature","properties":{"way_id":662514914,"route_colors":["#f31d7f","#0777c1","#4ab95d"],"route_refs":["5","6","2"]},"geometry":{"type":"LineString","coordinates":[[16.5949644,49.186696],[16.5949463,49.1867505]]}},{"type":"Feature","properties":{"way_id":1166271309,"route_colors":["#f31d7f","#0777c1","#4ab95d"],"route_refs":["5","6","2"]},"geometry":{"type":"LineString","coordinates":[[16.5949463,49.1867505],[16.5949353,49.1867869]]}},{"type":"Feature","properties":{"way_id":1311099252,"route_colors":["#f31d7f","#0777c1","#4ab95d"],"route_refs":["5","6","2"]},"geometry":{"type":"LineString","coordinates":[[16.5949353,49.1867869],[16.5949247,49.1868186]]}},{"type":"Feature","properties":{"way_id":1166271304,"route_colors":["#f31d7f","#0777c1","#4ab95d"],"route_refs":["5","6","2"]},"geometry":{"type":"LineString","coordinates":[[16.5949247,49.1868186],[16.59491,49.1868623]]}},{"type":"Feature","properties":{"way_id":328042428,"route_colors":["#f31d7f","#0777c1","#4ab95d"],"route_refs":["5","6","2"]},"geometry":{"type":"LineString","coordinates":[[16.59491,49.1868623],[16.594893,49.1869053],[16.5948689,49.1869546],[16.5948402,49.1870008],[16.5947817,49.1870755],[16.5946831,49.1871944],[16.5945374,49.1873667]]}},{"type":"Feature","properties":{"way_id":662514916,"route_colors":["#f31d7f","#0777c1","#4ab95d"],"route_refs":["5","6","2"]},"geometry":{"type":"LineString","coordinates":[[16.5945374,49.1873667],[16.594367,49.1875768]]}},{"type":"Feature","properties":{"way_id":345259526,"route_colors":["#f31d7f","#0777c1","#4ab95d"],"route_refs":["5","6","2"]},"geometry":{"type":"LineString","coordinates":[[16.594367,49.1875768],[16.5943108,49.1876417],[16.5942591,49.1877075],[16.594226,49.1877587],[16.5941983,49.1878098],[16.5941834,49.1878433],[16.5941715,49.1878763],[16.5941613,49.1879162],[16.5941557,49.1879551],[16.5941499,49.1880206],[16.5941479,49.1880846],[16.5941481,49.1881151],[16.5941514,49.1881436],[16.5941605,49.1882232],[16.5941778,49.188302],[16.5942028,49.188369],[16.5943062,49.1885391],[16.5944073,49.1886906],[16.5944768,49.1887891]]}},{"type":"Feature","properties":{"way_id":328042419,"route_colors":["#f31d7f","#0777c1"],"route_refs":["5","6"]},"geometry":{"type":"LineString","coordinates":[[16.5944768,49.1887891],[16.5944965,49.1888231],[16.5945121,49.1888489],[16.5945251,49.1888757],[16.5945314,49.1888952],[16.5945358,49.1889156],[16.5945404,49.1889397],[16.5945428,49.1889561],[16.5945443,49.1889701],[16.594544,49.1889984],[16.5945402,49.189027],[16.5945333,49.189061],[16.5945266,49.1890863],[16.5945211,49.1890999],[16.5945114,49.1891172],[16.5944994,49.189137]]}},{"type":"Feature","properties":{"way_id":1370671807,"route_colors":["#f31d7f","#0777c1","#d40000"],"route_refs":["5","6","1"]},"geometry":{"type":"LineString","coordinates":[[16.5944994,49.189137],[16.5943829,49.1892858]]}},{"type":"Feature","properties":{"way_id":1489077159,"route_colors":["#f31d7f","#0777c1"],"route_refs":["5","6"]},"geometry":{"type":"LineString","coordinates":[[16.5943829,49.1892858],[16.5941097,49.1896619],[16.5940894,49.1896926],[16.5940703,49.1897191],[16.5940477,49.1897591],[16.5940377,49.1897799],[16.5940051,49.1898478],[16.5939819,49.1898961]]}},{"type":"Feature","properties":{"way_id":40488124,"route_colors":["#f31d7f","#0777c1"],"route_refs":["5","6"]},"geometry":{"type":"LineString","coordinates":[[16.5939819,49.1898961],[16.5939733,49.1899215],[16.5939693,49.189944],[16.5939682,49.18996],[16.5939682,49.1899761],[16.5939706,49.1899931],[16.5939748,49.190008],[16.5939803,49.1900226],[16.5939871,49.1900369],[16.5939977,49.1900525],[16.59401,49.1900678],[16.5940208,49.1900788],[16.5940309,49.1900879]]}},{"type":"Feature","properties":{"way_id":1539371051,"route_colors":["#f31d7f","#0777c1"],"route_refs":["5","6"]},"geometry":{"type":"LineString","coordinates":[[16.5940309,49.1900879],[16.5940428,49.1900982],[16.5940566,49.1901083],[16.5940695,49.1901162],[16.5940885,49.1901264],[16.5941044,49.190134],[16.5941267,49.1901434],[16.5941491,49.1901511],[16.5941698,49.1901573],[16.5941899,49.1901628],[16.5942245,49.1901706]]}},{"type":"Feature","properties":{"way_id":40488126,"route_colors":["#f31d7f","#0777c1"],"route_refs":["5","6"]},"geometry":{"type":"LineString","coordinates":[[16.5942245,49.1901706],[16.5942569,49.1901769],[16.5948204,49.1902848]]}},{"type":"Feature","properties":{"way_id":343676559,"route_colors":["#f31d7f","#0777c1"],"route_refs":["5","6"]},"geometry":{"type":"LineString","coordinates":[[16.5948204,49.1902848],[16.594905,49.190301]]}},{"type":"Feature","properties":{"way_id":1214021137,"route_colors":["#f31d7f","#0777c1"],"route_refs":["5","6"]},"geometry":{"type":"LineString","coordinates":[[16.594905,49.190301],[16.5949638,49.1903122],[16.5949978,49.1903196],[16.5950212,49.1903263],[16.5950443,49.190334],[16.5950657,49.1903423],[16.5950916,49.1903535],[16.5951147,49.1903647],[16.5951354,49.1903765],[16.5951524,49.1903868],[16.5951669,49.1903966],[16.5951821,49.1904091],[16.5951981,49.1904231],[16.5952155,49.1904414],[16.5952355,49.1904656],[16.5955679,49.1908641],[16.5956013,49.1909092],[16.5956385,49.1909682],[16.5956638,49.1910134],[16.5956753,49.1910348],[16.5956808,49.1910505],[16.5956938,49.1910815],[16.5957009,49.1911131],[16.5957102,49.1911675],[16.5957149,49.1912115],[16.5957199,49.1912749],[16.5957243,49.191309],[16.5957301,49.1913432],[16.5957386,49.1913748],[16.595751,49.1914063]]}},{"type":"Feature","properties":{"way_id":1214021138,"route_colors":["#f31d7f","#0777c1"],"route_refs":["5","6"]},"geometry":{"type":"LineString","coordinates":[[16.595751,49.1914063],[16.5957635,49.1914287],[16.59578,49.1914493],[16.5957996,49.1914702],[16.5958246,49.1914894],[16.5958477,49.1915047],[16.5958735,49.1915182],[16.5959006,49.1915303],[16.5959291,49.1915415],[16.5959616,49.1915509],[16.5959955,49.1915586]]}},{"type":"Feature","properties":{"way_id":357396377,"route_colors":["#f31d7f","#0777c1"],"route_refs":["5","6"]},"geometry":{"type":"LineString","coordinates":[[16.5959955,49.1915586],[16.5960077,49.1915606],[16.5962661,49.1916062],[16.5965245,49.1916498],[16.5965953,49.1916616],[16.5966462,49.1916693],[16.596697,49.1916755],[16.5967619,49.1916832],[16.5968122,49.1916873],[16.5968617,49.1916894],[16.5968984,49.1916897],[16.5969366,49.1916895],[16.5969723,49.1916889],[16.5970072,49.1916874],[16.597057,49.1916847],[16.5971076,49.1916804],[16.5971558,49.1916755],[16.5981544,49.191558],[16.5983718,49.1915327],[16.5984702,49.1915234],[16.5985668,49.1915136],[16.5986897,49.1915043],[16.5990085,49.1914935],[16.5993288,49.1914814]]}},{"type":"Feature","properties":{"way_id":351841055,"route_colors":["#f31d7f","#0777c1"],"route_refs":["5","6"]},"geometry":{"type":"LineString","coordinates":[[16.5993288,49.1914814],[16.5993833,49.1914802],[16.5995252,49.1914788],[16.5995755,49.1914804],[16.5996227,49.1914824],[16.5996589,49.1914855],[16.5996943,49.1914895],[16.5997441,49.1914969],[16.5997959,49.191506],[16.5999157,49.191531],[16.5999871,49.1915476],[16.6000547,49.1915657],[16.6002092,49.1916072],[16.6003054,49.1916348],[16.6003675,49.1916538],[16.6004761,49.1916885],[16.6007097,49.1917733],[16.6008158,49.1918081],[16.6009189,49.1918394],[16.6011533,49.1919079],[16.6013228,49.1919466],[16.6014853,49.1919772],[16.6018631,49.192045],[16.6022419,49.1921054],[16.6024662,49.1921408],[16.6026046,49.1921598],[16.6027726,49.1921789],[16.6035999,49.1922512],[16.6037238,49.1922589],[16.6038456,49.19226],[16.6040118,49.1922573],[16.6042319,49.1922432],[16.6047213,49.1922134]]}},{"type":"Feature","properties":{"way_id":351841080,"route_colors":["#f31d7f","#0777c1"],"route_refs":["5","6"]},"geometry":{"type":"LineString","coordinates":[[16.6047213,49.1922134],[16.6048158,49.1922093],[16.6048825,49.1922086],[16.6049334,49.1922148],[16.6049812,49.1922239],[16.6050229,49.1922363],[16.6050525,49.1922527],[16.6050714,49.1922672],[16.6051054,49.1922939],[16.6051233,49.1923125],[16.6051469,49.192341],[16.6051562,49.1923702],[16.6051635,49.1923968],[16.6051617,49.1924374]]}},{"type":"Feature","properties":{"way_id":326497377,"route_colors":["#f31d7f","#0777c1","#00ccff"],"route_refs":["5","6","12"]},"geometry":{"type":"LineString","coordinates":[[16.6051617,49.1924374],[16.6051549,49.192455],[16.6050976,49.1926044],[16.6050716,49.1926601],[16.6050428,49.192722],[16.6050007,49.1928025],[16.6049711,49.1928716],[16.6046817,49.193694],[16.6045572,49.1940412],[16.6043919,49.1945142],[16.6043794,49.1945514],[16.604362,49.1945988],[16.6042152,49.1950138],[16.604166,49.1951625],[16.6041508,49.1952086],[16.6041295,49.19527],[16.6039467,49.1957916],[16.6038061,49.1962032],[16.6037734,49.1962933],[16.6037415,49.1963794],[16.6035443,49.1969447],[16.6035145,49.1970301]]}},{"type":"Feature","properties":{"way_id":326497366,"route_colors":["#f31d7f","#0777c1","#00ccff"],"route_refs":["5","6","12"]},"geometry":{"type":"LineString","coordinates":[[16.6035145,49.1970301],[16.603505,49.1970757],[16.6035038,49.1970976],[16.6035073,49.1971263],[16.6035144,49.1971506],[16.6035268,49.1971757],[16.6035487,49.1972048],[16.6035695,49.1972234],[16.6035941,49.1972424],[16.6036171,49.1972561],[16.6036437,49.1972703],[16.6036711,49.1972799],[16.6037016,49.197289],[16.6037813,49.1973035]]}},{"type":"Feature","properties":{"way_id":326343372,"route_colors":["#f31d7f","#0777c1","#ee7e1e","#00ccff"],"route_refs":["5","6","4","12"]},"geometry":{"type":"LineString","coordinates":[[16.6037813,49.1973035],[16.603837,49.1973126],[16.6039021,49.1973227],[16.6039873,49.1973363]]}},{"type":"Feature","properties":{"way_id":1537727364,"route_colors":["#f31d7f","#0777c1","#00ccff"],"route_refs":["5","6","12"]},"geometry":{"type":"LineString","coordinates":[[16.6039873,49.1973363],[16.6040561,49.1973472],[16.6044897,49.1974071],[16.6049562,49.197478]]}},{"type":"Feature","properties":{"way_id":352941670,"route_colors":["#f31d7f","#0777c1","#ee7e1e"],"route_refs":["5","6","4"]},"geometry":{"type":"LineString","coordinates":[[16.6049562,49.197478],[16.6052697,49.1975245],[16.6055561,49.1975679]]}},{"type":"Feature","properties":{"way_id":1537727360,"route_colors":["#f31d7f","#0777c1","#a05a2c"],"route_refs":["5","6","10"]},"geometry":{"type":"LineString","coordinates":[[16.6071431,49.1980525],[16.6071802,49.1980867],[16.6072532,49.1981519]]}},{"type":"Feature","properties":{"way_id":334179333,"route_colors":["#f31d7f"],"route_refs":["5"]},"geometry":{"type":"LineString","coordinates":[[16.6234853,49.2043988],[16.6236079,49.2044362],[16.6236348,49.2044445],[16.6236902,49.204463],[16.6237426,49.2044838],[16.6237493,49.2044867],[16.623769,49.2044956],[16.6237757,49.2044987],[16.6238193,49.2045204],[16.623848,49.204538],[16.6239279,49.2045894],[16.6239604,49.2046121]]}},{"type":"Feature","properties":{"way_id":334179400,"route_colors":["#f31d7f"],"route_refs":["5"]},"geometry":{"type":"LineString","coordinates":[[16.6239604,49.2046121],[16.6240588,49.2046833],[16.6241211,49.20473],[16.6241885,49.2047866],[16.6242624,49.2048558],[16.6243312,49.2049296],[16.6243798,49.2049942],[16.6244101,49.2050418]]}},{"type":"Feature","properties":{"way_id":371469184,"route_colors":["#f31d7f"],"route_refs":["5"]},"geometry":{"type":"LineString","coordinates":[[16.6244101,49.2050418],[16.6244448,49.2050979],[16.6244643,49.205133],[16.6245315,49.2052792],[16.6245785,49.2054063],[16.6246044,49.20551],[16.624636,49.2056688],[16.6246369,49.2057767],[16.6246239,49.2059324],[16.6245855,49.2060839],[16.624552,49.206169],[16.6244319,49.2064458],[16.6243171,49.2067295],[16.624138,49.207182],[16.6240305,49.2074353],[16.6239622,49.207629],[16.6239056,49.2078001],[16.6238569,49.2079701],[16.6238045,49.2081952],[16.6237915,49.2082716],[16.6237646,49.2084455],[16.623746,49.2086164]]}},{"type":"Feature","properties":{"way_id":371469183,"route_colors":["#f31d7f"],"route_refs":["5"]},"geometry":{"type":"LineString","coordinates":[[16.623746,49.2086164],[16.623746,49.2090849],[16.6237606,49.2092466],[16.6237646,49.209291],[16.6237809,49.2094192],[16.6237974,49.2095158],[16.6238416,49.2097272],[16.6238824,49.2098872],[16.6239436,49.2100854],[16.6239972,49.2102353],[16.624014,49.2102844],[16.6240646,49.2103969],[16.6240939,49.2104592],[16.6241728,49.2106266],[16.6243147,49.2108835],[16.6245392,49.2113259],[16.6247015,49.2116253],[16.6249825,49.2121577]]}},{"type":"Feature","properties":{"way_id":371469181,"route_colors":["#f31d7f"],"route_refs":["5"]},"geometry":{"type":"LineString","coordinates":[[16.6249825,49.2121577],[16.6250179,49.2122247],[16.6250635,49.2123084],[16.6254366,49.2130301],[16.6256833,49.2135116],[16.626003,49.2141187],[16.6262818,49.2146623],[16.6264165,49.2149132],[16.6264859,49.2150359],[16.6266136,49.2152818],[16.6267093,49.2154622],[16.6271473,49.2162875],[16.6272304,49.2164439],[16.6272523,49.2164813],[16.6272895,49.2165333],[16.6273268,49.2165746]]}},{"type":"Feature","properties":{"way_id":4066207,"route_colors":["#f31d7f"],"route_refs":["5"]},"geometry":{"type":"LineString","coordinates":[[16.6273268,49.2165746],[16.6273401,49.2165874]]}},{"type":"Feature","properties":{"way_id":298497972,"route_colors":["#f31d7f"],"route_refs":["5"]},"geometry":{"type":"LineString","coordinates":[[16.6273401,49.2165874],[16.6273545,49.216598],[16.627384,49.2166194],[16.6274238,49.2166452],[16.6274476,49.2166591],[16.6274735,49.2166717],[16.6275286,49.2166966],[16.6275919,49.2167195],[16.6276521,49.2167357],[16.6277122,49.2167475],[16.6277837,49.2167547],[16.6278622,49.2167628],[16.6279327,49.2167761],[16.6279966,49.2168007],[16.6280526,49.216836],[16.6280964,49.2168753]]}},{"type":"Feature","properties":{"way_id":1279233349,"route_colors":["#0777c1"],"route_refs":["6"]},"geometry":{"type":"LineString","coordinates":[[16.593929,49.2284434],[16.5939417,49.2284302],[16.5943121,49.228623],[16.5942986,49.2286345],[16.593929,49.2284434]]}},{"type":"Feature","properties":{"way_id":147576123,"route_colors":["#0777c1","#d40000"],"route_refs":["6","1"]},"geometry":{"type":"LineString","coordinates":[[16.5947162,49.2238906],[16.5950022,49.2234067]]}},{"type":"Feature","properties":{"way_id":147576122,"route_colors":["#0777c1","#d40000"],"route_refs":["6","1"]},"geometry":{"type":"LineString","coordinates":[[16.596179,49.221413],[16.5963944,49.2210478]]}},{"type":"Feature","properties":{"way_id":327998377,"route_colors":["#0777c1","#d40000"],"route_refs":["6","1"]},"geometry":{"type":"LineString","coordinates":[[16.5988172,49.2169914],[16.5990344,49.2166227]]}},{"type":"Feature","properties":{"way_id":327763837,"route_colors":["#0777c1","#d40000"],"route_refs":["6","1"]},"geometry":{"type":"LineString","coordinates":[[16.6003168,49.2144541],[16.6005685,49.2140328]]}},{"type":"Feature","properties":{"way_id":327763838,"route_colors":["#0777c1","#d40000"],"route_refs":["6","1"]},"geometry":{"type":"LineString","coordinates":[[16.6022895,49.2111041],[16.6025977,49.2105787]]}},{"type":"Feature","properties":{"way_id":249113486,"route_colors":["#0777c1","#d40000"],"route_refs":["6","1"]},"geometry":{"type":"LineString","coordinates":[[16.6041648,49.2078625],[16.6041881,49.2078677],[16.6039352,49.2083065],[16.6039271,49.2083105],[16.603919,49.2083092],[16.6039109,49.2083059],[16.6039109,49.2082986],[16.6041648,49.2078625]]}},{"type":"Feature","properties":{"way_id":1051487786,"route_colors":["#0777c1","#d40000"],"route_refs":["6","1"]},"geometry":{"type":"LineString","coordinates":[[16.6065928,49.2036903],[16.6068616,49.2032044],[16.6068922,49.2031487]]}},{"type":"Feature","properties":{"way_id":330506833,"route_colors":["#0777c1","#d40000"],"route_refs":["6","1"]},"geometry":{"type":"LineString","coordinates":[[16.607838,49.200004],[16.6080413,49.1991074]]}},{"type":"Feature","properties":{"way_id":351841052,"route_colors":["#0777c1"],"route_refs":["6"]},"geometry":{"type":"LineString","coordinates":[[16.5956444,49.2296162],[16.5956602,49.2295849],[16.5956706,49.229553],[16.5956763,49.2295213],[16.5956793,49.2294902],[16.5956782,49.229471],[16.5956753,49.2294512],[16.5956667,49.2294197],[16.5956554,49.2293883],[16.5956326,49.2293462],[16.59561,49.2293163],[16.5955901,49.2292942],[16.5955537,49.2292628],[16.5955138,49.2292348],[16.5954461,49.2291943],[16.5953731,49.2291549],[16.5950462,49.2289844],[16.5946983,49.2288056],[16.5944319,49.2286677],[16.5943973,49.2286507],[16.5942346,49.228567]]}},{"type":"Feature","properties":{"way_id":298497971,"route_colors":["#0777c1"],"route_refs":["6"]},"geometry":{"type":"LineString","coordinates":[[16.5942346,49.228567],[16.5939853,49.2284465]]}},{"type":"Feature","properties":{"way_id":351841078,"route_colors":["#0777c1"],"route_refs":["6"]},"geometry":{"type":"LineString","coordinates":[[16.5939853,49.2284465],[16.5934099,49.2281465],[16.5932489,49.2280664],[16.5929752,49.2279208],[16.5929418,49.2279044],[16.5927525,49.2278111]]}},{"type":"Feature","properties":{"way_id":331795873,"route_colors":["#0777c1"],"route_refs":["6"]},"geometry":{"type":"LineString","coordinates":[[16.5927525,49.2278111],[16.5927044,49.2277777],[16.5926916,49.2277689],[16.5926415,49.2277146],[16.5926125,49.2276588],[16.5925929,49.2275975],[16.5925886,49.2275503],[16.5925891,49.2275189],[16.5925937,49.2274935],[16.5925972,49.2274742]]}},{"type":"Feature","properties":{"way_id":331795874,"route_colors":["#0777c1","#d40000"],"route_refs":["6","1"]},"geometry":{"type":"LineString","coordinates":[[16.5925972,49.2274742],[16.5926626,49.2273785],[16.5927123,49.2273058],[16.5929183,49.2270026],[16.5929793,49.2269064],[16.5930999,49.2267161],[16.5932951,49.2263923],[16.5935437,49.2259583],[16.5936216,49.2258275],[16.5936695,49.225743],[16.5939879,49.2251973],[16.5941116,49.2249853],[16.5941279,49.2249574],[16.5941637,49.2248955],[16.5944483,49.2244037],[16.594498,49.2243176],[16.5945654,49.2242047],[16.5946684,49.2240321],[16.5947295,49.2239296],[16.5949815,49.2234827],[16.5950142,49.2234247]]}},{"type":"Feature","properties":{"way_id":343676476,"route_colors":["#0777c1","#d40000"],"route_refs":["6","1"]},"geometry":{"type":"LineString","coordinates":[[16.5950142,49.2234247],[16.5950426,49.223372],[16.5952005,49.2231024],[16.5952869,49.2229591],[16.5953947,49.2227802],[16.5955875,49.2224416],[16.5956261,49.2223731],[16.5961152,49.2215659],[16.5961414,49.2215216],[16.5962162,49.2213968],[16.5964001,49.2210888]]}},{"type":"Feature","properties":{"way_id":343676498,"route_colors":["#0777c1","#d40000"],"route_refs":["6","1"]},"geometry":{"type":"LineString","coordinates":[[16.5964001,49.2210888],[16.5964579,49.2209905],[16.596518,49.220886],[16.5965547,49.2208253],[16.5967984,49.2204232],[16.5972393,49.2196955],[16.597824,49.2187306],[16.5979339,49.2185486],[16.5981472,49.2181956],[16.5987205,49.2172248],[16.5988295,49.2170385],[16.5988639,49.2169797],[16.5989965,49.2167561],[16.5990466,49.2166717]]}},{"type":"Feature","properties":{"way_id":343676595,"route_colors":["#0777c1","#d40000"],"route_refs":["6","1"]},"geometry":{"type":"LineString","coordinates":[[16.5990466,49.2166717],[16.5992984,49.2162505],[16.599703,49.2155564],[16.5997524,49.2154669],[16.599807,49.2153678],[16.5999647,49.2151054],[16.6001146,49.2148558],[16.6004091,49.2143655],[16.6006003,49.214033]]}},{"type":"Feature","properties":{"way_id":343676482,"route_colors":["#0777c1","#d40000"],"route_refs":["6","1"]},"geometry":{"type":"LineString","coordinates":[[16.6006003,49.214033],[16.6006106,49.214015],[16.6006218,49.2139955],[16.6008121,49.2136785],[16.600868,49.2135878],[16.6010654,49.2132673],[16.6012458,49.212959],[16.6014962,49.2125238],[16.6017684,49.212059],[16.6019809,49.2116828],[16.6021963,49.2113054],[16.6024019,49.2109577],[16.6025995,49.2106288]]}},{"type":"Feature","properties":{"way_id":343676620,"route_colors":["#0777c1","#d40000"],"route_refs":["6","1"]},"geometry":{"type":"LineString","coordinates":[[16.6025995,49.2106288],[16.6026264,49.2105859],[16.6027207,49.2104366],[16.6028035,49.2102944],[16.6028325,49.210245],[16.6030318,49.2099062],[16.6032194,49.2095788],[16.6034527,49.2091869],[16.6039532,49.2083183],[16.6041674,49.2079348]]}},{"type":"Feature","properties":{"way_id":343676503,"route_colors":["#0777c1","#d40000"],"route_refs":["6","1"]},"geometry":{"type":"LineString","coordinates":[[16.6041674,49.2079348],[16.6042195,49.2078477],[16.6043116,49.2076987],[16.6044181,49.2075258],[16.6044524,49.2074651],[16.6046329,49.2071454],[16.6048102,49.2068346],[16.6053303,49.2059226],[16.6053906,49.2058157],[16.6063104,49.2042414],[16.6064206,49.2040558],[16.6065348,49.2038642],[16.6066173,49.2037153],[16.6066962,49.2035732],[16.6067886,49.2034161],[16.6068775,49.2032489]]}},{"type":"Feature","properties":{"way_id":343676502,"route_colors":["#0777c1","#d40000"],"route_refs":["6","1"]},"geometry":{"type":"LineString","coordinates":[[16.6068775,49.2032489],[16.6068931,49.2032195],[16.6069786,49.2030449],[16.6070726,49.2028281],[16.6071707,49.2025699],[16.6072893,49.2022314],[16.6073143,49.202144],[16.6076056,49.2010369],[16.6076443,49.2008922],[16.6077974,49.200313],[16.6078329,49.2001595],[16.6078492,49.2000973],[16.60787,49.2000075],[16.6078859,49.1999415],[16.6080567,49.1992273]]}},{"type":"Feature","properties":{"way_id":343676512,"route_colors":["#0777c1","#d40000"],"route_refs":["6","1"]},"geometry":{"type":"LineString","coordinates":[[16.6080567,49.1992273],[16.6080648,49.1991926]]}},{"type":"Feature","properties":{"way_id":297697500,"route_colors":["#0777c1"],"route_refs":["6"]},"geometry":{"type":"LineString","coordinates":[[16.6080648,49.1991926],[16.6080707,49.1991099],[16.6080704,49.1990954],[16.6080666,49.1990595],[16.6080571,49.1990175],[16.6080368,49.1989615],[16.6080145,49.198919],[16.607988,49.1988782],[16.6079561,49.1988384],[16.607925,49.1988053],[16.6078845,49.1987653],[16.607822,49.1987106],[16.607723,49.198622]]}},{"type":"Feature","properties":{"way_id":1454146230,"route_colors":["#0777c1"],"route_refs":["6"]},"geometry":{"type":"LineString","coordinates":[[16.5953266,49.1781528],[16.5952749,49.178059],[16.595255,49.178004],[16.5952549,49.1779794],[16.595263,49.1779307],[16.5953881,49.177551],[16.5953984,49.1775061],[16.5954037,49.1774555],[16.5954054,49.1773777],[16.595396,49.1773237],[16.5953849,49.1772856],[16.5953524,49.1772103],[16.5953313,49.1771713],[16.5953086,49.1771395],[16.5952477,49.1770589]]}},{"type":"Feature","properties":{"way_id":40485692,"route_colors":["#0777c1"],"route_refs":["6"]},"geometry":{"type":"LineString","coordinates":[[16.5952477,49.1770589],[16.5926033,49.1740649],[16.5924283,49.1738935],[16.5923438,49.1738214],[16.5922769,49.1737738],[16.5921657,49.1737036],[16.592065,49.1736476],[16.591959,49.1735958],[16.5918951,49.1735674],[16.5918217,49.173539],[16.5917483,49.1735125],[16.5916764,49.1734896],[16.5916034,49.1734674],[16.5915065,49.1734422],[16.5914066,49.1734184],[16.5913051,49.1733999],[16.591203,49.1733832],[16.5910897,49.1733705],[16.590926,49.1733589],[16.5900385,49.1733073],[16.5898341,49.173294],[16.5897544,49.1732941]]}},{"type":"Feature","properties":{"way_id":330506835,"route_colors":["#0777c1","#d40000"],"route_refs":["6","1"]},"geometry":{"type":"LineString","coordinates":[[16.6081654,49.199118],[16.607957,49.2000169]]}},{"type":"Feature","properties":{"way_id":331638886,"route_colors":["#0777c1","#d40000"],"route_refs":["6","1"]},"geometry":{"type":"LineString","coordinates":[[16.606695,49.2037159],[16.6069582,49.2032429],[16.6069874,49.2031905]]}},{"type":"Feature","properties":{"way_id":249113487,"route_colors":["#0777c1","#d40000"],"route_refs":["6","1"]},"geometry":{"type":"LineString","coordinates":[[16.6044774,49.2075168],[16.6044966,49.2075215],[16.6047161,49.2071421],[16.6047161,49.2071362],[16.6047131,49.2071322],[16.6047029,49.2071329],[16.6046969,49.2071382],[16.6044774,49.2075168]]}},{"type":"Feature","properties":{"way_id":327763839,"route_colors":["#0777c1","#d40000"],"route_refs":["6","1"]},"geometry":{"type":"LineString","coordinates":[[16.6031784,49.209775],[16.6028678,49.2103094]]}},{"type":"Feature","properties":{"way_id":327763842,"route_colors":["#0777c1","#d40000"],"route_refs":["6","1"]},"geometry":{"type":"LineString","coordinates":[[16.60091,49.2136498],[16.6006971,49.2140067]]}},{"type":"Feature","properties":{"way_id":327998374,"route_colors":["#0777c1","#d40000"],"route_refs":["6","1"]},"geometry":{"type":"LineString","coordinates":[[16.5991353,49.2166492],[16.5989181,49.2170179]]}},{"type":"Feature","properties":{"way_id":147576124,"route_colors":["#0777c1","#d40000"],"route_refs":["6","1"]},"geometry":{"type":"LineString","coordinates":[[16.5968018,49.2205065],[16.5965825,49.2208769],[16.5965834,49.220882],[16.596589,49.2208855],[16.5965969,49.220886],[16.5966022,49.2208842],[16.5966061,49.22088],[16.5968245,49.2205129],[16.5968256,49.2205055],[16.5968196,49.2205013],[16.5968094,49.2205005],[16.5968018,49.2205065]]}},{"type":"Feature","properties":{"way_id":147576121,"route_colors":["#0777c1","#d40000"],"route_refs":["6","1"]},"geometry":{"type":"LineString","coordinates":[[16.5954681,49.2227702],[16.5952582,49.2231278]]}},{"type":"Feature","properties":{"way_id":54169951,"route_colors":["#0777c1","#d40000"],"route_refs":["6","1"]},"geometry":{"type":"LineString","coordinates":[[16.5927394,49.2273665],[16.5929681,49.2270361],[16.5929889,49.227006]]}},{"type":"Feature","properties":{"way_id":1191806216,"route_colors":["#0777c1"],"route_refs":["6"]},"geometry":{"type":"LineString","coordinates":[[16.5897676,49.1732552],[16.5898687,49.1732572],[16.5901482,49.1732736],[16.5905392,49.1732961]]}},{"type":"Feature","properties":{"way_id":327084887,"route_colors":["#0777c1"],"route_refs":["6"]},"geometry":{"type":"LineString","coordinates":[[16.5905392,49.1732961],[16.5909967,49.1733259],[16.5911056,49.1733351],[16.5912187,49.1733476],[16.5913352,49.1733664],[16.591435,49.173386],[16.591534,49.1734084],[16.591605,49.1734262],[16.5917697,49.1734774],[16.5918921,49.1735217],[16.5919939,49.1735658],[16.592103,49.1736179],[16.5922354,49.1736917],[16.5923369,49.1737572],[16.5924321,49.1738269],[16.5925275,49.1739139],[16.5925887,49.1739736],[16.5926529,49.1740459],[16.5953443,49.1770879]]}},{"type":"Feature","properties":{"way_id":1191806218,"route_colors":["#0777c1"],"route_refs":["6"]},"geometry":{"type":"LineString","coordinates":[[16.5953443,49.1770879],[16.5953724,49.177126],[16.5953916,49.1771519],[16.5954313,49.1772096],[16.5954635,49.1772758],[16.5954766,49.1773089],[16.5954856,49.177339],[16.5954975,49.1773972],[16.5954991,49.1774048],[16.5955043,49.1774586],[16.5955006,49.1775367],[16.5954902,49.177587]]}},{"type":"Feature","properties":{"way_id":330506846,"route_colors":["#0777c1"],"route_refs":["6"]},"geometry":{"type":"LineString","coordinates":[[16.6077571,49.1985999],[16.6078535,49.1986856],[16.6079069,49.1987332],[16.6079608,49.1987811],[16.6079838,49.1988042],[16.6080038,49.1988268],[16.6080208,49.1988462],[16.6080372,49.1988682],[16.6080554,49.1988951],[16.6080709,49.1989213],[16.608083,49.1989463],[16.6080933,49.1989716],[16.6081015,49.1989954],[16.6081069,49.1990152],[16.608112,49.1990389],[16.6081182,49.1990793],[16.6081196,49.1991008],[16.6081199,49.1991141],[16.6081142,49.1991841]]}},{"type":"Feature","properties":{"way_id":298497970,"route_colors":["#0777c1","#d40000"],"route_refs":["6","1"]},"geometry":{"type":"LineString","coordinates":[[16.6081142,49.1991841],[16.6080534,49.1994417]]}},{"type":"Feature","properties":{"way_id":1540324351,"route_colors":["#0777c1"],"route_refs":["6"]},"geometry":{"type":"LineString","coordinates":[[16.6080534,49.1994417],[16.6079783,49.1997574],[16.6079241,49.19996]]}},{"type":"Feature","properties":{"way_id":343676507,"route_colors":["#0777c1","#d40000"],"route_refs":["6","1"]},"geometry":{"type":"LineString","coordinates":[[16.6079241,49.19996],[16.6079105,49.2000108],[16.6078891,49.2001022],[16.6078741,49.2001642],[16.60784,49.2003174],[16.6076845,49.200895],[16.6076444,49.2010427],[16.6073479,49.2021467],[16.6073221,49.2022435],[16.6072122,49.2025786],[16.607112,49.2028359],[16.6070993,49.2028682],[16.6070135,49.2030593],[16.6069565,49.2031764],[16.6069256,49.203235],[16.6069159,49.2032539],[16.6068259,49.2034255],[16.6067354,49.2035822]]}},{"type":"Feature","properties":{"way_id":343676610,"route_colors":["#0777c1","#d40000"],"route_refs":["6","1"]},"geometry":{"type":"LineString","coordinates":[[16.6067354,49.2035822],[16.6066524,49.2037243],[16.6065636,49.2038765],[16.6064551,49.2040657],[16.6063434,49.2042505],[16.605425,49.2058245],[16.6053639,49.2059299],[16.6046687,49.2071538],[16.6044885,49.2074751]]}},{"type":"Feature","properties":{"way_id":343676600,"route_colors":["#0777c1","#d40000"],"route_refs":["6","1"]},"geometry":{"type":"LineString","coordinates":[[16.6044885,49.2074751],[16.6044548,49.2075351],[16.6043683,49.2076726],[16.6043472,49.2077062],[16.6043307,49.2077322],[16.6042771,49.2078163],[16.6042516,49.2078564],[16.6042028,49.2079405],[16.6039823,49.2083259],[16.6034892,49.2091945],[16.6030667,49.2099158],[16.602876,49.2102414]]}},{"type":"Feature","properties":{"way_id":343676496,"route_colors":["#0777c1","#d40000"],"route_refs":["6","1"]},"geometry":{"type":"LineString","coordinates":[[16.602876,49.2102414],[16.6028414,49.2103033],[16.6027562,49.2104435],[16.602684,49.2105623],[16.602664,49.2105953],[16.6026363,49.2106387],[16.6024352,49.2109718],[16.6022426,49.2112925],[16.6020164,49.2116892],[16.6018126,49.2120464],[16.6015298,49.2125355],[16.6012781,49.2129683],[16.6011029,49.213274],[16.6008533,49.2136833],[16.6006873,49.2139619]]}},{"type":"Feature","properties":{"way_id":343676477,"route_colors":["#0777c1","#d40000"],"route_refs":["6","1"]},"geometry":{"type":"LineString","coordinates":[[16.6006873,49.2139619],[16.6006615,49.2140053],[16.6006502,49.2140246],[16.6004459,49.2143751],[16.5998462,49.2153781],[16.5997893,49.2154767],[16.59974,49.2155658],[16.5993324,49.2162602],[16.5992938,49.2163243],[16.5990812,49.2166773],[16.5989039,49.2169806]]}},{"type":"Feature","properties":{"way_id":343676478,"route_colors":["#0777c1","#d40000"],"route_refs":["6","1"]},"geometry":{"type":"LineString","coordinates":[[16.5989039,49.2169806],[16.5988644,49.2170474],[16.5988435,49.2170828],[16.5987787,49.2171925],[16.5987529,49.2172361],[16.5981829,49.2182006],[16.5979683,49.218556],[16.5978569,49.2187404],[16.5972757,49.2197029],[16.5968325,49.2204307],[16.5965901,49.2208353]]}},{"type":"Feature","properties":{"way_id":343676480,"route_colors":["#0777c1","#d40000"],"route_refs":["6","1"]},"geometry":{"type":"LineString","coordinates":[[16.5965901,49.2208353],[16.5965544,49.2208943],[16.5964968,49.2209979],[16.5964375,49.2210996],[16.5962498,49.2214047],[16.5961805,49.2215261],[16.5961487,49.2215791],[16.5956659,49.2223832],[16.5956262,49.2224494],[16.5954274,49.2227866],[16.5952391,49.2231104]]}},{"type":"Feature","properties":{"way_id":343676511,"route_colors":["#0777c1","#d40000"],"route_refs":["6","1"]},"geometry":{"type":"LineString","coordinates":[[16.5952391,49.2231104],[16.595142,49.223278],[16.5950808,49.2233821],[16.5950562,49.2234292],[16.5947653,49.223938],[16.5947014,49.2240399],[16.5946011,49.2242131],[16.5945342,49.224327],[16.5941637,49.2249652],[16.5939577,49.2253155],[16.5937038,49.2257509],[16.593658,49.225833],[16.5935826,49.2259618],[16.5933275,49.2264015],[16.5931316,49.2267272],[16.5930125,49.2269167],[16.5929535,49.22701],[16.592737,49.2273322]]}},{"type":"Feature","properties":{"way_id":343676517,"route_colors":["#0777c1","#d40000"],"route_refs":["6","1"]},"geometry":{"type":"LineString","coordinates":[[16.592737,49.2273322],[16.5926338,49.2274817]]}},{"type":"Feature","properties":{"way_id":331795869,"route_colors":["#0777c1"],"route_refs":["6"]},"geometry":{"type":"LineString","coordinates":[[16.5926338,49.2274817],[16.5926312,49.2275034],[16.592627,49.2275378],[16.5926304,49.2275953],[16.5926492,49.2276533],[16.5926774,49.2277046],[16.5927149,49.227745],[16.5927841,49.2277949]]}},{"type":"Feature","properties":{"way_id":331795865,"route_colors":["#0777c1"],"route_refs":["6"]},"geometry":{"type":"LineString","coordinates":[[16.5927841,49.2277949],[16.5929765,49.2278928],[16.5929994,49.2279045],[16.5932735,49.2280455],[16.5934304,49.2281274],[16.5942606,49.2285442]]}},{"type":"Feature","properties":{"way_id":26622424,"route_colors":["#0777c1"],"route_refs":["6"]},"geometry":{"type":"LineString","coordinates":[[16.5942606,49.2285442],[16.5944565,49.2286464],[16.5947178,49.2287813],[16.5950723,49.2289636],[16.595548,49.2292087],[16.5955664,49.2292197],[16.5956172,49.2292501],[16.5956411,49.2292678],[16.5956618,49.2292855],[16.5956859,49.2293086],[16.5956963,49.2293223],[16.5957105,49.2293411],[16.5957298,49.2293736],[16.5957415,49.2293994],[16.5957494,49.2294304],[16.5957535,49.2294608],[16.5957523,49.22949],[16.5957464,49.229525],[16.5957334,49.2295601],[16.5957182,49.2295869],[16.5956995,49.2296137],[16.5954798,49.2299147],[16.5953867,49.2300382],[16.5953508,49.2300894],[16.5953425,49.2301031]]}},{"type":"Feature","properties":{"way_id":343423771,"route_colors":["#ee7e1e"],"route_refs":["4"]},"geometry":{"type":"LineString","coordinates":[[16.6527876,49.2282886],[16.6523271,49.2282115]]}},{"type":"Feature","properties":{"way_id":337012760,"route_colors":["#ee7e1e"],"route_refs":["4"]},"geometry":{"type":"LineString","coordinates":[[16.6424666,49.215655],[16.6428801,49.215604],[16.6428746,49.2155802],[16.6424595,49.2156315],[16.6424666,49.215655]]}},{"type":"Feature","properties":{"way_id":906861819,"route_colors":["#ee7e1e"],"route_refs":["4"]},"geometry":{"type":"LineString","coordinates":[[16.6364225,49.2140218],[16.6365047,49.2140722],[16.6365382,49.2140899],[16.6365786,49.2141104],[16.6366017,49.2141227],[16.6366071,49.2141302],[16.6366044,49.2141383],[16.6365961,49.2141434],[16.6365848,49.2141446],[16.6365744,49.2141416],[16.6365512,49.2141317],[16.6365092,49.2141086],[16.6364785,49.2140915],[16.636388,49.2140391],[16.6362811,49.2139776],[16.6361305,49.2138898],[16.6360765,49.2138575],[16.6360691,49.2138523],[16.6360591,49.2138455],[16.636045,49.2138316],[16.6360451,49.2138265],[16.636049,49.2138222],[16.6360574,49.2138196],[16.6360665,49.2138208],[16.6360799,49.2138283],[16.6360975,49.2138375],[16.6361176,49.2138481],[16.6361582,49.2138678],[16.6363156,49.2139601],[16.6364225,49.2140218]]}},{"type":"Feature","properties":{"way_id":27705876,"route_colors":["#ee7e1e"],"route_refs":["4"]},"geometry":{"type":"LineString","coordinates":[[16.6125506,49.1914844],[16.6125639,49.1914693],[16.6125702,49.1914606],[16.6118075,49.1911706],[16.6117931,49.1911872],[16.6117703,49.1912133],[16.6118628,49.1912484],[16.6119636,49.1912868],[16.612245,49.1913938],[16.6123494,49.1914335],[16.6125336,49.1915035],[16.6125361,49.1915006],[16.6125506,49.1914844]]}},{"type":"Feature","properties":{"way_id":326497376,"route_colors":["#ee7e1e"],"route_refs":["4"]},"geometry":{"type":"LineString","coordinates":[[16.6021253,49.1971015],[16.6025598,49.1971653]]}},{"type":"Feature","properties":{"way_id":157661380,"route_colors":["#ee7e1e"],"route_refs":["4"]},"geometry":{"type":"LineString","coordinates":[[16.5974478,49.1982419],[16.5974603,49.1982404],[16.597544,49.1982267],[16.5976655,49.1982058],[16.5977813,49.1981822],[16.5978853,49.1981578]]}},{"type":"Feature","properties":{"way_id":125155922,"route_colors":["#ee7e1e"],"route_refs":["4"]},"geometry":{"type":"LineString","coordinates":[[16.582257,49.2019498],[16.5822507,49.2019648],[16.5822325,49.2019918],[16.582143,49.2021061],[16.5820956,49.2021809],[16.5820621,49.2022176],[16.5820916,49.2022261],[16.5822853,49.2019524],[16.582257,49.2019498]]}},{"type":"Feature","properties":{"way_id":345908390,"route_colors":["#ee7e1e"],"route_refs":["4"]},"geometry":{"type":"LineString","coordinates":[[16.6523994,49.2281935],[16.6522855,49.2281742],[16.6521937,49.228155]]}},{"type":"Feature","properties":{"way_id":778841697,"route_colors":["#ee7e1e"],"route_refs":["4"]},"geometry":{"type":"LineString","coordinates":[[16.6521937,49.228155],[16.6521174,49.2281359],[16.6520354,49.2281174]]}},{"type":"Feature","properties":{"way_id":778841698,"route_colors":["#ee7e1e"],"route_refs":["4"]},"geometry":{"type":"LineString","coordinates":[[16.6520354,49.2281174],[16.651878,49.2280722]]}},{"type":"Feature","properties":{"way_id":337012753,"route_colors":["#ee7e1e"],"route_refs":["4"]},"geometry":{"type":"LineString","coordinates":[[16.651878,49.2280722],[16.6503161,49.2276585],[16.6495098,49.2274405]]}},{"type":"Feature","properties":{"way_id":345908373,"route_colors":["#ee7e1e"],"route_refs":["4"]},"geometry":{"type":"LineString","coordinates":[[16.6495098,49.2274405],[16.6494635,49.2274281],[16.6492993,49.2273869],[16.649204,49.2273627],[16.6474441,49.2268996],[16.6462816,49.2265971],[16.6459905,49.226487],[16.6458044,49.2264],[16.6455349,49.2262277],[16.6453536,49.226069],[16.645274,49.2259841],[16.6451944,49.2258925],[16.6451244,49.2257938],[16.6450654,49.2257024],[16.644974,49.2255441],[16.6449515,49.2254906],[16.6448896,49.2253085],[16.644862,49.2251062],[16.6448471,49.224981],[16.6448391,49.2247712],[16.6448065,49.2240659],[16.6448032,49.2239952],[16.6447764,49.2233637],[16.6447367,49.2225932],[16.6447339,49.2225484]]}},{"type":"Feature","properties":{"way_id":345908377,"route_colors":["#ee7e1e"],"route_refs":["4"]},"geometry":{"type":"LineString","coordinates":[[16.6447339,49.2225484],[16.6447164,49.2222689],[16.6447052,49.2222018],[16.6446854,49.2221153],[16.6446182,49.2219785],[16.6445241,49.2218677],[16.6444551,49.221811],[16.6443577,49.22174],[16.6440685,49.2215716],[16.6438661,49.2214538],[16.6437387,49.2213542],[16.6436543,49.221253],[16.6435999,49.2211613],[16.6435464,49.2210415],[16.6434831,49.2208338],[16.6433752,49.2204928],[16.6433184,49.2202306],[16.6432972,49.2200626],[16.643281,49.2198233]]}},{"type":"Feature","properties":{"way_id":345908386,"route_colors":["#ee7e1e"],"route_refs":["4"]},"geometry":{"type":"LineString","coordinates":[[16.643281,49.2198233],[16.6432777,49.2197737],[16.6432612,49.2194535],[16.643259,49.2191386],[16.6431678,49.2182202],[16.6431618,49.2181341],[16.6431578,49.2180193],[16.64316,49.2179611],[16.6431639,49.2179032],[16.6431703,49.2178545],[16.6431784,49.2178066],[16.6431938,49.2177397],[16.6432099,49.2176768],[16.6432309,49.2176141],[16.643257,49.2175495],[16.6432826,49.2174899],[16.6433133,49.2174297],[16.6434951,49.2171154],[16.6438373,49.2165282],[16.6438806,49.216451],[16.6439168,49.2163752],[16.6439364,49.2163215],[16.6439519,49.2162678],[16.6439636,49.2162178],[16.6439712,49.2161678],[16.6439761,49.2161114],[16.643978,49.2160569],[16.6439775,49.2159527],[16.643972,49.2158701],[16.6439665,49.2158376],[16.6439575,49.2158105],[16.6439425,49.2157724],[16.6439275,49.2157422],[16.6438961,49.215701],[16.643868,49.2156729],[16.6438338,49.2156406],[16.6437939,49.215612],[16.6437549,49.2155888],[16.6437189,49.2155704],[16.6436778,49.2155532],[16.6436255,49.2155376],[16.6435844,49.2155263],[16.6435313,49.2155158],[16.6434736,49.2155089],[16.6434145,49.2155059],[16.6433518,49.2155072],[16.6432828,49.2155138],[16.6432292,49.2155196],[16.6429053,49.2155601]]}},{"type":"Feature","properties":{"way_id":661615921,"route_colors":["#ee7e1e"],"route_refs":["4"]},"geometry":{"type":"LineString","coordinates":[[16.6429053,49.2155601],[16.6424753,49.2156141]]}},{"type":"Feature","properties":{"way_id":345908393,"route_colors":["#ee7e1e"],"route_refs":["4"]},"geometry":{"type":"LineString","coordinates":[[16.6424753,49.2156141],[16.6423073,49.2156342],[16.642263,49.2156395]]}},{"type":"Feature","properties":{"way_id":337012754,"route_colors":["#ee7e1e"],"route_refs":["4"]},"geometry":{"type":"LineString","coordinates":[[16.642263,49.2156395],[16.6416822,49.2157119]]}},{"type":"Feature","properties":{"way_id":337012742,"route_colors":["#ee7e1e"],"route_refs":["4"]},"geometry":{"type":"LineString","coordinates":[[16.6416822,49.2157119],[16.6415993,49.2157209],[16.6412251,49.2157504],[16.6408288,49.2157747],[16.6406161,49.2157909],[16.6404601,49.2157882],[16.6404164,49.2157838],[16.6403243,49.2157745],[16.6402596,49.2157576],[16.6402329,49.2157521],[16.6401278,49.2157057],[16.6399977,49.2156365],[16.6398765,49.2155478],[16.6397892,49.2154692],[16.63963,49.2153261],[16.6394046,49.2151222],[16.6392829,49.2150075],[16.6391578,49.2148848],[16.638997,49.2147307],[16.6388638,49.2146402],[16.6387345,49.2145774],[16.6386133,49.214524],[16.6385161,49.2144882],[16.6382361,49.2143994],[16.6381201,49.2143605],[16.6380201,49.2143269]]}},{"type":"Feature","properties":{"way_id":1321907579,"route_colors":["#ee7e1e"],"route_refs":["4"]},"geometry":{"type":"LineString","coordinates":[[16.6380201,49.2143269],[16.6379209,49.214294],[16.6378421,49.2142703],[16.6378199,49.214265],[16.6377609,49.214251],[16.6376801,49.2142374],[16.6375986,49.2142276],[16.6374967,49.2142217],[16.6374559,49.2142194],[16.6374455,49.2142188]]}},{"type":"Feature","properties":{"way_id":906861827,"route_colors":["#ee7e1e"],"route_refs":["4"]},"geometry":{"type":"LineString","coordinates":[[16.6374455,49.2142188],[16.6373253,49.2142116],[16.6371122,49.2141988],[16.6370046,49.2141924],[16.6369109,49.2141857],[16.636852,49.214178],[16.6368085,49.2141705],[16.6367592,49.2141589],[16.636708,49.2141443],[16.6366562,49.2141259],[16.6366022,49.214103],[16.6365935,49.2140988],[16.6365637,49.2140842],[16.6365154,49.2140574],[16.636456,49.2140224],[16.6362884,49.2139265],[16.6361977,49.2138737],[16.6361505,49.213846],[16.6361179,49.2138271],[16.6360969,49.2138149],[16.6360261,49.2137665],[16.6359682,49.2137135]]}},{"type":"Feature","properties":{"way_id":1321907577,"route_colors":["#ee7e1e"],"route_refs":["4"]},"geometry":{"type":"LineString","coordinates":[[16.6359682,49.2137135],[16.6358691,49.2135983],[16.6358076,49.2135225],[16.6356814,49.2133669],[16.6356745,49.2133584],[16.6355726,49.2132388],[16.6354188,49.2130753]]}},{"type":"Feature","properties":{"way_id":345908366,"route_colors":["#ee7e1e"],"route_refs":["4"]},"geometry":{"type":"LineString","coordinates":[[16.6354188,49.2130753],[16.6351694,49.212826],[16.6350744,49.2127276],[16.6349932,49.2126238],[16.6347864,49.2123476],[16.6342323,49.2116135],[16.6340349,49.2113518]]}},{"type":"Feature","properties":{"way_id":345908384,"route_colors":["#ee7e1e"],"route_refs":["4"]},"geometry":{"type":"LineString","coordinates":[[16.6340349,49.2113518],[16.6338217,49.2110742],[16.6337053,49.2109312],[16.6336588,49.2108717],[16.6334072,49.210581],[16.6329862,49.2101497],[16.6327812,49.2099348],[16.6323985,49.2095473],[16.6318444,49.2089897],[16.6317925,49.2089573],[16.6317017,49.2089342],[16.6316003,49.2089304],[16.6315107,49.2089404],[16.6313056,49.2089743],[16.6305322,49.209106],[16.6304764,49.2091145],[16.6304333,49.2091181],[16.6303974,49.2091186],[16.6303649,49.2091163],[16.6303301,49.2091105],[16.6302897,49.2091013],[16.6302435,49.2090879],[16.6302154,49.2090765],[16.6301795,49.2090553],[16.6301622,49.2090424],[16.6301308,49.2090156],[16.630112,49.2089944],[16.6300937,49.2089702],[16.6300758,49.2089452],[16.6300585,49.2089198],[16.6299978,49.2088192],[16.6298161,49.2084913]]}},{"type":"Feature","properties":{"way_id":974151128,"route_colors":["#ee7e1e"],"route_refs":["4"]},"geometry":{"type":"LineString","coordinates":[[16.6298161,49.2084913],[16.629772,49.2084117],[16.6296125,49.2081237],[16.6294486,49.2078317],[16.629421,49.2077939],[16.6293994,49.2077742],[16.6293745,49.2077579],[16.6293467,49.2077445],[16.6293128,49.2077323],[16.6292746,49.2077224],[16.6292296,49.2077163],[16.6291882,49.2077145],[16.6291456,49.2077184],[16.6290614,49.2077318],[16.6286472,49.2078114]]}},{"type":"Feature","properties":{"way_id":345908375,"route_colors":["#ee7e1e"],"route_refs":["4"]},"geometry":{"type":"LineString","coordinates":[[16.6286472,49.2078114],[16.6277751,49.2079833],[16.6277317,49.20799],[16.6276809,49.2079934],[16.6276351,49.2079917],[16.6275874,49.2079846],[16.6275452,49.2079721],[16.6275083,49.2079544],[16.6274813,49.2079389],[16.6274446,49.2079084],[16.6274223,49.2078782],[16.6270739,49.2072061],[16.62704,49.2071414],[16.6269972,49.2070488],[16.6268857,49.2068442]]}},{"type":"Feature","properties":{"way_id":345908363,"route_colors":["#ee7e1e"],"route_refs":["4"]},"geometry":{"type":"LineString","coordinates":[[16.6268857,49.2068442],[16.6267969,49.2066394],[16.6267532,49.2065562],[16.626712,49.2064761],[16.6266659,49.2063952],[16.6263002,49.2056964],[16.6262005,49.2055048],[16.6258307,49.2047874],[16.6257674,49.2046768],[16.6256383,49.2044217]]}},{"type":"Feature","properties":{"way_id":345908392,"route_colors":["#ee7e1e"],"route_refs":["4"]},"geometry":{"type":"LineString","coordinates":[[16.6256383,49.2044217],[16.6255306,49.2042009],[16.6254693,49.2040707],[16.6254395,49.2039758],[16.625432,49.2039239],[16.6254278,49.2038345]]}},{"type":"Feature","properties":{"way_id":332341803,"route_colors":["#ee7e1e"],"route_refs":["4"]},"geometry":{"type":"LineString","coordinates":[[16.6254278,49.2038345],[16.6254297,49.2037702],[16.6254377,49.2037392],[16.6254386,49.2037307],[16.6254591,49.2036738],[16.6254816,49.2036263],[16.6254963,49.2035973],[16.6255177,49.2035548],[16.6255507,49.2034945]]}},{"type":"Feature","properties":{"way_id":326343360,"route_colors":["#ee7e1e"],"route_refs":["4"]},"geometry":{"type":"LineString","coordinates":[[16.6073842,49.1973981],[16.6073167,49.1975034],[16.6072686,49.1975569],[16.6071666,49.1976734],[16.6071358,49.1977045],[16.6071155,49.1977208],[16.6070898,49.1977379],[16.6070622,49.1977528],[16.6070359,49.1977651],[16.6070073,49.1977746],[16.6069767,49.197783],[16.606935,49.1977914],[16.6068971,49.1977958],[16.6068647,49.1977972],[16.6068277,49.1977962],[16.6067929,49.1977934],[16.6067564,49.1977878],[16.6067103,49.1977816],[16.6066891,49.1977787],[16.6065382,49.1977553]]}},{"type":"Feature","properties":{"way_id":326497378,"route_colors":["#ee7e1e"],"route_refs":["4"]},"geometry":{"type":"LineString","coordinates":[[16.6037457,49.1973299],[16.6037062,49.197324],[16.6030995,49.1972321],[16.6030596,49.197226]]}},{"type":"Feature","properties":{"way_id":326497384,"route_colors":["#ee7e1e"],"route_refs":["4"]},"geometry":{"type":"LineString","coordinates":[[16.6030596,49.197226],[16.6028363,49.1971922],[16.6021537,49.1970888]]}},{"type":"Feature","properties":{"way_id":326497382,"route_colors":["#ee7e1e"],"route_refs":["4"]},"geometry":{"type":"LineString","coordinates":[[16.6021537,49.1970888],[16.6021043,49.1970813],[16.6019525,49.1970581],[16.6012615,49.1969537],[16.6011025,49.1969296],[16.6010635,49.1969255],[16.6010487,49.1969235],[16.6010012,49.1969209],[16.6009536,49.1969218],[16.6009121,49.1969256],[16.6008727,49.1969322],[16.6008272,49.1969431],[16.6007864,49.1969569],[16.6007436,49.1969738],[16.6006747,49.197007],[16.6003078,49.1971945],[16.5996125,49.1975439],[16.5994546,49.1976215],[16.5993455,49.1976673],[16.5992347,49.1977105],[16.5991169,49.1977507],[16.5987919,49.1978611],[16.5984661,49.1979688],[16.5983293,49.1980081],[16.5982165,49.1980436],[16.5980928,49.1980814],[16.5979972,49.198109],[16.5979408,49.1981235],[16.5978345,49.1981478],[16.5977231,49.198172],[16.5976063,49.1981947],[16.597484,49.1982141]]}},{"type":"Feature","properties":{"way_id":345908367,"route_colors":["#ee7e1e"],"route_refs":["4"]},"geometry":{"type":"LineString","coordinates":[[16.597484,49.1982141],[16.5974614,49.1982175],[16.5972748,49.1982417],[16.5972181,49.1982489],[16.5971221,49.1982575],[16.5970164,49.1982647],[16.5966498,49.198285],[16.5960376,49.1983182],[16.5954165,49.1983471],[16.5952296,49.1983533],[16.5950191,49.1983599],[16.5948077,49.1983693],[16.5942614,49.198398],[16.5940435,49.1984072],[16.5940057,49.1984078],[16.5939688,49.1984061],[16.5939186,49.1984015],[16.593872,49.1983945],[16.5938326,49.1983864],[16.5936975,49.1983496],[16.5935757,49.1983191],[16.5935059,49.1983028],[16.5934736,49.1982969],[16.5934396,49.1982916],[16.5933871,49.1982856],[16.5933328,49.1982819],[16.5932517,49.1982806],[16.5930903,49.1982785],[16.5926488,49.1982737],[16.5919636,49.1982581],[16.5918639,49.1982572],[16.5917749,49.1982575],[16.5916939,49.1982597],[16.5916054,49.1982643],[16.5915018,49.1982726],[16.5913859,49.1982863],[16.5909567,49.1983432],[16.5907812,49.1983664],[16.5907217,49.1983759],[16.5906729,49.1983841],[16.590634,49.1983923],[16.5905893,49.1984019],[16.5905385,49.1984143],[16.5904655,49.1984339],[16.5901246,49.1985345],[16.5900424,49.1985576],[16.5899755,49.1985741],[16.5899136,49.1985879],[16.5898522,49.1985995],[16.5897853,49.19861],[16.5897005,49.1986215],[16.5892875,49.1986704],[16.5886893,49.1987432]]}},{"type":"Feature","properties":{"way_id":345908370,"route_colors":["#ee7e1e"],"route_refs":["4"]},"geometry":{"type":"LineString","coordinates":[[16.5886893,49.1987432],[16.5884154,49.1987766],[16.5883354,49.1987879],[16.5882677,49.1987987],[16.5882072,49.1988084],[16.5881535,49.198818],[16.5880548,49.1988392],[16.5879607,49.1988617],[16.5876845,49.1989314],[16.5875787,49.1989604],[16.5875046,49.1989826],[16.5874285,49.199005],[16.5873352,49.199035],[16.5870485,49.1991345],[16.5866165,49.1992852],[16.5865611,49.1993071],[16.5864979,49.199334],[16.5864443,49.1993593],[16.586386,49.1993915],[16.5863391,49.1994176],[16.5862899,49.1994476],[16.5862343,49.1994851],[16.5861917,49.199515],[16.5861473,49.1995492],[16.5861058,49.1995876],[16.5860341,49.1996517],[16.5859895,49.1996922],[16.5859452,49.1997281],[16.5858991,49.1997625],[16.585835,49.1998051],[16.5857805,49.1998395],[16.5857145,49.1998775],[16.5855996,49.1999352],[16.5853653,49.2000499],[16.5850551,49.200199],[16.5845306,49.2004329]]}},{"type":"Feature","properties":{"way_id":345908362,"route_colors":["#ee7e1e"],"route_refs":["4"]},"geometry":{"type":"LineString","coordinates":[[16.5845306,49.2004329],[16.5840452,49.2006497],[16.5838962,49.200721],[16.5837356,49.2008083],[16.5835588,49.2009056],[16.5833852,49.2010049],[16.5831779,49.201135],[16.5827992,49.2013793],[16.5824856,49.2015816],[16.582447,49.2016108],[16.5824193,49.2016352],[16.582379,49.2016785]]}},{"type":"Feature","properties":{"way_id":1056410437,"route_colors":["#ee7e1e"],"route_refs":["4"]},"geometry":{"type":"LineString","coordinates":[[16.582379,49.2016785],[16.582325,49.20174],[16.5823023,49.2017692]]}},{"type":"Feature","properties":{"way_id":125104522,"route_colors":["#ee7e1e"],"route_refs":["4"]},"geometry":{"type":"LineString","coordinates":[[16.5823023,49.2017692],[16.582275,49.201809],[16.5822622,49.2018301],[16.5822496,49.2018613],[16.5822231,49.2019475],[16.5822109,49.2019776],[16.5821971,49.202002],[16.5820765,49.2021688],[16.5820624,49.2021864],[16.5820464,49.2022033]]}},{"type":"Feature","properties":{"way_id":328648852,"route_colors":["#ee7e1e"],"route_refs":["4"]},"geometry":{"type":"LineString","coordinates":[[16.5813337,49.2022006],[16.5813444,49.2021587],[16.5813666,49.202097],[16.5814005,49.2020604],[16.5814554,49.2020331],[16.5815766,49.2019872]]}},{"type":"Feature","properties":{"way_id":326497379,"route_colors":["#ee7e1e"],"route_refs":["4"]},"geometry":{"type":"LineString","coordinates":[[16.6027916,49.1971406],[16.602582,49.197107],[16.602201,49.1970464]]}},{"type":"Feature","properties":{"way_id":1013393390,"route_colors":["#ee7e1e"],"route_refs":["4"]},"geometry":{"type":"LineString","coordinates":[[16.6274174,49.2070876],[16.6277958,49.2070187],[16.6278967,49.2069982],[16.627905,49.2069949],[16.6279089,49.2069916],[16.6279086,49.2069874],[16.6279064,49.2069836],[16.627901,49.2069819],[16.6278895,49.2069826],[16.6273381,49.2070836],[16.6273335,49.2070869],[16.6273309,49.2070907],[16.6273324,49.2070947],[16.6273363,49.207098],[16.6273432,49.2070997],[16.6274174,49.2070876]]}},{"type":"Feature","properties":{"way_id":906861825,"route_colors":["#ee7e1e"],"route_refs":["4"]},"geometry":{"type":"LineString","coordinates":[[16.636506,49.2139552],[16.636389,49.2138869],[16.6362589,49.2138124],[16.6362333,49.2137985],[16.6362036,49.2137844],[16.6361769,49.213775],[16.6361592,49.2137703],[16.6361532,49.2137703],[16.6361483,49.2137726],[16.6361463,49.2137761],[16.6361476,49.2137798],[16.6361757,49.2137985],[16.6362291,49.2138339],[16.636359,49.2139073],[16.6364755,49.2139734],[16.6365811,49.2140345],[16.6366163,49.2140536],[16.6366387,49.2140637],[16.636654,49.2140707],[16.6366688,49.214076],[16.6366788,49.2140782],[16.636689,49.2140766],[16.6366965,49.2140718],[16.6366985,49.2140632],[16.6366916,49.2140559],[16.6366651,49.2140432],[16.6366442,49.2140332],[16.6366086,49.2140133],[16.636506,49.2139552]]}},{"type":"Feature","properties":{"way_id":337012761,"route_colors":["#ee7e1e"],"route_refs":["4"]},"geometry":{"type":"LineString","coordinates":[[16.6425676,49.215524],[16.6429663,49.2154749],[16.6430051,49.2154702],[16.6430099,49.2154866],[16.6425723,49.2155405],[16.6425676,49.215524]]}},{"type":"Feature","properties":{"way_id":343423770,"route_colors":["#ee7e1e"],"route_refs":["4"]},"geometry":{"type":"LineString","coordinates":[[16.6526087,49.2279598],[16.6525845,49.227964],[16.6524357,49.2279964],[16.6523479,49.2280115],[16.6523029,49.2280177],[16.652261,49.2280225],[16.6521905,49.2280281]]}},{"type":"Feature","properties":{"way_id":345908398,"route_colors":["#ee7e1e"],"route_refs":["4"]},"geometry":{"type":"LineString","coordinates":[[16.5815043,49.2020494],[16.5815232,49.2020418],[16.58155,49.202033],[16.581579,49.202025],[16.5816163,49.202019],[16.581657,49.2020165],[16.5817059,49.202016],[16.5817583,49.202015]]}},{"type":"Feature","properties":{"way_id":1056336573,"route_colors":["#ee7e1e"],"route_refs":["4"]},"geometry":{"type":"LineString","coordinates":[[16.5817583,49.202015],[16.5817888,49.202013],[16.5818234,49.2020082],[16.5818518,49.2020035],[16.5818809,49.2019957],[16.5819065,49.2019861],[16.5819358,49.2019733]]}},{"type":"Feature","properties":{"way_id":326497370,"route_colors":["#ee7e1e"],"route_refs":["4"]},"geometry":{"type":"LineString","coordinates":[[16.5819358,49.2019733],[16.581957,49.2019628],[16.5819753,49.201952],[16.5819968,49.2019359],[16.5820973,49.201847],[16.5821849,49.2017702],[16.5823048,49.2016683],[16.5823505,49.2016343],[16.5824549,49.201562],[16.583148,49.2011149],[16.5833562,49.2009842],[16.5835308,49.2008843],[16.583708,49.2007868],[16.5838697,49.2006989],[16.5840204,49.2006267],[16.5845065,49.2004099]]}},{"type":"Feature","properties":{"way_id":345908369,"route_colors":["#ee7e1e"],"route_refs":["4"]},"geometry":{"type":"LineString","coordinates":[[16.5845065,49.2004099],[16.5850304,49.2001762],[16.5853399,49.2000275],[16.5855738,49.199913],[16.5856873,49.1998559],[16.5857516,49.199819],[16.585805,49.1997853],[16.5858678,49.1997435],[16.5859126,49.1997102],[16.5859555,49.1996753],[16.5859996,49.1996353],[16.5860712,49.1995713],[16.5861136,49.1995321],[16.5861598,49.1994964],[16.5862033,49.1994659],[16.58626,49.1994277],[16.5863107,49.1993968],[16.5863586,49.1993701],[16.5864159,49.1993392],[16.5864732,49.1993115],[16.5865376,49.1992831],[16.5865927,49.1992618],[16.5873204,49.1990085],[16.5874119,49.1989796],[16.5874873,49.1989567],[16.5875669,49.198934],[16.5876693,49.1989059],[16.5879474,49.1988347],[16.5880421,49.1988113],[16.5881386,49.1987918],[16.5881946,49.1987807],[16.5882558,49.1987696],[16.5883246,49.198758],[16.5884061,49.1987465],[16.5892789,49.1986402]]}},{"type":"Feature","properties":{"way_id":345908371,"route_colors":["#ee7e1e"],"route_refs":["4"]},"geometry":{"type":"LineString","coordinates":[[16.5892789,49.1986402],[16.5896928,49.1985904],[16.5897752,49.1985788],[16.589839,49.198568],[16.5898958,49.1985573],[16.5899552,49.1985447],[16.5900164,49.1985288],[16.5901061,49.1985058],[16.5904465,49.1984054],[16.5905208,49.1983849],[16.5906011,49.1983665],[16.590659,49.1983543],[16.5907086,49.1983449],[16.5907714,49.1983359],[16.5909472,49.1983127],[16.5914019,49.1982525],[16.5914906,49.1982431],[16.5915858,49.1982344],[16.5916693,49.1982309],[16.591751,49.1982289],[16.5918273,49.1982289],[16.5930939,49.1982518],[16.5933462,49.198255],[16.5933945,49.198258],[16.5934414,49.1982625],[16.5934737,49.1982672],[16.5935064,49.1982727],[16.5935397,49.1982793],[16.593585,49.1982913],[16.5937058,49.1983235],[16.5938568,49.1983609],[16.5939015,49.1983688],[16.5939392,49.198375],[16.5939756,49.1983786],[16.5940235,49.1983799],[16.5940714,49.1983783],[16.5942462,49.1983718],[16.5948071,49.1983421],[16.5951027,49.1983291],[16.5954203,49.1983207],[16.596004,49.1982927],[16.5965979,49.1982607],[16.5968063,49.1982519],[16.5970123,49.1982383],[16.5971271,49.1982298],[16.5972326,49.1982192],[16.5972626,49.1982156],[16.597448,49.1981925],[16.597553,49.1981752],[16.5976509,49.198158],[16.5978355,49.1981184],[16.597927,49.1980996],[16.5979954,49.1980818],[16.5981176,49.1980456],[16.5982361,49.1980093]]}},{"type":"Feature","properties":{"way_id":345908376,"route_colors":["#ee7e1e"],"route_refs":["4"]},"geometry":{"type":"LineString","coordinates":[[16.5982361,49.1980093],[16.5983568,49.1979696],[16.5984802,49.1979341],[16.5987774,49.1978348],[16.5990967,49.1977267],[16.5992149,49.1976858],[16.5993261,49.1976432],[16.5993869,49.1976182],[16.5994495,49.1975909],[16.5995888,49.1975219],[16.6002628,49.1971822],[16.6006469,49.1969842],[16.6007461,49.1969365],[16.6008045,49.1969139],[16.6008559,49.1968996],[16.6008998,49.1968928],[16.6009316,49.1968907],[16.6009662,49.1968889],[16.6010077,49.1968896],[16.601047,49.1968919],[16.6010809,49.196895],[16.6011145,49.196899],[16.6012744,49.1969233],[16.6022064,49.1970647],[16.6026839,49.1971371]]}},{"type":"Feature","properties":{"way_id":345908402,"route_colors":["#ee7e1e"],"route_refs":["4"]},"geometry":{"type":"LineString","coordinates":[[16.6026839,49.1971371],[16.6028466,49.1971617],[16.6029195,49.1971728],[16.6030438,49.1971917],[16.603146,49.1972072],[16.6032689,49.1972258],[16.603554,49.1972691],[16.6036774,49.1972878],[16.6037813,49.1973035]]}},{"type":"Feature","properties":{"way_id":297697506,"route_colors":["#ee7e1e"],"route_refs":["4"]},"geometry":{"type":"LineString","coordinates":[[16.6065672,49.1977288],[16.6067193,49.1977518],[16.6067726,49.1977588],[16.6068102,49.1977615],[16.6068456,49.1977608],[16.6068938,49.1977565],[16.6069376,49.1977491],[16.6069752,49.1977393],[16.607015,49.1977249],[16.6070516,49.1977086],[16.6070985,49.1976784],[16.6071314,49.1976494],[16.6072165,49.1975543]]}},{"type":"Feature","properties":{"way_id":1320231751,"route_colors":["#ee7e1e"],"route_refs":["4"]},"geometry":{"type":"LineString","coordinates":[[16.6072165,49.1975543],[16.6072819,49.1974796],[16.6073401,49.1973847]]}},{"type":"Feature","properties":{"way_id":35085848,"route_colors":["#ee7e1e"],"route_refs":["4"]},"geometry":{"type":"LineString","coordinates":[[16.625591,49.2035029],[16.62556,49.2035587],[16.6255244,49.2036314],[16.6255049,49.2036779],[16.625482,49.2037378],[16.6254746,49.2037732],[16.6254713,49.2038178]]}},{"type":"Feature","properties":{"way_id":332341757,"route_colors":["#ee7e1e"],"route_refs":["4"]},"geometry":{"type":"LineString","coordinates":[[16.6254713,49.2038178],[16.6254702,49.2038336],[16.6254712,49.2039194],[16.6254788,49.2039718],[16.6255096,49.2040634],[16.6255694,49.2041914],[16.6257187,49.2044833]]}},{"type":"Feature","properties":{"way_id":345908372,"route_colors":["#ee7e1e"],"route_refs":["4"]},"geometry":{"type":"LineString","coordinates":[[16.6257187,49.2044833],[16.6258121,49.2046657],[16.625867,49.2047711],[16.6262476,49.2054945],[16.6263448,49.2056875],[16.6267086,49.2063869],[16.626752,49.2064689],[16.6267978,49.2065486],[16.6268393,49.2066314],[16.6269299,49.2068382],[16.6270152,49.2070002],[16.627037,49.2070276],[16.627056,49.2070464],[16.6270807,49.2070656],[16.6271038,49.2070782],[16.6271274,49.2070907],[16.6271551,49.2071003],[16.6271813,49.2071073]]}},{"type":"Feature","properties":{"way_id":1056131282,"route_colors":["#ee7e1e"],"route_refs":["4"]},"geometry":{"type":"LineString","coordinates":[[16.6271813,49.2071073],[16.6272209,49.2071142],[16.6272622,49.2071178],[16.627307,49.2071169],[16.6273546,49.2071114],[16.6278295,49.2070248]]}},{"type":"Feature","properties":{"way_id":1056131280,"route_colors":["#ee7e1e"],"route_refs":["4"]},"geometry":{"type":"LineString","coordinates":[[16.6278295,49.2070248],[16.627965,49.2069976],[16.6280256,49.2069841]]}},{"type":"Feature","properties":{"way_id":345908364,"route_colors":["#ee7e1e"],"route_refs":["4"]},"geometry":{"type":"LineString","coordinates":[[16.6280256,49.2069841],[16.6281372,49.2069568],[16.6281981,49.2069418],[16.6282678,49.2069262],[16.6283613,49.2069066],[16.6286576,49.2068533],[16.6287053,49.2068464],[16.6287347,49.2068432],[16.6287623,49.2068425],[16.6287881,49.206844],[16.6288181,49.2068473],[16.6288473,49.2068524],[16.6288801,49.2068622],[16.6289147,49.2068751],[16.6289418,49.2068898],[16.6289656,49.2069081],[16.6289915,49.2069297],[16.6290098,49.2069558],[16.6292683,49.2074146]]}},{"type":"Feature","properties":{"way_id":974151127,"route_colors":["#ee7e1e"],"route_refs":["4"]},"geometry":{"type":"LineString","coordinates":[[16.6292683,49.2074146],[16.6293028,49.2074749],[16.6294005,49.2076508],[16.6294995,49.2078452],[16.6296349,49.2080842],[16.6296504,49.2081116]]}},{"type":"Feature","properties":{"way_id":345908381,"route_colors":["#ee7e1e"],"route_refs":["4"]},"geometry":{"type":"LineString","coordinates":[[16.6296504,49.2081116],[16.6300407,49.2088094],[16.6300903,49.2088969],[16.6301079,49.2089236],[16.6301229,49.2089428],[16.6301434,49.2089669],[16.6301609,49.208984],[16.6301784,49.2089991],[16.6301989,49.2090158],[16.6302177,49.2090293],[16.630236,49.2090399],[16.6302549,49.2090488],[16.6302818,49.2090585],[16.6303065,49.2090654],[16.6303324,49.2090712],[16.6303631,49.2090763],[16.6303938,49.2090798],[16.630418,49.2090812],[16.6304465,49.2090815],[16.6304743,49.2090807],[16.6305049,49.2090794],[16.6305396,49.2090761],[16.6305776,49.2090708],[16.6315462,49.208901],[16.6316294,49.2088997],[16.6317219,49.2089049],[16.6317867,49.2089203],[16.631849,49.2089483],[16.6319046,49.2089811],[16.6324375,49.2095226],[16.632467,49.2095513],[16.6328294,49.2099166],[16.6330369,49.2101352],[16.6334727,49.2105942]]}},{"type":"Feature","properties":{"way_id":345908385,"route_colors":["#ee7e1e"],"route_refs":["4"]},"geometry":{"type":"LineString","coordinates":[[16.6334727,49.2105942],[16.6335277,49.2106569],[16.6337016,49.2108566],[16.6338672,49.2110631],[16.6342771,49.2115955],[16.6348303,49.212329],[16.6350374,49.2126105],[16.6351174,49.2127173],[16.6352069,49.2128123],[16.6352625,49.2128688],[16.6354515,49.2130563]]}},{"type":"Feature","properties":{"way_id":1317933409,"route_colors":["#ee7e1e"],"route_refs":["4"]},"geometry":{"type":"LineString","coordinates":[[16.6354515,49.2130563],[16.6354603,49.2130656],[16.6356122,49.2132265],[16.6357117,49.2133428],[16.6357556,49.2133961],[16.6359102,49.2135839],[16.6360097,49.2136974]]}},{"type":"Feature","properties":{"way_id":906861828,"route_colors":["#ee7e1e"],"route_refs":["4"]},"geometry":{"type":"LineString","coordinates":[[16.6360097,49.2136974],[16.6360688,49.2137518],[16.6361342,49.2137943],[16.636156,49.213808],[16.6361813,49.2138239],[16.6362314,49.2138512],[16.636322,49.2139038],[16.6364913,49.2140008],[16.63655,49.214035],[16.6365684,49.2140457],[16.6366241,49.2140751],[16.6366834,49.2141002],[16.6367467,49.2141215],[16.6368287,49.2141417],[16.6369141,49.2141551],[16.6371156,49.2141688],[16.6373305,49.2141817],[16.6374589,49.2141894],[16.6374786,49.2141905]]}},{"type":"Feature","properties":{"way_id":1317933411,"route_colors":["#ee7e1e"],"route_refs":["4"]},"geometry":{"type":"LineString","coordinates":[[16.6374786,49.2141905],[16.6375003,49.2141918],[16.6375168,49.2141927],[16.6376037,49.2141977],[16.6376892,49.214208],[16.6377734,49.2142222],[16.6378413,49.2142374],[16.6378627,49.2142422],[16.6379457,49.2142671],[16.6380328,49.2142954]]}},{"type":"Feature","properties":{"way_id":345908388,"route_colors":["#ee7e1e"],"route_refs":["4"]},"geometry":{"type":"LineString","coordinates":[[16.6380328,49.2142954],[16.6382639,49.2143687],[16.6385395,49.2144585],[16.6386494,49.2145002],[16.6387714,49.214554],[16.6389064,49.2146153],[16.6390389,49.2147087],[16.6392062,49.2148687],[16.6393274,49.2149853],[16.6394619,49.2151079],[16.6396772,49.2153065],[16.6398405,49.215455],[16.639934,49.215525],[16.6400437,49.2156071],[16.6401477,49.2156721],[16.6402414,49.2157117],[16.6403523,49.21574],[16.6404665,49.2157524],[16.6406006,49.2157538],[16.6408288,49.2157402],[16.6410598,49.2157267],[16.6412083,49.2157161],[16.6413405,49.2157038],[16.6415708,49.2156803],[16.6416688,49.2156681]]}},{"type":"Feature","properties":{"way_id":337012755,"route_colors":["#ee7e1e"],"route_refs":["4"]},"geometry":{"type":"LineString","coordinates":[[16.6416688,49.2156681],[16.6422494,49.2155949]]}},{"type":"Feature","properties":{"way_id":337012756,"route_colors":["#ee7e1e"],"route_refs":["4"]},"geometry":{"type":"LineString","coordinates":[[16.6422494,49.2155949],[16.6422929,49.2155892],[16.6423124,49.2155867]]}},{"type":"Feature","properties":{"way_id":337012752,"route_colors":["#ee7e1e"],"route_refs":["4"]},"geometry":{"type":"LineString","coordinates":[[16.6423124,49.2155867],[16.6426768,49.2155412],[16.642982,49.2155063]]}},{"type":"Feature","properties":{"way_id":345908387,"route_colors":["#ee7e1e"],"route_refs":["4"]},"geometry":{"type":"LineString","coordinates":[[16.642982,49.2155063],[16.6431004,49.2154882],[16.643214,49.2154728],[16.6432722,49.2154669],[16.6433324,49.215463],[16.6433906,49.2154623],[16.6434451,49.2154646],[16.6434955,49.2154695],[16.6435433,49.215477],[16.6435906,49.2154873],[16.6436299,49.2154969],[16.6436723,49.2155092],[16.6437217,49.2155283],[16.6437605,49.2155468],[16.6437981,49.2155668],[16.643833,49.2155882],[16.6438697,49.2156159],[16.6439009,49.2156436],[16.6439264,49.2156706],[16.6439468,49.2156965],[16.6439663,49.2157217],[16.6439762,49.2157382],[16.643997,49.2157781],[16.6440123,49.2158209],[16.6440169,49.2158734],[16.6440227,49.2160509],[16.6440213,49.2161096],[16.6440138,49.2161696],[16.6440053,49.2162219],[16.6439927,49.2162748],[16.6439778,49.2163283],[16.6439568,49.2163832],[16.6439428,49.2164155],[16.6439257,49.2164484],[16.6438743,49.2165407],[16.6435342,49.2171241],[16.643354,49.21744],[16.6433245,49.2174981],[16.6432991,49.2175536],[16.643274,49.2176187],[16.6432519,49.2176844],[16.6432363,49.2177415],[16.6432224,49.2178079],[16.6432149,49.2178537],[16.6432101,49.2178994],[16.6432042,49.2179604],[16.6432018,49.2180202],[16.6432037,49.2181325],[16.6432111,49.2182197],[16.6432938,49.2191346],[16.6433119,49.2193559],[16.6433458,49.2197716],[16.6433864,49.2202041]]}},{"type":"Feature","properties":{"way_id":345908382,"route_colors":["#ee7e1e"],"route_refs":["4"]},"geometry":{"type":"LineString","coordinates":[[16.6433864,49.2202041],[16.6433885,49.2202262],[16.6434106,49.2204033],[16.643431,49.2204893],[16.6434934,49.2206953],[16.6435591,49.2209179],[16.6435981,49.2210223],[16.6436544,49.2211532],[16.6437161,49.2212507],[16.6437891,49.221335],[16.6439205,49.2214309],[16.6441254,49.2215583],[16.6442929,49.2216572],[16.6443937,49.2217163],[16.6444998,49.2217897],[16.6445721,49.2218527],[16.6446678,49.2219693],[16.644734,49.2221096],[16.6447579,49.2221935],[16.6447676,49.2222687],[16.6447822,49.2225941],[16.6447997,49.2229766]]}},{"type":"Feature","properties":{"way_id":345908401,"route_colors":["#ee7e1e"],"route_refs":["4"]},"geometry":{"type":"LineString","coordinates":[[16.6447997,49.2229766],[16.6448171,49.2233577],[16.6448559,49.2240654],[16.6448877,49.2247673],[16.6449108,49.2251031],[16.6449102,49.2251493],[16.6449356,49.2252937],[16.6450054,49.2254834],[16.6451107,49.2256954],[16.6451648,49.2257819],[16.6452325,49.2258819],[16.6453105,49.2259717],[16.6453835,49.2260504],[16.6455687,49.2262113]]}},{"type":"Feature","properties":{"way_id":345908397,"route_colors":["#ee7e1e"],"route_refs":["4"]},"geometry":{"type":"LineString","coordinates":[[16.6455687,49.2262113],[16.6458427,49.2263791],[16.6460126,49.2264492],[16.6462984,49.2265571],[16.6474629,49.2268681],[16.6492196,49.2273381],[16.6494746,49.2274051],[16.6498975,49.2275164],[16.6503528,49.2276404],[16.651877,49.228044],[16.6519041,49.2280499],[16.6519554,49.2280556],[16.6520267,49.2280588]]}},{"type":"Feature","properties":{"way_id":343423773,"route_colors":["#ee7e1e"],"route_refs":["4"]},"geometry":{"type":"LineString","coordinates":[[16.6520267,49.2280588],[16.6520592,49.2280595],[16.6521206,49.2280587],[16.6521809,49.2280559]]}},{"type":"Feature","properties":{"way_id":778841696,"route_colors":["#ee7e1e"],"route_refs":["4"]},"geometry":{"type":"LineString","coordinates":[[16.6521809,49.2280559],[16.652239,49.2280509],[16.6522934,49.2280466],[16.6523668,49.2280352],[16.6525791,49.2279903]]}},{"type":"Feature","properties":{"way_id":78248237,"route_colors":["#e1cb31"],"route_refs":["8"]},"geometry":{"type":"LineString","coordinates":[[16.6927566,49.2072627],[16.6927593,49.2072891],[16.6927628,49.2073201],[16.6922445,49.2073407],[16.692239,49.2072798],[16.6927566,49.2072627]]}},{"type":"Feature","properties":{"way_id":83390277,"route_colors":["#e1cb31"],"route_refs":["8"]},"geometry":{"type":"LineString","coordinates":[[16.686771,49.2085623],[16.686382,49.2091636]]}},{"type":"Feature","properties":{"way_id":827494303,"route_colors":["#e1cb31"],"route_refs":["8"]},"geometry":{"type":"LineString","coordinates":[[16.6815215,49.2099655],[16.6811926,49.2098269],[16.6809801,49.2097355],[16.680781,49.2096419],[16.6807624,49.2096583],[16.6809614,49.209754],[16.6811708,49.2098451],[16.6815061,49.2099846],[16.6815215,49.2099655]]}},{"type":"Feature","properties":{"way_id":34765148,"route_colors":["#e1cb31"],"route_refs":["8"]},"geometry":{"type":"LineString","coordinates":[[16.6771354,49.2066419],[16.6771884,49.2066267],[16.6777407,49.2074478],[16.6777157,49.2074549],[16.6773464,49.2069062],[16.6773027,49.2069188],[16.6772837,49.2068905],[16.6771195,49.2066465],[16.6771354,49.2066419]]}},{"type":"Feature","properties":{"way_id":758981383,"route_colors":["#e1cb31","#a05a2c"],"route_refs":["8","10"]},"geometry":{"type":"LineString","coordinates":[[16.6699028,49.2019358],[16.6706386,49.2020964],[16.6708559,49.2021465]]}},{"type":"Feature","properties":{"way_id":48316304,"route_colors":["#e1cb31","#a05a2c"],"route_refs":["8","10"]},"geometry":{"type":"LineString","coordinates":[[16.6656283,49.1971991],[16.6653721,49.1974061]]}},{"type":"Feature","properties":{"way_id":48316296,"route_colors":["#e1cb31","#a05a2c"],"route_refs":["8","10"]},"geometry":{"type":"LineString","coordinates":[[16.6672941,49.1948617],[16.6673122,49.1948042],[16.6673483,49.1946144],[16.6673616,49.1944337],[16.6673602,49.1942784]]}},{"type":"Feature","properties":{"way_id":37009154,"route_colors":["#e1cb31","#a05a2c"],"route_refs":["8","10"]},"geometry":{"type":"LineString","coordinates":[[16.6631629,49.1899057],[16.6633527,49.1900475],[16.6634465,49.1901187],[16.6637826,49.1903755]]}},{"type":"Feature","properties":{"way_id":244393835,"route_colors":["#e1cb31","#a05a2c"],"route_refs":["8","10"]},"geometry":{"type":"LineString","coordinates":[[16.6499475,49.1905555],[16.6497301,49.1906143],[16.6494448,49.1906771],[16.6494073,49.1906835]]}},{"type":"Feature","properties":{"way_id":329417929,"route_colors":["#e1cb31","#a05a2c"],"route_refs":["8","10"]},"geometry":{"type":"LineString","coordinates":[[16.641096,49.1915273],[16.6414478,49.1914515],[16.6416692,49.1914039]]}},{"type":"Feature","properties":{"way_id":1128287273,"route_colors":["#e1cb31"],"route_refs":["8"]},"geometry":{"type":"LineString","coordinates":[[16.5669558,49.1730309],[16.5669611,49.1732039],[16.5669851,49.1734075],[16.5670153,49.1735777],[16.5670731,49.1735746],[16.5670805,49.1735742],[16.5671234,49.173572],[16.567117,49.1733983],[16.5670986,49.1731977],[16.5670622,49.1730274],[16.5670097,49.1730291],[16.5669558,49.1730309]]}},{"type":"Feature","properties":{"way_id":545626671,"route_colors":["#e1cb31"],"route_refs":["8"]},"geometry":{"type":"LineString","coordinates":[[16.5674026,49.175762],[16.5674821,49.1763705],[16.567556,49.1763676],[16.5675491,49.1763212],[16.567524,49.1762669],[16.5674676,49.1757597],[16.5674026,49.175762]]}},{"type":"Feature","properties":{"way_id":351837954,"route_colors":["#e1cb31"],"route_refs":["8"]},"geometry":{"type":"LineString","coordinates":[[16.6924957,49.207344],[16.6922533,49.2073527],[16.6921572,49.2073586],[16.6920966,49.2073605],[16.6920363,49.2073599],[16.6919552,49.2073546],[16.6916434,49.2073195],[16.6915926,49.2073141]]}},{"type":"Feature","properties":{"way_id":661625163,"route_colors":["#e1cb31"],"route_refs":["8"]},"geometry":{"type":"LineString","coordinates":[[16.6915926,49.2073141],[16.691196,49.2072704]]}},{"type":"Feature","properties":{"way_id":297357660,"route_colors":["#e1cb31"],"route_refs":["8"]},"geometry":{"type":"LineString","coordinates":[[16.691196,49.2072704],[16.6911693,49.2072676],[16.6910422,49.2072522],[16.690904,49.2072378],[16.6905044,49.2071934],[16.6901835,49.2071576],[16.6899052,49.2071344],[16.6897289,49.2071241],[16.6895762,49.2071198],[16.6894228,49.20712],[16.689266,49.2071267],[16.6891045,49.2071431],[16.6889762,49.2071598],[16.6888336,49.2071839],[16.6887074,49.2072099],[16.6886011,49.207235],[16.6884576,49.207271],[16.6883447,49.2073036],[16.6882325,49.2073374],[16.6881208,49.2073761],[16.6880103,49.2074154],[16.6879114,49.2074563],[16.6878094,49.2075013],[16.6876995,49.2075574],[16.6875969,49.207615],[16.6875094,49.2076704],[16.6874473,49.2077167]]}},{"type":"Feature","properties":{"way_id":30387962,"route_colors":["#e1cb31"],"route_refs":["8"]},"geometry":{"type":"LineString","coordinates":[[16.6874473,49.2077167],[16.6872617,49.2078696]]}},{"type":"Feature","properties":{"way_id":30155286,"route_colors":["#e1cb31"],"route_refs":["8"]},"geometry":{"type":"LineString","coordinates":[[16.6872617,49.2078696],[16.6871909,49.2079283],[16.6871306,49.2079915],[16.6870692,49.2080637],[16.6870171,49.2081358],[16.6869401,49.2082429],[16.6868595,49.2083685],[16.6867858,49.2084996]]}},{"type":"Feature","properties":{"way_id":30155285,"route_colors":["#e1cb31"],"route_refs":["8"]},"geometry":{"type":"LineString","coordinates":[[16.6867858,49.2084996],[16.6864093,49.2090767]]}},{"type":"Feature","properties":{"way_id":351837931,"route_colors":["#e1cb31"],"route_refs":["8"]},"geometry":{"type":"LineString","coordinates":[[16.6864093,49.2090767],[16.6863296,49.2092029]]}},{"type":"Feature","properties":{"way_id":1159137101,"route_colors":["#e1cb31"],"route_refs":["8"]},"geometry":{"type":"LineString","coordinates":[[16.6863296,49.2092029],[16.6862515,49.2093241],[16.6862445,49.2093358]]}},{"type":"Feature","properties":{"way_id":1159137102,"route_colors":["#e1cb31"],"route_refs":["8"]},"geometry":{"type":"LineString","coordinates":[[16.6862445,49.2093358],[16.6862165,49.2093784]]}},{"type":"Feature","properties":{"way_id":227916892,"route_colors":["#e1cb31"],"route_refs":["8"]},"geometry":{"type":"LineString","coordinates":[[16.6862165,49.2093784],[16.6861922,49.2094146],[16.6861564,49.2094603],[16.6860917,49.2095261],[16.6860265,49.2095944],[16.6859462,49.20967],[16.6858867,49.2097257],[16.685804,49.2097912],[16.6857287,49.2098485],[16.685635,49.2099124],[16.6855362,49.2099768],[16.6854114,49.2100443],[16.6852677,49.2101142],[16.6851282,49.2101744],[16.6850224,49.2102163],[16.6849161,49.2102521],[16.6848151,49.2102825],[16.6846922,49.2103174],[16.6845632,49.2103489],[16.6844407,49.2103749],[16.6843072,49.2103977],[16.6841564,49.2104196],[16.6840101,49.2104347],[16.6838735,49.210444],[16.6837443,49.2104499],[16.6836191,49.2104505],[16.6835072,49.2104474],[16.6833944,49.2104406],[16.68327,49.2104312],[16.683145,49.2104202],[16.6829902,49.2103969],[16.6828836,49.2103806],[16.6827253,49.2103468],[16.682607,49.2103168],[16.6823582,49.2102462],[16.6820662,49.2101466],[16.6818411,49.2100682],[16.6815935,49.2099762],[16.6815441,49.2099547],[16.6811401,49.2097882]]}},{"type":"Feature","properties":{"way_id":351837918,"route_colors":["#e1cb31"],"route_refs":["8"]},"geometry":{"type":"LineString","coordinates":[[16.6811401,49.2097882],[16.6810359,49.2097425],[16.6808989,49.2096862],[16.6807825,49.2096278],[16.6807022,49.2095855],[16.6805708,49.2095174],[16.6804461,49.2094483],[16.6802722,49.2093412],[16.6801181,49.2092417],[16.6797055,49.2089776],[16.6787504,49.2083624],[16.6786176,49.2082739],[16.6784976,49.2081908],[16.6783956,49.2081185],[16.6783135,49.2080552],[16.6782347,49.2079924],[16.6781688,49.2079309],[16.6781009,49.2078627],[16.6780406,49.2078001],[16.6779571,49.2077059],[16.6778691,49.2075916],[16.6777608,49.2074379],[16.677491,49.2070341],[16.677286,49.2067307]]}},{"type":"Feature","properties":{"way_id":351837933,"route_colors":["#e1cb31"],"route_refs":["8"]},"geometry":{"type":"LineString","coordinates":[[16.677286,49.2067307],[16.6772104,49.2066163],[16.6771274,49.206487]]}},{"type":"Feature","properties":{"way_id":30120659,"route_colors":["#e1cb31"],"route_refs":["8"]},"geometry":{"type":"LineString","coordinates":[[16.6771274,49.206487],[16.67708,49.2064049],[16.677023,49.2063029]]}},{"type":"Feature","properties":{"way_id":32355474,"route_colors":["#e1cb31"],"route_refs":["8"]},"geometry":{"type":"LineString","coordinates":[[16.677023,49.2063029],[16.6769892,49.2062339],[16.6769599,49.2061651],[16.6769286,49.2060847],[16.6769037,49.2060032],[16.6768863,49.2059395],[16.6768732,49.2058647],[16.6768589,49.2057796],[16.6768502,49.2057107],[16.6768416,49.2056234],[16.6768392,49.205548],[16.6768293,49.2051284],[16.6768204,49.2048614],[16.6768142,49.2047368],[16.6768098,49.2046662],[16.6767999,49.2046037],[16.6767846,49.2045106],[16.676759,49.2044103],[16.6767247,49.204312],[16.6766767,49.2042039],[16.6766277,49.2041087],[16.6765751,49.2040218],[16.6765156,49.2039382],[16.6764424,49.2038516],[16.6763647,49.2037681],[16.6762914,49.203697],[16.6762107,49.2036272],[16.6761184,49.2035581],[16.6760221,49.2034909],[16.6759459,49.2034412],[16.6758684,49.203395],[16.6757876,49.2033508],[16.675704,49.2033083],[16.6756164,49.2032677],[16.6755238,49.2032285],[16.6754223,49.2031865],[16.6753087,49.2031455],[16.6751498,49.2030956],[16.6749873,49.2030508],[16.6748061,49.2030068],[16.6745933,49.202959],[16.6735561,49.2027289],[16.6722747,49.2024395],[16.6721425,49.2024089],[16.6719039,49.2023561]]}},{"type":"Feature","properties":{"way_id":1360405635,"route_colors":["#e1cb31"],"route_refs":["8"]},"geometry":{"type":"LineString","coordinates":[[16.6719039,49.2023561],[16.6718726,49.2023492],[16.6715451,49.2022765],[16.6713533,49.202234],[16.6699236,49.2019136]]}},{"type":"Feature","properties":{"way_id":351837958,"route_colors":["#e1cb31","#a05a2c"],"route_refs":["8","10"]},"geometry":{"type":"LineString","coordinates":[[16.6699236,49.2019136],[16.6698564,49.2018979],[16.6683882,49.2015717],[16.6668991,49.2012386],[16.6666241,49.2011782],[16.6663444,49.2011153]]}},{"type":"Feature","properties":{"way_id":450018568,"route_colors":["#e1cb31","#a05a2c"],"route_refs":["8","10"]},"geometry":{"type":"LineString","coordinates":[[16.6663444,49.2011153],[16.6659875,49.2010331]]}},{"type":"Feature","properties":{"way_id":450018575,"route_colors":["#e1cb31","#a05a2c"],"route_refs":["8","10"]},"geometry":{"type":"LineString","coordinates":[[16.6659875,49.2010331],[16.6658577,49.2010012],[16.6657755,49.2009788],[16.6655752,49.2009246],[16.6653772,49.2008597],[16.6651699,49.2007759],[16.6650691,49.2007296],[16.6649686,49.2006759]]}},{"type":"Feature","properties":{"way_id":32355475,"route_colors":["#e1cb31","#a05a2c"],"route_refs":["8","10"]},"geometry":{"type":"LineString","coordinates":[[16.6649686,49.2006759],[16.6648009,49.2005703],[16.6646525,49.2004752],[16.6645254,49.2003697],[16.6643872,49.2002615]]}},{"type":"Feature","properties":{"way_id":48316301,"route_colors":["#e1cb31","#a05a2c"],"route_refs":["8","10"]},"geometry":{"type":"LineString","coordinates":[[16.6643872,49.2002615],[16.6642483,49.2000922],[16.6641676,49.1999837],[16.6641104,49.199895],[16.6640608,49.1998071],[16.6640159,49.1997069],[16.6639744,49.1995837],[16.6639507,49.1994984],[16.6639363,49.1994085],[16.6639313,49.1992552],[16.6639333,49.1991019],[16.6639567,49.1989557],[16.6640103,49.1987992],[16.6640843,49.1986445],[16.6641276,49.1985689],[16.664178,49.1984918],[16.6642538,49.1983867],[16.6643471,49.1982801],[16.6645293,49.1981005],[16.6646945,49.1979607],[16.6648465,49.1978405],[16.6651588,49.1976054]]}},{"type":"Feature","properties":{"way_id":48316303,"route_colors":["#e1cb31","#a05a2c"],"route_refs":["8","10"]},"geometry":{"type":"LineString","coordinates":[[16.6651588,49.1976054],[16.6654078,49.1974258]]}},{"type":"Feature","properties":{"way_id":32355901,"route_colors":["#e1cb31","#a05a2c"],"route_refs":["8","10"]},"geometry":{"type":"LineString","coordinates":[[16.6654078,49.1974258],[16.665627,49.1972422]]}},{"type":"Feature","properties":{"way_id":351837911,"route_colors":["#e1cb31","#a05a2c"],"route_refs":["8","10"]},"geometry":{"type":"LineString","coordinates":[[16.665627,49.1972422],[16.6657024,49.197178],[16.6657716,49.1971138],[16.6659972,49.1968653],[16.6663114,49.1964783],[16.6667267,49.1959641],[16.6669232,49.1957073],[16.6670937,49.1954413],[16.6671694,49.1952991],[16.6672338,49.1951565],[16.6672649,49.1950786],[16.6672907,49.1950015],[16.6673369,49.194846],[16.6673662,49.194726],[16.6673839,49.1946308],[16.6673963,49.1945364],[16.6674057,49.194414],[16.6674097,49.1942916]]}},{"type":"Feature","properties":{"way_id":351837928,"route_colors":["#e1cb31","#a05a2c"],"route_refs":["8","10"]},"geometry":{"type":"LineString","coordinates":[[16.6674097,49.1942916],[16.6674064,49.1941989],[16.6674011,49.1941355],[16.6673901,49.1940096],[16.6673657,49.1938705],[16.6673023,49.1935973],[16.6672673,49.1935106],[16.6672155,49.1933809],[16.6671483,49.1932512],[16.6669464,49.1929116],[16.6668169,49.1927443],[16.6666782,49.1925809],[16.6665547,49.192448],[16.6663873,49.1922753],[16.6661523,49.1920516],[16.6658897,49.1918247],[16.665607,49.1915959],[16.6653399,49.1913932],[16.6648535,49.1910546],[16.6641032,49.1905494],[16.6638304,49.1903504],[16.6635044,49.1901264],[16.6632478,49.1899141]]}},{"type":"Feature","properties":{"way_id":351837930,"route_colors":["#e1cb31","#a05a2c"],"route_refs":["8","10"]},"geometry":{"type":"LineString","coordinates":[[16.6632478,49.1899141],[16.6632115,49.1898836],[16.6628738,49.1896148]]}},{"type":"Feature","properties":{"way_id":32355902,"route_colors":["#e1cb31","#a05a2c"],"route_refs":["8","10"]},"geometry":{"type":"LineString","coordinates":[[16.6628738,49.1896148],[16.6626874,49.1894528]]}},{"type":"Feature","properties":{"way_id":40483984,"route_colors":["#e1cb31","#a05a2c"],"route_refs":["8","10"]},"geometry":{"type":"LineString","coordinates":[[16.6626874,49.1894528],[16.6623679,49.189169],[16.6614295,49.1883334],[16.6612501,49.188195],[16.66104,49.1880635],[16.6608353,49.1879595],[16.6606409,49.187872],[16.6604453,49.1878081],[16.6603363,49.1877738],[16.6602525,49.1877502],[16.6601651,49.1877283],[16.6600171,49.1876964],[16.6599198,49.1876772],[16.6598198,49.1876608],[16.65972,49.1876468],[16.6596185,49.1876354],[16.6595165,49.1876261],[16.6594154,49.1876194],[16.6593466,49.1876168],[16.6592827,49.1876151],[16.6591265,49.1876157],[16.6590043,49.1876177],[16.6588928,49.1876224],[16.6587818,49.1876287],[16.6585952,49.1876438],[16.6584059,49.1876593],[16.6580246,49.187693],[16.6578856,49.1877044],[16.6577464,49.1877183],[16.6576394,49.1877306],[16.6575437,49.1877445],[16.6574023,49.1877661]]}},{"type":"Feature","properties":{"way_id":230324637,"route_colors":["#e1cb31","#a05a2c"],"route_refs":["8","10"]},"geometry":{"type":"LineString","coordinates":[[16.6574023,49.1877661],[16.6572054,49.1878056],[16.6569942,49.1878516],[16.6567319,49.187909],[16.6564747,49.1879676],[16.6561397,49.1880518],[16.6558127,49.1881419],[16.6555825,49.1882105],[16.6554184,49.1882616],[16.6553472,49.1882838],[16.655153,49.1883476],[16.6548712,49.1884453],[16.6546268,49.1885369],[16.6543882,49.18863],[16.6538847,49.1888434],[16.6524169,49.1894891],[16.6507136,49.1902467],[16.6503993,49.1903798],[16.6501735,49.1904595],[16.6499975,49.1905132],[16.6497744,49.1905778],[16.649564,49.1906293],[16.6493876,49.1906618],[16.6493383,49.1906712],[16.64927,49.1906816],[16.6490375,49.1907188],[16.6488281,49.1907411],[16.6487981,49.1907428]]}},{"type":"Feature","properties":{"way_id":230324636,"route_colors":["#e1cb31","#a05a2c"],"route_refs":["8","10"]},"geometry":{"type":"LineString","coordinates":[[16.6487981,49.1907428],[16.6485081,49.1907609],[16.6482156,49.1907679]]}},{"type":"Feature","properties":{"way_id":297357652,"route_colors":["#e1cb31","#a05a2c"],"route_refs":["8","10"]},"geometry":{"type":"LineString","coordinates":[[16.6482156,49.1907679],[16.6481271,49.1907721],[16.6478023,49.1907711],[16.6474401,49.1907724],[16.6471322,49.1907801],[16.6468242,49.190793],[16.6463575,49.1908122],[16.6454758,49.1908483],[16.6447275,49.1908801],[16.6442286,49.1909002],[16.6440599,49.1909105],[16.6439498,49.1909197],[16.6438475,49.1909319],[16.6437197,49.1909528],[16.6434969,49.1909979],[16.6417171,49.1913768],[16.6411204,49.1915025],[16.6410164,49.1915272],[16.6409337,49.1915468],[16.6402854,49.1916854],[16.6397253,49.191817]]}},{"type":"Feature","properties":{"way_id":857644314,"route_colors":["#e1cb31","#a05a2c"],"route_refs":["8","10"]},"geometry":{"type":"LineString","coordinates":[[16.6397253,49.191817],[16.6396768,49.1918279],[16.6395257,49.1918772]]}},{"type":"Feature","properties":{"way_id":857644312,"route_colors":["#e1cb31","#a05a2c"],"route_refs":["8","10"]},"geometry":{"type":"LineString","coordinates":[[16.6395257,49.1918772],[16.6393517,49.1919344],[16.6390839,49.1920224],[16.6388881,49.1920858],[16.6386964,49.1921415]]}},{"type":"Feature","properties":{"way_id":857644306,"route_colors":["#e1cb31","#a05a2c"],"route_refs":["8","10"]},"geometry":{"type":"LineString","coordinates":[[16.6386964,49.1921415],[16.6385651,49.1921802]]}},{"type":"Feature","properties":{"way_id":857644305,"route_colors":["#e1cb31","#a05a2c"],"route_refs":["8","10"]},"geometry":{"type":"LineString","coordinates":[[16.6385651,49.1921802],[16.6384102,49.1922261],[16.6382572,49.1922654],[16.6380518,49.1923183],[16.6367271,49.1926227],[16.6366805,49.1926334],[16.6365979,49.1926514],[16.6363378,49.1927058],[16.6362221,49.192732],[16.6361411,49.1927509],[16.6360494,49.19277],[16.6359261,49.1927922]]}},{"type":"Feature","properties":{"way_id":40483981,"route_colors":["#e1cb31","#00ccff"],"route_refs":["8","12"]},"geometry":{"type":"LineString","coordinates":[[16.613243,49.1916612],[16.6131557,49.1916226],[16.6131276,49.1916074],[16.6131141,49.1915988],[16.6130959,49.1915843],[16.6130769,49.1915677],[16.6129476,49.1914574]]}},{"type":"Feature","properties":{"way_id":1055549029,"route_colors":["#e1cb31","#00ccff"],"route_refs":["8","12"]},"geometry":{"type":"LineString","coordinates":[[16.6129476,49.1914574],[16.6129087,49.1914346],[16.612865,49.1914107],[16.6128184,49.1913902],[16.6119842,49.1910722]]}},{"type":"Feature","properties":{"way_id":351837951,"route_colors":["#e1cb31","#00ccff"],"route_refs":["8","12"]},"geometry":{"type":"LineString","coordinates":[[16.6119842,49.1910722],[16.6118665,49.1910276],[16.6118521,49.1910221]]}},{"type":"Feature","properties":{"way_id":352941672,"route_colors":["#e1cb31"],"route_refs":["8"]},"geometry":{"type":"LineString","coordinates":[[16.6118521,49.1910221],[16.6117008,49.1909663],[16.6115877,49.190925],[16.6115314,49.1909006]]}},{"type":"Feature","properties":{"way_id":48242870,"route_colors":["#e1cb31"],"route_refs":["8"]},"geometry":{"type":"LineString","coordinates":[[16.6115314,49.1909006],[16.6113749,49.1908441],[16.6105259,49.1905394],[16.610196,49.190421],[16.6100299,49.1903626],[16.6097351,49.1902559]]}},{"type":"Feature","properties":{"way_id":1065491583,"route_colors":["#e1cb31"],"route_refs":["8"]},"geometry":{"type":"LineString","coordinates":[[16.5663714,49.1689966],[16.5661402,49.1689825]]}},{"type":"Feature","properties":{"way_id":1065491584,"route_colors":["#e1cb31"],"route_refs":["8"]},"geometry":{"type":"LineString","coordinates":[[16.5661402,49.1689825],[16.5659662,49.1689801]]}},{"type":"Feature","properties":{"way_id":505545655,"route_colors":["#e1cb31"],"route_refs":["8"]},"geometry":{"type":"LineString","coordinates":[[16.5659662,49.1689801],[16.5659033,49.168985],[16.565831,49.1689986],[16.5657608,49.1690163],[16.5656688,49.1690472],[16.5655834,49.1690853]]}},{"type":"Feature","properties":{"way_id":1139248923,"route_colors":["#e1cb31"],"route_refs":["8"]},"geometry":{"type":"LineString","coordinates":[[16.5655834,49.1690853],[16.5655471,49.169104],[16.5654878,49.1691455],[16.5654374,49.1691917],[16.5653966,49.1692418],[16.5653662,49.169295],[16.5653468,49.1693503],[16.5653387,49.1694053],[16.5653414,49.1694606],[16.5653548,49.1695151],[16.5653788,49.1695681],[16.565413,49.1696187]]}},{"type":"Feature","properties":{"way_id":429584981,"route_colors":["#e1cb31"],"route_refs":["8"]},"geometry":{"type":"LineString","coordinates":[[16.565413,49.1696187],[16.5654567,49.169666],[16.5659669,49.1702618],[16.5662831,49.170618],[16.5665126,49.170903],[16.5666931,49.171222],[16.5668302,49.1715644],[16.5668923,49.1718606],[16.5669805,49.1725225],[16.5670687,49.1729826],[16.5671325,49.1732944],[16.5671325,49.17356],[16.5671423,49.1739637],[16.5671737,49.1743035]]}},{"type":"Feature","properties":{"way_id":832663171,"route_colors":["#e1cb31"],"route_refs":["8"]},"geometry":{"type":"LineString","coordinates":[[16.5671737,49.1743035],[16.5672459,49.1749053],[16.5672821,49.1752176]]}},{"type":"Feature","properties":{"way_id":1139248924,"route_colors":["#e1cb31"],"route_refs":["8"]},"geometry":{"type":"LineString","coordinates":[[16.5672821,49.1752176],[16.5672915,49.1753218],[16.5673043,49.1753838],[16.5673171,49.1754291],[16.5673357,49.1754796],[16.5673444,49.1755069],[16.567352,49.1755341],[16.5673584,49.175567],[16.5673628,49.1756013],[16.567367,49.1756523]]}},{"type":"Feature","properties":{"way_id":429584982,"route_colors":["#e1cb31"],"route_refs":["8"]},"geometry":{"type":"LineString","coordinates":[[16.567367,49.1756523],[16.5673776,49.1757064],[16.5674162,49.1760496]]}},{"type":"Feature","properties":{"way_id":1256643164,"route_colors":["#e1cb31"],"route_refs":["8"]},"geometry":{"type":"LineString","coordinates":[[16.5671971,49.1757697],[16.5672536,49.1757668],[16.5673259,49.1763805],[16.5672696,49.1763833],[16.5671971,49.1757697]]}},{"type":"Feature","properties":{"way_id":329417931,"route_colors":["#e1cb31","#a05a2c"],"route_refs":["8","10"]},"geometry":{"type":"LineString","coordinates":[[16.641046,49.1914691],[16.6416358,49.1913414]]}},{"type":"Feature","properties":{"way_id":164680793,"route_colors":["#e1cb31","#a05a2c"],"route_refs":["8","10"]},"geometry":{"type":"LineString","coordinates":[[16.6493615,49.1905948],[16.6495059,49.1905686],[16.6496931,49.1905259],[16.6499004,49.1904693]]}},{"type":"Feature","properties":{"way_id":227916899,"route_colors":["#e1cb31","#a05a2c"],"route_refs":["8","10"]},"geometry":{"type":"LineString","coordinates":[[16.6639031,49.1903134],[16.6635907,49.1900944],[16.6632796,49.1898526]]}},{"type":"Feature","properties":{"way_id":48316293,"route_colors":["#e1cb31","#a05a2c"],"route_refs":["8","10"]},"geometry":{"type":"LineString","coordinates":[[16.6674326,49.1948671],[16.6674546,49.1947676],[16.6674739,49.1946681],[16.6675065,49.1944247],[16.6675093,49.1943218],[16.6675092,49.1942768]]}},{"type":"Feature","properties":{"way_id":450018572,"route_colors":["#e1cb31","#a05a2c"],"route_refs":["8","10"]},"geometry":{"type":"LineString","coordinates":[[16.6652223,49.1976409],[16.6648708,49.197907]]}},{"type":"Feature","properties":{"way_id":758981382,"route_colors":["#e1cb31","#a05a2c"],"route_refs":["8","10"]},"geometry":{"type":"LineString","coordinates":[[16.6699479,49.2018587],[16.6704165,49.2019618],[16.6708757,49.202065],[16.6708893,49.2020681]]}},{"type":"Feature","properties":{"way_id":34064469,"route_colors":["#e1cb31"],"route_refs":["8"]},"geometry":{"type":"LineString","coordinates":[[16.6778748,49.2074232],[16.6778428,49.2074324],[16.6772851,49.2065995],[16.6773174,49.2065903],[16.6777409,49.2072232],[16.6778748,49.2074232]]}},{"type":"Feature","properties":{"way_id":85321120,"route_colors":["#e1cb31"],"route_refs":["8"]},"geometry":{"type":"LineString","coordinates":[[16.6816859,49.2099315],[16.6816717,49.2099488],[16.6813251,49.2098071],[16.6811113,49.2097151],[16.6809308,49.2096375],[16.6809503,49.20962],[16.6811248,49.2096981],[16.6813432,49.2097904],[16.6816426,49.2099127],[16.6816859,49.2099315]]}},{"type":"Feature","properties":{"way_id":83390293,"route_colors":["#e1cb31"],"route_refs":["8"]},"geometry":{"type":"LineString","coordinates":[[16.6867135,49.2084498],[16.6862828,49.2091067]]}},{"type":"Feature","properties":{"way_id":832663170,"route_colors":["#e1cb31"],"route_refs":["8"]},"geometry":{"type":"LineString","coordinates":[[16.5672566,49.1756489],[16.5672679,49.175712],[16.5673067,49.1760563]]}},{"type":"Feature","properties":{"way_id":1139251980,"route_colors":["#e1cb31"],"route_refs":["8"]},"geometry":{"type":"LineString","coordinates":[[16.5672566,49.1756489],[16.5672405,49.1755043],[16.5672274,49.1752989]]}},{"type":"Feature","properties":{"way_id":597067724,"route_colors":["#e1cb31"],"route_refs":["8"]},"geometry":{"type":"LineString","coordinates":[[16.5672274,49.1752989],[16.5671999,49.1749154],[16.5671322,49.1743346]]}},{"type":"Feature","properties":{"way_id":597067726,"route_colors":["#e1cb31"],"route_refs":["8"]},"geometry":{"type":"LineString","coordinates":[[16.5671322,49.1743346],[16.5670785,49.1739573],[16.5669899,49.1735704],[16.566963,49.1734063],[16.5669383,49.1730828],[16.566933,49.1729761],[16.5668987,49.1725242],[16.5668289,49.1718648],[16.5667686,49.1715755],[16.5666304,49.171231],[16.5664588,49.1709179],[16.5662321,49.1706374],[16.5658996,49.1702769],[16.5654019,49.1696877]]}},{"type":"Feature","properties":{"way_id":1139251982,"route_colors":["#e1cb31"],"route_refs":["8"]},"geometry":{"type":"LineString","coordinates":[[16.5654019,49.1696877],[16.5653557,49.1696359],[16.5653196,49.1695808],[16.565294,49.1695232],[16.5652794,49.1694641],[16.5652761,49.1694042],[16.565284,49.1693444]]}},{"type":"Feature","properties":{"way_id":1139251981,"route_colors":["#e1cb31"],"route_refs":["8"]},"geometry":{"type":"LineString","coordinates":[[16.565284,49.1693444],[16.5653036,49.1692846],[16.5653344,49.1692269],[16.5653838,49.1691685],[16.5654433,49.1691197],[16.5654901,49.1690913],[16.5655388,49.1690627]]}},{"type":"Feature","properties":{"way_id":597067725,"route_colors":["#e1cb31"],"route_refs":["8"]},"geometry":{"type":"LineString","coordinates":[[16.5655388,49.1690627],[16.5656033,49.1690329],[16.5656712,49.1690064],[16.5657357,49.1689854],[16.5658024,49.1689674],[16.5658809,49.1689523],[16.5659637,49.1689456]]}},{"type":"Feature","properties":{"way_id":1065491585,"route_colors":["#e1cb31"],"route_refs":["8"]},"geometry":{"type":"LineString","coordinates":[[16.5659637,49.1689456],[16.5661375,49.168951]]}},{"type":"Feature","properties":{"way_id":1065491586,"route_colors":["#e1cb31"],"route_refs":["8"]},"geometry":{"type":"LineString","coordinates":[[16.5661375,49.168951],[16.5664169,49.168968]]}},{"type":"Feature","properties":{"way_id":352941631,"route_colors":["#e1cb31"],"route_refs":["8"]},"geometry":{"type":"LineString","coordinates":[[16.6097967,49.1902484],[16.6104515,49.1904808]]}},{"type":"Feature","properties":{"way_id":352941676,"route_colors":["#e1cb31","#00ccff"],"route_refs":["8","12"]},"geometry":{"type":"LineString","coordinates":[[16.6104515,49.1904808],[16.610548,49.1905149],[16.6113955,49.1908205],[16.6115483,49.1908749],[16.6118025,49.1909687]]}},{"type":"Feature","properties":{"way_id":1012708689,"route_colors":["#e1cb31","#00ccff"],"route_refs":["8","12"]},"geometry":{"type":"LineString","coordinates":[[16.6118025,49.1909687],[16.6118891,49.1910017],[16.612672,49.1913005]]}},{"type":"Feature","properties":{"way_id":1012714012,"route_colors":["#e1cb31","#00ccff"],"route_refs":["8","12"]},"geometry":{"type":"LineString","coordinates":[[16.612672,49.1913005],[16.6128287,49.1913588],[16.6128806,49.1913802],[16.6129061,49.1913927],[16.6129411,49.1914116],[16.6129795,49.1914349]]}},{"type":"Feature","properties":{"way_id":1056528352,"route_colors":["#e1cb31","#00ccff"],"route_refs":["8","12"]},"geometry":{"type":"LineString","coordinates":[[16.6129795,49.1914349],[16.6130914,49.1915209]]}},{"type":"Feature","properties":{"way_id":351837953,"route_colors":["#e1cb31","#00ccff"],"route_refs":["8","12"]},"geometry":{"type":"LineString","coordinates":[[16.6130914,49.1915209],[16.613118,49.1915411],[16.6131821,49.1915891],[16.6131975,49.1915982],[16.6132207,49.1916119],[16.613305,49.1916512]]}},{"type":"Feature","properties":{"way_id":48166877,"route_colors":["#e1cb31","#a05a2c"],"route_refs":["8","10"]},"geometry":{"type":"LineString","coordinates":[[16.6359239,49.1927642],[16.6360569,49.192742],[16.636174,49.1927131],[16.6363121,49.1926813],[16.6364502,49.192654],[16.6365975,49.1926216],[16.6366703,49.1926044],[16.636709,49.1925954],[16.6380339,49.1922881],[16.6382401,49.1922358],[16.638379,49.1922006],[16.6385451,49.1921512]]}},{"type":"Feature","properties":{"way_id":857644307,"route_colors":["#e1cb31","#a05a2c"],"route_refs":["8","10"]},"geometry":{"type":"LineString","coordinates":[[16.6385451,49.1921512],[16.6386759,49.1921125]]}},{"type":"Feature","properties":{"way_id":857644308,"route_colors":["#e1cb31","#a05a2c"],"route_refs":["8","10"]},"geometry":{"type":"LineString","coordinates":[[16.6386759,49.1921125],[16.6388602,49.1920583],[16.6393313,49.1919051],[16.6395468,49.1918398]]}},{"type":"Feature","properties":{"way_id":857644313,"route_colors":["#e1cb31","#a05a2c"],"route_refs":["8","10"]},"geometry":{"type":"LineString","coordinates":[[16.6395468,49.1918398],[16.6396689,49.191803],[16.6397463,49.1917854]]}},{"type":"Feature","properties":{"way_id":857644315,"route_colors":["#e1cb31","#a05a2c"],"route_refs":["8","10"]},"geometry":{"type":"LineString","coordinates":[[16.6397463,49.1917854],[16.6402382,49.1916608],[16.6409167,49.1915152],[16.6410017,49.1914968],[16.6411097,49.1914735],[16.6416181,49.1913623],[16.6417005,49.191345],[16.6434769,49.1909695],[16.6437167,49.1909192],[16.6438256,49.1908984],[16.6439599,49.1908811],[16.644124,49.1908656],[16.6442891,49.1908567],[16.644725,49.1908383],[16.6450249,49.1908261],[16.6456945,49.1907979],[16.6463519,49.190771],[16.6467887,49.190753],[16.6472193,49.1907355],[16.6476778,49.1907307],[16.6481403,49.1907299]]}},{"type":"Feature","properties":{"way_id":780155062,"route_colors":["#e1cb31","#a05a2c"],"route_refs":["8","10"]},"geometry":{"type":"LineString","coordinates":[[16.6481403,49.1907299],[16.6485104,49.1907159],[16.6488311,49.1906941],[16.6489032,49.1906867]]}},{"type":"Feature","properties":{"way_id":351837910,"route_colors":["#e1cb31","#a05a2c"],"route_refs":["8","10"]},"geometry":{"type":"LineString","coordinates":[[16.6489032,49.1906867],[16.6490123,49.1906741],[16.6492615,49.190639],[16.6493213,49.1906307],[16.6493728,49.1906208],[16.6495668,49.1905835],[16.6497105,49.1905485],[16.6499228,49.1904896],[16.6499697,49.1904741],[16.650093,49.1904379],[16.6503364,49.1903523],[16.6506278,49.1902365],[16.652385,49.1894562],[16.6538548,49.1888065],[16.6540852,49.1887066],[16.654353,49.1885945],[16.6545918,49.1885009],[16.6548389,49.1884096],[16.6551254,49.1883103],[16.6553219,49.188246],[16.6553907,49.1882244],[16.65555,49.1881744],[16.6557842,49.1881042],[16.656108,49.1880162],[16.6564547,49.1879279],[16.6567409,49.1878635],[16.6570363,49.1877999],[16.6571958,49.1877648],[16.6573612,49.1877309]]}},{"type":"Feature","properties":{"way_id":329417928,"route_colors":["#e1cb31","#a05a2c"],"route_refs":["8","10"]},"geometry":{"type":"LineString","coordinates":[[16.6573612,49.1877309],[16.6575629,49.1877041],[16.6576472,49.1876924],[16.6577334,49.1876821],[16.6579509,49.1876575],[16.65843,49.1876172],[16.6587171,49.1875941],[16.658849,49.1875855],[16.6589713,49.1875785],[16.6590783,49.1875762],[16.6591786,49.1875735],[16.6592716,49.1875745],[16.659416,49.1875794],[16.6595362,49.1875878],[16.6596565,49.187599],[16.6597493,49.1876098],[16.6598425,49.1876232],[16.6599389,49.1876392],[16.6600322,49.1876566],[16.6601352,49.1876792],[16.6602697,49.187713],[16.6603472,49.1877339],[16.6605006,49.1877826],[16.6606469,49.1878331],[16.6608601,49.1879234],[16.6610745,49.188034],[16.661296,49.1881751],[16.6614725,49.1883102],[16.6624199,49.1891525],[16.6627326,49.1894295]]}},{"type":"Feature","properties":{"way_id":329460207,"route_colors":["#e1cb31","#a05a2c"],"route_refs":["8","10"]},"geometry":{"type":"LineString","coordinates":[[16.6627326,49.1894295],[16.6629204,49.1895908]]}},{"type":"Feature","properties":{"way_id":329460214,"route_colors":["#e1cb31","#a05a2c"],"route_refs":["8","10"]},"geometry":{"type":"LineString","coordinates":[[16.6629204,49.1895908],[16.6632442,49.1898687],[16.6635555,49.1901076],[16.6638289,49.1903065]]}},{"type":"Feature","properties":{"way_id":351837929,"route_colors":["#e1cb31","#a05a2c"],"route_refs":["8","10"]},"geometry":{"type":"LineString","coordinates":[[16.6638289,49.1903065],[16.6638652,49.1903319],[16.6641442,49.190525],[16.6649027,49.191033],[16.665376,49.191359],[16.665659,49.1915724],[16.6659435,49.1918014],[16.6662078,49.1920353],[16.6664455,49.1922619],[16.6666194,49.1924432],[16.6667368,49.1925745],[16.666875,49.1927336],[16.6669978,49.1928988],[16.6671046,49.1930643],[16.6672052,49.1932418],[16.667272,49.1933767],[16.6673234,49.1935115],[16.6673562,49.1935938],[16.6674213,49.1938614],[16.6674447,49.1939984],[16.6674588,49.1941406],[16.6674643,49.1942881],[16.6674612,49.1944305],[16.6674432,49.1946161],[16.6674214,49.1947343],[16.667405,49.1948069],[16.6673952,49.1948478]]}},{"type":"Feature","properties":{"way_id":351837908,"route_colors":["#e1cb31","#a05a2c"],"route_refs":["8","10"]},"geometry":{"type":"LineString","coordinates":[[16.6673952,49.1948478],[16.6673642,49.1949537],[16.6673278,49.1950595],[16.667287,49.1951665],[16.6672389,49.1952733],[16.6671438,49.195464],[16.6669825,49.1957139],[16.6667779,49.1959823],[16.6663694,49.1964877],[16.6660528,49.1968818],[16.6658214,49.1971361],[16.6656761,49.1972629],[16.6654384,49.1974454]]}},{"type":"Feature","properties":{"way_id":329460209,"route_colors":["#e1cb31","#a05a2c"],"route_refs":["8","10"]},"geometry":{"type":"LineString","coordinates":[[16.6654384,49.1974454],[16.6651946,49.1976278]]}},{"type":"Feature","properties":{"way_id":329460206,"route_colors":["#e1cb31","#a05a2c"],"route_refs":["8","10"]},"geometry":{"type":"LineString","coordinates":[[16.6651946,49.1976278],[16.6648876,49.1978583]]}},{"type":"Feature","properties":{"way_id":351837919,"route_colors":["#e1cb31","#a05a2c"],"route_refs":["8","10"]},"geometry":{"type":"LineString","coordinates":[[16.6648876,49.1978583],[16.6647461,49.1979764],[16.6645792,49.1981182],[16.6644719,49.1982217],[16.6643808,49.1983221],[16.6643009,49.1984112],[16.6642327,49.198505],[16.6641818,49.1985806],[16.6641402,49.1986532],[16.6640945,49.1987406],[16.6640605,49.1988234],[16.6640111,49.1989576],[16.6639873,49.1991035],[16.6639842,49.1992519],[16.6639904,49.1993989],[16.6640044,49.1994863],[16.6640253,49.1995736],[16.6640676,49.1997025],[16.6641546,49.1998783],[16.6642501,49.2000251],[16.6642952,49.2000829],[16.6644355,49.2002448]]}},{"type":"Feature","properties":{"way_id":329460218,"route_colors":["#e1cb31","#a05a2c"],"route_refs":["8","10"]},"geometry":{"type":"LineString","coordinates":[[16.6644355,49.2002448],[16.6645716,49.2003599],[16.6646977,49.2004668],[16.6648514,49.2005627],[16.6650075,49.2006464]]}},{"type":"Feature","properties":{"way_id":450018574,"route_colors":["#e1cb31","#a05a2c"],"route_refs":["8","10"]},"geometry":{"type":"LineString","coordinates":[[16.6650075,49.2006464],[16.6651227,49.2007051],[16.6652159,49.2007468],[16.6654023,49.2008242],[16.6656232,49.2008973],[16.66587,49.2009644],[16.6659806,49.2009876]]}},{"type":"Feature","properties":{"way_id":450018571,"route_colors":["#e1cb31","#a05a2c"],"route_refs":["8","10"]},"geometry":{"type":"LineString","coordinates":[[16.6659806,49.2009876],[16.6663376,49.2010649]]}},{"type":"Feature","properties":{"way_id":329460205,"route_colors":["#e1cb31","#a05a2c"],"route_refs":["8","10"]},"geometry":{"type":"LineString","coordinates":[[16.6663376,49.2010649],[16.6669148,49.2012031],[16.6681713,49.2014846],[16.6696668,49.2018192],[16.6698673,49.2018645],[16.6704038,49.2019815]]}},{"type":"Feature","properties":{"way_id":351837941,"route_colors":["#e1cb31"],"route_refs":["8"]},"geometry":{"type":"LineString","coordinates":[[16.6704038,49.2019815],[16.6713565,49.2021956],[16.6715633,49.2022419],[16.6718906,49.2023151],[16.6719343,49.2023249]]}},{"type":"Feature","properties":{"way_id":329460212,"route_colors":["#e1cb31"],"route_refs":["8"]},"geometry":{"type":"LineString","coordinates":[[16.6719343,49.2023249],[16.6722864,49.2024034],[16.6735823,49.2026946],[16.6746114,49.2029248],[16.6748223,49.2029731],[16.6749986,49.2030157],[16.6751756,49.2030649],[16.6753338,49.2031139],[16.675462,49.2031598],[16.6755669,49.2032026],[16.6756602,49.2032425],[16.6757494,49.2032851],[16.6758342,49.2033284],[16.6759163,49.2033736],[16.6759974,49.2034222],[16.676073,49.2034717],[16.676171,49.2035402],[16.6762654,49.2036123],[16.6763484,49.203685],[16.676426,49.2037589],[16.6764973,49.2038381],[16.6765632,49.2039185],[16.6766273,49.2040062],[16.676684,49.204094],[16.6767323,49.204184],[16.6767687,49.204287],[16.6768107,49.2043917],[16.6768385,49.2045057],[16.6768544,49.2045902],[16.6768641,49.2046619],[16.6768726,49.2047361],[16.6768857,49.2048595],[16.6768935,49.2051278],[16.6769019,49.2055517],[16.676906,49.2057142],[16.6769127,49.2057787],[16.6769267,49.2058716],[16.6769436,49.2059358],[16.6769587,49.205996],[16.6769836,49.2060756],[16.6770112,49.2061536],[16.6770428,49.2062286],[16.6770809,49.2063015]]}},{"type":"Feature","properties":{"way_id":329460208,"route_colors":["#e1cb31"],"route_refs":["8"]},"geometry":{"type":"LineString","coordinates":[[16.6770809,49.2063015],[16.6771301,49.2063911],[16.6771877,49.2064865]]}},{"type":"Feature","properties":{"way_id":329460215,"route_colors":["#e1cb31"],"route_refs":["8"]},"geometry":{"type":"LineString","coordinates":[[16.6771877,49.2064865],[16.6772647,49.2066062],[16.6773381,49.2067169],[16.6775414,49.2070192],[16.6778032,49.2074133]]}},{"type":"Feature","properties":{"way_id":351837914,"route_colors":["#e1cb31"],"route_refs":["8"]},"geometry":{"type":"LineString","coordinates":[[16.6778032,49.2074133],[16.6779216,49.2075781],[16.6780086,49.2076875],[16.6780786,49.2077694],[16.6781407,49.2078346],[16.6782061,49.2079003],[16.6782789,49.2079666],[16.6783438,49.2080165],[16.6784369,49.2080922],[16.6785371,49.2081662],[16.6786641,49.2082536],[16.6787946,49.2083393],[16.6797478,49.2089537],[16.6803083,49.2093127],[16.6804704,49.2094114],[16.6806245,49.2095002],[16.6807327,49.2095555],[16.6808194,49.2095989],[16.6810661,49.2097137],[16.68157,49.2099244]]}},{"type":"Feature","properties":{"way_id":351837926,"route_colors":["#e1cb31"],"route_refs":["8"]},"geometry":{"type":"LineString","coordinates":[[16.68157,49.2099244],[16.681823,49.2100205],[16.6819917,49.2100812],[16.6820918,49.2101167],[16.6822353,49.2101647],[16.6823808,49.2102133],[16.6826235,49.2102815],[16.6827506,49.210313],[16.682897,49.2103443],[16.6830061,49.2103626],[16.6831534,49.2103822],[16.6832775,49.2103965],[16.6833985,49.2104053],[16.683507,49.2104108],[16.6836369,49.2104134],[16.683741,49.2104135],[16.6838722,49.2104085],[16.6840012,49.2103973],[16.6841512,49.2103829],[16.6842955,49.2103608],[16.6844221,49.2103396],[16.6845538,49.210312],[16.6846719,49.2102839],[16.6847918,49.2102501],[16.6848987,49.2102155],[16.6849852,49.2101869],[16.6851009,49.2101424],[16.6852355,49.2100855],[16.6853919,49.2100084],[16.6855028,49.2099444],[16.6855909,49.2098908],[16.6856827,49.209827],[16.6857665,49.2097646],[16.6858331,49.2097084],[16.685899,49.209652],[16.6859718,49.2095837],[16.6860437,49.2095105],[16.6861292,49.2094137],[16.6861544,49.209379]]}},{"type":"Feature","properties":{"way_id":1159137104,"route_colors":["#e1cb31"],"route_refs":["8"]},"geometry":{"type":"LineString","coordinates":[[16.6861544,49.209379],[16.686185,49.209336]]}},{"type":"Feature","properties":{"way_id":1159137103,"route_colors":["#e1cb31"],"route_refs":["8"]},"geometry":{"type":"LineString","coordinates":[[16.686185,49.209336],[16.6862026,49.2093106],[16.6863028,49.2091562]]}},{"type":"Feature","properties":{"way_id":329460213,"route_colors":["#e1cb31"],"route_refs":["8"]},"geometry":{"type":"LineString","coordinates":[[16.6863028,49.2091562],[16.6866929,49.2085403]]}},{"type":"Feature","properties":{"way_id":351837936,"route_colors":["#e1cb31"],"route_refs":["8"]},"geometry":{"type":"LineString","coordinates":[[16.6866929,49.2085403],[16.686755,49.2084529]]}},{"type":"Feature","properties":{"way_id":329460217,"route_colors":["#e1cb31"],"route_refs":["8"]},"geometry":{"type":"LineString","coordinates":[[16.686755,49.2084529],[16.6868173,49.2083383],[16.6868895,49.2082246],[16.6869668,49.2081124],[16.6870462,49.2080137],[16.6871126,49.2079346],[16.6871649,49.2078835],[16.687225,49.2078347]]}},{"type":"Feature","properties":{"way_id":329460211,"route_colors":["#e1cb31"],"route_refs":["8"]},"geometry":{"type":"LineString","coordinates":[[16.687225,49.2078347],[16.6874137,49.2076859]]}},{"type":"Feature","properties":{"way_id":329460204,"route_colors":["#e1cb31"],"route_refs":["8"]},"geometry":{"type":"LineString","coordinates":[[16.6874137,49.2076859],[16.6874869,49.2076348],[16.6875789,49.2075766],[16.6876724,49.207527],[16.6877569,49.2074834],[16.6878494,49.2074407],[16.6879487,49.2074001],[16.6880758,49.2073512],[16.6881958,49.2073109],[16.6883063,49.2072761],[16.6884247,49.2072427],[16.6885899,49.2072001],[16.6887648,49.2071604],[16.6889271,49.2071293],[16.6890793,49.2071089],[16.6892506,49.2070928],[16.689406,49.2070843],[16.6895756,49.2070811],[16.6897308,49.2070842],[16.6898891,49.2070932],[16.6900804,49.2071097],[16.6905156,49.2071554],[16.6909142,49.2072001],[16.691052,49.207217],[16.6911794,49.2072304],[16.6912023,49.2072329]]}},{"type":"Feature","properties":{"way_id":661625164,"route_colors":["#e1cb31"],"route_refs":["8"]},"geometry":{"type":"LineString","coordinates":[[16.6912023,49.2072329],[16.6912633,49.2072395]]}},{"type":"Feature","properties":{"way_id":329460216,"route_colors":["#e1cb31"],"route_refs":["8"]},"geometry":{"type":"LineString","coordinates":[[16.6915926,49.2073141],[16.6915469,49.2073069],[16.6915053,49.2072979],[16.6914699,49.2072888],[16.6913616,49.2072581],[16.6913117,49.2072467],[16.6912633,49.2072395]]}},{"type":"Feature","properties":{"way_id":1012751924,"route_colors":["#a05a2c"],"route_refs":["10"]},"geometry":{"type":"LineString","coordinates":[[16.6139144,49.1920535],[16.6138869,49.1920423],[16.6138778,49.1920385],[16.6137191,49.1922141],[16.6137272,49.1922169],[16.6137485,49.1922244],[16.6138089,49.1921575],[16.613863,49.1921008],[16.6139144,49.1920535]]}},{"type":"Feature","properties":{"way_id":329417930,"route_colors":["#a05a2c"],"route_refs":["10"]},"geometry":{"type":"LineString","coordinates":[[16.6660086,49.1876134],[16.6665532,49.1878555]]}},{"type":"Feature","properties":{"way_id":329417933,"route_colors":["#a05a2c"],"route_refs":["10"]},"geometry":{"type":"LineString","coordinates":[[16.6737829,49.1917138],[16.6738162,49.1917279],[16.6738519,49.1917431],[16.6743906,49.1919632]]}},{"type":"Feature","properties":{"way_id":329417936,"route_colors":["#a05a2c"],"route_refs":["10"]},"geometry":{"type":"LineString","coordinates":[[16.6770413,49.1926581],[16.6771522,49.1926671],[16.6772435,49.1926694],[16.6773351,49.1926672],[16.6774202,49.1926618],[16.6775103,49.192653]]}},{"type":"Feature","properties":{"way_id":28841666,"route_colors":["#a05a2c"],"route_refs":["10"]},"geometry":{"type":"LineString","coordinates":[[16.5561517,49.2162005],[16.5561359,49.2161965],[16.5560834,49.2161729],[16.5560447,49.2161511],[16.5560081,49.2161226],[16.5559795,49.2160969],[16.5559553,49.2160619],[16.5559399,49.2160252],[16.5559388,49.2159711],[16.5559463,49.215948],[16.5559591,49.2159128],[16.5560514,49.2158064]]}},{"type":"Feature","properties":{"way_id":1540269096,"route_colors":["#a05a2c","#00ccff"],"route_refs":["10","12"]},"geometry":{"type":"LineString","coordinates":[[16.5945778,49.2050744],[16.5947145,49.2049622],[16.595052,49.2047139],[16.5951843,49.2046138],[16.5953322,49.2045108],[16.595356,49.2044932]]}},{"type":"Feature","properties":{"way_id":1540269095,"route_colors":["#a05a2c","#00ccff"],"route_refs":["10","12"]},"geometry":{"type":"LineString","coordinates":[[16.595356,49.2044932],[16.5955591,49.2043458],[16.5960766,49.2039701]]}},{"type":"Feature","properties":{"way_id":1537727366,"route_colors":["#a05a2c","#00ccff"],"route_refs":["10","12"]},"geometry":{"type":"LineString","coordinates":[[16.6040349,49.1983759],[16.6040726,49.1983514],[16.6041153,49.1983262],[16.6041518,49.1983107],[16.6041856,49.1982991],[16.6042185,49.1982912],[16.6042544,49.1982842],[16.6042928,49.1982799],[16.6043368,49.198278],[16.6043793,49.1982776],[16.604548,49.1982821],[16.6046428,49.1982827],[16.604705,49.1982809],[16.6047565,49.1982763],[16.604797,49.1982703],[16.6048358,49.1982613],[16.6048762,49.1982486],[16.6049154,49.1982307],[16.6049436,49.1982135],[16.6049707,49.1981935],[16.6049927,49.1981729],[16.6050091,49.1981531],[16.605023,49.1981316],[16.6050358,49.1981028],[16.6050465,49.198072]]}},{"type":"Feature","properties":{"way_id":1537727367,"route_colors":["#a05a2c","#00ccff"],"route_refs":["10","12"]},"geometry":{"type":"LineString","coordinates":[[16.6050465,49.198072],[16.6051304,49.1978299],[16.6051567,49.1977479]]}},{"type":"Feature","properties":{"way_id":330506844,"route_colors":["#a05a2c"],"route_refs":["10"]},"geometry":{"type":"LineString","coordinates":[[16.607883,49.198682],[16.6079456,49.1987134],[16.6080102,49.1987472],[16.6080563,49.1987671],[16.6080951,49.1987808],[16.6081254,49.1987901],[16.6081543,49.1987968],[16.6081791,49.1988012],[16.6082028,49.1988044],[16.6082295,49.1988073],[16.6082552,49.1988091],[16.6082807,49.1988093],[16.608305,49.1988089],[16.6083289,49.198807],[16.6083583,49.198804],[16.6083896,49.1987988],[16.6084354,49.1987879],[16.6084742,49.198777],[16.6085299,49.1987572]]}},{"type":"Feature","properties":{"way_id":330506836,"route_colors":["#a05a2c","#d40000"],"route_refs":["10","1"]},"geometry":{"type":"LineString","coordinates":[[16.6085299,49.1987572],[16.6085861,49.1987339],[16.6087006,49.1986865]]}},{"type":"Feature","properties":{"way_id":343676514,"route_colors":["#a05a2c","#d40000"],"route_refs":["10","1"]},"geometry":{"type":"LineString","coordinates":[[16.6087006,49.1986865],[16.6094065,49.1983946],[16.611484,49.197534],[16.6115273,49.197515],[16.6115628,49.1974983],[16.611601,49.1974787],[16.6116295,49.1974621],[16.6116495,49.1974494],[16.611674,49.1974331],[16.6116977,49.1974159],[16.6117219,49.1973962],[16.6117453,49.1973761],[16.6117674,49.1973551],[16.6118168,49.1973024],[16.611897,49.197212],[16.6126047,49.196415],[16.612674,49.1963396],[16.6127209,49.1962888],[16.613389,49.195539],[16.6134052,49.1955209]]}},{"type":"Feature","properties":{"way_id":297697497,"route_colors":["#a05a2c","#d40000"],"route_refs":["10","1"]},"geometry":{"type":"LineString","coordinates":[[16.6134052,49.1955209],[16.6134823,49.1954318],[16.6135569,49.1953492],[16.6137007,49.1951889]]}},{"type":"Feature","properties":{"way_id":1012826038,"route_colors":["#a05a2c"],"route_refs":["10"]},"geometry":{"type":"LineString","coordinates":[[16.614123,49.1938377],[16.6140937,49.1937781],[16.6140801,49.1937431],[16.6140681,49.1937078]]}},{"type":"Feature","properties":{"way_id":325880331,"route_colors":["#a05a2c"],"route_refs":["10"]},"geometry":{"type":"LineString","coordinates":[[16.6140681,49.1937078],[16.6140557,49.1936686],[16.6140382,49.1936208],[16.6140146,49.1935708],[16.6139661,49.1934868],[16.6139422,49.1934447],[16.6137577,49.1931203],[16.613571,49.1927919],[16.6135492,49.1927518],[16.6135408,49.1927326],[16.6135327,49.1927096],[16.6135291,49.1926786],[16.6135298,49.1926426]]}},{"type":"Feature","properties":{"way_id":998128281,"route_colors":["#a05a2c"],"route_refs":["10"]},"geometry":{"type":"LineString","coordinates":[[16.6135298,49.1926426],[16.6135317,49.1926283],[16.613536,49.1926063],[16.6135488,49.192571],[16.613573,49.1925145],[16.6136002,49.1924669],[16.6136542,49.1923803],[16.61371,49.1923059],[16.6138169,49.1921817],[16.6139104,49.1920821],[16.6139598,49.1920389],[16.614001,49.1920064],[16.6140452,49.1919722]]}},{"type":"Feature","properties":{"way_id":1012826037,"route_colors":["#a05a2c"],"route_refs":["10"]},"geometry":{"type":"LineString","coordinates":[[16.6140452,49.1919722],[16.6141148,49.1919274],[16.61414,49.1919109]]}},{"type":"Feature","properties":{"way_id":1537732694,"route_colors":["#a05a2c"],"route_refs":["10"]},"geometry":{"type":"LineString","coordinates":[[16.61414,49.1919109],[16.6142466,49.191856]]}},{"type":"Feature","properties":{"way_id":329417938,"route_colors":["#a05a2c"],"route_refs":["10"]},"geometry":{"type":"LineString","coordinates":[[16.6573612,49.1877309],[16.6578431,49.1876372],[16.6584921,49.1875088],[16.6593951,49.1873329],[16.6599199,49.1872302],[16.6605844,49.1871004],[16.6611656,49.186987],[16.6614482,49.1869321],[16.6615912,49.1869047],[16.6617378,49.186878],[16.6618516,49.1868595],[16.6619694,49.1868416],[16.6620857,49.1868257],[16.6622013,49.1868117],[16.6623029,49.1868012],[16.6624069,49.1867932],[16.6625413,49.1867855],[16.6626757,49.1867824],[16.6627709,49.1867826]]}},{"type":"Feature","properties":{"way_id":1244553752,"route_colors":["#a05a2c"],"route_refs":["10"]},"geometry":{"type":"LineString","coordinates":[[16.6627709,49.1867826],[16.6628556,49.1867835]]}},{"type":"Feature","properties":{"way_id":1244553751,"route_colors":["#a05a2c"],"route_refs":["10"]},"geometry":{"type":"LineString","coordinates":[[16.6628556,49.1867835],[16.6630711,49.1867915],[16.6632336,49.1867994],[16.6633938,49.1868088],[16.6634887,49.1868163],[16.6635821,49.1868248],[16.6636759,49.1868351],[16.6637697,49.1868474],[16.6638608,49.1868612],[16.6639518,49.1868765],[16.6640413,49.1868935],[16.6641307,49.186912],[16.6642279,49.1869349],[16.6643235,49.1869583],[16.6644198,49.1869843],[16.6645131,49.1870117],[16.6646888,49.1870712],[16.6648576,49.1871318],[16.6651051,49.1872354],[16.6653488,49.187342],[16.6654742,49.1873979]]}},{"type":"Feature","properties":{"way_id":424520312,"route_colors":["#a05a2c"],"route_refs":["10"]},"geometry":{"type":"LineString","coordinates":[[16.6654742,49.1873979],[16.6657074,49.1875045]]}},{"type":"Feature","properties":{"way_id":424520318,"route_colors":["#a05a2c"],"route_refs":["10"]},"geometry":{"type":"LineString","coordinates":[[16.6657074,49.1875045],[16.6658062,49.1875482],[16.665957,49.1876153],[16.6664828,49.1878525],[16.6670498,49.1881047],[16.6679724,49.1885568],[16.6688777,49.1890733],[16.6693265,49.1893369],[16.6706383,49.1900738],[16.6722157,49.1909297],[16.6727881,49.1912542],[16.6731323,49.191444],[16.6734743,49.1916026],[16.6736561,49.1916783],[16.6738325,49.1917585],[16.6742904,49.1919505],[16.6745905,49.1920753],[16.6749051,49.1922077],[16.6751005,49.1922866],[16.6752294,49.1923407],[16.675342,49.1923788],[16.6754948,49.1924236],[16.6756377,49.192458],[16.6757805,49.1924874],[16.6758906,49.1925069],[16.6760023,49.1925247],[16.6762696,49.1925653]]}},{"type":"Feature","properties":{"way_id":770444519,"route_colors":["#a05a2c"],"route_refs":["10"]},"geometry":{"type":"LineString","coordinates":[[16.6762696,49.1925653],[16.6765289,49.1926054],[16.6768216,49.1926485],[16.6770035,49.1926742],[16.6770474,49.192679],[16.6771096,49.1926847],[16.6771738,49.1926883],[16.677214,49.1926898],[16.6772562,49.1926905],[16.6772989,49.1926903],[16.6773395,49.1926888],[16.6774214,49.1926827],[16.6775032,49.192674]]}},{"type":"Feature","properties":{"way_id":329417937,"route_colors":["#a05a2c"],"route_refs":["10"]},"geometry":{"type":"LineString","coordinates":[[16.6770244,49.19273],[16.6771034,49.1927461],[16.6772666,49.1927884],[16.6774168,49.1928453],[16.6774582,49.1928645]]}},{"type":"Feature","properties":{"way_id":329417934,"route_colors":["#a05a2c"],"route_refs":["10"]},"geometry":{"type":"LineString","coordinates":[[16.6743248,49.1920163],[16.6737978,49.1917948],[16.6737314,49.191766]]}},{"type":"Feature","properties":{"way_id":329417932,"route_colors":["#a05a2c"],"route_refs":["10"]},"geometry":{"type":"LineString","coordinates":[[16.6659336,49.1876626],[16.666435,49.1878892]]}},{"type":"Feature","properties":{"way_id":932940407,"route_colors":["#a05a2c"],"route_refs":["10"]},"geometry":{"type":"LineString","coordinates":[[16.6138602,49.1922122],[16.6138615,49.1922173],[16.6138652,49.1922213],[16.6138732,49.192223],[16.6138813,49.1922225],[16.6140218,49.1921188],[16.6140746,49.1920817],[16.6140559,49.1920727],[16.6140883,49.1920441],[16.6141069,49.1920532],[16.6141668,49.1920069],[16.6141721,49.191999],[16.614171,49.1919924],[16.6141653,49.1919889],[16.6141555,49.1919877],[16.6141483,49.1919898],[16.6140967,49.1920165],[16.6140526,49.1920425],[16.6140089,49.1920731],[16.6139685,49.1921055],[16.6139313,49.192139],[16.6138934,49.1921765],[16.6138602,49.1922122]]}},{"type":"Feature","properties":{"way_id":424520315,"route_colors":["#a05a2c"],"route_refs":["10"]},"geometry":{"type":"LineString","coordinates":[[16.6770586,49.1927163],[16.6769957,49.192705],[16.6766356,49.1926536],[16.6762535,49.1925967],[16.6760905,49.1925724],[16.6759417,49.1925513],[16.675801,49.1925276],[16.6756709,49.1925012],[16.6755419,49.1924708],[16.6753792,49.1924256],[16.6752297,49.1923764],[16.6750915,49.1923225],[16.6745577,49.1921033],[16.6738143,49.19179],[16.6736756,49.1917294],[16.6734376,49.1916323],[16.673105,49.1914726],[16.6727425,49.1912844],[16.6721658,49.1909505],[16.6706003,49.1900949],[16.6692906,49.189361],[16.6688473,49.1890971],[16.6679395,49.1885762],[16.6670172,49.1881349],[16.6659848,49.1876665],[16.6659218,49.1876389],[16.6657738,49.1875734],[16.6656791,49.1875298]]}},{"type":"Feature","properties":{"way_id":424520310,"route_colors":["#a05a2c"],"route_refs":["10"]},"geometry":{"type":"LineString","coordinates":[[16.6656791,49.1875298],[16.6654447,49.1874244]]}},{"type":"Feature","properties":{"way_id":1244553749,"route_colors":["#a05a2c"],"route_refs":["10"]},"geometry":{"type":"LineString","coordinates":[[16.6654447,49.1874244],[16.6653211,49.1873694],[16.665086,49.1872651],[16.6648471,49.1871654],[16.6646755,49.1871009],[16.6645001,49.1870425],[16.6644075,49.1870153],[16.6643111,49.1869891],[16.6642174,49.1869654],[16.6641182,49.1869427],[16.6640336,49.1869251],[16.6639475,49.1869086],[16.6638606,49.186894],[16.6637729,49.1868805],[16.6636805,49.1868681],[16.6635858,49.1868573],[16.6634926,49.1868483],[16.6633979,49.1868412],[16.6632364,49.1868303],[16.6630742,49.186822],[16.6628629,49.1868131]]}},{"type":"Feature","properties":{"way_id":1244553750,"route_colors":["#a05a2c"],"route_refs":["10"]},"geometry":{"type":"LineString","coordinates":[[16.6628629,49.1868131],[16.6627785,49.1868137]]}},{"type":"Feature","properties":{"way_id":352941625,"route_colors":["#a05a2c"],"route_refs":["10"]},"geometry":{"type":"LineString","coordinates":[[16.6627785,49.1868137],[16.6626859,49.186814],[16.6625703,49.1868179],[16.6625049,49.1868208],[16.6624367,49.1868247],[16.6623194,49.1868348],[16.6622024,49.1868474],[16.662075,49.1868644],[16.6619491,49.1868825],[16.6617566,49.1869149],[16.6599332,49.1872703],[16.6594422,49.1873667],[16.6586009,49.1875314],[16.6579509,49.1876575],[16.6574023,49.1877661]]}},{"type":"Feature","properties":{"way_id":1012826036,"route_colors":["#a05a2c"],"route_refs":["10"]},"geometry":{"type":"LineString","coordinates":[[16.6142897,49.1919126],[16.6141805,49.1919572]]}},{"type":"Feature","properties":{"way_id":1537732696,"route_colors":["#a05a2c"],"route_refs":["10"]},"geometry":{"type":"LineString","coordinates":[[16.6141805,49.1919572],[16.614155,49.1919684]]}},{"type":"Feature","properties":{"way_id":351837916,"route_colors":["#a05a2c"],"route_refs":["10"]},"geometry":{"type":"LineString","coordinates":[[16.614155,49.1919684],[16.6140987,49.1919988],[16.6140317,49.1920375],[16.6139532,49.1920996],[16.6138567,49.1921935]]}},{"type":"Feature","properties":{"way_id":1435256494,"route_colors":["#a05a2c"],"route_refs":["10"]},"geometry":{"type":"LineString","coordinates":[[16.6138567,49.1921935],[16.6137545,49.1923065],[16.6136941,49.1923935],[16.6136316,49.192495],[16.6136161,49.1925246],[16.6136018,49.1925562],[16.613591,49.1925831],[16.6135804,49.1926152],[16.6135738,49.1926416],[16.6135735,49.1926663]]}},{"type":"Feature","properties":{"way_id":1012826035,"route_colors":["#a05a2c"],"route_refs":["10"]},"geometry":{"type":"LineString","coordinates":[[16.6135735,49.1926663],[16.613574,49.1926828],[16.6135882,49.1927464]]}},{"type":"Feature","properties":{"way_id":1012774935,"route_colors":["#a05a2c","#d40000"],"route_refs":["10","1"]},"geometry":{"type":"LineString","coordinates":[[16.614041,49.1935425],[16.6140848,49.1936376],[16.6141023,49.1936855]]}},{"type":"Feature","properties":{"way_id":1012774932,"route_colors":["#a05a2c","#d40000"],"route_refs":["10","1"]},"geometry":{"type":"LineString","coordinates":[[16.6141023,49.1936855],[16.6141153,49.1937266],[16.6141342,49.1937787],[16.6141528,49.1938166],[16.6141789,49.1938633],[16.6143604,49.1941789]]}},{"type":"Feature","properties":{"way_id":1057433620,"route_colors":["#a05a2c","#d40000"],"route_refs":["10","1"]},"geometry":{"type":"LineString","coordinates":[[16.6143604,49.1941789],[16.6143782,49.1942151],[16.6143903,49.1942447],[16.614397,49.1942697]]}},{"type":"Feature","properties":{"way_id":1537732687,"route_colors":["#a05a2c"],"route_refs":["10"]},"geometry":{"type":"LineString","coordinates":[[16.614397,49.1942697],[16.6144016,49.1943006],[16.6144031,49.1943306],[16.6144022,49.1943676],[16.6143929,49.1944236],[16.614381,49.1944571],[16.6143445,49.194515],[16.614316,49.1945522]]}},{"type":"Feature","properties":{"way_id":330271585,"route_colors":["#a05a2c","#d40000"],"route_refs":["10","1"]},"geometry":{"type":"LineString","coordinates":[[16.614316,49.1945522],[16.614292,49.1945776],[16.6142406,49.1946342],[16.6142092,49.1946678],[16.6141267,49.1947566],[16.6136718,49.1952724],[16.6135942,49.1953629],[16.6135291,49.1954341],[16.6135199,49.1954446],[16.613427,49.1955497]]}},{"type":"Feature","properties":{"way_id":330271589,"route_colors":["#a05a2c","#d40000"],"route_refs":["10","1"]},"geometry":{"type":"LineString","coordinates":[[16.613427,49.1955497],[16.6128915,49.196154],[16.6127137,49.1963546],[16.6126467,49.1964302],[16.6119394,49.1972265],[16.6118542,49.1973225],[16.6118108,49.1973699],[16.6117857,49.1973943],[16.611759,49.197418],[16.6117344,49.1974369],[16.6117077,49.1974565],[16.6116828,49.197473],[16.611658,49.1974878],[16.6116307,49.1975035],[16.6115946,49.1975221],[16.6115534,49.1975409],[16.6115121,49.1975586],[16.6094315,49.1984196],[16.6087547,49.1987012]]}},{"type":"Feature","properties":{"way_id":330506841,"route_colors":["#a05a2c","#d40000"],"route_refs":["10","1"]},"geometry":{"type":"LineString","coordinates":[[16.6087547,49.1987012],[16.6086125,49.1987594],[16.608559,49.1987814],[16.6084966,49.1988069]]}},{"type":"Feature","properties":{"way_id":330506825,"route_colors":["#a05a2c"],"route_refs":["10"]},"geometry":{"type":"LineString","coordinates":[[16.6084966,49.1988069],[16.6084633,49.1988202],[16.6084387,49.1988278],[16.6084026,49.1988367],[16.6083668,49.1988437],[16.6083176,49.1988492],[16.6082877,49.1988509],[16.6082537,49.1988509],[16.608221,49.1988488],[16.6081906,49.1988447],[16.608163,49.1988404],[16.6081307,49.1988338],[16.6080918,49.1988218],[16.6080538,49.1988071],[16.6079952,49.1987801]]}},{"type":"Feature","properties":{"way_id":1537727368,"route_colors":["#a05a2c","#00ccff"],"route_refs":["10","12"]},"geometry":{"type":"LineString","coordinates":[[16.6052085,49.1977549],[16.6051812,49.1978349],[16.6050972,49.1980787]]}},{"type":"Feature","properties":{"way_id":1537727365,"route_colors":["#a05a2c","#00ccff"],"route_refs":["10","12"]},"geometry":{"type":"LineString","coordinates":[[16.6050972,49.1980787],[16.6050767,49.1981354],[16.6050648,49.1981631],[16.6050517,49.1981848],[16.6050378,49.1982022],[16.6050207,49.19822],[16.6049874,49.1982452],[16.6049598,49.1982611],[16.604929,49.1982772],[16.6048784,49.1982946],[16.6048303,49.198304],[16.6047822,49.1983092],[16.6047355,49.1983109],[16.6046715,49.1983107],[16.6043975,49.1983074],[16.6043474,49.1983113],[16.6043136,49.1983153],[16.6042665,49.1983226],[16.604223,49.1983321],[16.6041897,49.1983421],[16.6041634,49.1983515],[16.6041175,49.198372],[16.6040788,49.1983919]]}},{"type":"Feature","properties":{"way_id":42138039,"route_colors":["#d40000"],"route_refs":["1"]},"geometry":{"type":"LineString","coordinates":[[16.5193664,49.2261941],[16.5193833,49.2256974],[16.5194001,49.2256036]]}},{"type":"Feature","properties":{"way_id":93694440,"route_colors":["#d40000"],"route_refs":["1"]},"geometry":{"type":"LineString","coordinates":[[16.5675402,49.2119303],[16.5680001,49.2119262],[16.5684617,49.2119104]]}},{"type":"Feature","properties":{"way_id":78032188,"route_colors":["#d40000"],"route_refs":["1"]},"geometry":{"type":"LineString","coordinates":[[16.5704816,49.2070071],[16.5705083,49.2070456],[16.5708751,49.2075704]]}},{"type":"Feature","properties":{"way_id":804329483,"route_colors":["#d40000"],"route_refs":["1"]},"geometry":{"type":"LineString","coordinates":[[16.5696681,49.1940855],[16.5695643,49.194216],[16.569491,49.1943119],[16.5692948,49.1946259]]}},{"type":"Feature","properties":{"way_id":126446672,"route_colors":["#d40000"],"route_refs":["1"]},"geometry":{"type":"LineString","coordinates":[[16.576635,49.1912958],[16.5763457,49.1913905],[16.5760622,49.1914834]]}},{"type":"Feature","properties":{"way_id":221313296,"route_colors":["#d40000"],"route_refs":["1"]},"geometry":{"type":"LineString","coordinates":[[16.5799169,49.1902694],[16.5805454,49.190182]]}},{"type":"Feature","properties":{"way_id":50651489,"route_colors":["#d40000"],"route_refs":["1"]},"geometry":{"type":"LineString","coordinates":[[16.5852936,49.1894063],[16.5852898,49.1893964],[16.5843499,49.1895006],[16.5843554,49.1895298],[16.5854776,49.1894079],[16.5854751,49.1893958],[16.5852948,49.189416],[16.5852936,49.1894063]]}},{"type":"Feature","properties":{"way_id":1141917404,"route_colors":["#d40000"],"route_refs":["1"]},"geometry":{"type":"LineString","coordinates":[[16.5928912,49.1898461],[16.5926319,49.1897455],[16.5926354,49.1897417],[16.5926449,49.1897315],[16.5926544,49.1897212],[16.5927736,49.1897683],[16.5927856,49.1897553],[16.5928091,49.189766],[16.5928444,49.1897821],[16.5930578,49.1898796],[16.5931104,49.1899003],[16.593149,49.1899121],[16.5931814,49.1899207],[16.5932142,49.1899277],[16.593265,49.1899364],[16.5933014,49.1899414],[16.5933444,49.1899443],[16.5933938,49.189946],[16.5934317,49.1899448],[16.5934267,49.1899549],[16.5934218,49.189965],[16.5934149,49.189979],[16.593408,49.189993],[16.5934061,49.189997],[16.5933295,49.1899807],[16.5932938,49.1899727],[16.5932683,49.1899669],[16.5932002,49.1899489],[16.5931358,49.1899308],[16.5930968,49.1899188],[16.592995,49.1898848],[16.5928912,49.1898461]]}},{"type":"Feature","properties":{"way_id":42979557,"route_colors":["#d40000"],"route_refs":["1"]},"geometry":{"type":"LineString","coordinates":[[16.5895913,49.232087],[16.5892606,49.2325576],[16.5892046,49.2326373],[16.5890791,49.2328159]]}},{"type":"Feature","properties":{"way_id":159635094,"route_colors":["#d40000"],"route_refs":["1"]},"geometry":{"type":"LineString","coordinates":[[16.5874915,49.2352196],[16.5874815,49.2352168],[16.587739,49.2348351],[16.5877608,49.2348413],[16.5875034,49.2352231],[16.5874915,49.2352196]]}},{"type":"Feature","properties":{"way_id":1508425744,"route_colors":["#d40000"],"route_refs":["1"]},"geometry":{"type":"LineString","coordinates":[[16.5839562,49.2406015],[16.5839296,49.2405942],[16.5840799,49.2403631],[16.5841064,49.2403704],[16.5839562,49.2406015]]}},{"type":"Feature","properties":{"way_id":1508425747,"route_colors":["#d40000"],"route_refs":["1"]},"geometry":{"type":"LineString","coordinates":[[16.5814659,49.244276],[16.5814883,49.2442824],[16.5816689,49.2440139],[16.5816467,49.2440075],[16.5814659,49.244276]]}},{"type":"Feature","properties":{"way_id":159423121,"route_colors":["#d40000"],"route_refs":["1"]},"geometry":{"type":"LineString","coordinates":[[16.5793299,49.2469462],[16.5793167,49.2469228],[16.5792863,49.2469321],[16.5788769,49.2470231],[16.5788119,49.2470423],[16.5787611,49.247081],[16.5787119,49.2471373],[16.578691,49.247192],[16.5786895,49.2472447],[16.5786979,49.2472917],[16.5787287,49.2473343],[16.5787757,49.2473781],[16.5788072,49.2473933],[16.5789446,49.2474337],[16.5790743,49.2474729],[16.5790943,49.2474488],[16.5790395,49.2474436],[16.5790024,49.2474362],[16.5789049,49.2474089],[16.5788402,49.2473832],[16.5787988,49.2473605],[16.5787697,49.2473379],[16.5787421,49.2472935],[16.5787309,49.2472561],[16.5787303,49.2472168],[16.5787365,49.2471772],[16.5787497,49.2471471],[16.5787747,49.2471162],[16.5788143,49.247079],[16.578863,49.2470502],[16.5789144,49.2470338],[16.5792961,49.2469525],[16.5793299,49.2469462]]}},{"type":"Feature","properties":{"way_id":345259593,"route_colors":["#d40000"],"route_refs":["1"]},"geometry":{"type":"LineString","coordinates":[[16.5193214,49.2260852],[16.5193186,49.2261621],[16.5193185,49.2262189],[16.5193263,49.2262739],[16.5193381,49.2263243],[16.5193545,49.226373],[16.5193782,49.2264241],[16.5194055,49.2264787],[16.5194408,49.2265294],[16.5194789,49.2265758],[16.5195293,49.2266283],[16.5195813,49.2266746],[16.5196444,49.2267222],[16.5197149,49.226759],[16.5197949,49.2268076],[16.5198342,49.2268333],[16.5198564,49.2268518],[16.5198726,49.2268704]]}},{"type":"Feature","properties":{"way_id":163656309,"route_colors":["#d40000"],"route_refs":["1"]},"geometry":{"type":"LineString","coordinates":[[16.5615337,49.2128405],[16.5618079,49.212798],[16.5624967,49.2126957],[16.5633096,49.2125708]]}},{"type":"Feature","properties":{"way_id":343676494,"route_colors":["#d40000"],"route_refs":["1"]},"geometry":{"type":"LineString","coordinates":[[16.5633096,49.2125708],[16.5650418,49.2123037],[16.566271,49.2121154],[16.5668874,49.2120202],[16.5670937,49.2119883],[16.5671999,49.2119757],[16.5673,49.2119658],[16.5674915,49.2119548],[16.567693,49.2119517],[16.5680053,49.2119475],[16.568204,49.2119444],[16.5683965,49.2119373],[16.5685028,49.2119301],[16.5686819,49.2119168],[16.5691355,49.2118691],[16.569492,49.2118257],[16.5697379,49.2117874],[16.5700417,49.2117199],[16.5703305,49.2116273],[16.5705307,49.2115372],[16.5706806,49.2114587],[16.5706934,49.2114501]]}},{"type":"Feature","properties":{"way_id":430636062,"route_colors":["#d40000"],"route_refs":["1"]},"geometry":{"type":"LineString","coordinates":[[16.5706934,49.2114501],[16.5708627,49.2113498],[16.5709209,49.2113031]]}},{"type":"Feature","properties":{"way_id":430636065,"route_colors":["#d40000"],"route_refs":["1"]},"geometry":{"type":"LineString","coordinates":[[16.5709209,49.2113031],[16.5710052,49.2112354],[16.5711405,49.2111023],[16.571266,49.2109687],[16.5715276,49.2106959]]}},{"type":"Feature","properties":{"way_id":22726292,"route_colors":["#d40000"],"route_refs":["1"]},"geometry":{"type":"LineString","coordinates":[[16.5715276,49.2106959],[16.5716457,49.2105144],[16.571771,49.2103224],[16.571884,49.2101292],[16.5719526,49.2099559],[16.5719955,49.2098378],[16.5720481,49.2096924],[16.5720867,49.209589],[16.5720951,49.2095505]]}},{"type":"Feature","properties":{"way_id":4229223,"route_colors":["#d40000"],"route_refs":["1"]},"geometry":{"type":"LineString","coordinates":[[16.5720951,49.2095505],[16.5721175,49.2094151],[16.5721239,49.2092917],[16.5721149,49.2091763],[16.5720872,49.2090628],[16.5720592,49.2089753],[16.5720164,49.208877],[16.5719513,49.2087689],[16.5718678,49.2086562],[16.5717736,49.208535],[16.5716629,49.2084128],[16.5714454,49.2081843],[16.571132,49.2078426],[16.5709573,49.2076155],[16.5705973,49.2070989],[16.5705257,49.2069961],[16.5702746,49.2066376]]}},{"type":"Feature","properties":{"way_id":1073915355,"route_colors":["#d40000"],"route_refs":["1"]},"geometry":{"type":"LineString","coordinates":[[16.5702746,49.2066376],[16.5700262,49.206255]]}},{"type":"Feature","properties":{"way_id":1076588547,"route_colors":["#d40000"],"route_refs":["1"]},"geometry":{"type":"LineString","coordinates":[[16.5700262,49.206255],[16.5699879,49.2062003]]}},{"type":"Feature","properties":{"way_id":1076588546,"route_colors":["#d40000"],"route_refs":["1"]},"geometry":{"type":"LineString","coordinates":[[16.5699879,49.2062003],[16.5699004,49.2060717]]}},{"type":"Feature","properties":{"way_id":893692211,"route_colors":["#d40000"],"route_refs":["1"]},"geometry":{"type":"LineString","coordinates":[[16.5699004,49.2060717],[16.5690448,49.204828],[16.5690184,49.2047884],[16.5686859,49.2042894],[16.5685254,49.2040414]]}},{"type":"Feature","properties":{"way_id":892398817,"route_colors":["#d40000"],"route_refs":["1"]},"geometry":{"type":"LineString","coordinates":[[16.5685254,49.2040414],[16.5683658,49.2037838],[16.5682974,49.2036664],[16.5682654,49.2035828],[16.5682438,49.2034999],[16.5682296,49.2034252],[16.5682184,49.2033385]]}},{"type":"Feature","properties":{"way_id":892398814,"route_colors":["#d40000"],"route_refs":["1"]},"geometry":{"type":"LineString","coordinates":[[16.5682184,49.2033385],[16.5682093,49.2032431],[16.5682089,49.2031481],[16.5682175,49.203052],[16.5682349,49.2029563],[16.5682612,49.2028616],[16.5682907,49.2027712],[16.5683269,49.2026819],[16.5683781,49.2025788],[16.5684383,49.2024778],[16.5686797,49.2021062],[16.5687883,49.2019538],[16.5688442,49.2018654],[16.5688934,49.2017754],[16.5689358,49.2016839],[16.5689816,49.2015599],[16.5690149,49.2014341],[16.5690324,49.2012913],[16.5690356,49.2011787],[16.5690297,49.2010661],[16.5689895,49.2006884],[16.5689224,49.2002021],[16.5689051,49.2001164],[16.5688796,49.2000316],[16.568846,49.1999479],[16.5688021,49.1998619],[16.5687498,49.199778],[16.568689,49.1996964],[16.5685952,49.1995895],[16.568276,49.1992749],[16.5681794,49.1991799],[16.5680924,49.1990741]]}},{"type":"Feature","properties":{"way_id":892398785,"route_colors":["#d40000"],"route_refs":["1"]},"geometry":{"type":"LineString","coordinates":[[16.5680924,49.1990741],[16.5680438,49.1989953],[16.5679737,49.1988598],[16.5679353,49.1987614],[16.5679058,49.1986659],[16.5678844,49.1985695],[16.567872,49.1984805],[16.5678665,49.1983913],[16.567868,49.198302],[16.5678683,49.1980709],[16.5678667,49.1978146]]}},{"type":"Feature","properties":{"way_id":893692209,"route_colors":["#d40000"],"route_refs":["1"]},"geometry":{"type":"LineString","coordinates":[[16.5678667,49.1978146],[16.5678754,49.1974506],[16.5678803,49.1969663],[16.5678875,49.1967856],[16.5679084,49.1966235],[16.5679366,49.1965112],[16.5679906,49.1963719],[16.5680462,49.1962593],[16.5681018,49.1961727],[16.5681975,49.1960377],[16.568339,49.1958635],[16.5684366,49.195744],[16.5687124,49.1954262],[16.5689855,49.1951059],[16.5691216,49.1949425],[16.5692769,49.1947109],[16.5693324,49.1946295],[16.5695071,49.1943328],[16.5695982,49.1942275],[16.5696957,49.1941246]]}},{"type":"Feature","properties":{"way_id":15409473,"route_colors":["#d40000"],"route_refs":["1"]},"geometry":{"type":"LineString","coordinates":[[16.5696957,49.1941246],[16.5697321,49.1940839],[16.5697581,49.1940573]]}},{"type":"Feature","properties":{"way_id":796265228,"route_colors":["#d40000"],"route_refs":["1"]},"geometry":{"type":"LineString","coordinates":[[16.5697581,49.1940573],[16.5698408,49.1939935],[16.5702576,49.1937019],[16.5705793,49.1935387],[16.5709043,49.1934072]]}},{"type":"Feature","properties":{"way_id":972104516,"route_colors":["#d40000"],"route_refs":["1"]},"geometry":{"type":"LineString","coordinates":[[16.5709043,49.1934072],[16.5720542,49.1929962],[16.5724508,49.1928624],[16.5731643,49.1926158],[16.5737636,49.192418],[16.5745407,49.1921644],[16.5746615,49.192122],[16.5747694,49.1920819],[16.574893,49.1920288],[16.5750127,49.1919728],[16.5751648,49.1918997],[16.5756569,49.1916666]]}},{"type":"Feature","properties":{"way_id":1192935900,"route_colors":["#d40000"],"route_refs":["1"]},"geometry":{"type":"LineString","coordinates":[[16.5756569,49.1916666],[16.575749,49.1916232],[16.5758038,49.1915999],[16.575885,49.1915658],[16.5759542,49.191541]]}},{"type":"Feature","properties":{"way_id":299135221,"route_colors":["#d40000"],"route_refs":["1"]},"geometry":{"type":"LineString","coordinates":[[16.5759542,49.191541],[16.5760567,49.1915041],[16.5766277,49.191324]]}},{"type":"Feature","properties":{"way_id":343676560,"route_colors":["#d40000"],"route_refs":["1"]},"geometry":{"type":"LineString","coordinates":[[16.5766277,49.191324],[16.5769193,49.191226],[16.5777328,49.1909522],[16.578139,49.1908198],[16.5793021,49.1904287],[16.5795291,49.1903647],[16.5798611,49.1903034],[16.5798986,49.1902978],[16.5799292,49.1902932],[16.5804899,49.1902074]]}},{"type":"Feature","properties":{"way_id":343676532,"route_colors":["#d40000"],"route_refs":["1"]},"geometry":{"type":"LineString","coordinates":[[16.5804899,49.1902074],[16.5809343,49.1901384],[16.5829322,49.1897791],[16.5832268,49.1897228],[16.5835805,49.1896545]]}},{"type":"Feature","properties":{"way_id":56693391,"route_colors":["#d40000"],"route_refs":["1"]},"geometry":{"type":"LineString","coordinates":[[16.5835805,49.1896545],[16.5837296,49.1896199]]}},{"type":"Feature","properties":{"way_id":236000776,"route_colors":["#d40000"],"route_refs":["1"]},"geometry":{"type":"LineString","coordinates":[[16.5837296,49.1896199],[16.5837859,49.1896081],[16.5838502,49.1895972],[16.5839107,49.1895895],[16.5840686,49.1895748],[16.5842244,49.189558]]}},{"type":"Feature","properties":{"way_id":236001095,"route_colors":["#d40000"],"route_refs":["1"]},"geometry":{"type":"LineString","coordinates":[[16.5842244,49.189558],[16.5848108,49.189494]]}},{"type":"Feature","properties":{"way_id":343676518,"route_colors":["#d40000"],"route_refs":["1"]},"geometry":{"type":"LineString","coordinates":[[16.5848108,49.189494],[16.5858413,49.1893817],[16.585898,49.189376]]}},{"type":"Feature","properties":{"way_id":236002229,"route_colors":["#d40000"],"route_refs":["1"]},"geometry":{"type":"LineString","coordinates":[[16.585898,49.189376],[16.5860582,49.1893598],[16.5864214,49.1893188]]}},{"type":"Feature","properties":{"way_id":343676580,"route_colors":["#d40000"],"route_refs":["1"]},"geometry":{"type":"LineString","coordinates":[[16.5864214,49.1893188],[16.5865885,49.1893009],[16.5867194,49.1892856],[16.5867747,49.1892778],[16.5868407,49.1892656],[16.5868912,49.1892548],[16.5869426,49.1892406],[16.5869872,49.1892264],[16.5870468,49.1892049],[16.5870997,49.1891798],[16.5871458,49.1891546],[16.5872123,49.1891101],[16.5872761,49.1890656]]}},{"type":"Feature","properties":{"way_id":32348348,"route_colors":["#d40000"],"route_refs":["1"]},"geometry":{"type":"LineString","coordinates":[[16.5872761,49.1890656],[16.5873345,49.189026],[16.5873955,49.1889863],[16.5874478,49.1889558],[16.5875055,49.1889262],[16.5875712,49.1888979],[16.5876476,49.1888713],[16.5877203,49.1888504],[16.5877957,49.1888331],[16.5878619,49.1888216],[16.58792,49.1888145],[16.5879735,49.1888092],[16.5880298,49.1888066],[16.5881334,49.1888017]]}},{"type":"Feature","properties":{"way_id":32348347,"route_colors":["#d40000"],"route_refs":["1"]},"geometry":{"type":"LineString","coordinates":[[16.5881334,49.1888017],[16.5898607,49.1887813],[16.5899801,49.1887809],[16.5900344,49.1887833],[16.5900898,49.1887877],[16.5901233,49.1887919],[16.5901567,49.1887973],[16.5901896,49.1888038],[16.590226,49.1888125],[16.5902979,49.1888318],[16.590335,49.1888451],[16.5903703,49.1888585],[16.5909951,49.189107],[16.5920651,49.1895332],[16.5925791,49.1897384],[16.592736,49.189801]]}},{"type":"Feature","properties":{"way_id":1192935899,"route_colors":["#d40000"],"route_refs":["1"]},"geometry":{"type":"LineString","coordinates":[[16.592736,49.189801],[16.5928797,49.1898564],[16.5930883,49.1899298],[16.5931281,49.189942],[16.5931929,49.1899602],[16.5932578,49.1899784],[16.5933199,49.1899929],[16.5933993,49.1900106],[16.5934481,49.1900203],[16.5935056,49.1900318]]}},{"type":"Feature","properties":{"way_id":40488123,"route_colors":["#d40000"],"route_refs":["1"]},"geometry":{"type":"LineString","coordinates":[[16.5935056,49.1900318],[16.5935397,49.1900373],[16.5935657,49.1900402],[16.5935958,49.1900422],[16.5936197,49.1900432],[16.5936434,49.1900428],[16.5936657,49.1900414],[16.5936869,49.1900392],[16.593707,49.1900365],[16.5937298,49.1900321],[16.5937517,49.1900263],[16.5937708,49.1900202],[16.5937902,49.1900129],[16.5938096,49.1900047],[16.5938258,49.1899966],[16.5938408,49.189988],[16.5938566,49.1899774]]}},{"type":"Feature","properties":{"way_id":343676526,"route_colors":["#d40000"],"route_refs":["1"]},"geometry":{"type":"LineString","coordinates":[[16.5938566,49.1899774],[16.5938708,49.1899661],[16.5938851,49.1899527],[16.5938986,49.189938],[16.5939148,49.1899173],[16.5939306,49.1898895],[16.5939487,49.1898519],[16.593979,49.189789],[16.5939987,49.1897481],[16.5940238,49.189707],[16.5941366,49.1895481],[16.5941591,49.1895239]]}},{"type":"Feature","properties":{"way_id":328042422,"route_colors":["#d40000"],"route_refs":["1"]},"geometry":{"type":"LineString","coordinates":[[16.5944522,49.1891263],[16.594471,49.1891043],[16.5945053,49.1890624],[16.5945142,49.1890522],[16.5945402,49.189027],[16.5945677,49.1890049],[16.5945971,49.1889854],[16.5946306,49.1889663],[16.5946591,49.188954],[16.5946786,49.1889464],[16.5947152,49.1889337],[16.5947572,49.1889217],[16.5947961,49.1889134],[16.594836,49.1889072],[16.5948693,49.188905],[16.5948907,49.1889038]]}},{"type":"Feature","properties":{"way_id":326497385,"route_colors":["#d40000","#4ab95d"],"route_refs":["1","2"]},"geometry":{"type":"LineString","coordinates":[[16.5948907,49.1889038],[16.5953903,49.1888933],[16.5954969,49.1888877],[16.5955944,49.1888799],[16.5956892,49.1888709],[16.5958323,49.188854],[16.5959683,49.1888347],[16.5966303,49.1887375],[16.5970077,49.1886829]]}},{"type":"Feature","properties":{"way_id":1214021134,"route_colors":["#d40000","#4ab95d"],"route_refs":["1","2"]},"geometry":{"type":"LineString","coordinates":[[16.5970077,49.1886829],[16.5978463,49.1885593],[16.5980163,49.1885347]]}},{"type":"Feature","properties":{"way_id":1214021135,"route_colors":["#d40000","#4ab95d"],"route_refs":["1","2"]},"geometry":{"type":"LineString","coordinates":[[16.5980163,49.1885347],[16.5981155,49.1885243],[16.598156,49.1885229],[16.5981977,49.1885231],[16.5982403,49.1885252],[16.5982835,49.1885312],[16.5983241,49.1885391],[16.5983613,49.1885489],[16.5984022,49.1885627],[16.5984396,49.1885799],[16.5984946,49.1886098]]}},{"type":"Feature","properties":{"way_id":1214021130,"route_colors":["#d40000","#4ab95d"],"route_refs":["1","2"]},"geometry":{"type":"LineString","coordinates":[[16.5984946,49.1886098],[16.5985448,49.1886407],[16.5987779,49.1887869],[16.5997617,49.1894095]]}},{"type":"Feature","properties":{"way_id":1214021131,"route_colors":["#d40000","#4ab95d"],"route_refs":["1","2"]},"geometry":{"type":"LineString","coordinates":[[16.5997617,49.1894095],[16.5998116,49.1894361],[16.5998578,49.1894556],[16.5999034,49.1894706],[16.5999762,49.1894843],[16.6000343,49.1894899],[16.6000958,49.1894924],[16.6001749,49.1894882]]}},{"type":"Feature","properties":{"way_id":343676522,"route_colors":["#d40000","#4ab95d"],"route_refs":["1","2"]},"geometry":{"type":"LineString","coordinates":[[16.6001749,49.1894882],[16.6002597,49.1894801],[16.6013642,49.1893519],[16.6017736,49.1893058],[16.6018725,49.1892946],[16.6020893,49.1892733],[16.6022362,49.1892626],[16.6024955,49.1892492],[16.6026462,49.1892441],[16.6029236,49.1892356],[16.6034191,49.1892195]]}},{"type":"Feature","properties":{"way_id":343676615,"route_colors":["#d40000","#4ab95d"],"route_refs":["1","2"]},"geometry":{"type":"LineString","coordinates":[[16.6034191,49.1892195],[16.6036762,49.1892119],[16.6042927,49.1891917],[16.6048448,49.1891741],[16.6061566,49.1891313],[16.6062774,49.1891267],[16.6063409,49.1891268],[16.6064058,49.1891299],[16.6064562,49.1891348],[16.6065127,49.1891401],[16.6065692,49.1891428],[16.6066171,49.1891426],[16.6067361,49.1891397]]}},{"type":"Feature","properties":{"way_id":328042424,"route_colors":["#d40000","#4ab95d"],"route_refs":["1","2"]},"geometry":{"type":"LineString","coordinates":[[16.6067361,49.1891397],[16.6070464,49.1891296],[16.60728,49.1891209],[16.6073405,49.1891185],[16.6073883,49.1891188],[16.6074474,49.1891228],[16.6074672,49.1891246],[16.6075089,49.189131],[16.6075492,49.1891371],[16.6075796,49.1891462],[16.6076219,49.189159],[16.6076599,49.1891726],[16.6077053,49.1891914],[16.6077482,49.1892144],[16.6077855,49.189238],[16.6078398,49.1892807],[16.6083696,49.1896955],[16.6085889,49.189866],[16.608643,49.189911],[16.6086772,49.1899327],[16.6087106,49.1899521],[16.6087859,49.1899864],[16.6088122,49.1899984]]}},{"type":"Feature","properties":{"way_id":325880328,"route_colors":["#d40000","#4ab95d","#00ccff"],"route_refs":["1","2","12"]},"geometry":{"type":"LineString","coordinates":[[16.6088122,49.1899984],[16.6088712,49.1900196]]}},{"type":"Feature","properties":{"way_id":343676479,"route_colors":["#d40000","#4ab95d","#00ccff"],"route_refs":["1","2","12"]},"geometry":{"type":"LineString","coordinates":[[16.6095611,49.190267],[16.6096416,49.1902962],[16.6097455,49.1903313]]}},{"type":"Feature","properties":{"way_id":352941677,"route_colors":["#d40000","#4ab95d"],"route_refs":["1","2"]},"geometry":{"type":"LineString","coordinates":[[16.6097455,49.1903313],[16.6101151,49.1904638],[16.6104087,49.1905678]]}},{"type":"Feature","properties":{"way_id":330506826,"route_colors":["#d40000"],"route_refs":["1"]},"geometry":{"type":"LineString","coordinates":[[16.6085039,49.1988069],[16.608398,49.1988507],[16.6083352,49.1988815],[16.6082994,49.1989044],[16.6082835,49.1989155],[16.608268,49.1989278],[16.6082377,49.1989513],[16.608211,49.1989777],[16.6081848,49.19901],[16.6081674,49.1990342],[16.6081503,49.1990647],[16.608138,49.1990946],[16.6081324,49.1991152],[16.6081142,49.1991867]]}},{"type":"Feature","properties":{"way_id":331795867,"route_colors":["#d40000"],"route_refs":["1"]},"geometry":{"type":"LineString","coordinates":[[16.5926338,49.2274817],[16.5926211,49.2275006],[16.5925886,49.2275503],[16.592488,49.2277035],[16.5923918,49.2278439],[16.592385,49.2278538],[16.5923442,49.2279143]]}},{"type":"Feature","properties":{"way_id":40695780,"route_colors":["#d40000"],"route_refs":["1"]},"geometry":{"type":"LineString","coordinates":[[16.5923442,49.2279143],[16.5922882,49.2279974],[16.5921812,49.2281451],[16.5921027,49.2282668],[16.5920908,49.2282853],[16.5918398,49.2286529],[16.5918186,49.228685],[16.5917021,49.2288541],[16.5912928,49.2294708],[16.5912355,49.2295557],[16.5911755,49.229642],[16.591155,49.229672],[16.5909897,49.2299141],[16.59091,49.2300308],[16.5906244,49.230457],[16.5903652,49.2308436],[16.5900671,49.2312883],[16.5899851,49.2314107],[16.5899363,49.2314821]]}},{"type":"Feature","properties":{"way_id":665962537,"route_colors":["#d40000"],"route_refs":["1"]},"geometry":{"type":"LineString","coordinates":[[16.5899363,49.2314821],[16.5898188,49.2316541],[16.5895141,49.2321144],[16.5891102,49.2327168]]}},{"type":"Feature","properties":{"way_id":343676525,"route_colors":["#d40000"],"route_refs":["1"]},"geometry":{"type":"LineString","coordinates":[[16.5891102,49.2327168],[16.5887138,49.2333135],[16.5886088,49.2334919],[16.588536,49.2336025]]}},{"type":"Feature","properties":{"way_id":40695779,"route_colors":["#d40000"],"route_refs":["1"]},"geometry":{"type":"LineString","coordinates":[[16.588536,49.2336025],[16.5882046,49.2340968]]}},{"type":"Feature","properties":{"way_id":331968851,"route_colors":["#d40000"],"route_refs":["1"]},"geometry":{"type":"LineString","coordinates":[[16.5882046,49.2340968],[16.5878759,49.2345891],[16.5878344,49.2346522]]}},{"type":"Feature","properties":{"way_id":665964463,"route_colors":["#d40000"],"route_refs":["1"]},"geometry":{"type":"LineString","coordinates":[[16.5878344,49.2346522],[16.5878084,49.2346946]]}},{"type":"Feature","properties":{"way_id":39245112,"route_colors":["#d40000"],"route_refs":["1"]},"geometry":{"type":"LineString","coordinates":[[16.5878084,49.2346946],[16.5875242,49.235123]]}},{"type":"Feature","properties":{"way_id":665962536,"route_colors":["#d40000"],"route_refs":["1"]},"geometry":{"type":"LineString","coordinates":[[16.5875242,49.235123],[16.5874372,49.2352498],[16.5872741,49.2354888]]}},{"type":"Feature","properties":{"way_id":343676501,"route_colors":["#d40000"],"route_refs":["1"]},"geometry":{"type":"LineString","coordinates":[[16.5872741,49.2354888],[16.5871413,49.2356899],[16.5869894,49.235911],[16.5867486,49.2362632],[16.5867354,49.2362826],[16.5867122,49.2363165],[16.5864852,49.2366566],[16.5864185,49.2367562],[16.5863583,49.2368456],[16.5855111,49.2381214],[16.5853559,49.2383528],[16.5852894,49.2384547],[16.5850254,49.2388493],[16.584559,49.2395527],[16.5845005,49.2396384],[16.5839289,49.2404976]]}},{"type":"Feature","properties":{"way_id":343676486,"route_colors":["#d40000"],"route_refs":["1"]},"geometry":{"type":"LineString","coordinates":[[16.5839289,49.2404976],[16.5838458,49.2406176],[16.5838068,49.2406764],[16.5837665,49.2407348],[16.5832709,49.2414771],[16.5831388,49.2416748],[16.5830987,49.2417356],[16.5830614,49.2417902],[16.5821932,49.2430875],[16.5820284,49.243336],[16.5819973,49.2433809],[16.5819594,49.2434381],[16.5817994,49.243676]]}},{"type":"Feature","properties":{"way_id":343676481,"route_colors":["#d40000"],"route_refs":["1"]},"geometry":{"type":"LineString","coordinates":[[16.5817994,49.243676],[16.5816409,49.2439127],[16.5814119,49.2442592],[16.5813755,49.2443112],[16.5813323,49.244376],[16.5809351,49.2449726],[16.5808879,49.2450423],[16.5808405,49.2451151],[16.5806956,49.245331],[16.5797878,49.2466899],[16.5796869,49.246837],[16.5796125,49.2469518],[16.5795258,49.2470803],[16.5794078,49.2472571]]}},{"type":"Feature","properties":{"way_id":158890264,"route_colors":["#d40000"],"route_refs":["1"]},"geometry":{"type":"LineString","coordinates":[[16.5794078,49.2472571],[16.5793597,49.2473332],[16.5793426,49.2473558],[16.5793113,49.2473806],[16.5792734,49.2474002],[16.5792141,49.2474202],[16.5791651,49.2474298],[16.5791265,49.2474326],[16.57909,49.2474324],[16.5790372,49.2474255],[16.5789705,49.2474109],[16.5789193,49.2473961],[16.5788777,49.2473813],[16.5788466,49.2473658],[16.5788102,49.2473413]]}},{"type":"Feature","properties":{"way_id":1508425746,"route_colors":["#d40000"],"route_refs":["1"]},"geometry":{"type":"LineString","coordinates":[[16.5816308,49.2437659],[16.5816039,49.2437586],[16.5817712,49.2434961],[16.581798,49.2435033],[16.5816308,49.2437659]]}},{"type":"Feature","properties":{"way_id":1508425745,"route_colors":["#d40000"],"route_refs":["1"]},"geometry":{"type":"LineString","coordinates":[[16.5846544,49.2392406],[16.5846336,49.2392347],[16.5848655,49.2388877],[16.5848865,49.2388937],[16.5846544,49.2392406]]}},{"type":"Feature","properties":{"way_id":331968849,"route_colors":["#d40000"],"route_refs":["1"]},"geometry":{"type":"LineString","coordinates":[[16.5869922,49.2357817],[16.5870123,49.2357876],[16.5867597,49.2361546],[16.5867262,49.2361448],[16.5869788,49.2357777],[16.5869922,49.2357817]]}},{"type":"Feature","properties":{"way_id":42979558,"route_colors":["#d40000"],"route_refs":["1"]},"geometry":{"type":"LineString","coordinates":[[16.589517,49.231974],[16.5891864,49.2324708],[16.5891508,49.2325242],[16.588966,49.2328019]]}},{"type":"Feature","properties":{"way_id":141434376,"route_colors":["#d40000"],"route_refs":["1"]},"geometry":{"type":"LineString","coordinates":[[16.591818,49.2285836],[16.5920489,49.2282323]]}},{"type":"Feature","properties":{"way_id":165638149,"route_colors":["#d40000","#4ab95d","#00ccff"],"route_refs":["1","2","12"]},"geometry":{"type":"LineString","coordinates":[[16.609579,49.1903244],[16.6087838,49.1900385],[16.608774,49.1900504],[16.6087643,49.190062],[16.6095624,49.1903456],[16.6095708,49.1903349],[16.609579,49.1903244]]}},{"type":"Feature","properties":{"way_id":1138148133,"route_colors":["#d40000"],"route_refs":["1"]},"geometry":{"type":"LineString","coordinates":[[16.5925912,49.1897904],[16.592589,49.1897927],[16.5925822,49.1898003],[16.5925753,49.1898078],[16.5925918,49.1898142],[16.5925833,49.1898235],[16.5929288,49.1899555],[16.5929747,49.1899725],[16.593022,49.1899899],[16.5931217,49.1900267],[16.5931401,49.1900172],[16.5931607,49.1900089],[16.5931569,49.1900076],[16.593161,49.1900025],[16.5930331,49.1899578],[16.592848,49.1898899],[16.5925912,49.1897904]]}},{"type":"Feature","properties":{"way_id":50651491,"route_colors":["#d40000"],"route_refs":["1"]},"geometry":{"type":"LineString","coordinates":[[16.5853575,49.1895285],[16.5853545,49.1895112],[16.5843773,49.1896192],[16.5843855,49.1896559],[16.5844063,49.1896546],[16.5852967,49.1895635],[16.5853229,49.189546],[16.5853611,49.1895424],[16.5853575,49.1895285]]}},{"type":"Feature","properties":{"way_id":221313297,"route_colors":["#d40000"],"route_refs":["1"]},"geometry":{"type":"LineString","coordinates":[[16.5805721,49.1902576],[16.5803576,49.1902886],[16.5799524,49.1903473]]}},{"type":"Feature","properties":{"way_id":221312651,"route_colors":["#d40000"],"route_refs":["1"]},"geometry":{"type":"LineString","coordinates":[[16.5761185,49.1915444],[16.5761974,49.1915189],[16.576425,49.1914459],[16.5766797,49.1913628]]}},{"type":"Feature","properties":{"way_id":47440270,"route_colors":["#d40000"],"route_refs":["1"]},"geometry":{"type":"LineString","coordinates":[[16.5698291,49.1941],[16.5699522,49.1939922]]}},{"type":"Feature","properties":{"way_id":78032178,"route_colors":["#d40000"],"route_refs":["1"]},"geometry":{"type":"LineString","coordinates":[[16.5702293,49.2064196],[16.5706012,49.2069772]]}},{"type":"Feature","properties":{"way_id":93694443,"route_colors":["#d40000"],"route_refs":["1"]},"geometry":{"type":"LineString","coordinates":[[16.5686195,49.2119772],[16.5691348,49.2119204],[16.5692258,49.2119106]]}},{"type":"Feature","properties":{"way_id":42138038,"route_colors":["#d40000"],"route_refs":["1"]},"geometry":{"type":"LineString","coordinates":[[16.5190701,49.2263506],[16.5189012,49.2261413],[16.5186757,49.2258545]]}},{"type":"Feature","properties":{"way_id":343676557,"route_colors":["#d40000"],"route_refs":["1"]},"geometry":{"type":"LineString","coordinates":[[16.5792435,49.2469809],[16.579362,49.2469606],[16.5793746,49.2469584],[16.5794226,49.2469486],[16.5794695,49.2469337],[16.5795346,49.2469039],[16.5795481,49.2468977],[16.5795891,49.2468701],[16.5796218,49.2468484],[16.5796501,49.2468246]]}},{"type":"Feature","properties":{"way_id":331968850,"route_colors":["#d40000"],"route_refs":["1"]},"geometry":{"type":"LineString","coordinates":[[16.5796501,49.2468246],[16.57975,49.2466784],[16.5806561,49.2453212],[16.580802,49.2451045],[16.5808967,49.244962],[16.5812938,49.2443658],[16.5813382,49.2443001],[16.5816044,49.2439021],[16.58183,49.2435637]]}},{"type":"Feature","properties":{"way_id":343676484,"route_colors":["#d40000"],"route_refs":["1"]},"geometry":{"type":"LineString","coordinates":[[16.58183,49.2435637],[16.5819215,49.2434268],[16.5819598,49.2433703],[16.5819897,49.2433241],[16.582155,49.2430784],[16.5830239,49.2417788],[16.5830567,49.24173],[16.5831013,49.2416647],[16.5832338,49.2414668],[16.5837299,49.240723],[16.5837706,49.2406638],[16.5838093,49.2406069],[16.5845261,49.2395334],[16.5849471,49.2389028]]}},{"type":"Feature","properties":{"way_id":343676489,"route_colors":["#d40000"],"route_refs":["1"]},"geometry":{"type":"LineString","coordinates":[[16.5849471,49.2389028],[16.5849882,49.2388386],[16.5852517,49.2384435],[16.5853194,49.2383426],[16.5854749,49.2381079],[16.5863075,49.2368547],[16.5863384,49.2368089],[16.5863799,49.2367472],[16.5866604,49.2363299],[16.5867082,49.2362595],[16.5867707,49.2361673]]}},{"type":"Feature","properties":{"way_id":1318948658,"route_colors":["#d40000"],"route_refs":["1"]},"geometry":{"type":"LineString","coordinates":[[16.5867707,49.2361673],[16.5869419,49.235915],[16.5870253,49.2357895]]}},{"type":"Feature","properties":{"way_id":343676515,"route_colors":["#d40000"],"route_refs":["1"]},"geometry":{"type":"LineString","coordinates":[[16.5870253,49.2357895],[16.5871572,49.2355946]]}},{"type":"Feature","properties":{"way_id":1318948656,"route_colors":["#d40000"],"route_refs":["1"]},"geometry":{"type":"LineString","coordinates":[[16.5871572,49.2355946],[16.5872325,49.2354796]]}},{"type":"Feature","properties":{"way_id":331968852,"route_colors":["#d40000"],"route_refs":["1"]},"geometry":{"type":"LineString","coordinates":[[16.5872325,49.2354796],[16.587252,49.2354515],[16.5873972,49.2352388],[16.5875855,49.2349647],[16.5876875,49.2348068]]}},{"type":"Feature","properties":{"way_id":1318948657,"route_colors":["#d40000"],"route_refs":["1"]},"geometry":{"type":"LineString","coordinates":[[16.5876875,49.2348068],[16.5877972,49.234641]]}},{"type":"Feature","properties":{"way_id":297697476,"route_colors":["#d40000"],"route_refs":["1"]},"geometry":{"type":"LineString","coordinates":[[16.5877972,49.234641],[16.5878389,49.2345769],[16.5881675,49.2340845]]}},{"type":"Feature","properties":{"way_id":331968848,"route_colors":["#d40000"],"route_refs":["1"]},"geometry":{"type":"LineString","coordinates":[[16.5881675,49.2340845],[16.5884993,49.2335887]]}},{"type":"Feature","properties":{"way_id":331968847,"route_colors":["#d40000"],"route_refs":["1"]},"geometry":{"type":"LineString","coordinates":[[16.5884993,49.2335887],[16.5885709,49.2334813],[16.589075,49.2327037],[16.5894795,49.2320995]]}},{"type":"Feature","properties":{"way_id":343676483,"route_colors":["#d40000"],"route_refs":["1"]},"geometry":{"type":"LineString","coordinates":[[16.5894795,49.2320995],[16.5897849,49.2316434],[16.5899005,49.2314699],[16.5905838,49.2304449],[16.5908677,49.230019],[16.5911906,49.2295449],[16.5912462,49.229464],[16.5918031,49.2286399],[16.5918208,49.228614]]}},{"type":"Feature","properties":{"way_id":1318952551,"route_colors":["#d40000"],"route_refs":["1"]},"geometry":{"type":"LineString","coordinates":[[16.5918208,49.228614],[16.5918631,49.2285518],[16.592053,49.2282729]]}},{"type":"Feature","properties":{"way_id":343676531,"route_colors":["#d40000"],"route_refs":["1"]},"geometry":{"type":"LineString","coordinates":[[16.592053,49.2282729],[16.592144,49.2281369],[16.592226,49.2280201]]}},{"type":"Feature","properties":{"way_id":1318952549,"route_colors":["#d40000"],"route_refs":["1"]},"geometry":{"type":"LineString","coordinates":[[16.592226,49.2280201],[16.5923072,49.2279043]]}},{"type":"Feature","properties":{"way_id":331795866,"route_colors":["#d40000"],"route_refs":["1"]},"geometry":{"type":"LineString","coordinates":[[16.5923072,49.2279043],[16.5923484,49.2278419],[16.5924506,49.2276919],[16.5925856,49.2274912],[16.5925972,49.2274742]]}},{"type":"Feature","properties":{"way_id":330506828,"route_colors":["#d40000"],"route_refs":["1"]},"geometry":{"type":"LineString","coordinates":[[16.6080648,49.1991926],[16.6080849,49.1991111],[16.6080892,49.1990963],[16.608099,49.1990691],[16.6081138,49.1990405],[16.6081322,49.1990137],[16.6081664,49.19897],[16.6081991,49.1989364],[16.6082313,49.1989082],[16.608248,49.1988954],[16.6082625,49.1988861],[16.608318,49.1988525],[16.6084762,49.1987832]]}},{"type":"Feature","properties":{"way_id":985289603,"route_colors":["#d40000","#4ab95d","#00ccff"],"route_refs":["1","2","12"]},"geometry":{"type":"LineString","coordinates":[[16.6103607,49.1905876],[16.6096168,49.1903232]]}},{"type":"Feature","properties":{"way_id":48166869,"route_colors":["#d40000","#4ab95d","#00ccff"],"route_refs":["1","2","12"]},"geometry":{"type":"LineString","coordinates":[[16.6096168,49.1903232],[16.609102,49.1901343]]}},{"type":"Feature","properties":{"way_id":343676549,"route_colors":["#d40000","#4ab95d","#00ccff"],"route_refs":["1","2","12"]},"geometry":{"type":"LineString","coordinates":[[16.609102,49.1901343],[16.6088728,49.1900547],[16.6087941,49.1900265]]}},{"type":"Feature","properties":{"way_id":48166871,"route_colors":["#d40000","#4ab95d"],"route_refs":["1","2"]},"geometry":{"type":"LineString","coordinates":[[16.6087941,49.1900265],[16.6087629,49.1900141],[16.6087109,49.1899935],[16.6086777,49.1899766],[16.6086468,49.1899585],[16.6086064,49.189932],[16.6085595,49.1898945],[16.6083308,49.1897146],[16.6080414,49.1894872]]}},{"type":"Feature","properties":{"way_id":328042423,"route_colors":["#d40000","#4ab95d"],"route_refs":["1","2"]},"geometry":{"type":"LineString","coordinates":[[16.6080414,49.1894872],[16.6077951,49.1892927],[16.6077614,49.1892681],[16.6077306,49.1892473],[16.6076992,49.1892292],[16.6076672,49.1892129],[16.6076628,49.1892118],[16.6076237,49.189195],[16.6075759,49.1891807],[16.6075573,49.1891753],[16.6075328,49.1891683],[16.607489,49.18916],[16.607441,49.1891544],[16.6074132,49.1891529],[16.6073918,49.1891518],[16.6073427,49.1891516],[16.6072834,49.1891532],[16.6066714,49.1891733],[16.606601,49.1891757],[16.6065544,49.1891758],[16.6064893,49.1891724],[16.6064415,49.1891702],[16.6063886,49.1891655],[16.6063324,49.1891596],[16.6062693,49.1891565],[16.6061581,49.1891568],[16.6060924,49.1891591]]}},{"type":"Feature","properties":{"way_id":297697501,"route_colors":["#d40000","#4ab95d"],"route_refs":["1","2"]},"geometry":{"type":"LineString","coordinates":[[16.6060924,49.1891591],[16.6048088,49.1892022],[16.6042838,49.1892199],[16.6036813,49.1892374],[16.6029273,49.1892631]]}},{"type":"Feature","properties":{"way_id":1214021127,"route_colors":["#d40000","#4ab95d"],"route_refs":["1","2"]},"geometry":{"type":"LineString","coordinates":[[16.6029273,49.1892631],[16.6027747,49.1892674],[16.6026471,49.1892701],[16.6024942,49.1892754],[16.6024198,49.1892783],[16.6022419,49.1892891],[16.602071,49.1893022],[16.6018769,49.1893208],[16.6013738,49.1893789],[16.6002699,49.1895057],[16.600193,49.189514]]}},{"type":"Feature","properties":{"way_id":1214021129,"route_colors":["#d40000","#4ab95d"],"route_refs":["1","2"]},"geometry":{"type":"LineString","coordinates":[[16.600193,49.189514],[16.6000962,49.1895224],[16.6000539,49.1895227],[16.600015,49.1895216],[16.599953,49.1895158],[16.599878,49.1894984],[16.5998288,49.1894799],[16.5997865,49.1894583],[16.5997207,49.1894214]]}},{"type":"Feature","properties":{"way_id":343676521,"route_colors":["#d40000","#4ab95d"],"route_refs":["1","2"]},"geometry":{"type":"LineString","coordinates":[[16.5997207,49.1894214],[16.5992345,49.1891155],[16.5987434,49.1888022],[16.5985168,49.188659],[16.5984677,49.1886307]]}},{"type":"Feature","properties":{"way_id":1214021133,"route_colors":["#d40000","#4ab95d"],"route_refs":["1","2"]},"geometry":{"type":"LineString","coordinates":[[16.5984677,49.1886307],[16.5984151,49.1886051],[16.5983782,49.1885907],[16.5983361,49.1885777],[16.5983031,49.1885701],[16.5982702,49.1885635],[16.5982315,49.1885581],[16.5981929,49.1885549],[16.5981487,49.1885528],[16.5981032,49.1885545],[16.5980325,49.1885607]]}},{"type":"Feature","properties":{"way_id":1214021132,"route_colors":["#d40000","#4ab95d"],"route_refs":["1","2"]},"geometry":{"type":"LineString","coordinates":[[16.5980325,49.1885607],[16.5978547,49.1885837],[16.5977712,49.188597],[16.5971903,49.188683]]}},{"type":"Feature","properties":{"way_id":343676485,"route_colors":["#d40000","#4ab95d"],"route_refs":["1","2"]},"geometry":{"type":"LineString","coordinates":[[16.5971903,49.188683],[16.5970954,49.1886966],[16.5966418,49.1887635],[16.5959771,49.1888621],[16.5957249,49.1888977],[16.5955583,49.1889141],[16.5955126,49.188917],[16.5954479,49.1889211],[16.5953799,49.1889237],[16.5950036,49.1889331],[16.5949123,49.1889353]]}},{"type":"Feature","properties":{"way_id":328042417,"route_colors":["#d40000"],"route_refs":["1"]},"geometry":{"type":"LineString","coordinates":[[16.5949123,49.1889353],[16.5948665,49.1889398],[16.5948585,49.1889406],[16.5948339,49.1889435],[16.5947962,49.1889506],[16.5947643,49.1889581],[16.5947347,49.1889675],[16.5947108,49.1889761],[16.5946837,49.1889877],[16.594658,49.1889992],[16.5946311,49.1890139],[16.5946062,49.1890291],[16.5945868,49.1890448],[16.5945649,49.1890623],[16.5945399,49.1890879],[16.5945189,49.1891152],[16.5944994,49.189137]]}},{"type":"Feature","properties":{"way_id":1489077160,"route_colors":["#d40000"],"route_refs":["1"]},"geometry":{"type":"LineString","coordinates":[[16.5943829,49.1892858],[16.5943712,49.189301],[16.5940895,49.1896898],[16.5940686,49.1897186],[16.5940459,49.1897587],[16.5940356,49.1897803],[16.5940031,49.1898479],[16.5939801,49.1898957]]}},{"type":"Feature","properties":{"way_id":327225701,"route_colors":["#d40000"],"route_refs":["1"]},"geometry":{"type":"LineString","coordinates":[[16.5939801,49.1898957],[16.5939674,49.1899211],[16.5939541,49.1899431],[16.5939402,49.1899643],[16.5939266,49.1899785],[16.5939133,49.1899905],[16.5938989,49.1900027],[16.5938765,49.1900183],[16.5938526,49.1900316],[16.5938288,49.1900428],[16.5938045,49.1900519],[16.5937789,49.1900601],[16.593758,49.1900654],[16.5937301,49.1900712],[16.5937183,49.1900729],[16.5937036,49.190075],[16.5936791,49.1900775],[16.5936579,49.1900787],[16.5936348,49.190079],[16.5936109,49.1900784],[16.5935833,49.1900764],[16.593558,49.1900731],[16.5935291,49.1900685]]}},{"type":"Feature","properties":{"way_id":1192935898,"route_colors":["#d40000"],"route_refs":["1"]},"geometry":{"type":"LineString","coordinates":[[16.5935291,49.1900685],[16.5934343,49.1900501],[16.5933043,49.1900248],[16.5932679,49.1900164],[16.5932332,49.1900081],[16.5932012,49.1899993],[16.5931688,49.1899895],[16.5931056,49.1899688],[16.5930422,49.1899466],[16.5928592,49.1898798],[16.592715,49.1898243]]}},{"type":"Feature","properties":{"way_id":343676488,"route_colors":["#d40000"],"route_refs":["1"]},"geometry":{"type":"LineString","coordinates":[[16.592715,49.1898243],[16.592601,49.1897788],[16.5925579,49.1897616],[16.5920439,49.1895567],[16.5909771,49.1891338],[16.5903687,49.1888899],[16.5903155,49.1888705],[16.5902624,49.1888534],[16.5902228,49.1888435],[16.5901753,49.1888329],[16.5901367,49.1888261],[16.5900877,49.1888189],[16.590026,49.1888133],[16.5899695,49.18881],[16.5899112,49.1888091],[16.589799,49.1888095],[16.5881339,49.1888332]]}},{"type":"Feature","properties":{"way_id":327225707,"route_colors":["#d40000"],"route_refs":["1"]},"geometry":{"type":"LineString","coordinates":[[16.5881339,49.1888332],[16.588019,49.1888355],[16.5879206,49.1888428],[16.5878489,49.1888538],[16.5877716,49.1888687],[16.5876956,49.1888879],[16.5876456,49.1889037],[16.5875879,49.1889247],[16.5875355,49.1889497],[16.587483,49.188976],[16.5874221,49.1890106],[16.5873629,49.1890491],[16.5873078,49.1890877]]}},{"type":"Feature","properties":{"way_id":299135235,"route_colors":["#d40000"],"route_refs":["1"]},"geometry":{"type":"LineString","coordinates":[[16.5873078,49.1890877],[16.5871714,49.1891775],[16.5871021,49.1892177],[16.5870463,49.1892464],[16.5869783,49.1892758],[16.586897,49.1893045],[16.5868172,49.1893262],[16.5867302,49.1893432],[16.586646,49.1893569],[16.5864071,49.1893839],[16.5858569,49.1894436],[16.585486,49.1894827],[16.584484,49.1895941]]}},{"type":"Feature","properties":{"way_id":343676562,"route_colors":["#d40000"],"route_refs":["1"]},"geometry":{"type":"LineString","coordinates":[[16.584484,49.1895941],[16.5838528,49.1896626],[16.5836586,49.1896838],[16.5835355,49.1897],[16.5834465,49.189713],[16.5833047,49.189737],[16.5809579,49.1901671],[16.5804993,49.1902372],[16.579945,49.190322]]}},{"type":"Feature","properties":{"way_id":343676561,"route_colors":["#d40000"],"route_refs":["1"]},"geometry":{"type":"LineString","coordinates":[[16.579945,49.190322],[16.57991,49.1903273],[16.5798716,49.1903332],[16.5795388,49.1903987],[16.5793266,49.1904606],[16.5767741,49.1913055],[16.5765833,49.1913665],[16.576109,49.1915205]]}},{"type":"Feature","properties":{"way_id":343676490,"route_colors":["#d40000"],"route_refs":["1"]},"geometry":{"type":"LineString","coordinates":[[16.576109,49.1915205],[16.5760807,49.1915307],[16.5759939,49.1915611],[16.5758846,49.1916022],[16.5757682,49.1916537],[16.575452,49.1917997]]}},{"type":"Feature","properties":{"way_id":972104513,"route_colors":["#d40000"],"route_refs":["1"]},"geometry":{"type":"LineString","coordinates":[[16.575452,49.1917997],[16.5749835,49.1920203],[16.5748974,49.1920603],[16.5748043,49.1921005],[16.5747278,49.1921309],[16.5746521,49.1921587],[16.5745605,49.1921911],[16.5737979,49.192441],[16.5731846,49.1926415],[16.5724758,49.1928858],[16.5720747,49.1930266],[16.5712759,49.1933094],[16.5709271,49.1934355]]}},{"type":"Feature","properties":{"way_id":327386897,"route_colors":["#d40000"],"route_refs":["1"]},"geometry":{"type":"LineString","coordinates":[[16.5709271,49.1934355],[16.5706313,49.1935554],[16.5703354,49.1937047],[16.5698572,49.1940139]]}},{"type":"Feature","properties":{"way_id":343676529,"route_colors":["#d40000"],"route_refs":["1"]},"geometry":{"type":"LineString","coordinates":[[16.5698572,49.1940139],[16.5698418,49.1940295]]}},{"type":"Feature","properties":{"way_id":796265229,"route_colors":["#d40000"],"route_refs":["1"]},"geometry":{"type":"LineString","coordinates":[[16.5698418,49.1940295],[16.5697707,49.1940993],[16.5696558,49.1942161]]}},{"type":"Feature","properties":{"way_id":893692210,"route_colors":["#d40000"],"route_refs":["1"]},"geometry":{"type":"LineString","coordinates":[[16.5696558,49.1942161],[16.5695561,49.1943474],[16.569379,49.1946394],[16.569302,49.1947518],[16.5691864,49.1949203],[16.569108,49.1950159],[16.5690272,49.1951116],[16.5687466,49.1954389],[16.5685108,49.1957161],[16.5683761,49.1958759],[16.5682284,49.1960541],[16.5681431,49.1961744],[16.5680638,49.1963118],[16.5680062,49.1964402],[16.5679748,49.1965339],[16.5679475,49.1966495],[16.5679372,49.1967203],[16.5679307,49.1967824],[16.5679226,49.1969399],[16.5679165,49.1974439],[16.5679079,49.197816]]}},{"type":"Feature","properties":{"way_id":892398784,"route_colors":["#d40000"],"route_refs":["1"]},"geometry":{"type":"LineString","coordinates":[[16.5679079,49.197816],[16.5679095,49.1980708],[16.5679092,49.1983022],[16.5679077,49.1983909],[16.5679131,49.1984788],[16.5679254,49.1985663],[16.5679464,49.1986613],[16.5679756,49.1987554],[16.5680134,49.1988525],[16.5680821,49.1989845],[16.5681306,49.1990606]]}},{"type":"Feature","properties":{"way_id":892398790,"route_colors":["#d40000"],"route_refs":["1"]},"geometry":{"type":"LineString","coordinates":[[16.5681306,49.1990606],[16.5682204,49.1991633],[16.5683161,49.1992576],[16.5686361,49.199573],[16.5687316,49.1996817],[16.5687937,49.1997651],[16.5688473,49.199851],[16.5688921,49.199939],[16.5689265,49.2000245],[16.5689526,49.2001113],[16.5689702,49.2001986],[16.5690374,49.2006859],[16.5690777,49.2010645],[16.5690838,49.2011784],[16.5690805,49.2012929],[16.5690627,49.2014381],[16.5690288,49.2015662],[16.5689823,49.2016921],[16.5689391,49.2017852],[16.5688891,49.2018767],[16.5688324,49.2019664],[16.5687236,49.202119],[16.5684828,49.2024896],[16.5684234,49.2025894],[16.5683731,49.2026908],[16.5683375,49.2027785],[16.5683084,49.2028677],[16.5682825,49.202961],[16.5682654,49.2030547],[16.5682571,49.203149],[16.5682574,49.203242],[16.5682663,49.2033356]]}},{"type":"Feature","properties":{"way_id":892398816,"route_colors":["#d40000"],"route_refs":["1"]},"geometry":{"type":"LineString","coordinates":[[16.5682663,49.2033356],[16.5682739,49.2034249],[16.5682878,49.2034984],[16.5683091,49.2035791],[16.5683449,49.2036614],[16.5684089,49.2037752],[16.568559,49.20403]]}},{"type":"Feature","properties":{"way_id":893692212,"route_colors":["#d40000"],"route_refs":["1"]},"geometry":{"type":"LineString","coordinates":[[16.568559,49.20403],[16.5687239,49.204279],[16.5690545,49.2047727],[16.5690823,49.2048142],[16.5699472,49.2060707]]}},{"type":"Feature","properties":{"way_id":1076588548,"route_colors":["#d40000"],"route_refs":["1"]},"geometry":{"type":"LineString","coordinates":[[16.5699472,49.2060707],[16.5700267,49.2061891]]}},{"type":"Feature","properties":{"way_id":1076588549,"route_colors":["#d40000"],"route_refs":["1"]},"geometry":{"type":"LineString","coordinates":[[16.5700267,49.2061891],[16.5700643,49.206244]]}},{"type":"Feature","properties":{"way_id":1073915356,"route_colors":["#d40000"],"route_refs":["1"]},"geometry":{"type":"LineString","coordinates":[[16.5700643,49.206244],[16.5705073,49.2068988],[16.5705668,49.2069858],[16.570848,49.2073926]]}},{"type":"Feature","properties":{"way_id":343676624,"route_colors":["#d40000"],"route_refs":["1"]},"geometry":{"type":"LineString","coordinates":[[16.570848,49.2073926],[16.5710003,49.2076038],[16.5711779,49.2078286],[16.5714955,49.2081707],[16.5717079,49.2083931],[16.5718192,49.2085188],[16.5719192,49.2086416],[16.5720002,49.2087518],[16.5720674,49.2088686],[16.5721102,49.2089696],[16.572146,49.2090656],[16.5721726,49.2091781],[16.5721861,49.2092963],[16.5721906,49.2094186],[16.5721667,49.2095549]]}},{"type":"Feature","properties":{"way_id":327386901,"route_colors":["#d40000"],"route_refs":["1"]},"geometry":{"type":"LineString","coordinates":[[16.5721667,49.2095549],[16.5721578,49.2095891],[16.5721224,49.2097038],[16.5720666,49.2098466],[16.5720189,49.2099695],[16.5719453,49.2101442],[16.5718336,49.2103413],[16.5717168,49.2105302],[16.5715835,49.2107148]]}},{"type":"Feature","properties":{"way_id":430636066,"route_colors":["#d40000"],"route_refs":["1"]},"geometry":{"type":"LineString","coordinates":[[16.5715835,49.2107148],[16.571344,49.2109817],[16.5711997,49.2111219],[16.5710734,49.2112516],[16.5710307,49.2112841]]}},{"type":"Feature","properties":{"way_id":430636063,"route_colors":["#d40000"],"route_refs":["1"]},"geometry":{"type":"LineString","coordinates":[[16.5710307,49.2112841],[16.5709002,49.2113836],[16.5708179,49.2114317]]}},{"type":"Feature","properties":{"way_id":343676591,"route_colors":["#d40000"],"route_refs":["1"]},"geometry":{"type":"LineString","coordinates":[[16.5708179,49.2114317],[16.5707107,49.2114932],[16.5705519,49.2115816],[16.570339,49.2116677],[16.5700594,49.2117502],[16.5697346,49.2118221],[16.5694476,49.2118657],[16.5691443,49.2119001],[16.5685888,49.2119579],[16.5685103,49.211964],[16.5684039,49.211971],[16.5683069,49.2119753],[16.568212,49.2119783],[16.5680099,49.211981],[16.5676986,49.2119847],[16.567495,49.2119876],[16.5673036,49.2119959],[16.5671849,49.2120059],[16.5670957,49.2120172],[16.5668969,49.2120458],[16.5662841,49.2121403],[16.5633147,49.212597]]}},{"type":"Feature","properties":{"way_id":327386896,"route_colors":["#d40000"],"route_refs":["1"]},"geometry":{"type":"LineString","coordinates":[[16.5633147,49.212597],[16.5631134,49.2126276],[16.5628394,49.2126702],[16.5619209,49.2128152],[16.5617846,49.2128297],[16.5616061,49.2128585]]}},{"type":"Feature","properties":{"way_id":32348334,"route_colors":["#d40000"],"route_refs":["1"]},"geometry":{"type":"LineString","coordinates":[[16.5198267,49.2268907],[16.5197947,49.2268617],[16.5197606,49.226838],[16.5196535,49.2267792],[16.5195419,49.2267079],[16.5194004,49.2266032],[16.5192673,49.2265037],[16.5191956,49.2264416],[16.5191453,49.2263946],[16.5191004,49.226343],[16.5190157,49.2262434],[16.5187422,49.2258811]]}},{"type":"Feature","properties":{"way_id":328354431,"route_colors":["#4ab95d"],"route_refs":["2"]},"geometry":{"type":"LineString","coordinates":[[16.6044808,49.1273351],[16.6045405,49.1272282],[16.6047114,49.1269224]]}},{"type":"Feature","properties":{"way_id":328354433,"route_colors":["#4ab95d"],"route_refs":["2"]},"geometry":{"type":"LineString","coordinates":[[16.6037866,49.1296142],[16.6037881,49.1300349]]}},{"type":"Feature","properties":{"way_id":328354434,"route_colors":["#4ab95d"],"route_refs":["2"]},"geometry":{"type":"LineString","coordinates":[[16.6035583,49.136781],[16.6034998,49.1372483]]}},{"type":"Feature","properties":{"way_id":36897006,"route_colors":["#4ab95d"],"route_refs":["2"]},"geometry":{"type":"LineString","coordinates":[[16.6026933,49.1422007],[16.6026219,49.1426342]]}},{"type":"Feature","properties":{"way_id":328354428,"route_colors":["#4ab95d"],"route_refs":["2"]},"geometry":{"type":"LineString","coordinates":[[16.6015396,49.1489103],[16.6014719,49.1493288]]}},{"type":"Feature","properties":{"way_id":328354440,"route_colors":["#4ab95d"],"route_refs":["2"]},"geometry":{"type":"LineString","coordinates":[[16.6000427,49.1576415],[16.6000169,49.1578239],[16.5998827,49.1586114]]}},{"type":"Feature","properties":{"way_id":328354439,"route_colors":["#4ab95d"],"route_refs":["2"]},"geometry":{"type":"LineString","coordinates":[[16.5994133,49.161327],[16.5993391,49.1618405],[16.599267,49.1622833]]}},{"type":"Feature","properties":{"way_id":345259517,"route_colors":["#4ab95d"],"route_refs":["2"]},"geometry":{"type":"LineString","coordinates":[[16.6044984,49.1272515],[16.6044499,49.127328],[16.6044357,49.1273522],[16.6043933,49.1274116],[16.6043579,49.1274457],[16.6043122,49.1274811],[16.6042482,49.1275164],[16.6040158,49.1276148],[16.6039855,49.1276298]]}},{"type":"Feature","properties":{"way_id":976069020,"route_colors":["#4ab95d"],"route_refs":["2"]},"geometry":{"type":"LineString","coordinates":[[16.6039855,49.1276298],[16.6038421,49.1277207],[16.6038196,49.1277402],[16.6038079,49.1277504],[16.6037797,49.1277878],[16.6037689,49.12784]]}},{"type":"Feature","properties":{"way_id":1454016637,"route_colors":["#4ab95d"],"route_refs":["2"]},"geometry":{"type":"LineString","coordinates":[[16.6037689,49.12784],[16.6037612,49.1285621]]}},{"type":"Feature","properties":{"way_id":976069019,"route_colors":["#4ab95d"],"route_refs":["2"]},"geometry":{"type":"LineString","coordinates":[[16.6037612,49.1285621],[16.6037585,49.1288091],[16.6037504,49.1293424]]}},{"type":"Feature","properties":{"way_id":8035894,"route_colors":["#4ab95d"],"route_refs":["2"]},"geometry":{"type":"LineString","coordinates":[[16.6037504,49.1293424],[16.6037513,49.1294774]]}},{"type":"Feature","properties":{"way_id":22732018,"route_colors":["#4ab95d"],"route_refs":["2"]},"geometry":{"type":"LineString","coordinates":[[16.6037513,49.1294774],[16.6037504,49.1300208]]}},{"type":"Feature","properties":{"way_id":345259582,"route_colors":["#4ab95d"],"route_refs":["2"]},"geometry":{"type":"LineString","coordinates":[[16.6037504,49.1300208],[16.6037795,49.131889],[16.6037607,49.1330891],[16.6037572,49.1337123],[16.6036222,49.135872],[16.6034675,49.1371881]]}},{"type":"Feature","properties":{"way_id":345259575,"route_colors":["#4ab95d"],"route_refs":["2"]},"geometry":{"type":"LineString","coordinates":[[16.6034675,49.1371881],[16.6034456,49.1373742],[16.6033308,49.1382129],[16.6025898,49.1425946]]}},{"type":"Feature","properties":{"way_id":345259578,"route_colors":["#4ab95d"],"route_refs":["2"]},"geometry":{"type":"LineString","coordinates":[[16.6025898,49.1425946],[16.602566,49.1427354],[16.6023404,49.1440418],[16.6014349,49.1493047]]}},{"type":"Feature","properties":{"way_id":345259577,"route_colors":["#4ab95d"],"route_refs":["2"]},"geometry":{"type":"LineString","coordinates":[[16.6014349,49.1493047],[16.6001082,49.1570141],[16.6000639,49.1572975]]}},{"type":"Feature","properties":{"way_id":1310658966,"route_colors":["#4ab95d"],"route_refs":["2"]},"geometry":{"type":"LineString","coordinates":[[16.6000639,49.1572975],[16.6000209,49.1575435]]}},{"type":"Feature","properties":{"way_id":1454107908,"route_colors":["#4ab95d"],"route_refs":["2"]},"geometry":{"type":"LineString","coordinates":[[16.6000209,49.1575435],[16.6000168,49.1575671]]}},{"type":"Feature","properties":{"way_id":1310658965,"route_colors":["#4ab95d"],"route_refs":["2"]},"geometry":{"type":"LineString","coordinates":[[16.6000168,49.1575671],[16.59997,49.1578182],[16.5999465,49.1579521],[16.5998429,49.1585431]]}},{"type":"Feature","properties":{"way_id":345259542,"route_colors":["#4ab95d"],"route_refs":["2"]},"geometry":{"type":"LineString","coordinates":[[16.5998429,49.1585431],[16.599677,49.1595749]]}},{"type":"Feature","properties":{"way_id":22732019,"route_colors":["#4ab95d"],"route_refs":["2"]},"geometry":{"type":"LineString","coordinates":[[16.599677,49.1595749],[16.5995725,49.1601947]]}},{"type":"Feature","properties":{"way_id":117222354,"route_colors":["#4ab95d"],"route_refs":["2"]},"geometry":{"type":"LineString","coordinates":[[16.5995725,49.1601947],[16.5994344,49.1609791]]}},{"type":"Feature","properties":{"way_id":117222355,"route_colors":["#4ab95d"],"route_refs":["2"]},"geometry":{"type":"LineString","coordinates":[[16.5994344,49.1609791],[16.5993651,49.161331]]}},{"type":"Feature","properties":{"way_id":22732025,"route_colors":["#4ab95d"],"route_refs":["2"]},"geometry":{"type":"LineString","coordinates":[[16.5993651,49.161331],[16.5992835,49.1618413],[16.5992317,49.1622547]]}},{"type":"Feature","properties":{"way_id":345259562,"route_colors":["#4ab95d"],"route_refs":["2"]},"geometry":{"type":"LineString","coordinates":[[16.5992317,49.1622547],[16.5991767,49.1626736]]}},{"type":"Feature","properties":{"way_id":22732024,"route_colors":["#4ab95d"],"route_refs":["2"]},"geometry":{"type":"LineString","coordinates":[[16.5991767,49.1626736],[16.5991398,49.163004]]}},{"type":"Feature","properties":{"way_id":328165109,"route_colors":["#4ab95d"],"route_refs":["2"]},"geometry":{"type":"LineString","coordinates":[[16.5991398,49.163004],[16.599079,49.1636228],[16.5989658,49.1646302],[16.5988272,49.1666714],[16.5988107,49.1668062]]}},{"type":"Feature","properties":{"way_id":865766997,"route_colors":["#4ab95d"],"route_refs":["2"]},"geometry":{"type":"LineString","coordinates":[[16.5988107,49.1668062],[16.5987807,49.166944],[16.5987472,49.1670667],[16.5987078,49.167211]]}},{"type":"Feature","properties":{"way_id":865766999,"route_colors":["#4ab95d"],"route_refs":["2"]},"geometry":{"type":"LineString","coordinates":[[16.5987078,49.167211],[16.5986886,49.167282],[16.5985864,49.1675241],[16.5985041,49.1677807]]}},{"type":"Feature","properties":{"way_id":8035893,"route_colors":["#4ab95d"],"route_refs":["2"]},"geometry":{"type":"LineString","coordinates":[[16.5985041,49.1677807],[16.598453,49.1679397],[16.5981575,49.1687993],[16.5978161,49.1697986],[16.5977785,49.1699057]]}},{"type":"Feature","properties":{"way_id":328042435,"route_colors":["#4ab95d"],"route_refs":["2"]},"geometry":{"type":"LineString","coordinates":[[16.5944768,49.1887891],[16.594501,49.1888101],[16.5945329,49.1888337],[16.5945522,49.1888459],[16.5945756,49.188858],[16.5946008,49.1888694],[16.5946287,49.18888],[16.5946531,49.1888872],[16.5946778,49.1888929],[16.5947005,49.1888973],[16.5947263,49.1889004],[16.5947587,49.1889027],[16.5947802,49.1889031],[16.5948694,49.1889037],[16.5948907,49.1889038]]}},{"type":"Feature","properties":{"way_id":332341795,"route_colors":["#4ab95d"],"route_refs":["2"]},"geometry":{"type":"LineString","coordinates":[[16.6263041,49.2021739],[16.6263238,49.2022351],[16.6263533,49.202275],[16.6263714,49.2022975],[16.6263956,49.2023186],[16.6264518,49.2023569],[16.6265003,49.2023826],[16.6265412,49.2023991],[16.6265916,49.2024193]]}},{"type":"Feature","properties":{"way_id":328354438,"route_colors":["#4ab95d"],"route_refs":["2"]},"geometry":{"type":"LineString","coordinates":[[16.5991278,49.1623008],[16.5991854,49.1618332],[16.5992687,49.1613391]]}},{"type":"Feature","properties":{"way_id":328354441,"route_colors":["#4ab95d"],"route_refs":["2"]},"geometry":{"type":"LineString","coordinates":[[16.5999037,49.1576334],[16.5998736,49.1578102],[16.5997376,49.1586089]]}},{"type":"Feature","properties":{"way_id":36897011,"route_colors":["#4ab95d"],"route_refs":["2"]},"geometry":{"type":"LineString","coordinates":[[16.6012125,49.1500062],[16.60129,49.1495341]]}},{"type":"Feature","properties":{"way_id":36897005,"route_colors":["#4ab95d"],"route_refs":["2"]},"geometry":{"type":"LineString","coordinates":[[16.6023711,49.1432967],[16.6024388,49.1428476]]}},{"type":"Feature","properties":{"way_id":328354432,"route_colors":["#4ab95d"],"route_refs":["2"]},"geometry":{"type":"LineString","coordinates":[[16.6032682,49.1379686],[16.6033292,49.137509]]}},{"type":"Feature","properties":{"way_id":328354430,"route_colors":["#4ab95d"],"route_refs":["2"]},"geometry":{"type":"LineString","coordinates":[[16.6036555,49.1296024],[16.6036569,49.1300222]]}},{"type":"Feature","properties":{"way_id":328354427,"route_colors":["#4ab95d"],"route_refs":["2"]},"geometry":{"type":"LineString","coordinates":[[16.6042096,49.127277],[16.6041041,49.1269771],[16.6040939,49.126948]]}},{"type":"Feature","properties":{"way_id":332341799,"route_colors":["#4ab95d"],"route_refs":["2"]},"geometry":{"type":"LineString","coordinates":[[16.6265249,49.2024402],[16.6264782,49.2024253],[16.6264619,49.2024167],[16.6264284,49.2024008],[16.6264117,49.2023899],[16.6263793,49.2023704],[16.6263459,49.2023456],[16.6263163,49.2023166],[16.6262969,49.2022902],[16.6262767,49.2022634],[16.6262598,49.2022439],[16.6262342,49.2021715]]}},{"type":"Feature","properties":{"way_id":328042434,"route_colors":["#4ab95d"],"route_refs":["2"]},"geometry":{"type":"LineString","coordinates":[[16.5949123,49.1889353],[16.5948669,49.1889365],[16.5947961,49.1889384],[16.5947619,49.1889371],[16.5947152,49.1889337],[16.5946842,49.1889295],[16.5946556,49.1889239],[16.5946235,49.1889157],[16.5945928,49.1889059],[16.5945547,49.1888898],[16.5945251,49.1888757],[16.5945,49.1888601],[16.5944863,49.1888509],[16.594459,49.1888289],[16.5944332,49.188804]]}},{"type":"Feature","properties":{"way_id":865766996,"route_colors":["#4ab95d"],"route_refs":["2"]},"geometry":{"type":"LineString","coordinates":[[16.5977233,49.1698983],[16.5978018,49.1696733],[16.5981006,49.1687899],[16.598394,49.1679242],[16.598508,49.1675766]]}},{"type":"Feature","properties":{"way_id":865766998,"route_colors":["#4ab95d"],"route_refs":["2"]},"geometry":{"type":"LineString","coordinates":[[16.598508,49.1675766],[16.5985302,49.1675082],[16.5986312,49.1672659],[16.5986876,49.1670555],[16.5987199,49.1669298]]}},{"type":"Feature","properties":{"way_id":7963406,"route_colors":["#4ab95d"],"route_refs":["2"]},"geometry":{"type":"LineString","coordinates":[[16.5987199,49.1669298],[16.5987487,49.1667907],[16.5987683,49.1666711],[16.5989175,49.1646269],[16.5990233,49.1636167],[16.5990923,49.1630064]]}},{"type":"Feature","properties":{"way_id":328354437,"route_colors":["#4ab95d"],"route_refs":["2"]},"geometry":{"type":"LineString","coordinates":[[16.5990923,49.1630064],[16.5991226,49.1626835]]}},{"type":"Feature","properties":{"way_id":328354443,"route_colors":["#4ab95d"],"route_refs":["2"]},"geometry":{"type":"LineString","coordinates":[[16.5991226,49.1626835],[16.5991761,49.1622491],[16.5992344,49.1618386],[16.5993023,49.161432]]}},{"type":"Feature","properties":{"way_id":345259541,"route_colors":["#4ab95d"],"route_refs":["2"]},"geometry":{"type":"LineString","coordinates":[[16.5993023,49.161432],[16.5993168,49.1613351]]}},{"type":"Feature","properties":{"way_id":328354429,"route_colors":["#4ab95d"],"route_refs":["2"]},"geometry":{"type":"LineString","coordinates":[[16.5993168,49.1613351],[16.5993861,49.1609837]]}},{"type":"Feature","properties":{"way_id":328354435,"route_colors":["#4ab95d"],"route_refs":["2"]},"geometry":{"type":"LineString","coordinates":[[16.5993861,49.1609837],[16.5995203,49.1602003]]}},{"type":"Feature","properties":{"way_id":328354426,"route_colors":["#4ab95d"],"route_refs":["2"]},"geometry":{"type":"LineString","coordinates":[[16.5995203,49.1602003],[16.5996207,49.1595812]]}},{"type":"Feature","properties":{"way_id":328354425,"route_colors":["#4ab95d"],"route_refs":["2"]},"geometry":{"type":"LineString","coordinates":[[16.5996207,49.1595812],[16.5999242,49.1578175]]}},{"type":"Feature","properties":{"way_id":1310658963,"route_colors":["#4ab95d"],"route_refs":["2"]},"geometry":{"type":"LineString","coordinates":[[16.5999242,49.1578175],[16.599966,49.157563]]}},{"type":"Feature","properties":{"way_id":1310658964,"route_colors":["#4ab95d"],"route_refs":["2"]},"geometry":{"type":"LineString","coordinates":[[16.599966,49.157563],[16.5999696,49.1575407]]}},{"type":"Feature","properties":{"way_id":1454107909,"route_colors":["#4ab95d"],"route_refs":["2"]},"geometry":{"type":"LineString","coordinates":[[16.5999696,49.1575407],[16.6000083,49.1572976]]}},{"type":"Feature","properties":{"way_id":345259561,"route_colors":["#4ab95d"],"route_refs":["2"]},"geometry":{"type":"LineString","coordinates":[[16.6000083,49.1572976],[16.6000602,49.1570125],[16.6013273,49.1496364]]}},{"type":"Feature","properties":{"way_id":345259560,"route_colors":["#4ab95d"],"route_refs":["2"]},"geometry":{"type":"LineString","coordinates":[[16.6013273,49.1496364],[16.60167,49.1476347],[16.6022858,49.1440383],[16.602476,49.1429428]]}},{"type":"Feature","properties":{"way_id":345259576,"route_colors":["#4ab95d"],"route_refs":["2"]},"geometry":{"type":"LineString","coordinates":[[16.602476,49.1429428],[16.6032731,49.1382084],[16.6033266,49.137888],[16.6033628,49.1375861]]}},{"type":"Feature","properties":{"way_id":345259591,"route_colors":["#4ab95d"],"route_refs":["2"]},"geometry":{"type":"LineString","coordinates":[[16.6033628,49.1375861],[16.6033891,49.1373669],[16.6035637,49.135871],[16.6037008,49.1337115],[16.6037112,49.1330869],[16.6037296,49.1318908],[16.6036953,49.1299873],[16.6036953,49.1296162]]}},{"type":"Feature","properties":{"way_id":345259545,"route_colors":["#4ab95d"],"route_refs":["2"]},"geometry":{"type":"LineString","coordinates":[[16.6036953,49.1296162],[16.6036949,49.1294759]]}},{"type":"Feature","properties":{"way_id":328354436,"route_colors":["#4ab95d"],"route_refs":["2"]},"geometry":{"type":"LineString","coordinates":[[16.6036949,49.1294759],[16.6036952,49.1293374]]}},{"type":"Feature","properties":{"way_id":976069022,"route_colors":["#4ab95d"],"route_refs":["2"]},"geometry":{"type":"LineString","coordinates":[[16.6036952,49.1293374],[16.6037023,49.1288065],[16.6037094,49.1285621]]}},{"type":"Feature","properties":{"way_id":1454016638,"route_colors":["#4ab95d"],"route_refs":["2"]},"geometry":{"type":"LineString","coordinates":[[16.6037094,49.1285621],[16.6037305,49.1278364]]}},{"type":"Feature","properties":{"way_id":976069021,"route_colors":["#4ab95d"],"route_refs":["2"]},"geometry":{"type":"LineString","coordinates":[[16.6037305,49.1278364],[16.6037345,49.1277845],[16.6037503,49.1277463],[16.6037959,49.1277035],[16.6038152,49.1276932],[16.6039874,49.1275955]]}},{"type":"Feature","properties":{"way_id":328354442,"route_colors":["#4ab95d"],"route_refs":["2"]},"geometry":{"type":"LineString","coordinates":[[16.6039874,49.1275955],[16.6041295,49.1275294],[16.6041899,49.1274938],[16.6042123,49.1274744],[16.6042275,49.127455],[16.6042533,49.1274197],[16.6042649,49.1273883],[16.6042729,49.1273556],[16.6042758,49.1273269],[16.6042724,49.1273007],[16.6042681,49.1272732],[16.6041616,49.1269721]]}},{"type":"Feature","properties":{"way_id":329194538,"route_colors":["#00ccff"],"route_refs":["12"]},"geometry":{"type":"LineString","coordinates":[[16.6216684,49.1761734],[16.6216848,49.1758111],[16.6216868,49.1757673]]}},{"type":"Feature","properties":{"way_id":1429399785,"route_colors":["#00ccff"],"route_refs":["12"]},"geometry":{"type":"LineString","coordinates":[[16.6214509,49.1795789],[16.621445,49.1795991]]}},{"type":"Feature","properties":{"way_id":329194537,"route_colors":["#00ccff"],"route_refs":["12"]},"geometry":{"type":"LineString","coordinates":[[16.621445,49.1795991],[16.6212615,49.1801508]]}},{"type":"Feature","properties":{"way_id":965569610,"route_colors":["#00ccff"],"route_refs":["12"]},"geometry":{"type":"LineString","coordinates":[[16.6193586,49.1833617],[16.6197509,49.1826953]]}},{"type":"Feature","properties":{"way_id":965569609,"route_colors":["#00ccff"],"route_refs":["12"]},"geometry":{"type":"LineString","coordinates":[[16.6175952,49.1865047],[16.6179604,49.1858646]]}},{"type":"Feature","properties":{"way_id":161519225,"route_colors":["#00ccff"],"route_refs":["12"]},"geometry":{"type":"LineString","coordinates":[[16.6146529,49.1901971],[16.6146694,49.1901154],[16.6147471,49.1897695],[16.6147571,49.1897243]]}},{"type":"Feature","properties":{"way_id":51221081,"route_colors":["#00ccff"],"route_refs":["12"]},"geometry":{"type":"LineString","coordinates":[[16.5926844,49.2124136],[16.5927034,49.2123816],[16.5926999,49.212375],[16.5930017,49.211882]]}},{"type":"Feature","properties":{"way_id":331397378,"route_colors":["#00ccff"],"route_refs":["12"]},"geometry":{"type":"LineString","coordinates":[[16.5823152,49.2280282],[16.5822937,49.2280267],[16.582361,49.2274132],[16.5823908,49.2274146],[16.5823359,49.2280292],[16.5823152,49.2280282]]}},{"type":"Feature","properties":{"way_id":181002071,"route_colors":["#00ccff"],"route_refs":["12"]},"geometry":{"type":"LineString","coordinates":[[16.577091,49.2313886],[16.5771777,49.2312714],[16.5772562,49.2311772],[16.5773509,49.2310727],[16.5774429,49.2309827],[16.5775475,49.2308965],[16.5775303,49.2308878],[16.5775132,49.2308791],[16.5774072,49.2309697],[16.5773121,49.2310609],[16.577215,49.2311649],[16.5771371,49.2312602],[16.5770525,49.2313772],[16.5770718,49.2313829],[16.577091,49.2313886]]}},{"type":"Feature","properties":{"way_id":1055243612,"route_colors":["#00ccff"],"route_refs":["12"]},"geometry":{"type":"LineString","coordinates":[[16.6216392,49.176164],[16.6216364,49.1762349],[16.6214864,49.1792034],[16.6214807,49.1792861],[16.621471,49.1793588],[16.6214633,49.1794106],[16.6214504,49.1794631],[16.6214296,49.1795349],[16.6214208,49.1795655],[16.6214182,49.1795737],[16.6213807,49.1796918],[16.6212387,49.180107],[16.6212321,49.1801293],[16.6212086,49.1801992],[16.6211134,49.1804647],[16.6210573,49.1806051],[16.6209955,49.1807456],[16.6209184,49.1809016],[16.6208345,49.1810584],[16.6207755,49.181162],[16.6207131,49.1812648],[16.620635,49.1813836],[16.6205103,49.1815642],[16.62035,49.1817785]]}},{"type":"Feature","properties":{"way_id":1055248860,"route_colors":["#00ccff"],"route_refs":["12"]},"geometry":{"type":"LineString","coordinates":[[16.62035,49.1817785],[16.6202688,49.1818821],[16.62011,49.1820876],[16.6199652,49.1822776],[16.6198375,49.1824675],[16.619768,49.1825745],[16.6197065,49.1826839],[16.6193687,49.183284],[16.6193474,49.1833229],[16.6193275,49.1833547],[16.6192335,49.1835095],[16.6188538,49.1841717],[16.6187007,49.1844877],[16.6185248,49.1848604],[16.6184668,49.1849687],[16.6184077,49.1850707],[16.6182404,49.1853622],[16.6182172,49.1854026]]}},{"type":"Feature","properties":{"way_id":1055338219,"route_colors":["#00ccff"],"route_refs":["12"]},"geometry":{"type":"LineString","coordinates":[[16.6182172,49.1854026],[16.6181937,49.1854403]]}},{"type":"Feature","properties":{"way_id":1300242670,"route_colors":["#00ccff"],"route_refs":["12"]},"geometry":{"type":"LineString","coordinates":[[16.6181937,49.1854403],[16.6181399,49.1855292],[16.6180681,49.1856477]]}},{"type":"Feature","properties":{"way_id":1300242671,"route_colors":["#00ccff"],"route_refs":["12"]},"geometry":{"type":"LineString","coordinates":[[16.6180681,49.1856477],[16.6179506,49.1858575],[16.6178364,49.186049],[16.617738,49.1862217],[16.6175808,49.1864944],[16.6175216,49.186587],[16.6175039,49.186616]]}},{"type":"Feature","properties":{"way_id":1300242672,"route_colors":["#00ccff"],"route_refs":["12"]},"geometry":{"type":"LineString","coordinates":[[16.6175039,49.186616],[16.6174585,49.1866858]]}},{"type":"Feature","properties":{"way_id":1055515869,"route_colors":["#00ccff"],"route_refs":["12"]},"geometry":{"type":"LineString","coordinates":[[16.6174585,49.1866858],[16.6174028,49.1867909],[16.6172904,49.1869578]]}},{"type":"Feature","properties":{"way_id":1055338222,"route_colors":["#00ccff"],"route_refs":["12"]},"geometry":{"type":"LineString","coordinates":[[16.6172904,49.1869578],[16.6171598,49.1871412],[16.6170812,49.1872452],[16.6169387,49.1874228],[16.6168409,49.1875366],[16.6167189,49.1876778],[16.6166378,49.1877676],[16.6165203,49.1878934],[16.6163916,49.1880227],[16.6163674,49.1880484]]}},{"type":"Feature","properties":{"way_id":1055515867,"route_colors":["#00ccff"],"route_refs":["12"]},"geometry":{"type":"LineString","coordinates":[[16.6163674,49.1880484],[16.6161134,49.1882855],[16.6158807,49.1884902],[16.6155867,49.1887505],[16.6154008,49.1889173],[16.6152561,49.189043],[16.6151176,49.1891676],[16.615044,49.1892316],[16.6149826,49.1892937],[16.6149224,49.1893647],[16.6148684,49.1894357],[16.614845,49.1894699],[16.6148171,49.1895156],[16.6147786,49.1895708],[16.6147426,49.1896732],[16.6147154,49.1897663],[16.6147099,49.189785],[16.6146296,49.1901741],[16.6146036,49.1903022],[16.6145426,49.1905778],[16.6145282,49.1906999]]}},{"type":"Feature","properties":{"way_id":325880346,"route_colors":["#00ccff"],"route_refs":["12"]},"geometry":{"type":"LineString","coordinates":[[16.6145282,49.1906999],[16.6145327,49.1908311],[16.6145476,49.1909194],[16.6145764,49.1910102],[16.6146195,49.1910948],[16.6146723,49.1911838],[16.614821,49.1913872],[16.6148604,49.1914437],[16.6148774,49.1914734],[16.6148871,49.191501],[16.6148934,49.1915327]]}},{"type":"Feature","properties":{"way_id":1320744249,"route_colors":["#00ccff"],"route_refs":["12"]},"geometry":{"type":"LineString","coordinates":[[16.6148934,49.1915327],[16.6148952,49.1915615],[16.6148902,49.1915968],[16.6148783,49.1916312],[16.6148625,49.1916584]]}},{"type":"Feature","properties":{"way_id":1320744250,"route_colors":["#00ccff"],"route_refs":["12"]},"geometry":{"type":"LineString","coordinates":[[16.6148625,49.1916584],[16.6148433,49.1916839],[16.6148205,49.1917091],[16.614788,49.1917356],[16.6147502,49.1917569],[16.6146964,49.1917861]]}},{"type":"Feature","properties":{"way_id":325880341,"route_colors":["#00ccff"],"route_refs":["12"]},"geometry":{"type":"LineString","coordinates":[[16.6118521,49.1910221],[16.6117816,49.1910009],[16.6117498,49.1909934],[16.6117146,49.1909868],[16.6116772,49.1909833],[16.6116331,49.1909812],[16.6115751,49.1909828],[16.6115394,49.1909825],[16.6114773,49.1909741],[16.611435,49.1909648],[16.6113599,49.1909455]]}},{"type":"Feature","properties":{"way_id":297697480,"route_colors":["#00ccff"],"route_refs":["12"]},"geometry":{"type":"LineString","coordinates":[[16.6087941,49.1900265],[16.608762,49.1900153],[16.6087182,49.19],[16.6086681,49.1899859],[16.6085953,49.1899722],[16.6085441,49.1899665],[16.6085045,49.1899658],[16.6084302,49.1899677],[16.60839,49.1899721],[16.6083464,49.1899783],[16.6083138,49.1899844],[16.608007,49.1900584],[16.6079838,49.1900634],[16.6072417,49.1902239],[16.6070191,49.1902554],[16.6064817,49.1902792],[16.6062797,49.1903003],[16.6061032,49.19033],[16.60594,49.1903611],[16.6057485,49.1904133],[16.6055533,49.1904707],[16.6054477,49.1904991],[16.60535,49.1905291],[16.6052703,49.1905621],[16.6052049,49.1906017],[16.6051623,49.1906319],[16.6051257,49.1906634],[16.605077,49.1907221],[16.6050517,49.1907575],[16.6050285,49.1907982],[16.6050128,49.1908331],[16.6050032,49.1908739],[16.6049957,49.1909315],[16.6049987,49.1909877],[16.6050083,49.1910343],[16.6050302,49.191077],[16.6051418,49.1912473],[16.6052555,49.1914056],[16.6053826,49.1915862],[16.6054018,49.1916367],[16.6054088,49.1916742],[16.6054065,49.1917193],[16.6053936,49.1917632],[16.6053828,49.1917913],[16.6053033,49.1920149],[16.6052484,49.1921727]]}},{"type":"Feature","properties":{"way_id":352941671,"route_colors":["#00ccff"],"route_refs":["12"]},"geometry":{"type":"LineString","coordinates":[[16.6052484,49.1921727],[16.6052296,49.1922263],[16.6051991,49.1923189],[16.6051617,49.1924374]]}},{"type":"Feature","properties":{"way_id":326343361,"route_colors":["#00ccff"],"route_refs":["12"]},"geometry":{"type":"LineString","coordinates":[[16.6049562,49.197478],[16.605039,49.1974981],[16.6050829,49.1975159],[16.6051081,49.1975322],[16.6051306,49.1975456],[16.6051662,49.1975741],[16.6051874,49.1975994],[16.6052076,49.1976272],[16.6052218,49.1976553],[16.6052236,49.1976847],[16.6052214,49.1977122],[16.6052085,49.1977549]]}},{"type":"Feature","properties":{"way_id":36839223,"route_colors":["#00ccff"],"route_refs":["12"]},"geometry":{"type":"LineString","coordinates":[[16.5946028,49.205092],[16.5945849,49.2051148],[16.5945699,49.2051347],[16.5945632,49.2051604],[16.5945602,49.2051761],[16.5945571,49.2052007],[16.5945556,49.2052394],[16.5945693,49.2052696],[16.5946049,49.2053255],[16.5954151,49.2062541],[16.595493,49.2063434],[16.5955987,49.206464]]}},{"type":"Feature","properties":{"way_id":352941669,"route_colors":["#00ccff"],"route_refs":["12"]},"geometry":{"type":"LineString","coordinates":[[16.5955987,49.206464],[16.5957909,49.206681],[16.5958528,49.2067475]]}},{"type":"Feature","properties":{"way_id":1537727353,"route_colors":["#00ccff"],"route_refs":["12"]},"geometry":{"type":"LineString","coordinates":[[16.5958528,49.2067475],[16.5958834,49.2067876],[16.5959119,49.2068382],[16.5959277,49.2068786],[16.5959325,49.206907],[16.5959316,49.20693],[16.5959271,49.2069593],[16.5959167,49.2069918],[16.5959001,49.2070255],[16.5958712,49.2070733]]}},{"type":"Feature","properties":{"way_id":330775732,"route_colors":["#00ccff"],"route_refs":["12"]},"geometry":{"type":"LineString","coordinates":[[16.5958712,49.2070733],[16.5956066,49.2074805],[16.5950304,49.208414],[16.5949736,49.2085068],[16.5945542,49.2092249],[16.5941721,49.2098808],[16.5939457,49.2102538],[16.5936894,49.2106691],[16.5935826,49.2108483],[16.593506,49.210975],[16.5934689,49.2110372],[16.5931131,49.2116241],[16.593063,49.2117173],[16.5930183,49.2118095],[16.5929798,49.2118764],[16.5928625,49.2120704],[16.5926845,49.2123568]]}},{"type":"Feature","properties":{"way_id":1537727351,"route_colors":["#00ccff"],"route_refs":["12"]},"geometry":{"type":"LineString","coordinates":[[16.5926845,49.2123568],[16.5926515,49.2124049],[16.59259,49.2124902],[16.5925163,49.2125883],[16.5924604,49.2126739],[16.5922008,49.2130879]]}},{"type":"Feature","properties":{"way_id":1537727348,"route_colors":["#00ccff"],"route_refs":["12"]},"geometry":{"type":"LineString","coordinates":[[16.5922008,49.2130879],[16.5921781,49.2131112],[16.5921441,49.2131403],[16.5921076,49.2131663],[16.5920638,49.2131885],[16.5920159,49.2132092],[16.59196,49.2132288],[16.5917767,49.2132796]]}},{"type":"Feature","properties":{"way_id":1537727347,"route_colors":["#00ccff"],"route_refs":["12"]},"geometry":{"type":"LineString","coordinates":[[16.5917767,49.2132796],[16.5908908,49.2135296]]}},{"type":"Feature","properties":{"way_id":1537727344,"route_colors":["#00ccff"],"route_refs":["12"]},"geometry":{"type":"LineString","coordinates":[[16.5908908,49.2135296],[16.5908543,49.2135437],[16.5908182,49.2135596],[16.5907748,49.2135824],[16.5907298,49.2136176],[16.5907087,49.2136324],[16.5906864,49.2136539]]}},{"type":"Feature","properties":{"way_id":352941666,"route_colors":["#00ccff"],"route_refs":["12"]},"geometry":{"type":"LineString","coordinates":[[16.5906864,49.2136539],[16.5906454,49.2137033],[16.5905351,49.2138586],[16.5899417,49.214718],[16.5895656,49.2152785],[16.5893602,49.215591],[16.5893406,49.2156207],[16.5891451,49.2159028]]}},{"type":"Feature","properties":{"way_id":352941678,"route_colors":["#00ccff"],"route_refs":["12"]},"geometry":{"type":"LineString","coordinates":[[16.5891451,49.2159028],[16.589105,49.2159593],[16.589065,49.2160155],[16.5887461,49.2164475],[16.588483,49.216822],[16.5882089,49.2172396],[16.587935,49.217652],[16.5878319,49.2177997]]}},{"type":"Feature","properties":{"way_id":352941616,"route_colors":["#00ccff"],"route_refs":["12"]},"geometry":{"type":"LineString","coordinates":[[16.5878319,49.2177997],[16.5876869,49.2180125],[16.5876354,49.2180914],[16.587584,49.21817],[16.5874857,49.2183109],[16.5871963,49.2187329],[16.5868299,49.2192823],[16.5861102,49.2203309],[16.5857389,49.2208818],[16.585621,49.2210554],[16.5855875,49.2211048],[16.5853881,49.2213986],[16.5853176,49.2215019],[16.5852369,49.2216201],[16.5850821,49.2218468],[16.5848469,49.2221779]]}},{"type":"Feature","properties":{"way_id":352941583,"route_colors":["#00ccff"],"route_refs":["12"]},"geometry":{"type":"LineString","coordinates":[[16.5848469,49.2221779],[16.5848201,49.2222157],[16.5846332,49.2224857],[16.5845947,49.222538],[16.5842987,49.2229612],[16.583748,49.2237759],[16.5832319,49.2244958],[16.5830613,49.2247456],[16.5830026,49.2248459]]}},{"type":"Feature","properties":{"way_id":331397385,"route_colors":["#00ccff"],"route_refs":["12"]},"geometry":{"type":"LineString","coordinates":[[16.5830026,49.2248459],[16.5829879,49.2248678],[16.5829442,49.2249331],[16.5829027,49.2249951],[16.5828736,49.2250323],[16.5827248,49.2252511],[16.5826823,49.2253181],[16.5826401,49.2253957],[16.5826045,49.2254721]]}},{"type":"Feature","properties":{"way_id":352941579,"route_colors":["#00ccff"],"route_refs":["12"]},"geometry":{"type":"LineString","coordinates":[[16.5826045,49.2254721],[16.582576,49.2255467],[16.5825502,49.2256307],[16.5825293,49.2257189],[16.5825097,49.2258408],[16.5824975,49.2259524],[16.58246,49.2263021],[16.5824048,49.2268226],[16.5823866,49.2270217],[16.5823761,49.2271007]]}},{"type":"Feature","properties":{"way_id":1056528354,"route_colors":["#00ccff"],"route_refs":["12"]},"geometry":{"type":"LineString","coordinates":[[16.5823761,49.2271007],[16.5823707,49.2271346],[16.5823584,49.2272344],[16.5823419,49.2274246],[16.5822796,49.2279978]]}},{"type":"Feature","properties":{"way_id":352941664,"route_colors":["#00ccff"],"route_refs":["12"]},"geometry":{"type":"LineString","coordinates":[[16.5822796,49.2279978],[16.5822705,49.2280666],[16.5822581,49.2281653],[16.5822396,49.2282641],[16.5822202,49.2283482],[16.5821877,49.2284372],[16.5821366,49.2285469],[16.5820898,49.2286245],[16.5820307,49.2287093],[16.5819591,49.2287973],[16.5818919,49.2288676],[16.5818124,49.2289421],[16.5817251,49.2290116],[16.5816461,49.2290691],[16.5815548,49.2291305],[16.5814765,49.2291746],[16.5813789,49.2292272],[16.5812418,49.229292],[16.5810909,49.2293537],[16.5809529,49.2294041],[16.5807597,49.2294747],[16.579566,49.2299246]]}},{"type":"Feature","properties":{"way_id":1056528357,"route_colors":["#00ccff"],"route_refs":["12"]},"geometry":{"type":"LineString","coordinates":[[16.579566,49.2299246],[16.5791135,49.2300911],[16.5783432,49.2303816],[16.5781719,49.2304572],[16.5780844,49.2304988],[16.5780169,49.2305321],[16.5779219,49.2305824],[16.577742,49.230695],[16.5776637,49.230747],[16.5775465,49.2308353],[16.5774659,49.2308998],[16.577384,49.2309731],[16.5773055,49.2310491],[16.5771567,49.23121],[16.5770385,49.2313614]]}},{"type":"Feature","properties":{"way_id":181002069,"route_colors":["#00ccff"],"route_refs":["12"]},"geometry":{"type":"LineString","coordinates":[[16.5766518,49.2317885],[16.5766744,49.2317951],[16.5769238,49.2314271],[16.5769035,49.2314212],[16.5768921,49.2314179],[16.5768876,49.2314166],[16.5766383,49.2317847],[16.5766518,49.2317885]]}},{"type":"Feature","properties":{"way_id":202235286,"route_colors":["#00ccff"],"route_refs":["12"]},"geometry":{"type":"LineString","coordinates":[[16.5815246,49.2290538],[16.5815384,49.2290618],[16.5815533,49.2290704],[16.5816572,49.2289939],[16.5817416,49.2289278],[16.5818126,49.2288633],[16.5818642,49.2288134],[16.5819196,49.2287538],[16.5819674,49.2286954],[16.5820162,49.2286279],[16.5820632,49.2285561],[16.5820233,49.2285475],[16.5819794,49.228619],[16.5819331,49.2286842],[16.5818819,49.2287438],[16.5818305,49.2288007],[16.5817835,49.2288481],[16.5817151,49.228909],[16.5816267,49.2289802],[16.5815246,49.2290538]]}},{"type":"Feature","properties":{"way_id":51221080,"route_colors":["#00ccff"],"route_refs":["12"]},"geometry":{"type":"LineString","coordinates":[[16.5928636,49.211847],[16.5926706,49.2121568],[16.5925352,49.2123742]]}},{"type":"Feature","properties":{"way_id":326343369,"route_colors":["#00ccff"],"route_refs":["12"]},"geometry":{"type":"LineString","coordinates":[[16.605024,49.198049],[16.6051289,49.1977454]]}},{"type":"Feature","properties":{"way_id":326497374,"route_colors":["#00ccff"],"route_refs":["12"]},"geometry":{"type":"LineString","coordinates":[[16.6051616,49.1922091],[16.6053175,49.1917648]]}},{"type":"Feature","properties":{"way_id":161519224,"route_colors":["#00ccff"],"route_refs":["12"]},"geometry":{"type":"LineString","coordinates":[[16.6146317,49.1897343],[16.6146241,49.189757],[16.6145298,49.1902238]]}},{"type":"Feature","properties":{"way_id":965569608,"route_colors":["#00ccff"],"route_refs":["12"]},"geometry":{"type":"LineString","coordinates":[[16.6174842,49.1864672],[16.6178371,49.1858623]]}},{"type":"Feature","properties":{"way_id":965569611,"route_colors":["#00ccff"],"route_refs":["12"]},"geometry":{"type":"LineString","coordinates":[[16.6192565,49.1833386],[16.6196292,49.1826653]]}},{"type":"Feature","properties":{"way_id":329194536,"route_colors":["#00ccff"],"route_refs":["12"]},"geometry":{"type":"LineString","coordinates":[[16.6210965,49.1802494],[16.6210924,49.180261],[16.6210427,49.1804008],[16.6209618,49.1806042],[16.6208775,49.1807986]]}},{"type":"Feature","properties":{"way_id":778956760,"route_colors":["#00ccff"],"route_refs":["12"]},"geometry":{"type":"LineString","coordinates":[[16.6214728,49.1761778],[16.6214813,49.176216],[16.6214827,49.1762579],[16.6214781,49.1763954],[16.6214887,49.1763963],[16.6215538,49.1763963],[16.6215588,49.1762857],[16.6215563,49.1762308],[16.6215503,49.1761766],[16.6215376,49.1761404],[16.6215212,49.1761035],[16.6214745,49.1760362],[16.6214514,49.1760103],[16.6214225,49.1759843],[16.6213799,49.1759526],[16.6213255,49.175915],[16.6212825,49.1758875],[16.6212329,49.1759221],[16.6212699,49.1759476],[16.6213001,49.1759708],[16.6213343,49.1759972],[16.6214058,49.1760559],[16.6214309,49.1760872],[16.6214505,49.1761185],[16.6214728,49.1761778]]}},{"type":"Feature","properties":{"way_id":345259529,"route_colors":["#00ccff"],"route_refs":["12"]},"geometry":{"type":"LineString","coordinates":[[16.5769425,49.2314326],[16.576968,49.2313949],[16.5770318,49.2313014],[16.5770888,49.2312242],[16.5771413,49.2311617],[16.5771987,49.2310995],[16.5772645,49.2310322],[16.577328,49.2309685],[16.5774142,49.2308912],[16.5775014,49.2308221],[16.5776395,49.230716],[16.5778907,49.2305589],[16.5779901,49.2305058],[16.578051,49.2304746]]}},{"type":"Feature","properties":{"way_id":1056528355,"route_colors":["#00ccff"],"route_refs":["12"]},"geometry":{"type":"LineString","coordinates":[[16.578051,49.2304746],[16.5781453,49.2304297],[16.5783184,49.2303549],[16.5790891,49.2300628],[16.5794756,49.2299197]]}},{"type":"Feature","properties":{"way_id":595198109,"route_colors":["#00ccff"],"route_refs":["12"]},"geometry":{"type":"LineString","coordinates":[[16.5794756,49.2299197],[16.5796482,49.2298546],[16.5807381,49.229446],[16.5810755,49.2293213],[16.5812237,49.229264],[16.5813572,49.229199],[16.5814416,49.2291541],[16.5815178,49.229108],[16.581599,49.2290574],[16.5816772,49.2289995],[16.5817709,49.2289246]]}},{"type":"Feature","properties":{"way_id":1056528356,"route_colors":["#00ccff"],"route_refs":["12"]},"geometry":{"type":"LineString","coordinates":[[16.5817709,49.2289246],[16.5818573,49.2288438],[16.5819202,49.2287795],[16.5819896,49.2286966],[16.5820582,49.2285936],[16.5820904,49.2285387],[16.5821421,49.2284288],[16.5821713,49.2283428],[16.5821912,49.2282615],[16.5822111,49.2281619],[16.5822217,49.2280632],[16.5822935,49.2274847]]}},{"type":"Feature","properties":{"way_id":345259551,"route_colors":["#00ccff"],"route_refs":["12"]},"geometry":{"type":"LineString","coordinates":[[16.5822935,49.2274847],[16.5823225,49.2271335],[16.5823367,49.2270114],[16.5823561,49.2268286],[16.5823754,49.2266467],[16.5823929,49.2264863],[16.5824118,49.2263002],[16.5824275,49.2261549],[16.582452,49.2259501],[16.582461,49.2258439],[16.5824774,49.2257442],[16.5824967,49.2256589],[16.5825177,49.2255822],[16.5825396,49.2255186],[16.5825667,49.2254538],[16.5826041,49.225376],[16.5826341,49.2253223],[16.5826565,49.2252853],[16.5826911,49.2252319],[16.5828359,49.2250207],[16.5829331,49.2248847]]}},{"type":"Feature","properties":{"way_id":331397405,"route_colors":["#00ccff"],"route_refs":["12"]},"geometry":{"type":"LineString","coordinates":[[16.5829331,49.2248847],[16.5829739,49.2248224],[16.583002,49.2247776],[16.5830268,49.2247374],[16.5831359,49.2245821],[16.5832018,49.2244883],[16.5837153,49.2237675],[16.5842645,49.222953],[16.5845603,49.2225328],[16.5846004,49.2224766],[16.5847908,49.2222058],[16.5848895,49.2220655],[16.5850598,49.221818],[16.5851317,49.2217134]]}},{"type":"Feature","properties":{"way_id":345259594,"route_colors":["#00ccff"],"route_refs":["12"]},"geometry":{"type":"LineString","coordinates":[[16.5851317,49.2217134],[16.5852006,49.2216103],[16.5852813,49.2214912],[16.5853511,49.2213882],[16.5855499,49.2210946],[16.585867,49.2206258],[16.5860758,49.2203172],[16.5867907,49.2192709],[16.5871644,49.2187215],[16.5874475,49.2183031]]}},{"type":"Feature","properties":{"way_id":345259522,"route_colors":["#00ccff"],"route_refs":["12"]},"geometry":{"type":"LineString","coordinates":[[16.5874475,49.2183031],[16.5875452,49.2181587],[16.5875958,49.2180796],[16.5876474,49.2180014],[16.5877226,49.2178909],[16.5878936,49.2176398],[16.5881705,49.2172313],[16.5884467,49.2168098],[16.5887102,49.2164361],[16.5887876,49.2163309],[16.5890191,49.216017],[16.589068,49.2159482],[16.5892666,49.2156611]]}},{"type":"Feature","properties":{"way_id":345259556,"route_colors":["#00ccff"],"route_refs":["12"]},"geometry":{"type":"LineString","coordinates":[[16.5892666,49.2156611],[16.5893022,49.2156095],[16.5895458,49.215247],[16.5899023,49.2147079],[16.5904984,49.2138475],[16.5906028,49.2136932],[16.5906475,49.2136338]]}},{"type":"Feature","properties":{"way_id":1537727345,"route_colors":["#00ccff"],"route_refs":["12"]},"geometry":{"type":"LineString","coordinates":[[16.5906475,49.2136338],[16.5906767,49.2136102],[16.5907067,49.2135866],[16.590733,49.2135699],[16.5907776,49.2135429],[16.5908231,49.2135209],[16.590866,49.213505]]}},{"type":"Feature","properties":{"way_id":1537727346,"route_colors":["#00ccff"],"route_refs":["12"]},"geometry":{"type":"LineString","coordinates":[[16.590866,49.213505],[16.5917565,49.2132528]]}},{"type":"Feature","properties":{"way_id":1537727349,"route_colors":["#00ccff"],"route_refs":["12"]},"geometry":{"type":"LineString","coordinates":[[16.5917565,49.2132528],[16.5919,49.2132129],[16.5919754,49.2131848],[16.5920265,49.2131631],[16.5920776,49.2131371],[16.59211,49.2131159],[16.5921327,49.2130974],[16.5921554,49.213073]]}},{"type":"Feature","properties":{"way_id":1537727350,"route_colors":["#00ccff"],"route_refs":["12"]},"geometry":{"type":"LineString","coordinates":[[16.5921554,49.213073],[16.5924229,49.2126637],[16.5924571,49.212599],[16.5925221,49.2124711],[16.5925803,49.212386],[16.5926079,49.2123423],[16.5928722,49.2119068]]}},{"type":"Feature","properties":{"way_id":1392435622,"route_colors":["#00ccff"],"route_refs":["12"]},"geometry":{"type":"LineString","coordinates":[[16.5928722,49.2119068],[16.5929012,49.2118565],[16.5929441,49.2117916],[16.5930213,49.2116846],[16.5930657,49.2116105],[16.593405,49.2110662]]}},{"type":"Feature","properties":{"way_id":345259546,"route_colors":["#00ccff"],"route_refs":["12"]},"geometry":{"type":"LineString","coordinates":[[16.593405,49.2110662],[16.5934294,49.211027],[16.5934666,49.2109646],[16.5935442,49.2108381],[16.5936526,49.2106593],[16.5937451,49.2105079],[16.5939104,49.2102407],[16.5941281,49.2098815],[16.5945165,49.2092204],[16.594938,49.2084975],[16.5949926,49.2084055],[16.5954,49.2077435],[16.5955701,49.2074704],[16.5958312,49.2070641]]}},{"type":"Feature","properties":{"way_id":1537727352,"route_colors":["#00ccff"],"route_refs":["12"]},"geometry":{"type":"LineString","coordinates":[[16.5958312,49.2070641],[16.5958564,49.2070139],[16.5958724,49.2069701],[16.5958777,49.2069389],[16.5958758,49.2068821],[16.595865,49.2068464],[16.5958521,49.2068171],[16.5958368,49.2067918],[16.5958145,49.2067594]]}},{"type":"Feature","properties":{"way_id":330775705,"route_colors":["#00ccff"],"route_refs":["12"]},"geometry":{"type":"LineString","coordinates":[[16.5958145,49.2067594],[16.5957559,49.2066945],[16.5954616,49.2063464],[16.5951599,49.206001]]}},{"type":"Feature","properties":{"way_id":345259507,"route_colors":["#00ccff"],"route_refs":["12"]},"geometry":{"type":"LineString","coordinates":[[16.5951599,49.206001],[16.594582,49.205344],[16.5945372,49.2052839],[16.5945253,49.2052637],[16.5945194,49.2052399],[16.5945197,49.2051961],[16.5945232,49.2051696],[16.5945299,49.2051516],[16.5945399,49.205122],[16.5945539,49.2050977],[16.5945778,49.2050744]]}},{"type":"Feature","properties":{"way_id":326343373,"route_colors":["#00ccff"],"route_refs":["12"]},"geometry":{"type":"LineString","coordinates":[[16.6051567,49.1977479],[16.6051636,49.197699],[16.6051633,49.1976705],[16.6051495,49.1976372],[16.6051255,49.1976068],[16.605106,49.1975858],[16.6050754,49.1975646],[16.6050339,49.1975394],[16.6049436,49.1975082]]}},{"type":"Feature","properties":{"way_id":326497381,"route_colors":["#00ccff"],"route_refs":["12"]},"geometry":{"type":"LineString","coordinates":[[16.6050949,49.1924751],[16.6051054,49.1924487],[16.6051469,49.192341],[16.6051598,49.1923007],[16.6051886,49.192216],[16.60534,49.1917822]]}},{"type":"Feature","properties":{"way_id":352941667,"route_colors":["#00ccff"],"route_refs":["12"]},"geometry":{"type":"LineString","coordinates":[[16.60534,49.1917822],[16.6053482,49.1917533],[16.6053536,49.1917072],[16.6053527,49.1916607],[16.60534,49.1916183],[16.6053268,49.1915891],[16.6053053,49.1915509],[16.605243,49.191459],[16.6049875,49.1910842],[16.6049674,49.1910333],[16.6049536,49.1909806],[16.6049479,49.1909279],[16.6049571,49.1908515],[16.604974,49.190801],[16.6050043,49.1907461],[16.6050397,49.1906966],[16.6050781,49.1906523],[16.6051279,49.190606],[16.6051838,49.1905703],[16.6052438,49.1905373],[16.6053118,49.1905069],[16.6054104,49.1904747],[16.6055327,49.1904412],[16.6057317,49.1903843],[16.6059279,49.1903346],[16.6060874,49.1903008],[16.6062618,49.1902728],[16.6064788,49.1902466],[16.6070138,49.1902258],[16.6072276,49.1901919],[16.6081604,49.1899873],[16.6083322,49.1899514],[16.6083857,49.1899391],[16.6084367,49.1899295],[16.6084815,49.1899249],[16.6085259,49.1899242],[16.6085707,49.1899275],[16.6086064,49.189932],[16.6086513,49.1899414],[16.6087009,49.1899577],[16.6087842,49.1899881],[16.6088122,49.1899984]]}},{"type":"Feature","properties":{"way_id":1537732699,"route_colors":["#00ccff"],"route_refs":["12"]},"geometry":{"type":"LineString","coordinates":[[16.6088712,49.1900196],[16.6095611,49.190267]]}},{"type":"Feature","properties":{"way_id":325880338,"route_colors":["#00ccff"],"route_refs":["12"]},"geometry":{"type":"LineString","coordinates":[[16.6097455,49.1903313],[16.609837,49.1903583],[16.6099,49.1903743],[16.6099547,49.1903844],[16.6100052,49.1903934],[16.6100963,49.1904058],[16.610196,49.190421],[16.6102765,49.1904362],[16.6103273,49.1904459],[16.6103747,49.1904585],[16.6104515,49.1904808]]}},{"type":"Feature","properties":{"way_id":1057433624,"route_colors":["#00ccff"],"route_refs":["12"]},"geometry":{"type":"LineString","coordinates":[[16.6146173,49.1917315],[16.6147027,49.1916946],[16.6147511,49.1916647],[16.6147762,49.1916416]]}},{"type":"Feature","properties":{"way_id":963912661,"route_colors":["#00ccff"],"route_refs":["12"]},"geometry":{"type":"LineString","coordinates":[[16.6147762,49.1916416],[16.6148016,49.1916126],[16.6148151,49.1915853],[16.6148243,49.1915547],[16.6148269,49.1915224],[16.6148203,49.1914934]]}},{"type":"Feature","properties":{"way_id":1308807577,"route_colors":["#00ccff"],"route_refs":["12"]},"geometry":{"type":"LineString","coordinates":[[16.6148203,49.1914934],[16.6148093,49.1914653],[16.6147955,49.19143],[16.6147805,49.1914003],[16.6147651,49.1913724],[16.6146394,49.1911921],[16.6145855,49.1911017],[16.6145415,49.1910213],[16.6145074,49.1909227],[16.6144867,49.1908294],[16.6144804,49.1907009],[16.6145023,49.1905732],[16.6145535,49.1902988],[16.6146587,49.1897796],[16.6146643,49.1897611],[16.6146934,49.1896651],[16.6147335,49.1895666]]}},{"type":"Feature","properties":{"way_id":1308807578,"route_colors":["#00ccff"],"route_refs":["12"]},"geometry":{"type":"LineString","coordinates":[[16.6147335,49.1895666],[16.6147787,49.1894991],[16.614813,49.1894393]]}},{"type":"Feature","properties":{"way_id":1308807579,"route_colors":["#00ccff"],"route_refs":["12"]},"geometry":{"type":"LineString","coordinates":[[16.614813,49.1894393],[16.6148401,49.189401],[16.6149424,49.18928],[16.6150062,49.1892111],[16.6150839,49.1891432],[16.6153582,49.1888999],[16.6156387,49.1886532],[16.6158091,49.1885029],[16.6160684,49.1882703],[16.6163346,49.1880259]]}},{"type":"Feature","properties":{"way_id":1308807580,"route_colors":["#00ccff"],"route_refs":["12"]},"geometry":{"type":"LineString","coordinates":[[16.6163346,49.1880259],[16.6164774,49.1878748],[16.6166029,49.1877396],[16.6167256,49.1876044],[16.6168942,49.1874035],[16.6170308,49.18723],[16.6171252,49.1871059],[16.617205,49.1869944],[16.6173514,49.1867774],[16.6174142,49.1866739]]}},{"type":"Feature","properties":{"way_id":1055243608,"route_colors":["#00ccff"],"route_refs":["12"]},"geometry":{"type":"LineString","coordinates":[[16.6174142,49.1866739],[16.6174759,49.1865751],[16.6174886,49.1865514],[16.617865,49.185904],[16.6180847,49.1855301]]}},{"type":"Feature","properties":{"way_id":1083262910,"route_colors":["#00ccff"],"route_refs":["12"]},"geometry":{"type":"LineString","coordinates":[[16.6180847,49.1855301],[16.6180943,49.1855138],[16.6181679,49.1853886]]}},{"type":"Feature","properties":{"way_id":1055243609,"route_colors":["#00ccff"],"route_refs":["12"]},"geometry":{"type":"LineString","coordinates":[[16.6181679,49.1853886],[16.6182305,49.1852831],[16.6183655,49.1850559],[16.6184784,49.1848495],[16.6186438,49.1844817],[16.6188025,49.184158],[16.6190034,49.1838047],[16.6191831,49.1834972]]}},{"type":"Feature","properties":{"way_id":1083262909,"route_colors":["#00ccff"],"route_refs":["12"]},"geometry":{"type":"LineString","coordinates":[[16.6191831,49.1834972],[16.6192766,49.1833445],[16.6195022,49.1829514],[16.619626,49.1827223],[16.6196576,49.1826712],[16.6197857,49.1824587],[16.6199206,49.1822611],[16.6200669,49.1820635],[16.6202227,49.1818673],[16.6202963,49.1817746]]}},{"type":"Feature","properties":{"way_id":1055243611,"route_colors":["#00ccff"],"route_refs":["12"]},"geometry":{"type":"LineString","coordinates":[[16.6202963,49.1817746],[16.620467,49.1815484],[16.6205884,49.1813734],[16.620667,49.1812519],[16.6207296,49.1811496],[16.6207876,49.1810474],[16.6208705,49.1808914],[16.6209466,49.1807354],[16.6210087,49.1805942],[16.6210639,49.1804536],[16.6211298,49.1802657],[16.6211543,49.1801922],[16.6211876,49.1800929]]}},{"type":"Feature","properties":{"way_id":352941581,"route_colors":["#00ccff"],"route_refs":["12"]},"geometry":{"type":"LineString","coordinates":[[16.6211876,49.1800929],[16.6212113,49.1800249],[16.6213249,49.1796822],[16.6213364,49.1796464],[16.6213625,49.1795649],[16.6213748,49.179525],[16.6213865,49.1794872],[16.6214028,49.1794201],[16.6214151,49.179353],[16.6214265,49.1792679],[16.6214318,49.1791827],[16.6215775,49.1763038],[16.6215798,49.1762468],[16.6215778,49.1762105],[16.6215725,49.1761752],[16.621559,49.1761365],[16.6215401,49.1760978],[16.6215267,49.1760731],[16.6215079,49.1760476],[16.6214826,49.1760185],[16.6214533,49.1759893],[16.6214226,49.1759642],[16.6213049,49.1758847]]}}]}