{"type":"FeatureCollection","metro_system":{"continent":"europe","country":"Russia","city":"Novosibirsk","official_website":null,"official_map":"https://en.wikipedia.org/wiki/Novosibirsk_Metro","wikipedia":"en:Novosibirsk Metro","wiki":true,"wikipedia_zh":"zh:新西伯利亞地鐵","line_count":12,"segment_count":29,"station_count":134,"modes":["metro","tram"],"audit":{"strategies_tried":[],"passed":true,"checks":[{"id":"system_exists","ok":true,"detail":"matched OSM system metro-maps/europe/russia/eu-rus-novosibirsk/eu-rus-novosibirsk.geojson","level":"error"},{"id":"has_lines","ok":true,"detail":"12 lines","level":"error"},{"id":"has_stations","ok":true,"detail":"135 stations","level":"error"},{"id":"station_count_info","ok":true,"detail":"OSM 135 站（wiki List 記 14，計法含轉乘重複，僅參考）","level":"warn"},{"id":"stations_have_lines","ok":true,"detail":"135/135 站皆有所屬路線","level":"error"},{"id":"line_geometry_stations","ok":true,"detail":"178 個折點/端點皆為車站","level":"error"},{"id":"route_stations_match_geometry","ok":true,"detail":"各線車站列表與圖面一致","level":"error"},{"id":"interchange_rule","ok":true,"detail":"所有車站紅/藍點符合骨架＋路線色規則（藍＝端點、紅＝交叉）","level":"error"},{"id":"stations_named","ok":true,"detail":"135/135 站皆有名稱","level":"error"},{"id":"station_order","ok":false,"detail":"2 條線站序可疑（路徑長 > 1.6× MST）：Трамвай 13: Гусинобродское шоссе - улица Писарева 1.77×、трамвай 8 1.96×，需以 Wikipedia 線路條目與 urbanrail.net 人工確認","level":"warn"},{"id":"station_span","ok":true,"detail":"各線相鄰站距與系統站群跨度正常","level":"error"},{"id":"line_wiki_stations","ok":true,"detail":"各線站數與 wiki 線路條目相符（營運中站數）","level":"error"},{"id":"line_wiki_coverage","ok":false,"detail":"2 條線無 wiki 站數對照：Leninskaya Line、Dzerzhinskaya Line","level":"warn"}],"reasons":[],"warnings":["2 條線站序可疑（路徑長 > 1.6× MST）：Трамвай 13: Гусинобродское шоссе - улица Писарева 1.77×、трамвай 8 1.96×，需以 Wikipedia 線路條目與 urbanrail.net 人工確認","2 條線無 wiki 站數對照：Leninskaya Line、Dzerzhinskaya Line"],"audited_at":"2026-07-27T11:54:48.161Z"}},"features":[{"type":"Feature","properties":{"seg_id":"novosibirsk-0","routes":[{"route_id":"rm7733918","route_name":"Leninskaya Line","route_name_local":"Ленинская линия","route_name_en":"Leninskaya Line","route_ref":"1","route_color":"#e6194b","wikipedia":"ru:Ленинская линия","osm_route_ids":[3737231,7733914],"status":null,"order_suspect":0,"span_suspect":0,"stations":[{"station_id":"n335999524","station_name":"Zayeltsovksaya"},{"station_id":"n416063358","station_name":"Gagarinskaya"},{"station_id":"n416063356","station_name":"Krasnyi Prospekt"},{"station_id":"n296998275","station_name":"Lenin Square"},{"station_id":"n296998283","station_name":"Oktyabrskaya"},{"station_id":"n296998287","station_name":"Rechnoy Vokzal"},{"station_id":"n8551123999","station_name":"Sportivnaya"},{"station_id":"n416056907","station_name":"Studencheskaya"},{"station_id":"n335996181","station_name":"Ploschad Marksa"}]}],"route_count":1,"route_refs":["1"],"route_colors":["#e6194b"],"city":"Novosibirsk","country":"Russia"},"geometry":{"type":"MultiLineString","coordinates":[[[82.9125123,55.05944696666666],[82.91475103333333,55.05114806666666],[82.91803709999999,55.04189516666667],[82.9204941,55.0301092],[82.93914776666666,55.01895313333333],[82.9383796,55.00894676666667],[82.9204377,54.99693423333333],[82.90663740000001,54.989308],[82.89303203333333,54.9830471]]]}},{"type":"Feature","properties":{"seg_id":"novosibirsk-1","routes":[{"route_id":"rm7733919","route_name":"Dzerzhinskaya Line","route_name_local":"Дзержинская линия","route_name_en":"Dzerzhinskaya Line","route_ref":"2","route_color":"#3cb44b","wikipedia":"ru:Дзержинская линия","osm_route_ids":[3737317,7733913],"status":null,"order_suspect":0,"span_suspect":0,"stations":[{"station_id":"n9948921261","station_name":"Zolotaya Niva"},{"station_id":"n4343794962","station_name":"Beryozovaya roshcha"},{"station_id":"n416063360","station_name":"Marshala Pokryshkina"},{"station_id":"n416063356","station_name":"Sibirskaya"},{"station_id":"n296993659","station_name":"Garin-Mikhailovsky Square"}]}],"route_count":1,"route_refs":["2"],"route_colors":["#3cb44b"],"city":"Novosibirsk","country":"Russia"},"geometry":{"type":"MultiLineString","coordinates":[[[82.97674505,55.037699450000005],[82.95311443333333,55.043329433333334],[82.9349999,55.043700333333334],[82.91803709999999,55.04189516666667],[82.8987856,55.0354074]]]}},{"type":"Feature","properties":{"seg_id":"novosibirsk-2","routes":[{"route_id":"rm21011027","route_name":"Трамвай 13: Гусинобродское шоссе - улица Писарева","route_name_local":"Трамвай 13: Гусинобродское шоссе - улица Писарева","route_name_en":null,"route_ref":"13","route_color":null,"wikipedia":null,"osm_route_ids":[161212],"status":null,"order_suspect":0,"span_suspect":0,"stations":[{"station_id":"n426622530","station_name":"Гусинобродское шоссе"},{"station_id":"n321191553","station_name":"Карбышева"},{"station_id":"n321191550","station_name":"ул. Толбухина"},{"station_id":"n321191545","station_name":"Волочаевский жилмассив"},{"station_id":"n320717719","station_name":"Куприна"},{"station_id":"n320717129","station_name":"Сад Мичуринцев"},{"station_id":"n8907599732","station_name":"НГАУ"},{"station_id":"n8907599734","station_name":"ул. Панфиловцев"},{"station_id":"n8907599740","station_name":"Сквер Героев Донбасса"},{"station_id":"n8907599745","station_name":"Педагогический лицей"},{"station_id":"n8907599753","station_name":"улица Карла Либкнехта"},{"station_id":"n8907599756","station_name":"Строительная академия"},{"station_id":"n8907599759","station_name":"Октябрьский рынок"},{"station_id":"n8907599763","station_name":"Жилмассив Восход"},{"station_id":"n8907599769","station_name":"Гурьевская"},{"station_id":"n8907599771","station_name":"Зыряновская ул."},{"station_id":"n8907599775","station_name":"Маковского"},{"station_id":"n8907599847","station_name":"Сибревкома"},{"station_id":"n8907597014","station_name":"Октябрьская"},{"station_id":"n287665166","station_name":"Театр оперы и балета"},{"station_id":"n319899939","station_name":"Стадион «Спартак»"},{"station_id":"n287665147","station_name":"Центральный рынок"},{"station_id":"n287665141","station_name":"ул. Писарева"}]},{"route_id":"rm21011030","route_name":"Трамвай 14: Площадь Калинина - Сад Мичуринцев","route_name_local":"Трамвай 14: Площадь Калинина - Сад Мичуринцев","route_name_en":null,"route_ref":"14","route_color":null,"wikipedia":null,"osm_route_ids":[9082106,9082107],"status":null,"order_suspect":0,"span_suspect":0,"stations":[{"station_id":"n9756221146","station_name":"Площадь Калинина"},{"station_id":"n9756221148","station_name":"Университет путей сообщения"},{"station_id":"n9756221150","station_name":"Горбольница"},{"station_id":"n9756119489","station_name":"Универмаг Калининский"},{"station_id":"n9756119491","station_name":"Стадион \"Сибирь\""},{"station_id":"n9756119493","station_name":"ДК им. Горького"},{"station_id":"n9756119496","station_name":"Улица 25 лет Октября"},{"station_id":"n9751265220","station_name":"Учительская улица"},{"station_id":"n9751265218","station_name":"Улица Олеко Дундича"},{"station_id":"n9751241816","station_name":"Библиотека"},{"station_id":"n9751241814","station_name":"Поликлиника"},{"station_id":"n9751241815","station_name":"Сквер авиаконструктора Антонова"},{"station_id":"n9751241812","station_name":"Дом одежды"},{"station_id":"n9751241810","station_name":"Гипроуголь"},{"station_id":"n9751241809","station_name":"Дом культуры имени Чкалова"},{"station_id":"n9751241808","station_name":"Магазин Детский мир"},{"station_id":"n9750462095","station_name":"Волочаевская улица"},{"station_id":"n9750462093","station_name":"Река Каменка"},{"station_id":"n9750462091","station_name":"Техническая улица"},{"station_id":"n9750462089","station_name":"Кинотеатр Родина"},{"station_id":"n9750462087","station_name":"Почтовая"},{"station_id":"n426622530","station_name":"Гусинобродское шоссе"},{"station_id":"n321191553","station_name":"Карбышева"},{"station_id":"n321191550","station_name":"ул. Толбухина"},{"station_id":"n321191545","station_name":"Волочаевский жилмассив"},{"station_id":"n320717719","station_name":"Куприна"},{"station_id":"n320717129","station_name":"Сад Мичуринцев"}]}],"route_count":2,"route_refs":["13","14"],"route_colors":["#e11d48","#e11d48"],"city":"Novosibirsk","country":"Russia"},"geometry":{"type":"MultiLineString","coordinates":[[[83.0199063,55.0396804],[83.0140994,55.0383029],[83.0087014,55.0374536],[83.0017151,55.0361621],[82.994927,55.033549550000004],[82.98649610000001,55.029362750000004]]]}},{"type":"Feature","properties":{"seg_id":"novosibirsk-3","routes":[{"route_id":"rm21011027","route_name":"Трамвай 13: Гусинобродское шоссе - улица Писарева","route_name_local":"Трамвай 13: Гусинобродское шоссе - улица Писарева","route_name_en":null,"route_ref":"13","route_color":null,"wikipedia":null,"osm_route_ids":[161212],"status":null,"order_suspect":0,"span_suspect":0,"stations":[{"station_id":"n426622530","station_name":"Гусинобродское шоссе"},{"station_id":"n321191553","station_name":"Карбышева"},{"station_id":"n321191550","station_name":"ул. Толбухина"},{"station_id":"n321191545","station_name":"Волочаевский жилмассив"},{"station_id":"n320717719","station_name":"Куприна"},{"station_id":"n320717129","station_name":"Сад Мичуринцев"},{"station_id":"n8907599732","station_name":"НГАУ"},{"station_id":"n8907599734","station_name":"ул. Панфиловцев"},{"station_id":"n8907599740","station_name":"Сквер Героев Донбасса"},{"station_id":"n8907599745","station_name":"Педагогический лицей"},{"station_id":"n8907599753","station_name":"улица Карла Либкнехта"},{"station_id":"n8907599756","station_name":"Строительная академия"},{"station_id":"n8907599759","station_name":"Октябрьский рынок"},{"station_id":"n8907599763","station_name":"Жилмассив Восход"},{"station_id":"n8907599769","station_name":"Гурьевская"},{"station_id":"n8907599771","station_name":"Зыряновская ул."},{"station_id":"n8907599775","station_name":"Маковского"},{"station_id":"n8907599847","station_name":"Сибревкома"},{"station_id":"n8907597014","station_name":"Октябрьская"},{"station_id":"n287665166","station_name":"Театр оперы и балета"},{"station_id":"n319899939","station_name":"Стадион «Спартак»"},{"station_id":"n287665147","station_name":"Центральный рынок"},{"station_id":"n287665141","station_name":"ул. Писарева"}]}],"route_count":1,"route_refs":["13"],"route_colors":["#e11d48"],"city":"Novosibirsk","country":"Russia"},"geometry":{"type":"MultiLineString","coordinates":[[[82.98649610000001,55.029362750000004],[82.9808879,55.0264984],[82.97720749999999,55.02464295],[82.97154705,55.021802199999996],[82.9662501,55.0236522],[82.96227735,55.021858949999995],[82.9571849,55.0177167],[82.95366145,55.0149277],[82.94756989999999,55.0100793],[82.94491794999999,55.00821335],[82.93925229999999,55.0102912],[82.9329787,55.0128174],[82.9270281,55.0206489],[82.92596900000001,55.02474085],[82.9263891,55.031193],[82.9225757,55.0371201],[82.9213006,55.0417039],[82.9201346,55.0489426]]]}},{"type":"Feature","properties":{"seg_id":"novosibirsk-4","routes":[{"route_id":"rm21011021","route_name":"трамвай 8","route_name_local":"трамвай 8","route_name_en":null,"route_ref":"8","route_color":null,"wikipedia":null,"osm_route_ids":[1715554],"status":null,"order_suspect":0,"span_suspect":0,"stations":[{"station_id":"n5049916209","station_name":"Жилмассив \"Чистая Слобода\""},{"station_id":"n5049916208","station_name":"Облачная"},{"station_id":"n1404737099","station_name":"Поселок Южный"},{"station_id":"n1403032265","station_name":"Бийская улица"},{"station_id":"n1404737101","station_name":"улица Танкистов"},{"station_id":"n1403032295","station_name":"Парашютная"},{"station_id":"n1403032316","station_name":"Широкий переулок"},{"station_id":"n1403032298","station_name":"Permskaya Street"},{"station_id":"n13275221588","station_name":"Клуб им. Чехова"},{"station_id":"n1403032329","station_name":"улица Плахотного"},{"station_id":"n1403032277","station_name":"Ленинский ЗАГС"},{"station_id":"n566133205","station_name":"Хлебозавод","pass":true},{"station_id":"n1403032272","station_name":"Вокзал \"Новосибирск-Западный\""},{"station_id":"n13190016828","station_name":"Площадь Труда"},{"station_id":"n470277396","station_name":"ДК Металлург"},{"station_id":"n470277403","station_name":"ул. Котовского"},{"station_id":"n470277405","station_name":"Зональный институт"},{"station_id":"n470277408","station_name":"улица Блюхера"},{"station_id":"n470277414","station_name":"Геодезическая улица"},{"station_id":"n1408131177","station_name":"Космическая улица"},{"station_id":"n470277415","station_name":"Магазин «Телевизоры»"},{"station_id":"n13275221586","station_name":"ул.Титова"}]},{"route_id":"rm21011011","route_name":"Трамвай 2: Метро \"Площадь Маркса\" - Жилмассив \"Чистая Слобода\"","route_name_local":"Трамвай 2: Метро \"Площадь Маркса\" - Жилмассив \"Чистая Слобода\"","route_name_en":null,"route_ref":"2","route_color":null,"wikipedia":null,"osm_route_ids":[7514382,9081920],"status":null,"order_suspect":0,"span_suspect":0,"stations":[{"station_id":"n5049916209","station_name":"Жилмассив \"Чистая Слобода\""},{"station_id":"n5049916208","station_name":"Облачная","pass":true},{"station_id":"n5049916209","station_name":"Жилмассив \"Чистая Слобода\""},{"station_id":"n5049916208","station_name":"Облачная","pass":true},{"station_id":"n1404737099","station_name":"Поселок Южный"},{"station_id":"n1403032265","station_name":"Бийская улица"},{"station_id":"n1404737101","station_name":"улица Танкистов"},{"station_id":"n1403032295","station_name":"Парашютная"},{"station_id":"n1403032316","station_name":"Широкий переулок"},{"station_id":"n1403032298","station_name":"Permskaya Street"},{"station_id":"n470277382","station_name":"Степная улица","pass":true},{"station_id":"n5062575877","station_name":"Районная"},{"station_id":"n470277364","station_name":"улица Станиславского"},{"station_id":"n1408131188","station_name":"улица Костычева"},{"station_id":"n1408131189","station_name":"улица Серафимовича","pass":true},{"station_id":"n1402595204","station_name":"Римского-Корсакова"},{"station_id":"n418172959","station_name":"Дом радио"},{"station_id":"n1402595202","station_name":"Вертковская улица"},{"station_id":"n1408131184","station_name":"Ulitsa Pokrishkina"},{"station_id":"n444678251","station_name":"Метро \"Площадь Маркса\""},{"station_id":"n13275221588","station_name":"Клуб им. Чехова"},{"station_id":"n470277382","station_name":"Степная улица","pass":true},{"station_id":"n1406258903","station_name":"Квартал Софийский"}]}],"route_count":2,"route_refs":["8","2"],"route_colors":["#e11d48","#e11d48"],"city":"Novosibirsk","country":"Russia"},"geometry":{"type":"MultiLineString","coordinates":[[[82.80428405,54.97865635],[82.8117726,54.9789739],[82.81934385,54.97946035],[82.8241493,54.979697200000004],[82.83089385,54.9800285],[82.83425405,54.98019415],[82.8431918,54.980627],[82.8525031,54.981069950000006]]]}},{"type":"Feature","properties":{"seg_id":"novosibirsk-5","routes":[{"route_id":"rm21011021","route_name":"трамвай 8","route_name_local":"трамвай 8","route_name_en":null,"route_ref":"8","route_color":null,"wikipedia":null,"osm_route_ids":[1715554],"status":null,"order_suspect":0,"span_suspect":0,"stations":[{"station_id":"n5049916209","station_name":"Жилмассив \"Чистая Слобода\""},{"station_id":"n5049916208","station_name":"Облачная"},{"station_id":"n1404737099","station_name":"Поселок Южный"},{"station_id":"n1403032265","station_name":"Бийская улица"},{"station_id":"n1404737101","station_name":"улица Танкистов"},{"station_id":"n1403032295","station_name":"Парашютная"},{"station_id":"n1403032316","station_name":"Широкий переулок"},{"station_id":"n1403032298","station_name":"Permskaya Street"},{"station_id":"n13275221588","station_name":"Клуб им. Чехова"},{"station_id":"n1403032329","station_name":"улица Плахотного"},{"station_id":"n1403032277","station_name":"Ленинский ЗАГС"},{"station_id":"n566133205","station_name":"Хлебозавод","pass":true},{"station_id":"n1403032272","station_name":"Вокзал \"Новосибирск-Западный\""},{"station_id":"n13190016828","station_name":"Площадь Труда"},{"station_id":"n470277396","station_name":"ДК Металлург"},{"station_id":"n470277403","station_name":"ул. Котовского"},{"station_id":"n470277405","station_name":"Зональный институт"},{"station_id":"n470277408","station_name":"улица Блюхера"},{"station_id":"n470277414","station_name":"Геодезическая улица"},{"station_id":"n1408131177","station_name":"Космическая улица"},{"station_id":"n470277415","station_name":"Магазин «Телевизоры»"},{"station_id":"n13275221586","station_name":"ул.Титова"}]}],"route_count":1,"route_refs":["8"],"route_colors":["#e11d48"],"city":"Novosibirsk","country":"Russia"},"geometry":{"type":"MultiLineString","coordinates":[[[82.8525031,54.981069950000006],[82.85837626666667,54.9813988]]]}},{"type":"Feature","properties":{"seg_id":"novosibirsk-6","routes":[{"route_id":"rm21011021","route_name":"трамвай 8","route_name_local":"трамвай 8","route_name_en":null,"route_ref":"8","route_color":null,"wikipedia":null,"osm_route_ids":[1715554],"status":null,"order_suspect":0,"span_suspect":0,"stations":[{"station_id":"n5049916209","station_name":"Жилмассив \"Чистая Слобода\""},{"station_id":"n5049916208","station_name":"Облачная"},{"station_id":"n1404737099","station_name":"Поселок Южный"},{"station_id":"n1403032265","station_name":"Бийская улица"},{"station_id":"n1404737101","station_name":"улица Танкистов"},{"station_id":"n1403032295","station_name":"Парашютная"},{"station_id":"n1403032316","station_name":"Широкий переулок"},{"station_id":"n1403032298","station_name":"Permskaya Street"},{"station_id":"n13275221588","station_name":"Клуб им. Чехова"},{"station_id":"n1403032329","station_name":"улица Плахотного"},{"station_id":"n1403032277","station_name":"Ленинский ЗАГС"},{"station_id":"n566133205","station_name":"Хлебозавод","pass":true},{"station_id":"n1403032272","station_name":"Вокзал \"Новосибирск-Западный\""},{"station_id":"n13190016828","station_name":"Площадь Труда"},{"station_id":"n470277396","station_name":"ДК Металлург"},{"station_id":"n470277403","station_name":"ул. Котовского"},{"station_id":"n470277405","station_name":"Зональный институт"},{"station_id":"n470277408","station_name":"улица Блюхера"},{"station_id":"n470277414","station_name":"Геодезическая улица"},{"station_id":"n1408131177","station_name":"Космическая улица"},{"station_id":"n470277415","station_name":"Магазин «Телевизоры»"},{"station_id":"n13275221586","station_name":"ул.Титова"}]},{"route_id":"rm1722739","route_name":"трамвай 15","route_name_local":"трамвай 15","route_name_en":null,"route_ref":"15","route_color":null,"wikipedia":null,"osm_route_ids":[1722737,1722738],"status":null,"order_suspect":0,"span_suspect":0,"stations":[{"station_id":"n380063049","station_name":"Бугринская роща"},{"station_id":"n663207122","station_name":"ул. Оловозаводская"},{"station_id":"n1402037720","station_name":"Тюменская ул."},{"station_id":"n1402037702","station_name":"Промышленная улица"},{"station_id":"n1402037695","station_name":"Ул. Брюллова"},{"station_id":"n1402037706","station_name":"Оловозавод"},{"station_id":"n1402037697","station_name":"Поликлинника №21"},{"station_id":"n1402037712","station_name":"Строительная улица"},{"station_id":"n1402037721","station_name":"Улица Мира"},{"station_id":"n1401342541","station_name":"площадь Сибиряков-Гвардейцев"},{"station_id":"n1402595202","station_name":"Вертковская улица"},{"station_id":"n1408131184","station_name":"Ulitsa Pokrishkina"},{"station_id":"n444678251","station_name":"Метро \"Площадь Маркса\""},{"station_id":"n13275221586","station_name":"ул.Титова"},{"station_id":"n470277415","station_name":"Магазин «Телевизоры»"},{"station_id":"n1408131177","station_name":"Космическая улица"},{"station_id":"n470277414","station_name":"Геодезическая улица"},{"station_id":"n470277408","station_name":"улица Блюхера"},{"station_id":"n470277405","station_name":"Зональный институт"},{"station_id":"n470277403","station_name":"ул. Котовского"},{"station_id":"n470277396","station_name":"ДК Металлург"},{"station_id":"n13190016828","station_name":"Площадь Труда"},{"station_id":"n1403032272","station_name":"Вокзал \"Новосибирск-Западный\""},{"station_id":"n566133205","station_name":"Хлебозавод"},{"station_id":"n1403032277","station_name":"Ленинский ЗАГС"},{"station_id":"n1403032329","station_name":"улица Плахотного"},{"station_id":"n13275221588","station_name":"Клуб им. Чехова"},{"station_id":"n470277382","station_name":"Степная улица"},{"station_id":"n1406258903","station_name":"Квартал Софийский"},{"station_id":"n470277380","station_name":"Станиславский жилмассив"},{"station_id":"n1402595304","station_name":"Кирзавод"},{"station_id":"n663207103","station_name":"Автокомбинат"},{"station_id":"n663207104","station_name":"улица 9-й Гвардейской Дивизии"},{"station_id":"n1406258901","station_name":"Волховская улица"},{"station_id":"n566133064","station_name":"Школа №174"},{"station_id":"n566132989","station_name":"Юго-Западный жилмассив"}]}],"route_count":2,"route_refs":["8","15"],"route_colors":["#e11d48","#e11d48"],"city":"Novosibirsk","country":"Russia"},"geometry":{"type":"MultiLineString","coordinates":[[[82.85837626666667,54.9813988],[82.8581362,54.9850887],[82.85753854999999,54.9892159],[82.85479885000001,54.99227765]]]}},{"type":"Feature","properties":{"seg_id":"novosibirsk-7","routes":[{"route_id":"rm21011021","route_name":"трамвай 8","route_name_local":"трамвай 8","route_name_en":null,"route_ref":"8","route_color":null,"wikipedia":null,"osm_route_ids":[1715554],"status":null,"order_suspect":0,"span_suspect":0,"stations":[{"station_id":"n5049916209","station_name":"Жилмассив \"Чистая Слобода\""},{"station_id":"n5049916208","station_name":"Облачная"},{"station_id":"n1404737099","station_name":"Поселок Южный"},{"station_id":"n1403032265","station_name":"Бийская улица"},{"station_id":"n1404737101","station_name":"улица Танкистов"},{"station_id":"n1403032295","station_name":"Парашютная"},{"station_id":"n1403032316","station_name":"Широкий переулок"},{"station_id":"n1403032298","station_name":"Permskaya Street"},{"station_id":"n13275221588","station_name":"Клуб им. Чехова"},{"station_id":"n1403032329","station_name":"улица Плахотного"},{"station_id":"n1403032277","station_name":"Ленинский ЗАГС"},{"station_id":"n566133205","station_name":"Хлебозавод","pass":true},{"station_id":"n1403032272","station_name":"Вокзал \"Новосибирск-Западный\""},{"station_id":"n13190016828","station_name":"Площадь Труда"},{"station_id":"n470277396","station_name":"ДК Металлург"},{"station_id":"n470277403","station_name":"ул. Котовского"},{"station_id":"n470277405","station_name":"Зональный институт"},{"station_id":"n470277408","station_name":"улица Блюхера"},{"station_id":"n470277414","station_name":"Геодезическая улица"},{"station_id":"n1408131177","station_name":"Космическая улица"},{"station_id":"n470277415","station_name":"Магазин «Телевизоры»"},{"station_id":"n13275221586","station_name":"ул.Титова"}]},{"route_id":"rm1722436","route_name":"трамвай 18","route_name_local":"трамвай 18","route_name_en":null,"route_ref":"18","route_color":null,"wikipedia":null,"osm_route_ids":[1722434,1722435],"status":null,"order_suspect":0,"span_suspect":0,"stations":[{"station_id":"n566132989","station_name":"Юго-Западный жилмассив"},{"station_id":"n566133064","station_name":"Школа №174"},{"station_id":"n566133098","station_name":"Оборонная улица"},{"station_id":"n566133163","station_name":"улица Связистов"},{"station_id":"n566133172","station_name":"Озёрная"},{"station_id":"n566133178","station_name":"ул. Ташкентская"},{"station_id":"n566133185","station_name":"улица Невельского"},{"station_id":"n566133192","station_name":"Широкая улица"},{"station_id":"n566133201","station_name":"Киевская улица"},{"station_id":"n566133205","station_name":"Хлебозавод"},{"station_id":"n1403032272","station_name":"Вокзал \"Новосибирск-Западный\""},{"station_id":"n13190016828","station_name":"Площадь Труда","pass":true},{"station_id":"n470277396","station_name":"ДК Металлург"},{"station_id":"n470277403","station_name":"ул. Котовского"},{"station_id":"n470277405","station_name":"Зональный институт"},{"station_id":"n470277408","station_name":"улица Блюхера"},{"station_id":"n470277414","station_name":"Геодезическая улица"},{"station_id":"n1408131177","station_name":"Космическая улица"},{"station_id":"n470277415","station_name":"Магазин «Телевизоры»"},{"station_id":"n13275221586","station_name":"ул. Титова","pass":true},{"station_id":"n444678251","station_name":"Метро \"Площадь Маркса\""},{"station_id":"n1408131184","station_name":"Ulitsa Pokrishkina"},{"station_id":"n1402595202","station_name":"Вертковская улица","pass":true},{"station_id":"n1401342541","station_name":"площадь Сибиряков-Гвардейцев"},{"station_id":"n1402037715","station_name":"ТГ \"Левобережный\""},{"station_id":"n663207112","station_name":"Индустриальная"},{"station_id":"n1401341698","station_name":"площадь Кирова"},{"station_id":"n1402037687","station_name":"Бульвар"},{"station_id":"n1402037724","station_name":"Универмаг \"Кировский\""},{"station_id":"n1402037739","station_name":"улица Петухова"},{"station_id":"n13275221586","station_name":"ул. Титова","pass":true},{"station_id":"n566133163","station_name":"улица Связистов"}]},{"route_id":"rm1722739","route_name":"трамвай 15","route_name_local":"трамвай 15","route_name_en":null,"route_ref":"15","route_color":null,"wikipedia":null,"osm_route_ids":[1722737,1722738],"status":null,"order_suspect":0,"span_suspect":0,"stations":[{"station_id":"n380063049","station_name":"Бугринская роща"},{"station_id":"n663207122","station_name":"ул. Оловозаводская"},{"station_id":"n1402037720","station_name":"Тюменская ул."},{"station_id":"n1402037702","station_name":"Промышленная улица"},{"station_id":"n1402037695","station_name":"Ул. Брюллова"},{"station_id":"n1402037706","station_name":"Оловозавод"},{"station_id":"n1402037697","station_name":"Поликлинника №21"},{"station_id":"n1402037712","station_name":"Строительная улица"},{"station_id":"n1402037721","station_name":"Улица Мира"},{"station_id":"n1401342541","station_name":"площадь Сибиряков-Гвардейцев"},{"station_id":"n1402595202","station_name":"Вертковская улица"},{"station_id":"n1408131184","station_name":"Ulitsa Pokrishkina"},{"station_id":"n444678251","station_name":"Метро \"Площадь Маркса\""},{"station_id":"n13275221586","station_name":"ул.Титова"},{"station_id":"n470277415","station_name":"Магазин «Телевизоры»"},{"station_id":"n1408131177","station_name":"Космическая улица"},{"station_id":"n470277414","station_name":"Геодезическая улица"},{"station_id":"n470277408","station_name":"улица Блюхера"},{"station_id":"n470277405","station_name":"Зональный институт"},{"station_id":"n470277403","station_name":"ул. Котовского"},{"station_id":"n470277396","station_name":"ДК Металлург"},{"station_id":"n13190016828","station_name":"Площадь Труда"},{"station_id":"n1403032272","station_name":"Вокзал \"Новосибирск-Западный\""},{"station_id":"n566133205","station_name":"Хлебозавод"},{"station_id":"n1403032277","station_name":"Ленинский ЗАГС"},{"station_id":"n1403032329","station_name":"улица Плахотного"},{"station_id":"n13275221588","station_name":"Клуб им. Чехова"},{"station_id":"n470277382","station_name":"Степная улица"},{"station_id":"n1406258903","station_name":"Квартал Софийский"},{"station_id":"n470277380","station_name":"Станиславский жилмассив"},{"station_id":"n1402595304","station_name":"Кирзавод"},{"station_id":"n663207103","station_name":"Автокомбинат"},{"station_id":"n663207104","station_name":"улица 9-й Гвардейской Дивизии"},{"station_id":"n1406258901","station_name":"Волховская улица"},{"station_id":"n566133064","station_name":"Школа №174"},{"station_id":"n566132989","station_name":"Юго-Западный жилмассив"}]}],"route_count":3,"route_refs":["8","18","15"],"route_colors":["#e11d48","#e11d48","#e11d48"],"city":"Novosibirsk","country":"Russia"},"geometry":{"type":"MultiLineString","coordinates":[[[82.85479885000001,54.99227765],[82.85773545,54.99418345],[82.8702079,54.9950861],[82.8803953,54.99266245],[82.88623425,54.9926639],[82.89537155,54.9926987],[82.9039688,54.99304575],[82.9019986,54.990942450000006],[82.8981658,54.988680450000004],[82.8926651,54.9854345],[82.88949149999999,54.98356125]]]}},{"type":"Feature","properties":{"seg_id":"novosibirsk-8","routes":[{"route_id":"rm1722436","route_name":"трамвай 18","route_name_local":"трамвай 18","route_name_en":null,"route_ref":"18","route_color":null,"wikipedia":null,"osm_route_ids":[1722434,1722435],"status":null,"order_suspect":0,"span_suspect":0,"stations":[{"station_id":"n566132989","station_name":"Юго-Западный жилмассив"},{"station_id":"n566133064","station_name":"Школа №174"},{"station_id":"n566133098","station_name":"Оборонная улица"},{"station_id":"n566133163","station_name":"улица Связистов"},{"station_id":"n566133172","station_name":"Озёрная"},{"station_id":"n566133178","station_name":"ул. Ташкентская"},{"station_id":"n566133185","station_name":"улица Невельского"},{"station_id":"n566133192","station_name":"Широкая улица"},{"station_id":"n566133201","station_name":"Киевская улица"},{"station_id":"n566133205","station_name":"Хлебозавод"},{"station_id":"n1403032272","station_name":"Вокзал \"Новосибирск-Западный\""},{"station_id":"n13190016828","station_name":"Площадь Труда","pass":true},{"station_id":"n470277396","station_name":"ДК Металлург"},{"station_id":"n470277403","station_name":"ул. Котовского"},{"station_id":"n470277405","station_name":"Зональный институт"},{"station_id":"n470277408","station_name":"улица Блюхера"},{"station_id":"n470277414","station_name":"Геодезическая улица"},{"station_id":"n1408131177","station_name":"Космическая улица"},{"station_id":"n470277415","station_name":"Магазин «Телевизоры»"},{"station_id":"n13275221586","station_name":"ул. Титова","pass":true},{"station_id":"n444678251","station_name":"Метро \"Площадь Маркса\""},{"station_id":"n1408131184","station_name":"Ulitsa Pokrishkina"},{"station_id":"n1402595202","station_name":"Вертковская улица","pass":true},{"station_id":"n1401342541","station_name":"площадь Сибиряков-Гвардейцев"},{"station_id":"n1402037715","station_name":"ТГ \"Левобережный\""},{"station_id":"n663207112","station_name":"Индустриальная"},{"station_id":"n1401341698","station_name":"площадь Кирова"},{"station_id":"n1402037687","station_name":"Бульвар"},{"station_id":"n1402037724","station_name":"Универмаг \"Кировский\""},{"station_id":"n1402037739","station_name":"улица Петухова"},{"station_id":"n13275221586","station_name":"ул. Титова","pass":true},{"station_id":"n566133163","station_name":"улица Связистов"}]},{"route_id":"rm1722739","route_name":"трамвай 15","route_name_local":"трамвай 15","route_name_en":null,"route_ref":"15","route_color":null,"wikipedia":null,"osm_route_ids":[1722737,1722738],"status":null,"order_suspect":0,"span_suspect":0,"stations":[{"station_id":"n380063049","station_name":"Бугринская роща"},{"station_id":"n663207122","station_name":"ул. Оловозаводская"},{"station_id":"n1402037720","station_name":"Тюменская ул."},{"station_id":"n1402037702","station_name":"Промышленная улица"},{"station_id":"n1402037695","station_name":"Ул. Брюллова"},{"station_id":"n1402037706","station_name":"Оловозавод"},{"station_id":"n1402037697","station_name":"Поликлинника №21"},{"station_id":"n1402037712","station_name":"Строительная улица"},{"station_id":"n1402037721","station_name":"Улица Мира"},{"station_id":"n1401342541","station_name":"площадь Сибиряков-Гвардейцев"},{"station_id":"n1402595202","station_name":"Вертковская улица"},{"station_id":"n1408131184","station_name":"Ulitsa Pokrishkina"},{"station_id":"n444678251","station_name":"Метро \"Площадь Маркса\""},{"station_id":"n13275221586","station_name":"ул.Титова"},{"station_id":"n470277415","station_name":"Магазин «Телевизоры»"},{"station_id":"n1408131177","station_name":"Космическая улица"},{"station_id":"n470277414","station_name":"Геодезическая улица"},{"station_id":"n470277408","station_name":"улица Блюхера"},{"station_id":"n470277405","station_name":"Зональный институт"},{"station_id":"n470277403","station_name":"ул. Котовского"},{"station_id":"n470277396","station_name":"ДК Металлург"},{"station_id":"n13190016828","station_name":"Площадь Труда"},{"station_id":"n1403032272","station_name":"Вокзал \"Новосибирск-Западный\""},{"station_id":"n566133205","station_name":"Хлебозавод"},{"station_id":"n1403032277","station_name":"Ленинский ЗАГС"},{"station_id":"n1403032329","station_name":"улица Плахотного"},{"station_id":"n13275221588","station_name":"Клуб им. Чехова"},{"station_id":"n470277382","station_name":"Степная улица"},{"station_id":"n1406258903","station_name":"Квартал Софийский"},{"station_id":"n470277380","station_name":"Станиславский жилмассив"},{"station_id":"n1402595304","station_name":"Кирзавод"},{"station_id":"n663207103","station_name":"Автокомбинат"},{"station_id":"n663207104","station_name":"улица 9-й Гвардейской Дивизии"},{"station_id":"n1406258901","station_name":"Волховская улица"},{"station_id":"n566133064","station_name":"Школа №174"},{"station_id":"n566132989","station_name":"Юго-Западный жилмассив"}]},{"route_id":"rm21011048","route_name":"трамвай 16","route_name_local":"трамвай 16","route_name_en":null,"route_ref":"16","route_color":null,"wikipedia":null,"osm_route_ids":[14060546,14060547],"status":null,"order_suspect":0,"span_suspect":0,"stations":[{"station_id":"n13275221586","station_name":"ул.Титова"},{"station_id":"n444678251","station_name":"Метро \"Площадь Маркса\""},{"station_id":"n1408131184","station_name":"Ulitsa Pokrishkina"},{"station_id":"n1402595202","station_name":"Вертковская улица"},{"station_id":"n418172959","station_name":"Дом радио"},{"station_id":"n1402595204","station_name":"Римского-Корсакова"},{"station_id":"n1408131189","station_name":"улица Серафимовича"},{"station_id":"n1408131188","station_name":"улица Костычева"},{"station_id":"n470277364","station_name":"улица Станиславского"},{"station_id":"n5062575877","station_name":"Районная"},{"station_id":"n1406258903","station_name":"Квартал Софийский"},{"station_id":"n470277380","station_name":"Станиславский жилмассив"},{"station_id":"n1402595304","station_name":"Кирзавод"},{"station_id":"n663207103","station_name":"Автокомбинат"},{"station_id":"n663207104","station_name":"улица 9-й Гвардейской Дивизии"},{"station_id":"n1406258901","station_name":"Волховская улица"},{"station_id":"n566133064","station_name":"Школа №174"},{"station_id":"n566132989","station_name":"Юго-Западный жилмассив"}]}],"route_count":3,"route_refs":["18","15","16"],"route_colors":["#e11d48","#e11d48","#e11d48"],"city":"Novosibirsk","country":"Russia"},"geometry":{"type":"MultiLineString","coordinates":[[[82.8388258,54.96332855],[82.83788440000001,54.9680522]]]}},{"type":"Feature","properties":{"seg_id":"novosibirsk-9","routes":[{"route_id":"rm1722436","route_name":"трамвай 18","route_name_local":"трамвай 18","route_name_en":null,"route_ref":"18","route_color":null,"wikipedia":null,"osm_route_ids":[1722434,1722435],"status":null,"order_suspect":0,"span_suspect":0,"stations":[{"station_id":"n566132989","station_name":"Юго-Западный жилмассив"},{"station_id":"n566133064","station_name":"Школа №174"},{"station_id":"n566133098","station_name":"Оборонная улица"},{"station_id":"n566133163","station_name":"улица Связистов"},{"station_id":"n566133172","station_name":"Озёрная"},{"station_id":"n566133178","station_name":"ул. Ташкентская"},{"station_id":"n566133185","station_name":"улица Невельского"},{"station_id":"n566133192","station_name":"Широкая улица"},{"station_id":"n566133201","station_name":"Киевская улица"},{"station_id":"n566133205","station_name":"Хлебозавод"},{"station_id":"n1403032272","station_name":"Вокзал \"Новосибирск-Западный\""},{"station_id":"n13190016828","station_name":"Площадь Труда","pass":true},{"station_id":"n470277396","station_name":"ДК Металлург"},{"station_id":"n470277403","station_name":"ул. Котовского"},{"station_id":"n470277405","station_name":"Зональный институт"},{"station_id":"n470277408","station_name":"улица Блюхера"},{"station_id":"n470277414","station_name":"Геодезическая улица"},{"station_id":"n1408131177","station_name":"Космическая улица"},{"station_id":"n470277415","station_name":"Магазин «Телевизоры»"},{"station_id":"n13275221586","station_name":"ул. Титова","pass":true},{"station_id":"n444678251","station_name":"Метро \"Площадь Маркса\""},{"station_id":"n1408131184","station_name":"Ulitsa Pokrishkina"},{"station_id":"n1402595202","station_name":"Вертковская улица","pass":true},{"station_id":"n1401342541","station_name":"площадь Сибиряков-Гвардейцев"},{"station_id":"n1402037715","station_name":"ТГ \"Левобережный\""},{"station_id":"n663207112","station_name":"Индустриальная"},{"station_id":"n1401341698","station_name":"площадь Кирова"},{"station_id":"n1402037687","station_name":"Бульвар"},{"station_id":"n1402037724","station_name":"Универмаг \"Кировский\""},{"station_id":"n1402037739","station_name":"улица Петухова"},{"station_id":"n13275221586","station_name":"ул. Титова","pass":true},{"station_id":"n566133163","station_name":"улица Связистов"}]}],"route_count":1,"route_refs":["18"],"route_colors":["#e11d48"],"city":"Novosibirsk","country":"Russia"},"geometry":{"type":"MultiLineString","coordinates":[[[82.83788440000001,54.9680522],[82.83699755,54.9740657],[82.8362587,54.97621225],[82.8350479,54.985725900000006],[82.83510165,54.98888945],[82.83461804999999,54.9924605],[82.8430127,54.9933921],[82.84828345,54.99368895],[82.85479885000001,54.99227765]],[[82.90010395,54.941826199999994],[82.906269,54.94145915],[82.9148141,54.9409407],[82.9273811,54.94018925],[82.88949149999999,54.98356125],[82.8362587,54.97621225]]]}},{"type":"Feature","properties":{"seg_id":"novosibirsk-10","routes":[{"route_id":"rm1722436","route_name":"трамвай 18","route_name_local":"трамвай 18","route_name_en":null,"route_ref":"18","route_color":null,"wikipedia":null,"osm_route_ids":[1722434,1722435],"status":null,"order_suspect":0,"span_suspect":0,"stations":[{"station_id":"n566132989","station_name":"Юго-Западный жилмассив"},{"station_id":"n566133064","station_name":"Школа №174"},{"station_id":"n566133098","station_name":"Оборонная улица"},{"station_id":"n566133163","station_name":"улица Связистов"},{"station_id":"n566133172","station_name":"Озёрная"},{"station_id":"n566133178","station_name":"ул. Ташкентская"},{"station_id":"n566133185","station_name":"улица Невельского"},{"station_id":"n566133192","station_name":"Широкая улица"},{"station_id":"n566133201","station_name":"Киевская улица"},{"station_id":"n566133205","station_name":"Хлебозавод"},{"station_id":"n1403032272","station_name":"Вокзал \"Новосибирск-Западный\""},{"station_id":"n13190016828","station_name":"Площадь Труда","pass":true},{"station_id":"n470277396","station_name":"ДК Металлург"},{"station_id":"n470277403","station_name":"ул. Котовского"},{"station_id":"n470277405","station_name":"Зональный институт"},{"station_id":"n470277408","station_name":"улица Блюхера"},{"station_id":"n470277414","station_name":"Геодезическая улица"},{"station_id":"n1408131177","station_name":"Космическая улица"},{"station_id":"n470277415","station_name":"Магазин «Телевизоры»"},{"station_id":"n13275221586","station_name":"ул. Титова","pass":true},{"station_id":"n444678251","station_name":"Метро \"Площадь Маркса\""},{"station_id":"n1408131184","station_name":"Ulitsa Pokrishkina"},{"station_id":"n1402595202","station_name":"Вертковская улица","pass":true},{"station_id":"n1401342541","station_name":"площадь Сибиряков-Гвардейцев"},{"station_id":"n1402037715","station_name":"ТГ \"Левобережный\""},{"station_id":"n663207112","station_name":"Индустриальная"},{"station_id":"n1401341698","station_name":"площадь Кирова"},{"station_id":"n1402037687","station_name":"Бульвар"},{"station_id":"n1402037724","station_name":"Универмаг \"Кировский\""},{"station_id":"n1402037739","station_name":"улица Петухова"},{"station_id":"n13275221586","station_name":"ул. Титова","pass":true},{"station_id":"n566133163","station_name":"улица Связистов"}]},{"route_id":"rm1722457","route_name":"трамвай 3","route_name_local":"трамвай 3","route_name_en":null,"route_ref":"3","route_color":null,"wikipedia":null,"osm_route_ids":[1722455,1722456],"status":null,"order_suspect":0,"span_suspect":0,"stations":[{"station_id":"n472661901","station_name":"Молкомбинат"},{"station_id":"n1400814083","station_name":"Сибирский Грузовой Терминал"},{"station_id":"n1400814076","station_name":"ул. Ивана Титкова"},{"station_id":"n1400814093","station_name":"Сибэлектротерм"},{"station_id":"n1400814104","station_name":"улица Паласса"},{"station_id":"n1400814090","station_name":"Улица Виктора Уса"},{"station_id":"n1400814097","station_name":"ЭЛСИБ"},{"station_id":"n1401341698","station_name":"площадь Кирова"},{"station_id":"n663207112","station_name":"Индустриальная"},{"station_id":"n1402037715","station_name":"ТГ \"Левобережный\""},{"station_id":"n1401342541","station_name":"площадь Сибиряков-Гвардейцев"},{"station_id":"n1402595202","station_name":"Вертковская улица"},{"station_id":"n1408131184","station_name":"Ulitsa Pokrishkina"},{"station_id":"n444678251","station_name":"Метро \"Площадь Маркса\""},{"station_id":"n13275221586","station_name":"ул.Титова"}]},{"route_id":"rm1722739","route_name":"трамвай 15","route_name_local":"трамвай 15","route_name_en":null,"route_ref":"15","route_color":null,"wikipedia":null,"osm_route_ids":[1722737,1722738],"status":null,"order_suspect":0,"span_suspect":0,"stations":[{"station_id":"n380063049","station_name":"Бугринская роща"},{"station_id":"n663207122","station_name":"ул. Оловозаводская"},{"station_id":"n1402037720","station_name":"Тюменская ул."},{"station_id":"n1402037702","station_name":"Промышленная улица"},{"station_id":"n1402037695","station_name":"Ул. Брюллова"},{"station_id":"n1402037706","station_name":"Оловозавод"},{"station_id":"n1402037697","station_name":"Поликлинника №21"},{"station_id":"n1402037712","station_name":"Строительная улица"},{"station_id":"n1402037721","station_name":"Улица Мира"},{"station_id":"n1401342541","station_name":"площадь Сибиряков-Гвардейцев"},{"station_id":"n1402595202","station_name":"Вертковская улица"},{"station_id":"n1408131184","station_name":"Ulitsa Pokrishkina"},{"station_id":"n444678251","station_name":"Метро \"Площадь Маркса\""},{"station_id":"n13275221586","station_name":"ул.Титова"},{"station_id":"n470277415","station_name":"Магазин «Телевизоры»"},{"station_id":"n1408131177","station_name":"Космическая улица"},{"station_id":"n470277414","station_name":"Геодезическая улица"},{"station_id":"n470277408","station_name":"улица Блюхера"},{"station_id":"n470277405","station_name":"Зональный институт"},{"station_id":"n470277403","station_name":"ул. Котовского"},{"station_id":"n470277396","station_name":"ДК Металлург"},{"station_id":"n13190016828","station_name":"Площадь Труда"},{"station_id":"n1403032272","station_name":"Вокзал \"Новосибирск-Западный\""},{"station_id":"n566133205","station_name":"Хлебозавод"},{"station_id":"n1403032277","station_name":"Ленинский ЗАГС"},{"station_id":"n1403032329","station_name":"улица Плахотного"},{"station_id":"n13275221588","station_name":"Клуб им. Чехова"},{"station_id":"n470277382","station_name":"Степная улица"},{"station_id":"n1406258903","station_name":"Квартал Софийский"},{"station_id":"n470277380","station_name":"Станиславский жилмассив"},{"station_id":"n1402595304","station_name":"Кирзавод"},{"station_id":"n663207103","station_name":"Автокомбинат"},{"station_id":"n663207104","station_name":"улица 9-й Гвардейской Дивизии"},{"station_id":"n1406258901","station_name":"Волховская улица"},{"station_id":"n566133064","station_name":"Школа №174"},{"station_id":"n566132989","station_name":"Юго-Западный жилмассив"}]},{"route_id":"rm21011048","route_name":"трамвай 16","route_name_local":"трамвай 16","route_name_en":null,"route_ref":"16","route_color":null,"wikipedia":null,"osm_route_ids":[14060546,14060547],"status":null,"order_suspect":0,"span_suspect":0,"stations":[{"station_id":"n13275221586","station_name":"ул.Титова"},{"station_id":"n444678251","station_name":"Метро \"Площадь Маркса\""},{"station_id":"n1408131184","station_name":"Ulitsa Pokrishkina"},{"station_id":"n1402595202","station_name":"Вертковская улица"},{"station_id":"n418172959","station_name":"Дом радио"},{"station_id":"n1402595204","station_name":"Римского-Корсакова"},{"station_id":"n1408131189","station_name":"улица Серафимовича"},{"station_id":"n1408131188","station_name":"улица Костычева"},{"station_id":"n470277364","station_name":"улица Станиславского"},{"station_id":"n5062575877","station_name":"Районная"},{"station_id":"n1406258903","station_name":"Квартал Софийский"},{"station_id":"n470277380","station_name":"Станиславский жилмассив"},{"station_id":"n1402595304","station_name":"Кирзавод"},{"station_id":"n663207103","station_name":"Автокомбинат"},{"station_id":"n663207104","station_name":"улица 9-й Гвардейской Дивизии"},{"station_id":"n1406258901","station_name":"Волховская улица"},{"station_id":"n566133064","station_name":"Школа №174"},{"station_id":"n566132989","station_name":"Юго-Западный жилмассив"}]}],"route_count":4,"route_refs":["18","3","15","16"],"route_colors":["#e11d48","#e11d48","#e11d48","#e11d48"],"city":"Novosibirsk","country":"Russia"},"geometry":{"type":"MultiLineString","coordinates":[[[82.88949149999999,54.98356125],[82.89041235,54.98219725]]]}},{"type":"Feature","properties":{"seg_id":"novosibirsk-11","routes":[{"route_id":"rm1722436","route_name":"трамвай 18","route_name_local":"трамвай 18","route_name_en":null,"route_ref":"18","route_color":null,"wikipedia":null,"osm_route_ids":[1722434,1722435],"status":null,"order_suspect":0,"span_suspect":0,"stations":[{"station_id":"n566132989","station_name":"Юго-Западный жилмассив"},{"station_id":"n566133064","station_name":"Школа №174"},{"station_id":"n566133098","station_name":"Оборонная улица"},{"station_id":"n566133163","station_name":"улица Связистов"},{"station_id":"n566133172","station_name":"Озёрная"},{"station_id":"n566133178","station_name":"ул. Ташкентская"},{"station_id":"n566133185","station_name":"улица Невельского"},{"station_id":"n566133192","station_name":"Широкая улица"},{"station_id":"n566133201","station_name":"Киевская улица"},{"station_id":"n566133205","station_name":"Хлебозавод"},{"station_id":"n1403032272","station_name":"Вокзал \"Новосибирск-Западный\""},{"station_id":"n13190016828","station_name":"Площадь Труда","pass":true},{"station_id":"n470277396","station_name":"ДК Металлург"},{"station_id":"n470277403","station_name":"ул. Котовского"},{"station_id":"n470277405","station_name":"Зональный институт"},{"station_id":"n470277408","station_name":"улица Блюхера"},{"station_id":"n470277414","station_name":"Геодезическая улица"},{"station_id":"n1408131177","station_name":"Космическая улица"},{"station_id":"n470277415","station_name":"Магазин «Телевизоры»"},{"station_id":"n13275221586","station_name":"ул. Титова","pass":true},{"station_id":"n444678251","station_name":"Метро \"Площадь Маркса\""},{"station_id":"n1408131184","station_name":"Ulitsa Pokrishkina"},{"station_id":"n1402595202","station_name":"Вертковская улица","pass":true},{"station_id":"n1401342541","station_name":"площадь Сибиряков-Гвардейцев"},{"station_id":"n1402037715","station_name":"ТГ \"Левобережный\""},{"station_id":"n663207112","station_name":"Индустриальная"},{"station_id":"n1401341698","station_name":"площадь Кирова"},{"station_id":"n1402037687","station_name":"Бульвар"},{"station_id":"n1402037724","station_name":"Универмаг \"Кировский\""},{"station_id":"n1402037739","station_name":"улица Петухова"},{"station_id":"n13275221586","station_name":"ул. Титова","pass":true},{"station_id":"n566133163","station_name":"улица Связистов"}]},{"route_id":"rm1722457","route_name":"трамвай 3","route_name_local":"трамвай 3","route_name_en":null,"route_ref":"3","route_color":null,"wikipedia":null,"osm_route_ids":[1722455,1722456],"status":null,"order_suspect":0,"span_suspect":0,"stations":[{"station_id":"n472661901","station_name":"Молкомбинат"},{"station_id":"n1400814083","station_name":"Сибирский Грузовой Терминал"},{"station_id":"n1400814076","station_name":"ул. Ивана Титкова"},{"station_id":"n1400814093","station_name":"Сибэлектротерм"},{"station_id":"n1400814104","station_name":"улица Паласса"},{"station_id":"n1400814090","station_name":"Улица Виктора Уса"},{"station_id":"n1400814097","station_name":"ЭЛСИБ"},{"station_id":"n1401341698","station_name":"площадь Кирова"},{"station_id":"n663207112","station_name":"Индустриальная"},{"station_id":"n1402037715","station_name":"ТГ \"Левобережный\""},{"station_id":"n1401342541","station_name":"площадь Сибиряков-Гвардейцев"},{"station_id":"n1402595202","station_name":"Вертковская улица"},{"station_id":"n1408131184","station_name":"Ulitsa Pokrishkina"},{"station_id":"n444678251","station_name":"Метро \"Площадь Маркса\""},{"station_id":"n13275221586","station_name":"ул.Титова"}]},{"route_id":"rm1722739","route_name":"трамвай 15","route_name_local":"трамвай 15","route_name_en":null,"route_ref":"15","route_color":null,"wikipedia":null,"osm_route_ids":[1722737,1722738],"status":null,"order_suspect":0,"span_suspect":0,"stations":[{"station_id":"n380063049","station_name":"Бугринская роща"},{"station_id":"n663207122","station_name":"ул. Оловозаводская"},{"station_id":"n1402037720","station_name":"Тюменская ул."},{"station_id":"n1402037702","station_name":"Промышленная улица"},{"station_id":"n1402037695","station_name":"Ул. Брюллова"},{"station_id":"n1402037706","station_name":"Оловозавод"},{"station_id":"n1402037697","station_name":"Поликлинника №21"},{"station_id":"n1402037712","station_name":"Строительная улица"},{"station_id":"n1402037721","station_name":"Улица Мира"},{"station_id":"n1401342541","station_name":"площадь Сибиряков-Гвардейцев"},{"station_id":"n1402595202","station_name":"Вертковская улица"},{"station_id":"n1408131184","station_name":"Ulitsa Pokrishkina"},{"station_id":"n444678251","station_name":"Метро \"Площадь Маркса\""},{"station_id":"n13275221586","station_name":"ул.Титова"},{"station_id":"n470277415","station_name":"Магазин «Телевизоры»"},{"station_id":"n1408131177","station_name":"Космическая улица"},{"station_id":"n470277414","station_name":"Геодезическая улица"},{"station_id":"n470277408","station_name":"улица Блюхера"},{"station_id":"n470277405","station_name":"Зональный институт"},{"station_id":"n470277403","station_name":"ул. Котовского"},{"station_id":"n470277396","station_name":"ДК Металлург"},{"station_id":"n13190016828","station_name":"Площадь Труда"},{"station_id":"n1403032272","station_name":"Вокзал \"Новосибирск-Западный\""},{"station_id":"n566133205","station_name":"Хлебозавод"},{"station_id":"n1403032277","station_name":"Ленинский ЗАГС"},{"station_id":"n1403032329","station_name":"улица Плахотного"},{"station_id":"n13275221588","station_name":"Клуб им. Чехова"},{"station_id":"n470277382","station_name":"Степная улица"},{"station_id":"n1406258903","station_name":"Квартал Софийский"},{"station_id":"n470277380","station_name":"Станиславский жилмассив"},{"station_id":"n1402595304","station_name":"Кирзавод"},{"station_id":"n663207103","station_name":"Автокомбинат"},{"station_id":"n663207104","station_name":"улица 9-й Гвардейской Дивизии"},{"station_id":"n1406258901","station_name":"Волховская улица"},{"station_id":"n566133064","station_name":"Школа №174"},{"station_id":"n566132989","station_name":"Юго-Западный жилмассив"}]},{"route_id":"rm21011011","route_name":"Трамвай 2: Метро \"Площадь Маркса\" - Жилмассив \"Чистая Слобода\"","route_name_local":"Трамвай 2: Метро \"Площадь Маркса\" - Жилмассив \"Чистая Слобода\"","route_name_en":null,"route_ref":"2","route_color":null,"wikipedia":null,"osm_route_ids":[7514382,9081920],"status":null,"order_suspect":0,"span_suspect":0,"stations":[{"station_id":"n5049916209","station_name":"Жилмассив \"Чистая Слобода\""},{"station_id":"n5049916208","station_name":"Облачная","pass":true},{"station_id":"n5049916209","station_name":"Жилмассив \"Чистая Слобода\""},{"station_id":"n5049916208","station_name":"Облачная","pass":true},{"station_id":"n1404737099","station_name":"Поселок Южный"},{"station_id":"n1403032265","station_name":"Бийская улица"},{"station_id":"n1404737101","station_name":"улица Танкистов"},{"station_id":"n1403032295","station_name":"Парашютная"},{"station_id":"n1403032316","station_name":"Широкий переулок"},{"station_id":"n1403032298","station_name":"Permskaya Street"},{"station_id":"n470277382","station_name":"Степная улица","pass":true},{"station_id":"n5062575877","station_name":"Районная"},{"station_id":"n470277364","station_name":"улица Станиславского"},{"station_id":"n1408131188","station_name":"улица Костычева"},{"station_id":"n1408131189","station_name":"улица Серафимовича","pass":true},{"station_id":"n1402595204","station_name":"Римского-Корсакова"},{"station_id":"n418172959","station_name":"Дом радио"},{"station_id":"n1402595202","station_name":"Вертковская улица"},{"station_id":"n1408131184","station_name":"Ulitsa Pokrishkina"},{"station_id":"n444678251","station_name":"Метро \"Площадь Маркса\""},{"station_id":"n13275221588","station_name":"Клуб им. Чехова"},{"station_id":"n470277382","station_name":"Степная улица","pass":true},{"station_id":"n1406258903","station_name":"Квартал Софийский"}]},{"route_id":"rm21011048","route_name":"трамвай 16","route_name_local":"трамвай 16","route_name_en":null,"route_ref":"16","route_color":null,"wikipedia":null,"osm_route_ids":[14060546,14060547],"status":null,"order_suspect":0,"span_suspect":0,"stations":[{"station_id":"n13275221586","station_name":"ул.Титова"},{"station_id":"n444678251","station_name":"Метро \"Площадь Маркса\""},{"station_id":"n1408131184","station_name":"Ulitsa Pokrishkina"},{"station_id":"n1402595202","station_name":"Вертковская улица"},{"station_id":"n418172959","station_name":"Дом радио"},{"station_id":"n1402595204","station_name":"Римского-Корсакова"},{"station_id":"n1408131189","station_name":"улица Серафимовича"},{"station_id":"n1408131188","station_name":"улица Костычева"},{"station_id":"n470277364","station_name":"улица Станиславского"},{"station_id":"n5062575877","station_name":"Районная"},{"station_id":"n1406258903","station_name":"Квартал Софийский"},{"station_id":"n470277380","station_name":"Станиславский жилмассив"},{"station_id":"n1402595304","station_name":"Кирзавод"},{"station_id":"n663207103","station_name":"Автокомбинат"},{"station_id":"n663207104","station_name":"улица 9-й Гвардейской Дивизии"},{"station_id":"n1406258901","station_name":"Волховская улица"},{"station_id":"n566133064","station_name":"Школа №174"},{"station_id":"n566132989","station_name":"Юго-Западный жилмассив"}]}],"route_count":5,"route_refs":["18","3","15","2","16"],"route_colors":["#e11d48","#e11d48","#e11d48","#e11d48","#e11d48"],"city":"Novosibirsk","country":"Russia"},"geometry":{"type":"MultiLineString","coordinates":[[[82.89041235,54.98219725],[82.89593535,54.9794969],[82.89621460000001,54.97633695]]]}},{"type":"Feature","properties":{"seg_id":"novosibirsk-12","routes":[{"route_id":"rm1722436","route_name":"трамвай 18","route_name_local":"трамвай 18","route_name_en":null,"route_ref":"18","route_color":null,"wikipedia":null,"osm_route_ids":[1722434,1722435],"status":null,"order_suspect":0,"span_suspect":0,"stations":[{"station_id":"n566132989","station_name":"Юго-Западный жилмассив"},{"station_id":"n566133064","station_name":"Школа №174"},{"station_id":"n566133098","station_name":"Оборонная улица"},{"station_id":"n566133163","station_name":"улица Связистов"},{"station_id":"n566133172","station_name":"Озёрная"},{"station_id":"n566133178","station_name":"ул. Ташкентская"},{"station_id":"n566133185","station_name":"улица Невельского"},{"station_id":"n566133192","station_name":"Широкая улица"},{"station_id":"n566133201","station_name":"Киевская улица"},{"station_id":"n566133205","station_name":"Хлебозавод"},{"station_id":"n1403032272","station_name":"Вокзал \"Новосибирск-Западный\""},{"station_id":"n13190016828","station_name":"Площадь Труда","pass":true},{"station_id":"n470277396","station_name":"ДК Металлург"},{"station_id":"n470277403","station_name":"ул. Котовского"},{"station_id":"n470277405","station_name":"Зональный институт"},{"station_id":"n470277408","station_name":"улица Блюхера"},{"station_id":"n470277414","station_name":"Геодезическая улица"},{"station_id":"n1408131177","station_name":"Космическая улица"},{"station_id":"n470277415","station_name":"Магазин «Телевизоры»"},{"station_id":"n13275221586","station_name":"ул. Титова","pass":true},{"station_id":"n444678251","station_name":"Метро \"Площадь Маркса\""},{"station_id":"n1408131184","station_name":"Ulitsa Pokrishkina"},{"station_id":"n1402595202","station_name":"Вертковская улица","pass":true},{"station_id":"n1401342541","station_name":"площадь Сибиряков-Гвардейцев"},{"station_id":"n1402037715","station_name":"ТГ \"Левобережный\""},{"station_id":"n663207112","station_name":"Индустриальная"},{"station_id":"n1401341698","station_name":"площадь Кирова"},{"station_id":"n1402037687","station_name":"Бульвар"},{"station_id":"n1402037724","station_name":"Универмаг \"Кировский\""},{"station_id":"n1402037739","station_name":"улица Петухова"},{"station_id":"n13275221586","station_name":"ул. Титова","pass":true},{"station_id":"n566133163","station_name":"улица Связистов"}]},{"route_id":"rm1722457","route_name":"трамвай 3","route_name_local":"трамвай 3","route_name_en":null,"route_ref":"3","route_color":null,"wikipedia":null,"osm_route_ids":[1722455,1722456],"status":null,"order_suspect":0,"span_suspect":0,"stations":[{"station_id":"n472661901","station_name":"Молкомбинат"},{"station_id":"n1400814083","station_name":"Сибирский Грузовой Терминал"},{"station_id":"n1400814076","station_name":"ул. Ивана Титкова"},{"station_id":"n1400814093","station_name":"Сибэлектротерм"},{"station_id":"n1400814104","station_name":"улица Паласса"},{"station_id":"n1400814090","station_name":"Улица Виктора Уса"},{"station_id":"n1400814097","station_name":"ЭЛСИБ"},{"station_id":"n1401341698","station_name":"площадь Кирова"},{"station_id":"n663207112","station_name":"Индустриальная"},{"station_id":"n1402037715","station_name":"ТГ \"Левобережный\""},{"station_id":"n1401342541","station_name":"площадь Сибиряков-Гвардейцев"},{"station_id":"n1402595202","station_name":"Вертковская улица"},{"station_id":"n1408131184","station_name":"Ulitsa Pokrishkina"},{"station_id":"n444678251","station_name":"Метро \"Площадь Маркса\""},{"station_id":"n13275221586","station_name":"ул.Титова"}]},{"route_id":"rm1722739","route_name":"трамвай 15","route_name_local":"трамвай 15","route_name_en":null,"route_ref":"15","route_color":null,"wikipedia":null,"osm_route_ids":[1722737,1722738],"status":null,"order_suspect":0,"span_suspect":0,"stations":[{"station_id":"n380063049","station_name":"Бугринская роща"},{"station_id":"n663207122","station_name":"ул. Оловозаводская"},{"station_id":"n1402037720","station_name":"Тюменская ул."},{"station_id":"n1402037702","station_name":"Промышленная улица"},{"station_id":"n1402037695","station_name":"Ул. Брюллова"},{"station_id":"n1402037706","station_name":"Оловозавод"},{"station_id":"n1402037697","station_name":"Поликлинника №21"},{"station_id":"n1402037712","station_name":"Строительная улица"},{"station_id":"n1402037721","station_name":"Улица Мира"},{"station_id":"n1401342541","station_name":"площадь Сибиряков-Гвардейцев"},{"station_id":"n1402595202","station_name":"Вертковская улица"},{"station_id":"n1408131184","station_name":"Ulitsa Pokrishkina"},{"station_id":"n444678251","station_name":"Метро \"Площадь Маркса\""},{"station_id":"n13275221586","station_name":"ул.Титова"},{"station_id":"n470277415","station_name":"Магазин «Телевизоры»"},{"station_id":"n1408131177","station_name":"Космическая улица"},{"station_id":"n470277414","station_name":"Геодезическая улица"},{"station_id":"n470277408","station_name":"улица Блюхера"},{"station_id":"n470277405","station_name":"Зональный институт"},{"station_id":"n470277403","station_name":"ул. Котовского"},{"station_id":"n470277396","station_name":"ДК Металлург"},{"station_id":"n13190016828","station_name":"Площадь Труда"},{"station_id":"n1403032272","station_name":"Вокзал \"Новосибирск-Западный\""},{"station_id":"n566133205","station_name":"Хлебозавод"},{"station_id":"n1403032277","station_name":"Ленинский ЗАГС"},{"station_id":"n1403032329","station_name":"улица Плахотного"},{"station_id":"n13275221588","station_name":"Клуб им. Чехова"},{"station_id":"n470277382","station_name":"Степная улица"},{"station_id":"n1406258903","station_name":"Квартал Софийский"},{"station_id":"n470277380","station_name":"Станиславский жилмассив"},{"station_id":"n1402595304","station_name":"Кирзавод"},{"station_id":"n663207103","station_name":"Автокомбинат"},{"station_id":"n663207104","station_name":"улица 9-й Гвардейской Дивизии"},{"station_id":"n1406258901","station_name":"Волховская улица"},{"station_id":"n566133064","station_name":"Школа №174"},{"station_id":"n566132989","station_name":"Юго-Западный жилмассив"}]},{"route_id":"r9082027","route_name":"Трамвай 10","route_name_local":"Трамвай 10","route_name_en":null,"route_ref":"10","route_color":null,"wikipedia":null,"osm_route_ids":[9082027],"status":null,"order_suspect":0,"span_suspect":0,"stations":[{"station_id":"n380063049","station_name":"Бугринская роща"},{"station_id":"n663207122","station_name":"ул. Оловозаводская"},{"station_id":"n1402037720","station_name":"Тюменская ул."},{"station_id":"n1402037702","station_name":"Промышленная улица"},{"station_id":"n1402037695","station_name":"Ул. Брюллова"},{"station_id":"n1402037706","station_name":"Оловозавод"},{"station_id":"n1402037697","station_name":"Поликлинника №21"},{"station_id":"n1402037712","station_name":"Строительная улица"},{"station_id":"n1402037721","station_name":"Улица Мира"},{"station_id":"n1401342541","station_name":"площадь Сибиряков-Гвардейцев"},{"station_id":"n1402595202","station_name":"Вертковская улица"},{"station_id":"n418172959","station_name":"Дом радио"},{"station_id":"n1402595204","station_name":"Римского-Корсакова"},{"station_id":"n1408131189","station_name":"улица Серафимовича"},{"station_id":"n1408131188","station_name":"улица Костычева"},{"station_id":"n470277364","station_name":"улица Станиславского"},{"station_id":"n5062575877","station_name":"Районная"},{"station_id":"n1406258903","station_name":"Квартал Софийский"},{"station_id":"n470277380","station_name":"Станиславский жилмассив"},{"station_id":"n1402595304","station_name":"Кирзавод"},{"station_id":"n663207103","station_name":"Автокомбинат"},{"station_id":"n663207104","station_name":"улица 9-й Гвардейской Дивизии"},{"station_id":"n1406258901","station_name":"Волховская улица"},{"station_id":"n10098486600","station_name":"ЖК Радуга"}]}],"route_count":4,"route_refs":["18","3","15","10"],"route_colors":["#e11d48","#e11d48","#e11d48","#e11d48"],"city":"Novosibirsk","country":"Russia"},"geometry":{"type":"MultiLineString","coordinates":[[[82.89621460000001,54.97633695],[82.90293936666667,54.9640497]]]}},{"type":"Feature","properties":{"seg_id":"novosibirsk-13","routes":[{"route_id":"rm1722436","route_name":"трамвай 18","route_name_local":"трамвай 18","route_name_en":null,"route_ref":"18","route_color":null,"wikipedia":null,"osm_route_ids":[1722434,1722435],"status":null,"order_suspect":0,"span_suspect":0,"stations":[{"station_id":"n566132989","station_name":"Юго-Западный жилмассив"},{"station_id":"n566133064","station_name":"Школа №174"},{"station_id":"n566133098","station_name":"Оборонная улица"},{"station_id":"n566133163","station_name":"улица Связистов"},{"station_id":"n566133172","station_name":"Озёрная"},{"station_id":"n566133178","station_name":"ул. Ташкентская"},{"station_id":"n566133185","station_name":"улица Невельского"},{"station_id":"n566133192","station_name":"Широкая улица"},{"station_id":"n566133201","station_name":"Киевская улица"},{"station_id":"n566133205","station_name":"Хлебозавод"},{"station_id":"n1403032272","station_name":"Вокзал \"Новосибирск-Западный\""},{"station_id":"n13190016828","station_name":"Площадь Труда","pass":true},{"station_id":"n470277396","station_name":"ДК Металлург"},{"station_id":"n470277403","station_name":"ул. Котовского"},{"station_id":"n470277405","station_name":"Зональный институт"},{"station_id":"n470277408","station_name":"улица Блюхера"},{"station_id":"n470277414","station_name":"Геодезическая улица"},{"station_id":"n1408131177","station_name":"Космическая улица"},{"station_id":"n470277415","station_name":"Магазин «Телевизоры»"},{"station_id":"n13275221586","station_name":"ул. Титова","pass":true},{"station_id":"n444678251","station_name":"Метро \"Площадь Маркса\""},{"station_id":"n1408131184","station_name":"Ulitsa Pokrishkina"},{"station_id":"n1402595202","station_name":"Вертковская улица","pass":true},{"station_id":"n1401342541","station_name":"площадь Сибиряков-Гвардейцев"},{"station_id":"n1402037715","station_name":"ТГ \"Левобережный\""},{"station_id":"n663207112","station_name":"Индустриальная"},{"station_id":"n1401341698","station_name":"площадь Кирова"},{"station_id":"n1402037687","station_name":"Бульвар"},{"station_id":"n1402037724","station_name":"Универмаг \"Кировский\""},{"station_id":"n1402037739","station_name":"улица Петухова"},{"station_id":"n13275221586","station_name":"ул. Титова","pass":true},{"station_id":"n566133163","station_name":"улица Связистов"}]},{"route_id":"rm1722457","route_name":"трамвай 3","route_name_local":"трамвай 3","route_name_en":null,"route_ref":"3","route_color":null,"wikipedia":null,"osm_route_ids":[1722455,1722456],"status":null,"order_suspect":0,"span_suspect":0,"stations":[{"station_id":"n472661901","station_name":"Молкомбинат"},{"station_id":"n1400814083","station_name":"Сибирский Грузовой Терминал"},{"station_id":"n1400814076","station_name":"ул. Ивана Титкова"},{"station_id":"n1400814093","station_name":"Сибэлектротерм"},{"station_id":"n1400814104","station_name":"улица Паласса"},{"station_id":"n1400814090","station_name":"Улица Виктора Уса"},{"station_id":"n1400814097","station_name":"ЭЛСИБ"},{"station_id":"n1401341698","station_name":"площадь Кирова"},{"station_id":"n663207112","station_name":"Индустриальная"},{"station_id":"n1402037715","station_name":"ТГ \"Левобережный\""},{"station_id":"n1401342541","station_name":"площадь Сибиряков-Гвардейцев"},{"station_id":"n1402595202","station_name":"Вертковская улица"},{"station_id":"n1408131184","station_name":"Ulitsa Pokrishkina"},{"station_id":"n444678251","station_name":"Метро \"Площадь Маркса\""},{"station_id":"n13275221586","station_name":"ул.Титова"}]}],"route_count":2,"route_refs":["18","3"],"route_colors":["#e11d48","#e11d48"],"city":"Novosibirsk","country":"Russia"},"geometry":{"type":"MultiLineString","coordinates":[[[82.90293936666667,54.9640497],[82.89959825,54.9512092],[82.89841665,54.94486755],[82.90010395,54.941826199999994]]]}},{"type":"Feature","properties":{"seg_id":"novosibirsk-14","routes":[{"route_id":"rm1722457","route_name":"трамвай 3","route_name_local":"трамвай 3","route_name_en":null,"route_ref":"3","route_color":null,"wikipedia":null,"osm_route_ids":[1722455,1722456],"status":null,"order_suspect":0,"span_suspect":0,"stations":[{"station_id":"n472661901","station_name":"Молкомбинат"},{"station_id":"n1400814083","station_name":"Сибирский Грузовой Терминал"},{"station_id":"n1400814076","station_name":"ул. Ивана Титкова"},{"station_id":"n1400814093","station_name":"Сибэлектротерм"},{"station_id":"n1400814104","station_name":"улица Паласса"},{"station_id":"n1400814090","station_name":"Улица Виктора Уса"},{"station_id":"n1400814097","station_name":"ЭЛСИБ"},{"station_id":"n1401341698","station_name":"площадь Кирова"},{"station_id":"n663207112","station_name":"Индустриальная"},{"station_id":"n1402037715","station_name":"ТГ \"Левобережный\""},{"station_id":"n1401342541","station_name":"площадь Сибиряков-Гвардейцев"},{"station_id":"n1402595202","station_name":"Вертковская улица"},{"station_id":"n1408131184","station_name":"Ulitsa Pokrishkina"},{"station_id":"n444678251","station_name":"Метро \"Площадь Маркса\""},{"station_id":"n13275221586","station_name":"ул.Титова"}]}],"route_count":1,"route_refs":["3"],"route_colors":["#e11d48"],"city":"Novosibirsk","country":"Russia"},"geometry":{"type":"MultiLineString","coordinates":[[[82.84463395,54.9452005],[82.85051185,54.9450832],[82.85692415,54.9446848],[82.8649489,54.94419925],[82.87857629999999,54.94338075],[82.88530005000001,54.94297755],[82.8956723,54.942340200000004],[82.90010395,54.941826199999994]]]}},{"type":"Feature","properties":{"seg_id":"novosibirsk-15","routes":[{"route_id":"rm1722739","route_name":"трамвай 15","route_name_local":"трамвай 15","route_name_en":null,"route_ref":"15","route_color":null,"wikipedia":null,"osm_route_ids":[1722737,1722738],"status":null,"order_suspect":0,"span_suspect":0,"stations":[{"station_id":"n380063049","station_name":"Бугринская роща"},{"station_id":"n663207122","station_name":"ул. Оловозаводская"},{"station_id":"n1402037720","station_name":"Тюменская ул."},{"station_id":"n1402037702","station_name":"Промышленная улица"},{"station_id":"n1402037695","station_name":"Ул. Брюллова"},{"station_id":"n1402037706","station_name":"Оловозавод"},{"station_id":"n1402037697","station_name":"Поликлинника №21"},{"station_id":"n1402037712","station_name":"Строительная улица"},{"station_id":"n1402037721","station_name":"Улица Мира"},{"station_id":"n1401342541","station_name":"площадь Сибиряков-Гвардейцев"},{"station_id":"n1402595202","station_name":"Вертковская улица"},{"station_id":"n1408131184","station_name":"Ulitsa Pokrishkina"},{"station_id":"n444678251","station_name":"Метро \"Площадь Маркса\""},{"station_id":"n13275221586","station_name":"ул.Титова"},{"station_id":"n470277415","station_name":"Магазин «Телевизоры»"},{"station_id":"n1408131177","station_name":"Космическая улица"},{"station_id":"n470277414","station_name":"Геодезическая улица"},{"station_id":"n470277408","station_name":"улица Блюхера"},{"station_id":"n470277405","station_name":"Зональный институт"},{"station_id":"n470277403","station_name":"ул. Котовского"},{"station_id":"n470277396","station_name":"ДК Металлург"},{"station_id":"n13190016828","station_name":"Площадь Труда"},{"station_id":"n1403032272","station_name":"Вокзал \"Новосибирск-Западный\""},{"station_id":"n566133205","station_name":"Хлебозавод"},{"station_id":"n1403032277","station_name":"Ленинский ЗАГС"},{"station_id":"n1403032329","station_name":"улица Плахотного"},{"station_id":"n13275221588","station_name":"Клуб им. Чехова"},{"station_id":"n470277382","station_name":"Степная улица"},{"station_id":"n1406258903","station_name":"Квартал Софийский"},{"station_id":"n470277380","station_name":"Станиславский жилмассив"},{"station_id":"n1402595304","station_name":"Кирзавод"},{"station_id":"n663207103","station_name":"Автокомбинат"},{"station_id":"n663207104","station_name":"улица 9-й Гвардейской Дивизии"},{"station_id":"n1406258901","station_name":"Волховская улица"},{"station_id":"n566133064","station_name":"Школа №174"},{"station_id":"n566132989","station_name":"Юго-Западный жилмассив"}]},{"route_id":"r9082027","route_name":"Трамвай 10","route_name_local":"Трамвай 10","route_name_en":null,"route_ref":"10","route_color":null,"wikipedia":null,"osm_route_ids":[9082027],"status":null,"order_suspect":0,"span_suspect":0,"stations":[{"station_id":"n380063049","station_name":"Бугринская роща"},{"station_id":"n663207122","station_name":"ул. Оловозаводская"},{"station_id":"n1402037720","station_name":"Тюменская ул."},{"station_id":"n1402037702","station_name":"Промышленная улица"},{"station_id":"n1402037695","station_name":"Ул. Брюллова"},{"station_id":"n1402037706","station_name":"Оловозавод"},{"station_id":"n1402037697","station_name":"Поликлинника №21"},{"station_id":"n1402037712","station_name":"Строительная улица"},{"station_id":"n1402037721","station_name":"Улица Мира"},{"station_id":"n1401342541","station_name":"площадь Сибиряков-Гвардейцев"},{"station_id":"n1402595202","station_name":"Вертковская улица"},{"station_id":"n418172959","station_name":"Дом радио"},{"station_id":"n1402595204","station_name":"Римского-Корсакова"},{"station_id":"n1408131189","station_name":"улица Серафимовича"},{"station_id":"n1408131188","station_name":"улица Костычева"},{"station_id":"n470277364","station_name":"улица Станиславского"},{"station_id":"n5062575877","station_name":"Районная"},{"station_id":"n1406258903","station_name":"Квартал Софийский"},{"station_id":"n470277380","station_name":"Станиславский жилмассив"},{"station_id":"n1402595304","station_name":"Кирзавод"},{"station_id":"n663207103","station_name":"Автокомбинат"},{"station_id":"n663207104","station_name":"улица 9-й Гвардейской Дивизии"},{"station_id":"n1406258901","station_name":"Волховская улица"},{"station_id":"n10098486600","station_name":"ЖК Радуга"}]}],"route_count":2,"route_refs":["15","10"],"route_colors":["#e11d48","#e11d48"],"city":"Novosibirsk","country":"Russia"},"geometry":{"type":"MultiLineString","coordinates":[[[82.9580392,54.966033499999995],[82.95262149999999,54.9628668],[82.94816215,54.960226750000004],[82.94458795,54.9581102],[82.94089944999999,54.958309299999996],[82.9356118,54.961288350000004],[82.92635465000001,54.96306045],[82.92180289999999,54.96334245],[82.91190065,54.96395605],[82.90293936666667,54.9640497]]]}},{"type":"Feature","properties":{"seg_id":"novosibirsk-16","routes":[{"route_id":"rm1722739","route_name":"трамвай 15","route_name_local":"трамвай 15","route_name_en":null,"route_ref":"15","route_color":null,"wikipedia":null,"osm_route_ids":[1722737,1722738],"status":null,"order_suspect":0,"span_suspect":0,"stations":[{"station_id":"n380063049","station_name":"Бугринская роща"},{"station_id":"n663207122","station_name":"ул. Оловозаводская"},{"station_id":"n1402037720","station_name":"Тюменская ул."},{"station_id":"n1402037702","station_name":"Промышленная улица"},{"station_id":"n1402037695","station_name":"Ул. Брюллова"},{"station_id":"n1402037706","station_name":"Оловозавод"},{"station_id":"n1402037697","station_name":"Поликлинника №21"},{"station_id":"n1402037712","station_name":"Строительная улица"},{"station_id":"n1402037721","station_name":"Улица Мира"},{"station_id":"n1401342541","station_name":"площадь Сибиряков-Гвардейцев"},{"station_id":"n1402595202","station_name":"Вертковская улица"},{"station_id":"n1408131184","station_name":"Ulitsa Pokrishkina"},{"station_id":"n444678251","station_name":"Метро \"Площадь Маркса\""},{"station_id":"n13275221586","station_name":"ул.Титова"},{"station_id":"n470277415","station_name":"Магазин «Телевизоры»"},{"station_id":"n1408131177","station_name":"Космическая улица"},{"station_id":"n470277414","station_name":"Геодезическая улица"},{"station_id":"n470277408","station_name":"улица Блюхера"},{"station_id":"n470277405","station_name":"Зональный институт"},{"station_id":"n470277403","station_name":"ул. Котовского"},{"station_id":"n470277396","station_name":"ДК Металлург"},{"station_id":"n13190016828","station_name":"Площадь Труда"},{"station_id":"n1403032272","station_name":"Вокзал \"Новосибирск-Западный\""},{"station_id":"n566133205","station_name":"Хлебозавод"},{"station_id":"n1403032277","station_name":"Ленинский ЗАГС"},{"station_id":"n1403032329","station_name":"улица Плахотного"},{"station_id":"n13275221588","station_name":"Клуб им. Чехова"},{"station_id":"n470277382","station_name":"Степная улица"},{"station_id":"n1406258903","station_name":"Квартал Софийский"},{"station_id":"n470277380","station_name":"Станиславский жилмассив"},{"station_id":"n1402595304","station_name":"Кирзавод"},{"station_id":"n663207103","station_name":"Автокомбинат"},{"station_id":"n663207104","station_name":"улица 9-й Гвардейской Дивизии"},{"station_id":"n1406258901","station_name":"Волховская улица"},{"station_id":"n566133064","station_name":"Школа №174"},{"station_id":"n566132989","station_name":"Юго-Западный жилмассив"}]},{"route_id":"rm21011011","route_name":"Трамвай 2: Метро \"Площадь Маркса\" - Жилмассив \"Чистая Слобода\"","route_name_local":"Трамвай 2: Метро \"Площадь Маркса\" - Жилмассив \"Чистая Слобода\"","route_name_en":null,"route_ref":"2","route_color":null,"wikipedia":null,"osm_route_ids":[7514382,9081920],"status":null,"order_suspect":0,"span_suspect":0,"stations":[{"station_id":"n5049916209","station_name":"Жилмассив \"Чистая Слобода\""},{"station_id":"n5049916208","station_name":"Облачная","pass":true},{"station_id":"n5049916209","station_name":"Жилмассив \"Чистая Слобода\""},{"station_id":"n5049916208","station_name":"Облачная","pass":true},{"station_id":"n1404737099","station_name":"Поселок Южный"},{"station_id":"n1403032265","station_name":"Бийская улица"},{"station_id":"n1404737101","station_name":"улица Танкистов"},{"station_id":"n1403032295","station_name":"Парашютная"},{"station_id":"n1403032316","station_name":"Широкий переулок"},{"station_id":"n1403032298","station_name":"Permskaya Street"},{"station_id":"n470277382","station_name":"Степная улица","pass":true},{"station_id":"n5062575877","station_name":"Районная"},{"station_id":"n470277364","station_name":"улица Станиславского"},{"station_id":"n1408131188","station_name":"улица Костычева"},{"station_id":"n1408131189","station_name":"улица Серафимовича","pass":true},{"station_id":"n1402595204","station_name":"Римского-Корсакова"},{"station_id":"n418172959","station_name":"Дом радио"},{"station_id":"n1402595202","station_name":"Вертковская улица"},{"station_id":"n1408131184","station_name":"Ulitsa Pokrishkina"},{"station_id":"n444678251","station_name":"Метро \"Площадь Маркса\""},{"station_id":"n13275221588","station_name":"Клуб им. Чехова"},{"station_id":"n470277382","station_name":"Степная улица","pass":true},{"station_id":"n1406258903","station_name":"Квартал Софийский"}]}],"route_count":2,"route_refs":["15","2"],"route_colors":["#e11d48","#e11d48"],"city":"Novosibirsk","country":"Russia"},"geometry":{"type":"MultiLineString","coordinates":[[[82.85837626666667,54.9813988],[82.85920630000001,54.9777011],[82.8599161,54.9741428]]]}},{"type":"Feature","properties":{"seg_id":"novosibirsk-17","routes":[{"route_id":"rm1722739","route_name":"трамвай 15","route_name_local":"трамвай 15","route_name_en":null,"route_ref":"15","route_color":null,"wikipedia":null,"osm_route_ids":[1722737,1722738],"status":null,"order_suspect":0,"span_suspect":0,"stations":[{"station_id":"n380063049","station_name":"Бугринская роща"},{"station_id":"n663207122","station_name":"ул. Оловозаводская"},{"station_id":"n1402037720","station_name":"Тюменская ул."},{"station_id":"n1402037702","station_name":"Промышленная улица"},{"station_id":"n1402037695","station_name":"Ул. Брюллова"},{"station_id":"n1402037706","station_name":"Оловозавод"},{"station_id":"n1402037697","station_name":"Поликлинника №21"},{"station_id":"n1402037712","station_name":"Строительная улица"},{"station_id":"n1402037721","station_name":"Улица Мира"},{"station_id":"n1401342541","station_name":"площадь Сибиряков-Гвардейцев"},{"station_id":"n1402595202","station_name":"Вертковская улица"},{"station_id":"n1408131184","station_name":"Ulitsa Pokrishkina"},{"station_id":"n444678251","station_name":"Метро \"Площадь Маркса\""},{"station_id":"n13275221586","station_name":"ул.Титова"},{"station_id":"n470277415","station_name":"Магазин «Телевизоры»"},{"station_id":"n1408131177","station_name":"Космическая улица"},{"station_id":"n470277414","station_name":"Геодезическая улица"},{"station_id":"n470277408","station_name":"улица Блюхера"},{"station_id":"n470277405","station_name":"Зональный институт"},{"station_id":"n470277403","station_name":"ул. Котовского"},{"station_id":"n470277396","station_name":"ДК Металлург"},{"station_id":"n13190016828","station_name":"Площадь Труда"},{"station_id":"n1403032272","station_name":"Вокзал \"Новосибирск-Западный\""},{"station_id":"n566133205","station_name":"Хлебозавод"},{"station_id":"n1403032277","station_name":"Ленинский ЗАГС"},{"station_id":"n1403032329","station_name":"улица Плахотного"},{"station_id":"n13275221588","station_name":"Клуб им. Чехова"},{"station_id":"n470277382","station_name":"Степная улица"},{"station_id":"n1406258903","station_name":"Квартал Софийский"},{"station_id":"n470277380","station_name":"Станиславский жилмассив"},{"station_id":"n1402595304","station_name":"Кирзавод"},{"station_id":"n663207103","station_name":"Автокомбинат"},{"station_id":"n663207104","station_name":"улица 9-й Гвардейской Дивизии"},{"station_id":"n1406258901","station_name":"Волховская улица"},{"station_id":"n566133064","station_name":"Школа №174"},{"station_id":"n566132989","station_name":"Юго-Западный жилмассив"}]},{"route_id":"r9082027","route_name":"Трамвай 10","route_name_local":"Трамвай 10","route_name_en":null,"route_ref":"10","route_color":null,"wikipedia":null,"osm_route_ids":[9082027],"status":null,"order_suspect":0,"span_suspect":0,"stations":[{"station_id":"n380063049","station_name":"Бугринская роща"},{"station_id":"n663207122","station_name":"ул. Оловозаводская"},{"station_id":"n1402037720","station_name":"Тюменская ул."},{"station_id":"n1402037702","station_name":"Промышленная улица"},{"station_id":"n1402037695","station_name":"Ул. Брюллова"},{"station_id":"n1402037706","station_name":"Оловозавод"},{"station_id":"n1402037697","station_name":"Поликлинника №21"},{"station_id":"n1402037712","station_name":"Строительная улица"},{"station_id":"n1402037721","station_name":"Улица Мира"},{"station_id":"n1401342541","station_name":"площадь Сибиряков-Гвардейцев"},{"station_id":"n1402595202","station_name":"Вертковская улица"},{"station_id":"n418172959","station_name":"Дом радио"},{"station_id":"n1402595204","station_name":"Римского-Корсакова"},{"station_id":"n1408131189","station_name":"улица Серафимовича"},{"station_id":"n1408131188","station_name":"улица Костычева"},{"station_id":"n470277364","station_name":"улица Станиславского"},{"station_id":"n5062575877","station_name":"Районная"},{"station_id":"n1406258903","station_name":"Квартал Софийский"},{"station_id":"n470277380","station_name":"Станиславский жилмассив"},{"station_id":"n1402595304","station_name":"Кирзавод"},{"station_id":"n663207103","station_name":"Автокомбинат"},{"station_id":"n663207104","station_name":"улица 9-й Гвардейской Дивизии"},{"station_id":"n1406258901","station_name":"Волховская улица"},{"station_id":"n10098486600","station_name":"ЖК Радуга"}]},{"route_id":"rm21011048","route_name":"трамвай 16","route_name_local":"трамвай 16","route_name_en":null,"route_ref":"16","route_color":null,"wikipedia":null,"osm_route_ids":[14060546,14060547],"status":null,"order_suspect":0,"span_suspect":0,"stations":[{"station_id":"n13275221586","station_name":"ул.Титова"},{"station_id":"n444678251","station_name":"Метро \"Площадь Маркса\""},{"station_id":"n1408131184","station_name":"Ulitsa Pokrishkina"},{"station_id":"n1402595202","station_name":"Вертковская улица"},{"station_id":"n418172959","station_name":"Дом радио"},{"station_id":"n1402595204","station_name":"Римского-Корсакова"},{"station_id":"n1408131189","station_name":"улица Серафимовича"},{"station_id":"n1408131188","station_name":"улица Костычева"},{"station_id":"n470277364","station_name":"улица Станиславского"},{"station_id":"n5062575877","station_name":"Районная"},{"station_id":"n1406258903","station_name":"Квартал Софийский"},{"station_id":"n470277380","station_name":"Станиславский жилмассив"},{"station_id":"n1402595304","station_name":"Кирзавод"},{"station_id":"n663207103","station_name":"Автокомбинат"},{"station_id":"n663207104","station_name":"улица 9-й Гвардейской Дивизии"},{"station_id":"n1406258901","station_name":"Волховская улица"},{"station_id":"n566133064","station_name":"Школа №174"},{"station_id":"n566132989","station_name":"Юго-Западный жилмассив"}]}],"route_count":3,"route_refs":["15","10","16"],"route_colors":["#e11d48","#e11d48","#e11d48"],"city":"Novosibirsk","country":"Russia"},"geometry":{"type":"MultiLineString","coordinates":[[[82.8599161,54.9741428],[82.8598888,54.970772499999995],[82.8592037,54.96815545],[82.85273670000001,54.96579725],[82.8481748,54.96903815],[82.8424496,54.9701855]]]}},{"type":"Feature","properties":{"seg_id":"novosibirsk-18","routes":[{"route_id":"rm1722739","route_name":"трамвай 15","route_name_local":"трамвай 15","route_name_en":null,"route_ref":"15","route_color":null,"wikipedia":null,"osm_route_ids":[1722737,1722738],"status":null,"order_suspect":0,"span_suspect":0,"stations":[{"station_id":"n380063049","station_name":"Бугринская роща"},{"station_id":"n663207122","station_name":"ул. Оловозаводская"},{"station_id":"n1402037720","station_name":"Тюменская ул."},{"station_id":"n1402037702","station_name":"Промышленная улица"},{"station_id":"n1402037695","station_name":"Ул. Брюллова"},{"station_id":"n1402037706","station_name":"Оловозавод"},{"station_id":"n1402037697","station_name":"Поликлинника №21"},{"station_id":"n1402037712","station_name":"Строительная улица"},{"station_id":"n1402037721","station_name":"Улица Мира"},{"station_id":"n1401342541","station_name":"площадь Сибиряков-Гвардейцев"},{"station_id":"n1402595202","station_name":"Вертковская улица"},{"station_id":"n1408131184","station_name":"Ulitsa Pokrishkina"},{"station_id":"n444678251","station_name":"Метро \"Площадь Маркса\""},{"station_id":"n13275221586","station_name":"ул.Титова"},{"station_id":"n470277415","station_name":"Магазин «Телевизоры»"},{"station_id":"n1408131177","station_name":"Космическая улица"},{"station_id":"n470277414","station_name":"Геодезическая улица"},{"station_id":"n470277408","station_name":"улица Блюхера"},{"station_id":"n470277405","station_name":"Зональный институт"},{"station_id":"n470277403","station_name":"ул. Котовского"},{"station_id":"n470277396","station_name":"ДК Металлург"},{"station_id":"n13190016828","station_name":"Площадь Труда"},{"station_id":"n1403032272","station_name":"Вокзал \"Новосибирск-Западный\""},{"station_id":"n566133205","station_name":"Хлебозавод"},{"station_id":"n1403032277","station_name":"Ленинский ЗАГС"},{"station_id":"n1403032329","station_name":"улица Плахотного"},{"station_id":"n13275221588","station_name":"Клуб им. Чехова"},{"station_id":"n470277382","station_name":"Степная улица"},{"station_id":"n1406258903","station_name":"Квартал Софийский"},{"station_id":"n470277380","station_name":"Станиславский жилмассив"},{"station_id":"n1402595304","station_name":"Кирзавод"},{"station_id":"n663207103","station_name":"Автокомбинат"},{"station_id":"n663207104","station_name":"улица 9-й Гвардейской Дивизии"},{"station_id":"n1406258901","station_name":"Волховская улица"},{"station_id":"n566133064","station_name":"Школа №174"},{"station_id":"n566132989","station_name":"Юго-Западный жилмассив"}]},{"route_id":"rm21011048","route_name":"трамвай 16","route_name_local":"трамвай 16","route_name_en":null,"route_ref":"16","route_color":null,"wikipedia":null,"osm_route_ids":[14060546,14060547],"status":null,"order_suspect":0,"span_suspect":0,"stations":[{"station_id":"n13275221586","station_name":"ул.Титова"},{"station_id":"n444678251","station_name":"Метро \"Площадь Маркса\""},{"station_id":"n1408131184","station_name":"Ulitsa Pokrishkina"},{"station_id":"n1402595202","station_name":"Вертковская улица"},{"station_id":"n418172959","station_name":"Дом радио"},{"station_id":"n1402595204","station_name":"Римского-Корсакова"},{"station_id":"n1408131189","station_name":"улица Серафимовича"},{"station_id":"n1408131188","station_name":"улица Костычева"},{"station_id":"n470277364","station_name":"улица Станиславского"},{"station_id":"n5062575877","station_name":"Районная"},{"station_id":"n1406258903","station_name":"Квартал Софийский"},{"station_id":"n470277380","station_name":"Станиславский жилмассив"},{"station_id":"n1402595304","station_name":"Кирзавод"},{"station_id":"n663207103","station_name":"Автокомбинат"},{"station_id":"n663207104","station_name":"улица 9-й Гвардейской Дивизии"},{"station_id":"n1406258901","station_name":"Волховская улица"},{"station_id":"n566133064","station_name":"Школа №174"},{"station_id":"n566132989","station_name":"Юго-Западный жилмассив"}]}],"route_count":2,"route_refs":["15","16"],"route_colors":["#e11d48","#e11d48"],"city":"Novosibirsk","country":"Russia"},"geometry":{"type":"MultiLineString","coordinates":[[[82.8424496,54.9701855],[82.83788440000001,54.9680522]]]}},{"type":"Feature","properties":{"seg_id":"novosibirsk-19","routes":[{"route_id":"rm21011011","route_name":"Трамвай 2: Метро \"Площадь Маркса\" - Жилмассив \"Чистая Слобода\"","route_name_local":"Трамвай 2: Метро \"Площадь Маркса\" - Жилмассив \"Чистая Слобода\"","route_name_en":null,"route_ref":"2","route_color":null,"wikipedia":null,"osm_route_ids":[7514382,9081920],"status":null,"order_suspect":0,"span_suspect":0,"stations":[{"station_id":"n5049916209","station_name":"Жилмассив \"Чистая Слобода\""},{"station_id":"n5049916208","station_name":"Облачная","pass":true},{"station_id":"n5049916209","station_name":"Жилмассив \"Чистая Слобода\""},{"station_id":"n5049916208","station_name":"Облачная","pass":true},{"station_id":"n1404737099","station_name":"Поселок Южный"},{"station_id":"n1403032265","station_name":"Бийская улица"},{"station_id":"n1404737101","station_name":"улица Танкистов"},{"station_id":"n1403032295","station_name":"Парашютная"},{"station_id":"n1403032316","station_name":"Широкий переулок"},{"station_id":"n1403032298","station_name":"Permskaya Street"},{"station_id":"n470277382","station_name":"Степная улица","pass":true},{"station_id":"n5062575877","station_name":"Районная"},{"station_id":"n470277364","station_name":"улица Станиславского"},{"station_id":"n1408131188","station_name":"улица Костычева"},{"station_id":"n1408131189","station_name":"улица Серафимовича","pass":true},{"station_id":"n1402595204","station_name":"Римского-Корсакова"},{"station_id":"n418172959","station_name":"Дом радио"},{"station_id":"n1402595202","station_name":"Вертковская улица"},{"station_id":"n1408131184","station_name":"Ulitsa Pokrishkina"},{"station_id":"n444678251","station_name":"Метро \"Площадь Маркса\""},{"station_id":"n13275221588","station_name":"Клуб им. Чехова"},{"station_id":"n470277382","station_name":"Степная улица","pass":true},{"station_id":"n1406258903","station_name":"Квартал Софийский"}]}],"route_count":1,"route_refs":["2"],"route_colors":["#e11d48"],"city":"Novosibirsk","country":"Russia"},"geometry":{"type":"MultiLineString","coordinates":[[[82.8525031,54.981069950000006],[82.85920630000001,54.9777011],[82.8639052,54.9742971]]]}},{"type":"Feature","properties":{"seg_id":"novosibirsk-20","routes":[{"route_id":"rm21011011","route_name":"Трамвай 2: Метро \"Площадь Маркса\" - Жилмассив \"Чистая Слобода\"","route_name_local":"Трамвай 2: Метро \"Площадь Маркса\" - Жилмассив \"Чистая Слобода\"","route_name_en":null,"route_ref":"2","route_color":null,"wikipedia":null,"osm_route_ids":[7514382,9081920],"status":null,"order_suspect":0,"span_suspect":0,"stations":[{"station_id":"n5049916209","station_name":"Жилмассив \"Чистая Слобода\""},{"station_id":"n5049916208","station_name":"Облачная","pass":true},{"station_id":"n5049916209","station_name":"Жилмассив \"Чистая Слобода\""},{"station_id":"n5049916208","station_name":"Облачная","pass":true},{"station_id":"n1404737099","station_name":"Поселок Южный"},{"station_id":"n1403032265","station_name":"Бийская улица"},{"station_id":"n1404737101","station_name":"улица Танкистов"},{"station_id":"n1403032295","station_name":"Парашютная"},{"station_id":"n1403032316","station_name":"Широкий переулок"},{"station_id":"n1403032298","station_name":"Permskaya Street"},{"station_id":"n470277382","station_name":"Степная улица","pass":true},{"station_id":"n5062575877","station_name":"Районная"},{"station_id":"n470277364","station_name":"улица Станиславского"},{"station_id":"n1408131188","station_name":"улица Костычева"},{"station_id":"n1408131189","station_name":"улица Серафимовича","pass":true},{"station_id":"n1402595204","station_name":"Римского-Корсакова"},{"station_id":"n418172959","station_name":"Дом радио"},{"station_id":"n1402595202","station_name":"Вертковская улица"},{"station_id":"n1408131184","station_name":"Ulitsa Pokrishkina"},{"station_id":"n444678251","station_name":"Метро \"Площадь Маркса\""},{"station_id":"n13275221588","station_name":"Клуб им. Чехова"},{"station_id":"n470277382","station_name":"Степная улица","pass":true},{"station_id":"n1406258903","station_name":"Квартал Софийский"}]}],"route_count":1,"route_refs":["2"],"route_colors":["#e11d48"],"city":"Novosibirsk","country":"Russia"},"geometry":{"type":"MultiLineString","coordinates":[[[82.89041235,54.98219725],[82.85837626666667,54.9813988]]]}},{"type":"Feature","properties":{"seg_id":"novosibirsk-21","routes":[{"route_id":"rm21011011","route_name":"Трамвай 2: Метро \"Площадь Маркса\" - Жилмассив \"Чистая Слобода\"","route_name_local":"Трамвай 2: Метро \"Площадь Маркса\" - Жилмассив \"Чистая Слобода\"","route_name_en":null,"route_ref":"2","route_color":null,"wikipedia":null,"osm_route_ids":[7514382,9081920],"status":null,"order_suspect":0,"span_suspect":0,"stations":[{"station_id":"n5049916209","station_name":"Жилмассив \"Чистая Слобода\""},{"station_id":"n5049916208","station_name":"Облачная","pass":true},{"station_id":"n5049916209","station_name":"Жилмассив \"Чистая Слобода\""},{"station_id":"n5049916208","station_name":"Облачная","pass":true},{"station_id":"n1404737099","station_name":"Поселок Южный"},{"station_id":"n1403032265","station_name":"Бийская улица"},{"station_id":"n1404737101","station_name":"улица Танкистов"},{"station_id":"n1403032295","station_name":"Парашютная"},{"station_id":"n1403032316","station_name":"Широкий переулок"},{"station_id":"n1403032298","station_name":"Permskaya Street"},{"station_id":"n470277382","station_name":"Степная улица","pass":true},{"station_id":"n5062575877","station_name":"Районная"},{"station_id":"n470277364","station_name":"улица Станиславского"},{"station_id":"n1408131188","station_name":"улица Костычева"},{"station_id":"n1408131189","station_name":"улица Серафимовича","pass":true},{"station_id":"n1402595204","station_name":"Римского-Корсакова"},{"station_id":"n418172959","station_name":"Дом радио"},{"station_id":"n1402595202","station_name":"Вертковская улица"},{"station_id":"n1408131184","station_name":"Ulitsa Pokrishkina"},{"station_id":"n444678251","station_name":"Метро \"Площадь Маркса\""},{"station_id":"n13275221588","station_name":"Клуб им. Чехова"},{"station_id":"n470277382","station_name":"Степная улица","pass":true},{"station_id":"n1406258903","station_name":"Квартал Софийский"}]},{"route_id":"r9082027","route_name":"Трамвай 10","route_name_local":"Трамвай 10","route_name_en":null,"route_ref":"10","route_color":null,"wikipedia":null,"osm_route_ids":[9082027],"status":null,"order_suspect":0,"span_suspect":0,"stations":[{"station_id":"n380063049","station_name":"Бугринская роща"},{"station_id":"n663207122","station_name":"ул. Оловозаводская"},{"station_id":"n1402037720","station_name":"Тюменская ул."},{"station_id":"n1402037702","station_name":"Промышленная улица"},{"station_id":"n1402037695","station_name":"Ул. Брюллова"},{"station_id":"n1402037706","station_name":"Оловозавод"},{"station_id":"n1402037697","station_name":"Поликлинника №21"},{"station_id":"n1402037712","station_name":"Строительная улица"},{"station_id":"n1402037721","station_name":"Улица Мира"},{"station_id":"n1401342541","station_name":"площадь Сибиряков-Гвардейцев"},{"station_id":"n1402595202","station_name":"Вертковская улица"},{"station_id":"n418172959","station_name":"Дом радио"},{"station_id":"n1402595204","station_name":"Римского-Корсакова"},{"station_id":"n1408131189","station_name":"улица Серафимовича"},{"station_id":"n1408131188","station_name":"улица Костычева"},{"station_id":"n470277364","station_name":"улица Станиславского"},{"station_id":"n5062575877","station_name":"Районная"},{"station_id":"n1406258903","station_name":"Квартал Софийский"},{"station_id":"n470277380","station_name":"Станиславский жилмассив"},{"station_id":"n1402595304","station_name":"Кирзавод"},{"station_id":"n663207103","station_name":"Автокомбинат"},{"station_id":"n663207104","station_name":"улица 9-й Гвардейской Дивизии"},{"station_id":"n1406258901","station_name":"Волховская улица"},{"station_id":"n10098486600","station_name":"ЖК Радуга"}]},{"route_id":"rm21011048","route_name":"трамвай 16","route_name_local":"трамвай 16","route_name_en":null,"route_ref":"16","route_color":null,"wikipedia":null,"osm_route_ids":[14060546,14060547],"status":null,"order_suspect":0,"span_suspect":0,"stations":[{"station_id":"n13275221586","station_name":"ул.Титова"},{"station_id":"n444678251","station_name":"Метро \"Площадь Маркса\""},{"station_id":"n1408131184","station_name":"Ulitsa Pokrishkina"},{"station_id":"n1402595202","station_name":"Вертковская улица"},{"station_id":"n418172959","station_name":"Дом радио"},{"station_id":"n1402595204","station_name":"Римского-Корсакова"},{"station_id":"n1408131189","station_name":"улица Серафимовича"},{"station_id":"n1408131188","station_name":"улица Костычева"},{"station_id":"n470277364","station_name":"улица Станиславского"},{"station_id":"n5062575877","station_name":"Районная"},{"station_id":"n1406258903","station_name":"Квартал Софийский"},{"station_id":"n470277380","station_name":"Станиславский жилмассив"},{"station_id":"n1402595304","station_name":"Кирзавод"},{"station_id":"n663207103","station_name":"Автокомбинат"},{"station_id":"n663207104","station_name":"улица 9-й Гвардейской Дивизии"},{"station_id":"n1406258901","station_name":"Волховская улица"},{"station_id":"n566133064","station_name":"Школа №174"},{"station_id":"n566132989","station_name":"Юго-Западный жилмассив"}]}],"route_count":3,"route_refs":["2","10","16"],"route_colors":["#e11d48","#e11d48","#e11d48"],"city":"Novosibirsk","country":"Russia"},"geometry":{"type":"MultiLineString","coordinates":[[[82.8639052,54.9742971],[82.872944,54.97474484999999],[82.87795324999999,54.9749872],[82.8823088,54.9757204],[82.8858317,54.975852],[82.89053975,54.97607175],[82.89621460000001,54.97633695]]]}},{"type":"Feature","properties":{"seg_id":"novosibirsk-22","routes":[{"route_id":"r9082027","route_name":"Трамвай 10","route_name_local":"Трамвай 10","route_name_en":null,"route_ref":"10","route_color":null,"wikipedia":null,"osm_route_ids":[9082027],"status":null,"order_suspect":0,"span_suspect":0,"stations":[{"station_id":"n380063049","station_name":"Бугринская роща"},{"station_id":"n663207122","station_name":"ул. Оловозаводская"},{"station_id":"n1402037720","station_name":"Тюменская ул."},{"station_id":"n1402037702","station_name":"Промышленная улица"},{"station_id":"n1402037695","station_name":"Ул. Брюллова"},{"station_id":"n1402037706","station_name":"Оловозавод"},{"station_id":"n1402037697","station_name":"Поликлинника №21"},{"station_id":"n1402037712","station_name":"Строительная улица"},{"station_id":"n1402037721","station_name":"Улица Мира"},{"station_id":"n1401342541","station_name":"площадь Сибиряков-Гвардейцев"},{"station_id":"n1402595202","station_name":"Вертковская улица"},{"station_id":"n418172959","station_name":"Дом радио"},{"station_id":"n1402595204","station_name":"Римского-Корсакова"},{"station_id":"n1408131189","station_name":"улица Серафимовича"},{"station_id":"n1408131188","station_name":"улица Костычева"},{"station_id":"n470277364","station_name":"улица Станиславского"},{"station_id":"n5062575877","station_name":"Районная"},{"station_id":"n1406258903","station_name":"Квартал Софийский"},{"station_id":"n470277380","station_name":"Станиславский жилмассив"},{"station_id":"n1402595304","station_name":"Кирзавод"},{"station_id":"n663207103","station_name":"Автокомбинат"},{"station_id":"n663207104","station_name":"улица 9-й Гвардейской Дивизии"},{"station_id":"n1406258901","station_name":"Волховская улица"},{"station_id":"n10098486600","station_name":"ЖК Радуга"}]},{"route_id":"rm21011048","route_name":"трамвай 16","route_name_local":"трамвай 16","route_name_en":null,"route_ref":"16","route_color":null,"wikipedia":null,"osm_route_ids":[14060546,14060547],"status":null,"order_suspect":0,"span_suspect":0,"stations":[{"station_id":"n13275221586","station_name":"ул.Титова"},{"station_id":"n444678251","station_name":"Метро \"Площадь Маркса\""},{"station_id":"n1408131184","station_name":"Ulitsa Pokrishkina"},{"station_id":"n1402595202","station_name":"Вертковская улица"},{"station_id":"n418172959","station_name":"Дом радио"},{"station_id":"n1402595204","station_name":"Римского-Корсакова"},{"station_id":"n1408131189","station_name":"улица Серафимовича"},{"station_id":"n1408131188","station_name":"улица Костычева"},{"station_id":"n470277364","station_name":"улица Станиславского"},{"station_id":"n5062575877","station_name":"Районная"},{"station_id":"n1406258903","station_name":"Квартал Софийский"},{"station_id":"n470277380","station_name":"Станиславский жилмассив"},{"station_id":"n1402595304","station_name":"Кирзавод"},{"station_id":"n663207103","station_name":"Автокомбинат"},{"station_id":"n663207104","station_name":"улица 9-й Гвардейской Дивизии"},{"station_id":"n1406258901","station_name":"Волховская улица"},{"station_id":"n566133064","station_name":"Школа №174"},{"station_id":"n566132989","station_name":"Юго-Западный жилмассив"}]}],"route_count":2,"route_refs":["10","16"],"route_colors":["#e11d48","#e11d48"],"city":"Novosibirsk","country":"Russia"},"geometry":{"type":"MultiLineString","coordinates":[[[82.8639052,54.9742971],[82.8599161,54.9741428]]]}},{"type":"Feature","properties":{"seg_id":"novosibirsk-23","routes":[{"route_id":"r9082027","route_name":"Трамвай 10","route_name_local":"Трамвай 10","route_name_en":null,"route_ref":"10","route_color":null,"wikipedia":null,"osm_route_ids":[9082027],"status":null,"order_suspect":0,"span_suspect":0,"stations":[{"station_id":"n380063049","station_name":"Бугринская роща"},{"station_id":"n663207122","station_name":"ул. Оловозаводская"},{"station_id":"n1402037720","station_name":"Тюменская ул."},{"station_id":"n1402037702","station_name":"Промышленная улица"},{"station_id":"n1402037695","station_name":"Ул. Брюллова"},{"station_id":"n1402037706","station_name":"Оловозавод"},{"station_id":"n1402037697","station_name":"Поликлинника №21"},{"station_id":"n1402037712","station_name":"Строительная улица"},{"station_id":"n1402037721","station_name":"Улица Мира"},{"station_id":"n1401342541","station_name":"площадь Сибиряков-Гвардейцев"},{"station_id":"n1402595202","station_name":"Вертковская улица"},{"station_id":"n418172959","station_name":"Дом радио"},{"station_id":"n1402595204","station_name":"Римского-Корсакова"},{"station_id":"n1408131189","station_name":"улица Серафимовича"},{"station_id":"n1408131188","station_name":"улица Костычева"},{"station_id":"n470277364","station_name":"улица Станиславского"},{"station_id":"n5062575877","station_name":"Районная"},{"station_id":"n1406258903","station_name":"Квартал Софийский"},{"station_id":"n470277380","station_name":"Станиславский жилмассив"},{"station_id":"n1402595304","station_name":"Кирзавод"},{"station_id":"n663207103","station_name":"Автокомбинат"},{"station_id":"n663207104","station_name":"улица 9-й Гвардейской Дивизии"},{"station_id":"n1406258901","station_name":"Волховская улица"},{"station_id":"n10098486600","station_name":"ЖК Радуга"}]}],"route_count":1,"route_refs":["10"],"route_colors":["#e11d48"],"city":"Novosibirsk","country":"Russia"},"geometry":{"type":"MultiLineString","coordinates":[[[82.8424496,54.9701855],[82.8374084,54.97132955]]]}},{"type":"Feature","properties":{"seg_id":"novosibirsk-24","routes":[{"route_id":"rm21011030","route_name":"Трамвай 14: Площадь Калинина - Сад Мичуринцев","route_name_local":"Трамвай 14: Площадь Калинина - Сад Мичуринцев","route_name_en":null,"route_ref":"14","route_color":null,"wikipedia":null,"osm_route_ids":[9082106,9082107],"status":null,"order_suspect":0,"span_suspect":0,"stations":[{"station_id":"n9756221146","station_name":"Площадь Калинина"},{"station_id":"n9756221148","station_name":"Университет путей сообщения"},{"station_id":"n9756221150","station_name":"Горбольница"},{"station_id":"n9756119489","station_name":"Универмаг Калининский"},{"station_id":"n9756119491","station_name":"Стадион \"Сибирь\""},{"station_id":"n9756119493","station_name":"ДК им. Горького"},{"station_id":"n9756119496","station_name":"Улица 25 лет Октября"},{"station_id":"n9751265220","station_name":"Учительская улица"},{"station_id":"n9751265218","station_name":"Улица Олеко Дундича"},{"station_id":"n9751241816","station_name":"Библиотека"},{"station_id":"n9751241814","station_name":"Поликлиника"},{"station_id":"n9751241815","station_name":"Сквер авиаконструктора Антонова"},{"station_id":"n9751241812","station_name":"Дом одежды"},{"station_id":"n9751241810","station_name":"Гипроуголь"},{"station_id":"n9751241809","station_name":"Дом культуры имени Чкалова"},{"station_id":"n9751241808","station_name":"Магазин Детский мир"},{"station_id":"n9750462095","station_name":"Волочаевская улица"},{"station_id":"n9750462093","station_name":"Река Каменка"},{"station_id":"n9750462091","station_name":"Техническая улица"},{"station_id":"n9750462089","station_name":"Кинотеатр Родина"},{"station_id":"n9750462087","station_name":"Почтовая"},{"station_id":"n426622530","station_name":"Гусинобродское шоссе"},{"station_id":"n321191553","station_name":"Карбышева"},{"station_id":"n321191550","station_name":"ул. Толбухина"},{"station_id":"n321191545","station_name":"Волочаевский жилмассив"},{"station_id":"n320717719","station_name":"Куприна"},{"station_id":"n320717129","station_name":"Сад Мичуринцев"}]}],"route_count":1,"route_refs":["14"],"route_colors":["#e11d48"],"city":"Novosibirsk","country":"Russia"},"geometry":{"type":"MultiLineString","coordinates":[[[82.91436519999999,55.060163849999995],[82.92339725,55.0637233],[82.92802979999999,55.065562549999996],[82.9354948,55.06626875],[82.94283725,55.07003265],[82.9517655,55.07465235],[82.9584098,55.07807485],[82.9655601,55.081032449999995]]]}},{"type":"Feature","properties":{"seg_id":"novosibirsk-25","routes":[{"route_id":"rm21011030","route_name":"Трамвай 14: Площадь Калинина - Сад Мичуринцев","route_name_local":"Трамвай 14: Площадь Калинина - Сад Мичуринцев","route_name_en":null,"route_ref":"14","route_color":null,"wikipedia":null,"osm_route_ids":[9082106,9082107],"status":null,"order_suspect":0,"span_suspect":0,"stations":[{"station_id":"n9756221146","station_name":"Площадь Калинина"},{"station_id":"n9756221148","station_name":"Университет путей сообщения"},{"station_id":"n9756221150","station_name":"Горбольница"},{"station_id":"n9756119489","station_name":"Универмаг Калининский"},{"station_id":"n9756119491","station_name":"Стадион \"Сибирь\""},{"station_id":"n9756119493","station_name":"ДК им. Горького"},{"station_id":"n9756119496","station_name":"Улица 25 лет Октября"},{"station_id":"n9751265220","station_name":"Учительская улица"},{"station_id":"n9751265218","station_name":"Улица Олеко Дундича"},{"station_id":"n9751241816","station_name":"Библиотека"},{"station_id":"n9751241814","station_name":"Поликлиника"},{"station_id":"n9751241815","station_name":"Сквер авиаконструктора Антонова"},{"station_id":"n9751241812","station_name":"Дом одежды"},{"station_id":"n9751241810","station_name":"Гипроуголь"},{"station_id":"n9751241809","station_name":"Дом культуры имени Чкалова"},{"station_id":"n9751241808","station_name":"Магазин Детский мир"},{"station_id":"n9750462095","station_name":"Волочаевская улица"},{"station_id":"n9750462093","station_name":"Река Каменка"},{"station_id":"n9750462091","station_name":"Техническая улица"},{"station_id":"n9750462089","station_name":"Кинотеатр Родина"},{"station_id":"n9750462087","station_name":"Почтовая"},{"station_id":"n426622530","station_name":"Гусинобродское шоссе"},{"station_id":"n321191553","station_name":"Карбышева"},{"station_id":"n321191550","station_name":"ул. Толбухина"},{"station_id":"n321191545","station_name":"Волочаевский жилмассив"},{"station_id":"n320717719","station_name":"Куприна"},{"station_id":"n320717129","station_name":"Сад Мичуринцев"}]}],"route_count":1,"route_refs":["14"],"route_colors":["#e11d48"],"city":"Novosibirsk","country":"Russia"},"geometry":{"type":"MultiLineString","coordinates":[[[82.985388325,55.059985749999996],[82.99474045,55.05398265],[83.00200295,55.05146965],[83.0070698,55.048438950000005],[83.0132296,55.0447513],[83.0199063,55.0396804]]]}},{"type":"Feature","properties":{"seg_id":"novosibirsk-26","routes":[{"route_id":"rm21011030","route_name":"Трамвай 14: Площадь Калинина - Сад Мичуринцев","route_name_local":"Трамвай 14: Площадь Калинина - Сад Мичуринцев","route_name_en":null,"route_ref":"14","route_color":null,"wikipedia":null,"osm_route_ids":[9082106,9082107],"status":null,"order_suspect":0,"span_suspect":0,"stations":[{"station_id":"n9756221146","station_name":"Площадь Калинина"},{"station_id":"n9756221148","station_name":"Университет путей сообщения"},{"station_id":"n9756221150","station_name":"Горбольница"},{"station_id":"n9756119489","station_name":"Универмаг Калининский"},{"station_id":"n9756119491","station_name":"Стадион \"Сибирь\""},{"station_id":"n9756119493","station_name":"ДК им. Горького"},{"station_id":"n9756119496","station_name":"Улица 25 лет Октября"},{"station_id":"n9751265220","station_name":"Учительская улица"},{"station_id":"n9751265218","station_name":"Улица Олеко Дундича"},{"station_id":"n9751241816","station_name":"Библиотека"},{"station_id":"n9751241814","station_name":"Поликлиника"},{"station_id":"n9751241815","station_name":"Сквер авиаконструктора Антонова"},{"station_id":"n9751241812","station_name":"Дом одежды"},{"station_id":"n9751241810","station_name":"Гипроуголь"},{"station_id":"n9751241809","station_name":"Дом культуры имени Чкалова"},{"station_id":"n9751241808","station_name":"Магазин Детский мир"},{"station_id":"n9750462095","station_name":"Волочаевская улица"},{"station_id":"n9750462093","station_name":"Река Каменка"},{"station_id":"n9750462091","station_name":"Техническая улица"},{"station_id":"n9750462089","station_name":"Кинотеатр Родина"},{"station_id":"n9750462087","station_name":"Почтовая"},{"station_id":"n426622530","station_name":"Гусинобродское шоссе"},{"station_id":"n321191553","station_name":"Карбышева"},{"station_id":"n321191550","station_name":"ул. Толбухина"},{"station_id":"n321191545","station_name":"Волочаевский жилмассив"},{"station_id":"n320717719","station_name":"Куприна"},{"station_id":"n320717129","station_name":"Сад Мичуринцев"}]},{"route_id":"rm21011025","route_name":"Трамвай 11: Золотая Горка - ПКИО Сосновый Бор","route_name_local":"Трамвай 11: Золотая Горка - ПКИО Сосновый Бор","route_name_en":null,"route_ref":"11","route_color":null,"wikipedia":null,"osm_route_ids":[9082112,9082113],"status":null,"order_suspect":0,"span_suspect":0,"stations":[{"station_id":"n9751287208","station_name":"Золотая Горка"},{"station_id":"n9751287206","station_name":"Улица Седова"},{"station_id":"n9751287204","station_name":"Улица Ползунова"},{"station_id":"n9751287202","station_name":"Сад Дзержинского"},{"station_id":"n9750462095","station_name":"Волочаевская улица"},{"station_id":"n9751241808","station_name":"Магазин Детский мир"},{"station_id":"n9751241809","station_name":"Дом культуры имени Чкалова"},{"station_id":"n9751241810","station_name":"Гипроуголь"},{"station_id":"n9751241812","station_name":"Дом одежды"},{"station_id":"n9751241815","station_name":"Сквер авиаконструктора Антонова"},{"station_id":"n9751241814","station_name":"Поликлиника"},{"station_id":"n9751241816","station_name":"Библиотека"},{"station_id":"n9751265218","station_name":"Улица Олеко Дундича"},{"station_id":"n9751265220","station_name":"Учительская улица"},{"station_id":"n9751265222","station_name":"Улица Новая Заря"},{"station_id":"n9751265233","station_name":"Сосновый бор"}]}],"route_count":2,"route_refs":["14","11"],"route_colors":["#e11d48","#e11d48"],"city":"Novosibirsk","country":"Russia"},"geometry":{"type":"MultiLineString","coordinates":[[[82.9655601,55.081032449999995],[82.97047140000001,55.07761345],[82.9743711,55.07480685],[82.9689299,55.0708439],[82.9688158,55.0707508],[82.96436305,55.0676589],[82.97314475,55.0613458],[82.9778083,55.0579474],[82.9778926,55.0579449],[82.985388325,55.059985749999996]]]}},{"type":"Feature","properties":{"seg_id":"novosibirsk-27","routes":[{"route_id":"rm21011025","route_name":"Трамвай 11: Золотая Горка - ПКИО Сосновый Бор","route_name_local":"Трамвай 11: Золотая Горка - ПКИО Сосновый Бор","route_name_en":null,"route_ref":"11","route_color":null,"wikipedia":null,"osm_route_ids":[9082112,9082113],"status":null,"order_suspect":0,"span_suspect":0,"stations":[{"station_id":"n9751287208","station_name":"Золотая Горка"},{"station_id":"n9751287206","station_name":"Улица Седова"},{"station_id":"n9751287204","station_name":"Улица Ползунова"},{"station_id":"n9751287202","station_name":"Сад Дзержинского"},{"station_id":"n9750462095","station_name":"Волочаевская улица"},{"station_id":"n9751241808","station_name":"Магазин Детский мир"},{"station_id":"n9751241809","station_name":"Дом культуры имени Чкалова"},{"station_id":"n9751241810","station_name":"Гипроуголь"},{"station_id":"n9751241812","station_name":"Дом одежды"},{"station_id":"n9751241815","station_name":"Сквер авиаконструктора Антонова"},{"station_id":"n9751241814","station_name":"Поликлиника"},{"station_id":"n9751241816","station_name":"Библиотека"},{"station_id":"n9751265218","station_name":"Улица Олеко Дундича"},{"station_id":"n9751265220","station_name":"Учительская улица"},{"station_id":"n9751265222","station_name":"Улица Новая Заря"},{"station_id":"n9751265233","station_name":"Сосновый бор"}]}],"route_count":1,"route_refs":["11"],"route_colors":["#e11d48"],"city":"Novosibirsk","country":"Russia"},"geometry":{"type":"MultiLineString","coordinates":[[[83.00864945000001,55.071416150000005],[83.0001177,55.06775465],[82.9944974,55.0650947],[82.9881472,55.0620517],[82.985388325,55.059985749999996]]]}},{"type":"Feature","properties":{"seg_id":"novosibirsk-28","routes":[{"route_id":"rm21011025","route_name":"Трамвай 11: Золотая Горка - ПКИО Сосновый Бор","route_name_local":"Трамвай 11: Золотая Горка - ПКИО Сосновый Бор","route_name_en":null,"route_ref":"11","route_color":null,"wikipedia":null,"osm_route_ids":[9082112,9082113],"status":null,"order_suspect":0,"span_suspect":0,"stations":[{"station_id":"n9751287208","station_name":"Золотая Горка"},{"station_id":"n9751287206","station_name":"Улица Седова"},{"station_id":"n9751287204","station_name":"Улица Ползунова"},{"station_id":"n9751287202","station_name":"Сад Дзержинского"},{"station_id":"n9750462095","station_name":"Волочаевская улица"},{"station_id":"n9751241808","station_name":"Магазин Детский мир"},{"station_id":"n9751241809","station_name":"Дом культуры имени Чкалова"},{"station_id":"n9751241810","station_name":"Гипроуголь"},{"station_id":"n9751241812","station_name":"Дом одежды"},{"station_id":"n9751241815","station_name":"Сквер авиаконструктора Антонова"},{"station_id":"n9751241814","station_name":"Поликлиника"},{"station_id":"n9751241816","station_name":"Библиотека"},{"station_id":"n9751265218","station_name":"Улица Олеко Дундича"},{"station_id":"n9751265220","station_name":"Учительская улица"},{"station_id":"n9751265222","station_name":"Улица Новая Заря"},{"station_id":"n9751265233","station_name":"Сосновый бор"}]}],"route_count":1,"route_refs":["11"],"route_colors":["#e11d48"],"city":"Novosibirsk","country":"Russia"},"geometry":{"type":"MultiLineString","coordinates":[[[82.9655601,55.081032449999995],[82.960555,55.08481055],[82.95501773333332,55.08961843333333]]]}},{"type":"Feature","properties":{"station_id":"n472661901","station_name":"Молкомбинат","station_name_local":"Молкомбинат","station_name_en":null,"city":"Novosibirsk","country":"Russia","lines":["3"],"wikipedia":null,"merged_from":2,"merged_names":null,"is_terminus":true,"routes":[{"ref":"3","name":"трамвай 3","route_color":null}],"pass_count":1,"station_degree":1,"codes":null,"is_interchange":false,"station_role":"terminus"},"geometry":{"type":"Point","coordinates":[82.84463395,54.9452005]},"__memberLines":{}},{"type":"Feature","properties":{"station_id":"n1400814083","station_name":"Сибирский Грузовой Терминал","station_name_local":"Сибирский Грузовой Терминал","station_name_en":null,"city":"Novosibirsk","country":"Russia","lines":["3"],"wikipedia":null,"merged_from":2,"merged_names":null,"is_terminus":false,"routes":[{"ref":"3","name":"трамвай 3","route_color":null}],"pass_count":1,"station_degree":2,"codes":null,"is_interchange":false,"station_role":"normal"},"geometry":{"type":"Point","coordinates":[82.85051185,54.9450832]},"__memberLines":{}},{"type":"Feature","properties":{"station_id":"n1400814076","station_name":"ул. Ивана Титкова","station_name_local":"ул. Ивана Титкова","station_name_en":null,"city":"Novosibirsk","country":"Russia","lines":["3"],"wikipedia":null,"merged_from":2,"merged_names":null,"is_terminus":false,"routes":[{"ref":"3","name":"трамвай 3","route_color":null}],"pass_count":1,"station_degree":2,"codes":null,"is_interchange":false,"station_role":"normal"},"geometry":{"type":"Point","coordinates":[82.85692415,54.9446848]},"__memberLines":{}},{"type":"Feature","properties":{"station_id":"n1400814093","station_name":"Сибэлектротерм","station_name_local":"Сибэлектротерм","station_name_en":null,"city":"Novosibirsk","country":"Russia","lines":["3"],"wikipedia":null,"merged_from":2,"merged_names":null,"is_terminus":false,"routes":[{"ref":"3","name":"трамвай 3","route_color":null}],"pass_count":1,"station_degree":2,"codes":null,"is_interchange":false,"station_role":"normal"},"geometry":{"type":"Point","coordinates":[82.8649489,54.94419925]},"__memberLines":{}},{"type":"Feature","properties":{"station_id":"n1400814104","station_name":"улица Паласса","station_name_local":"улица Паласса","station_name_en":null,"city":"Novosibirsk","country":"Russia","lines":["3"],"wikipedia":null,"merged_from":2,"merged_names":null,"is_terminus":false,"routes":[{"ref":"3","name":"трамвай 3","route_color":null}],"pass_count":1,"station_degree":2,"codes":null,"is_interchange":false,"station_role":"normal"},"geometry":{"type":"Point","coordinates":[82.87857629999999,54.94338075]},"__memberLines":{}},{"type":"Feature","properties":{"station_id":"n1400814090","station_name":"Улица Виктора Уса","station_name_local":"Улица Виктора Уса","station_name_en":null,"city":"Novosibirsk","country":"Russia","lines":["3"],"wikipedia":null,"merged_from":2,"merged_names":null,"is_terminus":false,"routes":[{"ref":"3","name":"трамвай 3","route_color":null}],"pass_count":1,"station_degree":2,"codes":null,"is_interchange":false,"station_role":"normal"},"geometry":{"type":"Point","coordinates":[82.88530005000001,54.94297755]},"__memberLines":{}},{"type":"Feature","properties":{"station_id":"n1401341698","station_name":"площадь Кирова","station_name_local":"площадь Кирова","station_name_en":null,"city":"Novosibirsk","country":"Russia","lines":["3","18"],"wikipedia":null,"merged_from":2,"merged_names":null,"is_terminus":false,"routes":[{"ref":"3","name":"трамвай 3","route_color":null},{"ref":"18","name":"трамвай 18","route_color":null}],"pass_count":2,"station_degree":3,"codes":null,"is_interchange":true,"station_role":"interchange"},"geometry":{"type":"Point","coordinates":[82.90010395,54.941826199999994]},"__memberLines":{}},{"type":"Feature","properties":{"station_id":"n1400814097","station_name":"ЭЛСИБ","station_name_local":"ЭЛСИБ","station_name_en":null,"city":"Novosibirsk","country":"Russia","lines":["3"],"wikipedia":null,"merged_from":2,"merged_names":null,"is_terminus":false,"routes":[{"ref":"3","name":"трамвай 3","route_color":null}],"pass_count":1,"station_degree":2,"codes":null,"is_interchange":false,"station_role":"normal"},"geometry":{"type":"Point","coordinates":[82.8956723,54.942340200000004]},"__memberLines":{}},{"type":"Feature","properties":{"station_id":"n663207112","station_name":"Индустриальная","station_name_local":"Индустриальная","station_name_en":null,"city":"Novosibirsk","country":"Russia","lines":["3","18"],"wikipedia":null,"merged_from":2,"merged_names":null,"is_terminus":false,"routes":[{"ref":"3","name":"трамвай 3","route_color":null},{"ref":"18","name":"трамвай 18","route_color":null}],"pass_count":2,"station_degree":2,"codes":null,"is_interchange":false,"station_role":"normal"},"geometry":{"type":"Point","coordinates":[82.89841665,54.94486755]},"__memberLines":{}},{"type":"Feature","properties":{"station_id":"n1402037687","station_name":"Бульвар","station_name_local":"Бульвар","station_name_en":null,"city":"Novosibirsk","country":"Russia","lines":["18"],"wikipedia":null,"merged_from":2,"merged_names":null,"is_terminus":false,"routes":[{"ref":"18","name":"трамвай 18","route_color":null}],"pass_count":1,"station_degree":2,"codes":null,"is_interchange":false,"station_role":"normal"},"geometry":{"type":"Point","coordinates":[82.906269,54.94145915]},"__memberLines":{}},{"type":"Feature","properties":{"station_id":"n1402037724","station_name":"Универмаг \"Кировский\"","station_name_local":"Универмаг \"Кировский\"","station_name_en":null,"city":"Novosibirsk","country":"Russia","lines":["18"],"wikipedia":null,"merged_from":2,"merged_names":null,"is_terminus":false,"routes":[{"ref":"18","name":"трамвай 18","route_color":null}],"pass_count":1,"station_degree":2,"codes":null,"is_interchange":false,"station_role":"normal"},"geometry":{"type":"Point","coordinates":[82.9148141,54.9409407]},"__memberLines":{}},{"type":"Feature","properties":{"station_id":"n1402037715","station_name":"ТГ \"Левобережный\"","station_name_local":"ТГ \"Левобережный\"","station_name_en":null,"city":"Novosibirsk","country":"Russia","lines":["3","18"],"wikipedia":null,"merged_from":2,"merged_names":null,"is_terminus":false,"routes":[{"ref":"3","name":"трамвай 3","route_color":null},{"ref":"18","name":"трамвай 18","route_color":null}],"pass_count":2,"station_degree":2,"codes":null,"is_interchange":false,"station_role":"normal"},"geometry":{"type":"Point","coordinates":[82.89959825,54.9512092]},"__memberLines":{}},{"type":"Feature","properties":{"station_id":"n1402037739","station_name":"улица Петухова","station_name_local":"улица Петухова","station_name_en":null,"city":"Novosibirsk","country":"Russia","lines":["18"],"wikipedia":null,"merged_from":2,"merged_names":null,"is_terminus":false,"routes":[{"ref":"18","name":"трамвай 18","route_color":null}],"pass_count":1,"station_degree":2,"codes":null,"is_interchange":false,"station_role":"normal"},"geometry":{"type":"Point","coordinates":[82.9273811,54.94018925]},"__memberLines":{}},{"type":"Feature","properties":{"station_id":"n1402037706","station_name":"Оловозавод","station_name_local":"Оловозавод","station_name_en":null,"city":"Novosibirsk","country":"Russia","lines":["10","15"],"wikipedia":null,"merged_from":2,"merged_names":null,"is_terminus":false,"routes":[{"ref":"10","name":"Трамвай 10","route_color":null},{"ref":"15","name":"трамвай 15","route_color":null}],"pass_count":2,"station_degree":2,"codes":null,"is_interchange":false,"station_role":"normal"},"geometry":{"type":"Point","coordinates":[82.9356118,54.961288350000004]},"__memberLines":{}},{"type":"Feature","properties":{"station_id":"n1402037695","station_name":"Ул. Брюллова","station_name_local":"Ул. Брюллова","station_name_en":null,"city":"Novosibirsk","country":"Russia","lines":["10","15"],"wikipedia":null,"merged_from":2,"merged_names":null,"is_terminus":false,"routes":[{"ref":"10","name":"Трамвай 10","route_color":null},{"ref":"15","name":"трамвай 15","route_color":null}],"pass_count":2,"station_degree":2,"codes":null,"is_interchange":false,"station_role":"normal"},"geometry":{"type":"Point","coordinates":[82.94089944999999,54.958309299999996]},"__memberLines":{}},{"type":"Feature","properties":{"station_id":"n1402037702","station_name":"Промышленная улица","station_name_local":"Промышленная улица","station_name_en":null,"city":"Novosibirsk","country":"Russia","lines":["10","15"],"wikipedia":null,"merged_from":2,"merged_names":null,"is_terminus":false,"routes":[{"ref":"10","name":"Трамвай 10","route_color":null},{"ref":"15","name":"трамвай 15","route_color":null}],"pass_count":2,"station_degree":2,"codes":null,"is_interchange":false,"station_role":"normal"},"geometry":{"type":"Point","coordinates":[82.94458795,54.9581102]},"__memberLines":{}},{"type":"Feature","properties":{"station_id":"n1402037720","station_name":"Тюменская ул.","station_name_local":"Тюменская ул.","station_name_en":null,"city":"Novosibirsk","country":"Russia","lines":["10","15"],"wikipedia":null,"merged_from":2,"merged_names":null,"is_terminus":false,"routes":[{"ref":"10","name":"Трамвай 10","route_color":null},{"ref":"15","name":"трамвай 15","route_color":null}],"pass_count":2,"station_degree":2,"codes":null,"is_interchange":false,"station_role":"normal"},"geometry":{"type":"Point","coordinates":[82.94816215,54.960226750000004]},"__memberLines":{}},{"type":"Feature","properties":{"station_id":"n5049916209","station_name":"Жилмассив \"Чистая Слобода\"","station_name_local":"Жилмассив \"Чистая Слобода\"","station_name_en":null,"city":"Novosibirsk","country":"Russia","lines":["2","2","8"],"wikipedia":null,"merged_from":2,"merged_names":null,"is_terminus":true,"routes":[{"ref":"2","name":"Трамвай 2: Метро \"Площадь Маркса\" - Жилмассив \"Чистая Слобода\"","route_color":null},{"ref":"2","name":"Dzerzhinskaya Line","route_color":"#3cb44b"},{"ref":"8","name":"трамвай 8","route_color":null}],"pass_count":3,"station_degree":1,"codes":null,"is_interchange":false,"station_role":"terminus"},"geometry":{"type":"Point","coordinates":[82.80428405,54.97865635]},"__memberLines":{}},{"type":"Feature","properties":{"station_id":"n566133098","station_name":"Оборонная улица","station_name_local":"Оборонная улица","station_name_en":null,"city":"Novosibirsk","country":"Russia","lines":["18"],"wikipedia":null,"merged_from":2,"merged_names":null,"is_terminus":false,"routes":[{"ref":"18","name":"трамвай 18","route_color":null}],"pass_count":1,"station_degree":2,"codes":null,"is_interchange":false,"station_role":"normal"},"geometry":{"type":"Point","coordinates":[82.83699755,54.9740657]},"__memberLines":{}},{"type":"Feature","properties":{"station_id":"n10098486600","station_name":"ЖК Радуга","station_name_local":"ЖК Радуга","station_name_en":null,"city":"Novosibirsk","country":"Russia","lines":["10"],"wikipedia":null,"merged_from":2,"merged_names":null,"is_terminus":true,"routes":[{"ref":"10","name":"Трамвай 10","route_color":null}],"pass_count":1,"station_degree":1,"codes":null,"is_interchange":false,"station_role":"terminus"},"geometry":{"type":"Point","coordinates":[82.8374084,54.97132955]},"__memberLines":{}},{"type":"Feature","properties":{"station_id":"n5049916208","station_name":"Облачная","station_name_local":"Облачная","station_name_en":null,"city":"Novosibirsk","country":"Russia","lines":["8"],"wikipedia":null,"is_terminus":false,"routes":[{"ref":"8","name":"трамвай 8","route_color":null},{"ref":"2","name":"Трамвай 2: Метро \"Площадь Маркса\" - Жилмассив \"Чистая Слобода\"","route_color":null,"pass":true}],"pass_count":3,"station_degree":2,"codes":null,"merged_from":null,"merged_names":null,"is_interchange":false,"station_role":"normal"},"geometry":{"type":"Point","coordinates":[82.8117726,54.9789739]},"__memberLines":{}},{"type":"Feature","properties":{"station_id":"n1403032265","station_name":"Бийская улица","station_name_local":"Бийская улица","station_name_en":null,"city":"Novosibirsk","country":"Russia","lines":["2","2","8"],"wikipedia":null,"merged_from":2,"merged_names":null,"is_terminus":false,"routes":[{"ref":"2","name":"Трамвай 2: Метро \"Площадь Маркса\" - Жилмассив \"Чистая Слобода\"","route_color":null},{"ref":"2","name":"Dzerzhinskaya Line","route_color":"#3cb44b"},{"ref":"8","name":"трамвай 8","route_color":null}],"pass_count":3,"station_degree":2,"codes":null,"is_interchange":false,"station_role":"normal"},"geometry":{"type":"Point","coordinates":[82.8241493,54.979697200000004]},"__memberLines":{}},{"type":"Feature","properties":{"station_id":"n1404737099","station_name":"Поселок Южный","station_name_local":"Поселок Южный","station_name_en":null,"city":"Novosibirsk","country":"Russia","lines":["2","2","8"],"wikipedia":null,"merged_from":2,"merged_names":null,"is_terminus":false,"routes":[{"ref":"2","name":"Трамвай 2: Метро \"Площадь Маркса\" - Жилмассив \"Чистая Слобода\"","route_color":null},{"ref":"2","name":"Dzerzhinskaya Line","route_color":"#3cb44b"},{"ref":"8","name":"трамвай 8","route_color":null}],"pass_count":3,"station_degree":2,"codes":null,"is_interchange":false,"station_role":"normal"},"geometry":{"type":"Point","coordinates":[82.81934385,54.97946035]},"__memberLines":{}},{"type":"Feature","properties":{"station_id":"n1404737101","station_name":"улица Танкистов","station_name_local":"улица Танкистов","station_name_en":null,"city":"Novosibirsk","country":"Russia","lines":["2","2","8"],"wikipedia":null,"merged_from":2,"merged_names":null,"is_terminus":false,"routes":[{"ref":"2","name":"Трамвай 2: Метро \"Площадь Маркса\" - Жилмассив \"Чистая Слобода\"","route_color":null},{"ref":"2","name":"Dzerzhinskaya Line","route_color":"#3cb44b"},{"ref":"8","name":"трамвай 8","route_color":null}],"pass_count":3,"station_degree":2,"codes":null,"is_interchange":false,"station_role":"normal"},"geometry":{"type":"Point","coordinates":[82.83089385,54.9800285]},"__memberLines":{}},{"type":"Feature","properties":{"station_id":"n566133163","station_name":"улица Связистов","station_name_local":"улица Связистов","station_name_en":null,"city":"Novosibirsk","country":"Russia","lines":["18"],"wikipedia":null,"merged_from":2,"merged_names":null,"is_terminus":false,"routes":[{"ref":"18","name":"трамвай 18","route_color":null}],"pass_count":2,"station_degree":3,"codes":null,"is_interchange":true,"station_role":"interchange"},"geometry":{"type":"Point","coordinates":[82.8362587,54.97621225]},"__memberLines":{}},{"type":"Feature","properties":{"station_id":"n1403032295","station_name":"Парашютная","station_name_local":"Парашютная","station_name_en":null,"city":"Novosibirsk","country":"Russia","lines":["2","2","8"],"wikipedia":null,"merged_from":2,"merged_names":null,"is_terminus":false,"routes":[{"ref":"2","name":"Трамвай 2: Метро \"Площадь Маркса\" - Жилмассив \"Чистая Слобода\"","route_color":null},{"ref":"2","name":"Dzerzhinskaya Line","route_color":"#3cb44b"},{"ref":"8","name":"трамвай 8","route_color":null}],"pass_count":3,"station_degree":2,"codes":null,"is_interchange":false,"station_role":"normal"},"geometry":{"type":"Point","coordinates":[82.83425405,54.98019415]},"__memberLines":{}},{"type":"Feature","properties":{"station_id":"n566133172","station_name":"Озёрная","station_name_local":"Озёрная","station_name_en":null,"city":"Novosibirsk","country":"Russia","lines":["18"],"wikipedia":null,"merged_from":2,"merged_names":null,"is_terminus":false,"routes":[{"ref":"18","name":"трамвай 18","route_color":null}],"pass_count":1,"station_degree":2,"codes":null,"is_interchange":false,"station_role":"normal"},"geometry":{"type":"Point","coordinates":[82.8350479,54.985725900000006]},"__memberLines":{}},{"type":"Feature","properties":{"station_id":"n566133178","station_name":"ул. Ташкентская","station_name_local":"ул. Ташкентская","station_name_en":null,"city":"Novosibirsk","country":"Russia","lines":["18"],"wikipedia":null,"merged_from":2,"merged_names":null,"is_terminus":false,"routes":[{"ref":"18","name":"трамвай 18","route_color":null}],"pass_count":1,"station_degree":2,"codes":null,"is_interchange":false,"station_role":"normal"},"geometry":{"type":"Point","coordinates":[82.83510165,54.98888945]},"__memberLines":{}},{"type":"Feature","properties":{"station_id":"n566133185","station_name":"улица Невельского","station_name_local":"улица Невельского","station_name_en":null,"city":"Novosibirsk","country":"Russia","lines":["18"],"wikipedia":null,"merged_from":2,"merged_names":null,"is_terminus":false,"routes":[{"ref":"18","name":"трамвай 18","route_color":null}],"pass_count":1,"station_degree":2,"codes":null,"is_interchange":false,"station_role":"normal"},"geometry":{"type":"Point","coordinates":[82.83461804999999,54.9924605]},"__memberLines":{}},{"type":"Feature","properties":{"station_id":"n566132989","station_name":"Юго-Западный жилмассив","station_name_local":"Юго-Западный жилмассив","station_name_en":null,"city":"Novosibirsk","country":"Russia","lines":["15","16","18"],"wikipedia":null,"merged_from":2,"merged_names":null,"is_terminus":true,"routes":[{"ref":"15","name":"трамвай 15","route_color":null},{"ref":"16","name":"трамвай 16","route_color":null},{"ref":"18","name":"трамвай 18","route_color":null}],"pass_count":3,"station_degree":1,"codes":null,"is_interchange":false,"station_role":"terminus"},"geometry":{"type":"Point","coordinates":[82.8388258,54.96332855]},"__memberLines":{}},{"type":"Feature","properties":{"station_id":"n566133064","station_name":"Школа №174","station_name_local":"Школа №174","station_name_en":null,"city":"Novosibirsk","country":"Russia","lines":["15","16","18"],"wikipedia":null,"merged_from":2,"merged_names":null,"is_terminus":false,"routes":[{"ref":"15","name":"трамвай 15","route_color":null},{"ref":"16","name":"трамвай 16","route_color":null},{"ref":"18","name":"трамвай 18","route_color":null}],"pass_count":3,"station_degree":3,"codes":null,"is_interchange":true,"station_role":"interchange"},"geometry":{"type":"Point","coordinates":[82.83788440000001,54.9680522]},"__memberLines":{}},{"type":"Feature","properties":{"station_id":"n1406258901","station_name":"Волховская улица","station_name_local":"Волховская улица","station_name_en":null,"city":"Novosibirsk","country":"Russia","lines":["10","15","16"],"wikipedia":null,"is_terminus":false,"routes":[{"ref":"10","name":"Трамвай 10","route_color":null},{"ref":"15","name":"трамвай 15","route_color":null},{"ref":"16","name":"трамвай 16","route_color":null}],"pass_count":3,"station_degree":3,"codes":null,"merged_from":null,"merged_names":null,"is_interchange":true,"station_role":"interchange"},"geometry":{"type":"Point","coordinates":[82.8424496,54.9701855]},"__memberLines":{}},{"type":"Feature","properties":{"station_id":"n663207104","station_name":"улица 9-й Гвардейской Дивизии","station_name_local":"улица 9-й Гвардейской Дивизии","station_name_en":null,"city":"Novosibirsk","country":"Russia","lines":["10","15","16"],"wikipedia":null,"merged_from":2,"merged_names":null,"is_terminus":false,"routes":[{"ref":"10","name":"Трамвай 10","route_color":null},{"ref":"15","name":"трамвай 15","route_color":null},{"ref":"16","name":"трамвай 16","route_color":null}],"pass_count":3,"station_degree":2,"codes":null,"is_interchange":false,"station_role":"normal"},"geometry":{"type":"Point","coordinates":[82.8481748,54.96903815]},"__memberLines":{}},{"type":"Feature","properties":{"station_id":"n663207103","station_name":"Автокомбинат","station_name_local":"Автокомбинат","station_name_en":null,"city":"Novosibirsk","country":"Russia","lines":["10","15","16"],"wikipedia":null,"merged_from":2,"merged_names":null,"is_terminus":false,"routes":[{"ref":"10","name":"Трамвай 10","route_color":null},{"ref":"15","name":"трамвай 15","route_color":null},{"ref":"16","name":"трамвай 16","route_color":null}],"pass_count":3,"station_degree":2,"codes":null,"is_interchange":false,"station_role":"normal"},"geometry":{"type":"Point","coordinates":[82.85273670000001,54.96579725]},"__memberLines":{}},{"type":"Feature","properties":{"station_id":"n1402595304","station_name":"Кирзавод","station_name_local":"Кирзавод","station_name_en":null,"city":"Novosibirsk","country":"Russia","lines":["10","15","16"],"wikipedia":null,"merged_from":2,"merged_names":null,"is_terminus":false,"routes":[{"ref":"10","name":"Трамвай 10","route_color":null},{"ref":"15","name":"трамвай 15","route_color":null},{"ref":"16","name":"трамвай 16","route_color":null}],"pass_count":3,"station_degree":2,"codes":null,"is_interchange":false,"station_role":"normal"},"geometry":{"type":"Point","coordinates":[82.8592037,54.96815545]},"__memberLines":{}},{"type":"Feature","properties":{"station_id":"n470277380","station_name":"Станиславский жилмассив","station_name_local":"Станиславский жилмассив","station_name_en":null,"city":"Novosibirsk","country":"Russia","lines":["10","15","16"],"wikipedia":null,"merged_from":2,"merged_names":null,"is_terminus":false,"routes":[{"ref":"10","name":"Трамвай 10","route_color":null},{"ref":"15","name":"трамвай 15","route_color":null},{"ref":"16","name":"трамвай 16","route_color":null}],"pass_count":3,"station_degree":2,"codes":null,"is_interchange":false,"station_role":"normal"},"geometry":{"type":"Point","coordinates":[82.8598888,54.970772499999995]},"__memberLines":{}},{"type":"Feature","properties":{"station_id":"n1406258903","station_name":"Квартал Софийский","station_name_local":"Квартал Софийский","station_name_en":null,"city":"Novosibirsk","country":"Russia","lines":["2","2","10","15","16"],"wikipedia":null,"merged_from":3,"merged_names":null,"is_terminus":false,"routes":[{"ref":"2","name":"Трамвай 2: Метро \"Площадь Маркса\" - Жилмассив \"Чистая Слобода\"","route_color":null},{"ref":"2","name":"Dzerzhinskaya Line","route_color":"#3cb44b"},{"ref":"10","name":"Трамвай 10","route_color":null},{"ref":"15","name":"трамвай 15","route_color":null},{"ref":"16","name":"трамвай 16","route_color":null}],"pass_count":5,"station_degree":3,"codes":null,"is_interchange":true,"station_role":"interchange"},"geometry":{"type":"Point","coordinates":[82.8599161,54.9741428]},"__memberLines":{}},{"type":"Feature","properties":{"station_id":"n1403032316","station_name":"Широкий переулок","station_name_local":"Широкий переулок","station_name_en":null,"city":"Novosibirsk","country":"Russia","lines":["2","2","8"],"wikipedia":null,"merged_from":2,"merged_names":null,"is_terminus":false,"routes":[{"ref":"2","name":"Трамвай 2: Метро \"Площадь Маркса\" - Жилмассив \"Чистая Слобода\"","route_color":null},{"ref":"2","name":"Dzerzhinskaya Line","route_color":"#3cb44b"},{"ref":"8","name":"трамвай 8","route_color":null}],"pass_count":3,"station_degree":2,"codes":null,"is_interchange":false,"station_role":"normal"},"geometry":{"type":"Point","coordinates":[82.8431918,54.980627]},"__memberLines":{}},{"type":"Feature","properties":{"station_id":"n1403032298","station_name":"Permskaya Street","station_name_local":"Пермская улица","station_name_en":"Permskaya Street","city":"Novosibirsk","country":"Russia","lines":["2","2","8"],"wikipedia":null,"merged_from":2,"merged_names":null,"is_terminus":false,"routes":[{"ref":"2","name":"Трамвай 2: Метро \"Площадь Маркса\" - Жилмассив \"Чистая Слобода\"","route_color":null},{"ref":"2","name":"Dzerzhinskaya Line","route_color":"#3cb44b"},{"ref":"8","name":"трамвай 8","route_color":null}],"pass_count":3,"station_degree":3,"codes":null,"is_interchange":true,"station_role":"interchange"},"geometry":{"type":"Point","coordinates":[82.8525031,54.981069950000006]},"__memberLines":{}},{"type":"Feature","properties":{"station_id":"n470277382","station_name":"Степная улица","station_name_local":"Степная улица","station_name_en":null,"city":"Novosibirsk","country":"Russia","lines":["15"],"wikipedia":null,"merged_from":2,"merged_names":null,"is_terminus":false,"routes":[{"ref":"15","name":"трамвай 15","route_color":null},{"ref":"2","name":"Трамвай 2: Метро \"Площадь Маркса\" - Жилмассив \"Чистая Слобода\"","route_color":null,"pass":true}],"pass_count":3,"station_degree":4,"codes":null,"is_interchange":true,"station_role":"interchange"},"geometry":{"type":"Point","coordinates":[82.85920630000001,54.9777011]},"__memberLines":{}},{"type":"Feature","properties":{"station_id":"n13275221588","station_name":"Клуб им. Чехова","station_name_local":"Клуб им. Чехова","station_name_en":null,"city":"Novosibirsk","country":"Russia","lines":["2","2","8","15"],"wikipedia":null,"merged_from":3,"merged_names":null,"is_terminus":false,"routes":[{"ref":"2","name":"Трамвай 2: Метро \"Площадь Маркса\" - Жилмассив \"Чистая Слобода\"","route_color":null},{"ref":"2","name":"Dzerzhinskaya Line","route_color":"#3cb44b"},{"ref":"8","name":"трамвай 8","route_color":null},{"ref":"15","name":"трамвай 15","route_color":null}],"pass_count":4,"station_degree":4,"codes":null,"is_interchange":true,"station_role":"interchange"},"geometry":{"type":"Point","coordinates":[82.85837626666667,54.9813988]},"__memberLines":{}},{"type":"Feature","properties":{"station_id":"n1403032329","station_name":"улица Плахотного","station_name_local":"улица Плахотного","station_name_en":null,"city":"Novosibirsk","country":"Russia","lines":["8","15"],"wikipedia":null,"merged_from":2,"merged_names":null,"is_terminus":false,"routes":[{"ref":"8","name":"трамвай 8","route_color":null},{"ref":"15","name":"трамвай 15","route_color":null}],"pass_count":2,"station_degree":2,"codes":null,"is_interchange":false,"station_role":"normal"},"geometry":{"type":"Point","coordinates":[82.8581362,54.9850887]},"__memberLines":{}},{"type":"Feature","properties":{"station_id":"n5062575877","station_name":"Районная","station_name_local":"Районная","station_name_en":null,"city":"Novosibirsk","country":"Russia","lines":["2","2","10","16"],"wikipedia":null,"merged_from":2,"merged_names":null,"is_terminus":false,"routes":[{"ref":"2","name":"Трамвай 2: Метро \"Площадь Маркса\" - Жилмассив \"Чистая Слобода\"","route_color":null},{"ref":"2","name":"Dzerzhinskaya Line","route_color":"#3cb44b"},{"ref":"10","name":"Трамвай 10","route_color":null},{"ref":"16","name":"трамвай 16","route_color":null}],"pass_count":4,"station_degree":3,"codes":null,"is_interchange":true,"station_role":"interchange"},"geometry":{"type":"Point","coordinates":[82.8639052,54.9742971]},"__memberLines":{}},{"type":"Feature","properties":{"station_id":"n470277364","station_name":"улица Станиславского","station_name_local":"улица Станиславского","station_name_en":null,"city":"Novosibirsk","country":"Russia","lines":["2","2","10","16"],"wikipedia":null,"merged_from":2,"merged_names":null,"is_terminus":false,"routes":[{"ref":"2","name":"Трамвай 2: Метро \"Площадь Маркса\" - Жилмассив \"Чистая Слобода\"","route_color":null},{"ref":"2","name":"Dzerzhinskaya Line","route_color":"#3cb44b"},{"ref":"10","name":"Трамвай 10","route_color":null},{"ref":"16","name":"трамвай 16","route_color":null}],"pass_count":4,"station_degree":2,"codes":null,"is_interchange":false,"station_role":"normal"},"geometry":{"type":"Point","coordinates":[82.872944,54.97474484999999]},"__memberLines":{}},{"type":"Feature","properties":{"station_id":"n1408131188","station_name":"улица Костычева","station_name_local":"улица Костычева","station_name_en":null,"city":"Novosibirsk","country":"Russia","lines":["2","2","10","16"],"wikipedia":null,"merged_from":2,"merged_names":null,"is_terminus":false,"routes":[{"ref":"2","name":"Трамвай 2: Метро \"Площадь Маркса\" - Жилмассив \"Чистая Слобода\"","route_color":null},{"ref":"2","name":"Dzerzhinskaya Line","route_color":"#3cb44b"},{"ref":"10","name":"Трамвай 10","route_color":null},{"ref":"16","name":"трамвай 16","route_color":null}],"pass_count":4,"station_degree":2,"codes":null,"is_interchange":false,"station_role":"normal"},"geometry":{"type":"Point","coordinates":[82.87795324999999,54.9749872]},"__memberLines":{}},{"type":"Feature","properties":{"station_id":"n1408131189","station_name":"улица Серафимовича","station_name_local":"улица Серафимовича","station_name_en":null,"city":"Novosibirsk","country":"Russia","lines":["10","16"],"wikipedia":null,"is_terminus":false,"routes":[{"ref":"10","name":"Трамвай 10","route_color":null},{"ref":"16","name":"трамвай 16","route_color":null},{"ref":"2","name":"Трамвай 2: Метро \"Площадь Маркса\" - Жилмассив \"Чистая Слобода\"","route_color":null,"pass":true}],"pass_count":3,"station_degree":2,"codes":null,"merged_from":null,"merged_names":null,"is_interchange":false,"station_role":"normal"},"geometry":{"type":"Point","coordinates":[82.8823088,54.9757204]},"__memberLines":{}},{"type":"Feature","properties":{"station_id":"n1402595204","station_name":"Римского-Корсакова","station_name_local":"Римского-Корсакова","station_name_en":null,"city":"Novosibirsk","country":"Russia","lines":["2","2","10","16"],"wikipedia":null,"merged_from":2,"merged_names":null,"is_terminus":false,"routes":[{"ref":"2","name":"Трамвай 2: Метро \"Площадь Маркса\" - Жилмассив \"Чистая Слобода\"","route_color":null},{"ref":"2","name":"Dzerzhinskaya Line","route_color":"#3cb44b"},{"ref":"10","name":"Трамвай 10","route_color":null},{"ref":"16","name":"трамвай 16","route_color":null}],"pass_count":4,"station_degree":2,"codes":null,"is_interchange":false,"station_role":"normal"},"geometry":{"type":"Point","coordinates":[82.8858317,54.975852]},"__memberLines":{}},{"type":"Feature","properties":{"station_id":"n13275221586","station_name":"ул.Титова / ул. Титова","station_name_local":"ул.Титова / ул. Титова","station_name_en":null,"city":"Novosibirsk","country":"Russia","lines":["3","8","15","16"],"wikipedia":null,"merged_from":2,"merged_names":[{"station_id":"n13275221586","station_name":"ул.Титова","station_name_local":"ул.Титова","lines":["15","16","3","8"]},{"station_id":"n1402595845","station_name":"ул. Титова","station_name_local":"ул. Титова","lines":["15","16","18","3"]}],"is_terminus":false,"routes":[{"ref":"3","name":"трамвай 3","route_color":null},{"ref":"8","name":"трамвай 8","route_color":null},{"ref":"15","name":"трамвай 15","route_color":null},{"ref":"16","name":"трамвай 16","route_color":null},{"ref":"18","name":"трамвай 18","route_color":null,"pass":true}],"pass_count":6,"station_degree":4,"codes":null,"is_interchange":true,"station_role":"interchange"},"geometry":{"type":"Point","coordinates":[82.88949149999999,54.98356125]},"__memberLines":{}},{"type":"Feature","properties":{"station_id":"n566133192","station_name":"Широкая улица","station_name_local":"Широкая улица","station_name_en":null,"city":"Novosibirsk","country":"Russia","lines":["18"],"wikipedia":null,"merged_from":2,"merged_names":null,"is_terminus":false,"routes":[{"ref":"18","name":"трамвай 18","route_color":null}],"pass_count":1,"station_degree":2,"codes":null,"is_interchange":false,"station_role":"normal"},"geometry":{"type":"Point","coordinates":[82.8430127,54.9933921]},"__memberLines":{}},{"type":"Feature","properties":{"station_id":"n566133201","station_name":"Киевская улица","station_name_local":"Киевская улица","station_name_en":null,"city":"Novosibirsk","country":"Russia","lines":["18"],"wikipedia":null,"merged_from":2,"merged_names":null,"is_terminus":false,"routes":[{"ref":"18","name":"трамвай 18","route_color":null}],"pass_count":1,"station_degree":2,"codes":null,"is_interchange":false,"station_role":"normal"},"geometry":{"type":"Point","coordinates":[82.84828345,54.99368895]},"__memberLines":{}},{"type":"Feature","properties":{"station_id":"n566133205","station_name":"Хлебозавод","station_name_local":"Хлебозавод","station_name_en":null,"city":"Novosibirsk","country":"Russia","lines":["15","18"],"wikipedia":null,"merged_from":2,"merged_names":null,"is_terminus":false,"routes":[{"ref":"15","name":"трамвай 15","route_color":null},{"ref":"18","name":"трамвай 18","route_color":null},{"ref":"8","name":"трамвай 8","route_color":null,"pass":true}],"pass_count":3,"station_degree":3,"codes":null,"is_interchange":true,"station_role":"interchange"},"geometry":{"type":"Point","coordinates":[82.85479885000001,54.99227765]},"__memberLines":{}},{"type":"Feature","properties":{"station_id":"n1403032272","station_name":"Вокзал \"Новосибирск-Западный\"","station_name_local":"Вокзал \"Новосибирск-Западный\"","station_name_en":null,"city":"Novosibirsk","country":"Russia","lines":["8","15","18"],"wikipedia":null,"merged_from":2,"merged_names":null,"is_terminus":false,"routes":[{"ref":"8","name":"трамвай 8","route_color":null},{"ref":"15","name":"трамвай 15","route_color":null},{"ref":"18","name":"трамвай 18","route_color":null}],"pass_count":3,"station_degree":2,"codes":null,"is_interchange":false,"station_role":"normal"},"geometry":{"type":"Point","coordinates":[82.85773545,54.99418345]},"__memberLines":{}},{"type":"Feature","properties":{"station_id":"n1403032277","station_name":"Ленинский ЗАГС","station_name_local":"Ленинский ЗАГС","station_name_en":null,"city":"Novosibirsk","country":"Russia","lines":["8","15"],"wikipedia":null,"merged_from":2,"merged_names":null,"is_terminus":false,"routes":[{"ref":"8","name":"трамвай 8","route_color":null},{"ref":"15","name":"трамвай 15","route_color":null}],"pass_count":2,"station_degree":2,"codes":null,"is_interchange":false,"station_role":"normal"},"geometry":{"type":"Point","coordinates":[82.85753854999999,54.9892159]},"__memberLines":{}},{"type":"Feature","properties":{"station_id":"n13190016828","station_name":"Площадь Труда","station_name_local":"Площадь Труда","station_name_en":null,"city":"Novosibirsk","country":"Russia","lines":["8","15"],"wikipedia":null,"is_terminus":false,"routes":[{"ref":"8","name":"трамвай 8","route_color":null},{"ref":"15","name":"трамвай 15","route_color":null},{"ref":"18","name":"трамвай 18","route_color":null,"pass":true}],"pass_count":3,"station_degree":2,"codes":null,"merged_from":null,"merged_names":null,"is_interchange":false,"station_role":"normal"},"geometry":{"type":"Point","coordinates":[82.8702079,54.9950861]},"__memberLines":{}},{"type":"Feature","properties":{"station_id":"n470277396","station_name":"ДК Металлург","station_name_local":"ДК Металлург","station_name_en":null,"city":"Novosibirsk","country":"Russia","lines":["8","15","18"],"wikipedia":null,"merged_from":2,"merged_names":null,"is_terminus":false,"routes":[{"ref":"8","name":"трамвай 8","route_color":null},{"ref":"15","name":"трамвай 15","route_color":null},{"ref":"18","name":"трамвай 18","route_color":null}],"pass_count":3,"station_degree":2,"codes":null,"is_interchange":false,"station_role":"normal"},"geometry":{"type":"Point","coordinates":[82.8803953,54.99266245]},"__memberLines":{}},{"type":"Feature","properties":{"station_id":"n470277403","station_name":"ул. Котовского","station_name_local":"ул. Котовского","station_name_en":null,"city":"Novosibirsk","country":"Russia","lines":["8","15","18"],"wikipedia":null,"merged_from":2,"merged_names":null,"is_terminus":false,"routes":[{"ref":"8","name":"трамвай 8","route_color":null},{"ref":"15","name":"трамвай 15","route_color":null},{"ref":"18","name":"трамвай 18","route_color":null}],"pass_count":3,"station_degree":2,"codes":null,"is_interchange":false,"station_role":"normal"},"geometry":{"type":"Point","coordinates":[82.88623425,54.9926639]},"__memberLines":{}},{"type":"Feature","properties":{"station_id":"n1401342541","station_name":"площадь Сибиряков-Гвардейцев","station_name_local":"площадь Сибиряков-Гвардейцев","station_name_en":null,"city":"Novosibirsk","country":"Russia","lines":["3","10","15","18"],"wikipedia":null,"merged_from":3,"merged_names":null,"is_terminus":false,"routes":[{"ref":"3","name":"трамвай 3","route_color":null},{"ref":"10","name":"Трамвай 10","route_color":null},{"ref":"15","name":"трамвай 15","route_color":null},{"ref":"18","name":"трамвай 18","route_color":null}],"pass_count":4,"station_degree":3,"codes":null,"is_interchange":true,"station_role":"interchange"},"geometry":{"type":"Point","coordinates":[82.90293936666667,54.9640497]},"__memberLines":{}},{"type":"Feature","properties":{"station_id":"n1402037721","station_name":"Улица Мира","station_name_local":"Улица Мира","station_name_en":null,"city":"Novosibirsk","country":"Russia","lines":["10","15"],"wikipedia":null,"merged_from":2,"merged_names":null,"is_terminus":false,"routes":[{"ref":"10","name":"Трамвай 10","route_color":null},{"ref":"15","name":"трамвай 15","route_color":null}],"pass_count":2,"station_degree":2,"codes":null,"is_interchange":false,"station_role":"normal"},"geometry":{"type":"Point","coordinates":[82.91190065,54.96395605]},"__memberLines":{}},{"type":"Feature","properties":{"station_id":"n418172959","station_name":"Дом радио","station_name_local":"Дом радио","station_name_en":null,"city":"Novosibirsk","country":"Russia","lines":["2","2","10","16"],"wikipedia":null,"merged_from":2,"merged_names":null,"is_terminus":false,"routes":[{"ref":"2","name":"Трамвай 2: Метро \"Площадь Маркса\" - Жилмассив \"Чистая Слобода\"","route_color":null},{"ref":"2","name":"Dzerzhinskaya Line","route_color":"#3cb44b"},{"ref":"10","name":"Трамвай 10","route_color":null},{"ref":"16","name":"трамвай 16","route_color":null}],"pass_count":4,"station_degree":2,"codes":null,"is_interchange":false,"station_role":"normal"},"geometry":{"type":"Point","coordinates":[82.89053975,54.97607175]},"__memberLines":{}},{"type":"Feature","properties":{"station_id":"n1402595202","station_name":"Вертковская улица","station_name_local":"Вертковская улица","station_name_en":null,"city":"Novosibirsk","country":"Russia","lines":["2","2","3","10","15","16"],"wikipedia":null,"merged_from":2,"merged_names":null,"is_terminus":false,"routes":[{"ref":"2","name":"Трамвай 2: Метро \"Площадь Маркса\" - Жилмассив \"Чистая Слобода\"","route_color":null},{"ref":"2","name":"Dzerzhinskaya Line","route_color":"#3cb44b"},{"ref":"3","name":"трамвай 3","route_color":null},{"ref":"10","name":"Трамвай 10","route_color":null},{"ref":"15","name":"трамвай 15","route_color":null},{"ref":"16","name":"трамвай 16","route_color":null},{"ref":"18","name":"трамвай 18","route_color":null,"pass":true}],"pass_count":6,"station_degree":3,"codes":null,"is_interchange":true,"station_role":"interchange"},"geometry":{"type":"Point","coordinates":[82.89621460000001,54.97633695]},"__memberLines":{}},{"type":"Feature","properties":{"station_id":"n1408131184","station_name":"Ulitsa Pokrishkina","station_name_local":"улица Покрышкина","station_name_en":"Ulitsa Pokrishkina","city":"Novosibirsk","country":"Russia","lines":["2","2","3","15","16","18"],"wikipedia":null,"merged_from":2,"merged_names":null,"is_terminus":false,"routes":[{"ref":"2","name":"Трамвай 2: Метро \"Площадь Маркса\" - Жилмассив \"Чистая Слобода\"","route_color":null},{"ref":"2","name":"Dzerzhinskaya Line","route_color":"#3cb44b"},{"ref":"3","name":"трамвай 3","route_color":null},{"ref":"15","name":"трамвай 15","route_color":null},{"ref":"16","name":"трамвай 16","route_color":null},{"ref":"18","name":"трамвай 18","route_color":null}],"pass_count":6,"station_degree":2,"codes":null,"is_interchange":false,"station_role":"normal"},"geometry":{"type":"Point","coordinates":[82.89593535,54.9794969]},"__memberLines":{}},{"type":"Feature","properties":{"station_id":"n444678251","station_name":"Метро \"Площадь Маркса\"","station_name_local":"Метро \"Площадь Маркса\"","station_name_en":null,"city":"Novosibirsk","country":"Russia","lines":["2","2","3","15","16","18"],"wikipedia":null,"merged_from":2,"merged_names":null,"is_terminus":false,"routes":[{"ref":"2","name":"Трамвай 2: Метро \"Площадь Маркса\" - Жилмассив \"Чистая Слобода\"","route_color":null},{"ref":"2","name":"Dzerzhinskaya Line","route_color":"#3cb44b"},{"ref":"3","name":"трамвай 3","route_color":null},{"ref":"15","name":"трамвай 15","route_color":null},{"ref":"16","name":"трамвай 16","route_color":null},{"ref":"18","name":"трамвай 18","route_color":null}],"pass_count":6,"station_degree":3,"codes":null,"is_interchange":true,"station_role":"interchange"},"geometry":{"type":"Point","coordinates":[82.89041235,54.98219725]},"__memberLines":{}},{"type":"Feature","properties":{"station_id":"n470277415","station_name":"Магазин «Телевизоры»","station_name_local":"Магазин «Телевизоры»","station_name_en":null,"city":"Novosibirsk","country":"Russia","lines":["8","15","18"],"wikipedia":null,"merged_from":2,"merged_names":null,"is_terminus":false,"routes":[{"ref":"8","name":"трамвай 8","route_color":null},{"ref":"15","name":"трамвай 15","route_color":null},{"ref":"18","name":"трамвай 18","route_color":null}],"pass_count":3,"station_degree":2,"codes":null,"is_interchange":false,"station_role":"normal"},"geometry":{"type":"Point","coordinates":[82.8926651,54.9854345]},"__memberLines":{}},{"type":"Feature","properties":{"station_id":"n1402037712","station_name":"Строительная улица","station_name_local":"Строительная улица","station_name_en":null,"city":"Novosibirsk","country":"Russia","lines":["10","15"],"wikipedia":null,"merged_from":2,"merged_names":null,"is_terminus":false,"routes":[{"ref":"10","name":"Трамвай 10","route_color":null},{"ref":"15","name":"трамвай 15","route_color":null}],"pass_count":2,"station_degree":2,"codes":null,"is_interchange":false,"station_role":"normal"},"geometry":{"type":"Point","coordinates":[82.92180289999999,54.96334245]},"__memberLines":{}},{"type":"Feature","properties":{"station_id":"n1402037697","station_name":"Поликлинника №21","station_name_local":"Поликлинника №21","station_name_en":null,"city":"Novosibirsk","country":"Russia","lines":["10","15"],"wikipedia":null,"merged_from":2,"merged_names":null,"is_terminus":false,"routes":[{"ref":"10","name":"Трамвай 10","route_color":null},{"ref":"15","name":"трамвай 15","route_color":null}],"pass_count":2,"station_degree":2,"codes":null,"is_interchange":false,"station_role":"normal"},"geometry":{"type":"Point","coordinates":[82.92635465000001,54.96306045]},"__memberLines":{}},{"type":"Feature","properties":{"station_id":"n470277405","station_name":"Зональный институт","station_name_local":"Зональный институт","station_name_en":null,"city":"Novosibirsk","country":"Russia","lines":["8","15","18"],"wikipedia":null,"merged_from":2,"merged_names":null,"is_terminus":false,"routes":[{"ref":"8","name":"трамвай 8","route_color":null},{"ref":"15","name":"трамвай 15","route_color":null},{"ref":"18","name":"трамвай 18","route_color":null}],"pass_count":3,"station_degree":2,"codes":null,"is_interchange":false,"station_role":"normal"},"geometry":{"type":"Point","coordinates":[82.89537155,54.9926987]},"__memberLines":{}},{"type":"Feature","properties":{"station_id":"n470277414","station_name":"Геодезическая улица","station_name_local":"Геодезическая улица","station_name_en":null,"city":"Novosibirsk","country":"Russia","lines":["8","15","18"],"wikipedia":null,"merged_from":2,"merged_names":null,"is_terminus":false,"routes":[{"ref":"8","name":"трамвай 8","route_color":null},{"ref":"15","name":"трамвай 15","route_color":null},{"ref":"18","name":"трамвай 18","route_color":null}],"pass_count":3,"station_degree":2,"codes":null,"is_interchange":false,"station_role":"normal"},"geometry":{"type":"Point","coordinates":[82.9019986,54.990942450000006]},"__memberLines":{}},{"type":"Feature","properties":{"station_id":"n1408131177","station_name":"Космическая улица","station_name_local":"Космическая улица","station_name_en":null,"city":"Novosibirsk","country":"Russia","lines":["8","15","18"],"wikipedia":null,"merged_from":2,"merged_names":null,"is_terminus":false,"routes":[{"ref":"8","name":"трамвай 8","route_color":null},{"ref":"15","name":"трамвай 15","route_color":null},{"ref":"18","name":"трамвай 18","route_color":null}],"pass_count":3,"station_degree":2,"codes":null,"is_interchange":false,"station_role":"normal"},"geometry":{"type":"Point","coordinates":[82.8981658,54.988680450000004]},"__memberLines":{}},{"type":"Feature","properties":{"station_id":"n470277408","station_name":"улица Блюхера","station_name_local":"улица Блюхера","station_name_en":null,"city":"Novosibirsk","country":"Russia","lines":["8","15","18"],"wikipedia":null,"merged_from":2,"merged_names":null,"is_terminus":false,"routes":[{"ref":"8","name":"трамвай 8","route_color":null},{"ref":"15","name":"трамвай 15","route_color":null},{"ref":"18","name":"трамвай 18","route_color":null}],"pass_count":3,"station_degree":2,"codes":null,"is_interchange":false,"station_role":"normal"},"geometry":{"type":"Point","coordinates":[82.9039688,54.99304575]},"__memberLines":{}},{"type":"Feature","properties":{"station_id":"n8907599775","station_name":"Маковского","station_name_local":"Маковского","station_name_en":null,"city":"Novosibirsk","country":"Russia","lines":["13"],"wikipedia":null,"merged_from":2,"merged_names":null,"is_terminus":false,"routes":[{"ref":"13","name":"Трамвай 13: Гусинобродское шоссе - улица Писарева","route_color":null}],"pass_count":1,"station_degree":2,"codes":null,"is_interchange":false,"station_role":"normal"},"geometry":{"type":"Point","coordinates":[82.9329787,55.0128174]},"__memberLines":{}},{"type":"Feature","properties":{"station_id":"n8907599771","station_name":"Зыряновская ул.","station_name_local":"Зыряновская ул.","station_name_en":null,"city":"Novosibirsk","country":"Russia","lines":["13"],"wikipedia":null,"merged_from":2,"merged_names":null,"is_terminus":false,"routes":[{"ref":"13","name":"Трамвай 13: Гусинобродское шоссе - улица Писарева","route_color":null}],"pass_count":1,"station_degree":2,"codes":null,"is_interchange":false,"station_role":"normal"},"geometry":{"type":"Point","coordinates":[82.93925229999999,55.0102912]},"__memberLines":{}},{"type":"Feature","properties":{"station_id":"n8907599847","station_name":"Сибревкома","station_name_local":"Сибревкома","station_name_en":null,"city":"Novosibirsk","country":"Russia","lines":["13"],"wikipedia":null,"merged_from":2,"merged_names":null,"is_terminus":false,"routes":[{"ref":"13","name":"Трамвай 13: Гусинобродское шоссе - улица Писарева","route_color":null}],"pass_count":1,"station_degree":2,"codes":null,"is_interchange":false,"station_role":"normal"},"geometry":{"type":"Point","coordinates":[82.9270281,55.0206489]},"__memberLines":{}},{"type":"Feature","properties":{"station_id":"n8907597014","station_name":"Октябрьская","station_name_local":"Октябрьская","station_name_en":null,"city":"Novosibirsk","country":"Russia","lines":["13"],"wikipedia":null,"merged_from":2,"merged_names":null,"is_terminus":false,"routes":[{"ref":"13","name":"Трамвай 13: Гусинобродское шоссе - улица Писарева","route_color":null}],"pass_count":1,"station_degree":2,"codes":null,"is_interchange":false,"station_role":"normal"},"geometry":{"type":"Point","coordinates":[82.92596900000001,55.02474085]},"__memberLines":{}},{"type":"Feature","properties":{"station_id":"n287665166","station_name":"Театр оперы и балета","station_name_local":"Театр оперы и балета","station_name_en":null,"city":"Novosibirsk","country":"Russia","lines":["13"],"wikipedia":null,"merged_from":2,"merged_names":null,"is_terminus":false,"routes":[{"ref":"13","name":"Трамвай 13: Гусинобродское шоссе - улица Писарева","route_color":null}],"pass_count":1,"station_degree":2,"codes":null,"is_interchange":false,"station_role":"normal"},"geometry":{"type":"Point","coordinates":[82.9263891,55.031193]},"__memberLines":{}},{"type":"Feature","properties":{"station_id":"n319899939","station_name":"Стадион «Спартак»","station_name_local":"Стадион «Спартак»","station_name_en":null,"city":"Novosibirsk","country":"Russia","lines":["13"],"wikipedia":null,"is_terminus":false,"routes":[{"ref":"13","name":"Трамвай 13: Гусинобродское шоссе - улица Писарева","route_color":null}],"pass_count":1,"station_degree":2,"codes":null,"merged_from":null,"merged_names":null,"is_interchange":false,"station_role":"normal"},"geometry":{"type":"Point","coordinates":[82.9225757,55.0371201]},"__memberLines":{}},{"type":"Feature","properties":{"station_id":"n9756221146","station_name":"Площадь Калинина","station_name_local":"Площадь Калинина","station_name_en":null,"city":"Novosibirsk","country":"Russia","lines":["14"],"wikipedia":null,"merged_from":2,"merged_names":null,"is_terminus":true,"routes":[{"ref":"14","name":"Трамвай 14: Площадь Калинина - Сад Мичуринцев","route_color":null}],"pass_count":1,"station_degree":1,"codes":null,"is_interchange":false,"station_role":"terminus"},"geometry":{"type":"Point","coordinates":[82.91436519999999,55.060163849999995]},"__memberLines":{}},{"type":"Feature","properties":{"station_id":"n287665147","station_name":"Центральный рынок","station_name_local":"Центральный рынок","station_name_en":null,"city":"Novosibirsk","country":"Russia","lines":["13"],"wikipedia":null,"is_terminus":false,"routes":[{"ref":"13","name":"Трамвай 13: Гусинобродское шоссе - улица Писарева","route_color":null}],"pass_count":1,"station_degree":2,"codes":null,"merged_from":null,"merged_names":null,"is_interchange":false,"station_role":"normal"},"geometry":{"type":"Point","coordinates":[82.9213006,55.0417039]},"__memberLines":{}},{"type":"Feature","properties":{"station_id":"n287665141","station_name":"ул. Писарева","station_name_local":"ул. Писарева","station_name_en":null,"city":"Novosibirsk","country":"Russia","lines":["13"],"wikipedia":null,"is_terminus":true,"routes":[{"ref":"13","name":"Трамвай 13: Гусинобродское шоссе - улица Писарева","route_color":null}],"pass_count":1,"station_degree":1,"codes":null,"merged_from":null,"merged_names":null,"is_interchange":false,"station_role":"terminus"},"geometry":{"type":"Point","coordinates":[82.9201346,55.0489426]},"__memberLines":{}},{"type":"Feature","properties":{"station_id":"n9756221148","station_name":"Университет путей сообщения","station_name_local":"Университет путей сообщения","station_name_en":null,"city":"Novosibirsk","country":"Russia","lines":["14"],"wikipedia":null,"merged_from":2,"merged_names":null,"is_terminus":false,"routes":[{"ref":"14","name":"Трамвай 14: Площадь Калинина - Сад Мичуринцев","route_color":null}],"pass_count":1,"station_degree":2,"codes":null,"is_interchange":false,"station_role":"normal"},"geometry":{"type":"Point","coordinates":[82.92339725,55.0637233]},"__memberLines":{}},{"type":"Feature","properties":{"station_id":"n9756221150","station_name":"Горбольница","station_name_local":"Горбольница","station_name_en":null,"city":"Novosibirsk","country":"Russia","lines":["14"],"wikipedia":null,"merged_from":2,"merged_names":null,"is_terminus":false,"routes":[{"ref":"14","name":"Трамвай 14: Площадь Калинина - Сад Мичуринцев","route_color":null}],"pass_count":1,"station_degree":2,"codes":null,"is_interchange":false,"station_role":"normal"},"geometry":{"type":"Point","coordinates":[82.92802979999999,55.065562549999996]},"__memberLines":{}},{"type":"Feature","properties":{"station_id":"n9756119489","station_name":"Универмаг Калининский","station_name_local":"Универмаг Калининский","station_name_en":null,"city":"Novosibirsk","country":"Russia","lines":["14"],"wikipedia":null,"merged_from":2,"merged_names":null,"is_terminus":false,"routes":[{"ref":"14","name":"Трамвай 14: Площадь Калинина - Сад Мичуринцев","route_color":null}],"pass_count":1,"station_degree":2,"codes":null,"is_interchange":false,"station_role":"normal"},"geometry":{"type":"Point","coordinates":[82.9354948,55.06626875]},"__memberLines":{}},{"type":"Feature","properties":{"station_id":"n663207122","station_name":"ул. Оловозаводская","station_name_local":"ул. Оловозаводская","station_name_en":null,"city":"Novosibirsk","country":"Russia","lines":["10","15"],"wikipedia":null,"merged_from":2,"merged_names":null,"is_terminus":false,"routes":[{"ref":"10","name":"Трамвай 10","route_color":null},{"ref":"15","name":"трамвай 15","route_color":null}],"pass_count":2,"station_degree":2,"codes":null,"is_interchange":false,"station_role":"normal"},"geometry":{"type":"Point","coordinates":[82.95262149999999,54.9628668]},"__memberLines":{}},{"type":"Feature","properties":{"station_id":"n380063049","station_name":"Бугринская роща","station_name_local":"Бугринская роща","station_name_en":null,"city":"Novosibirsk","country":"Russia","lines":["10","15"],"wikipedia":null,"merged_from":2,"merged_names":null,"is_terminus":true,"routes":[{"ref":"10","name":"Трамвай 10","route_color":null},{"ref":"15","name":"трамвай 15","route_color":null}],"pass_count":2,"station_degree":1,"codes":null,"is_interchange":false,"station_role":"terminus"},"geometry":{"type":"Point","coordinates":[82.9580392,54.966033499999995]},"__memberLines":{}},{"type":"Feature","properties":{"station_id":"n8907599763","station_name":"Жилмассив Восход","station_name_local":"Жилмассив Восход","station_name_en":null,"city":"Novosibirsk","country":"Russia","lines":["13"],"wikipedia":null,"merged_from":2,"merged_names":null,"is_terminus":false,"routes":[{"ref":"13","name":"Трамвай 13: Гусинобродское шоссе - улица Писарева","route_color":null}],"pass_count":1,"station_degree":2,"codes":null,"is_interchange":false,"station_role":"normal"},"geometry":{"type":"Point","coordinates":[82.94756989999999,55.0100793]},"__memberLines":{}},{"type":"Feature","properties":{"station_id":"n8907599769","station_name":"Гурьевская","station_name_local":"Гурьевская","station_name_en":null,"city":"Novosibirsk","country":"Russia","lines":["13"],"wikipedia":null,"merged_from":2,"merged_names":null,"is_terminus":false,"routes":[{"ref":"13","name":"Трамвай 13: Гусинобродское шоссе - улица Писарева","route_color":null}],"pass_count":1,"station_degree":2,"codes":null,"is_interchange":false,"station_role":"normal"},"geometry":{"type":"Point","coordinates":[82.94491794999999,55.00821335]},"__memberLines":{}},{"type":"Feature","properties":{"station_id":"n8907599759","station_name":"Октябрьский рынок","station_name_local":"Октябрьский рынок","station_name_en":null,"city":"Novosibirsk","country":"Russia","lines":["13"],"wikipedia":null,"merged_from":2,"merged_names":null,"is_terminus":false,"routes":[{"ref":"13","name":"Трамвай 13: Гусинобродское шоссе - улица Писарева","route_color":null}],"pass_count":1,"station_degree":2,"codes":null,"is_interchange":false,"station_role":"normal"},"geometry":{"type":"Point","coordinates":[82.95366145,55.0149277]},"__memberLines":{}},{"type":"Feature","properties":{"station_id":"n8907599756","station_name":"Строительная академия","station_name_local":"Строительная академия","station_name_en":null,"city":"Novosibirsk","country":"Russia","lines":["13"],"wikipedia":null,"merged_from":2,"merged_names":null,"is_terminus":false,"routes":[{"ref":"13","name":"Трамвай 13: Гусинобродское шоссе - улица Писарева","route_color":null}],"pass_count":1,"station_degree":2,"codes":null,"is_interchange":false,"station_role":"normal"},"geometry":{"type":"Point","coordinates":[82.9571849,55.0177167]},"__memberLines":{}},{"type":"Feature","properties":{"station_id":"n8907599745","station_name":"Педагогический лицей","station_name_local":"Педагогический лицей","station_name_en":null,"city":"Novosibirsk","country":"Russia","lines":["13"],"wikipedia":null,"merged_from":2,"merged_names":null,"is_terminus":false,"routes":[{"ref":"13","name":"Трамвай 13: Гусинобродское шоссе - улица Писарева","route_color":null}],"pass_count":1,"station_degree":2,"codes":null,"is_interchange":false,"station_role":"normal"},"geometry":{"type":"Point","coordinates":[82.9662501,55.0236522]},"__memberLines":{}},{"type":"Feature","properties":{"station_id":"n8907599753","station_name":"улица Карла Либкнехта","station_name_local":"улица Карла Либкнехта","station_name_en":null,"city":"Novosibirsk","country":"Russia","lines":["13"],"wikipedia":null,"merged_from":2,"merged_names":null,"is_terminus":false,"routes":[{"ref":"13","name":"Трамвай 13: Гусинобродское шоссе - улица Писарева","route_color":null}],"pass_count":1,"station_degree":2,"codes":null,"is_interchange":false,"station_role":"normal"},"geometry":{"type":"Point","coordinates":[82.96227735,55.021858949999995]},"__memberLines":{}},{"type":"Feature","properties":{"station_id":"n8907599740","station_name":"Сквер Героев Донбасса","station_name_local":"Сквер Героев Донбасса","station_name_en":null,"city":"Novosibirsk","country":"Russia","lines":["13"],"wikipedia":null,"merged_from":2,"merged_names":null,"is_terminus":false,"routes":[{"ref":"13","name":"Трамвай 13: Гусинобродское шоссе - улица Писарева","route_color":null}],"pass_count":1,"station_degree":2,"codes":null,"is_interchange":false,"station_role":"normal"},"geometry":{"type":"Point","coordinates":[82.97154705,55.021802199999996]},"__memberLines":{}},{"type":"Feature","properties":{"station_id":"n8907599732","station_name":"НГАУ","station_name_local":"НГАУ","station_name_en":null,"city":"Novosibirsk","country":"Russia","lines":["13"],"wikipedia":null,"merged_from":2,"merged_names":null,"is_terminus":false,"routes":[{"ref":"13","name":"Трамвай 13: Гусинобродское шоссе - улица Писарева","route_color":null}],"pass_count":1,"station_degree":2,"codes":null,"is_interchange":false,"station_role":"normal"},"geometry":{"type":"Point","coordinates":[82.9808879,55.0264984]},"__memberLines":{}},{"type":"Feature","properties":{"station_id":"n8907599734","station_name":"ул. Панфиловцев","station_name_local":"ул. Панфиловцев","station_name_en":null,"city":"Novosibirsk","country":"Russia","lines":["13"],"wikipedia":null,"merged_from":2,"merged_names":null,"is_terminus":false,"routes":[{"ref":"13","name":"Трамвай 13: Гусинобродское шоссе - улица Писарева","route_color":null}],"pass_count":1,"station_degree":2,"codes":null,"is_interchange":false,"station_role":"normal"},"geometry":{"type":"Point","coordinates":[82.97720749999999,55.02464295]},"__memberLines":{}},{"type":"Feature","properties":{"station_id":"n320717129","station_name":"Сад Мичуринцев","station_name_local":"Сад Мичуринцев","station_name_en":null,"city":"Novosibirsk","country":"Russia","lines":["13","14"],"wikipedia":null,"merged_from":2,"merged_names":null,"is_terminus":false,"routes":[{"ref":"13","name":"Трамвай 13: Гусинобродское шоссе - улица Писарева","route_color":null},{"ref":"14","name":"Трамвай 14: Площадь Калинина - Сад Мичуринцев","route_color":null}],"pass_count":2,"station_degree":2,"codes":null,"is_interchange":true,"station_role":"interchange"},"geometry":{"type":"Point","coordinates":[82.98649610000001,55.029362750000004]},"__memberLines":{}},{"type":"Feature","properties":{"station_id":"n9751241808","station_name":"Магазин Детский мир","station_name_local":"Магазин Детский мир","station_name_en":null,"city":"Novosibirsk","country":"Russia","lines":["11","14"],"wikipedia":null,"is_terminus":false,"routes":[{"ref":"11","name":"Трамвай 11: Золотая Горка - ПКИО Сосновый Бор","route_color":null},{"ref":"14","name":"Трамвай 14: Площадь Калинина - Сад Мичуринцев","route_color":null}],"pass_count":2,"station_degree":2,"codes":null,"merged_from":null,"merged_names":null,"is_interchange":false,"station_role":"normal"},"geometry":{"type":"Point","coordinates":[82.9778926,55.0579449]},"__memberLines":{}},{"type":"Feature","properties":{"station_id":"n9751241809","station_name":"Дом культуры имени Чкалова","station_name_local":"Дом культуры имени Чкалова","station_name_en":null,"city":"Novosibirsk","country":"Russia","lines":["11","14"],"wikipedia":null,"is_terminus":false,"routes":[{"ref":"11","name":"Трамвай 11: Золотая Горка - ПКИО Сосновый Бор","route_color":null},{"ref":"14","name":"Трамвай 14: Площадь Калинина - Сад Мичуринцев","route_color":null}],"pass_count":2,"station_degree":2,"codes":null,"merged_from":null,"merged_names":null,"is_interchange":false,"station_role":"normal"},"geometry":{"type":"Point","coordinates":[82.9778083,55.0579474]},"__memberLines":{}},{"type":"Feature","properties":{"station_id":"n9751241810","station_name":"Гипроуголь","station_name_local":"Гипроуголь","station_name_en":null,"city":"Novosibirsk","country":"Russia","lines":["11","14"],"wikipedia":null,"merged_from":2,"merged_names":null,"is_terminus":false,"routes":[{"ref":"11","name":"Трамвай 11: Золотая Горка - ПКИО Сосновый Бор","route_color":null},{"ref":"14","name":"Трамвай 14: Площадь Калинина - Сад Мичуринцев","route_color":null}],"pass_count":2,"station_degree":2,"codes":null,"is_interchange":false,"station_role":"normal"},"geometry":{"type":"Point","coordinates":[82.97314475,55.0613458]},"__memberLines":{}},{"type":"Feature","properties":{"station_id":"n9750462095","station_name":"Волочаевская улица","station_name_local":"Волочаевская улица","station_name_en":null,"city":"Novosibirsk","country":"Russia","lines":["11","14"],"wikipedia":null,"merged_from":4,"merged_names":null,"is_terminus":false,"routes":[{"ref":"11","name":"Трамвай 11: Золотая Горка - ПКИО Сосновый Бор","route_color":null},{"ref":"14","name":"Трамвай 14: Площадь Калинина - Сад Мичуринцев","route_color":null}],"pass_count":2,"station_degree":3,"codes":null,"is_interchange":true,"station_role":"interchange"},"geometry":{"type":"Point","coordinates":[82.985388325,55.059985749999996]},"__memberLines":{}},{"type":"Feature","properties":{"station_id":"n9750462093","station_name":"Река Каменка","station_name_local":"Река Каменка","station_name_en":null,"city":"Novosibirsk","country":"Russia","lines":["14"],"wikipedia":null,"merged_from":2,"merged_names":null,"is_terminus":false,"routes":[{"ref":"14","name":"Трамвай 14: Площадь Калинина - Сад Мичуринцев","route_color":null}],"pass_count":1,"station_degree":2,"codes":null,"is_interchange":false,"station_role":"normal"},"geometry":{"type":"Point","coordinates":[82.99474045,55.05398265]},"__memberLines":{}},{"type":"Feature","properties":{"station_id":"n9751287202","station_name":"Сад Дзержинского","station_name_local":"Сад Дзержинского","station_name_en":null,"city":"Novosibirsk","country":"Russia","lines":["11"],"wikipedia":null,"merged_from":2,"merged_names":null,"is_terminus":false,"routes":[{"ref":"11","name":"Трамвай 11: Золотая Горка - ПКИО Сосновый Бор","route_color":null}],"pass_count":1,"station_degree":2,"codes":null,"is_interchange":false,"station_role":"normal"},"geometry":{"type":"Point","coordinates":[82.9881472,55.0620517]},"__memberLines":{}},{"type":"Feature","properties":{"station_id":"n9751287204","station_name":"Улица Ползунова","station_name_local":"Улица Ползунова","station_name_en":null,"city":"Novosibirsk","country":"Russia","lines":["11"],"wikipedia":null,"merged_from":2,"merged_names":null,"is_terminus":false,"routes":[{"ref":"11","name":"Трамвай 11: Золотая Горка - ПКИО Сосновый Бор","route_color":null}],"pass_count":1,"station_degree":2,"codes":null,"is_interchange":false,"station_role":"normal"},"geometry":{"type":"Point","coordinates":[82.9944974,55.0650947]},"__memberLines":{}},{"type":"Feature","properties":{"station_id":"n320717719","station_name":"Куприна","station_name_local":"Куприна","station_name_en":null,"city":"Novosibirsk","country":"Russia","lines":["13","14"],"wikipedia":null,"merged_from":2,"merged_names":null,"is_terminus":false,"routes":[{"ref":"13","name":"Трамвай 13: Гусинобродское шоссе - улица Писарева","route_color":null},{"ref":"14","name":"Трамвай 14: Площадь Калинина - Сад Мичуринцев","route_color":null}],"pass_count":2,"station_degree":2,"codes":null,"is_interchange":false,"station_role":"normal"},"geometry":{"type":"Point","coordinates":[82.994927,55.033549550000004]},"__memberLines":{}},{"type":"Feature","properties":{"station_id":"n321191545","station_name":"Волочаевский жилмассив","station_name_local":"Волочаевский жилмассив","station_name_en":null,"city":"Novosibirsk","country":"Russia","lines":["13","14"],"wikipedia":null,"is_terminus":false,"routes":[{"ref":"13","name":"Трамвай 13: Гусинобродское шоссе - улица Писарева","route_color":null},{"ref":"14","name":"Трамвай 14: Площадь Калинина - Сад Мичуринцев","route_color":null}],"pass_count":2,"station_degree":2,"codes":null,"merged_from":null,"merged_names":null,"is_interchange":false,"station_role":"normal"},"geometry":{"type":"Point","coordinates":[83.0017151,55.0361621]},"__memberLines":{}},{"type":"Feature","properties":{"station_id":"n321191550","station_name":"ул. Толбухина","station_name_local":"ул. Толбухина","station_name_en":null,"city":"Novosibirsk","country":"Russia","lines":["13","14"],"wikipedia":null,"is_terminus":false,"routes":[{"ref":"13","name":"Трамвай 13: Гусинобродское шоссе - улица Писарева","route_color":null},{"ref":"14","name":"Трамвай 14: Площадь Калинина - Сад Мичуринцев","route_color":null}],"pass_count":2,"station_degree":2,"codes":null,"merged_from":null,"merged_names":null,"is_interchange":false,"station_role":"normal"},"geometry":{"type":"Point","coordinates":[83.0087014,55.0374536]},"__memberLines":{}},{"type":"Feature","properties":{"station_id":"n321191553","station_name":"Карбышева","station_name_local":"Карбышева","station_name_en":null,"city":"Novosibirsk","country":"Russia","lines":["13","14"],"wikipedia":null,"is_terminus":false,"routes":[{"ref":"13","name":"Трамвай 13: Гусинобродское шоссе - улица Писарева","route_color":null},{"ref":"14","name":"Трамвай 14: Площадь Калинина - Сад Мичуринцев","route_color":null}],"pass_count":2,"station_degree":2,"codes":null,"merged_from":null,"merged_names":null,"is_interchange":false,"station_role":"normal"},"geometry":{"type":"Point","coordinates":[83.0140994,55.0383029]},"__memberLines":{}},{"type":"Feature","properties":{"station_id":"n426622530","station_name":"Гусинобродское шоссе","station_name_local":"Гусинобродское шоссе","station_name_en":null,"city":"Novosibirsk","country":"Russia","lines":["13","14"],"wikipedia":null,"is_terminus":false,"routes":[{"ref":"13","name":"Трамвай 13: Гусинобродское шоссе - улица Писарева","route_color":null},{"ref":"14","name":"Трамвай 14: Площадь Калинина - Сад Мичуринцев","route_color":null}],"pass_count":2,"station_degree":2,"codes":null,"merged_from":null,"merged_names":null,"is_interchange":true,"station_role":"interchange"},"geometry":{"type":"Point","coordinates":[83.0199063,55.0396804]},"__memberLines":{}},{"type":"Feature","properties":{"station_id":"n9750462089","station_name":"Кинотеатр Родина","station_name_local":"Кинотеатр Родина","station_name_en":null,"city":"Novosibirsk","country":"Russia","lines":["14"],"wikipedia":null,"merged_from":2,"merged_names":null,"is_terminus":false,"routes":[{"ref":"14","name":"Трамвай 14: Площадь Калинина - Сад Мичуринцев","route_color":null}],"pass_count":1,"station_degree":2,"codes":null,"is_interchange":false,"station_role":"normal"},"geometry":{"type":"Point","coordinates":[83.0070698,55.048438950000005]},"__memberLines":{}},{"type":"Feature","properties":{"station_id":"n9750462091","station_name":"Техническая улица","station_name_local":"Техническая улица","station_name_en":null,"city":"Novosibirsk","country":"Russia","lines":["14"],"wikipedia":null,"merged_from":2,"merged_names":null,"is_terminus":false,"routes":[{"ref":"14","name":"Трамвай 14: Площадь Калинина - Сад Мичуринцев","route_color":null}],"pass_count":1,"station_degree":2,"codes":null,"is_interchange":false,"station_role":"normal"},"geometry":{"type":"Point","coordinates":[83.00200295,55.05146965]},"__memberLines":{}},{"type":"Feature","properties":{"station_id":"n9750462087","station_name":"Почтовая","station_name_local":"Почтовая","station_name_en":null,"city":"Novosibirsk","country":"Russia","lines":["14"],"wikipedia":null,"merged_from":2,"merged_names":null,"is_terminus":false,"routes":[{"ref":"14","name":"Трамвай 14: Площадь Калинина - Сад Мичуринцев","route_color":null}],"pass_count":1,"station_degree":2,"codes":null,"is_interchange":false,"station_role":"normal"},"geometry":{"type":"Point","coordinates":[83.0132296,55.0447513]},"__memberLines":{}},{"type":"Feature","properties":{"station_id":"n9756119491","station_name":"Стадион \"Сибирь\"","station_name_local":"Стадион \"Сибирь\"","station_name_en":null,"city":"Novosibirsk","country":"Russia","lines":["14"],"wikipedia":null,"merged_from":2,"merged_names":null,"is_terminus":false,"routes":[{"ref":"14","name":"Трамвай 14: Площадь Калинина - Сад Мичуринцев","route_color":null}],"pass_count":1,"station_degree":2,"codes":null,"is_interchange":false,"station_role":"normal"},"geometry":{"type":"Point","coordinates":[82.94283725,55.07003265]},"__memberLines":{}},{"type":"Feature","properties":{"station_id":"n9756119493","station_name":"ДК им. Горького","station_name_local":"ДК им. Горького","station_name_en":null,"city":"Novosibirsk","country":"Russia","lines":["14"],"wikipedia":null,"merged_from":2,"merged_names":null,"is_terminus":false,"routes":[{"ref":"14","name":"Трамвай 14: Площадь Калинина - Сад Мичуринцев","route_color":null}],"pass_count":1,"station_degree":2,"codes":null,"is_interchange":false,"station_role":"normal"},"geometry":{"type":"Point","coordinates":[82.9517655,55.07465235]},"__memberLines":{}},{"type":"Feature","properties":{"station_id":"n9751241812","station_name":"Дом одежды","station_name_local":"Дом одежды","station_name_en":null,"city":"Novosibirsk","country":"Russia","lines":["11","14"],"wikipedia":null,"merged_from":2,"merged_names":null,"is_terminus":false,"routes":[{"ref":"11","name":"Трамвай 11: Золотая Горка - ПКИО Сосновый Бор","route_color":null},{"ref":"14","name":"Трамвай 14: Площадь Калинина - Сад Мичуринцев","route_color":null}],"pass_count":2,"station_degree":2,"codes":null,"is_interchange":false,"station_role":"normal"},"geometry":{"type":"Point","coordinates":[82.96436305,55.0676589]},"__memberLines":{}},{"type":"Feature","properties":{"station_id":"n9756119496","station_name":"Улица 25 лет Октября","station_name_local":"Улица 25 лет Октября","station_name_en":null,"city":"Novosibirsk","country":"Russia","lines":["14"],"wikipedia":null,"merged_from":2,"merged_names":null,"is_terminus":false,"routes":[{"ref":"14","name":"Трамвай 14: Площадь Калинина - Сад Мичуринцев","route_color":null}],"pass_count":1,"station_degree":2,"codes":null,"is_interchange":false,"station_role":"normal"},"geometry":{"type":"Point","coordinates":[82.9584098,55.07807485]},"__memberLines":{}},{"type":"Feature","properties":{"station_id":"n9751265233","station_name":"Сосновый бор","station_name_local":"Сосновый бор","station_name_en":null,"city":"Novosibirsk","country":"Russia","lines":["11"],"wikipedia":null,"merged_from":3,"merged_names":null,"is_terminus":true,"routes":[{"ref":"11","name":"Трамвай 11: Золотая Горка - ПКИО Сосновый Бор","route_color":null}],"pass_count":1,"station_degree":1,"codes":null,"is_interchange":false,"station_role":"terminus"},"geometry":{"type":"Point","coordinates":[82.95501773333332,55.08961843333333]},"__memberLines":{}},{"type":"Feature","properties":{"station_id":"n9751265222","station_name":"Улица Новая Заря","station_name_local":"Улица Новая Заря","station_name_en":null,"city":"Novosibirsk","country":"Russia","lines":["11"],"wikipedia":null,"merged_from":2,"merged_names":null,"is_terminus":false,"routes":[{"ref":"11","name":"Трамвай 11: Золотая Горка - ПКИО Сосновый Бор","route_color":null}],"pass_count":1,"station_degree":2,"codes":null,"is_interchange":false,"station_role":"normal"},"geometry":{"type":"Point","coordinates":[82.960555,55.08481055]},"__memberLines":{}},{"type":"Feature","properties":{"station_id":"n9751265220","station_name":"Учительская улица","station_name_local":"Учительская улица","station_name_en":null,"city":"Novosibirsk","country":"Russia","lines":["11","14"],"wikipedia":null,"merged_from":2,"merged_names":null,"is_terminus":false,"routes":[{"ref":"11","name":"Трамвай 11: Золотая Горка - ПКИО Сосновый Бор","route_color":null},{"ref":"14","name":"Трамвай 14: Площадь Калинина - Сад Мичуринцев","route_color":null}],"pass_count":2,"station_degree":3,"codes":null,"is_interchange":true,"station_role":"interchange"},"geometry":{"type":"Point","coordinates":[82.9655601,55.081032449999995]},"__memberLines":{}},{"type":"Feature","properties":{"station_id":"n9751241814","station_name":"Поликлиника","station_name_local":"Поликлиника","station_name_en":null,"city":"Novosibirsk","country":"Russia","lines":["11","14"],"wikipedia":null,"is_terminus":false,"routes":[{"ref":"11","name":"Трамвай 11: Золотая Горка - ПКИО Сосновый Бор","route_color":null},{"ref":"14","name":"Трамвай 14: Площадь Калинина - Сад Мичуринцев","route_color":null}],"pass_count":2,"station_degree":2,"codes":null,"merged_from":null,"merged_names":null,"is_interchange":false,"station_role":"normal"},"geometry":{"type":"Point","coordinates":[82.9689299,55.0708439]},"__memberLines":{}},{"type":"Feature","properties":{"station_id":"n9751241815","station_name":"Сквер авиаконструктора Антонова","station_name_local":"Сквер авиаконструктора Антонова","station_name_en":null,"city":"Novosibirsk","country":"Russia","lines":["11","14"],"wikipedia":null,"is_terminus":false,"routes":[{"ref":"11","name":"Трамвай 11: Золотая Горка - ПКИО Сосновый Бор","route_color":null},{"ref":"14","name":"Трамвай 14: Площадь Калинина - Сад Мичуринцев","route_color":null}],"pass_count":2,"station_degree":2,"codes":null,"merged_from":null,"merged_names":null,"is_interchange":false,"station_role":"normal"},"geometry":{"type":"Point","coordinates":[82.9688158,55.0707508]},"__memberLines":{}},{"type":"Feature","properties":{"station_id":"n9751241816","station_name":"Библиотека","station_name_local":"Библиотека","station_name_en":null,"city":"Novosibirsk","country":"Russia","lines":["11","14"],"wikipedia":null,"merged_from":2,"merged_names":null,"is_terminus":false,"routes":[{"ref":"11","name":"Трамвай 11: Золотая Горка - ПКИО Сосновый Бор","route_color":null},{"ref":"14","name":"Трамвай 14: Площадь Калинина - Сад Мичуринцев","route_color":null}],"pass_count":2,"station_degree":2,"codes":null,"is_interchange":false,"station_role":"normal"},"geometry":{"type":"Point","coordinates":[82.9743711,55.07480685]},"__memberLines":{}},{"type":"Feature","properties":{"station_id":"n9751265218","station_name":"Улица Олеко Дундича","station_name_local":"Улица Олеко Дундича","station_name_en":null,"city":"Novosibirsk","country":"Russia","lines":["11","14"],"wikipedia":null,"merged_from":2,"merged_names":null,"is_terminus":false,"routes":[{"ref":"11","name":"Трамвай 11: Золотая Горка - ПКИО Сосновый Бор","route_color":null},{"ref":"14","name":"Трамвай 14: Площадь Калинина - Сад Мичуринцев","route_color":null}],"pass_count":2,"station_degree":2,"codes":null,"is_interchange":false,"station_role":"normal"},"geometry":{"type":"Point","coordinates":[82.97047140000001,55.07761345]},"__memberLines":{}},{"type":"Feature","properties":{"station_id":"n9751287206","station_name":"Улица Седова","station_name_local":"Улица Седова","station_name_en":null,"city":"Novosibirsk","country":"Russia","lines":["11"],"wikipedia":null,"merged_from":2,"merged_names":null,"is_terminus":false,"routes":[{"ref":"11","name":"Трамвай 11: Золотая Горка - ПКИО Сосновый Бор","route_color":null}],"pass_count":1,"station_degree":2,"codes":null,"is_interchange":false,"station_role":"normal"},"geometry":{"type":"Point","coordinates":[83.0001177,55.06775465]},"__memberLines":{}},{"type":"Feature","properties":{"station_id":"n9751287208","station_name":"Золотая Горка","station_name_local":"Золотая Горка","station_name_en":null,"city":"Novosibirsk","country":"Russia","lines":["11"],"wikipedia":null,"merged_from":2,"merged_names":null,"is_terminus":true,"routes":[{"ref":"11","name":"Трамвай 11: Золотая Горка - ПКИО Сосновый Бор","route_color":null}],"pass_count":1,"station_degree":1,"codes":null,"is_interchange":false,"station_role":"terminus"},"geometry":{"type":"Point","coordinates":[83.00864945000001,55.071416150000005]},"__memberLines":{}},{"type":"Feature","properties":{"station_id":"n296993659","station_name":"Garin-Mikhailovsky Square","station_name_local":"Площадь Гарина-Михайловского","station_name_en":"Garin-Mikhailovsky Square","city":"Novosibirsk","country":"Russia","lines":["2"],"wikipedia":null,"merged_from":2,"merged_names":null,"is_terminus":true,"routes":[{"ref":"2","name":"Dzerzhinskaya Line","route_color":"#3cb44b"}],"pass_count":1,"station_degree":1,"codes":null,"is_interchange":false,"station_role":"terminus"},"geometry":{"type":"Point","coordinates":[82.8987856,55.0354074]},"__memberLines":{}},{"type":"Feature","properties":{"station_id":"n416063356","station_name":"Sibirskaya / Krasnyi Prospekt","station_name_local":"Sibirskaya / Krasnyi Prospekt","station_name_en":"Sibirskaya","city":"Novosibirsk","country":"Russia","lines":["1","2"],"wikipedia":null,"merged_from":6,"merged_names":[{"station_id":"n416063356","station_name":"Sibirskaya","station_name_local":"Сибирская","lines":["2"]},{"station_id":"n296995573","station_name":"Krasnyi Prospekt","station_name_local":"Красный проспект","lines":["1"]}],"is_terminus":false,"routes":[{"ref":"1","name":"Leninskaya Line","route_color":"#e6194b"},{"ref":"2","name":"Dzerzhinskaya Line","route_color":"#3cb44b"}],"pass_count":2,"station_degree":4,"codes":null,"is_interchange":true,"station_role":"interchange"},"geometry":{"type":"Point","coordinates":[82.91803709999999,55.04189516666667]},"__memberLines":{}},{"type":"Feature","properties":{"station_id":"n296998275","station_name":"Lenin Square","station_name_local":"Площадь Ленина","station_name_en":"Lenin Square","city":"Novosibirsk","country":"Russia","lines":["1"],"wikipedia":null,"merged_from":3,"merged_names":null,"is_terminus":false,"routes":[{"ref":"1","name":"Leninskaya Line","route_color":"#e6194b"}],"pass_count":1,"station_degree":2,"codes":null,"is_interchange":false,"station_role":"normal"},"geometry":{"type":"Point","coordinates":[82.9204941,55.0301092]},"__memberLines":{}},{"type":"Feature","properties":{"station_id":"n296998283","station_name":"Oktyabrskaya","station_name_local":"Октябрьская","station_name_en":"Oktyabrskaya","city":"Novosibirsk","country":"Russia","lines":["1"],"wikipedia":null,"merged_from":3,"merged_names":null,"is_terminus":false,"routes":[{"ref":"1","name":"Leninskaya Line","route_color":"#e6194b"}],"pass_count":1,"station_degree":2,"codes":null,"is_interchange":false,"station_role":"normal"},"geometry":{"type":"Point","coordinates":[82.93914776666666,55.01895313333333]},"__memberLines":{}},{"type":"Feature","properties":{"station_id":"n296998287","station_name":"Rechnoy Vokzal","station_name_local":"Речной вокзал","station_name_en":"Rechnoy Vokzal","city":"Novosibirsk","country":"Russia","lines":["1"],"wikipedia":null,"merged_from":3,"merged_names":null,"is_terminus":false,"routes":[{"ref":"1","name":"Leninskaya Line","route_color":"#e6194b"}],"pass_count":1,"station_degree":2,"codes":null,"is_interchange":false,"station_role":"normal"},"geometry":{"type":"Point","coordinates":[82.9383796,55.00894676666667]},"__memberLines":{}},{"type":"Feature","properties":{"station_id":"n335996181","station_name":"Ploschad Marksa","station_name_local":"Площадь Маркса","station_name_en":"Ploschad Marksa","city":"Novosibirsk","country":"Russia","lines":["1"],"wikipedia":"ru:Площадь Маркса (станция метро)","merged_from":3,"merged_names":null,"is_terminus":true,"routes":[{"ref":"1","name":"Leninskaya Line","route_color":"#e6194b"}],"pass_count":1,"station_degree":1,"codes":null,"is_interchange":false,"station_role":"terminus"},"geometry":{"type":"Point","coordinates":[82.89303203333333,54.9830471]},"__memberLines":{}},{"type":"Feature","properties":{"station_id":"n335999524","station_name":"Zayeltsovksaya","station_name_local":"Заельцовская","station_name_en":"Zayeltsovksaya","city":"Novosibirsk","country":"Russia","lines":["1"],"wikipedia":null,"merged_from":3,"merged_names":null,"is_terminus":true,"routes":[{"ref":"1","name":"Leninskaya Line","route_color":"#e6194b"}],"pass_count":1,"station_degree":1,"codes":null,"is_interchange":false,"station_role":"terminus"},"geometry":{"type":"Point","coordinates":[82.9125123,55.05944696666666]},"__memberLines":{}},{"type":"Feature","properties":{"station_id":"n416056907","station_name":"Studencheskaya","station_name_local":"Студенческая","station_name_en":"Studencheskaya","city":"Novosibirsk","country":"Russia","lines":["1"],"wikipedia":null,"merged_from":3,"merged_names":null,"is_terminus":false,"routes":[{"ref":"1","name":"Leninskaya Line","route_color":"#e6194b"}],"pass_count":1,"station_degree":2,"codes":null,"is_interchange":false,"station_role":"normal"},"geometry":{"type":"Point","coordinates":[82.90663740000001,54.989308]},"__memberLines":{}},{"type":"Feature","properties":{"station_id":"n416063358","station_name":"Gagarinskaya","station_name_local":"Гагаринская","station_name_en":"Gagarinskaya","city":"Novosibirsk","country":"Russia","lines":["1"],"wikipedia":null,"merged_from":3,"merged_names":null,"is_terminus":false,"routes":[{"ref":"1","name":"Leninskaya Line","route_color":"#e6194b"}],"pass_count":1,"station_degree":2,"codes":null,"is_interchange":false,"station_role":"normal"},"geometry":{"type":"Point","coordinates":[82.91475103333333,55.05114806666666]},"__memberLines":{}},{"type":"Feature","properties":{"station_id":"n416063360","station_name":"Marshala Pokryshkina","station_name_local":"Маршала Покрышкина","station_name_en":"Marshala Pokryshkina","city":"Novosibirsk","country":"Russia","lines":["2"],"wikipedia":null,"merged_from":3,"merged_names":null,"is_terminus":false,"routes":[{"ref":"2","name":"Dzerzhinskaya Line","route_color":"#3cb44b"}],"pass_count":1,"station_degree":2,"codes":null,"is_interchange":false,"station_role":"normal"},"geometry":{"type":"Point","coordinates":[82.9349999,55.043700333333334]},"__memberLines":{}},{"type":"Feature","properties":{"station_id":"n9948921261","station_name":"Zolotaya Niva","station_name_local":"Золотая нива","station_name_en":"Zolotaya Niva","city":"Novosibirsk","country":"Russia","lines":["2"],"wikipedia":null,"merged_from":2,"merged_names":null,"is_terminus":true,"routes":[{"ref":"2","name":"Dzerzhinskaya Line","route_color":"#3cb44b"}],"pass_count":1,"station_degree":1,"codes":null,"is_interchange":false,"station_role":"terminus"},"geometry":{"type":"Point","coordinates":[82.97674505,55.037699450000005]},"__memberLines":{}},{"type":"Feature","properties":{"station_id":"n4343794962","station_name":"Beryozovaya roshcha","station_name_local":"Берёзовая роща","station_name_en":"Beryozovaya roshcha","city":"Novosibirsk","country":"Russia","lines":["2"],"wikipedia":null,"merged_from":3,"merged_names":null,"is_terminus":false,"routes":[{"ref":"2","name":"Dzerzhinskaya Line","route_color":"#3cb44b"}],"pass_count":1,"station_degree":2,"codes":null,"is_interchange":false,"station_role":"normal"},"geometry":{"type":"Point","coordinates":[82.95311443333333,55.043329433333334]},"__memberLines":{}},{"type":"Feature","properties":{"station_id":"n8551123999","station_name":"Sportivnaya","station_name_local":"Спортивная","station_name_en":"Sportivnaya","city":"Novosibirsk","country":"Russia","lines":["1"],"wikipedia":"ru:Спортивная (станция метро, Новосибирск)","merged_from":3,"merged_names":null,"is_terminus":false,"routes":[{"ref":"1","name":"Leninskaya Line","route_color":"#e6194b"}],"pass_count":1,"station_degree":2,"codes":null,"is_interchange":false,"station_role":"normal"},"geometry":{"type":"Point","coordinates":[82.9204377,54.99693423333333]},"__memberLines":{}}]}