{"type":"FeatureCollection","features":[{"type":"Feature","properties":{"way_id":537966742,"route_colors":[],"route_refs":["5"]},"geometry":{"type":"LineString","coordinates":[[30.7229677,46.4755595],[30.7231302,46.475525],[30.7231254,46.4755141],[30.7229628,46.4755486],[30.7229677,46.4755595]]}},{"type":"Feature","properties":{"way_id":537966737,"route_colors":[],"route_refs":["5","28"]},"geometry":{"type":"LineString","coordinates":[[30.7260655,46.4732057],[30.7262425,46.4730616]]}},{"type":"Feature","properties":{"way_id":537966736,"route_colors":[],"route_refs":["5","28"]},"geometry":{"type":"LineString","coordinates":[[30.7303436,46.470197],[30.7305421,46.470178]]}},{"type":"Feature","properties":{"way_id":537966734,"route_colors":[],"route_refs":["5","28"]},"geometry":{"type":"LineString","coordinates":[[30.7362488,46.4697452],[30.7365684,46.4697251],[30.736567,46.4697145],[30.7362474,46.4697346],[30.7362488,46.4697452]]}},{"type":"Feature","properties":{"way_id":537966729,"route_colors":[],"route_refs":["5","28"]},"geometry":{"type":"LineString","coordinates":[[30.7415218,46.4692812],[30.7418356,46.4692618]]}},{"type":"Feature","properties":{"way_id":537966726,"route_colors":[],"route_refs":["5","28"]},"geometry":{"type":"LineString","coordinates":[[30.7463563,46.4691167],[30.7465139,46.4691047],[30.7465117,46.4690912],[30.7463541,46.4691032],[30.7463563,46.4691167]]}},{"type":"Feature","properties":{"way_id":537966713,"route_colors":[],"route_refs":["5"]},"geometry":{"type":"LineString","coordinates":[[30.7526328,46.4680637],[30.7526086,46.4679326]]}},{"type":"Feature","properties":{"way_id":451056272,"route_colors":[],"route_refs":["5"]},"geometry":{"type":"LineString","coordinates":[[30.7564883,46.4596102],[30.7565638,46.4594552]]}},{"type":"Feature","properties":{"way_id":451056290,"route_colors":[],"route_refs":["5"]},"geometry":{"type":"LineString","coordinates":[[30.7587158,46.4574345],[30.7588423,46.4573054]]}},{"type":"Feature","properties":{"way_id":451056274,"route_colors":[],"route_refs":["5"]},"geometry":{"type":"LineString","coordinates":[[30.7603681,46.4543976],[30.7604355,46.4542537]]}},{"type":"Feature","properties":{"way_id":451047289,"route_colors":[],"route_refs":["5"]},"geometry":{"type":"LineString","coordinates":[[30.761735,46.4514967],[30.7618044,46.4513301]]}},{"type":"Feature","properties":{"way_id":451056279,"route_colors":[],"route_refs":["5"]},"geometry":{"type":"LineString","coordinates":[[30.7638492,46.4465772],[30.7639086,46.4464286]]}},{"type":"Feature","properties":{"way_id":451056276,"route_colors":[],"route_refs":["5"]},"geometry":{"type":"LineString","coordinates":[[30.7649649,46.4431693],[30.7649915,46.44313]]}},{"type":"Feature","properties":{"way_id":451056275,"route_colors":[],"route_refs":["5"]},"geometry":{"type":"LineString","coordinates":[[30.7624413,46.4415314],[30.7622753,46.4414633]]}},{"type":"Feature","properties":{"way_id":451346102,"route_colors":[],"route_refs":["5"]},"geometry":{"type":"LineString","coordinates":[[30.7574951,46.439958],[30.7574787,46.4398809]]}},{"type":"Feature","properties":{"way_id":451346107,"route_colors":[],"route_refs":["5"]},"geometry":{"type":"LineString","coordinates":[[30.7607284,46.4312489],[30.7607465,46.4312036],[30.7607679,46.4311634],[30.7607907,46.4311264]]}},{"type":"Feature","properties":{"way_id":539023927,"route_colors":[],"route_refs":["5"]},"geometry":{"type":"LineString","coordinates":[[30.7092071,46.4763679],[30.710771,46.4762965],[30.7112359,46.476275],[30.7116919,46.476254],[30.716242,46.476005],[30.7164202,46.4759953],[30.7174619,46.4759372],[30.7178878,46.4759134],[30.7193964,46.4758241],[30.7207764,46.4757619],[30.7217076,46.4757155],[30.7217284,46.4757138],[30.722613,46.4756433],[30.7230803,46.4755682],[30.7235096,46.4754992]]}},{"type":"Feature","properties":{"way_id":109126731,"route_colors":[],"route_refs":["5","28"]},"geometry":{"type":"LineString","coordinates":[[30.7235096,46.4754992],[30.7236797,46.4753715],[30.7237166,46.4753438]]}},{"type":"Feature","properties":{"way_id":109130737,"route_colors":[],"route_refs":["5","28","21"]},"geometry":{"type":"LineString","coordinates":[[30.7237166,46.4753438],[30.7238672,46.4752307],[30.7255777,46.4736727],[30.7257674,46.4735036]]}},{"type":"Feature","properties":{"way_id":109085702,"route_colors":[],"route_refs":["5","28"]},"geometry":{"type":"LineString","coordinates":[[30.7257674,46.4735036],[30.7258567,46.4734153],[30.7261811,46.4731404],[30.7274299,46.4720375],[30.7274919,46.4719912],[30.7275481,46.47196],[30.7276139,46.4719286],[30.7276728,46.4719035],[30.7276953,46.4719017],[30.7277517,46.4718962],[30.727801,46.4718742],[30.727817,46.4718638],[30.7278346,46.471851],[30.7281899,46.4714933],[30.7282235,46.4714517],[30.7282415,46.4713942],[30.7282488,46.4713604],[30.728257,46.4713403],[30.7282691,46.4704288]]}},{"type":"Feature","properties":{"way_id":109085686,"route_colors":[],"route_refs":["5","28"]},"geometry":{"type":"LineString","coordinates":[[30.7282691,46.4704288],[30.7282708,46.4704194],[30.7282842,46.4704025],[30.7282974,46.4703902],[30.7283197,46.470383],[30.7283318,46.4703804],[30.7283495,46.4703764],[30.7283645,46.4703733],[30.7283995,46.4703664]]}},{"type":"Feature","properties":{"way_id":109085692,"route_colors":[],"route_refs":["5","28"]},"geometry":{"type":"LineString","coordinates":[[30.7283995,46.4703664],[30.7304225,46.4702012],[30.7306104,46.4701857],[30.7306263,46.470184],[30.7306409,46.4701824],[30.736371,46.4697609],[30.7366475,46.4697409],[30.736734,46.4697347],[30.7368793,46.4697215],[30.738285,46.4696144],[30.738464,46.469582],[30.7385758,46.4695514],[30.7387577,46.4695185],[30.7391342,46.4694896],[30.7392481,46.4694834],[30.7407039,46.4693751],[30.7410633,46.4693457],[30.7417367,46.4692975],[30.7419106,46.4692896]]}},{"type":"Feature","properties":{"way_id":109085682,"route_colors":[],"route_refs":["5","28"]},"geometry":{"type":"LineString","coordinates":[[30.7419106,46.4692896],[30.7420817,46.469302],[30.7421035,46.4693048],[30.7421967,46.4693169],[30.7422895,46.4693297],[30.7423767,46.4693481],[30.7424671,46.4693611],[30.7424967,46.4693647],[30.7425731,46.4693754],[30.7426764,46.4693846],[30.7428038,46.4693864],[30.7435985,46.469336],[30.7440676,46.4693063],[30.7451235,46.4692394],[30.7457801,46.4691853],[30.7464727,46.4691282],[30.7466481,46.4691138],[30.7501949,46.468839],[30.7510573,46.4687756],[30.7516407,46.4687327],[30.7523233,46.4686825],[30.7524729,46.4686748],[30.7525745,46.4686695]]}},{"type":"Feature","properties":{"way_id":555429890,"route_colors":[],"route_refs":["5"]},"geometry":{"type":"LineString","coordinates":[[30.7525745,46.4686695],[30.7526547,46.4686596],[30.7526757,46.468654],[30.7527113,46.4686317],[30.7527317,46.4686118],[30.7527409,46.4685801],[30.7527458,46.4685419]]}},{"type":"Feature","properties":{"way_id":109085698,"route_colors":[],"route_refs":["5"]},"geometry":{"type":"LineString","coordinates":[[30.7527458,46.4685419],[30.7526407,46.4679912],[30.7526132,46.4678584],[30.752587,46.4677423],[30.7525843,46.4677306],[30.7525817,46.4677189],[30.7525685,46.467612],[30.7525817,46.467554],[30.7532702,46.4660623],[30.7534111,46.4657695],[30.7536228,46.4653655],[30.7537586,46.4650749],[30.7539944,46.4645769],[30.7542583,46.4640774],[30.7542925,46.4640107],[30.7543483,46.463889],[30.7547103,46.4631461],[30.7547981,46.4629648],[30.7554184,46.4617763],[30.7558376,46.4609256],[30.7562842,46.460048],[30.7565571,46.4595629],[30.7566816,46.4593214],[30.7567425,46.4592495],[30.7569046,46.4590986],[30.7575146,46.4585343],[30.757771,46.4582683],[30.7580212,46.45806],[30.7588264,46.4573895],[30.758986,46.4572208],[30.7590373,46.4571344],[30.7590842,46.4570391],[30.7591398,46.4569264],[30.7596146,46.4560009],[30.7603623,46.4545302],[30.7604639,46.4543455],[30.7611042,46.453116],[30.7611983,46.452914],[30.7615514,46.45208],[30.7618225,46.4514396],[30.7624135,46.4500438],[30.7629625,46.4487472],[30.7629893,46.4486838],[30.7632283,46.448115],[30.7639061,46.4465014],[30.7639875,46.4463077],[30.7641604,46.445896],[30.7642835,46.4454438],[30.7644088,46.4448331],[30.7644294,46.444734],[30.7645068,46.4443728],[30.7645261,46.4442798],[30.7646176,46.4440472],[30.7649031,46.4433895],[30.7649488,46.4432747],[30.7649765,46.4432193],[30.7650109,46.4431648],[30.7650303,46.4431441],[30.7651217,46.4430591],[30.765204,46.4429896],[30.7652537,46.4429388],[30.7652768,46.4428995],[30.7652838,46.4428505],[30.7652803,46.4428069],[30.7652587,46.4427624],[30.7652289,46.4427278],[30.7651876,46.4426963],[30.7651385,46.4426682],[30.7623704,46.4414848],[30.7611345,46.4409571],[30.7610531,46.4409244],[30.7609743,46.440901],[30.7608771,46.4408827],[30.758646,46.4405852],[30.7585173,46.4405691],[30.7584487,46.4405553],[30.7583943,46.44054],[30.7581713,46.4404536],[30.7579434,46.4403559],[30.7578068,46.4402952],[30.7577239,46.4402458],[30.7576744,46.4402081],[30.7576215,46.4401554],[30.7575841,46.4401058],[30.757552,46.4400476],[30.7575346,46.4399938],[30.7575265,46.4399555],[30.7575198,46.4399197],[30.7574769,46.4396975],[30.7573704,46.4391423],[30.7573461,46.4390153],[30.7573173,46.4388592],[30.7573107,46.4387726],[30.7573108,46.4386952],[30.7573233,46.4386211],[30.7573462,46.4385443],[30.7573691,46.438484],[30.7573984,46.438422],[30.7574479,46.4383539],[30.7574959,46.4382911],[30.7576104,46.4381719],[30.7581875,46.4376459],[30.7582578,46.4375783],[30.7583122,46.4375116],[30.7583527,46.4374544],[30.7590088,46.4365362],[30.7590449,46.4364675],[30.7591553,46.4361915],[30.7592912,46.4358352],[30.7597512,46.4347621],[30.7605336,46.4330845],[30.7605537,46.4330377],[30.7605955,46.4329516],[30.7609948,46.4320932],[30.7610086,46.4320665],[30.7610332,46.432032],[30.7610608,46.4319998],[30.7610932,46.4319633],[30.7611178,46.4319281],[30.7611712,46.4318021]]}},{"type":"Feature","properties":{"way_id":539125773,"route_colors":[],"route_refs":["5"]},"geometry":{"type":"LineString","coordinates":[[30.7611712,46.4318021],[30.7611776,46.4317589],[30.7611774,46.4317258],[30.7611689,46.4316946],[30.7611511,46.4316647],[30.761133,46.4316389],[30.7611069,46.4316126],[30.7610818,46.4315942],[30.760991,46.4315424],[30.7608999,46.431484],[30.7608684,46.431465],[30.7608397,46.4314448],[30.7608035,46.4314102],[30.7607785,46.4313806],[30.7607621,46.4313512],[30.760751,46.4313112],[30.7607493,46.4312724],[30.760755,46.4312386],[30.7607778,46.43119]]}},{"type":"Feature","properties":{"way_id":451346105,"route_colors":[],"route_refs":["5"]},"geometry":{"type":"LineString","coordinates":[[30.7592407,46.4361378],[30.7591964,46.4362722]]}},{"type":"Feature","properties":{"way_id":451346106,"route_colors":[],"route_refs":["5"]},"geometry":{"type":"LineString","coordinates":[[30.7575525,46.4397531],[30.757569,46.4398303]]}},{"type":"Feature","properties":{"way_id":451056288,"route_colors":[],"route_refs":["5"]},"geometry":{"type":"LineString","coordinates":[[30.7621172,46.4413177],[30.7622832,46.4413859]]}},{"type":"Feature","properties":{"way_id":451056289,"route_colors":[],"route_refs":["5"]},"geometry":{"type":"LineString","coordinates":[[30.7651817,46.443217],[30.7651223,46.4433656]]}},{"type":"Feature","properties":{"way_id":451056283,"route_colors":[],"route_refs":["5"]},"geometry":{"type":"LineString","coordinates":[[30.7642121,46.4462827],[30.7641527,46.4464313]]}},{"type":"Feature","properties":{"way_id":451047291,"route_colors":[],"route_refs":["5"]},"geometry":{"type":"LineString","coordinates":[[30.7624111,46.4504977],[30.7623417,46.4506643]]}},{"type":"Feature","properties":{"way_id":451056277,"route_colors":[],"route_refs":["5"]},"geometry":{"type":"LineString","coordinates":[[30.7609359,46.4537959],[30.7608685,46.4539398]]}},{"type":"Feature","properties":{"way_id":451056278,"route_colors":[],"route_refs":["5"]},"geometry":{"type":"LineString","coordinates":[[30.7595369,46.4565552],[30.7594642,46.4566991]]}},{"type":"Feature","properties":{"way_id":451056291,"route_colors":[],"route_refs":["5"]},"geometry":{"type":"LineString","coordinates":[[30.7571123,46.4591595],[30.7569912,46.4592961]]}},{"type":"Feature","properties":{"way_id":537966712,"route_colors":[],"route_refs":["5"]},"geometry":{"type":"LineString","coordinates":[[30.7528105,46.4675233],[30.7527776,46.4675843]]}},{"type":"Feature","properties":{"way_id":537966725,"route_colors":[],"route_refs":["5","28"]},"geometry":{"type":"LineString","coordinates":[[30.7469746,46.4691644],[30.7467643,46.4691781],[30.7467658,46.4691894],[30.7469761,46.4691756],[30.7469746,46.4691644]]}},{"type":"Feature","properties":{"way_id":537966730,"route_colors":[],"route_refs":["5","28"]},"geometry":{"type":"LineString","coordinates":[[30.7369447,46.4697653],[30.7368598,46.4697708],[30.736861,46.4697802],[30.7369459,46.4697747],[30.7369447,46.4697653]]}},{"type":"Feature","properties":{"way_id":537966735,"route_colors":[],"route_refs":["5","28"]},"geometry":{"type":"LineString","coordinates":[[30.7309954,46.4702252],[30.7308975,46.4702316]]}},{"type":"Feature","properties":{"way_id":537966738,"route_colors":[],"route_refs":["5","28"]},"geometry":{"type":"LineString","coordinates":[[30.726113,46.4732902],[30.7259354,46.4734434],[30.7259252,46.4734378],[30.7261028,46.4732845],[30.726113,46.4732902]]}},{"type":"Feature","properties":{"way_id":537966741,"route_colors":[],"route_refs":["5"]},"geometry":{"type":"LineString","coordinates":[[30.7228045,46.4756682],[30.7226817,46.4756897],[30.7226854,46.4756998],[30.7228082,46.4756782],[30.7228045,46.4756682]]}},{"type":"Feature","properties":{"way_id":109081956,"route_colors":[],"route_refs":["5"]},"geometry":{"type":"LineString","coordinates":[[30.7607778,46.43119],[30.7608091,46.4311291],[30.7608405,46.4310809],[30.7608826,46.4310466],[30.7609381,46.4310156],[30.7609858,46.4309974],[30.7610358,46.4309861],[30.7610879,46.43098],[30.7611383,46.4309816],[30.7611947,46.43099],[30.761243,46.4310001],[30.761291,46.4310156],[30.7613332,46.4310351],[30.7613737,46.4310638],[30.7613991,46.4310899],[30.7614251,46.4311266],[30.761442,46.4311656],[30.7614468,46.4312109],[30.7614422,46.4312436],[30.7614285,46.4312865],[30.7614076,46.4313333],[30.7612916,46.4315579],[30.7612668,46.4316224],[30.7612548,46.4316802],[30.7612408,46.4317591],[30.7612111,46.4318307],[30.7611427,46.4319609],[30.7611039,46.4320143],[30.7610584,46.4320718],[30.7610297,46.4321165],[30.760651,46.4329245],[30.760595,46.4330481],[30.760564,46.4331135],[30.7597896,46.4347688],[30.7593324,46.4358421],[30.7591976,46.4361988],[30.7590877,46.4364769],[30.759051,46.4365433],[30.758391,46.4374677],[30.7583403,46.437538],[30.7582888,46.4375973],[30.7576477,46.4381919],[30.757545,46.438297],[30.7574964,46.4383617],[30.7574517,46.4384333],[30.7574178,46.4384971],[30.7573956,46.4385548],[30.7573747,46.4386217],[30.7573617,46.4387014],[30.7573586,46.438777],[30.7573657,46.4388623],[30.7573963,46.4390136],[30.7574201,46.4391473],[30.7575272,46.4396934],[30.7575463,46.4398054],[30.7575704,46.4399501],[30.7575935,46.4400245],[30.7576193,46.4400776],[30.7576511,46.4401207],[30.7576941,46.4401668],[30.7577438,46.440208],[30.7577994,46.4402443],[30.7578532,46.4402716],[30.75792,46.4403019],[30.758019,46.4403465],[30.7580927,46.4403777],[30.7583006,46.4404671],[30.7584484,46.4405219],[30.7585152,46.4405389],[30.7586153,46.4405508],[30.7608983,46.4408492],[30.7609932,46.4408678],[30.7610736,46.4408932],[30.7611512,46.4409269],[30.7621885,46.4413734],[30.7651165,46.4426222],[30.7651967,46.4426589],[30.765264,46.4426981],[30.7653167,46.4427395],[30.7653608,46.4427867],[30.7653839,46.4428267],[30.7653992,46.4428764],[30.7653964,46.4429286],[30.7653773,46.4429791],[30.7653387,46.4430248],[30.7652763,46.4430745],[30.7652289,46.4431146],[30.7651884,46.4431562],[30.7651533,46.4432067],[30.7651297,46.4432541],[30.7651091,46.4433051],[30.7650866,46.4433607],[30.7646465,46.4443844],[30.7645612,46.4448486],[30.7644148,46.4456217],[30.7642703,46.4460476],[30.7641652,46.4463615],[30.7641011,46.446524],[30.7640124,46.4467413],[30.7634889,46.4479195],[30.7631379,46.4487095],[30.7631174,46.4487577],[30.7627808,46.4495498],[30.7626843,46.4497769],[30.762344,46.4505779],[30.761934,46.4515428],[30.7617974,46.4518614],[30.7613508,46.4528891],[30.7613249,46.4529339],[30.7611824,46.4532306],[30.76087,46.4538555],[30.7607275,46.4541405],[30.7605079,46.4545796],[30.7597541,46.4560871],[30.7594664,46.4566293],[30.7592386,46.4570585],[30.7591451,46.4572325],[30.7589719,46.457425],[30.758909,46.4574832],[30.7580186,46.4582163],[30.7574303,46.4587963],[30.7569933,46.4592298],[30.7568854,46.4593282],[30.7567992,46.4594339],[30.7560738,46.4609715],[30.7556074,46.4617524],[30.7549578,46.4629948],[30.7545992,46.4637845],[30.7544423,46.4640773],[30.754171,46.4646073],[30.7539226,46.4650832],[30.7537573,46.4654004],[30.7535567,46.4657854],[30.7527778,46.4675544],[30.7527477,46.4676227]]}},{"type":"Feature","properties":{"way_id":109081789,"route_colors":[],"route_refs":["5"]},"geometry":{"type":"LineString","coordinates":[[30.7527477,46.4676227],[30.7526875,46.4677728],[30.7526626,46.467895],[30.752783,46.4685117],[30.7527896,46.4685835]]}},{"type":"Feature","properties":{"way_id":555429891,"route_colors":[],"route_refs":["5"]},"geometry":{"type":"LineString","coordinates":[[30.7527896,46.4685835],[30.7527772,46.4686241],[30.7527584,46.4686553],[30.7526926,46.4686903],[30.7526643,46.4686968],[30.7526531,46.4686985],[30.7525838,46.468709]]}},{"type":"Feature","properties":{"way_id":109085696,"route_colors":[],"route_refs":["5","28"]},"geometry":{"type":"LineString","coordinates":[[30.7525838,46.468709],[30.7524844,46.4687231],[30.7486498,46.4690347],[30.7480261,46.4690734],[30.74746,46.4691084],[30.7468362,46.4691471],[30.7466515,46.4691586],[30.7451307,46.4692784],[30.744543,46.4693178],[30.7443434,46.4693312],[30.7442631,46.4693357],[30.7440124,46.4693499],[30.7437291,46.4693658],[30.743424,46.469383],[30.7430171,46.4694059],[30.742807,46.4694178],[30.7427482,46.4694211],[30.7426576,46.4694262],[30.7425919,46.4694262],[30.7425523,46.4694197],[30.7425215,46.4694128],[30.7424762,46.4694017],[30.7424129,46.4693874],[30.7423404,46.4693732],[30.7421486,46.469342],[30.7420763,46.4693355],[30.7418774,46.4693175]]}},{"type":"Feature","properties":{"way_id":109085693,"route_colors":[],"route_refs":["5","28"]},"geometry":{"type":"LineString","coordinates":[[30.7418774,46.4693175],[30.7410152,46.4693784],[30.7407546,46.4693968],[30.7392139,46.4695173],[30.7391373,46.4695229],[30.738792,46.4695472],[30.7385504,46.4696025],[30.7383265,46.4696512],[30.7370311,46.469746],[30.7369162,46.4697554],[30.7368882,46.4697577],[30.736735,46.4697702],[30.7366601,46.4697763],[30.7363328,46.4698029],[30.7337862,46.4700084],[30.7325642,46.470099],[30.7310009,46.4701951],[30.7309642,46.4701974],[30.730657,46.4702163],[30.7306327,46.4702179],[30.7306092,46.4702194],[30.7283995,46.4703875]]}},{"type":"Feature","properties":{"way_id":109085685,"route_colors":[],"route_refs":["5","28"]},"geometry":{"type":"LineString","coordinates":[[30.7283995,46.4703875],[30.7283604,46.4703917],[30.7283415,46.4703944],[30.7283297,46.4703978],[30.7283088,46.4704063],[30.7282986,46.4704174],[30.7282989,46.4704279]]}},{"type":"Feature","properties":{"way_id":109269332,"route_colors":[],"route_refs":["5","28"]},"geometry":{"type":"LineString","coordinates":[[30.7282989,46.4704279],[30.7283019,46.4713419],[30.7283024,46.4713569],[30.7282903,46.4713756],[30.7282867,46.4713944],[30.7282656,46.4714512],[30.7282286,46.4715013],[30.7278806,46.4718613],[30.7278584,46.4718776],[30.7278372,46.4718899],[30.7278012,46.4719041],[30.7277715,46.4719159],[30.7276828,46.4719266],[30.7276189,46.4719561],[30.7275681,46.4719809],[30.7275174,46.4720079],[30.7274547,46.4720503],[30.7260208,46.4733335],[30.7258266,46.4735055]]}},{"type":"Feature","properties":{"way_id":109126726,"route_colors":[],"route_refs":["5","28","21"]},"geometry":{"type":"LineString","coordinates":[[30.7258266,46.4735055],[30.7256545,46.4736669],[30.7238943,46.4752481],[30.7237646,46.4753478]]}},{"type":"Feature","properties":{"way_id":109126725,"route_colors":[],"route_refs":["5","28"]},"geometry":{"type":"LineString","coordinates":[[30.7237646,46.4753478],[30.7236996,46.4753978],[30.7236598,46.4754285],[30.7235379,46.4755223],[30.7234997,46.4755515]]}},{"type":"Feature","properties":{"way_id":109087482,"route_colors":[],"route_refs":["5"]},"geometry":{"type":"LineString","coordinates":[[30.7234997,46.4755515],[30.723423,46.4755642],[30.7227308,46.4756679],[30.7225344,46.4756948],[30.721725,46.4757553],[30.7207654,46.4758047],[30.7193891,46.4758655],[30.718157,46.4759346],[30.7178806,46.4759496],[30.7164233,46.476026],[30.7120674,46.4762702],[30.7116983,46.4762909],[30.7088819,46.4764442],[30.7084323,46.4764703],[30.7083924,46.4764676],[30.7083506,46.4764568],[30.7083136,46.4764425],[30.708261,46.4764147],[30.7082228,46.4763848],[30.7081865,46.4763384],[30.7081715,46.4762867],[30.7081732,46.4762221],[30.7081936,46.4761709],[30.7082424,46.4761216],[30.7082886,46.4760955],[30.708342,46.4760733],[30.7083902,46.4760661],[30.7084457,46.4760628],[30.7085,46.4760675],[30.7085503,46.4760775],[30.7085986,46.4760941],[30.7086418,46.476116],[30.7087008,46.4761699],[30.7087516,46.4762315],[30.7087821,46.47627],[30.7088187,46.4763015],[30.7088321,46.4763101],[30.7088889,46.4763495],[30.7089395,46.476368],[30.7089955,46.4763744],[30.7090435,46.4763747],[30.7092071,46.4763679]]}},{"type":"Feature","properties":{"way_id":108657554,"route_colors":[],"route_refs":["28"]},"geometry":{"type":"LineString","coordinates":[[30.7211475,46.4940284],[30.7211758,46.4940965],[30.721198,46.4941622],[30.7212077,46.494222],[30.7212055,46.4942841],[30.7211907,46.4943368],[30.7211641,46.4943897],[30.7211239,46.4944416],[30.7210766,46.4944888],[30.720479,46.4949578],[30.7204135,46.4949996],[30.7203489,46.4950234],[30.7202774,46.4950366],[30.7202112,46.4950396],[30.7201424,46.4950301],[30.7200809,46.4950105],[30.7200225,46.4949695],[30.7199869,46.4949254],[30.719969,46.494895],[30.7199514,46.4948667],[30.7199401,46.4948443],[30.7199327,46.4948212],[30.719918,46.4947296],[30.7197971,46.4940236],[30.7196591,46.493538],[30.719507,46.4930628],[30.7191915,46.4920875],[30.718689,46.4905341],[30.71881,46.4891582],[30.718824,46.4890168],[30.7195033,46.4871733],[30.7196926,46.4865351],[30.7197373,46.4863843],[30.7198554,46.4860122],[30.719975,46.4856355],[30.7203615,46.4844383],[30.7204083,46.4842788],[30.721421,46.48133],[30.7214437,46.4812663],[30.7214805,46.481169],[30.7214928,46.4811364],[30.7215036,46.4811073],[30.7219131,46.4798326],[30.7223048,46.4786121],[30.7223168,46.4785767],[30.7224098,46.4782859]]}},{"type":"Feature","properties":{"way_id":109126727,"route_colors":[],"route_refs":["28"]},"geometry":{"type":"LineString","coordinates":[[30.7224098,46.4782859],[30.7228084,46.477081],[30.7232154,46.4758505],[30.7232539,46.4757511],[30.7232807,46.4757012],[30.7233196,46.4756537],[30.723423,46.4755642],[30.7234633,46.4755336],[30.7235096,46.4754992]]}},{"type":"Feature","properties":{"way_id":109070074,"route_colors":[],"route_refs":["28"]},"geometry":{"type":"LineString","coordinates":[[30.7525745,46.4686695],[30.7526481,46.4686766],[30.7526926,46.4686903],[30.7527137,46.4686979],[30.7527403,46.4687065],[30.752778,46.468746],[30.7528182,46.4688191],[30.7528394,46.4688614]]}},{"type":"Feature","properties":{"way_id":109081797,"route_colors":[],"route_refs":["28"]},"geometry":{"type":"LineString","coordinates":[[30.7528394,46.4688614],[30.7529565,46.4693586],[30.7530038,46.4695571],[30.7531636,46.4702293],[30.7535172,46.4716779],[30.7536747,46.4723239],[30.7537289,46.4724099],[30.7537946,46.4724688],[30.753989,46.4726479],[30.7542791,46.4729126],[30.754457,46.4730597],[30.7545671,46.4731642],[30.7545888,46.4732029],[30.7546152,46.4732455],[30.7546609,46.4733129],[30.7549171,46.4735494]]}},{"type":"Feature","properties":{"way_id":537966755,"route_colors":[],"route_refs":["28"]},"geometry":{"type":"LineString","coordinates":[[30.7211745,46.4939082],[30.7212563,46.4940624]]}},{"type":"Feature","properties":{"way_id":537966754,"route_colors":[],"route_refs":["28"]},"geometry":{"type":"LineString","coordinates":[[30.719503,46.493121],[30.7194502,46.4929713],[30.7194384,46.4929733],[30.7194912,46.4931229],[30.719503,46.493121]]}},{"type":"Feature","properties":{"way_id":537966752,"route_colors":[],"route_refs":["28"]},"geometry":{"type":"LineString","coordinates":[[30.7187761,46.4892203],[30.7187852,46.4890934],[30.7187912,46.4890936],[30.7187822,46.4892205],[30.7187761,46.4892203]]}},{"type":"Feature","properties":{"way_id":537966750,"route_colors":[],"route_refs":["28"]},"geometry":{"type":"LineString","coordinates":[[30.7203057,46.4845033],[30.7203491,46.4843696],[30.7203601,46.4843713],[30.7203167,46.484505],[30.7203057,46.4845033]]}},{"type":"Feature","properties":{"way_id":537966748,"route_colors":[],"route_refs":["28"]},"geometry":{"type":"LineString","coordinates":[[30.7213333,46.4814159],[30.7213664,46.4813299],[30.7213779,46.4813319],[30.7213448,46.481418],[30.7213333,46.4814159]]}},{"type":"Feature","properties":{"way_id":537966746,"route_colors":[],"route_refs":["28"]},"geometry":{"type":"LineString","coordinates":[[30.7221586,46.4787822],[30.7222101,46.4786211],[30.7221993,46.4786195],[30.7221478,46.4787806],[30.7221586,46.4787822]]}},{"type":"Feature","properties":{"way_id":537966744,"route_colors":[],"route_refs":["28"]},"geometry":{"type":"LineString","coordinates":[[30.7232072,46.4758215],[30.7232136,46.4758223],[30.723199,46.4758765],[30.7231926,46.4758756],[30.7232072,46.4758215]]}},{"type":"Feature","properties":{"way_id":537966724,"route_colors":[],"route_refs":["28"]},"geometry":{"type":"LineString","coordinates":[[30.7521486,46.4686706],[30.7524799,46.4686456]]}},{"type":"Feature","properties":{"way_id":537966721,"route_colors":[],"route_refs":["28"]},"geometry":{"type":"LineString","coordinates":[[30.7548831,46.4734809],[30.7550186,46.4736047]]}},{"type":"Feature","properties":{"way_id":537966703,"route_colors":[],"route_refs":["28"]},"geometry":{"type":"LineString","coordinates":[[30.7548867,46.4745223],[30.7545642,46.4745423],[30.7545059,46.4745395],[30.7544463,46.4745313],[30.7543855,46.4745123],[30.7543242,46.4744775],[30.7542393,46.4744271]]}},{"type":"Feature","properties":{"way_id":368131229,"route_colors":[],"route_refs":["28"]},"geometry":{"type":"LineString","coordinates":[[30.7542393,46.4744271],[30.7542356,46.4743776],[30.7542335,46.4743636],[30.7542225,46.4743031],[30.7541467,46.473963],[30.7539588,46.4731808],[30.753947,46.4731351]]}},{"type":"Feature","properties":{"way_id":109081790,"route_colors":[],"route_refs":["28"]},"geometry":{"type":"LineString","coordinates":[[30.753947,46.4731351],[30.7539171,46.473096],[30.7538223,46.4729718],[30.7537781,46.4729277],[30.7536786,46.472524],[30.7536718,46.4724966],[30.753509,46.4718062],[30.7534755,46.4716711],[30.7531181,46.4702325],[30.7529553,46.4695594],[30.7529074,46.4693621],[30.7528855,46.4692719],[30.7528033,46.4688645]]}},{"type":"Feature","properties":{"way_id":109070079,"route_colors":[],"route_refs":["28"]},"geometry":{"type":"LineString","coordinates":[[30.7528033,46.4688645],[30.7527626,46.4687797],[30.7527218,46.468739],[30.7526765,46.4687195],[30.7525838,46.468709]]}},{"type":"Feature","properties":{"way_id":109087890,"route_colors":[],"route_refs":["28"]},"geometry":{"type":"LineString","coordinates":[[30.7234997,46.4755515],[30.7233585,46.4756728],[30.7233199,46.4757181],[30.7232959,46.4757684],[30.7232722,46.4758575],[30.7232302,46.4759836],[30.7231583,46.4761997],[30.7230906,46.4764033],[30.7230299,46.4765858],[30.7229745,46.4767525],[30.7229117,46.4769413],[30.7228451,46.4771414],[30.7227754,46.4773511],[30.7227141,46.4775352],[30.7226424,46.4777507],[30.7224329,46.4783807],[30.7223555,46.4786171],[30.7222206,46.4790371],[30.7220575,46.4795348],[30.7216326,46.480918],[30.7215703,46.4811075],[30.7215602,46.4811395],[30.721551,46.4811689],[30.7211851,46.4821459],[30.7210632,46.4824706],[30.7205558,46.4840725],[30.7204982,46.4843188],[30.7201297,46.4854433],[30.7200698,46.485589],[30.7198173,46.4863817],[30.7195967,46.487132],[30.7194875,46.4874477],[30.7194369,46.4875938],[30.7193943,46.4877169],[30.7192188,46.4882241],[30.7191832,46.488327],[30.7191096,46.4885398],[30.7190116,46.4888229],[30.7189428,46.4890166],[30.718792,46.4905183],[30.7187969,46.4905344],[30.7189754,46.4911206],[30.7192664,46.4920766],[30.7193401,46.4923187],[30.7194119,46.4925547],[30.7194848,46.4927941],[30.7195289,46.4929389],[30.7195377,46.4929677],[30.7196918,46.493474],[30.7197129,46.4935201],[30.7197543,46.4935611],[30.7198136,46.4935892],[30.7198895,46.4936029],[30.7199608,46.4936],[30.720034,46.4935835],[30.7200969,46.4935633],[30.7203475,46.4933783],[30.7203715,46.4933627],[30.7204222,46.4933299],[30.7204356,46.4933265],[30.7205047,46.493309],[30.7205917,46.4933049],[30.7206791,46.4933153],[30.7207505,46.4933417],[30.7207991,46.493378],[30.7208445,46.4934484],[30.7211475,46.4940284]]}},{"type":"Feature","properties":{"way_id":537966720,"route_colors":[],"route_refs":["28"]},"geometry":{"type":"LineString","coordinates":[[30.7550038,46.4745426],[30.7548577,46.4745514]]}},{"type":"Feature","properties":{"way_id":537966722,"route_colors":[],"route_refs":["28"]},"geometry":{"type":"LineString","coordinates":[[30.7534951,46.4718785],[30.753471,46.4717575]]}},{"type":"Feature","properties":{"way_id":537966723,"route_colors":[],"route_refs":["28"]},"geometry":{"type":"LineString","coordinates":[[30.7528742,46.4693282],[30.7528447,46.4691971]]}},{"type":"Feature","properties":{"way_id":537966727,"route_colors":[],"route_refs":["28"]},"geometry":{"type":"LineString","coordinates":[[30.742892,46.4694255],[30.7426746,46.4694416],[30.7426768,46.4694554],[30.7428941,46.4694393],[30.742892,46.4694255]]}},{"type":"Feature","properties":{"way_id":537966743,"route_colors":[],"route_refs":["28"]},"geometry":{"type":"LineString","coordinates":[[30.7232909,46.4758836],[30.7232981,46.4758849],[30.723323,46.4758172],[30.7233157,46.4758159],[30.7232909,46.4758836]]}},{"type":"Feature","properties":{"way_id":537966745,"route_colors":[],"route_refs":["28"]},"geometry":{"type":"LineString","coordinates":[[30.7224798,46.4783061],[30.7224891,46.4783077],[30.7225394,46.478168],[30.7225301,46.4781664],[30.7224798,46.4783061]]}},{"type":"Feature","properties":{"way_id":537966747,"route_colors":[],"route_refs":["28"]},"geometry":{"type":"LineString","coordinates":[[30.7216748,46.4808818],[30.7216459,46.480962],[30.7216511,46.4809629],[30.72168,46.4808827],[30.7216748,46.4808818]]}},{"type":"Feature","properties":{"way_id":537966749,"route_colors":[],"route_refs":["28"]},"geometry":{"type":"LineString","coordinates":[[30.7206745,46.4839989],[30.720624,46.4841597],[30.7206077,46.4841573],[30.7206582,46.4839965],[30.7206745,46.4839989]]}},{"type":"Feature","properties":{"way_id":537966751,"route_colors":[],"route_refs":["28"]},"geometry":{"type":"LineString","coordinates":[[30.7190341,46.4888836],[30.7190516,46.4888863],[30.7190907,46.4887649],[30.7190732,46.4887622],[30.7190341,46.4888836]]}},{"type":"Feature","properties":{"way_id":537966753,"route_colors":[],"route_refs":["28"]},"geometry":{"type":"LineString","coordinates":[[30.7195276,46.4928801],[30.7195652,46.4929951]]}},{"type":"Feature","properties":{"way_id":537998098,"route_colors":[],"route_refs":["12","15","11"]},"geometry":{"type":"LineString","coordinates":[[30.7297517,46.4686775],[30.7297505,46.4686705],[30.7293557,46.4687011],[30.7293569,46.4687081],[30.7297517,46.4686775]]}},{"type":"Feature","properties":{"way_id":108081258,"route_colors":[],"route_refs":["12","15","11"]},"geometry":{"type":"LineString","coordinates":[[30.7137783,46.4601027],[30.7137293,46.4600802],[30.7136972,46.4600579],[30.7136869,46.4600471],[30.7136652,46.4600244],[30.7136412,46.4599851],[30.7136249,46.4599449],[30.7136088,46.4598664],[30.7136063,46.4597604],[30.7136313,46.4596849],[30.7136602,46.4596285],[30.7137029,46.4595829],[30.7137547,46.4595509],[30.7138284,46.459529],[30.7139066,46.4595159],[30.7142879,46.4595125],[30.7157181,46.4595058],[30.7162029,46.4595026],[30.716303,46.459502],[30.7165178,46.4595019],[30.7166122,46.4595097],[30.7167044,46.4595192]]}},{"type":"Feature","properties":{"way_id":108661001,"route_colors":[],"route_refs":["12","15","11"]},"geometry":{"type":"LineString","coordinates":[[30.7167044,46.4595192],[30.7171792,46.4596193],[30.717415,46.4596715],[30.7176197,46.459722],[30.7176992,46.4597587],[30.7177916,46.4598111],[30.7185105,46.460274],[30.7197659,46.4610856],[30.7198336,46.4611274],[30.7200583,46.4612806],[30.7204071,46.4615025],[30.7204551,46.4615358],[30.7205567,46.461601],[30.7207334,46.461702],[30.7208041,46.4617471],[30.7210794,46.4619186],[30.7213329,46.4620865],[30.7215526,46.4622244],[30.7217877,46.4623752],[30.7220521,46.4625483],[30.7222793,46.4626923],[30.7234892,46.4634601],[30.7238142,46.4636721],[30.724003,46.4637863],[30.7257321,46.4648756],[30.7273528,46.4658967],[30.7274018,46.4659275],[30.7274695,46.4659702],[30.7275425,46.4660467],[30.7276505,46.4661597],[30.7276466,46.4667442],[30.727643,46.4672781],[30.7276426,46.4673455],[30.7276383,46.4679896],[30.7276884,46.4680469],[30.7281405,46.4683587]]}},{"type":"Feature","properties":{"way_id":108661008,"route_colors":[],"route_refs":["12","15","11"]},"geometry":{"type":"LineString","coordinates":[[30.7281405,46.4683587],[30.7286978,46.4687186],[30.7288849,46.468773]]}},{"type":"Feature","properties":{"way_id":108634890,"route_colors":[],"route_refs":["12","15","11"]},"geometry":{"type":"LineString","coordinates":[[30.7288849,46.468773],[30.7296328,46.4687138],[30.7299004,46.4686926]]}},{"type":"Feature","properties":{"way_id":108634887,"route_colors":[],"route_refs":["12","15"]},"geometry":{"type":"LineString","coordinates":[[30.7299004,46.4686926],[30.7301194,46.4687108],[30.730169,46.4687232],[30.7302082,46.4687352],[30.7302586,46.468764],[30.7303731,46.4688561],[30.7304048,46.4688846],[30.7304398,46.4689374]]}},{"type":"Feature","properties":{"way_id":108654654,"route_colors":[],"route_refs":["12","15","7","10"]},"geometry":{"type":"LineString","coordinates":[[30.7304398,46.4689374],[30.7306261,46.4700437],[30.7306409,46.4701824],[30.7306536,46.4702007],[30.730657,46.4702163],[30.7307982,46.4709532],[30.7308042,46.4709932],[30.7309264,46.4718108],[30.7309297,46.4718342],[30.7310933,46.4730007],[30.7311289,46.4732542],[30.7313202,46.474696],[30.7315021,46.4759586],[30.7315308,46.4761572],[30.7316802,46.4772678],[30.7316893,46.4773367],[30.7317748,46.4779818],[30.73181,46.4782518],[30.7318706,46.4787164],[30.7319281,46.4791572],[30.7319381,46.4792342]]}},{"type":"Feature","properties":{"way_id":1097534972,"route_colors":[],"route_refs":["12","15","7"]},"geometry":{"type":"LineString","coordinates":[[30.7319381,46.4792342],[30.7319651,46.4794416],[30.7320083,46.4797728]]}},{"type":"Feature","properties":{"way_id":108654658,"route_colors":[],"route_refs":["12","15","7","21"]},"geometry":{"type":"LineString","coordinates":[[30.7320083,46.4797728],[30.7320472,46.4800273]]}},{"type":"Feature","properties":{"way_id":520226758,"route_colors":[],"route_refs":["12","7"]},"geometry":{"type":"LineString","coordinates":[[30.7320472,46.4800273],[30.7320632,46.4801344],[30.7321781,46.480979],[30.7322632,46.4816048],[30.7323091,46.4819428],[30.7323779,46.48245],[30.7324118,46.4827001],[30.7324178,46.4827424],[30.7324619,46.4830688],[30.732564,46.4838215],[30.732591,46.4840209],[30.7326602,46.4845309],[30.7327037,46.4848382],[30.7327243,46.484984],[30.7327466,46.4851455],[30.7327785,46.4854035],[30.7328005,46.4855436],[30.7329228,46.4863241],[30.7329895,46.4867496],[30.7329986,46.4868075],[30.7330296,46.4870051]]}},{"type":"Feature","properties":{"way_id":107830540,"route_colors":[],"route_refs":["12","7"]},"geometry":{"type":"LineString","coordinates":[[30.7330296,46.4870051],[30.7330363,46.4870638],[30.73309,46.487534],[30.7331129,46.4877341],[30.7332084,46.4885704],[30.7332224,46.4886589],[30.7332135,46.4887033],[30.7332052,46.4887143],[30.7331773,46.4887514],[30.7328139,46.4890654],[30.7324602,46.489371],[30.7322496,46.4895529],[30.7317659,46.4899709],[30.7314657,46.4902303],[30.7314366,46.4902554],[30.7312106,46.4904507],[30.7309895,46.4906336],[30.730525,46.4910324],[30.7303116,46.4912156],[30.7299779,46.4915021],[30.7293658,46.4920277],[30.7291177,46.4922407],[30.7289495,46.4923851],[30.7283466,46.4928775],[30.7282314,46.4929716],[30.7282204,46.4929836],[30.7279733,46.4931831],[30.7277577,46.4933651],[30.7277317,46.4933947],[30.7276856,46.493469],[30.7276457,46.493564],[30.7275475,46.4937097],[30.7247246,46.4960303],[30.7238223,46.4967181],[30.7235193,46.4969023],[30.7234765,46.4969241]]}},{"type":"Feature","properties":{"way_id":1097438134,"route_colors":[],"route_refs":["12"]},"geometry":{"type":"LineString","coordinates":[[30.7234765,46.4969241],[30.7234103,46.496945],[30.7233662,46.4969547],[30.723329,46.4969608],[30.7232634,46.4969644],[30.7232188,46.4969662],[30.7231304,46.4969684],[30.7229553,46.4969708],[30.7228645,46.4969731],[30.7226665,46.496978]]}},{"type":"Feature","properties":{"way_id":303458768,"route_colors":[],"route_refs":["12"]},"geometry":{"type":"LineString","coordinates":[[30.7226665,46.496978],[30.7224235,46.4969812],[30.7222255,46.4969863],[30.7216432,46.4969974],[30.7213846,46.4970038],[30.7211022,46.497022],[30.7209215,46.4970415],[30.7206606,46.497073],[30.720595,46.4970814],[30.720404,46.4971014],[30.720267,46.497114],[30.7201372,46.4971157],[30.7200013,46.4971114],[30.7198895,46.4971078]]}},{"type":"Feature","properties":{"way_id":539243270,"route_colors":[],"route_refs":["12"]},"geometry":{"type":"LineString","coordinates":[[30.7198895,46.4971078],[30.7197573,46.4971036],[30.7196788,46.4970979],[30.71944,46.4970623]]}},{"type":"Feature","properties":{"way_id":217857358,"route_colors":[],"route_refs":["12"]},"geometry":{"type":"LineString","coordinates":[[30.71944,46.4970623],[30.719033,46.497005]]}},{"type":"Feature","properties":{"way_id":303458772,"route_colors":[],"route_refs":["12"]},"geometry":{"type":"LineString","coordinates":[[30.719033,46.497005],[30.7189463,46.4969923]]}},{"type":"Feature","properties":{"way_id":108631984,"route_colors":[],"route_refs":["12"]},"geometry":{"type":"LineString","coordinates":[[30.7189463,46.4969923],[30.7187524,46.496962],[30.7185699,46.4969186],[30.7184187,46.4968732]]}},{"type":"Feature","properties":{"way_id":303458777,"route_colors":[],"route_refs":["12","20"]},"geometry":{"type":"LineString","coordinates":[[30.7184187,46.4968732],[30.7183128,46.4968435]]}},{"type":"Feature","properties":{"way_id":217857360,"route_colors":[],"route_refs":["12","20"]},"geometry":{"type":"LineString","coordinates":[[30.7183128,46.4968435],[30.7182192,46.4968179],[30.7181819,46.4968037],[30.7181446,46.4967864],[30.7180907,46.4967505],[30.7177502,46.4965067],[30.7177224,46.4964834],[30.7176977,46.496459],[30.7176489,46.4963762]]}},{"type":"Feature","properties":{"way_id":303458778,"route_colors":[],"route_refs":["12","20"]},"geometry":{"type":"LineString","coordinates":[[30.7176489,46.4963762],[30.7176101,46.4963168],[30.7175837,46.4962687]]}},{"type":"Feature","properties":{"way_id":107830543,"route_colors":[],"route_refs":["12"]},"geometry":{"type":"LineString","coordinates":[[30.7175837,46.4962687],[30.7174898,46.49613],[30.7174663,46.4961027],[30.7174334,46.496076],[30.7173994,46.4960566],[30.7173411,46.4960299],[30.7172988,46.4960115],[30.7172249,46.4959707],[30.7171858,46.4959403],[30.7171626,46.4959128],[30.7171257,46.4958575],[30.7170648,46.4957526],[30.7170226,46.4956896],[30.7169768,46.4956291],[30.7169205,46.4955599],[30.7164927,46.4951222],[30.7159737,46.494632],[30.7154775,46.4941556],[30.7149987,46.4937078],[30.7146353,46.4933487],[30.7142705,46.4930126],[30.7139757,46.4926851],[30.7139154,46.4926135],[30.7138145,46.4924937],[30.7136043,46.4922322],[30.7133934,46.4918844],[30.7132043,46.4914864],[30.7129033,46.490683],[30.7125874,46.4898955],[30.7124224,46.4895761],[30.712232,46.4892474],[30.7120563,46.4890267],[30.7118337,46.4887931],[30.7116245,46.4885586],[30.7114188,46.4883516],[30.711206,46.4881283],[30.7107513,46.487664],[30.7101545,46.4870442],[30.7096469,46.486534],[30.7093737,46.4862505],[30.7090947,46.4859379],[30.7088639,46.4855704],[30.7087221,46.4852961],[30.7085793,46.4848777],[30.7085198,46.4845109],[30.7085112,46.4844343],[30.7084879,46.4843493],[30.708456,46.4843119],[30.7084211,46.4842862],[30.7083664,46.4842546],[30.7083275,46.4842376],[30.7082885,46.4842313],[30.7082326,46.4842278],[30.7081781,46.4842385],[30.7080829,46.484285]]}},{"type":"Feature","properties":{"way_id":109267603,"route_colors":[],"route_refs":["12","15"]},"geometry":{"type":"LineString","coordinates":[[30.7080829,46.484285],[30.707975,46.4844045],[30.7079388,46.4844415],[30.7078884,46.4844767],[30.7078512,46.4844914],[30.7077867,46.4845073],[30.7077479,46.4845154],[30.7076455,46.4845137],[30.707501,46.484528],[30.70727,46.4845858],[30.7068905,46.4847402],[30.7061108,46.4850385],[30.7053087,46.4853439],[30.7045455,46.4856729],[30.7045204,46.4856835],[30.701229,46.4869698],[30.699528,46.4876346],[30.6993547,46.4877014],[30.6993327,46.4877099],[30.6992912,46.4877162],[30.699208,46.4877171],[30.6991655,46.4877176],[30.6991226,46.487708],[30.6989469,46.4876582],[30.6985028,46.4874941],[30.6978923,46.487269],[30.6972668,46.4870497],[30.6969748,46.4869473]]}},{"type":"Feature","properties":{"way_id":109229639,"route_colors":[],"route_refs":["12","15"]},"geometry":{"type":"LineString","coordinates":[[30.6969748,46.4869473],[30.6968884,46.4869344],[30.6968214,46.486938],[30.6965183,46.4870747],[30.6963117,46.4871513],[30.6949478,46.4872418],[30.694744,46.487312],[30.6946622,46.4874044],[30.6946112,46.487481],[30.6945938,46.4876066],[30.6946762,46.4880306],[30.6947411,46.4883545],[30.6947652,46.4884745],[30.6949584,46.4894602],[30.6951989,46.4906876],[30.6952214,46.4908022],[30.6953014,46.4912591],[30.695334,46.4913469],[30.6953663,46.4914421],[30.6954525,46.491546],[30.6955577,46.4916063],[30.6956583,46.4916562],[30.6957669,46.4916905],[30.6963927,46.4918879],[30.6970252,46.4920875],[30.6976829,46.4922951],[30.6983358,46.4925011],[30.6989692,46.492701],[30.6995936,46.492898],[30.7002095,46.4930924],[30.7006251,46.4932235],[30.7008488,46.493296],[30.7014919,46.4935044],[30.7021238,46.4937092],[30.7021471,46.4937168],[30.7022461,46.4937651],[30.7023653,46.493844],[30.7024665,46.493911],[30.7025318,46.4939359],[30.7025935,46.4939479],[30.7026297,46.4939433],[30.702647,46.4939364],[30.7026739,46.4939257],[30.7027481,46.493847],[30.7027909,46.4937918],[30.7029906,46.4934895],[30.7030624,46.4933807],[30.7031366,46.4932684],[30.703197,46.493237],[30.7032126,46.4932328],[30.7032694,46.4932176],[30.7032878,46.4932132],[30.7033311,46.4932028],[30.7034098,46.4932023],[30.7037392,46.4932545],[30.7038075,46.4932361],[30.7038495,46.4932118],[30.7038874,46.4931817],[30.7039889,46.4930004]]}},{"type":"Feature","properties":{"way_id":537998102,"route_colors":[],"route_refs":["12","15","11"]},"geometry":{"type":"LineString","coordinates":[[30.7294772,46.4687896],[30.7294789,46.4687974],[30.7298347,46.4687587],[30.7298329,46.4687509],[30.7294772,46.4687896]]}},{"type":"Feature","properties":{"way_id":109229640,"route_colors":[],"route_refs":["12","15"]},"geometry":{"type":"LineString","coordinates":[[30.7039889,46.4930004],[30.7043065,46.4924963],[30.7044369,46.4922],[30.7044406,46.4920874],[30.704397,46.4920223],[30.703796,46.491299],[30.7037691,46.4912649],[30.7037432,46.491232],[30.7037079,46.4911873],[30.7035825,46.4911011],[30.7031553,46.4909712],[30.702614,46.4908067],[30.702526,46.4907793],[30.7018638,46.4905734],[30.7012383,46.4903788],[30.7006103,46.4901835],[30.6999955,46.4899923],[30.699335,46.4897869],[30.6990274,46.4896912],[30.6987485,46.4896065],[30.6986688,46.4895962],[30.6984037,46.4895619],[30.6982557,46.4895428],[30.6981922,46.4895189],[30.6981275,46.4894901],[30.6980855,46.4894684],[30.6980646,46.4894457],[30.6980547,46.4894047],[30.6980583,46.4893694],[30.6980594,46.4893585],[30.69811,46.4892641],[30.6985051,46.488619],[30.6989443,46.487981],[30.6990517,46.4878283],[30.6991154,46.4877663],[30.69912,46.4877573],[30.6991488,46.4877441],[30.6991817,46.4877308],[30.699208,46.4877171],[30.6993077,46.4876864],[30.6993314,46.4876791]]}},{"type":"Feature","properties":{"way_id":109267606,"route_colors":[],"route_refs":["12","15"]},"geometry":{"type":"LineString","coordinates":[[30.6993314,46.4876791],[30.6993423,46.4876746],[30.6997996,46.4874931],[30.7012044,46.4869421],[30.7038453,46.4859257],[30.7045015,46.4856621],[30.7052976,46.4853221],[30.70612,46.4849965],[30.706443,46.4848806],[30.706905,46.4846954],[30.7073109,46.4845397],[30.7074737,46.4845067],[30.7075471,46.4844916],[30.7076079,46.4844871],[30.7076611,46.4844867],[30.7077116,46.4844873],[30.7077604,46.4844854],[30.7078079,46.4844772],[30.7078634,46.4844555],[30.7078957,46.4844336],[30.7079369,46.4843989],[30.7080725,46.4842576],[30.7080991,46.4842205]]}},{"type":"Feature","properties":{"way_id":108627368,"route_colors":[],"route_refs":["12"]},"geometry":{"type":"LineString","coordinates":[[30.7080991,46.4842205],[30.7081571,46.4841929],[30.7082263,46.4841849],[30.7082732,46.4841881],[30.7083071,46.4841925],[30.7083543,46.4842023],[30.7083978,46.4842119],[30.7084918,46.4842545],[30.7085411,46.4843028],[30.7085697,46.4843663],[30.7085866,46.4844316],[30.7086717,46.484868],[30.7087223,46.4850682],[30.7087899,46.4852699],[30.7089103,46.4855484],[30.7091614,46.4859273],[30.7094175,46.4862219],[30.7096936,46.4865054],[30.7101976,46.4870209],[30.7107972,46.4876404],[30.7112487,46.4881108],[30.7114515,46.4883134],[30.7114665,46.488329],[30.7121073,46.4890082],[30.7123165,46.4892797],[30.7124747,46.4895613],[30.7126451,46.4898808],[30.7129548,46.4906711],[30.71327,46.491479],[30.7134564,46.4918742],[30.713557,46.4920441],[30.7136637,46.4922139],[30.7138614,46.4924697],[30.713968,46.4925904],[30.7140425,46.4926747],[30.7143214,46.492996],[30.7146835,46.4933302],[30.7150483,46.4936847],[30.7155217,46.4941325],[30.7160166,46.4946089],[30.7165503,46.4951001],[30.7169808,46.4955548],[30.7170613,46.4956665],[30.7171329,46.4957801],[30.7171751,46.4958536],[30.7171987,46.4958875],[30.7172288,46.4959182],[30.7172567,46.4959414],[30.7172887,46.4959639],[30.7173193,46.49598],[30.7174558,46.4960523]]}},{"type":"Feature","properties":{"way_id":303458783,"route_colors":[],"route_refs":["12","20"]},"geometry":{"type":"LineString","coordinates":[[30.7174558,46.4960523],[30.7174974,46.4960744]]}},{"type":"Feature","properties":{"way_id":539243271,"route_colors":[],"route_refs":["12","20"]},"geometry":{"type":"LineString","coordinates":[[30.7174974,46.4960744],[30.7182458,46.496407]]}},{"type":"Feature","properties":{"way_id":217857359,"route_colors":[],"route_refs":["12","20"]},"geometry":{"type":"LineString","coordinates":[[30.7182458,46.496407],[30.7183275,46.4964398],[30.7184016,46.4964641],[30.7185328,46.4965032]]}},{"type":"Feature","properties":{"way_id":108631981,"route_colors":[],"route_refs":["12","20"]},"geometry":{"type":"LineString","coordinates":[[30.7185328,46.4965032],[30.7186017,46.4965178]]}},{"type":"Feature","properties":{"way_id":217857357,"route_colors":[],"route_refs":["12"]},"geometry":{"type":"LineString","coordinates":[[30.7186017,46.4965178],[30.7187457,46.4965604],[30.7191352,46.4966721]]}},{"type":"Feature","properties":{"way_id":303458770,"route_colors":[],"route_refs":["12"]},"geometry":{"type":"LineString","coordinates":[[30.7191352,46.4966721],[30.7191894,46.496692],[30.7192296,46.4967132],[30.7192739,46.4967448],[30.7193183,46.4967806]]}},{"type":"Feature","properties":{"way_id":217857361,"route_colors":[],"route_refs":["12"]},"geometry":{"type":"LineString","coordinates":[[30.7193183,46.4967806],[30.7194217,46.4968406],[30.7195229,46.4968903],[30.7197888,46.497]]}},{"type":"Feature","properties":{"way_id":539243269,"route_colors":[],"route_refs":["12"]},"geometry":{"type":"LineString","coordinates":[[30.7197888,46.497],[30.7199337,46.4970569],[30.7199805,46.4970698],[30.7200574,46.4970827]]}},{"type":"Feature","properties":{"way_id":109158164,"route_colors":[],"route_refs":["12"]},"geometry":{"type":"LineString","coordinates":[[30.7200574,46.4970827],[30.7200923,46.4970825],[30.7202035,46.4970829],[30.7203049,46.4970764],[30.7204584,46.4970646],[30.7206386,46.4970431],[30.7208614,46.4970179],[30.7210919,46.4969967],[30.7213892,46.496977],[30.7216744,46.4969666],[30.7221546,46.4969561],[30.7224118,46.4969515],[30.7227075,46.4969455]]}},{"type":"Feature","properties":{"way_id":1097438135,"route_colors":[],"route_refs":["12"]},"geometry":{"type":"LineString","coordinates":[[30.7227075,46.4969455],[30.7229569,46.4969444],[30.7230698,46.4969419],[30.7231543,46.496941],[30.7232569,46.4969397],[30.7233148,46.4969344],[30.7233538,46.4969295],[30.7233933,46.4969206],[30.7234545,46.4968959]]}},{"type":"Feature","properties":{"way_id":107830541,"route_colors":[],"route_refs":["12","7"]},"geometry":{"type":"LineString","coordinates":[[30.7234545,46.4968959],[30.7234996,46.4968723],[30.7238031,46.496699],[30.7246896,46.4959849],[30.7275013,46.4936871],[30.7275675,46.4936001],[30.7276106,46.4935068],[30.727634,46.4934478],[30.7276899,46.4933724],[30.7278934,46.4931989],[30.728043,46.4930712],[30.7282502,46.4928912],[30.7284165,46.4927606],[30.7295074,46.4917754],[30.7298018,46.4915377],[30.7301558,46.4912519],[30.730373,46.4910765],[30.7307052,46.4908083],[30.7307514,46.490771],[30.7309506,46.4906101],[30.7316289,46.4900311],[30.731988,46.4897246],[30.7321936,46.4895491],[30.7324636,46.4893186],[30.7328401,46.4889973],[30.7331423,46.4887393],[30.7331566,46.4887271],[30.733187,46.4886625],[30.7331685,46.4885715]]}},{"type":"Feature","properties":{"way_id":108637555,"route_colors":[],"route_refs":["12","7"]},"geometry":{"type":"LineString","coordinates":[[30.7331685,46.4885715],[30.7331112,46.4881655],[30.7330429,46.4876814],[30.7329904,46.4873092],[30.7329509,46.4870098],[30.7328973,46.4866034],[30.7328388,46.4861604],[30.7327422,46.4854286],[30.7327069,46.4851659],[30.7326677,46.4848711],[30.7326213,46.4845338],[30.7324223,46.4830715],[30.7323623,46.482685],[30.7323299,46.4824525],[30.7322235,46.481607],[30.7321548,46.4810983],[30.7321329,46.4809326],[30.7320669,46.4804168]]}},{"type":"Feature","properties":{"way_id":108654656,"route_colors":[],"route_refs":["12","7"]},"geometry":{"type":"LineString","coordinates":[[30.7320669,46.4804168],[30.7320551,46.4803449],[30.7320228,46.4801367],[30.7320146,46.4800767],[30.7319979,46.4799719],[30.7319829,46.4798343],[30.7319655,46.4797115],[30.7319262,46.4793956]]}},{"type":"Feature","properties":{"way_id":539112997,"route_colors":[],"route_refs":["12","15","7"]},"geometry":{"type":"LineString","coordinates":[[30.7319262,46.4793956],[30.7319237,46.4793798],[30.7318836,46.4791256],[30.7318372,46.4787897],[30.7318256,46.4787061]]}},{"type":"Feature","properties":{"way_id":108634895,"route_colors":[],"route_refs":["12","15","7","10"]},"geometry":{"type":"LineString","coordinates":[[30.7318256,46.4787061],[30.7317695,46.4783052],[30.7316462,46.4774247],[30.7314919,46.4763228],[30.7314691,46.4761618],[30.7313721,46.4754525],[30.7312692,46.4746991],[30.731213,46.4742864],[30.7311666,46.4739456],[30.7311022,46.4734722],[30.7310721,46.4732578],[30.7308745,46.47184],[30.7307585,46.4709596],[30.7306381,46.4703598],[30.7306092,46.4702194],[30.7306057,46.4702039],[30.7306104,46.4701857],[30.7306001,46.4701769],[30.7303924,46.4689476]]}},{"type":"Feature","properties":{"way_id":108634891,"route_colors":[],"route_refs":["12","15"]},"geometry":{"type":"LineString","coordinates":[[30.7303924,46.4689476],[30.7303726,46.4689201],[30.7303507,46.4688895],[30.7302104,46.4687811],[30.7300918,46.4687431],[30.730016,46.4687317],[30.7298836,46.468727]]}},{"type":"Feature","properties":{"way_id":108661003,"route_colors":[],"route_refs":["12","15","11"]},"geometry":{"type":"LineString","coordinates":[[30.7298836,46.468727],[30.7296954,46.4687436],[30.7289705,46.4688077],[30.7288514,46.4688182]]}},{"type":"Feature","properties":{"way_id":108661009,"route_colors":[],"route_refs":["12","15","11"]},"geometry":{"type":"LineString","coordinates":[[30.7288514,46.4688182],[30.7287001,46.4687815],[30.7286832,46.4687774],[30.7286097,46.4687596],[30.7281827,46.4684716],[30.7281575,46.4684546],[30.7281079,46.4684212]]}},{"type":"Feature","properties":{"way_id":108660999,"route_colors":[],"route_refs":["12","15","11"]},"geometry":{"type":"LineString","coordinates":[[30.7281079,46.4684212],[30.7275606,46.4681136],[30.7275117,46.4680776],[30.727501,46.4680615],[30.7274715,46.4680174],[30.7274637,46.4679646],[30.7274633,46.4679398],[30.7274454,46.4666858],[30.7274495,46.4662323],[30.7273919,46.4661348],[30.7273471,46.466079],[30.7273141,46.466038],[30.7269864,46.4658225],[30.7269418,46.4657946],[30.7243061,46.4641447],[30.7240248,46.4639686],[30.7238801,46.4638746],[30.7218862,46.4625919],[30.7216167,46.4624196],[30.7213474,46.4622503],[30.7211992,46.4621569],[30.7206747,46.4618173],[30.7204478,46.4616685],[30.72034,46.4616008],[30.7201412,46.4614755],[30.719859,46.4612929],[30.7187691,46.4605979],[30.7180435,46.4601413],[30.7176445,46.459877],[30.7174113,46.4597282],[30.7173745,46.4597047],[30.717364,46.4596979],[30.7173063,46.4596802],[30.7166971,46.4595554],[30.7166065,46.459544],[30.7165159,46.459535],[30.716469,46.4595354],[30.7161979,46.4595379],[30.7149729,46.4595412],[30.714879,46.459556],[30.714792,46.4595853],[30.7147224,46.4596309],[30.7146755,46.4596849],[30.714661,46.4597103],[30.7146049,46.4598221],[30.7144899,46.460017],[30.714463,46.460045],[30.7144199,46.4600741],[30.7143806,46.4600942],[30.7143297,46.4601125],[30.714278,46.4601243],[30.7142252,46.4601294],[30.7139779,46.4601281],[30.7138873,46.4601252],[30.7138227,46.4601162],[30.7137783,46.4601027]]}},{"type":"Feature","properties":{"way_id":108637563,"route_colors":[],"route_refs":["15","21"]},"geometry":{"type":"LineString","coordinates":[[30.7320472,46.4800273],[30.7320328,46.4800551],[30.7320146,46.4800767],[30.7319984,46.4800947],[30.7319778,46.4801108],[30.731955,46.4801229],[30.7319274,46.4801344],[30.7318978,46.4801434],[30.7318579,46.4801499],[30.731827,46.4801523],[30.7317877,46.4801507],[30.7317568,46.4801465],[30.7317263,46.480139],[30.7316928,46.4801283]]}},{"type":"Feature","properties":{"way_id":108654657,"route_colors":[],"route_refs":["15","21"]},"geometry":{"type":"LineString","coordinates":[[30.7316928,46.4801283],[30.7315384,46.4800379]]}},{"type":"Feature","properties":{"way_id":108637551,"route_colors":[],"route_refs":["15"]},"geometry":{"type":"LineString","coordinates":[[30.7315384,46.4800379],[30.7314911,46.4800283],[30.7314547,46.4800229],[30.7314206,46.4800209],[30.7313853,46.4800218],[30.7313445,46.4800259],[30.7313085,46.480034],[30.7312759,46.4800446],[30.7311462,46.4801363],[30.7310309,46.4802333]]}},{"type":"Feature","properties":{"way_id":539311558,"route_colors":[],"route_refs":["15"]},"geometry":{"type":"LineString","coordinates":[[30.7310309,46.4802333],[30.730303,46.4807999],[30.730096,46.4809749],[30.7297843,46.4812198],[30.7295312,46.4814174],[30.7289653,46.4818714],[30.7286981,46.4820927],[30.7286453,46.4821342],[30.7284619,46.482287],[30.7284027,46.4823356],[30.7283388,46.4823901],[30.7280844,46.4825907],[30.7277903,46.4828176],[30.7275789,46.4829927],[30.7274829,46.4830684],[30.7261993,46.4840852]]}},{"type":"Feature","properties":{"way_id":867112889,"route_colors":[],"route_refs":["15"]},"geometry":{"type":"LineString","coordinates":[[30.7261993,46.4840852],[30.7261714,46.4840999],[30.7261526,46.4841056],[30.7261375,46.4841072],[30.7261043,46.4841027],[30.7260836,46.4840948]]}},{"type":"Feature","properties":{"way_id":867112890,"route_colors":[],"route_refs":["15"]},"geometry":{"type":"LineString","coordinates":[[30.7260836,46.4840948],[30.7255658,46.4838],[30.7254366,46.4837253],[30.7251349,46.4835468],[30.7247426,46.4833047]]}},{"type":"Feature","properties":{"way_id":303458782,"route_colors":[],"route_refs":["15"]},"geometry":{"type":"LineString","coordinates":[[30.7247426,46.4833047],[30.7247231,46.4832828],[30.7247083,46.4832489],[30.7247006,46.4832149],[30.7247016,46.4831987],[30.7247144,46.4830009],[30.7247262,46.482715],[30.7247188,46.4826757],[30.7247044,46.4826382],[30.7246789,46.482604],[30.7246413,46.4825694],[30.7246016,46.48254],[30.723497,46.4818609],[30.7226902,46.4814116],[30.72262,46.4813717],[30.7224428,46.4812799],[30.7224041,46.481259],[30.7223452,46.4812347],[30.7222846,46.4812133],[30.7222221,46.4811985],[30.7217923,46.4811468],[30.7217464,46.4811437],[30.7215602,46.4811395],[30.7215283,46.4811379],[30.7214928,46.4811364],[30.7207941,46.4811307],[30.7199262,46.4811352],[30.7192433,46.4811371],[30.718108,46.4811104],[30.7167221,46.4811021],[30.7164915,46.481098],[30.7150731,46.4810725],[30.7133984,46.4810425],[30.7125998,46.48104],[30.7121081,46.4810385],[30.7118203,46.4810376],[30.7116381,46.4810331],[30.7107969,46.4810124],[30.7106736,46.4810207],[30.7105797,46.481037],[30.7105007,46.4810558],[30.7104292,46.4810695],[30.7103656,46.4810925],[30.7103564,46.481099],[30.7103354,46.4811139],[30.7103182,46.4811375],[30.7102774,46.4811883],[30.7101668,46.4813558],[30.7087599,46.4833312],[30.7086957,46.4834213],[30.7085654,46.4836115],[30.7084465,46.4837877],[30.7083129,46.4839757],[30.7081571,46.4841929],[30.708123,46.4842352],[30.7080829,46.484285]]}},{"type":"Feature","properties":{"way_id":108654661,"route_colors":[],"route_refs":["15"]},"geometry":{"type":"LineString","coordinates":[[30.7080991,46.4842205],[30.7083025,46.4839247],[30.7083909,46.4837936],[30.7085581,46.4835553],[30.7087218,46.4833113],[30.7101795,46.4812872],[30.7102908,46.4811211],[30.7102981,46.4811149],[30.7103324,46.4810857],[30.7103452,46.481079],[30.7103816,46.4810597],[30.7104652,46.4810368],[30.7105609,46.4810078],[30.7106347,46.4809949],[30.7107241,46.4809872],[30.7108654,46.480988],[30.7116366,46.4809994],[30.7121078,46.4810064],[30.7122709,46.4810088],[30.7126,46.481012],[30.7134045,46.4810198],[30.7150812,46.4810437],[30.716211,46.4810598],[30.7164998,46.4810628],[30.7175323,46.4810737]]}},{"type":"Feature","properties":{"way_id":940527637,"route_colors":[],"route_refs":["15"]},"geometry":{"type":"LineString","coordinates":[[30.7175323,46.4810737],[30.7181123,46.4810798],[30.7192552,46.4811095],[30.7199357,46.4811069],[30.7208054,46.4811044],[30.7211905,46.4810988],[30.7215036,46.4811073],[30.7215375,46.481107],[30.7215703,46.4811075],[30.7217526,46.481115],[30.7218057,46.4811181],[30.7222495,46.4811766],[30.7223111,46.4811916],[30.7223758,46.4812143],[30.7224188,46.4812366],[30.7227474,46.4814068],[30.7231381,46.4816213],[30.7235303,46.4818344],[30.7246487,46.4825242],[30.7246774,46.482544],[30.7246992,46.4825639],[30.724729,46.482594],[30.7247494,46.4826271],[30.7247628,46.4826578],[30.7247706,46.4826912],[30.7247731,46.4827266],[30.7247563,46.4829663],[30.7247442,46.4831639],[30.7247412,46.4832139],[30.7247425,46.4832389],[30.7247508,46.4832667],[30.724764,46.4832869]]}},{"type":"Feature","properties":{"way_id":867112887,"route_colors":[],"route_refs":["15"]},"geometry":{"type":"LineString","coordinates":[[30.726114,46.4840771],[30.726127,46.4840799],[30.7261427,46.4840803],[30.7261581,46.4840781],[30.7261712,46.4840734],[30.728146,46.4824979],[30.7283041,46.482371],[30.7283721,46.4823164],[30.728432,46.4822691],[30.7286733,46.4820786],[30.7289431,46.4818582],[30.7292154,46.4816327],[30.7295087,46.4814022],[30.7297599,46.4812056],[30.7300644,46.4809578],[30.7302813,46.4807829],[30.7303475,46.4807304],[30.7307624,46.4804014],[30.7311201,46.4801183],[30.731357,46.4799311],[30.7313908,46.4799027],[30.7315004,46.4798079]]}},{"type":"Feature","properties":{"way_id":867112888,"route_colors":[],"route_refs":["15"]},"geometry":{"type":"LineString","coordinates":[[30.724764,46.4832869],[30.7253299,46.4836166],[30.725429,46.483676],[30.7259927,46.4840076],[30.726114,46.4840771]]}},{"type":"Feature","properties":{"way_id":539110424,"route_colors":[],"route_refs":["15","21"]},"geometry":{"type":"LineString","coordinates":[[30.7315004,46.4798079],[30.7315953,46.4797355]]}},{"type":"Feature","properties":{"way_id":539110423,"route_colors":[],"route_refs":["15"]},"geometry":{"type":"LineString","coordinates":[[30.7315953,46.4797355],[30.731688,46.4796639],[30.7317944,46.4795816],[30.7318314,46.4795519],[30.7318629,46.4795216],[30.7318872,46.4794917],[30.7319033,46.4794633],[30.7319156,46.4794328],[30.7319262,46.4793956]]}},{"type":"Feature","properties":{"way_id":486076744,"route_colors":[],"route_refs":["7"]},"geometry":{"type":"LineString","coordinates":[[30.8040568,46.5974642],[30.8041148,46.5974532],[30.8041728,46.5974379],[30.804213,46.5974221],[30.8042483,46.5974023],[30.8042817,46.597375],[30.8043089,46.5973471]]}},{"type":"Feature","properties":{"way_id":537852535,"route_colors":[],"route_refs":["7","1"]},"geometry":{"type":"LineString","coordinates":[[30.801642,46.5953291],[30.8014891,46.5952084]]}},{"type":"Feature","properties":{"way_id":537852533,"route_colors":[],"route_refs":["7","1"]},"geometry":{"type":"LineString","coordinates":[[30.7980089,46.5924697],[30.797852,46.5923416]]}},{"type":"Feature","properties":{"way_id":537852531,"route_colors":[],"route_refs":["7","1"]},"geometry":{"type":"LineString","coordinates":[[30.7940581,46.5892884],[30.7937416,46.5890451]]}},{"type":"Feature","properties":{"way_id":537852529,"route_colors":[],"route_refs":["7","1"]},"geometry":{"type":"LineString","coordinates":[[30.7889391,46.5852368],[30.788734,46.5850764]]}},{"type":"Feature","properties":{"way_id":537852527,"route_colors":[],"route_refs":["7","1"]},"geometry":{"type":"LineString","coordinates":[[30.7847207,46.5815148],[30.7846617,46.5814032]]}},{"type":"Feature","properties":{"way_id":537852516,"route_colors":[],"route_refs":["7","1"]},"geometry":{"type":"LineString","coordinates":[[30.7825756,46.5776026],[30.7825018,46.577469]]}},{"type":"Feature","properties":{"way_id":537852513,"route_colors":[],"route_refs":["7","1"]},"geometry":{"type":"LineString","coordinates":[[30.780918,46.5745882],[30.7808509,46.5744711]]}},{"type":"Feature","properties":{"way_id":537852510,"route_colors":[],"route_refs":["7","1"]},"geometry":{"type":"LineString","coordinates":[[30.7791384,46.5713117],[30.7790203,46.5710932]]}},{"type":"Feature","properties":{"way_id":537852505,"route_colors":[],"route_refs":["7","1"]},"geometry":{"type":"LineString","coordinates":[[30.7760686,46.5656506],[30.7759291,46.5654201]]}},{"type":"Feature","properties":{"way_id":537852500,"route_colors":[],"route_refs":["7","1"]},"geometry":{"type":"LineString","coordinates":[[30.7747127,46.5630624],[30.7746068,46.5628706]]}},{"type":"Feature","properties":{"way_id":537852494,"route_colors":[],"route_refs":["7","1"]},"geometry":{"type":"LineString","coordinates":[[30.7718273,46.5578851],[30.7717354,46.5577021]]}},{"type":"Feature","properties":{"way_id":537852489,"route_colors":[],"route_refs":["7","1","6"]},"geometry":{"type":"LineString","coordinates":[[30.7627206,46.5535447],[30.7625482,46.5534816],[30.7624939,46.5534617]]}},{"type":"Feature","properties":{"way_id":537852487,"route_colors":[],"route_refs":["7","1","6"]},"geometry":{"type":"LineString","coordinates":[[30.7560734,46.5511505],[30.7559802,46.55111],[30.7559252,46.5510878],[30.7558809,46.5510657]]}},{"type":"Feature","properties":{"way_id":537852482,"route_colors":[],"route_refs":["7","1","6"]},"geometry":{"type":"LineString","coordinates":[[30.752048,46.5480442],[30.7518361,46.547868]]}},{"type":"Feature","properties":{"way_id":537852479,"route_colors":[],"route_refs":["7","1","6"]},"geometry":{"type":"LineString","coordinates":[[30.7447028,46.5420468],[30.7444426,46.5418291]]}},{"type":"Feature","properties":{"way_id":537852436,"route_colors":[],"route_refs":["7","1","6"]},"geometry":{"type":"LineString","coordinates":[[30.7429647,46.5405903],[30.7427233,46.5403928]]}},{"type":"Feature","properties":{"way_id":537852454,"route_colors":[],"route_refs":["7","1","6"]},"geometry":{"type":"LineString","coordinates":[[30.7409524,46.5388901],[30.7407841,46.5387494]]}},{"type":"Feature","properties":{"way_id":537852450,"route_colors":[],"route_refs":["7","1","6"]},"geometry":{"type":"LineString","coordinates":[[30.7355994,46.5344712],[30.7358636,46.5346926]]}},{"type":"Feature","properties":{"way_id":537852447,"route_colors":[],"route_refs":["7","1","6"]},"geometry":{"type":"LineString","coordinates":[[30.7325444,46.5317006],[30.7326503,46.5315133]]}},{"type":"Feature","properties":{"way_id":537857123,"route_colors":[],"route_refs":["7","1","6"]},"geometry":{"type":"LineString","coordinates":[[30.7318886,46.5287759],[30.7317451,46.5286172]]}},{"type":"Feature","properties":{"way_id":537857120,"route_colors":[],"route_refs":["7","1","6"]},"geometry":{"type":"LineString","coordinates":[[30.7289328,46.5257882],[30.7288228,46.5255298]]}},{"type":"Feature","properties":{"way_id":537857119,"route_colors":[],"route_refs":["7","1","6"]},"geometry":{"type":"LineString","coordinates":[[30.7274616,46.5219376],[30.7273516,46.5216616]]}},{"type":"Feature","properties":{"way_id":537857117,"route_colors":[],"route_refs":["7","1","6"]},"geometry":{"type":"LineString","coordinates":[[30.726099,46.518309],[30.7260172,46.5181199]]}},{"type":"Feature","properties":{"way_id":537857114,"route_colors":[],"route_refs":["7","1","6"]},"geometry":{"type":"LineString","coordinates":[[30.7238325,46.5113817],[30.7238569,46.5111542]]}},{"type":"Feature","properties":{"way_id":537857111,"route_colors":[],"route_refs":["7","1","6"]},"geometry":{"type":"LineString","coordinates":[[30.7241879,46.5082159],[30.7241987,46.5080147]]}},{"type":"Feature","properties":{"way_id":537857109,"route_colors":[],"route_refs":["7","1","6"]},"geometry":{"type":"LineString","coordinates":[[30.7245246,46.5051809],[30.7245487,46.5049483]]}},{"type":"Feature","properties":{"way_id":537857105,"route_colors":[],"route_refs":["7","1","6"]},"geometry":{"type":"LineString","coordinates":[[30.7243569,46.5007722],[30.7242832,46.5006125]]}},{"type":"Feature","properties":{"way_id":537998094,"route_colors":[],"route_refs":["7","10","11"]},"geometry":{"type":"LineString","coordinates":[[30.7359472,46.4678683],[30.736261,46.4678398],[30.7362588,46.4678282],[30.735945,46.4678567],[30.7359472,46.4678683]]}},{"type":"Feature","properties":{"way_id":537998134,"route_colors":[],"route_refs":["7","11"]},"geometry":{"type":"LineString","coordinates":[[30.7378981,46.4668426],[30.7379825,46.4668574],[30.7384975,46.4668232],[30.7386866,46.4667899],[30.7378981,46.4668426]]}},{"type":"Feature","properties":{"way_id":537998071,"route_colors":[],"route_refs":["7","10","26","13"]},"geometry":{"type":"LineString","coordinates":[[30.7346714,46.4647632],[30.7346322,46.4647202],[30.7345969,46.4646815]]}},{"type":"Feature","properties":{"way_id":537998066,"route_colors":[],"route_refs":["7","10","26","13"]},"geometry":{"type":"LineString","coordinates":[[30.7310262,46.4608279],[30.7308412,46.4606117]]}},{"type":"Feature","properties":{"way_id":537998051,"route_colors":[],"route_refs":["7","26","13"]},"geometry":{"type":"LineString","coordinates":[[30.728572,46.4535921],[30.7285412,46.4534193]]}},{"type":"Feature","properties":{"way_id":537998036,"route_colors":[],"route_refs":["7","26","13"]},"geometry":{"type":"LineString","coordinates":[[30.7281482,46.451211],[30.7281149,46.4510235],[30.7280829,46.4510262],[30.7281162,46.4512137],[30.7281482,46.451211]]}},{"type":"Feature","properties":{"way_id":537998004,"route_colors":[],"route_refs":["7","26","13"]},"geometry":{"type":"LineString","coordinates":[[30.7273099,46.4464364],[30.7272953,46.446362]]}},{"type":"Feature","properties":{"way_id":537998028,"route_colors":[],"route_refs":["7","26","13"]},"geometry":{"type":"LineString","coordinates":[[30.7267327,46.4432374],[30.7266871,46.4430046]]}},{"type":"Feature","properties":{"way_id":537997998,"route_colors":[],"route_refs":["7","26","13"]},"geometry":{"type":"LineString","coordinates":[[30.7259541,46.4386286],[30.72593,46.4384743]]}},{"type":"Feature","properties":{"way_id":537997991,"route_colors":[],"route_refs":["7","26","13"]},"geometry":{"type":"LineString","coordinates":[[30.7271384,46.4343771],[30.7271793,46.4342621]]}},{"type":"Feature","properties":{"way_id":538082807,"route_colors":[],"route_refs":["7","26","13"]},"geometry":{"type":"LineString","coordinates":[[30.7284615,46.4304457],[30.7285125,46.4302809],[30.7284908,46.4302777],[30.7284397,46.4304425],[30.7284615,46.4304457]]}},{"type":"Feature","properties":{"way_id":439815046,"route_colors":[],"route_refs":["7","26","13"]},"geometry":{"type":"LineString","coordinates":[[30.7240066,46.4247325],[30.7240288,46.4246543],[30.7240099,46.4246518],[30.7239876,46.4247299],[30.7240066,46.4247325]]}},{"type":"Feature","properties":{"way_id":439815030,"route_colors":[],"route_refs":["7","26","13"]},"geometry":{"type":"LineString","coordinates":[[30.7250537,46.4216783],[30.7250992,46.4215312]]}},{"type":"Feature","properties":{"way_id":439815038,"route_colors":[],"route_refs":["7","26","13"]},"geometry":{"type":"LineString","coordinates":[[30.726091,46.4177304],[30.7260658,46.4177301],[30.7260672,46.4176814],[30.7260924,46.4176818],[30.726091,46.4177304]]}},{"type":"Feature","properties":{"way_id":439815036,"route_colors":[],"route_refs":["7","26"]},"geometry":{"type":"LineString","coordinates":[[30.7271886,46.4143637],[30.7272101,46.414367],[30.727174,46.4144788],[30.7271524,46.4144755],[30.7271886,46.4143637]]}},{"type":"Feature","properties":{"way_id":439815012,"route_colors":[],"route_refs":["7","26"]},"geometry":{"type":"LineString","coordinates":[[30.728511,46.4108781],[30.7285824,46.410664]]}},{"type":"Feature","properties":{"way_id":700973239,"route_colors":[],"route_refs":["7","26"]},"geometry":{"type":"LineString","coordinates":[[30.7296038,46.4078272],[30.729636,46.4077374]]}},{"type":"Feature","properties":{"way_id":107824726,"route_colors":[],"route_refs":["7"]},"geometry":{"type":"LineString","coordinates":[[30.8041842,46.5974143],[30.8040595,46.5974551],[30.8039456,46.5974694],[30.8038451,46.5974573],[30.8037606,46.5974281],[30.8036807,46.5973932],[30.8036008,46.5973259],[30.8035681,46.5972602],[30.8035078,46.5969563],[30.803465,46.5968083],[30.8034335,46.596711],[30.8033954,46.5966295],[30.8033322,46.5965423]]}},{"type":"Feature","properties":{"way_id":537936573,"route_colors":[],"route_refs":["7","1"]},"geometry":{"type":"LineString","coordinates":[[30.8033322,46.5965423],[30.803124,46.5964253],[30.80299,46.5963487],[30.8027043,46.5961312],[30.8023559,46.5958603],[30.8019104,46.5955225],[30.8016597,46.5953232],[30.8015882,46.5952663]]}},{"type":"Feature","properties":{"way_id":107823999,"route_colors":[],"route_refs":["7","1"]},"geometry":{"type":"LineString","coordinates":[[30.8015882,46.5952663],[30.8014049,46.5951245],[30.8008807,46.5947189],[30.8008374,46.5946854],[30.8001019,46.5940876],[30.7987196,46.5930237],[30.7979239,46.5923704],[30.797755,46.592237],[30.7973834,46.5919412],[30.7970294,46.5916596],[30.796627,46.5913212],[30.7965486,46.5912286],[30.79644,46.5911089],[30.7963509,46.5910239],[30.7952962,46.5901984],[30.7939775,46.5891664],[30.7938515,46.589066],[30.7937374,46.5889752],[30.7935328,46.5888146],[30.7931418,46.5885077],[30.791127,46.5869254],[30.789157,46.5853775],[30.7888628,46.5851497],[30.7886005,46.5849364],[30.7880249,46.5844766],[30.7858994,46.5827785],[30.7857834,46.58268],[30.7856285,46.5825243],[30.7856064,46.5825023],[30.7850684,46.5819385],[30.7850545,46.5819348],[30.7848986,46.5817747],[30.7848361,46.5817033],[30.7847068,46.5814591],[30.7845323,46.5811317],[30.7841796,46.5804676],[30.7833081,46.5788367],[30.7830756,46.5783914],[30.7825743,46.5775378],[30.7819506,46.5763526],[30.7816111,46.5757179],[30.7809181,46.5745408],[30.780752,46.5742448],[30.7798346,46.5725427],[30.7791145,46.5712065],[30.7789226,46.5708499],[30.7771567,46.5675495],[30.7760609,46.5655081],[30.7759787,46.5653547],[30.7746957,46.5629606],[30.7745871,46.5627579],[30.7729877,46.5600798],[30.7723982,46.5590297],[30.7717985,46.5577946],[30.7717273,46.5576479],[30.7717176,46.557621],[30.7717102,46.5575892],[30.7717098,46.557559],[30.7717194,46.5575319],[30.7717325,46.5574982],[30.77176,46.5574513],[30.7718469,46.5573221],[30.7718535,46.5573099],[30.7719029,46.5572185],[30.7719021,46.5571684],[30.7718798,46.5571237],[30.7718315,46.5570586],[30.7717633,46.5569971],[30.7705847,46.5562885],[30.7697325,46.5558442],[30.7693106,46.5556928],[30.7683037,46.5553315],[30.7669491,46.5548856],[30.7655779,46.5544411],[30.7649984,46.5542364],[30.7641758,46.5539631],[30.7641149,46.5539496],[30.7640386,46.5539366],[30.7639157,46.5539158],[30.7638238,46.5538986],[30.7637336,46.5538773],[30.7635385,46.5538096]]}},{"type":"Feature","properties":{"way_id":215472869,"route_colors":[],"route_refs":["7","1"]},"geometry":{"type":"LineString","coordinates":[[30.7635385,46.5538096],[30.7632958,46.5537178]]}},{"type":"Feature","properties":{"way_id":537936575,"route_colors":[],"route_refs":["7","1"]},"geometry":{"type":"LineString","coordinates":[[30.7632958,46.5537178],[30.7632137,46.5536895],[30.7626559,46.5534968]]}},{"type":"Feature","properties":{"way_id":215472870,"route_colors":[],"route_refs":["7","1","6"]},"geometry":{"type":"LineString","coordinates":[[30.7626559,46.5534968],[30.7590907,46.5522123],[30.7563428,46.5512365],[30.7559957,46.5510993],[30.7559223,46.5510687],[30.7557468,46.5509979],[30.7555655,46.5508892],[30.7535677,46.5492845],[30.7520786,46.5480378],[30.75196,46.5479483],[30.7517899,46.5477992],[30.7509395,46.5470825],[30.7504506,46.5466704],[30.7501152,46.5463982],[30.7480106,46.5446902],[30.7446196,46.5419381],[30.7437081,46.5411804],[30.7428629,46.5404818],[30.742688,46.5403428],[30.7408824,46.5388132],[30.7407468,46.538702],[30.7398319,46.5379521],[30.7393231,46.5375353],[30.7378951,46.5363484],[30.7357777,46.5345885],[30.7348591,46.5338632],[30.73387,46.5330822],[30.733746,46.532984],[30.733691,46.5329305],[30.7336347,46.5328645],[30.7335623,46.5327787],[30.733542,46.5327535],[30.7335126,46.5327197],[30.7334838,46.5326906],[30.7334315,46.5326518],[30.7333229,46.5325822],[30.733091,46.5324262],[30.7327585,46.5321628],[30.7326382,46.5320614],[30.7325759,46.5319885],[30.732547,46.5319262],[30.7325383,46.531869],[30.7325417,46.5318044],[30.7325598,46.5317477],[30.7326392,46.5315997],[30.732807,46.5312866],[30.7328892,46.5310687],[30.7329046,46.5309733],[30.7329,46.5309034],[30.7328815,46.5308006],[30.732221,46.5291674],[30.7322076,46.5291424],[30.7320846,46.5289769],[30.7320014,46.5288784],[30.731845,46.5286953],[30.731545,46.5283442],[30.731358,46.5281304],[30.7311817,46.5279416],[30.7310862,46.5278431],[30.7308364,46.5275856],[30.7296422,46.5268669],[30.7292684,46.5264804],[30.728912,46.5256493],[30.728587,46.5248282],[30.7284652,46.5245086],[30.7283379,46.5241821],[30.7274888,46.5218196],[30.7273467,46.5214479],[30.7265217,46.5192975],[30.7264479,46.5190988],[30.7263221,46.5188053],[30.7261958,46.5185109],[30.7260905,46.5182164],[30.7260371,46.518067],[30.7256038,46.5168553],[30.7253354,46.5160474],[30.7247218,46.5144362],[30.7240943,46.5127441],[30.7239953,46.5124462],[30.7238654,46.5121256],[30.723845,46.5120496],[30.7238316,46.5119783],[30.7238286,46.5118986],[30.7238363,46.5117836],[30.723861,46.5115371],[30.7238904,46.5112432],[30.723921,46.5110027],[30.7241998,46.5084078],[30.7242306,46.5081209],[30.7242472,46.5079706],[30.7242884,46.5076277],[30.7245754,46.505097],[30.7246077,46.5048246],[30.7246262,46.5045217],[30.7246553,46.5042602],[30.7246742,46.5040908],[30.7247405,46.5034952],[30.7247751,46.5031856],[30.724869,46.5023461],[30.7248891,46.5021668],[30.724866,46.5020425],[30.7248269,46.5019244],[30.7247684,46.5017643],[30.7246921,46.5015554],[30.7246623,46.5014739],[30.7245827,46.5012559],[30.7244678,46.5009841],[30.7243422,46.5006868],[30.7243004,46.500588]]}},{"type":"Feature","properties":{"way_id":537852549,"route_colors":[],"route_refs":["7"]},"geometry":{"type":"LineString","coordinates":[[30.7243004,46.500588],[30.7242596,46.500462],[30.7240535,46.4999826],[30.7239629,46.499771],[30.7238774,46.4995712],[30.723682,46.4991178],[30.7235876,46.498899],[30.7235348,46.4987626],[30.7235234,46.4987342],[30.7232911,46.4981418],[30.7232312,46.4979891],[30.723207,46.4979275],[30.7231963,46.4979001],[30.7231828,46.4978414],[30.7231528,46.4977114],[30.7230714,46.4973499]]}},{"type":"Feature","properties":{"way_id":555440829,"route_colors":[],"route_refs":["7"]},"geometry":{"type":"LineString","coordinates":[[30.7230714,46.4973499],[30.7230708,46.4972184],[30.723074,46.4972],[30.7230807,46.4971781],[30.7230974,46.4971489],[30.7231019,46.4971404],[30.723108,46.4971337],[30.7231224,46.4971052],[30.7231337,46.4970899],[30.7231562,46.4970659],[30.7231861,46.4970401],[30.7232264,46.4970159],[30.723329,46.4969608],[30.7234545,46.4968959]]}},{"type":"Feature","properties":{"way_id":108634878,"route_colors":[],"route_refs":["7","10"]},"geometry":{"type":"LineString","coordinates":[[30.7303924,46.4689476],[30.730384,46.4689076],[30.7303731,46.4688561],[30.7303684,46.4687907],[30.7303813,46.4687469],[30.7303912,46.4687292],[30.730405,46.4687165],[30.7304475,46.4686795],[30.7305802,46.4686375]]}},{"type":"Feature","properties":{"way_id":108655879,"route_colors":[],"route_refs":["7","10","11"]},"geometry":{"type":"LineString","coordinates":[[30.7305802,46.4686375],[30.7324106,46.468508],[30.7328171,46.4684792],[30.7330111,46.4684655],[30.7332149,46.4684434],[30.7333732,46.4683879],[30.7336367,46.4682298],[30.7339629,46.4680539],[30.7340155,46.46804],[30.7344692,46.467996],[30.7361181,46.4678716],[30.736436,46.4678464],[30.7364543,46.4678457],[30.737009,46.4678091]]}},{"type":"Feature","properties":{"way_id":108634880,"route_colors":[],"route_refs":["7","10","11"]},"geometry":{"type":"LineString","coordinates":[[30.737009,46.4678091],[30.7373518,46.4677801],[30.7373939,46.4677741],[30.737434,46.4677642],[30.7374846,46.4677443],[30.7375224,46.4677216],[30.7375555,46.4676953],[30.7375836,46.4676656],[30.7376026,46.4676365],[30.7376169,46.4675984],[30.7376236,46.4675585],[30.7376204,46.4675214],[30.737608,46.4674895],[30.737574,46.4674328]]}},{"type":"Feature","properties":{"way_id":387585636,"route_colors":[],"route_refs":["7","10","26","13","11"]},"geometry":{"type":"LineString","coordinates":[[30.737574,46.4674328],[30.7373898,46.4672485]]}},{"type":"Feature","properties":{"way_id":233867735,"route_colors":[],"route_refs":["7","11"]},"geometry":{"type":"LineString","coordinates":[[30.7373898,46.4672485],[30.7373563,46.4671917],[30.7373469,46.4671562],[30.7373482,46.4671165],[30.7373556,46.4670878],[30.737369,46.4670546],[30.7373878,46.4670255],[30.7374072,46.4669973],[30.7374327,46.4669724],[30.7374562,46.4669534],[30.7374844,46.4669396],[30.7375072,46.466928],[30.73754,46.466916],[30.7375756,46.4669054],[30.7376369,46.4668962],[30.7377025,46.466892],[30.7377553,46.4668897],[30.7379887,46.466872]]}},{"type":"Feature","properties":{"way_id":537998138,"route_colors":[],"route_refs":["7","11"]},"geometry":{"type":"LineString","coordinates":[[30.7379887,46.466872],[30.7382505,46.466852],[30.7382969,46.4668486]]}},{"type":"Feature","properties":{"way_id":539521527,"route_colors":[],"route_refs":["7","11"]},"geometry":{"type":"LineString","coordinates":[[30.7382969,46.4668486],[30.7385624,46.4668267]]}},{"type":"Feature","properties":{"way_id":50539127,"route_colors":[],"route_refs":["7"]},"geometry":{"type":"LineString","coordinates":[[30.7385624,46.4668267],[30.7387999,46.4668165],[30.7388422,46.466814],[30.7388847,46.4668161],[30.7389201,46.4668232],[30.7389554,46.4668328],[30.7389825,46.4668437],[30.7390061,46.4668558],[30.7390325,46.4668722],[30.7390534,46.4668881],[30.7390728,46.4669072],[30.7390938,46.4669361],[30.7391032,46.46696],[30.7391105,46.4669912]]}},{"type":"Feature","properties":{"way_id":539521528,"route_colors":[],"route_refs":["7"]},"geometry":{"type":"LineString","coordinates":[[30.7391105,46.4669912],[30.7391477,46.4672517],[30.7391575,46.4673028]]}},{"type":"Feature","properties":{"way_id":537998112,"route_colors":[],"route_refs":["7","26","13"]},"geometry":{"type":"LineString","coordinates":[[30.7391575,46.4673028],[30.7391783,46.4674618],[30.739178,46.4674962],[30.7391696,46.4675246],[30.7391532,46.4675528],[30.7391309,46.4675807],[30.7391064,46.4676012],[30.7390794,46.4676198],[30.7390495,46.4676343],[30.7390023,46.46765],[30.7389636,46.4676584],[30.738847,46.4676653]]}},{"type":"Feature","properties":{"way_id":449935838,"route_colors":[],"route_refs":["7","26","13"]},"geometry":{"type":"LineString","coordinates":[[30.738847,46.4676653],[30.7384684,46.4676933],[30.7381188,46.4677153],[30.7380504,46.4677173],[30.7379838,46.4677141],[30.7379283,46.4677051],[30.7378672,46.4676876],[30.7378164,46.4676652],[30.7377784,46.4676427],[30.7377455,46.4676144],[30.737574,46.4674328]]}},{"type":"Feature","properties":{"way_id":108523025,"route_colors":[],"route_refs":["7","10","26","13"]},"geometry":{"type":"LineString","coordinates":[[30.7373898,46.4672485],[30.7368661,46.4666879],[30.7367794,46.4665935],[30.7357718,46.4655354],[30.7356859,46.4654644],[30.7355873,46.4654014],[30.7354183,46.4653313],[30.7351765,46.4652282],[30.7350248,46.4651351],[30.7348207,46.4649176],[30.7346446,46.4647202],[30.7346407,46.4647155],[30.7345491,46.4646133],[30.7345267,46.4645882],[30.7342901,46.4643323],[30.7338373,46.4638426],[30.7335662,46.4635494],[30.7334686,46.4634439],[30.7334363,46.463409],[30.733256,46.463214],[30.7321307,46.4619972],[30.7320679,46.4619346],[30.7320187,46.4618817],[30.7319555,46.4618185],[30.7318693,46.4617207],[30.7309672,46.4606963],[30.7307388,46.460437],[30.7295358,46.4590632],[30.7293896,46.45884],[30.7292641,46.4586358],[30.7291621,46.4584022],[30.7291014,46.458141],[30.7289663,46.4564816],[30.7289449,46.4563669],[30.7289034,46.4562642],[30.7288298,46.4561387],[30.7287471,46.4560351],[30.7287007,46.45593],[30.728659,46.4558281],[30.7286457,46.4556915],[30.7286239,46.4554597],[30.7285312,46.4544734]]}},{"type":"Feature","properties":{"way_id":108523308,"route_colors":[],"route_refs":["7","26","13"]},"geometry":{"type":"LineString","coordinates":[[30.7285312,46.4544734],[30.7285375,46.454431],[30.728567,46.4543286],[30.7286501,46.4540368],[30.7286506,46.4539479],[30.7286393,46.4538363],[30.7286177,46.4537232],[30.7285757,46.4534615],[30.7284419,46.4525914],[30.7281743,46.4510535],[30.7281356,46.4508687],[30.727585,46.4478096],[30.7273331,46.4463726],[30.726977,46.4444168],[30.7267549,46.4431211],[30.7267112,46.442903],[30.7262837,46.4405003],[30.7262763,46.4404501],[30.7262459,46.4402487],[30.7262244,46.439958],[30.7261792,46.4396908],[30.7259839,46.4385672],[30.7259518,46.4383729],[30.7259604,46.4382787],[30.7259828,46.4381958],[30.7259999,46.4381474],[30.7260072,46.4381264],[30.726031,46.4380482],[30.7261017,46.4378159],[30.7261206,46.4377544],[30.7261378,46.4376986],[30.7261569,46.4376362],[30.7262153,46.4374592],[30.7262613,46.4373198],[30.7271828,46.4343201],[30.727204,46.4342468],[30.7273421,46.4337696],[30.7277828,46.4324782],[30.7278364,46.4323211],[30.7281885,46.4312893]]}},{"type":"Feature","properties":{"way_id":108523306,"route_colors":[],"route_refs":["7","26","13"]},"geometry":{"type":"LineString","coordinates":[[30.7281885,46.4312893],[30.7285151,46.4303332],[30.7285368,46.4302751],[30.7285728,46.4301784],[30.7286711,46.4297899],[30.7287323,46.4294912],[30.7287538,46.429386],[30.728757,46.4293344],[30.7287543,46.429267],[30.7287342,46.4292109],[30.7287047,46.4291594],[30.7286322,46.4291059],[30.7276877,46.4284097],[30.7254718,46.4267764],[30.7244984,46.4260983],[30.7241269,46.4258057],[30.7240581,46.4257586],[30.7239895,46.4257013],[30.7239547,46.4256664],[30.7238855,46.4255963],[30.7238524,46.4255434],[30.7238413,46.4255141],[30.7238211,46.4254239],[30.7238138,46.4253421],[30.7238252,46.4252737],[30.7238748,46.425142],[30.7239681,46.4249298],[30.7240456,46.424702],[30.7241083,46.4245178],[30.7247035,46.4227691],[30.7247108,46.4227479],[30.7247233,46.4227114],[30.7251103,46.4215877],[30.7251593,46.4214457],[30.7259967,46.4189756],[30.7260547,46.4186467],[30.7260564,46.4186362],[30.7261132,46.4181672],[30.7261254,46.418066],[30.7261092,46.4178645],[30.7261191,46.4177133],[30.7261292,46.4176298],[30.7261924,46.4172974],[30.7262134,46.4172433],[30.7263891,46.4167914],[30.7264538,46.4166249],[30.7265902,46.4162741],[30.7266901,46.4160171],[30.7271866,46.4145554],[30.7272363,46.4143917],[30.7272877,46.414175]]}},{"type":"Feature","properties":{"way_id":108450956,"route_colors":[],"route_refs":["7","26"]},"geometry":{"type":"LineString","coordinates":[[30.7272877,46.414175],[30.727408,46.41386],[30.7274785,46.4136753],[30.7275709,46.4135235],[30.7276011,46.4134689],[30.7280699,46.4121641],[30.7282806,46.411569],[30.7285889,46.410718],[30.728639,46.4105802],[30.7286729,46.4104868],[30.7287102,46.410387],[30.7290415,46.4094758],[30.7296503,46.4077922],[30.7296732,46.4077284],[30.7296923,46.4076754],[30.7297235,46.4075618],[30.7297658,46.4074524],[30.7297763,46.4074252],[30.7299415,46.4069925],[30.7303599,46.4058378],[30.7304065,46.4056995],[30.730431,46.4056312],[30.730435,46.4056186],[30.7304624,46.4055314],[30.7304681,46.4055133],[30.7307499,46.404751],[30.7309042,46.4043024],[30.7313399,46.4030664],[30.7314803,46.4026678],[30.7318499,46.4016232],[30.7319503,46.4013518],[30.7320791,46.4009876],[30.7322952,46.4004134],[30.7323168,46.4003561],[30.732359,46.4002448],[30.7324544,46.4000582],[30.7327181,46.399716],[30.7328255,46.3995805],[30.7330331,46.3993273],[30.7331704,46.3991063],[30.7335591,46.3984804],[30.7345237,46.3964165],[30.7345614,46.3962392],[30.734577,46.3961254],[30.7345875,46.3960523],[30.7347873,46.3940527],[30.7348249,46.3937331],[30.7348622,46.3933066],[30.7341246,46.3917871],[30.7340019,46.3915263],[30.7332211,46.3898672],[30.7331664,46.3897642],[30.7327652,46.3888849],[30.732634,46.3886023],[30.7324656,46.3882654],[30.7321889,46.3877391],[30.7319434,46.3872723],[30.7317418,46.3868885],[30.7316092,46.3867761],[30.7315587,46.3867333]]}},{"type":"Feature","properties":{"way_id":55907027,"route_colors":[],"route_refs":["7","26"]},"geometry":{"type":"LineString","coordinates":[[30.7315587,46.3867333],[30.731418,46.3866312],[30.7308894,46.3862866],[30.7303655,46.3860814],[30.726199,46.3853928],[30.7238391,46.3848894],[30.7211846,46.3842898],[30.7206036,46.3841692],[30.7180185,46.3836168],[30.7167781,46.383309],[30.7162578,46.3831861],[30.7160082,46.3831267],[30.7157753,46.3830614],[30.7156602,46.3830241],[30.715496,46.382957],[30.7147898,46.3826683],[30.7144185,46.3825055]]}},{"type":"Feature","properties":{"way_id":538082784,"route_colors":[],"route_refs":["7","26"]},"geometry":{"type":"LineString","coordinates":[[30.7144185,46.3825055],[30.7143302,46.3824586]]}},{"type":"Feature","properties":{"way_id":439815055,"route_colors":[],"route_refs":["7","31","26"]},"geometry":{"type":"LineString","coordinates":[[30.729907,46.4072087],[30.7298618,46.4073266]]}},{"type":"Feature","properties":{"way_id":439815048,"route_colors":[],"route_refs":["7","31","26","13"]},"geometry":{"type":"LineString","coordinates":[[30.7274361,46.4140686],[30.7273409,46.4143238]]}},{"type":"Feature","properties":{"way_id":439815016,"route_colors":[],"route_refs":["7","31","26","13"]},"geometry":{"type":"LineString","coordinates":[[30.7261929,46.417759],[30.7262249,46.41776],[30.726221,46.417822],[30.726189,46.417821],[30.7261929,46.417759]]}},{"type":"Feature","properties":{"way_id":537740538,"route_colors":[],"route_refs":["7","31","26","13"]},"geometry":{"type":"LineString","coordinates":[[30.7252989,46.4212657],[30.72526,46.4213838]]}},{"type":"Feature","properties":{"way_id":439815019,"route_colors":[],"route_refs":["7","31","26","13"]},"geometry":{"type":"LineString","coordinates":[[30.7243093,46.4258071],[30.724481,46.4259346]]}},{"type":"Feature","properties":{"way_id":538082786,"route_colors":[],"route_refs":["7","31","26","13"]},"geometry":{"type":"LineString","coordinates":[[30.7285044,46.4289632],[30.7285742,46.4290144],[30.7285885,46.429005],[30.7285537,46.4289795],[30.7285187,46.428954],[30.7285044,46.4289632]]}},{"type":"Feature","properties":{"way_id":538082808,"route_colors":[],"route_refs":["7","31","26","13"]},"geometry":{"type":"LineString","coordinates":[[30.728006,46.4319795],[30.7279403,46.4321847]]}},{"type":"Feature","properties":{"way_id":537997988,"route_colors":[],"route_refs":["7","31","26","13"]},"geometry":{"type":"LineString","coordinates":[[30.7273375,46.4339899],[30.7273027,46.4340962]]}},{"type":"Feature","properties":{"way_id":537997995,"route_colors":[],"route_refs":["7","31","26","13"]},"geometry":{"type":"LineString","coordinates":[[30.7263389,46.4373363],[30.7263084,46.4374496]]}},{"type":"Feature","properties":{"way_id":537998025,"route_colors":[],"route_refs":["7","31","26","13"]},"geometry":{"type":"LineString","coordinates":[[30.7267159,46.4425424],[30.7267454,46.4427291]]}},{"type":"Feature","properties":{"way_id":537998033,"route_colors":[],"route_refs":["7","31","26","13"]},"geometry":{"type":"LineString","coordinates":[[30.7281522,46.450531],[30.7281791,46.4506816]]}},{"type":"Feature","properties":{"way_id":537998058,"route_colors":[],"route_refs":["7","31","26","13"]},"geometry":{"type":"LineString","coordinates":[[30.7286733,46.4534341],[30.7287041,46.4536299]]}},{"type":"Feature","properties":{"way_id":537998062,"route_colors":[],"route_refs":["7","10","31","26","13"]},"geometry":{"type":"LineString","coordinates":[[30.7311201,46.4607355],[30.7312944,46.4609406]]}},{"type":"Feature","properties":{"way_id":537998131,"route_colors":[],"route_refs":["7","10"]},"geometry":{"type":"LineString","coordinates":[[30.7380251,46.4667814],[30.7380288,46.4668079],[30.7388251,46.4667555],[30.7388214,46.466729],[30.7380251,46.4667814]]}},{"type":"Feature","properties":{"way_id":537998093,"route_colors":[],"route_refs":["7","10","11"]},"geometry":{"type":"LineString","coordinates":[[30.7350577,46.4679915],[30.7347054,46.4680222],[30.7347041,46.4680147],[30.7350563,46.467984],[30.7350577,46.4679915]]}},{"type":"Feature","properties":{"way_id":537857107,"route_colors":[],"route_refs":["7","1","6"]},"geometry":{"type":"LineString","coordinates":[[30.7247552,46.5044425],[30.7247311,46.5046695]]}},{"type":"Feature","properties":{"way_id":537857110,"route_colors":[],"route_refs":["7","1","6"]},"geometry":{"type":"LineString","coordinates":[[30.7243864,46.5076519],[30.724373,46.5078153]]}},{"type":"Feature","properties":{"way_id":537857113,"route_colors":[],"route_refs":["7","1","6"]},"geometry":{"type":"LineString","coordinates":[[30.7240471,46.5106249],[30.7240042,46.5109073]]}},{"type":"Feature","properties":{"way_id":537857116,"route_colors":[],"route_refs":["7","1","6"]},"geometry":{"type":"LineString","coordinates":[[30.7260346,46.5177443],[30.7261245,46.5179501]]}},{"type":"Feature","properties":{"way_id":537857118,"route_colors":[],"route_refs":["7","1","6"]},"geometry":{"type":"LineString","coordinates":[[30.7273985,46.521311],[30.7274978,46.5215629]]}},{"type":"Feature","properties":{"way_id":537857121,"route_colors":[],"route_refs":["7","1","6"]},"geometry":{"type":"LineString","coordinates":[[30.7289274,46.5253582],[30.7290293,46.5256147]]}},{"type":"Feature","properties":{"way_id":537857124,"route_colors":[],"route_refs":["7","1","6"]},"geometry":{"type":"LineString","coordinates":[[30.7319422,46.5286698],[30.7321058,46.5288423]]}},{"type":"Feature","properties":{"way_id":537852448,"route_colors":[],"route_refs":["7","1","6"]},"geometry":{"type":"LineString","coordinates":[[30.7326825,46.53166],[30.7326242,46.5317532],[30.7326107,46.5318058],[30.7326141,46.5318552]]}},{"type":"Feature","properties":{"way_id":537852434,"route_colors":[],"route_refs":["7","1","6"]},"geometry":{"type":"LineString","coordinates":[[30.735586,46.5343291],[30.7358193,46.5345081]]}},{"type":"Feature","properties":{"way_id":537852453,"route_colors":[],"route_refs":["7","1","6"]},"geometry":{"type":"LineString","coordinates":[[30.7406339,46.5385267],[30.7407881,46.5386549]]}},{"type":"Feature","properties":{"way_id":537852435,"route_colors":[],"route_refs":["7","1","6"]},"geometry":{"type":"LineString","coordinates":[[30.7424565,46.5400626],[30.7426362,46.5402176]]}},{"type":"Feature","properties":{"way_id":537852478,"route_colors":[],"route_refs":["7","1","6"]},"geometry":{"type":"LineString","coordinates":[[30.7456174,46.5426344],[30.7458951,46.5428512]]}},{"type":"Feature","properties":{"way_id":537852483,"route_colors":[],"route_refs":["7","1","6"]},"geometry":{"type":"LineString","coordinates":[[30.7515639,46.5475184],[30.7517664,46.5476928]]}},{"type":"Feature","properties":{"way_id":537852485,"route_colors":[],"route_refs":["7","1","6"]},"geometry":{"type":"LineString","coordinates":[[30.7555343,46.5508061],[30.7555859,46.5508508],[30.7556865,46.5509133]]}},{"type":"Feature","properties":{"way_id":537852488,"route_colors":[],"route_refs":["7","1","6"]},"geometry":{"type":"LineString","coordinates":[[30.7622154,46.5532975],[30.7624449,46.5533744]]}},{"type":"Feature","properties":{"way_id":537852495,"route_colors":[],"route_refs":["7","1"]},"geometry":{"type":"LineString","coordinates":[[30.7719085,46.5578376],[30.771997,46.5580156]]}},{"type":"Feature","properties":{"way_id":537852502,"route_colors":[],"route_refs":["7","1"]},"geometry":{"type":"LineString","coordinates":[[30.7745169,46.5624972],[30.7745907,46.5626382]]}},{"type":"Feature","properties":{"way_id":537852504,"route_colors":[],"route_refs":["7","1"]},"geometry":{"type":"LineString","coordinates":[[30.7759117,46.5651075],[30.7760122,46.5652855]]}},{"type":"Feature","properties":{"way_id":537852511,"route_colors":[],"route_refs":["7","1"]},"geometry":{"type":"LineString","coordinates":[[30.778846,46.5705704],[30.7789412,46.5707585]]}},{"type":"Feature","properties":{"way_id":537852512,"route_colors":[],"route_refs":["7"]},"geometry":{"type":"LineString","coordinates":[[30.7806618,46.5739069],[30.7807504,46.5740636]]}},{"type":"Feature","properties":{"way_id":537852514,"route_colors":[],"route_refs":["7","1"]},"geometry":{"type":"LineString","coordinates":[[30.782475,46.5772247],[30.782593,46.5774339]]}},{"type":"Feature","properties":{"way_id":537852526,"route_colors":[],"route_refs":["7","1"]},"geometry":{"type":"LineString","coordinates":[[30.7846543,46.5812378],[30.78472,46.5813701]]}},{"type":"Feature","properties":{"way_id":537852528,"route_colors":[],"route_refs":["7","1"]},"geometry":{"type":"LineString","coordinates":[[30.7883008,46.5846367],[30.7885179,46.5848048]]}},{"type":"Feature","properties":{"way_id":537852530,"route_colors":[],"route_refs":["7","1"]},"geometry":{"type":"LineString","coordinates":[[30.7933661,46.5886119],[30.7937336,46.5888884]]}},{"type":"Feature","properties":{"way_id":537852532,"route_colors":[],"route_refs":["7","1"]},"geometry":{"type":"LineString","coordinates":[[30.7973613,46.5917768],[30.7975477,46.5919243]]}},{"type":"Feature","properties":{"way_id":537852534,"route_colors":[],"route_refs":["7","1"]},"geometry":{"type":"LineString","coordinates":[[30.801164,46.5948549],[30.8013974,46.5950364]]}},{"type":"Feature","properties":{"way_id":538106061,"route_colors":[],"route_refs":["7","31"]},"geometry":{"type":"LineString","coordinates":[[30.7149071,46.3826995],[30.7149879,46.3827318]]}},{"type":"Feature","properties":{"way_id":108449282,"route_colors":[],"route_refs":["7","31","26"]},"geometry":{"type":"LineString","coordinates":[[30.7149879,46.3827318],[30.7155072,46.3829386],[30.7156637,46.3830009],[30.7157878,46.3830372],[30.7160085,46.3830957],[30.7163213,46.3831689],[30.7168978,46.3833019],[30.7180194,46.3835804],[30.7206335,46.384128],[30.7212153,46.3842509],[30.7238639,46.3848417],[30.7269567,46.385495],[30.7303982,46.3860398],[30.7309109,46.3862449],[30.7314245,46.3865965],[30.731586,46.3867158],[30.7316351,46.3867567],[30.7317734,46.3868719],[30.7319808,46.387265],[30.7322255,46.3877301],[30.7325024,46.3882585],[30.7326606,46.3885831],[30.7327989,46.3888795],[30.7332017,46.3897513],[30.7332505,46.3898505],[30.7338752,46.3911587],[30.7340552,46.391517],[30.7341949,46.3917952],[30.7349022,46.3933076],[30.7348677,46.3937422],[30.7348233,46.394117],[30.7346407,46.3960099],[30.7346309,46.3960599],[30.7346172,46.3961558],[30.7345705,46.3964228],[30.7345484,46.3964667]]}},{"type":"Feature","properties":{"way_id":50539126,"route_colors":[],"route_refs":["7","31","26"]},"geometry":{"type":"LineString","coordinates":[[30.7345484,46.3964667],[30.7336079,46.3984788],[30.7334637,46.3987037],[30.7332314,46.3990854],[30.733087,46.3993227],[30.7330169,46.3994266],[30.7328638,46.3996014],[30.7327724,46.3997093],[30.7325011,46.4000663],[30.7324062,46.4002533],[30.7323435,46.4004191],[30.732119,46.4009946],[30.7319959,46.4013583],[30.7318978,46.4016232],[30.7315142,46.402694],[30.7313817,46.4030742],[30.7309488,46.4043166],[30.7307902,46.4047584],[30.7305496,46.4054141],[30.7305155,46.4055191],[30.7305089,46.4055365],[30.7304798,46.4056325],[30.7304079,46.4058337],[30.7301994,46.4064201],[30.7299852,46.4069958],[30.7298641,46.4073053],[30.7298093,46.4074616],[30.7297719,46.4075682],[30.7297356,46.4076795],[30.7297162,46.407734],[30.7291004,46.4094853],[30.7287783,46.4103243],[30.7287525,46.4103935],[30.7287125,46.4105005],[30.7286817,46.4105862],[30.7283212,46.4115819],[30.7281086,46.4121712],[30.727626,46.4135364],[30.7274961,46.413845]]}},{"type":"Feature","properties":{"way_id":108523305,"route_colors":[],"route_refs":["7","31","26","13"]},"geometry":{"type":"LineString","coordinates":[[30.7274961,46.413845],[30.7274896,46.413862],[30.7273556,46.4142114],[30.7272524,46.4145683],[30.7267314,46.4160241],[30.7266753,46.4161652],[30.7266304,46.4162814],[30.7264947,46.4166326],[30.7264295,46.4168013],[30.7262546,46.4172542],[30.7262432,46.4172836],[30.7261862,46.4175852],[30.7261621,46.4178039],[30.7261615,46.4178719],[30.7261757,46.4180476],[30.7261658,46.4181551],[30.7261189,46.4186647],[30.726042,46.4189837],[30.7252383,46.421329],[30.7251976,46.4214518],[30.7247772,46.4227208],[30.7247683,46.4227476],[30.7247527,46.4227928],[30.7241564,46.4245257],[30.7240148,46.424937],[30.7239164,46.4251632],[30.7238775,46.4252756],[30.7238688,46.4253597],[30.7238741,46.4254452],[30.7238983,46.4255189],[30.723909,46.4255469],[30.7239667,46.4256231],[30.7240574,46.4257004],[30.7241658,46.425784],[30.7243288,46.4259065],[30.7245413,46.4260761],[30.725504,46.4267548],[30.7267645,46.42769],[30.7277167,46.4283929],[30.7285444,46.4290039],[30.7286591,46.4290886],[30.7287142,46.4291293],[30.7287509,46.4291564],[30.7287742,46.4292014],[30.7287962,46.4292837],[30.7288002,46.4293591],[30.7288003,46.4293809],[30.7287815,46.429487],[30.728703,46.4298213],[30.7286075,46.4301841],[30.7285655,46.430283],[30.7285537,46.4303107],[30.7282346,46.4312359],[30.72812,46.431554]]}},{"type":"Feature","properties":{"way_id":108523309,"route_colors":[],"route_refs":["7","31","26","13"]},"geometry":{"type":"LineString","coordinates":[[30.72812,46.431554],[30.7279447,46.4320777],[30.7278621,46.4323246],[30.7278092,46.4324822],[30.7273761,46.4337758],[30.7272909,46.4340455],[30.7272264,46.4342498],[30.7263126,46.4373255],[30.7262791,46.4374318],[30.7262689,46.4374643],[30.7262174,46.4376276],[30.7261846,46.4377304],[30.7261724,46.4377688],[30.7261586,46.4378118],[30.7260489,46.4381586],[30.7260352,46.4382027],[30.7260287,46.4382248],[30.7260052,46.4383591],[30.7260141,46.4384706],[30.7262333,46.4396854],[30.726276,46.4399585],[30.7262935,46.4402482],[30.7263341,46.4404867],[30.7267221,46.4426777],[30.7267594,46.4428834],[30.7270307,46.4444026],[30.7273409,46.4460864],[30.7276362,46.447802],[30.7281488,46.4506253],[30.7281911,46.4508683],[30.7284942,46.4525877],[30.7286287,46.4534925],[30.7286626,46.4537055],[30.7286827,46.4538219],[30.7286982,46.4539465],[30.7286968,46.4540577],[30.7286661,46.4541943],[30.7285861,46.4544285],[30.7285777,46.4544713]]}},{"type":"Feature","properties":{"way_id":108523168,"route_colors":[],"route_refs":["7","10","31","26","13"]},"geometry":{"type":"LineString","coordinates":[[30.7285777,46.4544713],[30.7286725,46.4554581],[30.7286925,46.4556957],[30.728708,46.4558166],[30.7287435,46.4559154],[30.7288008,46.4560161],[30.7289222,46.4561728],[30.7289647,46.4562603],[30.7289994,46.4563552],[30.7290201,46.4564588],[30.7291552,46.4581372],[30.7292283,46.4583908],[30.7293124,46.4586102],[30.7294392,46.4588267],[30.729584,46.4590395],[30.7307728,46.4604128],[30.731139,46.460824],[30.7319272,46.4617089],[30.7320012,46.461792],[30.7320808,46.4618728],[30.7321333,46.461929],[30.7321941,46.4619934],[30.7333062,46.4631949],[30.7334866,46.4633898],[30.7335179,46.4634236],[30.7336183,46.4635321],[30.7338865,46.4638219],[30.7343408,46.4643127],[30.7345921,46.4645842],[30.7346912,46.4646935],[30.7348552,46.4648758],[30.7350662,46.4651038],[30.7351682,46.4651703],[30.7353529,46.4652614],[30.7355122,46.4653138],[30.7356216,46.4653619],[30.7357018,46.465411],[30.7357787,46.4654746],[30.7368357,46.46659],[30.7369968,46.4667548]]}},{"type":"Feature","properties":{"way_id":108523023,"route_colors":[],"route_refs":["7","10","31","26","13"]},"geometry":{"type":"LineString","coordinates":[[30.7369968,46.4667548],[30.7370438,46.4667853],[30.7370901,46.4668045],[30.737142,46.4668186],[30.737204,46.4668284],[30.7372654,46.4668315],[30.73741,46.4668223]]}},{"type":"Feature","properties":{"way_id":539112998,"route_colors":[],"route_refs":["7","10"]},"geometry":{"type":"LineString","coordinates":[[30.73741,46.4668223],[30.7376838,46.4668472]]}},{"type":"Feature","properties":{"way_id":387585638,"route_colors":[],"route_refs":["7","10"]},"geometry":{"type":"LineString","coordinates":[[30.7376838,46.4668472],[30.7382415,46.4668071],[30.7382856,46.4668049]]}},{"type":"Feature","properties":{"way_id":537998119,"route_colors":[],"route_refs":["7","10"]},"geometry":{"type":"LineString","coordinates":[[30.7382856,46.4668049],[30.7385281,46.4667902]]}},{"type":"Feature","properties":{"way_id":537998116,"route_colors":[],"route_refs":["7","10"]},"geometry":{"type":"LineString","coordinates":[[30.7385281,46.4667902],[30.738846,46.4667678]]}},{"type":"Feature","properties":{"way_id":109078976,"route_colors":[],"route_refs":["7","10","11"]},"geometry":{"type":"LineString","coordinates":[[30.738846,46.4667678],[30.7388802,46.4667674],[30.7389157,46.4667692],[30.7389575,46.4667748],[30.7389976,46.4667851],[30.7390297,46.4667974],[30.7390623,46.4668131],[30.7390897,46.4668325],[30.7391106,46.4668549],[30.7391305,46.4668817],[30.7391453,46.4669065],[30.7391804,46.4669867]]}},{"type":"Feature","properties":{"way_id":539521526,"route_colors":[],"route_refs":["7","10","26","13","11"]},"geometry":{"type":"LineString","coordinates":[[30.7391804,46.4669867],[30.7391957,46.4671104]]}},{"type":"Feature","properties":{"way_id":108655877,"route_colors":[],"route_refs":["7","10","11"]},"geometry":{"type":"LineString","coordinates":[[30.7391957,46.4671104],[30.7392166,46.4672481],[30.7392448,46.4674665],[30.7392427,46.4675006],[30.7392369,46.4675296],[30.7392214,46.467561],[30.7391991,46.4675923],[30.739162,46.467627],[30.7391348,46.4676463],[30.7390998,46.4676657],[30.7390484,46.467685],[30.738998,46.4676974],[30.7389418,46.4677058],[30.7386304,46.4677265]]}},{"type":"Feature","properties":{"way_id":539238759,"route_colors":[],"route_refs":["7","10","11"]},"geometry":{"type":"LineString","coordinates":[[30.7386304,46.4677265],[30.7384751,46.4677365],[30.7380745,46.4677665]]}},{"type":"Feature","properties":{"way_id":108634877,"route_colors":[],"route_refs":["7","10","11"]},"geometry":{"type":"LineString","coordinates":[[30.7380745,46.4677665],[30.7377057,46.4677877],[30.7369632,46.4678314],[30.7364378,46.4678688],[30.7348658,46.467993],[30.7340497,46.4680617],[30.7339957,46.4680786],[30.733628,46.4682683],[30.733408,46.4684083],[30.7332256,46.4684692],[30.7330164,46.4684932],[30.7328205,46.468507],[30.7324146,46.4685355],[30.7306061,46.4686624]]}},{"type":"Feature","properties":{"way_id":108634879,"route_colors":[],"route_refs":["7","10"]},"geometry":{"type":"LineString","coordinates":[[30.7306061,46.4686624],[30.7304636,46.4687085],[30.7304282,46.4687469],[30.7304172,46.468803],[30.7304344,46.4689055],[30.7304398,46.4689374]]}},{"type":"Feature","properties":{"way_id":1242972262,"route_colors":[],"route_refs":["7"]},"geometry":{"type":"LineString","coordinates":[[30.7234765,46.4969241],[30.7233115,46.4970082],[30.7232781,46.4970252],[30.7232482,46.497043],[30.723216,46.4970664],[30.7231902,46.4970886],[30.7231733,46.4971067],[30.7231559,46.4971279],[30.7231456,46.4971404],[30.7231278,46.4971621],[30.7231169,46.4971797],[30.7231103,46.4971903],[30.7231022,46.4972056],[30.7230997,46.4972198],[30.7231033,46.4973408]]}},{"type":"Feature","properties":{"way_id":555440830,"route_colors":[],"route_refs":["7"]},"geometry":{"type":"LineString","coordinates":[[30.7231033,46.4973408],[30.7231807,46.4977059],[30.7232103,46.4978406],[30.7232238,46.4979019],[30.7232343,46.4979308],[30.7232678,46.4980232]]}},{"type":"Feature","properties":{"way_id":1091150158,"route_colors":[],"route_refs":["7","1","6"]},"geometry":{"type":"LineString","coordinates":[[30.7232678,46.4980232],[30.723551,46.4987294],[30.7236001,46.4988518]]}},{"type":"Feature","properties":{"way_id":555440827,"route_colors":[],"route_refs":["7","1","6"]},"geometry":{"type":"LineString","coordinates":[[30.7236001,46.4988518],[30.7237275,46.4991091],[30.7239231,46.4995627],[30.7240103,46.4997606],[30.7241046,46.4999747],[30.7243146,46.5004515],[30.7243333,46.5005313],[30.7245175,46.5009751],[30.7246255,46.5012353],[30.7247142,46.5014667],[30.7247456,46.5015495],[30.7248237,46.5017525],[30.724869,46.5018704],[30.724947,46.5021681],[30.724927,46.5023506],[30.724835,46.5031878],[30.7248018,46.5034898],[30.7247371,46.5040924],[30.7247189,46.5042625],[30.7246909,46.5045231],[30.7246828,46.5046177],[30.7246652,46.5048236],[30.7243365,46.5076293],[30.7243265,46.5077208],[30.7242968,46.5079734],[30.7242478,46.508411],[30.7239813,46.510794],[30.7239601,46.5110043],[30.7239239,46.5113491],[30.7238882,46.511775],[30.7238809,46.5118634],[30.7238781,46.511936],[30.7238883,46.512035],[30.7239061,46.5121184],[30.7240254,46.5124004],[30.7241421,46.5127383],[30.7247669,46.5144194],[30.7253776,46.5160398],[30.725675,46.5168401],[30.7260554,46.517868],[30.7261232,46.5180509],[30.7262878,46.5184956],[30.7263972,46.518791],[30.7265067,46.5190869],[30.726581,46.5192856],[30.7274161,46.5214198],[30.7274714,46.5215481],[30.7283753,46.5241343],[30.728511,46.5244998],[30.7286051,46.5247022],[30.7289295,46.5255134],[30.7293257,46.5264627],[30.7296705,46.5268432],[30.7308768,46.5275627],[30.7311638,46.5278578],[30.7319742,46.5287671],[30.7320602,46.5288639],[30.7321343,46.5289669],[30.7322533,46.5291226],[30.7322748,46.5291602],[30.732928,46.5307904],[30.7329496,46.5308963],[30.7329542,46.5309769],[30.7329403,46.5310712],[30.7328551,46.5313107],[30.7326054,46.5317625],[30.732595,46.5318485],[30.7326081,46.5319239],[30.7326299,46.5319742],[30.7326701,46.5320296],[30.7327338,46.5320842],[30.7327907,46.532131],[30.7329447,46.5322524],[30.7331623,46.532429],[30.733463,46.5326325],[30.7335468,46.5326915],[30.7335871,46.5327321],[30.7336179,46.5327667],[30.7336511,46.5328101],[30.7336746,46.5328405],[30.7337252,46.5329],[30.7337768,46.5329475],[30.7339089,46.5330564],[30.7349047,46.5338369],[30.7356733,46.5344393],[30.7379344,46.5363246],[30.7393609,46.537514],[30.7398711,46.5379327],[30.7406876,46.5386065],[30.74078,46.5386844],[30.7425273,46.5401577],[30.742723,46.5403222],[30.744558,46.5418286],[30.7457239,46.5427411],[30.7480615,46.5446626],[30.7501496,46.5463791],[30.7504842,46.5466541],[30.7509673,46.5470654],[30.7516129,46.5476152],[30.7518206,46.5477818],[30.7520133,46.5479511],[30.7536115,46.5492591],[30.755577,46.5508777],[30.755769,46.5509884],[30.7559251,46.5510541],[30.7563203,46.5512091],[30.7577504,46.5516993],[30.7591091,46.5521891],[30.7622515,46.5533179]]}},{"type":"Feature","properties":{"way_id":1091150156,"route_colors":[],"route_refs":["7","1"]},"geometry":{"type":"LineString","coordinates":[[30.7622515,46.5533179],[30.7626162,46.5534458],[30.7626589,46.553457],[30.7627073,46.5534647],[30.7627583,46.5534683],[30.7628022,46.5534679],[30.762845,46.5534639],[30.7628806,46.5534575],[30.7629149,46.5534493],[30.7629569,46.5534357],[30.7630114,46.5534121],[30.7630611,46.5533804],[30.7631032,46.5533471],[30.763193,46.5532816]]}},{"type":"Feature","properties":{"way_id":107819411,"route_colors":[],"route_refs":["7","1"]},"geometry":{"type":"LineString","coordinates":[[30.763193,46.5532816],[30.7632259,46.5532631],[30.7632638,46.5532446],[30.7633083,46.5532282],[30.7633622,46.5532127],[30.7634126,46.5532058],[30.763481,46.5532024],[30.76355,46.5532069],[30.7636189,46.5532218],[30.7636951,46.5532466],[30.7638131,46.5532878],[30.7638888,46.553314],[30.7639706,46.5533492],[30.7640228,46.5533843],[30.7640541,46.5534196],[30.7640819,46.5534647],[30.7641002,46.5535129]]}},{"type":"Feature","properties":{"way_id":215472873,"route_colors":[],"route_refs":["7","1"]},"geometry":{"type":"LineString","coordinates":[[30.7641002,46.5535129],[30.764227,46.5538367],[30.7642441,46.553872],[30.7642661,46.5539061],[30.7642941,46.5539371],[30.7643241,46.5539601],[30.7643557,46.5539805],[30.7644013,46.5540027]]}},{"type":"Feature","properties":{"way_id":107824000,"route_colors":[],"route_refs":["7","1"]},"geometry":{"type":"LineString","coordinates":[[30.7644013,46.5540027],[30.765664,46.5544214],[30.7682968,46.5552821],[30.7693348,46.555663],[30.7697765,46.5558251],[30.7706078,46.5562503],[30.7717948,46.5569717],[30.7718309,46.5570018],[30.7718656,46.5570354],[30.7719029,46.5570761],[30.7719428,46.55713],[30.7719556,46.5571663],[30.7719558,46.5572092],[30.7719458,46.55724],[30.7718887,46.5573253],[30.7718735,46.5573481],[30.7718078,46.5574628],[30.7717827,46.5575138],[30.7717731,46.557568],[30.7717698,46.5575988],[30.7717756,46.5576341],[30.7719166,46.5579237],[30.7724484,46.5590157],[30.7730375,46.5600651],[30.7745212,46.5625732],[30.7746245,46.5627476],[30.7759337,46.5651905],[30.7760155,46.5653431],[30.7771953,46.5675385],[30.7788645,46.5706587],[30.7789589,46.5708365],[30.7798841,46.5725304],[30.7806759,46.5739801],[30.7808132,46.5742295],[30.7816553,46.5757032],[30.781993,46.5763363],[30.7824997,46.5773271],[30.7831044,46.5783854],[30.7833417,46.5788271],[30.7842176,46.5804572],[30.784573,46.5811197],[30.7846725,46.5813038],[30.7848831,46.5816897],[30.7849401,46.581759],[30.7850752,46.5818964],[30.785097,46.5819197],[30.7856554,46.5824876],[30.7856993,46.5825295],[30.7858343,46.5826613],[30.7859456,46.5827579],[30.7880528,46.5844602],[30.7883924,46.5847345],[30.7886281,46.5849192],[30.7891896,46.5853592],[30.7911607,46.5869087],[30.7931734,46.5884906],[30.7935117,46.5887565],[30.7935641,46.5887977],[30.7937702,46.5889597],[30.7938856,46.5890494],[30.795321,46.590165],[30.7963986,46.5910025],[30.7964716,46.5910779],[30.7966407,46.5912575],[30.7966994,46.591333],[30.7970651,46.5916391],[30.7974103,46.5919177],[30.7977945,46.5922174],[30.7987797,46.5930044],[30.800147,46.5940606],[30.800867,46.5946525],[30.8009211,46.5946942],[30.8012483,46.5949467],[30.8014377,46.5951032],[30.8016147,46.5952494],[30.8016877,46.5953063],[30.8019445,46.5955067],[30.8023465,46.5958161],[30.8030203,46.5963146],[30.8032323,46.5964393],[30.8034651,46.5965614],[30.8042487,46.5969944]]}},{"type":"Feature","properties":{"way_id":537936574,"route_colors":[],"route_refs":["7"]},"geometry":{"type":"LineString","coordinates":[[30.8042487,46.5969944],[30.8043202,46.5970727],[30.8043398,46.5971813],[30.8043274,46.5972628],[30.8043189,46.5972877],[30.8042585,46.5973605],[30.8041842,46.5974143]]}},{"type":"Feature","properties":{"way_id":108586448,"route_colors":[],"route_refs":["10"]},"geometry":{"type":"LineString","coordinates":[[30.7285312,46.4544734],[30.7285096,46.4542492],[30.728494,46.4542055],[30.7284627,46.4541506],[30.7284212,46.454109],[30.7283541,46.4540633],[30.7282918,46.4540328],[30.7282197,46.4540133],[30.7281536,46.4540051],[30.7280731,46.454006],[30.7280014,46.4540208],[30.7276587,46.4541506],[30.7275568,46.4541797],[30.7274495,46.4541908],[30.7267562,46.4541849],[30.7252151,46.4541728],[30.7217373,46.4542024],[30.7216248,46.4542004],[30.7215555,46.4541957],[30.7215204,46.4541898],[30.7214852,46.454177],[30.7214494,46.4541511],[30.7214236,46.4541257],[30.7214038,46.4541012],[30.7213881,46.4540633],[30.721341,46.4531679],[30.7213151,46.4526749],[30.7213377,46.4511068],[30.7213363,46.4510277],[30.7212981,46.4509559],[30.7212521,46.4508549],[30.7212008,46.4508014],[30.7211154,46.4507585],[30.7210893,46.4507441],[30.7210144,46.4507246],[30.7200734,46.450733],[30.7197022,46.4507355],[30.7171054,46.4508248],[30.7157394,46.451016],[30.7146199,46.4511881],[30.7143784,46.451223],[30.7127522,46.4514601],[30.7107039,46.4517543],[30.7106556,46.4517545],[30.7105949,46.4517439],[30.7105708,46.4517398],[30.7105279,46.4517268],[30.710471,46.451689],[30.7104275,46.4516511],[30.7104141,46.4516149],[30.7103713,46.4510133],[30.7103543,46.4508925],[30.7103071,46.4507608],[30.709354,46.4497516],[30.7086853,46.4490418],[30.708254,46.4485843],[30.7077375,46.4480357],[30.7071107,46.4473713],[30.7067458,46.4469823],[30.7065588,46.4468011],[30.7063416,46.4465685],[30.7063075,46.446532],[30.7061688,46.4462968],[30.7061362,46.4461673],[30.7061115,46.4460328],[30.7060314,46.4453703],[30.705865,46.4439942],[30.7058311,46.443714],[30.7057909,46.4433817],[30.7056804,46.4425571],[30.7056463,46.4423773],[30.705587,46.4422303],[30.705509,46.442132],[30.7049489,46.4415887],[30.7048828,46.4415092],[30.7022975,46.4388541],[30.6993076,46.4357494],[30.6989814,46.4354229],[30.6970721,46.4334439]]}},{"type":"Feature","properties":{"way_id":109277347,"route_colors":[],"route_refs":["10"]},"geometry":{"type":"LineString","coordinates":[[30.6970721,46.4334439],[30.6969328,46.4333035],[30.6968839,46.4332806],[30.6968234,46.4332666],[30.6967547,46.4332635],[30.6966972,46.4332701],[30.6966355,46.433285],[30.6965939,46.4333074],[30.696557,46.4333333],[30.6965288,46.4333652],[30.6965112,46.4333964],[30.6965031,46.4334415],[30.6965114,46.4334918],[30.6965412,46.4335387],[30.6970348,46.4340485],[30.6970513,46.434073],[30.6970621,46.4340957],[30.6970694,46.434122],[30.6970693,46.4341525],[30.6970657,46.434175],[30.6970569,46.434199],[30.6970455,46.4342214],[30.6970311,46.4342418],[30.6970109,46.4342621],[30.6969863,46.434283],[30.6969539,46.4343035],[30.6968981,46.4343231],[30.6968476,46.4343377],[30.6967913,46.4343477],[30.6967376,46.4343509],[30.6966765,46.4343472],[30.696624,46.4343351],[30.6965794,46.4343165],[30.6965393,46.4342903],[30.6960915,46.4338333],[30.6960548,46.4337896],[30.6960255,46.4337355],[30.696014,46.4336829],[30.6960178,46.4336292],[30.6960293,46.4335852],[30.6960546,46.4335418],[30.6960946,46.4334983],[30.6961616,46.4334463],[30.6964246,46.4333167]]}},{"type":"Feature","properties":{"way_id":108586447,"route_colors":[],"route_refs":["10"]},"geometry":{"type":"LineString","coordinates":[[30.6964246,46.4333167],[30.696552,46.4332582],[30.6966083,46.4332406],[30.6966588,46.4332294],[30.696703,46.4332226],[30.6967594,46.4332209],[30.6968264,46.4332271],[30.6968818,46.4332397],[30.6969359,46.4332627],[30.696981,46.4332912],[30.697317,46.4336343],[30.699021,46.4354051],[30.6995622,46.4359669],[30.7019169,46.4384035],[30.7046153,46.4411753],[30.7047609,46.4413193],[30.7049428,46.4414919],[30.7056378,46.4421855],[30.7057054,46.4423659],[30.7058412,46.4433848],[30.7058787,46.4437117],[30.7059108,46.4439921],[30.7060683,46.4453656],[30.7061444,46.4460294],[30.7061711,46.4461676],[30.7061924,46.4462834],[30.7062627,46.4463935],[30.706345,46.4465224],[30.7063738,46.446553],[30.7065892,46.4467821],[30.7067868,46.4469692],[30.7071477,46.4473521],[30.7077758,46.4480164],[30.7082943,46.4485664],[30.7087248,46.4490226],[30.709394,46.4497337],[30.7103495,46.4507445],[30.7103908,46.4508842],[30.7104043,46.4510041],[30.7104612,46.45161],[30.7104632,46.4516276],[30.7105003,46.4516743],[30.7105456,46.4517062],[30.7105886,46.4517214],[30.7106449,46.4517333],[30.7108592,46.4516906],[30.7111543,46.4516494],[30.7127416,46.4514293],[30.7142002,46.451224],[30.714377,46.4511993],[30.7145707,46.4511722],[30.7157326,46.4509997],[30.7171018,46.4508111],[30.7193398,46.450721],[30.7197019,46.4507064],[30.7209995,46.4506833],[30.7210666,46.4506855],[30.7211914,46.4507344],[30.7212258,46.4507551],[30.7212473,46.450766],[30.7213017,46.450831],[30.7213441,46.4509514],[30.721363,46.4510227],[30.7213753,46.4511056],[30.7213519,46.452675],[30.7213771,46.4532515],[30.7214155,46.454056],[30.7214483,46.4541045],[30.7214893,46.4541349],[30.7215211,46.4541496],[30.7215361,46.4541563],[30.7215728,46.4541705],[30.7216234,46.454179],[30.7217373,46.4541753],[30.7252148,46.4541468],[30.7272376,46.4541464],[30.7274468,46.4541464],[30.7275642,46.4541317],[30.7276694,46.4541035],[30.7279886,46.4539903],[30.7280939,46.4539709],[30.7281851,46.4539737],[30.7282243,46.4539794],[30.7282949,46.4539953],[30.7283628,46.4540217],[30.7284238,46.4540554],[30.7284741,46.4540943],[30.728517,46.4541419],[30.7285492,46.4541959],[30.7285627,46.4542467],[30.728567,46.4543286],[30.7285777,46.4544713]]}},{"type":"Feature","properties":{"way_id":108418303,"route_colors":[],"route_refs":["27"]},"geometry":{"type":"LineString","coordinates":[[30.7013011,46.3503778],[30.7013145,46.3502659]]}},{"type":"Feature","properties":{"way_id":108516053,"route_colors":[],"route_refs":["27"]},"geometry":{"type":"LineString","coordinates":[[30.7013145,46.3502659],[30.7012795,46.3501883],[30.7012134,46.3500844],[30.7011532,46.3500392],[30.7010842,46.3500038],[30.7010063,46.349983],[30.7009267,46.3499745],[30.6997827,46.3499306],[30.6987394,46.3498909],[30.6974285,46.3498398],[30.6969741,46.349817],[30.6964029,46.3497675],[30.6960551,46.349737],[30.6949761,46.3497126],[30.6946428,46.3497045],[30.6917775,46.3496122],[30.6916997,46.3496094],[30.6909318,46.3495943],[30.6897055,46.3495622],[30.6884578,46.3495243],[30.6866692,46.3494715],[30.6840349,46.3494055],[30.6839754,46.349404],[30.6837715,46.3493932],[30.6835122,46.3493734],[30.6832467,46.3493438],[30.6829852,46.3492919],[30.6827384,46.3492322],[30.6824997,46.3491558],[30.6822845,46.3490735],[30.6820625,46.3489739],[30.6818883,46.3488847],[30.6817393,46.3487957],[30.6816387,46.3487277],[30.6814925,46.3486152],[30.6810353,46.3482442],[30.6801059,46.3474877],[30.6795941,46.34707],[30.6791603,46.346716],[30.6778151,46.3456231],[30.6764558,46.3445174],[30.675294,46.3435707],[30.6748611,46.3432441],[30.6741068,46.3426091],[30.672247,46.3410941],[30.6720132,46.3408874],[30.6711341,46.3401812],[30.6706373,46.3397883],[30.6697799,46.3390363],[30.6694612,46.3386483],[30.6690462,46.3380862]]}},{"type":"Feature","properties":{"way_id":153870158,"route_colors":[],"route_refs":["27"]},"geometry":{"type":"LineString","coordinates":[[30.6690462,46.3380862],[30.6686789,46.3376489]]}},{"type":"Feature","properties":{"way_id":153870180,"route_colors":[],"route_refs":["27"]},"geometry":{"type":"LineString","coordinates":[[30.6686789,46.3376489],[30.6685767,46.3375232],[30.6670576,46.3354786],[30.6665574,46.3348048],[30.6664217,46.3346213]]}},{"type":"Feature","properties":{"way_id":108516047,"route_colors":[],"route_refs":["27"]},"geometry":{"type":"LineString","coordinates":[[30.6664217,46.3346213],[30.6663481,46.3345625],[30.6662566,46.334528],[30.6661547,46.3345045],[30.6660442,46.334502],[30.6657852,46.3345251],[30.6656289,46.3345286],[30.6654859,46.3344983],[30.6653735,46.3344474],[30.6652964,46.3343873],[30.6652488,46.3343101],[30.6652331,46.33422],[30.6652387,46.3341379],[30.6652735,46.33405],[30.6653713,46.3339798],[30.665484,46.3339318],[30.6656326,46.3339041],[30.6657666,46.3339041],[30.665859,46.3339278],[30.6659711,46.3339774],[30.6660664,46.3340449],[30.6661478,46.3341447],[30.6662446,46.3342842]]}},{"type":"Feature","properties":{"way_id":108418304,"route_colors":[],"route_refs":["27"]},"geometry":{"type":"LineString","coordinates":[[30.6662446,46.3342842],[30.6666118,46.3347881],[30.6671166,46.3354417],[30.6685974,46.3374918],[30.6687163,46.3376297]]}},{"type":"Feature","properties":{"way_id":153870155,"route_colors":[],"route_refs":["27"]},"geometry":{"type":"LineString","coordinates":[[30.6687163,46.3376297],[30.6690811,46.3380759]]}},{"type":"Feature","properties":{"way_id":153870171,"route_colors":[],"route_refs":["27"]},"geometry":{"type":"LineString","coordinates":[[30.6690811,46.3380759],[30.6695055,46.3386285],[30.6698339,46.3390336],[30.6706821,46.3397768],[30.6711828,46.3401714],[30.671799,46.3406664],[30.6720223,46.3408387],[30.6741426,46.3425839],[30.6748974,46.3432058],[30.675306,46.3435272],[30.6763891,46.3444157],[30.6778533,46.3455988],[30.6792093,46.3466779],[30.6796433,46.3470431],[30.6799458,46.3472976],[30.6801413,46.3474628],[30.6810689,46.3482159],[30.6815294,46.3485907],[30.6816689,46.3486948],[30.6817755,46.3487643],[30.6819142,46.3488505],[30.682086,46.3489439],[30.6823059,46.3490411],[30.6825205,46.3491258],[30.6827505,46.3492003],[30.6829993,46.3492609],[30.6832588,46.3493086],[30.6835263,46.3493415],[30.6837791,46.3493627],[30.6839766,46.3493734],[30.6840406,46.3493749],[30.6866705,46.3494354],[30.6884611,46.3494882],[30.6897122,46.349528],[30.6909372,46.3495626],[30.6917062,46.3495761],[30.6921086,46.349592],[30.6946631,46.3496791],[30.6949776,46.3496845],[30.6957623,46.3497014],[30.6960571,46.3497123],[30.6969831,46.3497964],[30.6974319,46.3498167],[30.6987401,46.3498668],[30.6997854,46.3499075],[30.7009684,46.349946],[30.701073,46.3499519],[30.7011804,46.3499397],[30.7012551,46.3499316],[30.7015126,46.3498887],[30.7016236,46.3498817],[30.7017469,46.34988],[30.7018947,46.349907]]}},{"type":"Feature","properties":{"way_id":108516049,"route_colors":[],"route_refs":["27"]},"geometry":{"type":"LineString","coordinates":[[30.7018947,46.349907],[30.7019662,46.3499125],[30.7020427,46.3499268],[30.7021067,46.3499484],[30.7021917,46.3499869],[30.702243,46.3500173],[30.70232,46.3500883],[30.7023901,46.3502011]]}},{"type":"Feature","properties":{"way_id":538115323,"route_colors":[],"route_refs":["31"]},"geometry":{"type":"LineString","coordinates":[[30.702005,46.3611159],[30.7020292,46.3611163],[30.7020349,46.3609796],[30.7020107,46.3609791],[30.702005,46.3611159]]}},{"type":"Feature","properties":{"way_id":538115401,"route_colors":[],"route_refs":["31"]},"geometry":{"type":"LineString","coordinates":[[30.7022018,46.3647549],[30.7022205,46.3648698]]}},{"type":"Feature","properties":{"way_id":537998126,"route_colors":[],"route_refs":["31","26","13"]},"geometry":{"type":"LineString","coordinates":[[30.7380017,46.466758],[30.7388164,46.4667027],[30.738813,46.4666786],[30.7379983,46.466734],[30.7380017,46.466758]]}},{"type":"Feature","properties":{"way_id":108516052,"route_colors":[],"route_refs":["31"]},"geometry":{"type":"LineString","coordinates":[[30.7019163,46.363944],[30.7019491,46.3641428],[30.7019713,46.3642527],[30.7020052,46.3643578],[30.7021645,46.3646852],[30.7021953,46.3648201],[30.7022486,46.365123],[30.7022437,46.3655753],[30.7022433,46.3660899],[30.7022293,46.3669202],[30.7022314,46.3677739],[30.7022236,46.3686314],[30.7022201,46.3688459],[30.7021838,46.3694717],[30.7021934,46.3702844],[30.70221,46.3710283],[30.7022132,46.3711026],[30.7022043,46.3719331],[30.702262,46.3723168],[30.7023862,46.3727997],[30.702508,46.3731204],[30.7027394,46.3735708],[30.7028574,46.3737383],[30.7032943,46.3742158],[30.703445,46.3743569],[30.703704,46.3745782],[30.703778,46.3746408],[30.704941,46.3755696],[30.7061661,46.3764612],[30.7077999,46.3776502],[30.710169,46.3794066],[30.7102815,46.3794901],[30.7134609,46.38184],[30.7138106,46.3820932]]}},{"type":"Feature","properties":{"way_id":108516056,"route_colors":[],"route_refs":["31"]},"geometry":{"type":"LineString","coordinates":[[30.7138106,46.3820932],[30.714159,46.3823171],[30.7145324,46.3825231],[30.7149071,46.3826995]]}},{"type":"Feature","properties":{"way_id":387585637,"route_colors":[],"route_refs":["31","26","13"]},"geometry":{"type":"LineString","coordinates":[[30.73741,46.4668223],[30.7382326,46.4667625],[30.7382451,46.466762]]}},{"type":"Feature","properties":{"way_id":50539143,"route_colors":[],"route_refs":["26","13"]},"geometry":{"type":"LineString","coordinates":[[30.7382451,46.466762],[30.7388458,46.4667193],[30.7388959,46.4667175],[30.7389418,46.4667215],[30.7389847,46.4667303],[30.7390252,46.4667422],[30.7390631,46.4667605],[30.7390963,46.4667819],[30.7391249,46.4668102],[30.7391444,46.4668366],[30.7391617,46.4668704],[30.7391698,46.4669137],[30.7391804,46.4669867]]}},{"type":"Feature","properties":{"way_id":109078978,"route_colors":[],"route_refs":["26","13"]},"geometry":{"type":"LineString","coordinates":[[30.7391957,46.4671104],[30.7391776,46.4671999],[30.7391656,46.4672506],[30.7391575,46.4673028]]}},{"type":"Feature","properties":{"way_id":31766537,"route_colors":[],"route_refs":["13"]},"geometry":{"type":"LineString","coordinates":[[30.7087014,46.4120042],[30.7089838,46.4120249],[30.7092484,46.4120443],[30.7117801,46.4122512],[30.7126685,46.4123169],[30.7129667,46.412336],[30.7132088,46.4123584],[30.7134595,46.4123828],[30.7135004,46.4123856],[30.7136855,46.4123983],[30.7161437,46.4125672],[30.7167392,46.412614],[30.7177015,46.4126897],[30.7189916,46.4127912],[30.7199525,46.4128639],[30.7201789,46.4129094],[30.7224777,46.4130957]]}},{"type":"Feature","properties":{"way_id":108452322,"route_colors":[],"route_refs":["13"]},"geometry":{"type":"LineString","coordinates":[[30.7224777,46.4130957],[30.7262693,46.413392],[30.7264437,46.4134079],[30.726962,46.4134555],[30.7272128,46.4134851],[30.7272986,46.4135161],[30.7273778,46.4135572],[30.7274381,46.4136164],[30.7274785,46.4136753],[30.7275041,46.4137222],[30.7274961,46.413845]]}},{"type":"Feature","properties":{"way_id":109277937,"route_colors":[],"route_refs":["13"]},"geometry":{"type":"LineString","coordinates":[[30.7272877,46.414175],[30.7272899,46.4141214],[30.7272899,46.4140588],[30.7272786,46.4139923],[30.7272575,46.4139305],[30.7272388,46.4138759],[30.7272024,46.4138131],[30.7271476,46.4137434],[30.7270894,46.4136987],[30.7270036,46.4136409],[30.7268514,46.4135563],[30.7266945,46.4135027],[30.7265087,46.4134634],[30.7262204,46.4134268],[30.7201868,46.4129431],[30.7199621,46.4129074],[30.7187186,46.4128157],[30.7176727,46.4127317],[30.7167443,46.4126577],[30.7161513,46.4126104],[30.7137156,46.4124404],[30.7135246,46.412427],[30.7134842,46.4124242],[30.7132269,46.4123981],[30.7129769,46.4123753],[30.7126807,46.412355],[30.7117919,46.4122877],[30.7103147,46.4121645],[30.7094055,46.4120892],[30.7092446,46.4120759],[30.7090835,46.4120943],[30.708957,46.412167],[30.708744,46.4123971],[30.7086596,46.4124336],[30.7085752,46.4124515],[30.7084537,46.412446],[30.7083531,46.4124261]]}},{"type":"Feature","properties":{"way_id":537740813,"route_colors":[],"route_refs":["13"]},"geometry":{"type":"LineString","coordinates":[[30.7083531,46.4124261],[30.7082827,46.4123862],[30.7082318,46.4123422],[30.7082153,46.412314],[30.7081972,46.4122423],[30.708206,46.4121726],[30.7082408,46.4121139],[30.7082906,46.4120634],[30.7083478,46.4120325],[30.7084109,46.4120058],[30.7085299,46.4119916],[30.7087014,46.4120042]]}},{"type":"Feature","properties":{"way_id":439815052,"route_colors":[],"route_refs":["13"]},"geometry":{"type":"LineString","coordinates":[[30.7271518,46.41383],[30.7269989,46.4136682]]}},{"type":"Feature","properties":{"way_id":303458775,"route_colors":[],"route_refs":["20"]},"geometry":{"type":"LineString","coordinates":[[30.7186017,46.4965178],[30.718647,46.496538],[30.7186854,46.496559],[30.7187235,46.4965913],[30.7187426,46.4966159],[30.7187587,46.4966455],[30.7187684,46.4966822],[30.7187655,46.496721],[30.7187507,46.4967607],[30.7187255,46.4967947],[30.7186954,46.4968221],[30.7186531,46.4968466],[30.7186056,46.4968672],[30.7185467,46.4968784],[30.7184914,46.4968821],[30.7184187,46.4968732]]}},{"type":"Feature","properties":{"way_id":303458780,"route_colors":[],"route_refs":["20"]},"geometry":{"type":"LineString","coordinates":[[30.7175837,46.4962687],[30.7175171,46.4962092],[30.7174894,46.496193],[30.7174566,46.4961791],[30.7174082,46.4961672],[30.7173615,46.496161],[30.7173056,46.4961592],[30.7172654,46.4961649],[30.7172251,46.4961721],[30.7171753,46.4961949],[30.7171335,46.4962208],[30.7171024,46.4962497],[30.7170775,46.4962841],[30.7170623,46.4963178],[30.7170227,46.4965084],[30.7169608,46.4966335],[30.7169499,46.4966586],[30.7169306,46.496703],[30.716886,46.4967948]]}},{"type":"Feature","properties":{"way_id":486585885,"route_colors":[],"route_refs":["20"]},"geometry":{"type":"LineString","coordinates":[[30.716886,46.4967948],[30.7167782,46.4970009]]}},{"type":"Feature","properties":{"way_id":486585880,"route_colors":[],"route_refs":["20"]},"geometry":{"type":"LineString","coordinates":[[30.7167782,46.4970009],[30.716764,46.4970263],[30.7167369,46.4970797],[30.7167146,46.4971525],[30.7167088,46.497192],[30.7166965,46.4972288],[30.7166749,46.4972621],[30.7166565,46.4972892],[30.7166259,46.4973156],[30.7166013,46.4973319],[30.7165593,46.497355],[30.7165114,46.4973749],[30.7164659,46.4973905],[30.7164052,46.497405],[30.7162805,46.4974223],[30.7161464,46.4974404],[30.7158829,46.49748],[30.7156129,46.4975472],[30.7153261,46.4976321],[30.7150636,46.4977205],[30.7148057,46.4978223],[30.7145765,46.4979219],[30.7143739,46.4980264],[30.7140711,46.4981979],[30.713946,46.4982683],[30.7138819,46.4982952],[30.7138042,46.4983048],[30.713471,46.4982522],[30.7132582,46.49822],[30.7131559,46.4982042],[30.7130581,46.498174],[30.7129913,46.4981387],[30.7129522,46.4980987],[30.7128679,46.4979715],[30.712816,46.4979221],[30.7127686,46.4978769],[30.7126148,46.4978008],[30.7119047,46.4976322],[30.7106198,46.4972999],[30.7103928,46.4972417],[30.7102695,46.4972136],[30.7101763,46.4971944],[30.7101219,46.4971922],[30.7099841,46.497226],[30.7099319,46.497253],[30.709898,46.4972706],[30.7096544,46.4976392],[30.709309,46.4981033],[30.7091424,46.4983271],[30.7084951,46.4991571],[30.7083739,46.4992849],[30.7083536,46.4993063],[30.7080143,46.4996997],[30.7077814,46.499974],[30.7075322,46.500245],[30.7068635,46.5010197],[30.706781,46.5011057],[30.7066841,46.5011894],[30.7065979,46.5012459],[30.7065824,46.501256],[30.7064784,46.501308],[30.7062774,46.5013836],[30.7061313,46.5014279],[30.7060635,46.5014485],[30.7054737,46.5016241],[30.7050639,46.501757],[30.7048882,46.5018137],[30.7035859,46.5022145],[30.7011165,46.502962],[30.7005824,46.5031285],[30.7005022,46.503153],[30.7003587,46.5031968],[30.7000488,46.5032914],[30.699981,46.503322],[30.6999236,46.5033574],[30.6997975,46.5034541],[30.699753,46.5035082],[30.6997213,46.5035606],[30.6997176,46.5035725],[30.6996907,46.5036595],[30.6996832,46.5037579],[30.6997374,46.5039468],[30.7001578,46.5047639],[30.700597,46.5055678],[30.7006251,46.5056939],[30.7006396,46.5058332],[30.700601,46.5059622],[30.7005461,46.5060957],[30.700453,46.5062383],[30.7002991,46.5063887],[30.6999344,46.5067373],[30.6998965,46.506772],[30.6991342,46.5074698],[30.6984225,46.5080453],[30.6978866,46.5084833],[30.6976429,46.5086824],[30.6973304,46.5089378],[30.6962082,46.5098306],[30.6959675,46.5100282],[30.6958414,46.5101486],[30.6957536,46.5102325],[30.6955984,46.5104177],[30.6954672,46.5105791],[30.6953639,46.5107326],[30.6952546,46.5109271],[30.6951661,46.5111087],[30.695127,46.511189],[30.6945232,46.512599],[30.6937916,46.5143147],[30.6933614,46.5154331],[30.6933027,46.5156693],[30.6932136,46.5160041],[30.6930759,46.5166058],[30.6930075,46.5168911],[30.6929821,46.5169917],[30.6929103,46.517192],[30.6928337,46.5173505],[30.6926652,46.5176289],[30.6925207,46.5178575],[30.6921692,46.518395],[30.6919698,46.5186767],[30.6917497,46.5189289],[30.6915749,46.5190845],[30.691402,46.5192091],[30.6909034,46.5194721],[30.6907778,46.5195382],[30.6906564,46.5196126],[30.6905826,46.5196612],[30.6905449,46.5196939],[30.6904995,46.5197351],[30.6902005,46.5201103],[30.6899135,46.5204782],[30.6897396,46.5206385],[30.6893758,46.5209434],[30.6889935,46.5212605],[30.6887034,46.5215169],[30.6884998,46.5216679],[30.6882407,46.5218225],[30.6879832,46.5219591],[30.6877109,46.5220889],[30.6871205,46.5224037],[30.6867698,46.5226075],[30.6865071,46.5228235],[30.6861649,46.5231318],[30.6858843,46.5235403],[30.6856239,46.5239759],[30.6852225,46.5246488],[30.6851759,46.5247277],[30.6849248,46.5251503],[30.684794,46.525347],[30.6847106,46.5254344],[30.6846153,46.5255039],[30.6841068,46.5258413],[30.6834623,46.526247],[30.6830785,46.5265003],[30.6827207,46.5267606],[30.6823962,46.5270735],[30.6821076,46.5273624],[30.6815222,46.5279421],[30.6812317,46.528219],[30.681071,46.5283723],[30.6806517,46.5287935],[30.6797814,46.5296364],[30.6789838,46.5308871],[30.678816,46.5313004],[30.6786303,46.5317579],[30.6784731,46.5321452],[30.6782025,46.5327793],[30.6778947,46.5334052],[30.6777083,46.53384],[30.677686,46.5339907],[30.677693,46.5340609],[30.6777172,46.5341362],[30.6777858,46.5343273],[30.6778944,46.5345109],[30.678172,46.5349946],[30.6781902,46.5350649],[30.6781966,46.5352998],[30.6781884,46.5356297],[30.6781654,46.5359546],[30.6781183,46.536609],[30.6780785,46.5367579],[30.6780133,46.5368962],[30.6778771,46.5371082],[30.6777886,46.5372211],[30.6776016,46.5374399],[30.6772047,46.537863],[30.6764164,46.5387097],[30.6763006,46.5388296],[30.6762805,46.5388504],[30.6762329,46.5388869],[30.676152,46.5389769],[30.6760555,46.5390626],[30.6758895,46.539189],[30.6756909,46.5393132],[30.6752302,46.5395466],[30.6747743,46.539779],[30.6738525,46.5402383],[30.6736164,46.5403555],[30.6733703,46.5404796],[30.672875,46.5407255],[30.6717743,46.5412748]]}},{"type":"Feature","properties":{"way_id":732464796,"route_colors":[],"route_refs":["20"]},"geometry":{"type":"LineString","coordinates":[[30.6717743,46.5412748],[30.6715696,46.5413666],[30.6714878,46.5414038],[30.6713183,46.5414793],[30.671232,46.5415286],[30.6711613,46.5416197],[30.6711303,46.5417334],[30.6711286,46.5418019],[30.6711162,46.5418744],[30.6710752,46.5419439],[30.6709788,46.5419947],[30.6708665,46.5420173],[30.6707608,46.5420075],[30.6706693,46.5419758],[30.6706016,46.5419249],[30.6705654,46.5418728],[30.6705577,46.5418138],[30.6705874,46.5417408],[30.6706322,46.5416903],[30.6707013,46.5416454],[30.670835,46.5415958],[30.67134,46.5414144],[30.6717423,46.541245]]}},{"type":"Feature","properties":{"way_id":539634645,"route_colors":[],"route_refs":["20"]},"geometry":{"type":"LineString","coordinates":[[30.6717423,46.541245],[30.6718807,46.5411747],[30.6728521,46.5406906],[30.6733392,46.540448],[30.6735934,46.5403284],[30.6738328,46.5402048],[30.6747464,46.5397463],[30.6752056,46.5395162],[30.675658,46.5392752],[30.6758502,46.5391642],[30.6760148,46.5390381],[30.676122,46.5389255],[30.6761863,46.5388616],[30.6762732,46.5387857],[30.6763562,46.5386947],[30.6771473,46.5378529],[30.6775426,46.5374241],[30.6777312,46.537203],[30.6778165,46.5370925],[30.6779037,46.5369795],[30.6779624,46.536886],[30.6780051,46.536798],[30.6780653,46.5366092],[30.678113,46.535958],[30.6781228,46.5356263],[30.6781304,46.5354545],[30.6781356,46.5352999],[30.6781356,46.5351841],[30.6781275,46.5350793],[30.6781111,46.5350031],[30.6778367,46.5345452],[30.6777796,46.5344286],[30.6777347,46.5343369],[30.6776477,46.5341404],[30.6776211,46.5340672],[30.6776141,46.5339875],[30.677638,46.533838],[30.6778513,46.5333982],[30.6781451,46.5327748],[30.6784108,46.5321441],[30.6788142,46.5311536],[30.6789271,46.5308765],[30.6797335,46.529619],[30.6805872,46.5287751],[30.681012,46.5283497],[30.6813087,46.5280634],[30.6814509,46.5279262],[30.6820485,46.5273432],[30.6823503,46.5270487],[30.6826571,46.5267513],[30.6830244,46.5264833],[30.6834115,46.5262261],[30.6840527,46.525813],[30.6845726,46.5254779],[30.6846663,46.5254098],[30.6847383,46.5253357],[30.6848383,46.5251961],[30.6850728,46.5247921],[30.6851183,46.5247143],[30.6852441,46.524502],[30.6855665,46.5239579],[30.6858416,46.5235008],[30.6860895,46.5231404],[30.6864956,46.5227648],[30.6867208,46.5225771],[30.6870696,46.5223811],[30.6874178,46.5221962],[30.6880767,46.5218564],[30.6884145,46.5216702],[30.6885588,46.521572],[30.6886966,46.5214648],[30.6888126,46.5213545],[30.6892973,46.5209393],[30.6895723,46.5207119],[30.6898298,46.5204907],[30.6901365,46.5200979],[30.6903087,46.51987],[30.6904745,46.5196764],[30.6905728,46.5196014],[30.6906813,46.5195344],[30.6910943,46.5193215],[30.6913551,46.519186],[30.6915136,46.5190775],[30.6916743,46.5189396],[30.6918306,46.518772],[30.6919614,46.5185794],[30.692108,46.5183899],[30.6924548,46.5178487],[30.6926114,46.5176102],[30.6927812,46.5173302],[30.6928546,46.5171848],[30.6929273,46.516983],[30.6929546,46.5168689],[30.6930196,46.5166131],[30.6931557,46.5160128],[30.6932515,46.5156639],[30.6933069,46.5154307],[30.6937197,46.5143053],[30.6944305,46.5126828],[30.6950889,46.5111798],[30.6951215,46.5111078],[30.695205,46.5109232],[30.6953032,46.5107348],[30.6954098,46.5105712],[30.695541,46.5104041],[30.6956803,46.5102478],[30.6958005,46.5101321],[30.6959248,46.5100124],[30.6961916,46.5097894],[30.6972943,46.5089017],[30.6977101,46.5085643],[30.6978513,46.5084497],[30.6983777,46.5080226],[30.6990823,46.5074628],[30.6998168,46.5067842],[30.6998533,46.5067505],[30.7002734,46.5063624],[30.7004053,46.5062203],[30.7005004,46.5060777],[30.7005376,46.5059585],[30.7005618,46.5058308],[30.7005529,46.5057007],[30.7005243,46.5055683],[30.7000035,46.5046141],[30.699833,46.5042627],[30.6997427,46.5041056],[30.6996714,46.5039504],[30.6996245,46.5037588],[30.6996316,46.5036482],[30.6996479,46.5036017],[30.6996688,46.5035421],[30.6997272,46.5034556],[30.6998506,46.5033518],[30.6999236,46.503305],[30.7000025,46.503264],[30.7002193,46.5031982],[30.7002614,46.5031854],[30.7003451,46.5031612],[30.7005322,46.5031071],[30.7010939,46.5029297],[30.7035663,46.5021761],[30.7047881,46.5018002],[30.7049333,46.5017546],[30.7050434,46.5017212],[30.7054212,46.5016015],[30.7060422,46.5014083],[30.706256,46.5013441],[30.7063581,46.501306],[30.7064649,46.5012662],[30.7065611,46.5012222],[30.7065754,46.5012118],[30.7066447,46.5011612],[30.7067318,46.5010809],[30.7068139,46.5009944],[30.7074498,46.5002476],[30.7076994,46.4999763],[30.7079405,46.4996974],[30.7083283,46.4992674],[30.7084314,46.4991531],[30.7086878,46.4988583],[30.7089322,46.4985625],[30.7092687,46.4980983],[30.709597,46.4976325],[30.7097645,46.4973841],[30.7098603,46.4972421],[30.7099065,46.4972195],[30.7099415,46.4972023],[30.7101052,46.4971567],[30.7101645,46.4971569],[30.7102219,46.4971659],[30.7103576,46.4971951],[30.71065,46.4972717],[30.7119243,46.4976017],[30.7126372,46.4977568],[30.7127756,46.4978194],[30.7128653,46.4978904],[30.7128836,46.4979048],[30.7130016,46.498041],[30.7130562,46.4981052],[30.7131212,46.4981371],[30.7132003,46.4981524],[30.7132933,46.4981694],[30.7134238,46.4981908],[30.7138112,46.4982571],[30.7138956,46.498244],[30.7140115,46.4981833],[30.7143352,46.4980016],[30.7147759,46.4977965],[30.7153164,46.4976017],[30.7155713,46.4975249],[30.7158636,46.4974529],[30.7161185,46.4974115],[30.7162561,46.4973902],[30.7163797,46.4973722],[30.7164287,46.4973641],[30.7164772,46.4973489],[30.7165227,46.4973276],[30.7165608,46.4973064],[30.7165947,46.49728],[30.7166253,46.4972489],[30.716646,46.4972198],[30.7166681,46.497184],[30.71677,46.4969987]]}},{"type":"Feature","properties":{"way_id":486585879,"route_colors":[],"route_refs":["20"]},"geometry":{"type":"LineString","coordinates":[[30.71677,46.4969987],[30.7168778,46.4967926]]}},{"type":"Feature","properties":{"way_id":486585886,"route_colors":[],"route_refs":["20"]},"geometry":{"type":"LineString","coordinates":[[30.7168778,46.4967926],[30.7169373,46.4966629],[30.7169648,46.4964905],[30.7169746,46.4964127],[30.7169862,46.496347],[30.7170096,46.4962142],[30.7170281,46.4961599],[30.7170459,46.4961307],[30.7170549,46.4961158],[30.7170958,46.4960769],[30.7171346,46.4960519],[30.7171412,46.4960463],[30.7172044,46.4960263],[30.717247,46.4960179],[30.7172988,46.4960115],[30.7173345,46.4960125],[30.717369,46.4960196],[30.7174558,46.4960523]]}},{"type":"Feature","properties":{"way_id":361666020,"route_colors":[],"route_refs":["11"]},"geometry":{"type":"LineString","coordinates":[[30.7385624,46.4668267],[30.738846,46.4667678]]}},{"type":"Feature","properties":{"way_id":108634885,"route_colors":[],"route_refs":["11"]},"geometry":{"type":"LineString","coordinates":[[30.7306061,46.4686624],[30.7304475,46.4686795],[30.7303779,46.46869],[30.7301194,46.4687108],[30.7298836,46.468727]]}},{"type":"Feature","properties":{"way_id":108634888,"route_colors":[],"route_refs":["11"]},"geometry":{"type":"LineString","coordinates":[[30.7299004,46.4686926],[30.7303772,46.4686543],[30.7305802,46.4686375]]}},{"type":"Feature","properties":{"way_id":537966739,"route_colors":[],"route_refs":["21"]},"geometry":{"type":"LineString","coordinates":[[30.7258034,46.4731262],[30.7258392,46.4732513],[30.7258515,46.4732496],[30.7258157,46.4731246],[30.7258034,46.4731262]]}},{"type":"Feature","properties":{"way_id":539110426,"route_colors":[],"route_refs":["21"]},"geometry":{"type":"LineString","coordinates":[[30.6886375,46.4656404],[30.6886201,46.4655389],[30.6886215,46.4655033],[30.6886335,46.4654708],[30.6886594,46.4654356],[30.6886887,46.4654076],[30.6887328,46.4653814],[30.6887853,46.465363],[30.6888327,46.4653533],[30.6889164,46.465345],[30.6890288,46.465337],[30.6891246,46.4653315],[30.6891711,46.4653343],[30.6892176,46.465345],[30.689267,46.4653628],[30.6893094,46.46539],[30.6893431,46.4654217],[30.689365,46.4654582],[30.6893818,46.4654982],[30.6894235,46.4657507],[30.6894359,46.4658226]]}},{"type":"Feature","properties":{"way_id":995229474,"route_colors":[],"route_refs":["21"]},"geometry":{"type":"LineString","coordinates":[[30.6894359,46.4658226],[30.6894689,46.4660156],[30.6894789,46.4660524],[30.6895026,46.4660978],[30.6895281,46.4661262],[30.6895606,46.466153],[30.6896043,46.4661757],[30.6896546,46.4661941],[30.6897156,46.4662047],[30.6897538,46.4662066]]}},{"type":"Feature","properties":{"way_id":1192797403,"route_colors":[],"route_refs":["21"]},"geometry":{"type":"LineString","coordinates":[[30.6897538,46.4662066],[30.6898771,46.4661972],[30.6899808,46.4661871],[30.6902554,46.4661647],[30.6909463,46.4661083],[30.6916893,46.4660477],[30.6921725,46.4660083],[30.6926521,46.4659691],[30.6942369,46.4658398],[30.6944784,46.4658201],[30.6949485,46.4657817],[30.6954003,46.4657449],[30.6967129,46.4656377],[30.6978944,46.4655413],[30.6986569,46.4654791],[30.6994972,46.4654105],[30.6996389,46.4653989],[30.7017802,46.4652242],[30.7021138,46.465197],[30.7049663,46.4649642],[30.705091,46.464954],[30.70621,46.4648627],[30.7064215,46.4648454],[30.7065888,46.4648317],[30.7084649,46.4646786],[30.7103519,46.4645246],[30.7110981,46.4644637],[30.7112087,46.4644547],[30.7130399,46.4643052],[30.7131333,46.4642976],[30.7132167,46.4642965],[30.7132864,46.4643036],[30.7133424,46.4643161],[30.7134008,46.4643376],[30.7134554,46.4643646],[30.7135372,46.4644228],[30.7137015,46.4645518],[30.7138376,46.4646586],[30.716973,46.4671194],[30.7184928,46.4683122],[30.7185365,46.4683465],[30.718668,46.468448],[30.7187939,46.4685391],[30.7194923,46.4690279],[30.7195196,46.4690465],[30.7200483,46.4693913],[30.7219876,46.4705955],[30.7221435,46.4706922],[30.7224763,46.4708989],[30.7234743,46.4715096],[30.7255016,46.4727501]]}},{"type":"Feature","properties":{"way_id":109238597,"route_colors":[],"route_refs":["21"]},"geometry":{"type":"LineString","coordinates":[[30.7255016,46.4727501],[30.7256457,46.4728356],[30.7257051,46.4728838],[30.7257463,46.4729499],[30.7257706,46.473019],[30.7258024,46.4731889],[30.7258159,46.4732253],[30.7258567,46.4734153],[30.7258266,46.4735055]]}},{"type":"Feature","properties":{"way_id":108637556,"route_colors":[],"route_refs":["21"]},"geometry":{"type":"LineString","coordinates":[[30.7237646,46.4753478],[30.7237451,46.4753862],[30.7237407,46.4754095],[30.7237391,46.475418],[30.7237393,46.4754477],[30.7237463,46.4754789],[30.7237598,46.4755135],[30.7237744,46.4755386],[30.7237915,46.4755563],[30.7238207,46.4755777],[30.72424,46.4758164],[30.724419,46.4759142],[30.7249486,46.4762163],[30.7252171,46.4763695],[30.7259859,46.4768081],[30.7264383,46.4770661],[30.7266659,46.477196],[30.727036,46.4774071],[30.7274136,46.4776225],[30.72822,46.4780639],[30.7297537,46.4789448],[30.7302689,46.4792379],[30.7306935,46.4794794],[30.7310608,46.4796883],[30.7313002,46.4798245],[30.7313438,46.4798359],[30.731399,46.4798367],[30.7314454,46.479828],[30.7315004,46.4798079]]}},{"type":"Feature","properties":{"way_id":108637554,"route_colors":[],"route_refs":["21"]},"geometry":{"type":"LineString","coordinates":[[30.7315953,46.4797355],[30.7316564,46.4796983],[30.7316925,46.479684],[30.731732,46.4796714],[30.7317722,46.4796665],[30.7318161,46.479667],[30.7318577,46.4796707],[30.7318912,46.4796779],[30.7319194,46.4796873],[30.7319418,46.4796976],[30.7319655,46.4797115],[30.7319862,46.4797347],[30.7320083,46.4797728]]}},{"type":"Feature","properties":{"way_id":539110421,"route_colors":[],"route_refs":["21"]},"geometry":{"type":"LineString","coordinates":[[30.7315384,46.4800379],[30.7313739,46.4799406],[30.731357,46.4799311],[30.7309567,46.4796935],[30.7306879,46.4795304]]}},{"type":"Feature","properties":{"way_id":108637559,"route_colors":[],"route_refs":["21"]},"geometry":{"type":"LineString","coordinates":[[30.7306879,46.4795304],[30.7303626,46.4793496],[30.7297139,46.4789759],[30.728914,46.4785314],[30.7281582,46.4781114],[30.7270474,46.4774843],[30.7266117,46.4772383],[30.7261461,46.4769635],[30.725798,46.4767639],[30.7254217,46.4765445],[30.7249929,46.4762945],[30.7245919,46.4760607],[30.7242137,46.4758402],[30.7240383,46.4757379],[30.7240048,46.4757184],[30.7237913,46.4756057],[30.7237611,46.4755858],[30.7237338,46.4755627],[30.7237168,46.4755368],[30.7236981,46.4754883],[30.7236961,46.4754536],[30.7236961,46.4754455],[30.723696,46.4754261],[30.7236996,46.4753978],[30.7237166,46.4753438]]}},{"type":"Feature","properties":{"way_id":995229475,"route_colors":[],"route_refs":["21"]},"geometry":{"type":"LineString","coordinates":[[30.7257674,46.4735036],[30.7257968,46.473403],[30.7257879,46.4733367],[30.7257331,46.473077],[30.7257044,46.4729743],[30.7256709,46.4729067],[30.7256276,46.4728644],[30.7254772,46.4727733]]}},{"type":"Feature","properties":{"way_id":1192797404,"route_colors":[],"route_refs":["21"]},"geometry":{"type":"LineString","coordinates":[[30.7254772,46.4727733],[30.7235194,46.471577],[30.7226888,46.4710695],[30.7224479,46.4709223],[30.7200231,46.4694132],[30.7194877,46.4690708],[30.7190683,46.4687796],[30.7188223,46.4686008],[30.7187735,46.4685653],[30.7186502,46.4684755],[30.7185087,46.4683668],[30.7155702,46.4660617],[30.715181,46.4657563],[30.7139199,46.464767],[30.7138059,46.4646732],[30.7135369,46.4644665],[30.7134229,46.4643864],[30.7133692,46.4643607],[30.7133139,46.4643434],[30.7132198,46.4643288],[30.7131376,46.4643267],[30.7130347,46.4643351],[30.7112086,46.4644843],[30.7103268,46.4645563],[30.7084659,46.4647083],[30.7071079,46.4648193],[30.7065866,46.4648619],[30.7064225,46.4648753],[30.7054517,46.4649546],[30.704828,46.4650055],[30.7047333,46.4650133],[30.7038591,46.4650847],[30.7024893,46.4651966],[30.7022176,46.4652188],[30.7017721,46.4652552],[30.7010963,46.4653104],[30.7003971,46.4653675],[30.6997422,46.465421],[30.6996428,46.4654291],[30.6994342,46.4654461],[30.6990811,46.465475],[30.6978996,46.4655715],[30.6966939,46.46567],[30.695213,46.465791],[30.694781,46.4658262],[30.6909678,46.4661377],[30.6901502,46.4662045],[30.6898862,46.4662261],[30.6897397,46.4662352],[30.689627,46.4662306]]}},{"type":"Feature","properties":{"way_id":109238600,"route_colors":[],"route_refs":["21"]},"geometry":{"type":"LineString","coordinates":[[30.689627,46.4662306],[30.6895982,46.4662246],[30.6895606,46.4662121],[30.6895325,46.4661946],[30.6895023,46.4661687],[30.6894676,46.4661306],[30.6894456,46.4661071],[30.6894182,46.4660795],[30.6893822,46.466056],[30.6893326,46.4660366],[30.6892968,46.4660293],[30.6892618,46.4660262],[30.6892064,46.4660274]]}},{"type":"Feature","properties":{"way_id":539110425,"route_colors":[],"route_refs":["21"]},"geometry":{"type":"LineString","coordinates":[[30.6892064,46.4660274],[30.6890669,46.4660392],[30.688932,46.4660488],[30.6888892,46.4660462],[30.6888484,46.4660391],[30.6888139,46.4660275],[30.6887837,46.4660137],[30.6887548,46.4659981],[30.6887309,46.465977],[30.6887111,46.4659527],[30.6886975,46.4659295],[30.688686,46.465903],[30.6886762,46.4658609],[30.6886675,46.4658187],[30.6886512,46.4657217],[30.6886375,46.4656404]]}},{"type":"Feature","properties":{"way_id":537708809,"route_colors":[],"route_refs":["17","18"]},"geometry":{"type":"LineString","coordinates":[[30.7396931,46.4527735],[30.7394926,46.4526988]]}},{"type":"Feature","properties":{"way_id":26439865,"route_colors":[],"route_refs":["17","18"]},"geometry":{"type":"LineString","coordinates":[[30.7458767,46.4668891],[30.7459362,46.4668103],[30.7459771,46.4667404],[30.7459993,46.4666921],[30.7460179,46.4666318],[30.7460228,46.4664446],[30.7459067,46.4656485],[30.7457579,46.4647804],[30.7457851,46.4644699],[30.7458169,46.4643598],[30.7458267,46.4642083],[30.7457638,46.4637676],[30.7457413,46.4636099],[30.7455872,46.4625294],[30.7455781,46.4624682],[30.745568,46.4624028],[30.7454091,46.4613698],[30.7453935,46.4612498],[30.7453112,46.4606892],[30.7451395,46.4595196],[30.7448121,46.4572894],[30.7448684,46.4566808],[30.7450495,46.4563342],[30.745168,46.4559685],[30.7452666,46.4556639],[30.7452401,46.4554768],[30.7452203,46.4553628],[30.745207,46.455328],[30.745183,46.4552655],[30.7450767,46.4550785],[30.744954,46.4548971],[30.7448153,46.4547761],[30.744703,46.4547013],[30.7446147,46.4546438],[30.744535,46.4546054],[30.7442997,46.4545049],[30.7441366,46.4544353],[30.7436596,46.4542531],[30.7434551,46.454175],[30.7396075,46.4527311],[30.739281,46.4526095],[30.739093,46.4525153],[30.7390276,46.4524569],[30.738981,46.4524153],[30.7389433,46.4523816],[30.7388927,46.4523387],[30.7387424,46.452183],[30.738682,46.4520824],[30.7386354,46.4517939],[30.7386502,46.4516596],[30.738681,46.4513803],[30.739378,46.4500314],[30.7394729,46.4498476],[30.7401502,46.4485367],[30.7409721,46.4469912],[30.7410024,46.4469319],[30.7419947,46.4450756],[30.7422866,46.4444821],[30.7427311,46.4436392],[30.7427583,46.4435873],[30.7427943,46.4435187],[30.7455618,46.4382473],[30.7456122,46.4381515],[30.7456662,46.4380469],[30.7457314,46.4379231],[30.745742,46.4379006],[30.7458295,46.4377444],[30.7458801,46.4376364],[30.7459327,46.437536],[30.7459703,46.4374658],[30.7464907,46.4364959],[30.7467652,46.4359848],[30.7471062,46.4352831],[30.7476893,46.4341916]]}},{"type":"Feature","properties":{"way_id":109300366,"route_colors":[],"route_refs":["17","18"]},"geometry":{"type":"LineString","coordinates":[[30.7476893,46.4341916],[30.7478201,46.433951],[30.747964,46.4336895],[30.7480272,46.4335747],[30.7485738,46.4325569],[30.7487775,46.4321773],[30.7491438,46.431466],[30.7494317,46.4309069],[30.7494959,46.4307913],[30.7502796,46.4294031],[30.7506879,46.4286964],[30.7513044,46.4274122],[30.7513514,46.4273139],[30.7514142,46.4271827],[30.7514798,46.4270569],[30.7518225,46.4263992],[30.7520685,46.4259271],[30.7525403,46.4250217],[30.7527371,46.4246441],[30.7527575,46.4245894],[30.7528026,46.4244669],[30.7531578,46.4235021],[30.753299,46.4231186],[30.7535616,46.4224082],[30.7538821,46.4216208],[30.7541645,46.420797],[30.7541493,46.4206867],[30.7541446,46.4206502],[30.7541259,46.4205986],[30.7540784,46.4205137],[30.7539825,46.4204151],[30.7536957,46.4201202],[30.7534792,46.4198952],[30.7533384,46.4196769],[30.7531487,46.4183874],[30.753136,46.418301],[30.7531018,46.4181711],[30.7529535,46.4178683],[30.752599,46.4174985],[30.7523621,46.4172423],[30.752151,46.4169968],[30.7520575,46.416832],[30.7520153,46.4166542],[30.7520084,46.4165505],[30.7520121,46.4165262],[30.7520735,46.4163515],[30.752161,46.4161801],[30.7522633,46.4160714],[30.7526296,46.415682],[30.7531131,46.4151893],[30.7537594,46.4146118],[30.7537804,46.4145932],[30.7539015,46.4144858],[30.7539173,46.4144679],[30.7539309,46.4144525],[30.753945,46.414421],[30.7540051,46.4142871],[30.7540096,46.4141845],[30.7539841,46.4140995],[30.7538779,46.4138951],[30.7534965,46.4133425],[30.7531926,46.4127779],[30.7532107,46.4125149],[30.7533253,46.4122648],[30.7538387,46.4117577],[30.7542167,46.4115423],[30.7548934,46.4111554]]}},{"type":"Feature","properties":{"way_id":109312558,"route_colors":[],"route_refs":["17"]},"geometry":{"type":"LineString","coordinates":[[30.7548934,46.4111554],[30.7549933,46.4111213],[30.75503,46.4111088],[30.7550716,46.4110903],[30.755144,46.4110764],[30.7552429,46.4110805],[30.7553472,46.411097],[30.7554118,46.4111146]]}},{"type":"Feature","properties":{"way_id":537708806,"route_colors":[],"route_refs":["17","18"]},"geometry":{"type":"LineString","coordinates":[[30.7387436,46.4519585],[30.7387282,46.4519604],[30.7387081,46.4519082],[30.7387101,46.4518541],[30.7387289,46.4518513],[30.7387232,46.4519091],[30.7387436,46.4519585]]}},{"type":"Feature","properties":{"way_id":537714711,"route_colors":[],"route_refs":["17","18"]},"geometry":{"type":"LineString","coordinates":[[30.7451775,46.4561757],[30.7451546,46.4561713],[30.7451924,46.4560576],[30.7452173,46.4560617],[30.7451775,46.4561757]]}},{"type":"Feature","properties":{"way_id":539320094,"route_colors":[],"route_refs":["17"]},"geometry":{"type":"LineString","coordinates":[[30.7554118,46.4111146],[30.7555074,46.4111749],[30.7555588,46.4112367],[30.7555875,46.4113037],[30.7556026,46.4113772]]}},{"type":"Feature","properties":{"way_id":109312559,"route_colors":[],"route_refs":["17","18"]},"geometry":{"type":"LineString","coordinates":[[30.7556026,46.4113772],[30.7555111,46.4125518],[30.7554838,46.4134188],[30.7554291,46.4135945],[30.7553352,46.4137513],[30.7552051,46.413882],[30.75475,46.4141215],[30.7542554,46.4143504],[30.7541369,46.4144164],[30.7540292,46.4144782],[30.7539797,46.4145066],[30.7539329,46.4145335]]}},{"type":"Feature","properties":{"way_id":109242731,"route_colors":[],"route_refs":["17","18"]},"geometry":{"type":"LineString","coordinates":[[30.7539329,46.4145335],[30.7538182,46.41463],[30.7537051,46.4147251],[30.7531338,46.4152029],[30.752661,46.4156949],[30.7523047,46.4160885],[30.7522093,46.416194],[30.7521139,46.4163583],[30.752054,46.4165476],[30.7520649,46.4166523],[30.7521052,46.4168346],[30.7521991,46.416994],[30.7524026,46.4172218],[30.7526363,46.4174845],[30.7530021,46.417852],[30.7530263,46.4179067],[30.7531399,46.4181639],[30.753182,46.4183019],[30.7531946,46.4183835],[30.7533919,46.4196643],[30.75352,46.4198768],[30.7537303,46.4200942],[30.7540363,46.4203948],[30.7541313,46.4204881],[30.7541561,46.4205406],[30.7542163,46.4206738],[30.754218,46.4207942],[30.7541692,46.4209374],[30.7541126,46.4210939],[30.7536113,46.4224114],[30.7532827,46.4232754],[30.7532063,46.4234858],[30.7528465,46.4244771],[30.7528069,46.4245863],[30.7527485,46.4247328],[30.7525924,46.4250359],[30.7521242,46.4259453],[30.7518816,46.4264166],[30.7516279,46.4269093],[30.7515451,46.4270687],[30.7514795,46.4271949],[30.7514352,46.427286],[30.7507467,46.4287024],[30.7503701,46.4294337],[30.7496579,46.4307115],[30.7495975,46.4308198],[30.7492361,46.4314848],[30.7488521,46.4321912],[30.7486441,46.4325795],[30.748089,46.4335895],[30.7478737,46.433983],[30.7477764,46.4341345],[30.747545,46.4345401]]}},{"type":"Feature","properties":{"way_id":109299516,"route_colors":[],"route_refs":["17","18"]},"geometry":{"type":"LineString","coordinates":[[30.747545,46.4345401],[30.747149,46.4352943],[30.7467845,46.4359897],[30.7465259,46.4365065],[30.746054,46.4373842],[30.7460065,46.4374749],[30.7459449,46.4375926],[30.7459042,46.4376683],[30.7458973,46.4376812],[30.7458932,46.4376887],[30.7458627,46.4377544],[30.7457686,46.4379326],[30.7456984,46.4380588],[30.7456455,46.4381594],[30.7429113,46.4434541],[30.7428678,46.4435383],[30.7428333,46.4436051],[30.7423656,46.4445107],[30.7420565,46.4450918],[30.741098,46.4468817],[30.7410631,46.4469464],[30.7401971,46.4485527],[30.7396012,46.4496912],[30.7395148,46.4498564],[30.7387137,46.4513868],[30.7386801,46.4516662],[30.7386652,46.4517906],[30.7386891,46.4519193],[30.7387179,46.4520748],[30.7387743,46.4521669],[30.7389573,46.4523692],[30.7390112,46.45241],[30.7390445,46.4524352],[30.7391291,46.4524992],[30.7392742,46.4525713],[30.7436809,46.4542278],[30.7441344,46.4543983],[30.7443037,46.4544656],[30.7444872,46.4545386],[30.7445735,46.4545843],[30.7446532,46.454631],[30.7447216,46.4546747],[30.7448305,46.4547525],[30.7449092,46.4548141],[30.7449978,46.4548834],[30.745128,46.4550828],[30.7452365,46.4552606],[30.7452496,46.4553057],[30.7452666,46.4553639],[30.7452815,46.4554734],[30.7453003,46.4556779],[30.7451926,46.4559823],[30.7451444,46.4561186],[30.7450686,46.4563461],[30.7449028,46.4566833],[30.7448403,46.4572878],[30.7451678,46.4595178],[30.7453394,46.4606867],[30.7454061,46.4611406],[30.7454223,46.4612478],[30.7455991,46.4624009],[30.7456091,46.462466],[30.7456173,46.4625276],[30.7457612,46.4636079],[30.7457823,46.4637664],[30.7458424,46.4642178],[30.7458332,46.4643499],[30.7458214,46.4643995],[30.7458106,46.4644679],[30.7457782,46.4647902]]}},{"type":"Feature","properties":{"way_id":109070082,"route_colors":[],"route_refs":["17","18"]},"geometry":{"type":"LineString","coordinates":[[30.7457782,46.4647902],[30.7459443,46.4656483],[30.7460566,46.4664401]]}},{"type":"Feature","properties":{"way_id":109300375,"route_colors":[],"route_refs":["17","18"]},"geometry":{"type":"LineString","coordinates":[[30.7460566,46.4664401],[30.7460475,46.4667184],[30.7460254,46.4667873],[30.7460054,46.4668463],[30.7459631,46.4669435],[30.7459496,46.4669931],[30.7459424,46.4670297],[30.7459424,46.4670644],[30.745946,46.4670991]]}},{"type":"Feature","properties":{"way_id":539439152,"route_colors":[],"route_refs":["18"]},"geometry":{"type":"LineString","coordinates":[[30.7286015,46.3713731],[30.7287034,46.3713712],[30.7288241,46.3713879],[30.7289546,46.3714751],[30.7292383,46.3716646],[30.7293584,46.3717449],[30.729583,46.3719057]]}},{"type":"Feature","properties":{"way_id":555436045,"route_colors":[],"route_refs":["18"]},"geometry":{"type":"LineString","coordinates":[[30.7332743,46.3744744],[30.7327874,46.3741258],[30.7326203,46.3740062],[30.7317513,46.373384],[30.7316787,46.3733353],[30.7303946,46.3724732],[30.7301281,46.3722942],[30.729583,46.3719057]]}},{"type":"Feature","properties":{"way_id":555436041,"route_colors":[],"route_refs":["18"]},"geometry":{"type":"LineString","coordinates":[[30.7425082,46.381747],[30.7419495,46.3813186],[30.7417967,46.3812142],[30.7417603,46.381179],[30.7413844,46.3808224],[30.740193,46.3795539],[30.7401745,46.3795342],[30.740081,46.3794655],[30.7399841,46.3793943],[30.7385234,46.3783207],[30.7376049,46.3775934],[30.737472,46.3774964],[30.7373193,46.3773859],[30.7361829,46.3765636],[30.7355873,46.3761326],[30.7352957,46.3759216],[30.7351251,46.3757994],[30.734008,46.3749997],[30.7332743,46.3744744]]}},{"type":"Feature","properties":{"way_id":555436043,"route_colors":[],"route_refs":["18"]},"geometry":{"type":"LineString","coordinates":[[30.7430457,46.3821485],[30.7425082,46.381747]]}},{"type":"Feature","properties":{"way_id":109275255,"route_colors":[],"route_refs":["18"]},"geometry":{"type":"LineString","coordinates":[[30.7451267,46.3848972],[30.7450636,46.3848026],[30.7447892,46.3843993],[30.7438286,46.3828809],[30.7437477,46.382753],[30.7436296,46.3826259],[30.743334,46.3823933],[30.7430457,46.3821485]]}},{"type":"Feature","properties":{"way_id":484763006,"route_colors":[],"route_refs":["18"]},"geometry":{"type":"LineString","coordinates":[[30.7452176,46.3850215],[30.7451267,46.3848972]]}},{"type":"Feature","properties":{"way_id":1081669518,"route_colors":[],"route_refs":["18"]},"geometry":{"type":"LineString","coordinates":[[30.7461103,46.3865061],[30.7460717,46.3863906],[30.7460222,46.3862524],[30.7459692,46.3861582],[30.745268,46.3850972],[30.7452176,46.3850215]]}},{"type":"Feature","properties":{"way_id":389572876,"route_colors":[],"route_refs":["18"]},"geometry":{"type":"LineString","coordinates":[[30.745844,46.3898486],[30.7463063,46.3887626],[30.7463398,46.3886315],[30.7463406,46.3875787],[30.7463523,46.3872961],[30.7462988,46.3870708],[30.7461103,46.3865061]]}},{"type":"Feature","properties":{"way_id":1081669519,"route_colors":[],"route_refs":["18"]},"geometry":{"type":"LineString","coordinates":[[30.7457563,46.390103],[30.745844,46.3898486]]}},{"type":"Feature","properties":{"way_id":389572878,"route_colors":[],"route_refs":["18"]},"geometry":{"type":"LineString","coordinates":[[30.745707,46.3902923],[30.7457563,46.390103]]}},{"type":"Feature","properties":{"way_id":389572880,"route_colors":[],"route_refs":["18"]},"geometry":{"type":"LineString","coordinates":[[30.7456585,46.3905633],[30.7456865,46.3903904],[30.745707,46.3902923]]}},{"type":"Feature","properties":{"way_id":109274778,"route_colors":[],"route_refs":["18"]},"geometry":{"type":"LineString","coordinates":[[30.74562,46.3908024],[30.7456585,46.3905633]]}},{"type":"Feature","properties":{"way_id":539439154,"route_colors":[],"route_refs":["18"]},"geometry":{"type":"LineString","coordinates":[[30.7456058,46.3909156],[30.74562,46.3908024]]}},{"type":"Feature","properties":{"way_id":539327970,"route_colors":[],"route_refs":["18"]},"geometry":{"type":"LineString","coordinates":[[30.7456058,46.3909156],[30.7456413,46.3909573],[30.7456696,46.3909947],[30.7457276,46.3910389],[30.7458286,46.3910856],[30.7460419,46.391169],[30.7461331,46.3912123],[30.7463377,46.3913841],[30.7465105,46.3915477],[30.7469096,46.3918879],[30.746975,46.3919437],[30.7470047,46.3919718],[30.747041,46.3920079],[30.7470782,46.3920489]]}},{"type":"Feature","properties":{"way_id":389544081,"route_colors":[],"route_refs":["18"]},"geometry":{"type":"LineString","coordinates":[[30.7470782,46.3920489],[30.7471054,46.3920885],[30.7471288,46.392137],[30.747166,46.3922712],[30.747171,46.3922885],[30.7471881,46.3923473],[30.7473295,46.3927795]]}},{"type":"Feature","properties":{"way_id":1255916657,"route_colors":[],"route_refs":["18"]},"geometry":{"type":"LineString","coordinates":[[30.7473295,46.3927795],[30.7473704,46.3929044]]}},{"type":"Feature","properties":{"way_id":1348440072,"route_colors":[],"route_refs":["18"]},"geometry":{"type":"LineString","coordinates":[[30.7473704,46.3929044],[30.7476722,46.39355],[30.7477554,46.3937232],[30.7478033,46.3938195],[30.7479461,46.3943549]]}},{"type":"Feature","properties":{"way_id":109244711,"route_colors":[],"route_refs":["18"]},"geometry":{"type":"LineString","coordinates":[[30.7479461,46.3943549],[30.7481292,46.395041],[30.7483057,46.3959959],[30.7483467,46.3961271],[30.7483771,46.3962223],[30.7484894,46.396333],[30.7492197,46.3970729],[30.7493408,46.3972002],[30.7499171,46.3978057],[30.7500833,46.3979774],[30.7501577,46.3980684],[30.7501886,46.3981532],[30.7501799,46.3982272],[30.7501436,46.3982878],[30.7500887,46.3983418],[30.7500088,46.3983861],[30.7483602,46.3988455],[30.7469075,46.3992754],[30.7468821,46.3992863],[30.7468646,46.399311],[30.7468677,46.3993635],[30.7470762,46.4001797],[30.7473255,46.4011561],[30.7472472,46.4017526],[30.7469791,46.4028446],[30.7469771,46.4028594],[30.7467538,46.4037622],[30.7467453,46.403797],[30.7467393,46.403903],[30.7467837,46.4039581],[30.7468281,46.4039933],[30.7469103,46.4040194],[30.7475824,46.4041121],[30.7489428,46.4042997],[30.7517071,46.4046414],[30.7530738,46.4048096],[30.7540986,46.4049358],[30.7544373,46.4049832],[30.7545822,46.4050138],[30.7547063,46.4050601],[30.754726,46.4050791],[30.7547911,46.405142],[30.754898,46.4053772],[30.7549028,46.4053876],[30.7551387,46.4058955],[30.7552544,46.4061446],[30.7556576,46.4069936],[30.7556553,46.4073829],[30.7556541,46.4075861],[30.7556573,46.4079757],[30.7556629,46.4086482],[30.7556423,46.4091563],[30.7556418,46.4092739],[30.7556103,46.4102168],[30.7556074,46.4105367],[30.7555986,46.4106825],[30.7555911,46.4108057],[30.7555988,46.4110529],[30.7556002,46.4110974],[30.7556068,46.4113065],[30.7556026,46.4113772]]}},{"type":"Feature","properties":{"way_id":915182129,"route_colors":[],"route_refs":["18"]},"geometry":{"type":"LineString","coordinates":[[30.7548934,46.4111554],[30.7549308,46.4111351],[30.7552593,46.4109568],[30.7553516,46.4109042],[30.7554709,46.4108363],[30.7555148,46.4107972],[30.7555592,46.4107328],[30.755561,46.4107096],[30.7555684,46.4106538],[30.7555767,46.4105409],[30.7555872,46.4102225],[30.755612,46.4092686],[30.7556128,46.4091486],[30.755615,46.4086418],[30.7556208,46.4079752],[30.7556244,46.4075692],[30.7556227,46.4073835],[30.7556192,46.4069912]]}},{"type":"Feature","properties":{"way_id":109244714,"route_colors":[],"route_refs":["18"]},"geometry":{"type":"LineString","coordinates":[[30.7556192,46.4069912],[30.7549866,46.4056855],[30.7548554,46.4053979],[30.7547425,46.4051504],[30.7546812,46.4050886],[30.7545652,46.4050458],[30.7544307,46.4050169],[30.7540977,46.404978],[30.7516948,46.4046825],[30.7488063,46.4043273],[30.7469928,46.4040706],[30.7469125,46.4040592],[30.746777,46.4040056]]}},{"type":"Feature","properties":{"way_id":372055481,"route_colors":[],"route_refs":["18"]},"geometry":{"type":"LineString","coordinates":[[30.746777,46.4040056],[30.7467304,46.4039612],[30.7467015,46.4039035],[30.7467032,46.403816],[30.7467145,46.4037694],[30.7469402,46.4028596],[30.7471533,46.4019684],[30.7472073,46.4017469],[30.7472672,46.4011742],[30.7470323,46.4001913],[30.7468528,46.39944],[30.746837,46.3993719],[30.7468317,46.3993062],[30.7468615,46.3992677],[30.7469006,46.3992506],[30.7499795,46.3983531],[30.7500493,46.3983048],[30.7501064,46.3982425],[30.7501249,46.3981818],[30.750121,46.398116],[30.7500806,46.3980385],[30.7500122,46.3979589],[30.7498592,46.3978165],[30.7492767,46.3972168],[30.7491513,46.3970877],[30.7484558,46.3963609],[30.7483252,46.3962284],[30.7482853,46.3961314],[30.7482458,46.3960026],[30.7480685,46.3950514],[30.7479182,46.3944838]]}},{"type":"Feature","properties":{"way_id":1348440071,"route_colors":[],"route_refs":["18"]},"geometry":{"type":"LineString","coordinates":[[30.7479182,46.3944838],[30.7479215,46.3944406],[30.7479402,46.3944036],[30.7479461,46.3943549]]}},{"type":"Feature","properties":{"way_id":109275259,"route_colors":[],"route_refs":["18"]},"geometry":{"type":"LineString","coordinates":[[30.729583,46.3719057],[30.7293774,46.3718594],[30.7289687,46.3718501]]}},{"type":"Feature","properties":{"way_id":215476412,"route_colors":[],"route_refs":["1"]},"geometry":{"type":"LineString","coordinates":[[30.8157316,46.6188968],[30.8155903,46.6186976],[30.815577,46.6186536],[30.815576,46.6185878],[30.8155898,46.6185336],[30.8156271,46.6184824],[30.8156761,46.6184451],[30.8157223,46.6184171],[30.8158621,46.6183849],[30.81601,46.6183541],[30.8160813,46.61835],[30.8161526,46.6183636],[30.8162189,46.6183962],[30.8163572,46.6185369],[30.8165841,46.6187764],[30.8166235,46.6188095],[30.8166611,46.6188295],[30.8167096,46.6188434],[30.8167738,46.6188502],[30.8168458,46.6188414],[30.816905,46.6188309],[30.8199699,46.6175925],[30.8200975,46.6175409],[30.8224109,46.6166348],[30.8241567,46.615951],[30.8242331,46.6159211],[30.8244972,46.6158113],[30.8246756,46.6157054],[30.8247815,46.6155782],[30.8248526,46.6154253],[30.8248767,46.6153037],[30.8248606,46.6151803],[30.8248177,46.615055],[30.8247242,46.6149212],[30.822643,46.612498],[30.8224981,46.6123293],[30.8192418,46.6084375],[30.8186853,46.6078022],[30.8184068,46.6075505],[30.8181403,46.6073087],[30.817878,46.6070689],[30.8168967,46.6061837],[30.8163655,46.6057583],[30.814877,46.604654],[30.8145445,46.6044098],[30.8141995,46.6041624],[30.8132307,46.603456],[30.8123514,46.6028085],[30.8108791,46.6017995],[30.8107438,46.6016968],[30.8081909,46.5998497],[30.8081389,46.599812],[30.8078661,46.5996101],[30.8059017,46.5981484],[30.8056162,46.5979433],[30.8054418,46.5978181],[30.8046286,46.5972833],[30.8044815,46.5971666],[30.8043202,46.5970727],[30.8033322,46.5965423]]}},{"type":"Feature","properties":{"way_id":1097438136,"route_colors":[],"route_refs":["1","6"]},"geometry":{"type":"LineString","coordinates":[[30.7243004,46.500588],[30.7242198,46.5004679],[30.7241689,46.5004335],[30.7241248,46.5004264],[30.7240828,46.5004262],[30.7237092,46.5004771],[30.7227719,46.5006047],[30.7227351,46.5006077],[30.7227044,46.5006012],[30.7226757,46.5005808],[30.7225411,46.5001935],[30.7224373,46.4998946],[30.7223497,46.4996424],[30.722246,46.4993437],[30.7221644,46.4991101],[30.7220649,46.4988232],[30.7220152,46.4986801],[30.7219489,46.4984892],[30.7218796,46.4982926],[30.7217632,46.4979639],[30.7217518,46.4979163],[30.7217535,46.4978848],[30.7217633,46.4978633],[30.7217768,46.497842],[30.7218018,46.4978207],[30.7218352,46.4978007],[30.7218819,46.497789],[30.7219201,46.4977812],[30.7219549,46.4977775],[30.7219944,46.4977761],[30.7221722,46.4977748],[30.7226538,46.4978116]]}},{"type":"Feature","properties":{"way_id":537852550,"route_colors":[],"route_refs":["1"]},"geometry":{"type":"LineString","coordinates":[[30.815784,46.6189865],[30.8156231,46.6187867]]}},{"type":"Feature","properties":{"way_id":537852547,"route_colors":[],"route_refs":["1"]},"geometry":{"type":"LineString","coordinates":[[30.8198744,46.6175551],[30.8202097,46.617428]]}},{"type":"Feature","properties":{"way_id":537852545,"route_colors":[],"route_refs":["1"]},"geometry":{"type":"LineString","coordinates":[[30.8239514,46.6159707],[30.8242008,46.6158693]]}},{"type":"Feature","properties":{"way_id":537852543,"route_colors":[],"route_refs":["1"]},"geometry":{"type":"LineString","coordinates":[[30.8226827,46.6126303],[30.8224896,46.6123945]]}},{"type":"Feature","properties":{"way_id":537852541,"route_colors":[],"route_refs":["1"]},"geometry":{"type":"LineString","coordinates":[[30.8184367,46.6076904],[30.8182061,46.607473]]}},{"type":"Feature","properties":{"way_id":537852539,"route_colors":[],"route_refs":["1"]},"geometry":{"type":"LineString","coordinates":[[30.8150156,46.6048306],[30.8146843,46.6045809]]}},{"type":"Feature","properties":{"way_id":537852537,"route_colors":[],"route_refs":["1"]},"geometry":{"type":"LineString","coordinates":[[30.8059792,46.5982304],[30.8057512,46.5980626]]}},{"type":"Feature","properties":{"way_id":537857104,"route_colors":[],"route_refs":["1","6"]},"geometry":{"type":"LineString","coordinates":[[30.7225324,46.4977472],[30.7227523,46.4977645],[30.7227537,46.4977562],[30.7225338,46.4977389],[30.7225324,46.4977472]]}},{"type":"Feature","properties":{"way_id":537857103,"route_colors":[],"route_refs":["1","6"]},"geometry":{"type":"LineString","coordinates":[[30.7225262,46.4977859],[30.7227462,46.4978037],[30.7227473,46.4977974],[30.7225273,46.4977797],[30.7225262,46.4977859]]}},{"type":"Feature","properties":{"way_id":107818986,"route_colors":[],"route_refs":["1","6"]},"geometry":{"type":"LineString","coordinates":[[30.7226538,46.4978116],[30.7229133,46.4978355],[30.7229499,46.4978408],[30.7229849,46.497851],[30.7231102,46.4979057]]}},{"type":"Feature","properties":{"way_id":555440832,"route_colors":[],"route_refs":["1","6"]},"geometry":{"type":"LineString","coordinates":[[30.7231102,46.4979057],[30.7231319,46.4979183],[30.7232312,46.4979891],[30.7232678,46.4980232]]}},{"type":"Feature","properties":{"way_id":215476413,"route_colors":[],"route_refs":["1"]},"geometry":{"type":"LineString","coordinates":[[30.8042487,46.5969944],[30.8044963,46.5971442],[30.8046614,46.5972624],[30.8054571,46.5977874],[30.8056359,46.5979174],[30.8059857,46.5981716],[30.8078957,46.5995898],[30.808169,46.5997924],[30.8082147,46.5998254],[30.8107751,46.6016761],[30.8109254,46.601785],[30.8124469,46.6028331],[30.8132747,46.6034457],[30.81424,46.6041486],[30.8145797,46.6043949],[30.8149059,46.6046315],[30.8164004,46.6057388],[30.8169677,46.6061878],[30.8179214,46.6070516],[30.8181732,46.6072936],[30.818446,46.6075296],[30.8187263,46.6077765],[30.8192782,46.6084202],[30.8223529,46.6120879],[30.822542,46.6123118],[30.8247668,46.6149122],[30.8248633,46.615043],[30.8249156,46.6151766],[30.8249304,46.6153028],[30.8249103,46.6154272],[30.8248284,46.6155957],[30.8247104,46.6157358],[30.8245287,46.6158449],[30.8242954,46.6159463],[30.8239908,46.6160636],[30.8224432,46.6166737],[30.8200056,46.6176346],[30.8197657,46.6177292],[30.8168732,46.6188722],[30.8163315,46.6190862],[30.8161994,46.619128],[30.816079,46.6191346],[30.8160133,46.6191169],[30.8159366,46.6190869],[30.8158545,46.6190343],[30.8157316,46.6188968]]}},{"type":"Feature","properties":{"way_id":537852536,"route_colors":[],"route_refs":["1"]},"geometry":{"type":"LineString","coordinates":[[30.8059403,46.5981004],[30.8061254,46.5982433]]}},{"type":"Feature","properties":{"way_id":537852538,"route_colors":[],"route_refs":["1"]},"geometry":{"type":"LineString","coordinates":[[30.8141176,46.6040065],[30.8144583,46.6042664]]}},{"type":"Feature","properties":{"way_id":537852540,"route_colors":[],"route_refs":["1"]},"geometry":{"type":"LineString","coordinates":[[30.8177772,46.6068761],[30.8181629,46.6072093]]}},{"type":"Feature","properties":{"way_id":537852542,"route_colors":[],"route_refs":["1"]},"geometry":{"type":"LineString","coordinates":[[30.8223045,46.6119615],[30.8225083,46.6122029]]}},{"type":"Feature","properties":{"way_id":537852544,"route_colors":[],"route_refs":["1"]},"geometry":{"type":"LineString","coordinates":[[30.8241257,46.6160388],[30.8239111,46.6161254]]}},{"type":"Feature","properties":{"way_id":537852546,"route_colors":[],"route_refs":["1"]},"geometry":{"type":"LineString","coordinates":[[30.8199844,46.6176822],[30.8196866,46.6178075]]}},{"type":"Feature","properties":{"way_id":537852548,"route_colors":[],"route_refs":["1"]},"geometry":{"type":"LineString","coordinates":[[30.8158363,46.6189607],[30.8156835,46.6187627]]}}]}