{"type":"FeatureCollection","metro_system":{"continent":"europe","country":"Germany","city":"Dresden","official_website":null,"official_map":"https://de.wikipedia.org/wiki/Verkehrsverbund_Oberelbe","wikipedia":"de:Verkehrsverbund Oberelbe","line_count":13,"segment_count":69,"station_count":259,"modes":["tram"],"audit":{"strategies_tried":[],"passed":true,"checks":[{"id":"has_lines","ok":true,"detail":"13 lines","level":"error"},{"id":"has_stations","ok":true,"detail":"259 stations","level":"error"},{"id":"stations_have_lines","ok":true,"detail":"259/259 站皆有所屬路線","level":"error"},{"id":"line_geometry_stations","ok":true,"detail":"348 個折點/端點皆為車站","level":"error"},{"id":"route_stations_match_geometry","ok":true,"detail":"各線車站列表與圖面一致","level":"error"},{"id":"interchange_rule","ok":true,"detail":"所有車站紅/藍點符合骨架＋路線色規則（藍＝端點、紅＝交叉）","level":"error"},{"id":"stations_named","ok":true,"detail":"259/259 站皆有名稱","level":"error"},{"id":"station_order","ok":true,"detail":"所有線路站序合理","level":"warn"},{"id":"station_span","ok":true,"detail":"各線相鄰站距與系統站群跨度正常","level":"error"},{"id":"line_wiki_stations","ok":true,"detail":"各線站數與 wiki 線路條目相符（營運中站數）","level":"error"},{"id":"line_wiki_coverage","ok":false,"detail":"13 條線無 wiki 站數對照：Tram 8、Tram 3、Tram 10: Messe Dresden <> Striesen","level":"warn"}],"reasons":[],"warnings":["13 條線無 wiki 站數對照：Tram 8、Tram 3、Tram 10: Messe Dresden <> Striesen"],"audited_at":"2026-07-27T05:42:55.050Z"}},"features":[{"type":"Feature","properties":{"seg_id":"dresden-0","routes":[{"route_id":"rm5186073","route_name":"Tram 8","route_name_local":"Tram 8","route_name_en":null,"route_ref":"8","route_color":"#229133","wikipedia":"de:Verkehrsverbund Oberelbe","osm_route_ids":[48490,2816499],"status":null,"order_suspect":0,"span_suspect":0,"stations":[{"station_id":"n30990925","station_name":"Südvorstadt"},{"station_id":"n27306561","station_name":"Nürnberger Platz"},{"station_id":"n27432419","station_name":"Reichenbachstraße (Studentenwerk)"},{"station_id":"n988900741","station_name":"Hauptbahnhof"},{"station_id":"junc:13.73488:51.04037","station_name":""},{"station_id":"n197551704","station_name":"Gret-Palucca-Straße"},{"station_id":"n103928327","station_name":"Lennéplatz"},{"station_id":"n247170108","station_name":"Georg-Arnhold-Bad (Deutsches Hygiene-Museum)"},{"station_id":"n302411628","station_name":"Straßburger Platz (Gläserne Manufaktur)"},{"station_id":"n2234280244","station_name":"Sankt-Benno-Gymnasium"},{"station_id":"n3137455895","station_name":"Dürerstraße (Evangelische Hochschule)"},{"station_id":"junc:13.75795:51.05404","station_name":""},{"station_id":"n198206259","station_name":"Sachsenallee"},{"station_id":"n247167120","station_name":"Rosa-Luxemburg-Platz"},{"station_id":"n3137622058","station_name":"Bautzner Straße / Rothenburger Straße"},{"station_id":"junc:13.75146:51.06301","station_name":""},{"station_id":"n1703242760","station_name":"Albertplatz (Erich-Kästner-Museum)"},{"station_id":"n2272189456","station_name":"Louisenstraße"},{"station_id":"n438606702","station_name":"Bischofsweg"},{"station_id":"n2272193398","station_name":"Tannenstraße (Goethe-Institut)"},{"station_id":"n317000141","station_name":"Stauffenbergallee (Militärhistorisches Museum)"},{"station_id":"n1534522265","station_name":"Heeresbäckerei (Stadtarchiv)"},{"station_id":"n99948955","station_name":"S-Bahnhof Industriegelände"},{"station_id":"n1534522276","station_name":"Hellersiedlung"},{"station_id":"n99948969","station_name":"Moritzburger Weg"},{"station_id":"junc:13.76993:51.10223","station_name":""},{"station_id":"n313015460","station_name":"Infineon Süd (Abzweig nach Hellerau)"},{"station_id":"n3786004353","station_name":"Am Hellerrand"},{"station_id":"n259968894","station_name":"Heinrich-Tessenow-Weg"},{"station_id":"n1687832554","station_name":"Festspielhaus Hellerau"},{"station_id":"n259968892","station_name":"Brunnenweg"},{"station_id":"n210421826","station_name":"Hellerau, Kiefernweg"}]}],"route_count":1,"route_refs":["8"],"route_colors":["#229133"],"city":"Dresden","country":"Germany"},"geometry":{"type":"MultiLineString","coordinates":[[[13.7221922,51.0339235],[13.725901124999998,51.031937299999996]]]}},{"type":"Feature","properties":{"seg_id":"dresden-1","routes":[{"route_id":"rm5186073","route_name":"Tram 8","route_name_local":"Tram 8","route_name_en":null,"route_ref":"8","route_color":"#229133","wikipedia":"de:Verkehrsverbund Oberelbe","osm_route_ids":[48490,2816499],"status":null,"order_suspect":0,"span_suspect":0,"stations":[{"station_id":"n30990925","station_name":"Südvorstadt"},{"station_id":"n27306561","station_name":"Nürnberger Platz"},{"station_id":"n27432419","station_name":"Reichenbachstraße (Studentenwerk)"},{"station_id":"n988900741","station_name":"Hauptbahnhof"},{"station_id":"junc:13.73488:51.04037","station_name":""},{"station_id":"n197551704","station_name":"Gret-Palucca-Straße"},{"station_id":"n103928327","station_name":"Lennéplatz"},{"station_id":"n247170108","station_name":"Georg-Arnhold-Bad (Deutsches Hygiene-Museum)"},{"station_id":"n302411628","station_name":"Straßburger Platz (Gläserne Manufaktur)"},{"station_id":"n2234280244","station_name":"Sankt-Benno-Gymnasium"},{"station_id":"n3137455895","station_name":"Dürerstraße (Evangelische Hochschule)"},{"station_id":"junc:13.75795:51.05404","station_name":""},{"station_id":"n198206259","station_name":"Sachsenallee"},{"station_id":"n247167120","station_name":"Rosa-Luxemburg-Platz"},{"station_id":"n3137622058","station_name":"Bautzner Straße / Rothenburger Straße"},{"station_id":"junc:13.75146:51.06301","station_name":""},{"station_id":"n1703242760","station_name":"Albertplatz (Erich-Kästner-Museum)"},{"station_id":"n2272189456","station_name":"Louisenstraße"},{"station_id":"n438606702","station_name":"Bischofsweg"},{"station_id":"n2272193398","station_name":"Tannenstraße (Goethe-Institut)"},{"station_id":"n317000141","station_name":"Stauffenbergallee (Militärhistorisches Museum)"},{"station_id":"n1534522265","station_name":"Heeresbäckerei (Stadtarchiv)"},{"station_id":"n99948955","station_name":"S-Bahnhof Industriegelände"},{"station_id":"n1534522276","station_name":"Hellersiedlung"},{"station_id":"n99948969","station_name":"Moritzburger Weg"},{"station_id":"junc:13.76993:51.10223","station_name":""},{"station_id":"n313015460","station_name":"Infineon Süd (Abzweig nach Hellerau)"},{"station_id":"n3786004353","station_name":"Am Hellerrand"},{"station_id":"n259968894","station_name":"Heinrich-Tessenow-Weg"},{"station_id":"n1687832554","station_name":"Festspielhaus Hellerau"},{"station_id":"n259968892","station_name":"Brunnenweg"},{"station_id":"n210421826","station_name":"Hellerau, Kiefernweg"}]}],"route_count":1,"route_refs":["8"],"route_colors":["#229133"],"city":"Dresden","country":"Germany"},"geometry":{"type":"MultiLineString","coordinates":[[[13.769742899999999,51.10318013333333],[13.763018725,51.110760150000004],[13.7600494,51.1124265],[13.75160035,51.11249205],[13.7459655,51.115619699999996],[13.740279233333332,51.11641233333334]]]}},{"type":"Feature","properties":{"seg_id":"dresden-2","routes":[{"route_id":"rm5186073","route_name":"Tram 8","route_name_local":"Tram 8","route_name_en":null,"route_ref":"8","route_color":"#229133","wikipedia":"de:Verkehrsverbund Oberelbe","osm_route_ids":[48490,2816499],"status":null,"order_suspect":0,"span_suspect":0,"stations":[{"station_id":"n30990925","station_name":"Südvorstadt"},{"station_id":"n27306561","station_name":"Nürnberger Platz"},{"station_id":"n27432419","station_name":"Reichenbachstraße (Studentenwerk)"},{"station_id":"n988900741","station_name":"Hauptbahnhof"},{"station_id":"junc:13.73488:51.04037","station_name":""},{"station_id":"n197551704","station_name":"Gret-Palucca-Straße"},{"station_id":"n103928327","station_name":"Lennéplatz"},{"station_id":"n247170108","station_name":"Georg-Arnhold-Bad (Deutsches Hygiene-Museum)"},{"station_id":"n302411628","station_name":"Straßburger Platz (Gläserne Manufaktur)"},{"station_id":"n2234280244","station_name":"Sankt-Benno-Gymnasium"},{"station_id":"n3137455895","station_name":"Dürerstraße (Evangelische Hochschule)"},{"station_id":"junc:13.75795:51.05404","station_name":""},{"station_id":"n198206259","station_name":"Sachsenallee"},{"station_id":"n247167120","station_name":"Rosa-Luxemburg-Platz"},{"station_id":"n3137622058","station_name":"Bautzner Straße / Rothenburger Straße"},{"station_id":"junc:13.75146:51.06301","station_name":""},{"station_id":"n1703242760","station_name":"Albertplatz (Erich-Kästner-Museum)"},{"station_id":"n2272189456","station_name":"Louisenstraße"},{"station_id":"n438606702","station_name":"Bischofsweg"},{"station_id":"n2272193398","station_name":"Tannenstraße (Goethe-Institut)"},{"station_id":"n317000141","station_name":"Stauffenbergallee (Militärhistorisches Museum)"},{"station_id":"n1534522265","station_name":"Heeresbäckerei (Stadtarchiv)"},{"station_id":"n99948955","station_name":"S-Bahnhof Industriegelände"},{"station_id":"n1534522276","station_name":"Hellersiedlung"},{"station_id":"n99948969","station_name":"Moritzburger Weg"},{"station_id":"junc:13.76993:51.10223","station_name":""},{"station_id":"n313015460","station_name":"Infineon Süd (Abzweig nach Hellerau)"},{"station_id":"n3786004353","station_name":"Am Hellerrand"},{"station_id":"n259968894","station_name":"Heinrich-Tessenow-Weg"},{"station_id":"n1687832554","station_name":"Festspielhaus Hellerau"},{"station_id":"n259968892","station_name":"Brunnenweg"},{"station_id":"n210421826","station_name":"Hellerau, Kiefernweg"}]},{"route_id":"rm1469415","route_name":"Tram 3","route_name_local":"Tram 3","route_name_en":null,"route_ref":"3","route_color":"#e5005a","wikipedia":"de:Verkehrsverbund Oberelbe","osm_route_ids":[48496,1432419],"status":null,"order_suspect":0,"span_suspect":0,"stations":[{"station_id":"n33655213","station_name":"Coschütz"},{"station_id":"n3247429870","station_name":"Achtbeeteweg"},{"station_id":"n3208510694","station_name":"Saarstraße"},{"station_id":"n706566512","station_name":"Kotteweg"},{"station_id":"n1157698262","station_name":"Cämmerswalder Straße"},{"station_id":"n1157698264","station_name":"Plauen, Nöthnitzer Straße"},{"station_id":"n27306558","station_name":"Münchner Platz (Gedenkstätte)"},{"station_id":"n27306561","station_name":"Nürnberger Platz"},{"station_id":"n27432419","station_name":"Reichenbachstraße (Studentenwerk)"},{"station_id":"n988900741","station_name":"Hauptbahnhof"},{"station_id":"junc:13.73488:51.04037","station_name":""},{"station_id":"n988900797","station_name":"Hauptbahnhof Nord"},{"station_id":"n997588698","station_name":"Walpurgisstraße"},{"station_id":"n712415502","station_name":"Prager Straße"},{"station_id":"n2102006632","station_name":"Postplatz"},{"station_id":"junc:13.73325:51.05123","station_name":""},{"station_id":"n2030526228","station_name":"Theaterplatz"},{"station_id":"n3607726821","station_name":"Neustädter Markt"},{"station_id":"n598687725","station_name":"Carolaplatz (Regierungsviertel)"},{"station_id":"n1703242760","station_name":"Albertplatz (Erich-Kästner-Museum)"},{"station_id":"junc:13.74072:51.06480","station_name":""},{"station_id":"n598684803","station_name":"Bahnhof Neustadt"},{"station_id":"n598684789","station_name":"Lößnitzstraße"},{"station_id":"n598589136","station_name":"Großenhainer Platz"},{"station_id":"junc:13.73353:51.07566","station_name":""},{"station_id":"n598589141","station_name":"Liststraße"},{"station_id":"n598589132","station_name":"Zeithainer Straße"},{"station_id":"n2266104114","station_name":"Trachenberger Platz"},{"station_id":"n598589148","station_name":"Hubertusplatz"},{"station_id":"n3842071995","station_name":"Dorothea-Erxleben-Straße"},{"station_id":"n1054313336","station_name":"Wilder Mann"}]}],"route_count":2,"route_refs":["8","3"],"route_colors":["#229133","#e5005a"],"city":"Dresden","country":"Germany"},"geometry":{"type":"MultiLineString","coordinates":[[[13.725901124999998,51.031937299999996],[13.73132105,51.035288800000004],[13.733109725,51.040272925]]]}},{"type":"Feature","properties":{"seg_id":"dresden-3","routes":[{"route_id":"rm5186073","route_name":"Tram 8","route_name_local":"Tram 8","route_name_en":null,"route_ref":"8","route_color":"#229133","wikipedia":"de:Verkehrsverbund Oberelbe","osm_route_ids":[48490,2816499],"status":null,"order_suspect":0,"span_suspect":0,"stations":[{"station_id":"n30990925","station_name":"Südvorstadt"},{"station_id":"n27306561","station_name":"Nürnberger Platz"},{"station_id":"n27432419","station_name":"Reichenbachstraße (Studentenwerk)"},{"station_id":"n988900741","station_name":"Hauptbahnhof"},{"station_id":"junc:13.73488:51.04037","station_name":""},{"station_id":"n197551704","station_name":"Gret-Palucca-Straße"},{"station_id":"n103928327","station_name":"Lennéplatz"},{"station_id":"n247170108","station_name":"Georg-Arnhold-Bad (Deutsches Hygiene-Museum)"},{"station_id":"n302411628","station_name":"Straßburger Platz (Gläserne Manufaktur)"},{"station_id":"n2234280244","station_name":"Sankt-Benno-Gymnasium"},{"station_id":"n3137455895","station_name":"Dürerstraße (Evangelische Hochschule)"},{"station_id":"junc:13.75795:51.05404","station_name":""},{"station_id":"n198206259","station_name":"Sachsenallee"},{"station_id":"n247167120","station_name":"Rosa-Luxemburg-Platz"},{"station_id":"n3137622058","station_name":"Bautzner Straße / Rothenburger Straße"},{"station_id":"junc:13.75146:51.06301","station_name":""},{"station_id":"n1703242760","station_name":"Albertplatz (Erich-Kästner-Museum)"},{"station_id":"n2272189456","station_name":"Louisenstraße"},{"station_id":"n438606702","station_name":"Bischofsweg"},{"station_id":"n2272193398","station_name":"Tannenstraße (Goethe-Institut)"},{"station_id":"n317000141","station_name":"Stauffenbergallee (Militärhistorisches Museum)"},{"station_id":"n1534522265","station_name":"Heeresbäckerei (Stadtarchiv)"},{"station_id":"n99948955","station_name":"S-Bahnhof Industriegelände"},{"station_id":"n1534522276","station_name":"Hellersiedlung"},{"station_id":"n99948969","station_name":"Moritzburger Weg"},{"station_id":"junc:13.76993:51.10223","station_name":""},{"station_id":"n313015460","station_name":"Infineon Süd (Abzweig nach Hellerau)"},{"station_id":"n3786004353","station_name":"Am Hellerrand"},{"station_id":"n259968894","station_name":"Heinrich-Tessenow-Weg"},{"station_id":"n1687832554","station_name":"Festspielhaus Hellerau"},{"station_id":"n259968892","station_name":"Brunnenweg"},{"station_id":"n210421826","station_name":"Hellerau, Kiefernweg"}]},{"route_id":"rm5186677","route_name":"Tram 10: Messe Dresden <> Striesen","route_name_local":"Tram 10: Messe Dresden <> Striesen","route_name_en":null,"route_ref":"10","route_color":"#f9b000","wikipedia":"de:Verkehrsverbund Oberelbe","osm_route_ids":[51822,2819852],"status":null,"order_suspect":0,"span_suspect":0,"stations":[{"station_id":"n1278116783","station_name":"Messe, Gleisschleife"},{"station_id":"n1699517119","station_name":"Messe Dresden"},{"station_id":"n1299402694","station_name":"Messering (Halle 1)"},{"station_id":"n1299402679","station_name":"Alberthafen"},{"station_id":"n1299402744","station_name":"Vorwerkstraße"},{"station_id":"n333748474","station_name":"Krankenhaus Friedrichstadt (Sportpark Ostra)"},{"station_id":"n2261895949","station_name":"Weißeritzstraße"},{"station_id":"n1699677761","station_name":"Bahnhof Mitte / Könneritzstraße"},{"station_id":"n94174019","station_name":"S-Bahnhof Freiberger Straße"},{"station_id":"n91486560","station_name":"Budapester Straße"},{"station_id":"n988900741","station_name":"Hauptbahnhof"},{"station_id":"junc:13.73488:51.04037","station_name":""},{"station_id":"n197551704","station_name":"Gret-Palucca-Straße"},{"station_id":"n103928327","station_name":"Lennéplatz"},{"station_id":"n247170108","station_name":"Georg-Arnhold-Bad (Deutsches Hygiene-Museum)"},{"station_id":"n302411628","station_name":"Straßburger Platz (Gläserne Manufaktur)"},{"station_id":"n247164846","station_name":"Krankenhaus St. Joseph-Stift"},{"station_id":"n247167118","station_name":"Fetscherplatz"},{"station_id":"n3057031845","station_name":"Mosenstraße"},{"station_id":"n3057141424","station_name":"Spenerstraße"},{"station_id":"n3057141419","station_name":"Bergmannstraße"},{"station_id":"n1535249293","station_name":"Pohlandplatz (Technische Sammlungen)"},{"station_id":"n3057282587","station_name":"Gottleubaer Straße"},{"station_id":"n1299402673","station_name":"Striesen, Emanuel-Goldberg-Platz"},{"station_id":"n2204145206","station_name":"Striesen, Ludwig-Hartmann-Straße"}]}],"route_count":2,"route_refs":["8","10"],"route_colors":["#229133","#f9b000"],"city":"Dresden","country":"Germany"},"geometry":{"type":"MultiLineString","coordinates":[[[13.733109725,51.040272925],[13.7348804,51.0403676],[13.73961245,51.03887845]]]}},{"type":"Feature","properties":{"seg_id":"dresden-4","routes":[{"route_id":"rm5186073","route_name":"Tram 8","route_name_local":"Tram 8","route_name_en":null,"route_ref":"8","route_color":"#229133","wikipedia":"de:Verkehrsverbund Oberelbe","osm_route_ids":[48490,2816499],"status":null,"order_suspect":0,"span_suspect":0,"stations":[{"station_id":"n30990925","station_name":"Südvorstadt"},{"station_id":"n27306561","station_name":"Nürnberger Platz"},{"station_id":"n27432419","station_name":"Reichenbachstraße (Studentenwerk)"},{"station_id":"n988900741","station_name":"Hauptbahnhof"},{"station_id":"junc:13.73488:51.04037","station_name":""},{"station_id":"n197551704","station_name":"Gret-Palucca-Straße"},{"station_id":"n103928327","station_name":"Lennéplatz"},{"station_id":"n247170108","station_name":"Georg-Arnhold-Bad (Deutsches Hygiene-Museum)"},{"station_id":"n302411628","station_name":"Straßburger Platz (Gläserne Manufaktur)"},{"station_id":"n2234280244","station_name":"Sankt-Benno-Gymnasium"},{"station_id":"n3137455895","station_name":"Dürerstraße (Evangelische Hochschule)"},{"station_id":"junc:13.75795:51.05404","station_name":""},{"station_id":"n198206259","station_name":"Sachsenallee"},{"station_id":"n247167120","station_name":"Rosa-Luxemburg-Platz"},{"station_id":"n3137622058","station_name":"Bautzner Straße / Rothenburger Straße"},{"station_id":"junc:13.75146:51.06301","station_name":""},{"station_id":"n1703242760","station_name":"Albertplatz (Erich-Kästner-Museum)"},{"station_id":"n2272189456","station_name":"Louisenstraße"},{"station_id":"n438606702","station_name":"Bischofsweg"},{"station_id":"n2272193398","station_name":"Tannenstraße (Goethe-Institut)"},{"station_id":"n317000141","station_name":"Stauffenbergallee (Militärhistorisches Museum)"},{"station_id":"n1534522265","station_name":"Heeresbäckerei (Stadtarchiv)"},{"station_id":"n99948955","station_name":"S-Bahnhof Industriegelände"},{"station_id":"n1534522276","station_name":"Hellersiedlung"},{"station_id":"n99948969","station_name":"Moritzburger Weg"},{"station_id":"junc:13.76993:51.10223","station_name":""},{"station_id":"n313015460","station_name":"Infineon Süd (Abzweig nach Hellerau)"},{"station_id":"n3786004353","station_name":"Am Hellerrand"},{"station_id":"n259968894","station_name":"Heinrich-Tessenow-Weg"},{"station_id":"n1687832554","station_name":"Festspielhaus Hellerau"},{"station_id":"n259968892","station_name":"Brunnenweg"},{"station_id":"n210421826","station_name":"Hellerau, Kiefernweg"}]},{"route_id":"rm5186681","route_name":"Tram 11","route_name_local":"Tram 11","route_name_en":null,"route_ref":"11","route_color":"#c2ddaf","wikipedia":"de:Verkehrsverbund Oberelbe","osm_route_ids":[51809,2817120],"status":null,"order_suspect":0,"span_suspect":0,"stations":[{"station_id":"n308149044","station_name":"Zschertnitz, Münzmeisterstraße"},{"station_id":"n3160400393","station_name":"Räcknitzhöhe"},{"station_id":"n98010200","station_name":"Zellescher Weg"},{"station_id":"n2293414413","station_name":"Strehlener Platz"},{"station_id":"n103928327","station_name":"Lennéplatz"},{"station_id":"n197551704","station_name":"Gret-Palucca-Straße"},{"station_id":"junc:13.73488:51.04037","station_name":""},{"station_id":"n988900797","station_name":"Hauptbahnhof Nord"},{"station_id":"n997588698","station_name":"Walpurgisstraße"},{"station_id":"n712415502","station_name":"Prager Straße"},{"station_id":"n2102006632","station_name":"Postplatz"},{"station_id":"n316713924","station_name":"Am Zwingerteich"},{"station_id":"junc:13.72849:51.05654","station_name":""},{"station_id":"n30988946","station_name":"Kongresszentrum (Haus der Presse)"},{"station_id":"n30893823","station_name":"Antonstraße / Leipziger Straße"},{"station_id":"junc:13.74072:51.06480","station_name":""},{"station_id":"n598684803","station_name":"Bahnhof Neustadt"},{"station_id":"junc:13.74072:51.06480","station_name":""},{"station_id":"n1703242760","station_name":"Albertplatz (Erich-Kästner-Museum)"},{"station_id":"junc:13.75146:51.06301","station_name":""},{"station_id":"n3137622058","station_name":"Bautzner Straße / Rothenburger Straße"},{"station_id":"n2293552788","station_name":"Pulsnitzer Straße"},{"station_id":"n2293558135","station_name":"Diakonissenkrankenhaus"},{"station_id":"n2293585817","station_name":"Nordstraße"},{"station_id":"n201542949","station_name":"Waldschlößchen"},{"station_id":"n433059672","station_name":"Angelikastraße (Gedenkstätte Bautzner Straße)"},{"station_id":"n3160522703","station_name":"Wilhelminenstraße"},{"station_id":"n1152939368","station_name":"Elbschlösser"},{"station_id":"n2294679702","station_name":"Mordgrundbrücke"},{"station_id":"n2294780469","station_name":"Plattleite"},{"station_id":"n2294789016","station_name":"Am Weißen Adler"},{"station_id":"n2295410611","station_name":"Schwimmhalle Bühlau"},{"station_id":"n3161748250","station_name":"Hegereiterstraße"},{"station_id":"n2295422472","station_name":"Grundstraße"},{"station_id":"n201546998","station_name":"Bühlau, Ullersdorfer Platz"},{"station_id":"n2295466881","station_name":"Ullersdorfer Platz"},{"station_id":"n201546998","station_name":"Bühlau, Ullersdorfer Platz"}]},{"route_id":"rm5186677","route_name":"Tram 10: Messe Dresden <> Striesen","route_name_local":"Tram 10: Messe Dresden <> Striesen","route_name_en":null,"route_ref":"10","route_color":"#f9b000","wikipedia":"de:Verkehrsverbund Oberelbe","osm_route_ids":[51822,2819852],"status":null,"order_suspect":0,"span_suspect":0,"stations":[{"station_id":"n1278116783","station_name":"Messe, Gleisschleife"},{"station_id":"n1699517119","station_name":"Messe Dresden"},{"station_id":"n1299402694","station_name":"Messering (Halle 1)"},{"station_id":"n1299402679","station_name":"Alberthafen"},{"station_id":"n1299402744","station_name":"Vorwerkstraße"},{"station_id":"n333748474","station_name":"Krankenhaus Friedrichstadt (Sportpark Ostra)"},{"station_id":"n2261895949","station_name":"Weißeritzstraße"},{"station_id":"n1699677761","station_name":"Bahnhof Mitte / Könneritzstraße"},{"station_id":"n94174019","station_name":"S-Bahnhof Freiberger Straße"},{"station_id":"n91486560","station_name":"Budapester Straße"},{"station_id":"n988900741","station_name":"Hauptbahnhof"},{"station_id":"junc:13.73488:51.04037","station_name":""},{"station_id":"n197551704","station_name":"Gret-Palucca-Straße"},{"station_id":"n103928327","station_name":"Lennéplatz"},{"station_id":"n247170108","station_name":"Georg-Arnhold-Bad (Deutsches Hygiene-Museum)"},{"station_id":"n302411628","station_name":"Straßburger Platz (Gläserne Manufaktur)"},{"station_id":"n247164846","station_name":"Krankenhaus St. Joseph-Stift"},{"station_id":"n247167118","station_name":"Fetscherplatz"},{"station_id":"n3057031845","station_name":"Mosenstraße"},{"station_id":"n3057141424","station_name":"Spenerstraße"},{"station_id":"n3057141419","station_name":"Bergmannstraße"},{"station_id":"n1535249293","station_name":"Pohlandplatz (Technische Sammlungen)"},{"station_id":"n3057282587","station_name":"Gottleubaer Straße"},{"station_id":"n1299402673","station_name":"Striesen, Emanuel-Goldberg-Platz"},{"station_id":"n2204145206","station_name":"Striesen, Ludwig-Hartmann-Straße"}]},{"route_id":"rm5186035","route_name":"Tram 4","route_name_local":"Tram 4","route_name_en":null,"route_ref":"4","route_color":"#92c255","wikipedia":"de:Verkehrsverbund Oberelbe","osm_route_ids":[1895461,1895462,1895463,1895464,2813709,2813811],"status":null,"order_suspect":0,"span_suspect":0,"stations":[{"station_id":"n68333849","station_name":"Weinböhla (Rathausstraße)"},{"station_id":"n3539408417","station_name":"Weinböhla, Gellertstraße"},{"station_id":"n68333843","station_name":"Weinböhla, Köhlerstraße"},{"station_id":"n68333831","station_name":"Coswig, Steinbacher Weg"},{"station_id":"n248641303","station_name":"Coswig, Auerstraße"},{"station_id":"n248641302","station_name":"Coswig, Salzstraße"},{"station_id":"n68333808","station_name":"Coswig, Rathaus"},{"station_id":"n69393959","station_name":"Coswig, Zentrum / Börse"},{"station_id":"n69393313","station_name":"Coswig, Radebeuler Straße"},{"station_id":"n248640364","station_name":"Radebeul, Eisenbahnbrücke"},{"station_id":"n248640363","station_name":"Radebeul, Gerhart-Hauptmann-Straße"},{"station_id":"n67373675","station_name":"Radebeul, Johannisbergstraße"},{"station_id":"n67373488","station_name":"Radebeul, Schloss Wackerbarth"},{"station_id":"n1535249173","station_name":"Radebeul West, Flemmingstraße"},{"station_id":"n1535249257","station_name":"Radebeul, Moritzburger Straße"},{"station_id":"n1123405476","station_name":"Radebeul, Gradsteg"},{"station_id":"n1535249162","station_name":"Radebeul, Borstraße"},{"station_id":"n1535249166","station_name":"Radebeul, Dr.-Külz-Straße"},{"station_id":"n1535249441","station_name":"Radebeul, Zillerstraße (Elblandklinikum)"},{"station_id":"n3053531658","station_name":"Radebeul, Landesbühnen Sachsen"},{"station_id":"n1535249436","station_name":"Radebeul, Wasastraße"},{"station_id":"n1535249432","station_name":"Radebeul, Schildenstraße"},{"station_id":"n1535249193","station_name":"Radebeul, Hauptstraße"},{"station_id":"n1535249442","station_name":"Radebeul, Zinzendorfstraße"},{"station_id":"n1535249175","station_name":"Radebeul, Forststraße"},{"station_id":"n2217680818","station_name":"Kleestraße"},{"station_id":"n1535249178","station_name":"S-Bahnhof Trachau West"},{"station_id":"n2217158593","station_name":"Peschelstraße"},{"station_id":"n251313472","station_name":"Rankestraße"},{"station_id":"n256130959","station_name":"Alttrachau"},{"station_id":"n164388310","station_name":"Mickten"},{"station_id":"junc:13.71460:51.07950","station_name":""},{"station_id":"n1535249151","station_name":"Altpieschen"},{"station_id":"n2197973362","station_name":"Oschatzer Straße"},{"station_id":"n2198004340","station_name":"Alexander-Puschkin-Platz"},{"station_id":"n26423972","station_name":"Alter Schlachthof"},{"station_id":"n30893823","station_name":"Antonstraße / Leipziger Straße"},{"station_id":"n1535249290","station_name":"Palaisplatz (Japanisches Palais)"},{"station_id":"n3607726821","station_name":"Neustädter Markt"},{"station_id":"n2030526228","station_name":"Theaterplatz"},{"station_id":"junc:13.73325:51.05123","station_name":""},{"station_id":"n2102006632","station_name":"Postplatz"},{"station_id":"n712415502","station_name":"Prager Straße"},{"station_id":"n997588698","station_name":"Walpurgisstraße"},{"station_id":"n988900797","station_name":"Hauptbahnhof Nord"},{"station_id":"junc:13.73488:51.04037","station_name":""},{"station_id":"n197551704","station_name":"Gret-Palucca-Straße"},{"station_id":"n103928327","station_name":"Lennéplatz"},{"station_id":"junc:13.74868:51.03747","station_name":""},{"station_id":"n3151728355","station_name":"Zoo"},{"station_id":"n3151728783","station_name":"Querallee"},{"station_id":"n6703868143","station_name":"S-Bahnhof Strehlen"},{"station_id":"n2242733186","station_name":"Wasaplatz"},{"station_id":"n3151883406","station_name":"Mockritzer Straße"},{"station_id":"n3151883421","station_name":"Hugo-Bürkner-Straße"},{"station_id":"n2243029501","station_name":"Cäcilienstraße"},{"station_id":"n3160217622","station_name":"Eugen-Bracht-Straße"},{"station_id":"n3160217634","station_name":"Otto-Dix-Ring"},{"station_id":"n3160217646","station_name":"Wieckestraße"},{"station_id":"n3160218161","station_name":"Lohrmannstraße"},{"station_id":"n3160218185","station_name":"Hülßestraße"},{"station_id":"n2243373035","station_name":"Altreick"},{"station_id":"n268018285","station_name":"Trattendorfer Straße"},{"station_id":"n1481074061","station_name":"Albert-Wolf-Platz"},{"station_id":"n1483327274","station_name":"Jacob-Winter-Platz (Prohlis-Zentrum)"},{"station_id":"n1481074073","station_name":"Georg-Palitzsch-Straße"},{"station_id":"junc:13.79686:51.00040","station_name":""},{"station_id":"n1481074119","station_name":"Prohlis, Gleisschleife"}]}],"route_count":4,"route_refs":["8","11","10","4"],"route_colors":["#229133","#c2ddaf","#f9b000","#92c255"],"city":"Dresden","country":"Germany"},"geometry":{"type":"MultiLineString","coordinates":[[[13.73961245,51.03887845],[13.7468254,51.037920275]]]}},{"type":"Feature","properties":{"seg_id":"dresden-5","routes":[{"route_id":"rm5186073","route_name":"Tram 8","route_name_local":"Tram 8","route_name_en":null,"route_ref":"8","route_color":"#229133","wikipedia":"de:Verkehrsverbund Oberelbe","osm_route_ids":[48490,2816499],"status":null,"order_suspect":0,"span_suspect":0,"stations":[{"station_id":"n30990925","station_name":"Südvorstadt"},{"station_id":"n27306561","station_name":"Nürnberger Platz"},{"station_id":"n27432419","station_name":"Reichenbachstraße (Studentenwerk)"},{"station_id":"n988900741","station_name":"Hauptbahnhof"},{"station_id":"junc:13.73488:51.04037","station_name":""},{"station_id":"n197551704","station_name":"Gret-Palucca-Straße"},{"station_id":"n103928327","station_name":"Lennéplatz"},{"station_id":"n247170108","station_name":"Georg-Arnhold-Bad (Deutsches Hygiene-Museum)"},{"station_id":"n302411628","station_name":"Straßburger Platz (Gläserne Manufaktur)"},{"station_id":"n2234280244","station_name":"Sankt-Benno-Gymnasium"},{"station_id":"n3137455895","station_name":"Dürerstraße (Evangelische Hochschule)"},{"station_id":"junc:13.75795:51.05404","station_name":""},{"station_id":"n198206259","station_name":"Sachsenallee"},{"station_id":"n247167120","station_name":"Rosa-Luxemburg-Platz"},{"station_id":"n3137622058","station_name":"Bautzner Straße / Rothenburger Straße"},{"station_id":"junc:13.75146:51.06301","station_name":""},{"station_id":"n1703242760","station_name":"Albertplatz (Erich-Kästner-Museum)"},{"station_id":"n2272189456","station_name":"Louisenstraße"},{"station_id":"n438606702","station_name":"Bischofsweg"},{"station_id":"n2272193398","station_name":"Tannenstraße (Goethe-Institut)"},{"station_id":"n317000141","station_name":"Stauffenbergallee (Militärhistorisches Museum)"},{"station_id":"n1534522265","station_name":"Heeresbäckerei (Stadtarchiv)"},{"station_id":"n99948955","station_name":"S-Bahnhof Industriegelände"},{"station_id":"n1534522276","station_name":"Hellersiedlung"},{"station_id":"n99948969","station_name":"Moritzburger Weg"},{"station_id":"junc:13.76993:51.10223","station_name":""},{"station_id":"n313015460","station_name":"Infineon Süd (Abzweig nach Hellerau)"},{"station_id":"n3786004353","station_name":"Am Hellerrand"},{"station_id":"n259968894","station_name":"Heinrich-Tessenow-Weg"},{"station_id":"n1687832554","station_name":"Festspielhaus Hellerau"},{"station_id":"n259968892","station_name":"Brunnenweg"},{"station_id":"n210421826","station_name":"Hellerau, Kiefernweg"}]},{"route_id":"rm5186677","route_name":"Tram 10: Messe Dresden <> Striesen","route_name_local":"Tram 10: Messe Dresden <> Striesen","route_name_en":null,"route_ref":"10","route_color":"#f9b000","wikipedia":"de:Verkehrsverbund Oberelbe","osm_route_ids":[51822,2819852],"status":null,"order_suspect":0,"span_suspect":0,"stations":[{"station_id":"n1278116783","station_name":"Messe, Gleisschleife"},{"station_id":"n1699517119","station_name":"Messe Dresden"},{"station_id":"n1299402694","station_name":"Messering (Halle 1)"},{"station_id":"n1299402679","station_name":"Alberthafen"},{"station_id":"n1299402744","station_name":"Vorwerkstraße"},{"station_id":"n333748474","station_name":"Krankenhaus Friedrichstadt (Sportpark Ostra)"},{"station_id":"n2261895949","station_name":"Weißeritzstraße"},{"station_id":"n1699677761","station_name":"Bahnhof Mitte / Könneritzstraße"},{"station_id":"n94174019","station_name":"S-Bahnhof Freiberger Straße"},{"station_id":"n91486560","station_name":"Budapester Straße"},{"station_id":"n988900741","station_name":"Hauptbahnhof"},{"station_id":"junc:13.73488:51.04037","station_name":""},{"station_id":"n197551704","station_name":"Gret-Palucca-Straße"},{"station_id":"n103928327","station_name":"Lennéplatz"},{"station_id":"n247170108","station_name":"Georg-Arnhold-Bad (Deutsches Hygiene-Museum)"},{"station_id":"n302411628","station_name":"Straßburger Platz (Gläserne Manufaktur)"},{"station_id":"n247164846","station_name":"Krankenhaus St. Joseph-Stift"},{"station_id":"n247167118","station_name":"Fetscherplatz"},{"station_id":"n3057031845","station_name":"Mosenstraße"},{"station_id":"n3057141424","station_name":"Spenerstraße"},{"station_id":"n3057141419","station_name":"Bergmannstraße"},{"station_id":"n1535249293","station_name":"Pohlandplatz (Technische Sammlungen)"},{"station_id":"n3057282587","station_name":"Gottleubaer Straße"},{"station_id":"n1299402673","station_name":"Striesen, Emanuel-Goldberg-Platz"},{"station_id":"n2204145206","station_name":"Striesen, Ludwig-Hartmann-Straße"}]},{"route_id":"rm5186751","route_name":"Tram 13","route_name_local":"Tram 13","route_name_en":null,"route_ref":"13","route_color":"#fdc300","wikipedia":"de:Verkehrsverbund Oberelbe","osm_route_ids":[1812884,1812885,1812886,1812887],"status":null,"order_suspect":0,"span_suspect":0,"stations":[{"station_id":"n1481074119","station_name":"Prohlis, Gleisschleife"},{"station_id":"junc:13.79686:51.00040","station_name":""},{"station_id":"n1481074073","station_name":"Georg-Palitzsch-Straße"},{"station_id":"n1483327274","station_name":"Jacob-Winter-Platz (Prohlis-Zentrum)"},{"station_id":"n1481074061","station_name":"Albert-Wolf-Platz"},{"station_id":"n268018285","station_name":"Trattendorfer Straße"},{"station_id":"n2243373035","station_name":"Altreick"},{"station_id":"n3160218185","station_name":"Hülßestraße"},{"station_id":"n3160218161","station_name":"Lohrmannstraße"},{"station_id":"n3160217646","station_name":"Wieckestraße"},{"station_id":"n3160217634","station_name":"Otto-Dix-Ring"},{"station_id":"n3160217622","station_name":"Eugen-Bracht-Straße"},{"station_id":"n2243029501","station_name":"Cäcilienstraße"},{"station_id":"n3151883421","station_name":"Hugo-Bürkner-Straße"},{"station_id":"n3151883406","station_name":"Mockritzer Straße"},{"station_id":"n2242733186","station_name":"Wasaplatz"},{"station_id":"n6703868143","station_name":"S-Bahnhof Strehlen"},{"station_id":"n3151728783","station_name":"Querallee"},{"station_id":"n3151728355","station_name":"Zoo"},{"station_id":"junc:13.74868:51.03747","station_name":""},{"station_id":"n103928327","station_name":"Lennéplatz"},{"station_id":"n247170108","station_name":"Georg-Arnhold-Bad (Deutsches Hygiene-Museum)"},{"station_id":"n302411628","station_name":"Straßburger Platz (Gläserne Manufaktur)"},{"station_id":"n2234280244","station_name":"Sankt-Benno-Gymnasium"},{"station_id":"n3137455895","station_name":"Dürerstraße (Evangelische Hochschule)"},{"station_id":"junc:13.75795:51.05404","station_name":""},{"station_id":"n198206259","station_name":"Sachsenallee"},{"station_id":"n247167120","station_name":"Rosa-Luxemburg-Platz"},{"station_id":"n3137622058","station_name":"Bautzner Straße / Rothenburger Straße"},{"station_id":"n3137622112","station_name":"Görlitzer Straße (Nordbad)"},{"station_id":"n248632392","station_name":"Alaunplatz"},{"station_id":"n438606702","station_name":"Bischofsweg"},{"station_id":"n248632526","station_name":"S-Bahnhof Bischofsplatz"},{"station_id":"n924195564","station_name":"Friedensstraße"},{"station_id":"n598589141","station_name":"Liststraße"},{"station_id":"n248643762","station_name":"Bürgerstraße"},{"station_id":"n198197306","station_name":"Rathaus Pieschen"},{"station_id":"n1535249151","station_name":"Altpieschen"},{"station_id":"junc:13.71460:51.07950","station_name":""},{"station_id":"n164388310","station_name":"Mickten"},{"station_id":"n199462776","station_name":"Trachauer Straße"},{"station_id":"n9493141425","station_name":"Brockwitzer Straße"},{"station_id":"n151013122","station_name":"An der Flutrinne"},{"station_id":"n248643752","station_name":"Sörnewitzer Straße"},{"station_id":"n248643753","station_name":"Elbepark"},{"station_id":"n198170269","station_name":"Washingtonstraße"},{"station_id":"n198170827","station_name":"Kaditz, Riegelplatz"}]}],"route_count":3,"route_refs":["8","10","13"],"route_colors":["#229133","#f9b000","#fdc300"],"city":"Dresden","country":"Germany"},"geometry":{"type":"MultiLineString","coordinates":[[[13.7468254,51.037920275],[13.751244024999998,51.042470425],[13.755485066666665,51.04607611666666]]]}},{"type":"Feature","properties":{"seg_id":"dresden-6","routes":[{"route_id":"rm5186073","route_name":"Tram 8","route_name_local":"Tram 8","route_name_en":null,"route_ref":"8","route_color":"#229133","wikipedia":"de:Verkehrsverbund Oberelbe","osm_route_ids":[48490,2816499],"status":null,"order_suspect":0,"span_suspect":0,"stations":[{"station_id":"n30990925","station_name":"Südvorstadt"},{"station_id":"n27306561","station_name":"Nürnberger Platz"},{"station_id":"n27432419","station_name":"Reichenbachstraße (Studentenwerk)"},{"station_id":"n988900741","station_name":"Hauptbahnhof"},{"station_id":"junc:13.73488:51.04037","station_name":""},{"station_id":"n197551704","station_name":"Gret-Palucca-Straße"},{"station_id":"n103928327","station_name":"Lennéplatz"},{"station_id":"n247170108","station_name":"Georg-Arnhold-Bad (Deutsches Hygiene-Museum)"},{"station_id":"n302411628","station_name":"Straßburger Platz (Gläserne Manufaktur)"},{"station_id":"n2234280244","station_name":"Sankt-Benno-Gymnasium"},{"station_id":"n3137455895","station_name":"Dürerstraße (Evangelische Hochschule)"},{"station_id":"junc:13.75795:51.05404","station_name":""},{"station_id":"n198206259","station_name":"Sachsenallee"},{"station_id":"n247167120","station_name":"Rosa-Luxemburg-Platz"},{"station_id":"n3137622058","station_name":"Bautzner Straße / Rothenburger Straße"},{"station_id":"junc:13.75146:51.06301","station_name":""},{"station_id":"n1703242760","station_name":"Albertplatz (Erich-Kästner-Museum)"},{"station_id":"n2272189456","station_name":"Louisenstraße"},{"station_id":"n438606702","station_name":"Bischofsweg"},{"station_id":"n2272193398","station_name":"Tannenstraße (Goethe-Institut)"},{"station_id":"n317000141","station_name":"Stauffenbergallee (Militärhistorisches Museum)"},{"station_id":"n1534522265","station_name":"Heeresbäckerei (Stadtarchiv)"},{"station_id":"n99948955","station_name":"S-Bahnhof Industriegelände"},{"station_id":"n1534522276","station_name":"Hellersiedlung"},{"station_id":"n99948969","station_name":"Moritzburger Weg"},{"station_id":"junc:13.76993:51.10223","station_name":""},{"station_id":"n313015460","station_name":"Infineon Süd (Abzweig nach Hellerau)"},{"station_id":"n3786004353","station_name":"Am Hellerrand"},{"station_id":"n259968894","station_name":"Heinrich-Tessenow-Weg"},{"station_id":"n1687832554","station_name":"Festspielhaus Hellerau"},{"station_id":"n259968892","station_name":"Brunnenweg"},{"station_id":"n210421826","station_name":"Hellerau, Kiefernweg"}]},{"route_id":"rm5186751","route_name":"Tram 13","route_name_local":"Tram 13","route_name_en":null,"route_ref":"13","route_color":"#fdc300","wikipedia":"de:Verkehrsverbund Oberelbe","osm_route_ids":[1812884,1812885,1812886,1812887],"status":null,"order_suspect":0,"span_suspect":0,"stations":[{"station_id":"n1481074119","station_name":"Prohlis, Gleisschleife"},{"station_id":"junc:13.79686:51.00040","station_name":""},{"station_id":"n1481074073","station_name":"Georg-Palitzsch-Straße"},{"station_id":"n1483327274","station_name":"Jacob-Winter-Platz (Prohlis-Zentrum)"},{"station_id":"n1481074061","station_name":"Albert-Wolf-Platz"},{"station_id":"n268018285","station_name":"Trattendorfer Straße"},{"station_id":"n2243373035","station_name":"Altreick"},{"station_id":"n3160218185","station_name":"Hülßestraße"},{"station_id":"n3160218161","station_name":"Lohrmannstraße"},{"station_id":"n3160217646","station_name":"Wieckestraße"},{"station_id":"n3160217634","station_name":"Otto-Dix-Ring"},{"station_id":"n3160217622","station_name":"Eugen-Bracht-Straße"},{"station_id":"n2243029501","station_name":"Cäcilienstraße"},{"station_id":"n3151883421","station_name":"Hugo-Bürkner-Straße"},{"station_id":"n3151883406","station_name":"Mockritzer Straße"},{"station_id":"n2242733186","station_name":"Wasaplatz"},{"station_id":"n6703868143","station_name":"S-Bahnhof Strehlen"},{"station_id":"n3151728783","station_name":"Querallee"},{"station_id":"n3151728355","station_name":"Zoo"},{"station_id":"junc:13.74868:51.03747","station_name":""},{"station_id":"n103928327","station_name":"Lennéplatz"},{"station_id":"n247170108","station_name":"Georg-Arnhold-Bad (Deutsches Hygiene-Museum)"},{"station_id":"n302411628","station_name":"Straßburger Platz (Gläserne Manufaktur)"},{"station_id":"n2234280244","station_name":"Sankt-Benno-Gymnasium"},{"station_id":"n3137455895","station_name":"Dürerstraße (Evangelische Hochschule)"},{"station_id":"junc:13.75795:51.05404","station_name":""},{"station_id":"n198206259","station_name":"Sachsenallee"},{"station_id":"n247167120","station_name":"Rosa-Luxemburg-Platz"},{"station_id":"n3137622058","station_name":"Bautzner Straße / Rothenburger Straße"},{"station_id":"n3137622112","station_name":"Görlitzer Straße (Nordbad)"},{"station_id":"n248632392","station_name":"Alaunplatz"},{"station_id":"n438606702","station_name":"Bischofsweg"},{"station_id":"n248632526","station_name":"S-Bahnhof Bischofsplatz"},{"station_id":"n924195564","station_name":"Friedensstraße"},{"station_id":"n598589141","station_name":"Liststraße"},{"station_id":"n248643762","station_name":"Bürgerstraße"},{"station_id":"n198197306","station_name":"Rathaus Pieschen"},{"station_id":"n1535249151","station_name":"Altpieschen"},{"station_id":"junc:13.71460:51.07950","station_name":""},{"station_id":"n164388310","station_name":"Mickten"},{"station_id":"n199462776","station_name":"Trachauer Straße"},{"station_id":"n9493141425","station_name":"Brockwitzer Straße"},{"station_id":"n151013122","station_name":"An der Flutrinne"},{"station_id":"n248643752","station_name":"Sörnewitzer Straße"},{"station_id":"n248643753","station_name":"Elbepark"},{"station_id":"n198170269","station_name":"Washingtonstraße"},{"station_id":"n198170827","station_name":"Kaditz, Riegelplatz"}]}],"route_count":2,"route_refs":["8","13"],"route_colors":["#229133","#fdc300"],"city":"Dresden","country":"Germany"},"geometry":{"type":"MultiLineString","coordinates":[[[13.755485066666665,51.04607611666666],[13.75730615,51.050126524999996],[13.757893975,51.051844224999996],[13.7579472,51.0540382],[13.7574163,51.05455585]]]}},{"type":"Feature","properties":{"seg_id":"dresden-7","routes":[{"route_id":"rm5186073","route_name":"Tram 8","route_name_local":"Tram 8","route_name_en":null,"route_ref":"8","route_color":"#229133","wikipedia":"de:Verkehrsverbund Oberelbe","osm_route_ids":[48490,2816499],"status":null,"order_suspect":0,"span_suspect":0,"stations":[{"station_id":"n30990925","station_name":"Südvorstadt"},{"station_id":"n27306561","station_name":"Nürnberger Platz"},{"station_id":"n27432419","station_name":"Reichenbachstraße (Studentenwerk)"},{"station_id":"n988900741","station_name":"Hauptbahnhof"},{"station_id":"junc:13.73488:51.04037","station_name":""},{"station_id":"n197551704","station_name":"Gret-Palucca-Straße"},{"station_id":"n103928327","station_name":"Lennéplatz"},{"station_id":"n247170108","station_name":"Georg-Arnhold-Bad (Deutsches Hygiene-Museum)"},{"station_id":"n302411628","station_name":"Straßburger Platz (Gläserne Manufaktur)"},{"station_id":"n2234280244","station_name":"Sankt-Benno-Gymnasium"},{"station_id":"n3137455895","station_name":"Dürerstraße (Evangelische Hochschule)"},{"station_id":"junc:13.75795:51.05404","station_name":""},{"station_id":"n198206259","station_name":"Sachsenallee"},{"station_id":"n247167120","station_name":"Rosa-Luxemburg-Platz"},{"station_id":"n3137622058","station_name":"Bautzner Straße / Rothenburger Straße"},{"station_id":"junc:13.75146:51.06301","station_name":""},{"station_id":"n1703242760","station_name":"Albertplatz (Erich-Kästner-Museum)"},{"station_id":"n2272189456","station_name":"Louisenstraße"},{"station_id":"n438606702","station_name":"Bischofsweg"},{"station_id":"n2272193398","station_name":"Tannenstraße (Goethe-Institut)"},{"station_id":"n317000141","station_name":"Stauffenbergallee (Militärhistorisches Museum)"},{"station_id":"n1534522265","station_name":"Heeresbäckerei (Stadtarchiv)"},{"station_id":"n99948955","station_name":"S-Bahnhof Industriegelände"},{"station_id":"n1534522276","station_name":"Hellersiedlung"},{"station_id":"n99948969","station_name":"Moritzburger Weg"},{"station_id":"junc:13.76993:51.10223","station_name":""},{"station_id":"n313015460","station_name":"Infineon Süd (Abzweig nach Hellerau)"},{"station_id":"n3786004353","station_name":"Am Hellerrand"},{"station_id":"n259968894","station_name":"Heinrich-Tessenow-Weg"},{"station_id":"n1687832554","station_name":"Festspielhaus Hellerau"},{"station_id":"n259968892","station_name":"Brunnenweg"},{"station_id":"n210421826","station_name":"Hellerau, Kiefernweg"}]},{"route_id":"rm5186067","route_name":"Tram 6","route_name_local":"Tram 6","route_name_en":null,"route_ref":"6","route_color":"#ffdd00","wikipedia":"de:Verkehrsverbund Oberelbe","osm_route_ids":[50962,2819864],"status":null,"order_suspect":0,"span_suspect":0,"stations":[{"station_id":"n1459672328","station_name":"S-Bahnhof Niedersedlitz"},{"station_id":"n2249171738","station_name":"Försterlingstraße"},{"station_id":"n2249279225","station_name":"Straße des 17. Juni"},{"station_id":"n2249290203","station_name":"Guerickestraße"},{"station_id":"n2247382715","station_name":"Berthold-Haupt-Straße"},{"station_id":"n3072066153","station_name":"Altleuben"},{"station_id":"junc:13.82403:51.01276","station_name":""},{"station_id":"n3070182363","station_name":"Friedhof Leuben"},{"station_id":"n3070182371","station_name":"Großglocknerstraße"},{"station_id":"n1152939329","station_name":"Laibacher Straße"},{"station_id":"n3070070350","station_name":"Leubener Straße"},{"station_id":"junc:13.83743:51.02503","station_name":""},{"station_id":"n3069863291","station_name":"Hermann-Seidel-Straße"},{"station_id":"n1535249155","station_name":"Alttolkewitz"},{"station_id":"n248219396","station_name":"Wasserwerk Tolkewitz"},{"station_id":"n3058661317","station_name":"Tolkewitz Schulcampus"},{"station_id":"n1152939366","station_name":"Johannisfriedhof"},{"station_id":"n2204145206","station_name":"Striesen, Ludwig-Hartmann-Straße"},{"station_id":"n2249378490","station_name":"Gustav-Freytag-Straße"},{"station_id":"n2249391575","station_name":"Heinrich-Schütz-Straße"},{"station_id":"n3123485859","station_name":"Jüngststraße"},{"station_id":"n3123615227","station_name":"Blasewitz, Schillerplatz"},{"station_id":"n3123619045","station_name":"Prellerstraße"},{"station_id":"n2249679758","station_name":"Lene-Glatzer-Straße"},{"station_id":"n2250469190","station_name":"Königsheimplatz"},{"station_id":"n2250518300","station_name":"Augsburger Straße (Universitätsklinikum)"},{"station_id":"junc:13.77815:51.05294","station_name":""},{"station_id":"n2251164068","station_name":"Blasewitzer Straße / Fetscherstraße"},{"station_id":"n2252393145","station_name":"Trinitatisplatz"},{"station_id":"n2252424368","station_name":"Permoserstraße"},{"station_id":"n198206259","station_name":"Sachsenallee"},{"station_id":"n247167120","station_name":"Rosa-Luxemburg-Platz"},{"station_id":"n3137622058","station_name":"Bautzner Straße / Rothenburger Straße"},{"station_id":"junc:13.75146:51.06301","station_name":""},{"station_id":"n1703242760","station_name":"Albertplatz (Erich-Kästner-Museum)"},{"station_id":"junc:13.74072:51.06480","station_name":""},{"station_id":"n598684803","station_name":"Bahnhof Neustadt"},{"station_id":"junc:13.74072:51.06480","station_name":""},{"station_id":"n30893823","station_name":"Antonstraße / Leipziger Straße"},{"station_id":"n30988946","station_name":"Kongresszentrum (Haus der Presse)"},{"station_id":"junc:13.72583:51.05685","station_name":""},{"station_id":"n1699677761","station_name":"Bahnhof Mitte / Könneritzstraße"},{"station_id":"n283339711","station_name":"Bahnhof Mitte / Jahnstraße"},{"station_id":"junc:13.72039:51.05487","station_name":""},{"station_id":"n203804853","station_name":"Koreanischer Platz"},{"station_id":"n249430084","station_name":"Cottaer Straße"},{"station_id":"n311494780","station_name":"Wernerstraße"},{"station_id":"n203835221","station_name":"Löbtau, Tharandter Straße"},{"station_id":"n2092458040","station_name":"Bünaustraße"},{"station_id":"junc:13.69460:51.04315","station_name":""},{"station_id":"n2268676985","station_name":"Malterstraße"},{"station_id":"n2268694425","station_name":"Koblenzer Straße"},{"station_id":"n29999456","station_name":"Julius-Vahlteich-Straße"},{"station_id":"n1193863206","station_name":"Wölfnitz"}]},{"route_id":"rm5186751","route_name":"Tram 13","route_name_local":"Tram 13","route_name_en":null,"route_ref":"13","route_color":"#fdc300","wikipedia":"de:Verkehrsverbund Oberelbe","osm_route_ids":[1812884,1812885,1812886,1812887],"status":null,"order_suspect":0,"span_suspect":0,"stations":[{"station_id":"n1481074119","station_name":"Prohlis, Gleisschleife"},{"station_id":"junc:13.79686:51.00040","station_name":""},{"station_id":"n1481074073","station_name":"Georg-Palitzsch-Straße"},{"station_id":"n1483327274","station_name":"Jacob-Winter-Platz (Prohlis-Zentrum)"},{"station_id":"n1481074061","station_name":"Albert-Wolf-Platz"},{"station_id":"n268018285","station_name":"Trattendorfer Straße"},{"station_id":"n2243373035","station_name":"Altreick"},{"station_id":"n3160218185","station_name":"Hülßestraße"},{"station_id":"n3160218161","station_name":"Lohrmannstraße"},{"station_id":"n3160217646","station_name":"Wieckestraße"},{"station_id":"n3160217634","station_name":"Otto-Dix-Ring"},{"station_id":"n3160217622","station_name":"Eugen-Bracht-Straße"},{"station_id":"n2243029501","station_name":"Cäcilienstraße"},{"station_id":"n3151883421","station_name":"Hugo-Bürkner-Straße"},{"station_id":"n3151883406","station_name":"Mockritzer Straße"},{"station_id":"n2242733186","station_name":"Wasaplatz"},{"station_id":"n6703868143","station_name":"S-Bahnhof Strehlen"},{"station_id":"n3151728783","station_name":"Querallee"},{"station_id":"n3151728355","station_name":"Zoo"},{"station_id":"junc:13.74868:51.03747","station_name":""},{"station_id":"n103928327","station_name":"Lennéplatz"},{"station_id":"n247170108","station_name":"Georg-Arnhold-Bad (Deutsches Hygiene-Museum)"},{"station_id":"n302411628","station_name":"Straßburger Platz (Gläserne Manufaktur)"},{"station_id":"n2234280244","station_name":"Sankt-Benno-Gymnasium"},{"station_id":"n3137455895","station_name":"Dürerstraße (Evangelische Hochschule)"},{"station_id":"junc:13.75795:51.05404","station_name":""},{"station_id":"n198206259","station_name":"Sachsenallee"},{"station_id":"n247167120","station_name":"Rosa-Luxemburg-Platz"},{"station_id":"n3137622058","station_name":"Bautzner Straße / Rothenburger Straße"},{"station_id":"n3137622112","station_name":"Görlitzer Straße (Nordbad)"},{"station_id":"n248632392","station_name":"Alaunplatz"},{"station_id":"n438606702","station_name":"Bischofsweg"},{"station_id":"n248632526","station_name":"S-Bahnhof Bischofsplatz"},{"station_id":"n924195564","station_name":"Friedensstraße"},{"station_id":"n598589141","station_name":"Liststraße"},{"station_id":"n248643762","station_name":"Bürgerstraße"},{"station_id":"n198197306","station_name":"Rathaus Pieschen"},{"station_id":"n1535249151","station_name":"Altpieschen"},{"station_id":"junc:13.71460:51.07950","station_name":""},{"station_id":"n164388310","station_name":"Mickten"},{"station_id":"n199462776","station_name":"Trachauer Straße"},{"station_id":"n9493141425","station_name":"Brockwitzer Straße"},{"station_id":"n151013122","station_name":"An der Flutrinne"},{"station_id":"n248643752","station_name":"Sörnewitzer Straße"},{"station_id":"n248643753","station_name":"Elbepark"},{"station_id":"n198170269","station_name":"Washingtonstraße"},{"station_id":"n198170827","station_name":"Kaditz, Riegelplatz"}]}],"route_count":3,"route_refs":["8","6","13"],"route_colors":["#229133","#ffdd00","#fdc300"],"city":"Dresden","country":"Germany"},"geometry":{"type":"MultiLineString","coordinates":[[[13.7574163,51.05455585],[13.75283725,51.059407199999995],[13.752315816666666,51.06274358333334]]]}},{"type":"Feature","properties":{"seg_id":"dresden-8","routes":[{"route_id":"rm5186073","route_name":"Tram 8","route_name_local":"Tram 8","route_name_en":null,"route_ref":"8","route_color":"#229133","wikipedia":"de:Verkehrsverbund Oberelbe","osm_route_ids":[48490,2816499],"status":null,"order_suspect":0,"span_suspect":0,"stations":[{"station_id":"n30990925","station_name":"Südvorstadt"},{"station_id":"n27306561","station_name":"Nürnberger Platz"},{"station_id":"n27432419","station_name":"Reichenbachstraße (Studentenwerk)"},{"station_id":"n988900741","station_name":"Hauptbahnhof"},{"station_id":"junc:13.73488:51.04037","station_name":""},{"station_id":"n197551704","station_name":"Gret-Palucca-Straße"},{"station_id":"n103928327","station_name":"Lennéplatz"},{"station_id":"n247170108","station_name":"Georg-Arnhold-Bad (Deutsches Hygiene-Museum)"},{"station_id":"n302411628","station_name":"Straßburger Platz (Gläserne Manufaktur)"},{"station_id":"n2234280244","station_name":"Sankt-Benno-Gymnasium"},{"station_id":"n3137455895","station_name":"Dürerstraße (Evangelische Hochschule)"},{"station_id":"junc:13.75795:51.05404","station_name":""},{"station_id":"n198206259","station_name":"Sachsenallee"},{"station_id":"n247167120","station_name":"Rosa-Luxemburg-Platz"},{"station_id":"n3137622058","station_name":"Bautzner Straße / Rothenburger Straße"},{"station_id":"junc:13.75146:51.06301","station_name":""},{"station_id":"n1703242760","station_name":"Albertplatz (Erich-Kästner-Museum)"},{"station_id":"n2272189456","station_name":"Louisenstraße"},{"station_id":"n438606702","station_name":"Bischofsweg"},{"station_id":"n2272193398","station_name":"Tannenstraße (Goethe-Institut)"},{"station_id":"n317000141","station_name":"Stauffenbergallee (Militärhistorisches Museum)"},{"station_id":"n1534522265","station_name":"Heeresbäckerei (Stadtarchiv)"},{"station_id":"n99948955","station_name":"S-Bahnhof Industriegelände"},{"station_id":"n1534522276","station_name":"Hellersiedlung"},{"station_id":"n99948969","station_name":"Moritzburger Weg"},{"station_id":"junc:13.76993:51.10223","station_name":""},{"station_id":"n313015460","station_name":"Infineon Süd (Abzweig nach Hellerau)"},{"station_id":"n3786004353","station_name":"Am Hellerrand"},{"station_id":"n259968894","station_name":"Heinrich-Tessenow-Weg"},{"station_id":"n1687832554","station_name":"Festspielhaus Hellerau"},{"station_id":"n259968892","station_name":"Brunnenweg"},{"station_id":"n210421826","station_name":"Hellerau, Kiefernweg"}]},{"route_id":"rm5186067","route_name":"Tram 6","route_name_local":"Tram 6","route_name_en":null,"route_ref":"6","route_color":"#ffdd00","wikipedia":"de:Verkehrsverbund Oberelbe","osm_route_ids":[50962,2819864],"status":null,"order_suspect":0,"span_suspect":0,"stations":[{"station_id":"n1459672328","station_name":"S-Bahnhof Niedersedlitz"},{"station_id":"n2249171738","station_name":"Försterlingstraße"},{"station_id":"n2249279225","station_name":"Straße des 17. Juni"},{"station_id":"n2249290203","station_name":"Guerickestraße"},{"station_id":"n2247382715","station_name":"Berthold-Haupt-Straße"},{"station_id":"n3072066153","station_name":"Altleuben"},{"station_id":"junc:13.82403:51.01276","station_name":""},{"station_id":"n3070182363","station_name":"Friedhof Leuben"},{"station_id":"n3070182371","station_name":"Großglocknerstraße"},{"station_id":"n1152939329","station_name":"Laibacher Straße"},{"station_id":"n3070070350","station_name":"Leubener Straße"},{"station_id":"junc:13.83743:51.02503","station_name":""},{"station_id":"n3069863291","station_name":"Hermann-Seidel-Straße"},{"station_id":"n1535249155","station_name":"Alttolkewitz"},{"station_id":"n248219396","station_name":"Wasserwerk Tolkewitz"},{"station_id":"n3058661317","station_name":"Tolkewitz Schulcampus"},{"station_id":"n1152939366","station_name":"Johannisfriedhof"},{"station_id":"n2204145206","station_name":"Striesen, Ludwig-Hartmann-Straße"},{"station_id":"n2249378490","station_name":"Gustav-Freytag-Straße"},{"station_id":"n2249391575","station_name":"Heinrich-Schütz-Straße"},{"station_id":"n3123485859","station_name":"Jüngststraße"},{"station_id":"n3123615227","station_name":"Blasewitz, Schillerplatz"},{"station_id":"n3123619045","station_name":"Prellerstraße"},{"station_id":"n2249679758","station_name":"Lene-Glatzer-Straße"},{"station_id":"n2250469190","station_name":"Königsheimplatz"},{"station_id":"n2250518300","station_name":"Augsburger Straße (Universitätsklinikum)"},{"station_id":"junc:13.77815:51.05294","station_name":""},{"station_id":"n2251164068","station_name":"Blasewitzer Straße / Fetscherstraße"},{"station_id":"n2252393145","station_name":"Trinitatisplatz"},{"station_id":"n2252424368","station_name":"Permoserstraße"},{"station_id":"n198206259","station_name":"Sachsenallee"},{"station_id":"n247167120","station_name":"Rosa-Luxemburg-Platz"},{"station_id":"n3137622058","station_name":"Bautzner Straße / Rothenburger Straße"},{"station_id":"junc:13.75146:51.06301","station_name":""},{"station_id":"n1703242760","station_name":"Albertplatz (Erich-Kästner-Museum)"},{"station_id":"junc:13.74072:51.06480","station_name":""},{"station_id":"n598684803","station_name":"Bahnhof Neustadt"},{"station_id":"junc:13.74072:51.06480","station_name":""},{"station_id":"n30893823","station_name":"Antonstraße / Leipziger Straße"},{"station_id":"n30988946","station_name":"Kongresszentrum (Haus der Presse)"},{"station_id":"junc:13.72583:51.05685","station_name":""},{"station_id":"n1699677761","station_name":"Bahnhof Mitte / Könneritzstraße"},{"station_id":"n283339711","station_name":"Bahnhof Mitte / Jahnstraße"},{"station_id":"junc:13.72039:51.05487","station_name":""},{"station_id":"n203804853","station_name":"Koreanischer Platz"},{"station_id":"n249430084","station_name":"Cottaer Straße"},{"station_id":"n311494780","station_name":"Wernerstraße"},{"station_id":"n203835221","station_name":"Löbtau, Tharandter Straße"},{"station_id":"n2092458040","station_name":"Bünaustraße"},{"station_id":"junc:13.69460:51.04315","station_name":""},{"station_id":"n2268676985","station_name":"Malterstraße"},{"station_id":"n2268694425","station_name":"Koblenzer Straße"},{"station_id":"n29999456","station_name":"Julius-Vahlteich-Straße"},{"station_id":"n1193863206","station_name":"Wölfnitz"}]},{"route_id":"rm5186681","route_name":"Tram 11","route_name_local":"Tram 11","route_name_en":null,"route_ref":"11","route_color":"#c2ddaf","wikipedia":"de:Verkehrsverbund Oberelbe","osm_route_ids":[51809,2817120],"status":null,"order_suspect":0,"span_suspect":0,"stations":[{"station_id":"n308149044","station_name":"Zschertnitz, Münzmeisterstraße"},{"station_id":"n3160400393","station_name":"Räcknitzhöhe"},{"station_id":"n98010200","station_name":"Zellescher Weg"},{"station_id":"n2293414413","station_name":"Strehlener Platz"},{"station_id":"n103928327","station_name":"Lennéplatz"},{"station_id":"n197551704","station_name":"Gret-Palucca-Straße"},{"station_id":"junc:13.73488:51.04037","station_name":""},{"station_id":"n988900797","station_name":"Hauptbahnhof Nord"},{"station_id":"n997588698","station_name":"Walpurgisstraße"},{"station_id":"n712415502","station_name":"Prager Straße"},{"station_id":"n2102006632","station_name":"Postplatz"},{"station_id":"n316713924","station_name":"Am Zwingerteich"},{"station_id":"junc:13.72849:51.05654","station_name":""},{"station_id":"n30988946","station_name":"Kongresszentrum (Haus der Presse)"},{"station_id":"n30893823","station_name":"Antonstraße / Leipziger Straße"},{"station_id":"junc:13.74072:51.06480","station_name":""},{"station_id":"n598684803","station_name":"Bahnhof Neustadt"},{"station_id":"junc:13.74072:51.06480","station_name":""},{"station_id":"n1703242760","station_name":"Albertplatz (Erich-Kästner-Museum)"},{"station_id":"junc:13.75146:51.06301","station_name":""},{"station_id":"n3137622058","station_name":"Bautzner Straße / Rothenburger Straße"},{"station_id":"n2293552788","station_name":"Pulsnitzer Straße"},{"station_id":"n2293558135","station_name":"Diakonissenkrankenhaus"},{"station_id":"n2293585817","station_name":"Nordstraße"},{"station_id":"n201542949","station_name":"Waldschlößchen"},{"station_id":"n433059672","station_name":"Angelikastraße (Gedenkstätte Bautzner Straße)"},{"station_id":"n3160522703","station_name":"Wilhelminenstraße"},{"station_id":"n1152939368","station_name":"Elbschlösser"},{"station_id":"n2294679702","station_name":"Mordgrundbrücke"},{"station_id":"n2294780469","station_name":"Plattleite"},{"station_id":"n2294789016","station_name":"Am Weißen Adler"},{"station_id":"n2295410611","station_name":"Schwimmhalle Bühlau"},{"station_id":"n3161748250","station_name":"Hegereiterstraße"},{"station_id":"n2295422472","station_name":"Grundstraße"},{"station_id":"n201546998","station_name":"Bühlau, Ullersdorfer Platz"},{"station_id":"n2295466881","station_name":"Ullersdorfer Platz"},{"station_id":"n201546998","station_name":"Bühlau, Ullersdorfer Platz"}]}],"route_count":3,"route_refs":["8","6","11"],"route_colors":["#229133","#ffdd00","#c2ddaf"],"city":"Dresden","country":"Germany"},"geometry":{"type":"MultiLineString","coordinates":[[[13.752315816666666,51.06274358333334],[13.7514616,51.0630102],[13.746148125,51.063704375]]]}},{"type":"Feature","properties":{"seg_id":"dresden-9","routes":[{"route_id":"rm5186073","route_name":"Tram 8","route_name_local":"Tram 8","route_name_en":null,"route_ref":"8","route_color":"#229133","wikipedia":"de:Verkehrsverbund Oberelbe","osm_route_ids":[48490,2816499],"status":null,"order_suspect":0,"span_suspect":0,"stations":[{"station_id":"n30990925","station_name":"Südvorstadt"},{"station_id":"n27306561","station_name":"Nürnberger Platz"},{"station_id":"n27432419","station_name":"Reichenbachstraße (Studentenwerk)"},{"station_id":"n988900741","station_name":"Hauptbahnhof"},{"station_id":"junc:13.73488:51.04037","station_name":""},{"station_id":"n197551704","station_name":"Gret-Palucca-Straße"},{"station_id":"n103928327","station_name":"Lennéplatz"},{"station_id":"n247170108","station_name":"Georg-Arnhold-Bad (Deutsches Hygiene-Museum)"},{"station_id":"n302411628","station_name":"Straßburger Platz (Gläserne Manufaktur)"},{"station_id":"n2234280244","station_name":"Sankt-Benno-Gymnasium"},{"station_id":"n3137455895","station_name":"Dürerstraße (Evangelische Hochschule)"},{"station_id":"junc:13.75795:51.05404","station_name":""},{"station_id":"n198206259","station_name":"Sachsenallee"},{"station_id":"n247167120","station_name":"Rosa-Luxemburg-Platz"},{"station_id":"n3137622058","station_name":"Bautzner Straße / Rothenburger Straße"},{"station_id":"junc:13.75146:51.06301","station_name":""},{"station_id":"n1703242760","station_name":"Albertplatz (Erich-Kästner-Museum)"},{"station_id":"n2272189456","station_name":"Louisenstraße"},{"station_id":"n438606702","station_name":"Bischofsweg"},{"station_id":"n2272193398","station_name":"Tannenstraße (Goethe-Institut)"},{"station_id":"n317000141","station_name":"Stauffenbergallee (Militärhistorisches Museum)"},{"station_id":"n1534522265","station_name":"Heeresbäckerei (Stadtarchiv)"},{"station_id":"n99948955","station_name":"S-Bahnhof Industriegelände"},{"station_id":"n1534522276","station_name":"Hellersiedlung"},{"station_id":"n99948969","station_name":"Moritzburger Weg"},{"station_id":"junc:13.76993:51.10223","station_name":""},{"station_id":"n313015460","station_name":"Infineon Süd (Abzweig nach Hellerau)"},{"station_id":"n3786004353","station_name":"Am Hellerrand"},{"station_id":"n259968894","station_name":"Heinrich-Tessenow-Weg"},{"station_id":"n1687832554","station_name":"Festspielhaus Hellerau"},{"station_id":"n259968892","station_name":"Brunnenweg"},{"station_id":"n210421826","station_name":"Hellerau, Kiefernweg"}]},{"route_id":"rm2675693","route_name":"Tram 7: Weixdorf <> Pennrich","route_name_local":"Tram 7: Weixdorf <> Pennrich","route_name_en":null,"route_ref":"7","route_color":"#9e0234","wikipedia":"de:Verkehrsverbund Oberelbe","osm_route_ids":[1894481,1894482],"status":null,"order_suspect":0,"span_suspect":0,"stations":[{"station_id":"n443379404","station_name":"Weixdorf, Rathenaustraße"},{"station_id":"n1534522247","station_name":"Haltepunkt Weixdorf Bad"},{"station_id":"n104212154","station_name":"Fuchsberg"},{"station_id":"n104177481","station_name":"Industriepark Klotzsche"},{"station_id":"n248532963","station_name":"Arkonastraße"},{"station_id":"n3139326501","station_name":"Käthe-Kollwitz-Platz"},{"station_id":"n3139175437","station_name":"Zur Neuen Brücke"},{"station_id":"n248532966","station_name":"Karl-Marx-Straße"},{"station_id":"n101122765","station_name":"Infineon Nord"},{"station_id":"n313015460","station_name":"Infineon Süd (Abzweig nach Hellerau)"},{"station_id":"junc:13.76993:51.10223","station_name":""},{"station_id":"n99948969","station_name":"Moritzburger Weg"},{"station_id":"n1534522276","station_name":"Hellersiedlung"},{"station_id":"n99948955","station_name":"S-Bahnhof Industriegelände"},{"station_id":"n1534522265","station_name":"Heeresbäckerei (Stadtarchiv)"},{"station_id":"n317000141","station_name":"Stauffenbergallee (Militärhistorisches Museum)"},{"station_id":"n2272193398","station_name":"Tannenstraße (Goethe-Institut)"},{"station_id":"n438606702","station_name":"Bischofsweg"},{"station_id":"n2272189456","station_name":"Louisenstraße"},{"station_id":"n1703242760","station_name":"Albertplatz (Erich-Kästner-Museum)"},{"station_id":"n598687725","station_name":"Carolaplatz (Regierungsviertel)"},{"station_id":"n3607726821","station_name":"Neustädter Markt"},{"station_id":"n2030526228","station_name":"Theaterplatz"},{"station_id":"junc:13.73325:51.05123","station_name":""},{"station_id":"n2102006632","station_name":"Postplatz"},{"station_id":"n712415502","station_name":"Prager Straße"},{"station_id":"n997588698","station_name":"Walpurgisstraße"},{"station_id":"n988900797","station_name":"Hauptbahnhof Nord"},{"station_id":"junc:13.73488:51.04037","station_name":""},{"station_id":"n988900741","station_name":"Hauptbahnhof"},{"station_id":"n91486560","station_name":"Budapester Straße"},{"station_id":"n94174019","station_name":"S-Bahnhof Freiberger Straße"},{"station_id":"n2270172153","station_name":"Florastraße"},{"station_id":"n2270171064","station_name":"Oederaner Straße"},{"station_id":"n203835221","station_name":"Löbtau, Tharandter Straße"},{"station_id":"n2092458040","station_name":"Bünaustraße"},{"station_id":"junc:13.69460:51.04315","station_name":""},{"station_id":"n2268676985","station_name":"Malterstraße"},{"station_id":"n2268694425","station_name":"Koblenzer Straße"},{"station_id":"n29999456","station_name":"Julius-Vahlteich-Straße"},{"station_id":"n197839497","station_name":"Amalie-Dietrich-Platz"},{"station_id":"n29999448","station_name":"Merianplatz"},{"station_id":"n126667149","station_name":"Kirschenstraße"},{"station_id":"n29999464","station_name":"Schlehenstraße"},{"station_id":"n249431104","station_name":"Gorbitz, Betriebshof"},{"station_id":"n315238529","station_name":"Altnossener Straße"},{"station_id":"n1534522486","station_name":"Rudolf-Walther-Straße"},{"station_id":"n248219526","station_name":"Gompitz, Gompitzer Höhe"},{"station_id":"n1534522454","station_name":"Pennrich, Gleisschleife"}]}],"route_count":2,"route_refs":["8","7"],"route_colors":["#229133","#9e0234"],"city":"Dresden","country":"Germany"},"geometry":{"type":"MultiLineString","coordinates":[[[13.746148125,51.063704375],[13.7476807,51.067929175],[13.7507486,51.07137958749999],[13.752959725,51.073867975],[13.75597845,51.0770184],[13.7599544,51.081646750000004],[13.76346775,51.08707255],[13.7650059,51.091723900000005],[13.7686064,51.09907185],[13.7699267,51.1022349],[13.769742899999999,51.10318013333333]]]}},{"type":"Feature","properties":{"seg_id":"dresden-10","routes":[{"route_id":"rm1469415","route_name":"Tram 3","route_name_local":"Tram 3","route_name_en":null,"route_ref":"3","route_color":"#e5005a","wikipedia":"de:Verkehrsverbund Oberelbe","osm_route_ids":[48496,1432419],"status":null,"order_suspect":0,"span_suspect":0,"stations":[{"station_id":"n33655213","station_name":"Coschütz"},{"station_id":"n3247429870","station_name":"Achtbeeteweg"},{"station_id":"n3208510694","station_name":"Saarstraße"},{"station_id":"n706566512","station_name":"Kotteweg"},{"station_id":"n1157698262","station_name":"Cämmerswalder Straße"},{"station_id":"n1157698264","station_name":"Plauen, Nöthnitzer Straße"},{"station_id":"n27306558","station_name":"Münchner Platz (Gedenkstätte)"},{"station_id":"n27306561","station_name":"Nürnberger Platz"},{"station_id":"n27432419","station_name":"Reichenbachstraße (Studentenwerk)"},{"station_id":"n988900741","station_name":"Hauptbahnhof"},{"station_id":"junc:13.73488:51.04037","station_name":""},{"station_id":"n988900797","station_name":"Hauptbahnhof Nord"},{"station_id":"n997588698","station_name":"Walpurgisstraße"},{"station_id":"n712415502","station_name":"Prager Straße"},{"station_id":"n2102006632","station_name":"Postplatz"},{"station_id":"junc:13.73325:51.05123","station_name":""},{"station_id":"n2030526228","station_name":"Theaterplatz"},{"station_id":"n3607726821","station_name":"Neustädter Markt"},{"station_id":"n598687725","station_name":"Carolaplatz (Regierungsviertel)"},{"station_id":"n1703242760","station_name":"Albertplatz (Erich-Kästner-Museum)"},{"station_id":"junc:13.74072:51.06480","station_name":""},{"station_id":"n598684803","station_name":"Bahnhof Neustadt"},{"station_id":"n598684789","station_name":"Lößnitzstraße"},{"station_id":"n598589136","station_name":"Großenhainer Platz"},{"station_id":"junc:13.73353:51.07566","station_name":""},{"station_id":"n598589141","station_name":"Liststraße"},{"station_id":"n598589132","station_name":"Zeithainer Straße"},{"station_id":"n2266104114","station_name":"Trachenberger Platz"},{"station_id":"n598589148","station_name":"Hubertusplatz"},{"station_id":"n3842071995","station_name":"Dorothea-Erxleben-Straße"},{"station_id":"n1054313336","station_name":"Wilder Mann"}]}],"route_count":1,"route_refs":["3"],"route_colors":["#e5005a"],"city":"Dresden","country":"Germany"},"geometry":{"type":"MultiLineString","coordinates":[[[13.69938805,51.015869800000004],[13.701800500000001,51.016878950000006],[13.70643205,51.01948165],[13.71041275,51.02166015],[13.71779505,51.02202575],[13.716147733333335,51.02789826666666],[13.72167545,51.0299816],[13.725901124999998,51.031937299999996]]]}},{"type":"Feature","properties":{"seg_id":"dresden-11","routes":[{"route_id":"rm1469415","route_name":"Tram 3","route_name_local":"Tram 3","route_name_en":null,"route_ref":"3","route_color":"#e5005a","wikipedia":"de:Verkehrsverbund Oberelbe","osm_route_ids":[48496,1432419],"status":null,"order_suspect":0,"span_suspect":0,"stations":[{"station_id":"n33655213","station_name":"Coschütz"},{"station_id":"n3247429870","station_name":"Achtbeeteweg"},{"station_id":"n3208510694","station_name":"Saarstraße"},{"station_id":"n706566512","station_name":"Kotteweg"},{"station_id":"n1157698262","station_name":"Cämmerswalder Straße"},{"station_id":"n1157698264","station_name":"Plauen, Nöthnitzer Straße"},{"station_id":"n27306558","station_name":"Münchner Platz (Gedenkstätte)"},{"station_id":"n27306561","station_name":"Nürnberger Platz"},{"station_id":"n27432419","station_name":"Reichenbachstraße (Studentenwerk)"},{"station_id":"n988900741","station_name":"Hauptbahnhof"},{"station_id":"junc:13.73488:51.04037","station_name":""},{"station_id":"n988900797","station_name":"Hauptbahnhof Nord"},{"station_id":"n997588698","station_name":"Walpurgisstraße"},{"station_id":"n712415502","station_name":"Prager Straße"},{"station_id":"n2102006632","station_name":"Postplatz"},{"station_id":"junc:13.73325:51.05123","station_name":""},{"station_id":"n2030526228","station_name":"Theaterplatz"},{"station_id":"n3607726821","station_name":"Neustädter Markt"},{"station_id":"n598687725","station_name":"Carolaplatz (Regierungsviertel)"},{"station_id":"n1703242760","station_name":"Albertplatz (Erich-Kästner-Museum)"},{"station_id":"junc:13.74072:51.06480","station_name":""},{"station_id":"n598684803","station_name":"Bahnhof Neustadt"},{"station_id":"n598684789","station_name":"Lößnitzstraße"},{"station_id":"n598589136","station_name":"Großenhainer Platz"},{"station_id":"junc:13.73353:51.07566","station_name":""},{"station_id":"n598589141","station_name":"Liststraße"},{"station_id":"n598589132","station_name":"Zeithainer Straße"},{"station_id":"n2266104114","station_name":"Trachenberger Platz"},{"station_id":"n598589148","station_name":"Hubertusplatz"},{"station_id":"n3842071995","station_name":"Dorothea-Erxleben-Straße"},{"station_id":"n1054313336","station_name":"Wilder Mann"}]}],"route_count":1,"route_refs":["3"],"route_colors":["#e5005a"],"city":"Dresden","country":"Germany"},"geometry":{"type":"MultiLineString","coordinates":[[[13.740278374999999,51.0655725],[13.737943949999998,51.06974115],[13.735213675,51.0733655],[13.7335333,51.0756641],[13.731834283333335,51.076955733333335],[13.730085475,51.0824353],[13.72786634,51.084781299999996],[13.723435975,51.08953145],[13.7206452,51.09286855],[13.719437500000002,51.0958229]]]}},{"type":"Feature","properties":{"seg_id":"dresden-12","routes":[{"route_id":"rm1469415","route_name":"Tram 3","route_name_local":"Tram 3","route_name_en":null,"route_ref":"3","route_color":"#e5005a","wikipedia":"de:Verkehrsverbund Oberelbe","osm_route_ids":[48496,1432419],"status":null,"order_suspect":0,"span_suspect":0,"stations":[{"station_id":"n33655213","station_name":"Coschütz"},{"station_id":"n3247429870","station_name":"Achtbeeteweg"},{"station_id":"n3208510694","station_name":"Saarstraße"},{"station_id":"n706566512","station_name":"Kotteweg"},{"station_id":"n1157698262","station_name":"Cämmerswalder Straße"},{"station_id":"n1157698264","station_name":"Plauen, Nöthnitzer Straße"},{"station_id":"n27306558","station_name":"Münchner Platz (Gedenkstätte)"},{"station_id":"n27306561","station_name":"Nürnberger Platz"},{"station_id":"n27432419","station_name":"Reichenbachstraße (Studentenwerk)"},{"station_id":"n988900741","station_name":"Hauptbahnhof"},{"station_id":"junc:13.73488:51.04037","station_name":""},{"station_id":"n988900797","station_name":"Hauptbahnhof Nord"},{"station_id":"n997588698","station_name":"Walpurgisstraße"},{"station_id":"n712415502","station_name":"Prager Straße"},{"station_id":"n2102006632","station_name":"Postplatz"},{"station_id":"junc:13.73325:51.05123","station_name":""},{"station_id":"n2030526228","station_name":"Theaterplatz"},{"station_id":"n3607726821","station_name":"Neustädter Markt"},{"station_id":"n598687725","station_name":"Carolaplatz (Regierungsviertel)"},{"station_id":"n1703242760","station_name":"Albertplatz (Erich-Kästner-Museum)"},{"station_id":"junc:13.74072:51.06480","station_name":""},{"station_id":"n598684803","station_name":"Bahnhof Neustadt"},{"station_id":"n598684789","station_name":"Lößnitzstraße"},{"station_id":"n598589136","station_name":"Großenhainer Platz"},{"station_id":"junc:13.73353:51.07566","station_name":""},{"station_id":"n598589141","station_name":"Liststraße"},{"station_id":"n598589132","station_name":"Zeithainer Straße"},{"station_id":"n2266104114","station_name":"Trachenberger Platz"},{"station_id":"n598589148","station_name":"Hubertusplatz"},{"station_id":"n3842071995","station_name":"Dorothea-Erxleben-Straße"},{"station_id":"n1054313336","station_name":"Wilder Mann"}]},{"route_id":"rm2675693","route_name":"Tram 7: Weixdorf <> Pennrich","route_name_local":"Tram 7: Weixdorf <> Pennrich","route_name_en":null,"route_ref":"7","route_color":"#9e0234","wikipedia":"de:Verkehrsverbund Oberelbe","osm_route_ids":[1894481,1894482],"status":null,"order_suspect":0,"span_suspect":0,"stations":[{"station_id":"n443379404","station_name":"Weixdorf, Rathenaustraße"},{"station_id":"n1534522247","station_name":"Haltepunkt Weixdorf Bad"},{"station_id":"n104212154","station_name":"Fuchsberg"},{"station_id":"n104177481","station_name":"Industriepark Klotzsche"},{"station_id":"n248532963","station_name":"Arkonastraße"},{"station_id":"n3139326501","station_name":"Käthe-Kollwitz-Platz"},{"station_id":"n3139175437","station_name":"Zur Neuen Brücke"},{"station_id":"n248532966","station_name":"Karl-Marx-Straße"},{"station_id":"n101122765","station_name":"Infineon Nord"},{"station_id":"n313015460","station_name":"Infineon Süd (Abzweig nach Hellerau)"},{"station_id":"junc:13.76993:51.10223","station_name":""},{"station_id":"n99948969","station_name":"Moritzburger Weg"},{"station_id":"n1534522276","station_name":"Hellersiedlung"},{"station_id":"n99948955","station_name":"S-Bahnhof Industriegelände"},{"station_id":"n1534522265","station_name":"Heeresbäckerei (Stadtarchiv)"},{"station_id":"n317000141","station_name":"Stauffenbergallee (Militärhistorisches Museum)"},{"station_id":"n2272193398","station_name":"Tannenstraße (Goethe-Institut)"},{"station_id":"n438606702","station_name":"Bischofsweg"},{"station_id":"n2272189456","station_name":"Louisenstraße"},{"station_id":"n1703242760","station_name":"Albertplatz (Erich-Kästner-Museum)"},{"station_id":"n598687725","station_name":"Carolaplatz (Regierungsviertel)"},{"station_id":"n3607726821","station_name":"Neustädter Markt"},{"station_id":"n2030526228","station_name":"Theaterplatz"},{"station_id":"junc:13.73325:51.05123","station_name":""},{"station_id":"n2102006632","station_name":"Postplatz"},{"station_id":"n712415502","station_name":"Prager Straße"},{"station_id":"n997588698","station_name":"Walpurgisstraße"},{"station_id":"n988900797","station_name":"Hauptbahnhof Nord"},{"station_id":"junc:13.73488:51.04037","station_name":""},{"station_id":"n988900741","station_name":"Hauptbahnhof"},{"station_id":"n91486560","station_name":"Budapester Straße"},{"station_id":"n94174019","station_name":"S-Bahnhof Freiberger Straße"},{"station_id":"n2270172153","station_name":"Florastraße"},{"station_id":"n2270171064","station_name":"Oederaner Straße"},{"station_id":"n203835221","station_name":"Löbtau, Tharandter Straße"},{"station_id":"n2092458040","station_name":"Bünaustraße"},{"station_id":"junc:13.69460:51.04315","station_name":""},{"station_id":"n2268676985","station_name":"Malterstraße"},{"station_id":"n2268694425","station_name":"Koblenzer Straße"},{"station_id":"n29999456","station_name":"Julius-Vahlteich-Straße"},{"station_id":"n197839497","station_name":"Amalie-Dietrich-Platz"},{"station_id":"n29999448","station_name":"Merianplatz"},{"station_id":"n126667149","station_name":"Kirschenstraße"},{"station_id":"n29999464","station_name":"Schlehenstraße"},{"station_id":"n249431104","station_name":"Gorbitz, Betriebshof"},{"station_id":"n315238529","station_name":"Altnossener Straße"},{"station_id":"n1534522486","station_name":"Rudolf-Walther-Straße"},{"station_id":"n248219526","station_name":"Gompitz, Gompitzer Höhe"},{"station_id":"n1534522454","station_name":"Pennrich, Gleisschleife"}]},{"route_id":"r5421483","route_name":"Tram 20: Messe Dresden Sonderlinie","route_name_local":"Tram 20: Messe Dresden Sonderlinie","route_name_en":null,"route_ref":"20","route_color":"#f9b000","wikipedia":"de:Verkehrsverbund Oberelbe","osm_route_ids":[5421483],"status":null,"order_suspect":0,"span_suspect":0,"stations":[{"station_id":"n1278116783","station_name":"Messe, Gleisschleife"},{"station_id":"n1699517119","station_name":"Messe Dresden"},{"station_id":"n1299402694","station_name":"Messering (Halle 1)"},{"station_id":"n1299402679","station_name":"Alberthafen"},{"station_id":"n1299402744","station_name":"Vorwerkstraße"},{"station_id":"n333748474","station_name":"Krankenhaus Friedrichstadt (Sportpark Ostra)"},{"station_id":"n2261895949","station_name":"Weißeritzstraße"},{"station_id":"junc:13.72583:51.05685","station_name":""},{"station_id":"n1150742531","station_name":"Maxstraße"},{"station_id":"junc:13.72849:51.05654","station_name":""},{"station_id":"n316713924","station_name":"Am Zwingerteich"},{"station_id":"n2102006632","station_name":"Postplatz"},{"station_id":"n712415502","station_name":"Prager Straße"},{"station_id":"n997588698","station_name":"Walpurgisstraße"},{"station_id":"n988900797","station_name":"Hauptbahnhof Nord"},{"station_id":"junc:13.73488:51.04037","station_name":""},{"station_id":"n988900741","station_name":"Hauptbahnhof"},{"station_id":"n91486560","station_name":"Budapester Straße"},{"station_id":"n94174019","station_name":"S-Bahnhof Freiberger Straße"},{"station_id":"n1699677761","station_name":"Bahnhof Mitte / Könneritzstraße"},{"station_id":"n2261895949","station_name":"Weißeritzstraße"},{"station_id":"n333748474","station_name":"Krankenhaus Friedrichstadt (Sportpark Ostra)"},{"station_id":"n1299402744","station_name":"Vorwerkstraße"},{"station_id":"n1299402679","station_name":"Alberthafen"},{"station_id":"n1299402694","station_name":"Messering (Halle 1)"},{"station_id":"n1699517119","station_name":"Messe Dresden"},{"station_id":"n1278116783","station_name":"Messe, Gleisschleife"}]}],"route_count":3,"route_refs":["3","7","20"],"route_colors":["#e5005a","#9e0234","#f9b000"],"city":"Dresden","country":"Germany"},"geometry":{"type":"MultiLineString","coordinates":[[[13.733109725,51.040272925],[13.7348804,51.0403676],[13.73507785,51.041419149999996]]]}},{"type":"Feature","properties":{"seg_id":"dresden-13","routes":[{"route_id":"rm1469415","route_name":"Tram 3","route_name_local":"Tram 3","route_name_en":null,"route_ref":"3","route_color":"#e5005a","wikipedia":"de:Verkehrsverbund Oberelbe","osm_route_ids":[48496,1432419],"status":null,"order_suspect":0,"span_suspect":0,"stations":[{"station_id":"n33655213","station_name":"Coschütz"},{"station_id":"n3247429870","station_name":"Achtbeeteweg"},{"station_id":"n3208510694","station_name":"Saarstraße"},{"station_id":"n706566512","station_name":"Kotteweg"},{"station_id":"n1157698262","station_name":"Cämmerswalder Straße"},{"station_id":"n1157698264","station_name":"Plauen, Nöthnitzer Straße"},{"station_id":"n27306558","station_name":"Münchner Platz (Gedenkstätte)"},{"station_id":"n27306561","station_name":"Nürnberger Platz"},{"station_id":"n27432419","station_name":"Reichenbachstraße (Studentenwerk)"},{"station_id":"n988900741","station_name":"Hauptbahnhof"},{"station_id":"junc:13.73488:51.04037","station_name":""},{"station_id":"n988900797","station_name":"Hauptbahnhof Nord"},{"station_id":"n997588698","station_name":"Walpurgisstraße"},{"station_id":"n712415502","station_name":"Prager Straße"},{"station_id":"n2102006632","station_name":"Postplatz"},{"station_id":"junc:13.73325:51.05123","station_name":""},{"station_id":"n2030526228","station_name":"Theaterplatz"},{"station_id":"n3607726821","station_name":"Neustädter Markt"},{"station_id":"n598687725","station_name":"Carolaplatz (Regierungsviertel)"},{"station_id":"n1703242760","station_name":"Albertplatz (Erich-Kästner-Museum)"},{"station_id":"junc:13.74072:51.06480","station_name":""},{"station_id":"n598684803","station_name":"Bahnhof Neustadt"},{"station_id":"n598684789","station_name":"Lößnitzstraße"},{"station_id":"n598589136","station_name":"Großenhainer Platz"},{"station_id":"junc:13.73353:51.07566","station_name":""},{"station_id":"n598589141","station_name":"Liststraße"},{"station_id":"n598589132","station_name":"Zeithainer Straße"},{"station_id":"n2266104114","station_name":"Trachenberger Platz"},{"station_id":"n598589148","station_name":"Hubertusplatz"},{"station_id":"n3842071995","station_name":"Dorothea-Erxleben-Straße"},{"station_id":"n1054313336","station_name":"Wilder Mann"}]},{"route_id":"rm5186681","route_name":"Tram 11","route_name_local":"Tram 11","route_name_en":null,"route_ref":"11","route_color":"#c2ddaf","wikipedia":"de:Verkehrsverbund Oberelbe","osm_route_ids":[51809,2817120],"status":null,"order_suspect":0,"span_suspect":0,"stations":[{"station_id":"n308149044","station_name":"Zschertnitz, Münzmeisterstraße"},{"station_id":"n3160400393","station_name":"Räcknitzhöhe"},{"station_id":"n98010200","station_name":"Zellescher Weg"},{"station_id":"n2293414413","station_name":"Strehlener Platz"},{"station_id":"n103928327","station_name":"Lennéplatz"},{"station_id":"n197551704","station_name":"Gret-Palucca-Straße"},{"station_id":"junc:13.73488:51.04037","station_name":""},{"station_id":"n988900797","station_name":"Hauptbahnhof Nord"},{"station_id":"n997588698","station_name":"Walpurgisstraße"},{"station_id":"n712415502","station_name":"Prager Straße"},{"station_id":"n2102006632","station_name":"Postplatz"},{"station_id":"n316713924","station_name":"Am Zwingerteich"},{"station_id":"junc:13.72849:51.05654","station_name":""},{"station_id":"n30988946","station_name":"Kongresszentrum (Haus der Presse)"},{"station_id":"n30893823","station_name":"Antonstraße / Leipziger Straße"},{"station_id":"junc:13.74072:51.06480","station_name":""},{"station_id":"n598684803","station_name":"Bahnhof Neustadt"},{"station_id":"junc:13.74072:51.06480","station_name":""},{"station_id":"n1703242760","station_name":"Albertplatz (Erich-Kästner-Museum)"},{"station_id":"junc:13.75146:51.06301","station_name":""},{"station_id":"n3137622058","station_name":"Bautzner Straße / Rothenburger Straße"},{"station_id":"n2293552788","station_name":"Pulsnitzer Straße"},{"station_id":"n2293558135","station_name":"Diakonissenkrankenhaus"},{"station_id":"n2293585817","station_name":"Nordstraße"},{"station_id":"n201542949","station_name":"Waldschlößchen"},{"station_id":"n433059672","station_name":"Angelikastraße (Gedenkstätte Bautzner Straße)"},{"station_id":"n3160522703","station_name":"Wilhelminenstraße"},{"station_id":"n1152939368","station_name":"Elbschlösser"},{"station_id":"n2294679702","station_name":"Mordgrundbrücke"},{"station_id":"n2294780469","station_name":"Plattleite"},{"station_id":"n2294789016","station_name":"Am Weißen Adler"},{"station_id":"n2295410611","station_name":"Schwimmhalle Bühlau"},{"station_id":"n3161748250","station_name":"Hegereiterstraße"},{"station_id":"n2295422472","station_name":"Grundstraße"},{"station_id":"n201546998","station_name":"Bühlau, Ullersdorfer Platz"},{"station_id":"n2295466881","station_name":"Ullersdorfer Platz"},{"station_id":"n201546998","station_name":"Bühlau, Ullersdorfer Platz"}]},{"route_id":"rm2675693","route_name":"Tram 7: Weixdorf <> Pennrich","route_name_local":"Tram 7: Weixdorf <> Pennrich","route_name_en":null,"route_ref":"7","route_color":"#9e0234","wikipedia":"de:Verkehrsverbund Oberelbe","osm_route_ids":[1894481,1894482],"status":null,"order_suspect":0,"span_suspect":0,"stations":[{"station_id":"n443379404","station_name":"Weixdorf, Rathenaustraße"},{"station_id":"n1534522247","station_name":"Haltepunkt Weixdorf Bad"},{"station_id":"n104212154","station_name":"Fuchsberg"},{"station_id":"n104177481","station_name":"Industriepark Klotzsche"},{"station_id":"n248532963","station_name":"Arkonastraße"},{"station_id":"n3139326501","station_name":"Käthe-Kollwitz-Platz"},{"station_id":"n3139175437","station_name":"Zur Neuen Brücke"},{"station_id":"n248532966","station_name":"Karl-Marx-Straße"},{"station_id":"n101122765","station_name":"Infineon Nord"},{"station_id":"n313015460","station_name":"Infineon Süd (Abzweig nach Hellerau)"},{"station_id":"junc:13.76993:51.10223","station_name":""},{"station_id":"n99948969","station_name":"Moritzburger Weg"},{"station_id":"n1534522276","station_name":"Hellersiedlung"},{"station_id":"n99948955","station_name":"S-Bahnhof Industriegelände"},{"station_id":"n1534522265","station_name":"Heeresbäckerei (Stadtarchiv)"},{"station_id":"n317000141","station_name":"Stauffenbergallee (Militärhistorisches Museum)"},{"station_id":"n2272193398","station_name":"Tannenstraße (Goethe-Institut)"},{"station_id":"n438606702","station_name":"Bischofsweg"},{"station_id":"n2272189456","station_name":"Louisenstraße"},{"station_id":"n1703242760","station_name":"Albertplatz (Erich-Kästner-Museum)"},{"station_id":"n598687725","station_name":"Carolaplatz (Regierungsviertel)"},{"station_id":"n3607726821","station_name":"Neustädter Markt"},{"station_id":"n2030526228","station_name":"Theaterplatz"},{"station_id":"junc:13.73325:51.05123","station_name":""},{"station_id":"n2102006632","station_name":"Postplatz"},{"station_id":"n712415502","station_name":"Prager Straße"},{"station_id":"n997588698","station_name":"Walpurgisstraße"},{"station_id":"n988900797","station_name":"Hauptbahnhof Nord"},{"station_id":"junc:13.73488:51.04037","station_name":""},{"station_id":"n988900741","station_name":"Hauptbahnhof"},{"station_id":"n91486560","station_name":"Budapester Straße"},{"station_id":"n94174019","station_name":"S-Bahnhof Freiberger Straße"},{"station_id":"n2270172153","station_name":"Florastraße"},{"station_id":"n2270171064","station_name":"Oederaner Straße"},{"station_id":"n203835221","station_name":"Löbtau, Tharandter Straße"},{"station_id":"n2092458040","station_name":"Bünaustraße"},{"station_id":"junc:13.69460:51.04315","station_name":""},{"station_id":"n2268676985","station_name":"Malterstraße"},{"station_id":"n2268694425","station_name":"Koblenzer Straße"},{"station_id":"n29999456","station_name":"Julius-Vahlteich-Straße"},{"station_id":"n197839497","station_name":"Amalie-Dietrich-Platz"},{"station_id":"n29999448","station_name":"Merianplatz"},{"station_id":"n126667149","station_name":"Kirschenstraße"},{"station_id":"n29999464","station_name":"Schlehenstraße"},{"station_id":"n249431104","station_name":"Gorbitz, Betriebshof"},{"station_id":"n315238529","station_name":"Altnossener Straße"},{"station_id":"n1534522486","station_name":"Rudolf-Walther-Straße"},{"station_id":"n248219526","station_name":"Gompitz, Gompitzer Höhe"},{"station_id":"n1534522454","station_name":"Pennrich, Gleisschleife"}]},{"route_id":"rm5186035","route_name":"Tram 4","route_name_local":"Tram 4","route_name_en":null,"route_ref":"4","route_color":"#92c255","wikipedia":"de:Verkehrsverbund Oberelbe","osm_route_ids":[1895461,1895462,1895463,1895464,2813709,2813811],"status":null,"order_suspect":0,"span_suspect":0,"stations":[{"station_id":"n68333849","station_name":"Weinböhla (Rathausstraße)"},{"station_id":"n3539408417","station_name":"Weinböhla, Gellertstraße"},{"station_id":"n68333843","station_name":"Weinböhla, Köhlerstraße"},{"station_id":"n68333831","station_name":"Coswig, Steinbacher Weg"},{"station_id":"n248641303","station_name":"Coswig, Auerstraße"},{"station_id":"n248641302","station_name":"Coswig, Salzstraße"},{"station_id":"n68333808","station_name":"Coswig, Rathaus"},{"station_id":"n69393959","station_name":"Coswig, Zentrum / Börse"},{"station_id":"n69393313","station_name":"Coswig, Radebeuler Straße"},{"station_id":"n248640364","station_name":"Radebeul, Eisenbahnbrücke"},{"station_id":"n248640363","station_name":"Radebeul, Gerhart-Hauptmann-Straße"},{"station_id":"n67373675","station_name":"Radebeul, Johannisbergstraße"},{"station_id":"n67373488","station_name":"Radebeul, Schloss Wackerbarth"},{"station_id":"n1535249173","station_name":"Radebeul West, Flemmingstraße"},{"station_id":"n1535249257","station_name":"Radebeul, Moritzburger Straße"},{"station_id":"n1123405476","station_name":"Radebeul, Gradsteg"},{"station_id":"n1535249162","station_name":"Radebeul, Borstraße"},{"station_id":"n1535249166","station_name":"Radebeul, Dr.-Külz-Straße"},{"station_id":"n1535249441","station_name":"Radebeul, Zillerstraße (Elblandklinikum)"},{"station_id":"n3053531658","station_name":"Radebeul, Landesbühnen Sachsen"},{"station_id":"n1535249436","station_name":"Radebeul, Wasastraße"},{"station_id":"n1535249432","station_name":"Radebeul, Schildenstraße"},{"station_id":"n1535249193","station_name":"Radebeul, Hauptstraße"},{"station_id":"n1535249442","station_name":"Radebeul, Zinzendorfstraße"},{"station_id":"n1535249175","station_name":"Radebeul, Forststraße"},{"station_id":"n2217680818","station_name":"Kleestraße"},{"station_id":"n1535249178","station_name":"S-Bahnhof Trachau West"},{"station_id":"n2217158593","station_name":"Peschelstraße"},{"station_id":"n251313472","station_name":"Rankestraße"},{"station_id":"n256130959","station_name":"Alttrachau"},{"station_id":"n164388310","station_name":"Mickten"},{"station_id":"junc:13.71460:51.07950","station_name":""},{"station_id":"n1535249151","station_name":"Altpieschen"},{"station_id":"n2197973362","station_name":"Oschatzer Straße"},{"station_id":"n2198004340","station_name":"Alexander-Puschkin-Platz"},{"station_id":"n26423972","station_name":"Alter Schlachthof"},{"station_id":"n30893823","station_name":"Antonstraße / Leipziger Straße"},{"station_id":"n1535249290","station_name":"Palaisplatz (Japanisches Palais)"},{"station_id":"n3607726821","station_name":"Neustädter Markt"},{"station_id":"n2030526228","station_name":"Theaterplatz"},{"station_id":"junc:13.73325:51.05123","station_name":""},{"station_id":"n2102006632","station_name":"Postplatz"},{"station_id":"n712415502","station_name":"Prager Straße"},{"station_id":"n997588698","station_name":"Walpurgisstraße"},{"station_id":"n988900797","station_name":"Hauptbahnhof Nord"},{"station_id":"junc:13.73488:51.04037","station_name":""},{"station_id":"n197551704","station_name":"Gret-Palucca-Straße"},{"station_id":"n103928327","station_name":"Lennéplatz"},{"station_id":"junc:13.74868:51.03747","station_name":""},{"station_id":"n3151728355","station_name":"Zoo"},{"station_id":"n3151728783","station_name":"Querallee"},{"station_id":"n6703868143","station_name":"S-Bahnhof Strehlen"},{"station_id":"n2242733186","station_name":"Wasaplatz"},{"station_id":"n3151883406","station_name":"Mockritzer Straße"},{"station_id":"n3151883421","station_name":"Hugo-Bürkner-Straße"},{"station_id":"n2243029501","station_name":"Cäcilienstraße"},{"station_id":"n3160217622","station_name":"Eugen-Bracht-Straße"},{"station_id":"n3160217634","station_name":"Otto-Dix-Ring"},{"station_id":"n3160217646","station_name":"Wieckestraße"},{"station_id":"n3160218161","station_name":"Lohrmannstraße"},{"station_id":"n3160218185","station_name":"Hülßestraße"},{"station_id":"n2243373035","station_name":"Altreick"},{"station_id":"n268018285","station_name":"Trattendorfer Straße"},{"station_id":"n1481074061","station_name":"Albert-Wolf-Platz"},{"station_id":"n1483327274","station_name":"Jacob-Winter-Platz (Prohlis-Zentrum)"},{"station_id":"n1481074073","station_name":"Georg-Palitzsch-Straße"},{"station_id":"junc:13.79686:51.00040","station_name":""},{"station_id":"n1481074119","station_name":"Prohlis, Gleisschleife"}]},{"route_id":"r5421483","route_name":"Tram 20: Messe Dresden Sonderlinie","route_name_local":"Tram 20: Messe Dresden Sonderlinie","route_name_en":null,"route_ref":"20","route_color":"#f9b000","wikipedia":"de:Verkehrsverbund Oberelbe","osm_route_ids":[5421483],"status":null,"order_suspect":0,"span_suspect":0,"stations":[{"station_id":"n1278116783","station_name":"Messe, Gleisschleife"},{"station_id":"n1699517119","station_name":"Messe Dresden"},{"station_id":"n1299402694","station_name":"Messering (Halle 1)"},{"station_id":"n1299402679","station_name":"Alberthafen"},{"station_id":"n1299402744","station_name":"Vorwerkstraße"},{"station_id":"n333748474","station_name":"Krankenhaus Friedrichstadt (Sportpark Ostra)"},{"station_id":"n2261895949","station_name":"Weißeritzstraße"},{"station_id":"junc:13.72583:51.05685","station_name":""},{"station_id":"n1150742531","station_name":"Maxstraße"},{"station_id":"junc:13.72849:51.05654","station_name":""},{"station_id":"n316713924","station_name":"Am Zwingerteich"},{"station_id":"n2102006632","station_name":"Postplatz"},{"station_id":"n712415502","station_name":"Prager Straße"},{"station_id":"n997588698","station_name":"Walpurgisstraße"},{"station_id":"n988900797","station_name":"Hauptbahnhof Nord"},{"station_id":"junc:13.73488:51.04037","station_name":""},{"station_id":"n988900741","station_name":"Hauptbahnhof"},{"station_id":"n91486560","station_name":"Budapester Straße"},{"station_id":"n94174019","station_name":"S-Bahnhof Freiberger Straße"},{"station_id":"n1699677761","station_name":"Bahnhof Mitte / Könneritzstraße"},{"station_id":"n2261895949","station_name":"Weißeritzstraße"},{"station_id":"n333748474","station_name":"Krankenhaus Friedrichstadt (Sportpark Ostra)"},{"station_id":"n1299402744","station_name":"Vorwerkstraße"},{"station_id":"n1299402679","station_name":"Alberthafen"},{"station_id":"n1299402694","station_name":"Messering (Halle 1)"},{"station_id":"n1699517119","station_name":"Messe Dresden"},{"station_id":"n1278116783","station_name":"Messe, Gleisschleife"}]}],"route_count":5,"route_refs":["3","11","7","4","20"],"route_colors":["#e5005a","#c2ddaf","#9e0234","#92c255","#f9b000"],"city":"Dresden","country":"Germany"},"geometry":{"type":"MultiLineString","coordinates":[[[13.73507785,51.041419149999996],[13.73791185,51.0439404],[13.73768255,51.047129025000004]]]}},{"type":"Feature","properties":{"seg_id":"dresden-14","routes":[{"route_id":"rm1469415","route_name":"Tram 3","route_name_local":"Tram 3","route_name_en":null,"route_ref":"3","route_color":"#e5005a","wikipedia":"de:Verkehrsverbund Oberelbe","osm_route_ids":[48496,1432419],"status":null,"order_suspect":0,"span_suspect":0,"stations":[{"station_id":"n33655213","station_name":"Coschütz"},{"station_id":"n3247429870","station_name":"Achtbeeteweg"},{"station_id":"n3208510694","station_name":"Saarstraße"},{"station_id":"n706566512","station_name":"Kotteweg"},{"station_id":"n1157698262","station_name":"Cämmerswalder Straße"},{"station_id":"n1157698264","station_name":"Plauen, Nöthnitzer Straße"},{"station_id":"n27306558","station_name":"Münchner Platz (Gedenkstätte)"},{"station_id":"n27306561","station_name":"Nürnberger Platz"},{"station_id":"n27432419","station_name":"Reichenbachstraße (Studentenwerk)"},{"station_id":"n988900741","station_name":"Hauptbahnhof"},{"station_id":"junc:13.73488:51.04037","station_name":""},{"station_id":"n988900797","station_name":"Hauptbahnhof Nord"},{"station_id":"n997588698","station_name":"Walpurgisstraße"},{"station_id":"n712415502","station_name":"Prager Straße"},{"station_id":"n2102006632","station_name":"Postplatz"},{"station_id":"junc:13.73325:51.05123","station_name":""},{"station_id":"n2030526228","station_name":"Theaterplatz"},{"station_id":"n3607726821","station_name":"Neustädter Markt"},{"station_id":"n598687725","station_name":"Carolaplatz (Regierungsviertel)"},{"station_id":"n1703242760","station_name":"Albertplatz (Erich-Kästner-Museum)"},{"station_id":"junc:13.74072:51.06480","station_name":""},{"station_id":"n598684803","station_name":"Bahnhof Neustadt"},{"station_id":"n598684789","station_name":"Lößnitzstraße"},{"station_id":"n598589136","station_name":"Großenhainer Platz"},{"station_id":"junc:13.73353:51.07566","station_name":""},{"station_id":"n598589141","station_name":"Liststraße"},{"station_id":"n598589132","station_name":"Zeithainer Straße"},{"station_id":"n2266104114","station_name":"Trachenberger Platz"},{"station_id":"n598589148","station_name":"Hubertusplatz"},{"station_id":"n3842071995","station_name":"Dorothea-Erxleben-Straße"},{"station_id":"n1054313336","station_name":"Wilder Mann"}]},{"route_id":"rm5186681","route_name":"Tram 11","route_name_local":"Tram 11","route_name_en":null,"route_ref":"11","route_color":"#c2ddaf","wikipedia":"de:Verkehrsverbund Oberelbe","osm_route_ids":[51809,2817120],"status":null,"order_suspect":0,"span_suspect":0,"stations":[{"station_id":"n308149044","station_name":"Zschertnitz, Münzmeisterstraße"},{"station_id":"n3160400393","station_name":"Räcknitzhöhe"},{"station_id":"n98010200","station_name":"Zellescher Weg"},{"station_id":"n2293414413","station_name":"Strehlener Platz"},{"station_id":"n103928327","station_name":"Lennéplatz"},{"station_id":"n197551704","station_name":"Gret-Palucca-Straße"},{"station_id":"junc:13.73488:51.04037","station_name":""},{"station_id":"n988900797","station_name":"Hauptbahnhof Nord"},{"station_id":"n997588698","station_name":"Walpurgisstraße"},{"station_id":"n712415502","station_name":"Prager Straße"},{"station_id":"n2102006632","station_name":"Postplatz"},{"station_id":"n316713924","station_name":"Am Zwingerteich"},{"station_id":"junc:13.72849:51.05654","station_name":""},{"station_id":"n30988946","station_name":"Kongresszentrum (Haus der Presse)"},{"station_id":"n30893823","station_name":"Antonstraße / Leipziger Straße"},{"station_id":"junc:13.74072:51.06480","station_name":""},{"station_id":"n598684803","station_name":"Bahnhof Neustadt"},{"station_id":"junc:13.74072:51.06480","station_name":""},{"station_id":"n1703242760","station_name":"Albertplatz (Erich-Kästner-Museum)"},{"station_id":"junc:13.75146:51.06301","station_name":""},{"station_id":"n3137622058","station_name":"Bautzner Straße / Rothenburger Straße"},{"station_id":"n2293552788","station_name":"Pulsnitzer Straße"},{"station_id":"n2293558135","station_name":"Diakonissenkrankenhaus"},{"station_id":"n2293585817","station_name":"Nordstraße"},{"station_id":"n201542949","station_name":"Waldschlößchen"},{"station_id":"n433059672","station_name":"Angelikastraße (Gedenkstätte Bautzner Straße)"},{"station_id":"n3160522703","station_name":"Wilhelminenstraße"},{"station_id":"n1152939368","station_name":"Elbschlösser"},{"station_id":"n2294679702","station_name":"Mordgrundbrücke"},{"station_id":"n2294780469","station_name":"Plattleite"},{"station_id":"n2294789016","station_name":"Am Weißen Adler"},{"station_id":"n2295410611","station_name":"Schwimmhalle Bühlau"},{"station_id":"n3161748250","station_name":"Hegereiterstraße"},{"station_id":"n2295422472","station_name":"Grundstraße"},{"station_id":"n201546998","station_name":"Bühlau, Ullersdorfer Platz"},{"station_id":"n2295466881","station_name":"Ullersdorfer Platz"},{"station_id":"n201546998","station_name":"Bühlau, Ullersdorfer Platz"}]},{"route_id":"rm2675693","route_name":"Tram 7: Weixdorf <> Pennrich","route_name_local":"Tram 7: Weixdorf <> Pennrich","route_name_en":null,"route_ref":"7","route_color":"#9e0234","wikipedia":"de:Verkehrsverbund Oberelbe","osm_route_ids":[1894481,1894482],"status":null,"order_suspect":0,"span_suspect":0,"stations":[{"station_id":"n443379404","station_name":"Weixdorf, Rathenaustraße"},{"station_id":"n1534522247","station_name":"Haltepunkt Weixdorf Bad"},{"station_id":"n104212154","station_name":"Fuchsberg"},{"station_id":"n104177481","station_name":"Industriepark Klotzsche"},{"station_id":"n248532963","station_name":"Arkonastraße"},{"station_id":"n3139326501","station_name":"Käthe-Kollwitz-Platz"},{"station_id":"n3139175437","station_name":"Zur Neuen Brücke"},{"station_id":"n248532966","station_name":"Karl-Marx-Straße"},{"station_id":"n101122765","station_name":"Infineon Nord"},{"station_id":"n313015460","station_name":"Infineon Süd (Abzweig nach Hellerau)"},{"station_id":"junc:13.76993:51.10223","station_name":""},{"station_id":"n99948969","station_name":"Moritzburger Weg"},{"station_id":"n1534522276","station_name":"Hellersiedlung"},{"station_id":"n99948955","station_name":"S-Bahnhof Industriegelände"},{"station_id":"n1534522265","station_name":"Heeresbäckerei (Stadtarchiv)"},{"station_id":"n317000141","station_name":"Stauffenbergallee (Militärhistorisches Museum)"},{"station_id":"n2272193398","station_name":"Tannenstraße (Goethe-Institut)"},{"station_id":"n438606702","station_name":"Bischofsweg"},{"station_id":"n2272189456","station_name":"Louisenstraße"},{"station_id":"n1703242760","station_name":"Albertplatz (Erich-Kästner-Museum)"},{"station_id":"n598687725","station_name":"Carolaplatz (Regierungsviertel)"},{"station_id":"n3607726821","station_name":"Neustädter Markt"},{"station_id":"n2030526228","station_name":"Theaterplatz"},{"station_id":"junc:13.73325:51.05123","station_name":""},{"station_id":"n2102006632","station_name":"Postplatz"},{"station_id":"n712415502","station_name":"Prager Straße"},{"station_id":"n997588698","station_name":"Walpurgisstraße"},{"station_id":"n988900797","station_name":"Hauptbahnhof Nord"},{"station_id":"junc:13.73488:51.04037","station_name":""},{"station_id":"n988900741","station_name":"Hauptbahnhof"},{"station_id":"n91486560","station_name":"Budapester Straße"},{"station_id":"n94174019","station_name":"S-Bahnhof Freiberger Straße"},{"station_id":"n2270172153","station_name":"Florastraße"},{"station_id":"n2270171064","station_name":"Oederaner Straße"},{"station_id":"n203835221","station_name":"Löbtau, Tharandter Straße"},{"station_id":"n2092458040","station_name":"Bünaustraße"},{"station_id":"junc:13.69460:51.04315","station_name":""},{"station_id":"n2268676985","station_name":"Malterstraße"},{"station_id":"n2268694425","station_name":"Koblenzer Straße"},{"station_id":"n29999456","station_name":"Julius-Vahlteich-Straße"},{"station_id":"n197839497","station_name":"Amalie-Dietrich-Platz"},{"station_id":"n29999448","station_name":"Merianplatz"},{"station_id":"n126667149","station_name":"Kirschenstraße"},{"station_id":"n29999464","station_name":"Schlehenstraße"},{"station_id":"n249431104","station_name":"Gorbitz, Betriebshof"},{"station_id":"n315238529","station_name":"Altnossener Straße"},{"station_id":"n1534522486","station_name":"Rudolf-Walther-Straße"},{"station_id":"n248219526","station_name":"Gompitz, Gompitzer Höhe"},{"station_id":"n1534522454","station_name":"Pennrich, Gleisschleife"}]},{"route_id":"rm5186035","route_name":"Tram 4","route_name_local":"Tram 4","route_name_en":null,"route_ref":"4","route_color":"#92c255","wikipedia":"de:Verkehrsverbund Oberelbe","osm_route_ids":[1895461,1895462,1895463,1895464,2813709,2813811],"status":null,"order_suspect":0,"span_suspect":0,"stations":[{"station_id":"n68333849","station_name":"Weinböhla (Rathausstraße)"},{"station_id":"n3539408417","station_name":"Weinböhla, Gellertstraße"},{"station_id":"n68333843","station_name":"Weinböhla, Köhlerstraße"},{"station_id":"n68333831","station_name":"Coswig, Steinbacher Weg"},{"station_id":"n248641303","station_name":"Coswig, Auerstraße"},{"station_id":"n248641302","station_name":"Coswig, Salzstraße"},{"station_id":"n68333808","station_name":"Coswig, Rathaus"},{"station_id":"n69393959","station_name":"Coswig, Zentrum / Börse"},{"station_id":"n69393313","station_name":"Coswig, Radebeuler Straße"},{"station_id":"n248640364","station_name":"Radebeul, Eisenbahnbrücke"},{"station_id":"n248640363","station_name":"Radebeul, Gerhart-Hauptmann-Straße"},{"station_id":"n67373675","station_name":"Radebeul, Johannisbergstraße"},{"station_id":"n67373488","station_name":"Radebeul, Schloss Wackerbarth"},{"station_id":"n1535249173","station_name":"Radebeul West, Flemmingstraße"},{"station_id":"n1535249257","station_name":"Radebeul, Moritzburger Straße"},{"station_id":"n1123405476","station_name":"Radebeul, Gradsteg"},{"station_id":"n1535249162","station_name":"Radebeul, Borstraße"},{"station_id":"n1535249166","station_name":"Radebeul, Dr.-Külz-Straße"},{"station_id":"n1535249441","station_name":"Radebeul, Zillerstraße (Elblandklinikum)"},{"station_id":"n3053531658","station_name":"Radebeul, Landesbühnen Sachsen"},{"station_id":"n1535249436","station_name":"Radebeul, Wasastraße"},{"station_id":"n1535249432","station_name":"Radebeul, Schildenstraße"},{"station_id":"n1535249193","station_name":"Radebeul, Hauptstraße"},{"station_id":"n1535249442","station_name":"Radebeul, Zinzendorfstraße"},{"station_id":"n1535249175","station_name":"Radebeul, Forststraße"},{"station_id":"n2217680818","station_name":"Kleestraße"},{"station_id":"n1535249178","station_name":"S-Bahnhof Trachau West"},{"station_id":"n2217158593","station_name":"Peschelstraße"},{"station_id":"n251313472","station_name":"Rankestraße"},{"station_id":"n256130959","station_name":"Alttrachau"},{"station_id":"n164388310","station_name":"Mickten"},{"station_id":"junc:13.71460:51.07950","station_name":""},{"station_id":"n1535249151","station_name":"Altpieschen"},{"station_id":"n2197973362","station_name":"Oschatzer Straße"},{"station_id":"n2198004340","station_name":"Alexander-Puschkin-Platz"},{"station_id":"n26423972","station_name":"Alter Schlachthof"},{"station_id":"n30893823","station_name":"Antonstraße / Leipziger Straße"},{"station_id":"n1535249290","station_name":"Palaisplatz (Japanisches Palais)"},{"station_id":"n3607726821","station_name":"Neustädter Markt"},{"station_id":"n2030526228","station_name":"Theaterplatz"},{"station_id":"junc:13.73325:51.05123","station_name":""},{"station_id":"n2102006632","station_name":"Postplatz"},{"station_id":"n712415502","station_name":"Prager Straße"},{"station_id":"n997588698","station_name":"Walpurgisstraße"},{"station_id":"n988900797","station_name":"Hauptbahnhof Nord"},{"station_id":"junc:13.73488:51.04037","station_name":""},{"station_id":"n197551704","station_name":"Gret-Palucca-Straße"},{"station_id":"n103928327","station_name":"Lennéplatz"},{"station_id":"junc:13.74868:51.03747","station_name":""},{"station_id":"n3151728355","station_name":"Zoo"},{"station_id":"n3151728783","station_name":"Querallee"},{"station_id":"n6703868143","station_name":"S-Bahnhof Strehlen"},{"station_id":"n2242733186","station_name":"Wasaplatz"},{"station_id":"n3151883406","station_name":"Mockritzer Straße"},{"station_id":"n3151883421","station_name":"Hugo-Bürkner-Straße"},{"station_id":"n2243029501","station_name":"Cäcilienstraße"},{"station_id":"n3160217622","station_name":"Eugen-Bracht-Straße"},{"station_id":"n3160217634","station_name":"Otto-Dix-Ring"},{"station_id":"n3160217646","station_name":"Wieckestraße"},{"station_id":"n3160218161","station_name":"Lohrmannstraße"},{"station_id":"n3160218185","station_name":"Hülßestraße"},{"station_id":"n2243373035","station_name":"Altreick"},{"station_id":"n268018285","station_name":"Trattendorfer Straße"},{"station_id":"n1481074061","station_name":"Albert-Wolf-Platz"},{"station_id":"n1483327274","station_name":"Jacob-Winter-Platz (Prohlis-Zentrum)"},{"station_id":"n1481074073","station_name":"Georg-Palitzsch-Straße"},{"station_id":"junc:13.79686:51.00040","station_name":""},{"station_id":"n1481074119","station_name":"Prohlis, Gleisschleife"}]},{"route_id":"rm2690192","route_name":"Tram 12","route_name_local":"Tram 12","route_name_en":null,"route_ref":"12","route_color":"#006b42","wikipedia":"de:Verkehrsverbund Oberelbe","osm_route_ids":[1913600,1913601],"status":null,"order_suspect":0,"span_suspect":0,"stations":[{"station_id":"n2204145206","station_name":"Striesen, Ludwig-Hartmann-Straße"},{"station_id":"n2249378490","station_name":"Gustav-Freytag-Straße"},{"station_id":"n2249391575","station_name":"Heinrich-Schütz-Straße"},{"station_id":"n3123485859","station_name":"Jüngststraße"},{"station_id":"n3123615227","station_name":"Blasewitz, Schillerplatz"},{"station_id":"n3123619045","station_name":"Prellerstraße"},{"station_id":"n2249679758","station_name":"Lene-Glatzer-Straße"},{"station_id":"n2250469190","station_name":"Königsheimplatz"},{"station_id":"n2250518300","station_name":"Augsburger Straße (Universitätsklinikum)"},{"station_id":"junc:13.77815:51.05294","station_name":""},{"station_id":"n2251164068","station_name":"Blasewitzer Straße / Fetscherstraße"},{"station_id":"n2251193229","station_name":"Gabelsbergerstraße"},{"station_id":"n247167118","station_name":"Fetscherplatz"},{"station_id":"n247164846","station_name":"Krankenhaus St. Joseph-Stift"},{"station_id":"n302411628","station_name":"Straßburger Platz (Gläserne Manufaktur)"},{"station_id":"n1481074070","station_name":"Deutsches Hygiene-Museum"},{"station_id":"junc:13.74664:51.04885","station_name":""},{"station_id":"n1531054674","station_name":"Pirnaischer Platz (Stadtmuseum)"},{"station_id":"junc:13.74036:51.04709","station_name":""},{"station_id":"n712415502","station_name":"Prager Straße"},{"station_id":"n2102006632","station_name":"Postplatz"},{"station_id":"junc:13.72981:51.05083","station_name":""},{"station_id":"n1547113330","station_name":"Schwimmhalle Freiberger Platz"},{"station_id":"n94174019","station_name":"S-Bahnhof Freiberger Straße"},{"station_id":"n2270172153","station_name":"Florastraße"},{"station_id":"n2270171064","station_name":"Oederaner Straße"},{"station_id":"n203835221","station_name":"Löbtau, Tharandter Straße"},{"station_id":"n2092458040","station_name":"Bünaustraße"},{"station_id":"n3146085861","station_name":"Conertplatz"},{"station_id":"n3146085852","station_name":"Pennricher Straße"},{"station_id":"n3146023349","station_name":"Birkenhainer Straße"},{"station_id":"n3146023350","station_name":"Altcotta"},{"station_id":"n1547113385","station_name":"Ockerwitzer Straße"},{"station_id":"n2278271794","station_name":"Cossebauder Straße"},{"station_id":"n2278287739","station_name":"Cotta, Gottfried-Keller-Straße"},{"station_id":"n3528256098","station_name":"Leutewitz"}]},{"route_id":"r5421483","route_name":"Tram 20: Messe Dresden Sonderlinie","route_name_local":"Tram 20: Messe Dresden Sonderlinie","route_name_en":null,"route_ref":"20","route_color":"#f9b000","wikipedia":"de:Verkehrsverbund Oberelbe","osm_route_ids":[5421483],"status":null,"order_suspect":0,"span_suspect":0,"stations":[{"station_id":"n1278116783","station_name":"Messe, Gleisschleife"},{"station_id":"n1699517119","station_name":"Messe Dresden"},{"station_id":"n1299402694","station_name":"Messering (Halle 1)"},{"station_id":"n1299402679","station_name":"Alberthafen"},{"station_id":"n1299402744","station_name":"Vorwerkstraße"},{"station_id":"n333748474","station_name":"Krankenhaus Friedrichstadt (Sportpark Ostra)"},{"station_id":"n2261895949","station_name":"Weißeritzstraße"},{"station_id":"junc:13.72583:51.05685","station_name":""},{"station_id":"n1150742531","station_name":"Maxstraße"},{"station_id":"junc:13.72849:51.05654","station_name":""},{"station_id":"n316713924","station_name":"Am Zwingerteich"},{"station_id":"n2102006632","station_name":"Postplatz"},{"station_id":"n712415502","station_name":"Prager Straße"},{"station_id":"n997588698","station_name":"Walpurgisstraße"},{"station_id":"n988900797","station_name":"Hauptbahnhof Nord"},{"station_id":"junc:13.73488:51.04037","station_name":""},{"station_id":"n988900741","station_name":"Hauptbahnhof"},{"station_id":"n91486560","station_name":"Budapester Straße"},{"station_id":"n94174019","station_name":"S-Bahnhof Freiberger Straße"},{"station_id":"n1699677761","station_name":"Bahnhof Mitte / Könneritzstraße"},{"station_id":"n2261895949","station_name":"Weißeritzstraße"},{"station_id":"n333748474","station_name":"Krankenhaus Friedrichstadt (Sportpark Ostra)"},{"station_id":"n1299402744","station_name":"Vorwerkstraße"},{"station_id":"n1299402679","station_name":"Alberthafen"},{"station_id":"n1299402694","station_name":"Messering (Halle 1)"},{"station_id":"n1699517119","station_name":"Messe Dresden"},{"station_id":"n1278116783","station_name":"Messe, Gleisschleife"}]}],"route_count":6,"route_refs":["3","11","7","4","12","20"],"route_colors":["#e5005a","#c2ddaf","#9e0234","#92c255","#006b42","#f9b000"],"city":"Dresden","country":"Germany"},"geometry":{"type":"MultiLineString","coordinates":[[[13.73768255,51.047129025000004],[13.733756056249998,51.050101637500006]]]}},{"type":"Feature","properties":{"seg_id":"dresden-15","routes":[{"route_id":"rm1469415","route_name":"Tram 3","route_name_local":"Tram 3","route_name_en":null,"route_ref":"3","route_color":"#e5005a","wikipedia":"de:Verkehrsverbund Oberelbe","osm_route_ids":[48496,1432419],"status":null,"order_suspect":0,"span_suspect":0,"stations":[{"station_id":"n33655213","station_name":"Coschütz"},{"station_id":"n3247429870","station_name":"Achtbeeteweg"},{"station_id":"n3208510694","station_name":"Saarstraße"},{"station_id":"n706566512","station_name":"Kotteweg"},{"station_id":"n1157698262","station_name":"Cämmerswalder Straße"},{"station_id":"n1157698264","station_name":"Plauen, Nöthnitzer Straße"},{"station_id":"n27306558","station_name":"Münchner Platz (Gedenkstätte)"},{"station_id":"n27306561","station_name":"Nürnberger Platz"},{"station_id":"n27432419","station_name":"Reichenbachstraße (Studentenwerk)"},{"station_id":"n988900741","station_name":"Hauptbahnhof"},{"station_id":"junc:13.73488:51.04037","station_name":""},{"station_id":"n988900797","station_name":"Hauptbahnhof Nord"},{"station_id":"n997588698","station_name":"Walpurgisstraße"},{"station_id":"n712415502","station_name":"Prager Straße"},{"station_id":"n2102006632","station_name":"Postplatz"},{"station_id":"junc:13.73325:51.05123","station_name":""},{"station_id":"n2030526228","station_name":"Theaterplatz"},{"station_id":"n3607726821","station_name":"Neustädter Markt"},{"station_id":"n598687725","station_name":"Carolaplatz (Regierungsviertel)"},{"station_id":"n1703242760","station_name":"Albertplatz (Erich-Kästner-Museum)"},{"station_id":"junc:13.74072:51.06480","station_name":""},{"station_id":"n598684803","station_name":"Bahnhof Neustadt"},{"station_id":"n598684789","station_name":"Lößnitzstraße"},{"station_id":"n598589136","station_name":"Großenhainer Platz"},{"station_id":"junc:13.73353:51.07566","station_name":""},{"station_id":"n598589141","station_name":"Liststraße"},{"station_id":"n598589132","station_name":"Zeithainer Straße"},{"station_id":"n2266104114","station_name":"Trachenberger Platz"},{"station_id":"n598589148","station_name":"Hubertusplatz"},{"station_id":"n3842071995","station_name":"Dorothea-Erxleben-Straße"},{"station_id":"n1054313336","station_name":"Wilder Mann"}]},{"route_id":"rm5186435","route_name":"Tram 9","route_name_local":"Tram 9","route_name_en":null,"route_ref":"9","route_color":"#c9061a","wikipedia":"de:Verkehrsverbund Oberelbe","osm_route_ids":[1812888,1812889],"status":null,"order_suspect":0,"span_suspect":0,"stations":[{"station_id":"n198170827","station_name":"Kaditz, Riegelplatz"},{"station_id":"n198170269","station_name":"Washingtonstraße"},{"station_id":"n248643753","station_name":"Elbepark"},{"station_id":"n248643752","station_name":"Sörnewitzer Straße"},{"station_id":"n151013122","station_name":"An der Flutrinne"},{"station_id":"n9493141425","station_name":"Brockwitzer Straße"},{"station_id":"n199462776","station_name":"Trachauer Straße"},{"station_id":"n164388310","station_name":"Mickten"},{"station_id":"junc:13.71460:51.07950","station_name":""},{"station_id":"n1535249151","station_name":"Altpieschen"},{"station_id":"n2197973362","station_name":"Oschatzer Straße"},{"station_id":"n2198004340","station_name":"Alexander-Puschkin-Platz"},{"station_id":"n26423972","station_name":"Alter Schlachthof"},{"station_id":"n30893823","station_name":"Antonstraße / Leipziger Straße"},{"station_id":"n1535249290","station_name":"Palaisplatz (Japanisches Palais)"},{"station_id":"n3607726821","station_name":"Neustädter Markt"},{"station_id":"n2030526228","station_name":"Theaterplatz"},{"station_id":"junc:13.73325:51.05123","station_name":""},{"station_id":"n2102006632","station_name":"Postplatz"},{"station_id":"n1481074063","station_name":"Altmarkt"},{"station_id":"n1531054674","station_name":"Pirnaischer Platz (Stadtmuseum)"},{"station_id":"junc:13.74664:51.04885","station_name":""},{"station_id":"n1481074070","station_name":"Deutsches Hygiene-Museum"},{"station_id":"n302411628","station_name":"Straßburger Platz (Gläserne Manufaktur)"},{"station_id":"n247164846","station_name":"Krankenhaus St. Joseph-Stift"},{"station_id":"n247167118","station_name":"Fetscherplatz"},{"station_id":"n3057031845","station_name":"Mosenstraße"},{"station_id":"n3057141424","station_name":"Spenerstraße"},{"station_id":"n3057141419","station_name":"Bergmannstraße"},{"station_id":"n1535249293","station_name":"Pohlandplatz (Technische Sammlungen)"},{"station_id":"n3057282587","station_name":"Gottleubaer Straße"},{"station_id":"n1299402673","station_name":"Striesen, Emanuel-Goldberg-Platz"},{"station_id":"n2204145206","station_name":"Striesen, Ludwig-Hartmann-Straße"},{"station_id":"n1152939366","station_name":"Johannisfriedhof"},{"station_id":"n3058661317","station_name":"Tolkewitz Schulcampus"},{"station_id":"n248219396","station_name":"Wasserwerk Tolkewitz"},{"station_id":"n1535249155","station_name":"Alttolkewitz"},{"station_id":"n3069863291","station_name":"Hermann-Seidel-Straße"},{"station_id":"junc:13.83743:51.02503","station_name":""},{"station_id":"n3070070350","station_name":"Leubener Straße"},{"station_id":"n1535249304","station_name":"Laubegast, Kronstädter Platz"}]},{"route_id":"rm2675693","route_name":"Tram 7: Weixdorf <> Pennrich","route_name_local":"Tram 7: Weixdorf <> Pennrich","route_name_en":null,"route_ref":"7","route_color":"#9e0234","wikipedia":"de:Verkehrsverbund Oberelbe","osm_route_ids":[1894481,1894482],"status":null,"order_suspect":0,"span_suspect":0,"stations":[{"station_id":"n443379404","station_name":"Weixdorf, Rathenaustraße"},{"station_id":"n1534522247","station_name":"Haltepunkt Weixdorf Bad"},{"station_id":"n104212154","station_name":"Fuchsberg"},{"station_id":"n104177481","station_name":"Industriepark Klotzsche"},{"station_id":"n248532963","station_name":"Arkonastraße"},{"station_id":"n3139326501","station_name":"Käthe-Kollwitz-Platz"},{"station_id":"n3139175437","station_name":"Zur Neuen Brücke"},{"station_id":"n248532966","station_name":"Karl-Marx-Straße"},{"station_id":"n101122765","station_name":"Infineon Nord"},{"station_id":"n313015460","station_name":"Infineon Süd (Abzweig nach Hellerau)"},{"station_id":"junc:13.76993:51.10223","station_name":""},{"station_id":"n99948969","station_name":"Moritzburger Weg"},{"station_id":"n1534522276","station_name":"Hellersiedlung"},{"station_id":"n99948955","station_name":"S-Bahnhof Industriegelände"},{"station_id":"n1534522265","station_name":"Heeresbäckerei (Stadtarchiv)"},{"station_id":"n317000141","station_name":"Stauffenbergallee (Militärhistorisches Museum)"},{"station_id":"n2272193398","station_name":"Tannenstraße (Goethe-Institut)"},{"station_id":"n438606702","station_name":"Bischofsweg"},{"station_id":"n2272189456","station_name":"Louisenstraße"},{"station_id":"n1703242760","station_name":"Albertplatz (Erich-Kästner-Museum)"},{"station_id":"n598687725","station_name":"Carolaplatz (Regierungsviertel)"},{"station_id":"n3607726821","station_name":"Neustädter Markt"},{"station_id":"n2030526228","station_name":"Theaterplatz"},{"station_id":"junc:13.73325:51.05123","station_name":""},{"station_id":"n2102006632","station_name":"Postplatz"},{"station_id":"n712415502","station_name":"Prager Straße"},{"station_id":"n997588698","station_name":"Walpurgisstraße"},{"station_id":"n988900797","station_name":"Hauptbahnhof Nord"},{"station_id":"junc:13.73488:51.04037","station_name":""},{"station_id":"n988900741","station_name":"Hauptbahnhof"},{"station_id":"n91486560","station_name":"Budapester Straße"},{"station_id":"n94174019","station_name":"S-Bahnhof Freiberger Straße"},{"station_id":"n2270172153","station_name":"Florastraße"},{"station_id":"n2270171064","station_name":"Oederaner Straße"},{"station_id":"n203835221","station_name":"Löbtau, Tharandter Straße"},{"station_id":"n2092458040","station_name":"Bünaustraße"},{"station_id":"junc:13.69460:51.04315","station_name":""},{"station_id":"n2268676985","station_name":"Malterstraße"},{"station_id":"n2268694425","station_name":"Koblenzer Straße"},{"station_id":"n29999456","station_name":"Julius-Vahlteich-Straße"},{"station_id":"n197839497","station_name":"Amalie-Dietrich-Platz"},{"station_id":"n29999448","station_name":"Merianplatz"},{"station_id":"n126667149","station_name":"Kirschenstraße"},{"station_id":"n29999464","station_name":"Schlehenstraße"},{"station_id":"n249431104","station_name":"Gorbitz, Betriebshof"},{"station_id":"n315238529","station_name":"Altnossener Straße"},{"station_id":"n1534522486","station_name":"Rudolf-Walther-Straße"},{"station_id":"n248219526","station_name":"Gompitz, Gompitzer Höhe"},{"station_id":"n1534522454","station_name":"Pennrich, Gleisschleife"}]},{"route_id":"rm5186035","route_name":"Tram 4","route_name_local":"Tram 4","route_name_en":null,"route_ref":"4","route_color":"#92c255","wikipedia":"de:Verkehrsverbund Oberelbe","osm_route_ids":[1895461,1895462,1895463,1895464,2813709,2813811],"status":null,"order_suspect":0,"span_suspect":0,"stations":[{"station_id":"n68333849","station_name":"Weinböhla (Rathausstraße)"},{"station_id":"n3539408417","station_name":"Weinböhla, Gellertstraße"},{"station_id":"n68333843","station_name":"Weinböhla, Köhlerstraße"},{"station_id":"n68333831","station_name":"Coswig, Steinbacher Weg"},{"station_id":"n248641303","station_name":"Coswig, Auerstraße"},{"station_id":"n248641302","station_name":"Coswig, Salzstraße"},{"station_id":"n68333808","station_name":"Coswig, Rathaus"},{"station_id":"n69393959","station_name":"Coswig, Zentrum / Börse"},{"station_id":"n69393313","station_name":"Coswig, Radebeuler Straße"},{"station_id":"n248640364","station_name":"Radebeul, Eisenbahnbrücke"},{"station_id":"n248640363","station_name":"Radebeul, Gerhart-Hauptmann-Straße"},{"station_id":"n67373675","station_name":"Radebeul, Johannisbergstraße"},{"station_id":"n67373488","station_name":"Radebeul, Schloss Wackerbarth"},{"station_id":"n1535249173","station_name":"Radebeul West, Flemmingstraße"},{"station_id":"n1535249257","station_name":"Radebeul, Moritzburger Straße"},{"station_id":"n1123405476","station_name":"Radebeul, Gradsteg"},{"station_id":"n1535249162","station_name":"Radebeul, Borstraße"},{"station_id":"n1535249166","station_name":"Radebeul, Dr.-Külz-Straße"},{"station_id":"n1535249441","station_name":"Radebeul, Zillerstraße (Elblandklinikum)"},{"station_id":"n3053531658","station_name":"Radebeul, Landesbühnen Sachsen"},{"station_id":"n1535249436","station_name":"Radebeul, Wasastraße"},{"station_id":"n1535249432","station_name":"Radebeul, Schildenstraße"},{"station_id":"n1535249193","station_name":"Radebeul, Hauptstraße"},{"station_id":"n1535249442","station_name":"Radebeul, Zinzendorfstraße"},{"station_id":"n1535249175","station_name":"Radebeul, Forststraße"},{"station_id":"n2217680818","station_name":"Kleestraße"},{"station_id":"n1535249178","station_name":"S-Bahnhof Trachau West"},{"station_id":"n2217158593","station_name":"Peschelstraße"},{"station_id":"n251313472","station_name":"Rankestraße"},{"station_id":"n256130959","station_name":"Alttrachau"},{"station_id":"n164388310","station_name":"Mickten"},{"station_id":"junc:13.71460:51.07950","station_name":""},{"station_id":"n1535249151","station_name":"Altpieschen"},{"station_id":"n2197973362","station_name":"Oschatzer Straße"},{"station_id":"n2198004340","station_name":"Alexander-Puschkin-Platz"},{"station_id":"n26423972","station_name":"Alter Schlachthof"},{"station_id":"n30893823","station_name":"Antonstraße / Leipziger Straße"},{"station_id":"n1535249290","station_name":"Palaisplatz (Japanisches Palais)"},{"station_id":"n3607726821","station_name":"Neustädter Markt"},{"station_id":"n2030526228","station_name":"Theaterplatz"},{"station_id":"junc:13.73325:51.05123","station_name":""},{"station_id":"n2102006632","station_name":"Postplatz"},{"station_id":"n712415502","station_name":"Prager Straße"},{"station_id":"n997588698","station_name":"Walpurgisstraße"},{"station_id":"n988900797","station_name":"Hauptbahnhof Nord"},{"station_id":"junc:13.73488:51.04037","station_name":""},{"station_id":"n197551704","station_name":"Gret-Palucca-Straße"},{"station_id":"n103928327","station_name":"Lennéplatz"},{"station_id":"junc:13.74868:51.03747","station_name":""},{"station_id":"n3151728355","station_name":"Zoo"},{"station_id":"n3151728783","station_name":"Querallee"},{"station_id":"n6703868143","station_name":"S-Bahnhof Strehlen"},{"station_id":"n2242733186","station_name":"Wasaplatz"},{"station_id":"n3151883406","station_name":"Mockritzer Straße"},{"station_id":"n3151883421","station_name":"Hugo-Bürkner-Straße"},{"station_id":"n2243029501","station_name":"Cäcilienstraße"},{"station_id":"n3160217622","station_name":"Eugen-Bracht-Straße"},{"station_id":"n3160217634","station_name":"Otto-Dix-Ring"},{"station_id":"n3160217646","station_name":"Wieckestraße"},{"station_id":"n3160218161","station_name":"Lohrmannstraße"},{"station_id":"n3160218185","station_name":"Hülßestraße"},{"station_id":"n2243373035","station_name":"Altreick"},{"station_id":"n268018285","station_name":"Trattendorfer Straße"},{"station_id":"n1481074061","station_name":"Albert-Wolf-Platz"},{"station_id":"n1483327274","station_name":"Jacob-Winter-Platz (Prohlis-Zentrum)"},{"station_id":"n1481074073","station_name":"Georg-Palitzsch-Straße"},{"station_id":"junc:13.79686:51.00040","station_name":""},{"station_id":"n1481074119","station_name":"Prohlis, Gleisschleife"}]}],"route_count":4,"route_refs":["3","9","7","4"],"route_colors":["#e5005a","#c9061a","#9e0234","#92c255"],"city":"Dresden","country":"Germany"},"geometry":{"type":"MultiLineString","coordinates":[[[13.733756056249998,51.050101637500006],[13.733246,51.0512326],[13.736550574999999,51.053401075],[13.74075045,51.05754405]]]}},{"type":"Feature","properties":{"seg_id":"dresden-16","routes":[{"route_id":"rm1469415","route_name":"Tram 3","route_name_local":"Tram 3","route_name_en":null,"route_ref":"3","route_color":"#e5005a","wikipedia":"de:Verkehrsverbund Oberelbe","osm_route_ids":[48496,1432419],"status":null,"order_suspect":0,"span_suspect":0,"stations":[{"station_id":"n33655213","station_name":"Coschütz"},{"station_id":"n3247429870","station_name":"Achtbeeteweg"},{"station_id":"n3208510694","station_name":"Saarstraße"},{"station_id":"n706566512","station_name":"Kotteweg"},{"station_id":"n1157698262","station_name":"Cämmerswalder Straße"},{"station_id":"n1157698264","station_name":"Plauen, Nöthnitzer Straße"},{"station_id":"n27306558","station_name":"Münchner Platz (Gedenkstätte)"},{"station_id":"n27306561","station_name":"Nürnberger Platz"},{"station_id":"n27432419","station_name":"Reichenbachstraße (Studentenwerk)"},{"station_id":"n988900741","station_name":"Hauptbahnhof"},{"station_id":"junc:13.73488:51.04037","station_name":""},{"station_id":"n988900797","station_name":"Hauptbahnhof Nord"},{"station_id":"n997588698","station_name":"Walpurgisstraße"},{"station_id":"n712415502","station_name":"Prager Straße"},{"station_id":"n2102006632","station_name":"Postplatz"},{"station_id":"junc:13.73325:51.05123","station_name":""},{"station_id":"n2030526228","station_name":"Theaterplatz"},{"station_id":"n3607726821","station_name":"Neustädter Markt"},{"station_id":"n598687725","station_name":"Carolaplatz (Regierungsviertel)"},{"station_id":"n1703242760","station_name":"Albertplatz (Erich-Kästner-Museum)"},{"station_id":"junc:13.74072:51.06480","station_name":""},{"station_id":"n598684803","station_name":"Bahnhof Neustadt"},{"station_id":"n598684789","station_name":"Lößnitzstraße"},{"station_id":"n598589136","station_name":"Großenhainer Platz"},{"station_id":"junc:13.73353:51.07566","station_name":""},{"station_id":"n598589141","station_name":"Liststraße"},{"station_id":"n598589132","station_name":"Zeithainer Straße"},{"station_id":"n2266104114","station_name":"Trachenberger Platz"},{"station_id":"n598589148","station_name":"Hubertusplatz"},{"station_id":"n3842071995","station_name":"Dorothea-Erxleben-Straße"},{"station_id":"n1054313336","station_name":"Wilder Mann"}]},{"route_id":"rm2675693","route_name":"Tram 7: Weixdorf <> Pennrich","route_name_local":"Tram 7: Weixdorf <> Pennrich","route_name_en":null,"route_ref":"7","route_color":"#9e0234","wikipedia":"de:Verkehrsverbund Oberelbe","osm_route_ids":[1894481,1894482],"status":null,"order_suspect":0,"span_suspect":0,"stations":[{"station_id":"n443379404","station_name":"Weixdorf, Rathenaustraße"},{"station_id":"n1534522247","station_name":"Haltepunkt Weixdorf Bad"},{"station_id":"n104212154","station_name":"Fuchsberg"},{"station_id":"n104177481","station_name":"Industriepark Klotzsche"},{"station_id":"n248532963","station_name":"Arkonastraße"},{"station_id":"n3139326501","station_name":"Käthe-Kollwitz-Platz"},{"station_id":"n3139175437","station_name":"Zur Neuen Brücke"},{"station_id":"n248532966","station_name":"Karl-Marx-Straße"},{"station_id":"n101122765","station_name":"Infineon Nord"},{"station_id":"n313015460","station_name":"Infineon Süd (Abzweig nach Hellerau)"},{"station_id":"junc:13.76993:51.10223","station_name":""},{"station_id":"n99948969","station_name":"Moritzburger Weg"},{"station_id":"n1534522276","station_name":"Hellersiedlung"},{"station_id":"n99948955","station_name":"S-Bahnhof Industriegelände"},{"station_id":"n1534522265","station_name":"Heeresbäckerei (Stadtarchiv)"},{"station_id":"n317000141","station_name":"Stauffenbergallee (Militärhistorisches Museum)"},{"station_id":"n2272193398","station_name":"Tannenstraße (Goethe-Institut)"},{"station_id":"n438606702","station_name":"Bischofsweg"},{"station_id":"n2272189456","station_name":"Louisenstraße"},{"station_id":"n1703242760","station_name":"Albertplatz (Erich-Kästner-Museum)"},{"station_id":"n598687725","station_name":"Carolaplatz (Regierungsviertel)"},{"station_id":"n3607726821","station_name":"Neustädter Markt"},{"station_id":"n2030526228","station_name":"Theaterplatz"},{"station_id":"junc:13.73325:51.05123","station_name":""},{"station_id":"n2102006632","station_name":"Postplatz"},{"station_id":"n712415502","station_name":"Prager Straße"},{"station_id":"n997588698","station_name":"Walpurgisstraße"},{"station_id":"n988900797","station_name":"Hauptbahnhof Nord"},{"station_id":"junc:13.73488:51.04037","station_name":""},{"station_id":"n988900741","station_name":"Hauptbahnhof"},{"station_id":"n91486560","station_name":"Budapester Straße"},{"station_id":"n94174019","station_name":"S-Bahnhof Freiberger Straße"},{"station_id":"n2270172153","station_name":"Florastraße"},{"station_id":"n2270171064","station_name":"Oederaner Straße"},{"station_id":"n203835221","station_name":"Löbtau, Tharandter Straße"},{"station_id":"n2092458040","station_name":"Bünaustraße"},{"station_id":"junc:13.69460:51.04315","station_name":""},{"station_id":"n2268676985","station_name":"Malterstraße"},{"station_id":"n2268694425","station_name":"Koblenzer Straße"},{"station_id":"n29999456","station_name":"Julius-Vahlteich-Straße"},{"station_id":"n197839497","station_name":"Amalie-Dietrich-Platz"},{"station_id":"n29999448","station_name":"Merianplatz"},{"station_id":"n126667149","station_name":"Kirschenstraße"},{"station_id":"n29999464","station_name":"Schlehenstraße"},{"station_id":"n249431104","station_name":"Gorbitz, Betriebshof"},{"station_id":"n315238529","station_name":"Altnossener Straße"},{"station_id":"n1534522486","station_name":"Rudolf-Walther-Straße"},{"station_id":"n248219526","station_name":"Gompitz, Gompitzer Höhe"},{"station_id":"n1534522454","station_name":"Pennrich, Gleisschleife"}]}],"route_count":2,"route_refs":["3","7"],"route_colors":["#e5005a","#9e0234"],"city":"Dresden","country":"Germany"},"geometry":{"type":"MultiLineString","coordinates":[[[13.74075045,51.05754405],[13.7459411,51.0579551],[13.746148125,51.063704375]]]}},{"type":"Feature","properties":{"seg_id":"dresden-17","routes":[{"route_id":"rm1469415","route_name":"Tram 3","route_name_local":"Tram 3","route_name_en":null,"route_ref":"3","route_color":"#e5005a","wikipedia":"de:Verkehrsverbund Oberelbe","osm_route_ids":[48496,1432419],"status":null,"order_suspect":0,"span_suspect":0,"stations":[{"station_id":"n33655213","station_name":"Coschütz"},{"station_id":"n3247429870","station_name":"Achtbeeteweg"},{"station_id":"n3208510694","station_name":"Saarstraße"},{"station_id":"n706566512","station_name":"Kotteweg"},{"station_id":"n1157698262","station_name":"Cämmerswalder Straße"},{"station_id":"n1157698264","station_name":"Plauen, Nöthnitzer Straße"},{"station_id":"n27306558","station_name":"Münchner Platz (Gedenkstätte)"},{"station_id":"n27306561","station_name":"Nürnberger Platz"},{"station_id":"n27432419","station_name":"Reichenbachstraße (Studentenwerk)"},{"station_id":"n988900741","station_name":"Hauptbahnhof"},{"station_id":"junc:13.73488:51.04037","station_name":""},{"station_id":"n988900797","station_name":"Hauptbahnhof Nord"},{"station_id":"n997588698","station_name":"Walpurgisstraße"},{"station_id":"n712415502","station_name":"Prager Straße"},{"station_id":"n2102006632","station_name":"Postplatz"},{"station_id":"junc:13.73325:51.05123","station_name":""},{"station_id":"n2030526228","station_name":"Theaterplatz"},{"station_id":"n3607726821","station_name":"Neustädter Markt"},{"station_id":"n598687725","station_name":"Carolaplatz (Regierungsviertel)"},{"station_id":"n1703242760","station_name":"Albertplatz (Erich-Kästner-Museum)"},{"station_id":"junc:13.74072:51.06480","station_name":""},{"station_id":"n598684803","station_name":"Bahnhof Neustadt"},{"station_id":"n598684789","station_name":"Lößnitzstraße"},{"station_id":"n598589136","station_name":"Großenhainer Platz"},{"station_id":"junc:13.73353:51.07566","station_name":""},{"station_id":"n598589141","station_name":"Liststraße"},{"station_id":"n598589132","station_name":"Zeithainer Straße"},{"station_id":"n2266104114","station_name":"Trachenberger Platz"},{"station_id":"n598589148","station_name":"Hubertusplatz"},{"station_id":"n3842071995","station_name":"Dorothea-Erxleben-Straße"},{"station_id":"n1054313336","station_name":"Wilder Mann"}]},{"route_id":"rm5186067","route_name":"Tram 6","route_name_local":"Tram 6","route_name_en":null,"route_ref":"6","route_color":"#ffdd00","wikipedia":"de:Verkehrsverbund Oberelbe","osm_route_ids":[50962,2819864],"status":null,"order_suspect":0,"span_suspect":0,"stations":[{"station_id":"n1459672328","station_name":"S-Bahnhof Niedersedlitz"},{"station_id":"n2249171738","station_name":"Försterlingstraße"},{"station_id":"n2249279225","station_name":"Straße des 17. Juni"},{"station_id":"n2249290203","station_name":"Guerickestraße"},{"station_id":"n2247382715","station_name":"Berthold-Haupt-Straße"},{"station_id":"n3072066153","station_name":"Altleuben"},{"station_id":"junc:13.82403:51.01276","station_name":""},{"station_id":"n3070182363","station_name":"Friedhof Leuben"},{"station_id":"n3070182371","station_name":"Großglocknerstraße"},{"station_id":"n1152939329","station_name":"Laibacher Straße"},{"station_id":"n3070070350","station_name":"Leubener Straße"},{"station_id":"junc:13.83743:51.02503","station_name":""},{"station_id":"n3069863291","station_name":"Hermann-Seidel-Straße"},{"station_id":"n1535249155","station_name":"Alttolkewitz"},{"station_id":"n248219396","station_name":"Wasserwerk Tolkewitz"},{"station_id":"n3058661317","station_name":"Tolkewitz Schulcampus"},{"station_id":"n1152939366","station_name":"Johannisfriedhof"},{"station_id":"n2204145206","station_name":"Striesen, Ludwig-Hartmann-Straße"},{"station_id":"n2249378490","station_name":"Gustav-Freytag-Straße"},{"station_id":"n2249391575","station_name":"Heinrich-Schütz-Straße"},{"station_id":"n3123485859","station_name":"Jüngststraße"},{"station_id":"n3123615227","station_name":"Blasewitz, Schillerplatz"},{"station_id":"n3123619045","station_name":"Prellerstraße"},{"station_id":"n2249679758","station_name":"Lene-Glatzer-Straße"},{"station_id":"n2250469190","station_name":"Königsheimplatz"},{"station_id":"n2250518300","station_name":"Augsburger Straße (Universitätsklinikum)"},{"station_id":"junc:13.77815:51.05294","station_name":""},{"station_id":"n2251164068","station_name":"Blasewitzer Straße / Fetscherstraße"},{"station_id":"n2252393145","station_name":"Trinitatisplatz"},{"station_id":"n2252424368","station_name":"Permoserstraße"},{"station_id":"n198206259","station_name":"Sachsenallee"},{"station_id":"n247167120","station_name":"Rosa-Luxemburg-Platz"},{"station_id":"n3137622058","station_name":"Bautzner Straße / Rothenburger Straße"},{"station_id":"junc:13.75146:51.06301","station_name":""},{"station_id":"n1703242760","station_name":"Albertplatz (Erich-Kästner-Museum)"},{"station_id":"junc:13.74072:51.06480","station_name":""},{"station_id":"n598684803","station_name":"Bahnhof Neustadt"},{"station_id":"junc:13.74072:51.06480","station_name":""},{"station_id":"n30893823","station_name":"Antonstraße / Leipziger Straße"},{"station_id":"n30988946","station_name":"Kongresszentrum (Haus der Presse)"},{"station_id":"junc:13.72583:51.05685","station_name":""},{"station_id":"n1699677761","station_name":"Bahnhof Mitte / Könneritzstraße"},{"station_id":"n283339711","station_name":"Bahnhof Mitte / Jahnstraße"},{"station_id":"junc:13.72039:51.05487","station_name":""},{"station_id":"n203804853","station_name":"Koreanischer Platz"},{"station_id":"n249430084","station_name":"Cottaer Straße"},{"station_id":"n311494780","station_name":"Wernerstraße"},{"station_id":"n203835221","station_name":"Löbtau, Tharandter Straße"},{"station_id":"n2092458040","station_name":"Bünaustraße"},{"station_id":"junc:13.69460:51.04315","station_name":""},{"station_id":"n2268676985","station_name":"Malterstraße"},{"station_id":"n2268694425","station_name":"Koblenzer Straße"},{"station_id":"n29999456","station_name":"Julius-Vahlteich-Straße"},{"station_id":"n1193863206","station_name":"Wölfnitz"}]},{"route_id":"rm5186681","route_name":"Tram 11","route_name_local":"Tram 11","route_name_en":null,"route_ref":"11","route_color":"#c2ddaf","wikipedia":"de:Verkehrsverbund Oberelbe","osm_route_ids":[51809,2817120],"status":null,"order_suspect":0,"span_suspect":0,"stations":[{"station_id":"n308149044","station_name":"Zschertnitz, Münzmeisterstraße"},{"station_id":"n3160400393","station_name":"Räcknitzhöhe"},{"station_id":"n98010200","station_name":"Zellescher Weg"},{"station_id":"n2293414413","station_name":"Strehlener Platz"},{"station_id":"n103928327","station_name":"Lennéplatz"},{"station_id":"n197551704","station_name":"Gret-Palucca-Straße"},{"station_id":"junc:13.73488:51.04037","station_name":""},{"station_id":"n988900797","station_name":"Hauptbahnhof Nord"},{"station_id":"n997588698","station_name":"Walpurgisstraße"},{"station_id":"n712415502","station_name":"Prager Straße"},{"station_id":"n2102006632","station_name":"Postplatz"},{"station_id":"n316713924","station_name":"Am Zwingerteich"},{"station_id":"junc:13.72849:51.05654","station_name":""},{"station_id":"n30988946","station_name":"Kongresszentrum (Haus der Presse)"},{"station_id":"n30893823","station_name":"Antonstraße / Leipziger Straße"},{"station_id":"junc:13.74072:51.06480","station_name":""},{"station_id":"n598684803","station_name":"Bahnhof Neustadt"},{"station_id":"junc:13.74072:51.06480","station_name":""},{"station_id":"n1703242760","station_name":"Albertplatz (Erich-Kästner-Museum)"},{"station_id":"junc:13.75146:51.06301","station_name":""},{"station_id":"n3137622058","station_name":"Bautzner Straße / Rothenburger Straße"},{"station_id":"n2293552788","station_name":"Pulsnitzer Straße"},{"station_id":"n2293558135","station_name":"Diakonissenkrankenhaus"},{"station_id":"n2293585817","station_name":"Nordstraße"},{"station_id":"n201542949","station_name":"Waldschlößchen"},{"station_id":"n433059672","station_name":"Angelikastraße (Gedenkstätte Bautzner Straße)"},{"station_id":"n3160522703","station_name":"Wilhelminenstraße"},{"station_id":"n1152939368","station_name":"Elbschlösser"},{"station_id":"n2294679702","station_name":"Mordgrundbrücke"},{"station_id":"n2294780469","station_name":"Plattleite"},{"station_id":"n2294789016","station_name":"Am Weißen Adler"},{"station_id":"n2295410611","station_name":"Schwimmhalle Bühlau"},{"station_id":"n3161748250","station_name":"Hegereiterstraße"},{"station_id":"n2295422472","station_name":"Grundstraße"},{"station_id":"n201546998","station_name":"Bühlau, Ullersdorfer Platz"},{"station_id":"n2295466881","station_name":"Ullersdorfer Platz"},{"station_id":"n201546998","station_name":"Bühlau, Ullersdorfer Platz"}]}],"route_count":3,"route_refs":["3","6","11"],"route_colors":["#e5005a","#ffdd00","#c2ddaf"],"city":"Dresden","country":"Germany"},"geometry":{"type":"MultiLineString","coordinates":[[[13.746148125,51.063704375],[13.7407248,51.0648002],[13.740278374999999,51.0655725]]]}},{"type":"Feature","properties":{"seg_id":"dresden-18","routes":[{"route_id":"rm5186067","route_name":"Tram 6","route_name_local":"Tram 6","route_name_en":null,"route_ref":"6","route_color":"#ffdd00","wikipedia":"de:Verkehrsverbund Oberelbe","osm_route_ids":[50962,2819864],"status":null,"order_suspect":0,"span_suspect":0,"stations":[{"station_id":"n1459672328","station_name":"S-Bahnhof Niedersedlitz"},{"station_id":"n2249171738","station_name":"Försterlingstraße"},{"station_id":"n2249279225","station_name":"Straße des 17. Juni"},{"station_id":"n2249290203","station_name":"Guerickestraße"},{"station_id":"n2247382715","station_name":"Berthold-Haupt-Straße"},{"station_id":"n3072066153","station_name":"Altleuben"},{"station_id":"junc:13.82403:51.01276","station_name":""},{"station_id":"n3070182363","station_name":"Friedhof Leuben"},{"station_id":"n3070182371","station_name":"Großglocknerstraße"},{"station_id":"n1152939329","station_name":"Laibacher Straße"},{"station_id":"n3070070350","station_name":"Leubener Straße"},{"station_id":"junc:13.83743:51.02503","station_name":""},{"station_id":"n3069863291","station_name":"Hermann-Seidel-Straße"},{"station_id":"n1535249155","station_name":"Alttolkewitz"},{"station_id":"n248219396","station_name":"Wasserwerk Tolkewitz"},{"station_id":"n3058661317","station_name":"Tolkewitz Schulcampus"},{"station_id":"n1152939366","station_name":"Johannisfriedhof"},{"station_id":"n2204145206","station_name":"Striesen, Ludwig-Hartmann-Straße"},{"station_id":"n2249378490","station_name":"Gustav-Freytag-Straße"},{"station_id":"n2249391575","station_name":"Heinrich-Schütz-Straße"},{"station_id":"n3123485859","station_name":"Jüngststraße"},{"station_id":"n3123615227","station_name":"Blasewitz, Schillerplatz"},{"station_id":"n3123619045","station_name":"Prellerstraße"},{"station_id":"n2249679758","station_name":"Lene-Glatzer-Straße"},{"station_id":"n2250469190","station_name":"Königsheimplatz"},{"station_id":"n2250518300","station_name":"Augsburger Straße (Universitätsklinikum)"},{"station_id":"junc:13.77815:51.05294","station_name":""},{"station_id":"n2251164068","station_name":"Blasewitzer Straße / Fetscherstraße"},{"station_id":"n2252393145","station_name":"Trinitatisplatz"},{"station_id":"n2252424368","station_name":"Permoserstraße"},{"station_id":"n198206259","station_name":"Sachsenallee"},{"station_id":"n247167120","station_name":"Rosa-Luxemburg-Platz"},{"station_id":"n3137622058","station_name":"Bautzner Straße / Rothenburger Straße"},{"station_id":"junc:13.75146:51.06301","station_name":""},{"station_id":"n1703242760","station_name":"Albertplatz (Erich-Kästner-Museum)"},{"station_id":"junc:13.74072:51.06480","station_name":""},{"station_id":"n598684803","station_name":"Bahnhof Neustadt"},{"station_id":"junc:13.74072:51.06480","station_name":""},{"station_id":"n30893823","station_name":"Antonstraße / Leipziger Straße"},{"station_id":"n30988946","station_name":"Kongresszentrum (Haus der Presse)"},{"station_id":"junc:13.72583:51.05685","station_name":""},{"station_id":"n1699677761","station_name":"Bahnhof Mitte / Könneritzstraße"},{"station_id":"n283339711","station_name":"Bahnhof Mitte / Jahnstraße"},{"station_id":"junc:13.72039:51.05487","station_name":""},{"station_id":"n203804853","station_name":"Koreanischer Platz"},{"station_id":"n249430084","station_name":"Cottaer Straße"},{"station_id":"n311494780","station_name":"Wernerstraße"},{"station_id":"n203835221","station_name":"Löbtau, Tharandter Straße"},{"station_id":"n2092458040","station_name":"Bünaustraße"},{"station_id":"junc:13.69460:51.04315","station_name":""},{"station_id":"n2268676985","station_name":"Malterstraße"},{"station_id":"n2268694425","station_name":"Koblenzer Straße"},{"station_id":"n29999456","station_name":"Julius-Vahlteich-Straße"},{"station_id":"n1193863206","station_name":"Wölfnitz"}]}],"route_count":1,"route_refs":["6"],"route_colors":["#ffdd00"],"city":"Dresden","country":"Germany"},"geometry":{"type":"MultiLineString","coordinates":[[[13.82947695,50.9996669],[13.829642279999998,51.00035666],[13.826944625000001,51.002333325],[13.826928225,51.005271275],[13.830766549999998,51.0097971]]]}},{"type":"Feature","properties":{"seg_id":"dresden-19","routes":[{"route_id":"rm5186067","route_name":"Tram 6","route_name_local":"Tram 6","route_name_en":null,"route_ref":"6","route_color":"#ffdd00","wikipedia":"de:Verkehrsverbund Oberelbe","osm_route_ids":[50962,2819864],"status":null,"order_suspect":0,"span_suspect":0,"stations":[{"station_id":"n1459672328","station_name":"S-Bahnhof Niedersedlitz"},{"station_id":"n2249171738","station_name":"Försterlingstraße"},{"station_id":"n2249279225","station_name":"Straße des 17. Juni"},{"station_id":"n2249290203","station_name":"Guerickestraße"},{"station_id":"n2247382715","station_name":"Berthold-Haupt-Straße"},{"station_id":"n3072066153","station_name":"Altleuben"},{"station_id":"junc:13.82403:51.01276","station_name":""},{"station_id":"n3070182363","station_name":"Friedhof Leuben"},{"station_id":"n3070182371","station_name":"Großglocknerstraße"},{"station_id":"n1152939329","station_name":"Laibacher Straße"},{"station_id":"n3070070350","station_name":"Leubener Straße"},{"station_id":"junc:13.83743:51.02503","station_name":""},{"station_id":"n3069863291","station_name":"Hermann-Seidel-Straße"},{"station_id":"n1535249155","station_name":"Alttolkewitz"},{"station_id":"n248219396","station_name":"Wasserwerk Tolkewitz"},{"station_id":"n3058661317","station_name":"Tolkewitz Schulcampus"},{"station_id":"n1152939366","station_name":"Johannisfriedhof"},{"station_id":"n2204145206","station_name":"Striesen, Ludwig-Hartmann-Straße"},{"station_id":"n2249378490","station_name":"Gustav-Freytag-Straße"},{"station_id":"n2249391575","station_name":"Heinrich-Schütz-Straße"},{"station_id":"n3123485859","station_name":"Jüngststraße"},{"station_id":"n3123615227","station_name":"Blasewitz, Schillerplatz"},{"station_id":"n3123619045","station_name":"Prellerstraße"},{"station_id":"n2249679758","station_name":"Lene-Glatzer-Straße"},{"station_id":"n2250469190","station_name":"Königsheimplatz"},{"station_id":"n2250518300","station_name":"Augsburger Straße (Universitätsklinikum)"},{"station_id":"junc:13.77815:51.05294","station_name":""},{"station_id":"n2251164068","station_name":"Blasewitzer Straße / Fetscherstraße"},{"station_id":"n2252393145","station_name":"Trinitatisplatz"},{"station_id":"n2252424368","station_name":"Permoserstraße"},{"station_id":"n198206259","station_name":"Sachsenallee"},{"station_id":"n247167120","station_name":"Rosa-Luxemburg-Platz"},{"station_id":"n3137622058","station_name":"Bautzner Straße / Rothenburger Straße"},{"station_id":"junc:13.75146:51.06301","station_name":""},{"station_id":"n1703242760","station_name":"Albertplatz (Erich-Kästner-Museum)"},{"station_id":"junc:13.74072:51.06480","station_name":""},{"station_id":"n598684803","station_name":"Bahnhof Neustadt"},{"station_id":"junc:13.74072:51.06480","station_name":""},{"station_id":"n30893823","station_name":"Antonstraße / Leipziger Straße"},{"station_id":"n30988946","station_name":"Kongresszentrum (Haus der Presse)"},{"station_id":"junc:13.72583:51.05685","station_name":""},{"station_id":"n1699677761","station_name":"Bahnhof Mitte / Könneritzstraße"},{"station_id":"n283339711","station_name":"Bahnhof Mitte / Jahnstraße"},{"station_id":"junc:13.72039:51.05487","station_name":""},{"station_id":"n203804853","station_name":"Koreanischer Platz"},{"station_id":"n249430084","station_name":"Cottaer Straße"},{"station_id":"n311494780","station_name":"Wernerstraße"},{"station_id":"n203835221","station_name":"Löbtau, Tharandter Straße"},{"station_id":"n2092458040","station_name":"Bünaustraße"},{"station_id":"junc:13.69460:51.04315","station_name":""},{"station_id":"n2268676985","station_name":"Malterstraße"},{"station_id":"n2268694425","station_name":"Koblenzer Straße"},{"station_id":"n29999456","station_name":"Julius-Vahlteich-Straße"},{"station_id":"n1193863206","station_name":"Wölfnitz"}]}],"route_count":1,"route_refs":["6"],"route_colors":["#ffdd00"],"city":"Dresden","country":"Germany"},"geometry":{"type":"MultiLineString","coordinates":[[[13.82665765,51.01178485],[13.8240303,51.012757],[13.8241934,51.0133558],[13.8303126,51.01761515],[13.83355205,51.021670549999996],[13.83737175,51.02444]]]}},{"type":"Feature","properties":{"seg_id":"dresden-20","routes":[{"route_id":"rm5186067","route_name":"Tram 6","route_name_local":"Tram 6","route_name_en":null,"route_ref":"6","route_color":"#ffdd00","wikipedia":"de:Verkehrsverbund Oberelbe","osm_route_ids":[50962,2819864],"status":null,"order_suspect":0,"span_suspect":0,"stations":[{"station_id":"n1459672328","station_name":"S-Bahnhof Niedersedlitz"},{"station_id":"n2249171738","station_name":"Försterlingstraße"},{"station_id":"n2249279225","station_name":"Straße des 17. Juni"},{"station_id":"n2249290203","station_name":"Guerickestraße"},{"station_id":"n2247382715","station_name":"Berthold-Haupt-Straße"},{"station_id":"n3072066153","station_name":"Altleuben"},{"station_id":"junc:13.82403:51.01276","station_name":""},{"station_id":"n3070182363","station_name":"Friedhof Leuben"},{"station_id":"n3070182371","station_name":"Großglocknerstraße"},{"station_id":"n1152939329","station_name":"Laibacher Straße"},{"station_id":"n3070070350","station_name":"Leubener Straße"},{"station_id":"junc:13.83743:51.02503","station_name":""},{"station_id":"n3069863291","station_name":"Hermann-Seidel-Straße"},{"station_id":"n1535249155","station_name":"Alttolkewitz"},{"station_id":"n248219396","station_name":"Wasserwerk Tolkewitz"},{"station_id":"n3058661317","station_name":"Tolkewitz Schulcampus"},{"station_id":"n1152939366","station_name":"Johannisfriedhof"},{"station_id":"n2204145206","station_name":"Striesen, Ludwig-Hartmann-Straße"},{"station_id":"n2249378490","station_name":"Gustav-Freytag-Straße"},{"station_id":"n2249391575","station_name":"Heinrich-Schütz-Straße"},{"station_id":"n3123485859","station_name":"Jüngststraße"},{"station_id":"n3123615227","station_name":"Blasewitz, Schillerplatz"},{"station_id":"n3123619045","station_name":"Prellerstraße"},{"station_id":"n2249679758","station_name":"Lene-Glatzer-Straße"},{"station_id":"n2250469190","station_name":"Königsheimplatz"},{"station_id":"n2250518300","station_name":"Augsburger Straße (Universitätsklinikum)"},{"station_id":"junc:13.77815:51.05294","station_name":""},{"station_id":"n2251164068","station_name":"Blasewitzer Straße / Fetscherstraße"},{"station_id":"n2252393145","station_name":"Trinitatisplatz"},{"station_id":"n2252424368","station_name":"Permoserstraße"},{"station_id":"n198206259","station_name":"Sachsenallee"},{"station_id":"n247167120","station_name":"Rosa-Luxemburg-Platz"},{"station_id":"n3137622058","station_name":"Bautzner Straße / Rothenburger Straße"},{"station_id":"junc:13.75146:51.06301","station_name":""},{"station_id":"n1703242760","station_name":"Albertplatz (Erich-Kästner-Museum)"},{"station_id":"junc:13.74072:51.06480","station_name":""},{"station_id":"n598684803","station_name":"Bahnhof Neustadt"},{"station_id":"junc:13.74072:51.06480","station_name":""},{"station_id":"n30893823","station_name":"Antonstraße / Leipziger Straße"},{"station_id":"n30988946","station_name":"Kongresszentrum (Haus der Presse)"},{"station_id":"junc:13.72583:51.05685","station_name":""},{"station_id":"n1699677761","station_name":"Bahnhof Mitte / Könneritzstraße"},{"station_id":"n283339711","station_name":"Bahnhof Mitte / Jahnstraße"},{"station_id":"junc:13.72039:51.05487","station_name":""},{"station_id":"n203804853","station_name":"Koreanischer Platz"},{"station_id":"n249430084","station_name":"Cottaer Straße"},{"station_id":"n311494780","station_name":"Wernerstraße"},{"station_id":"n203835221","station_name":"Löbtau, Tharandter Straße"},{"station_id":"n2092458040","station_name":"Bünaustraße"},{"station_id":"junc:13.69460:51.04315","station_name":""},{"station_id":"n2268676985","station_name":"Malterstraße"},{"station_id":"n2268694425","station_name":"Koblenzer Straße"},{"station_id":"n29999456","station_name":"Julius-Vahlteich-Straße"},{"station_id":"n1193863206","station_name":"Wölfnitz"}]}],"route_count":1,"route_refs":["6"],"route_colors":["#ffdd00"],"city":"Dresden","country":"Germany"},"geometry":{"type":"MultiLineString","coordinates":[[[13.777325683333336,51.05263176666667],[13.769620974999999,51.05249395],[13.763592575,51.053138325],[13.7574163,51.05455585]]]}},{"type":"Feature","properties":{"seg_id":"dresden-21","routes":[{"route_id":"rm5186067","route_name":"Tram 6","route_name_local":"Tram 6","route_name_en":null,"route_ref":"6","route_color":"#ffdd00","wikipedia":"de:Verkehrsverbund Oberelbe","osm_route_ids":[50962,2819864],"status":null,"order_suspect":0,"span_suspect":0,"stations":[{"station_id":"n1459672328","station_name":"S-Bahnhof Niedersedlitz"},{"station_id":"n2249171738","station_name":"Försterlingstraße"},{"station_id":"n2249279225","station_name":"Straße des 17. Juni"},{"station_id":"n2249290203","station_name":"Guerickestraße"},{"station_id":"n2247382715","station_name":"Berthold-Haupt-Straße"},{"station_id":"n3072066153","station_name":"Altleuben"},{"station_id":"junc:13.82403:51.01276","station_name":""},{"station_id":"n3070182363","station_name":"Friedhof Leuben"},{"station_id":"n3070182371","station_name":"Großglocknerstraße"},{"station_id":"n1152939329","station_name":"Laibacher Straße"},{"station_id":"n3070070350","station_name":"Leubener Straße"},{"station_id":"junc:13.83743:51.02503","station_name":""},{"station_id":"n3069863291","station_name":"Hermann-Seidel-Straße"},{"station_id":"n1535249155","station_name":"Alttolkewitz"},{"station_id":"n248219396","station_name":"Wasserwerk Tolkewitz"},{"station_id":"n3058661317","station_name":"Tolkewitz Schulcampus"},{"station_id":"n1152939366","station_name":"Johannisfriedhof"},{"station_id":"n2204145206","station_name":"Striesen, Ludwig-Hartmann-Straße"},{"station_id":"n2249378490","station_name":"Gustav-Freytag-Straße"},{"station_id":"n2249391575","station_name":"Heinrich-Schütz-Straße"},{"station_id":"n3123485859","station_name":"Jüngststraße"},{"station_id":"n3123615227","station_name":"Blasewitz, Schillerplatz"},{"station_id":"n3123619045","station_name":"Prellerstraße"},{"station_id":"n2249679758","station_name":"Lene-Glatzer-Straße"},{"station_id":"n2250469190","station_name":"Königsheimplatz"},{"station_id":"n2250518300","station_name":"Augsburger Straße (Universitätsklinikum)"},{"station_id":"junc:13.77815:51.05294","station_name":""},{"station_id":"n2251164068","station_name":"Blasewitzer Straße / Fetscherstraße"},{"station_id":"n2252393145","station_name":"Trinitatisplatz"},{"station_id":"n2252424368","station_name":"Permoserstraße"},{"station_id":"n198206259","station_name":"Sachsenallee"},{"station_id":"n247167120","station_name":"Rosa-Luxemburg-Platz"},{"station_id":"n3137622058","station_name":"Bautzner Straße / Rothenburger Straße"},{"station_id":"junc:13.75146:51.06301","station_name":""},{"station_id":"n1703242760","station_name":"Albertplatz (Erich-Kästner-Museum)"},{"station_id":"junc:13.74072:51.06480","station_name":""},{"station_id":"n598684803","station_name":"Bahnhof Neustadt"},{"station_id":"junc:13.74072:51.06480","station_name":""},{"station_id":"n30893823","station_name":"Antonstraße / Leipziger Straße"},{"station_id":"n30988946","station_name":"Kongresszentrum (Haus der Presse)"},{"station_id":"junc:13.72583:51.05685","station_name":""},{"station_id":"n1699677761","station_name":"Bahnhof Mitte / Könneritzstraße"},{"station_id":"n283339711","station_name":"Bahnhof Mitte / Jahnstraße"},{"station_id":"junc:13.72039:51.05487","station_name":""},{"station_id":"n203804853","station_name":"Koreanischer Platz"},{"station_id":"n249430084","station_name":"Cottaer Straße"},{"station_id":"n311494780","station_name":"Wernerstraße"},{"station_id":"n203835221","station_name":"Löbtau, Tharandter Straße"},{"station_id":"n2092458040","station_name":"Bünaustraße"},{"station_id":"junc:13.69460:51.04315","station_name":""},{"station_id":"n2268676985","station_name":"Malterstraße"},{"station_id":"n2268694425","station_name":"Koblenzer Straße"},{"station_id":"n29999456","station_name":"Julius-Vahlteich-Straße"},{"station_id":"n1193863206","station_name":"Wölfnitz"}]}],"route_count":1,"route_refs":["6"],"route_colors":["#ffdd00"],"city":"Dresden","country":"Germany"},"geometry":{"type":"MultiLineString","coordinates":[[[13.7279291,51.0583925],[13.7258255,51.0568463],[13.72416955,51.0556095],[13.7227703,51.055527600000005]]]}},{"type":"Feature","properties":{"seg_id":"dresden-22","routes":[{"route_id":"rm5186067","route_name":"Tram 6","route_name_local":"Tram 6","route_name_en":null,"route_ref":"6","route_color":"#ffdd00","wikipedia":"de:Verkehrsverbund Oberelbe","osm_route_ids":[50962,2819864],"status":null,"order_suspect":0,"span_suspect":0,"stations":[{"station_id":"n1459672328","station_name":"S-Bahnhof Niedersedlitz"},{"station_id":"n2249171738","station_name":"Försterlingstraße"},{"station_id":"n2249279225","station_name":"Straße des 17. Juni"},{"station_id":"n2249290203","station_name":"Guerickestraße"},{"station_id":"n2247382715","station_name":"Berthold-Haupt-Straße"},{"station_id":"n3072066153","station_name":"Altleuben"},{"station_id":"junc:13.82403:51.01276","station_name":""},{"station_id":"n3070182363","station_name":"Friedhof Leuben"},{"station_id":"n3070182371","station_name":"Großglocknerstraße"},{"station_id":"n1152939329","station_name":"Laibacher Straße"},{"station_id":"n3070070350","station_name":"Leubener Straße"},{"station_id":"junc:13.83743:51.02503","station_name":""},{"station_id":"n3069863291","station_name":"Hermann-Seidel-Straße"},{"station_id":"n1535249155","station_name":"Alttolkewitz"},{"station_id":"n248219396","station_name":"Wasserwerk Tolkewitz"},{"station_id":"n3058661317","station_name":"Tolkewitz Schulcampus"},{"station_id":"n1152939366","station_name":"Johannisfriedhof"},{"station_id":"n2204145206","station_name":"Striesen, Ludwig-Hartmann-Straße"},{"station_id":"n2249378490","station_name":"Gustav-Freytag-Straße"},{"station_id":"n2249391575","station_name":"Heinrich-Schütz-Straße"},{"station_id":"n3123485859","station_name":"Jüngststraße"},{"station_id":"n3123615227","station_name":"Blasewitz, Schillerplatz"},{"station_id":"n3123619045","station_name":"Prellerstraße"},{"station_id":"n2249679758","station_name":"Lene-Glatzer-Straße"},{"station_id":"n2250469190","station_name":"Königsheimplatz"},{"station_id":"n2250518300","station_name":"Augsburger Straße (Universitätsklinikum)"},{"station_id":"junc:13.77815:51.05294","station_name":""},{"station_id":"n2251164068","station_name":"Blasewitzer Straße / Fetscherstraße"},{"station_id":"n2252393145","station_name":"Trinitatisplatz"},{"station_id":"n2252424368","station_name":"Permoserstraße"},{"station_id":"n198206259","station_name":"Sachsenallee"},{"station_id":"n247167120","station_name":"Rosa-Luxemburg-Platz"},{"station_id":"n3137622058","station_name":"Bautzner Straße / Rothenburger Straße"},{"station_id":"junc:13.75146:51.06301","station_name":""},{"station_id":"n1703242760","station_name":"Albertplatz (Erich-Kästner-Museum)"},{"station_id":"junc:13.74072:51.06480","station_name":""},{"station_id":"n598684803","station_name":"Bahnhof Neustadt"},{"station_id":"junc:13.74072:51.06480","station_name":""},{"station_id":"n30893823","station_name":"Antonstraße / Leipziger Straße"},{"station_id":"n30988946","station_name":"Kongresszentrum (Haus der Presse)"},{"station_id":"junc:13.72583:51.05685","station_name":""},{"station_id":"n1699677761","station_name":"Bahnhof Mitte / Könneritzstraße"},{"station_id":"n283339711","station_name":"Bahnhof Mitte / Jahnstraße"},{"station_id":"junc:13.72039:51.05487","station_name":""},{"station_id":"n203804853","station_name":"Koreanischer Platz"},{"station_id":"n249430084","station_name":"Cottaer Straße"},{"station_id":"n311494780","station_name":"Wernerstraße"},{"station_id":"n203835221","station_name":"Löbtau, Tharandter Straße"},{"station_id":"n2092458040","station_name":"Bünaustraße"},{"station_id":"junc:13.69460:51.04315","station_name":""},{"station_id":"n2268676985","station_name":"Malterstraße"},{"station_id":"n2268694425","station_name":"Koblenzer Straße"},{"station_id":"n29999456","station_name":"Julius-Vahlteich-Straße"},{"station_id":"n1193863206","station_name":"Wölfnitz"}]}],"route_count":1,"route_refs":["6"],"route_colors":["#ffdd00"],"city":"Dresden","country":"Germany"},"geometry":{"type":"MultiLineString","coordinates":[[[13.71330605,51.050489850000005],[13.707082875000001,51.045973775],[13.7031883,51.0437144]]]}},{"type":"Feature","properties":{"seg_id":"dresden-23","routes":[{"route_id":"rm5186067","route_name":"Tram 6","route_name_local":"Tram 6","route_name_en":null,"route_ref":"6","route_color":"#ffdd00","wikipedia":"de:Verkehrsverbund Oberelbe","osm_route_ids":[50962,2819864],"status":null,"order_suspect":0,"span_suspect":0,"stations":[{"station_id":"n1459672328","station_name":"S-Bahnhof Niedersedlitz"},{"station_id":"n2249171738","station_name":"Försterlingstraße"},{"station_id":"n2249279225","station_name":"Straße des 17. Juni"},{"station_id":"n2249290203","station_name":"Guerickestraße"},{"station_id":"n2247382715","station_name":"Berthold-Haupt-Straße"},{"station_id":"n3072066153","station_name":"Altleuben"},{"station_id":"junc:13.82403:51.01276","station_name":""},{"station_id":"n3070182363","station_name":"Friedhof Leuben"},{"station_id":"n3070182371","station_name":"Großglocknerstraße"},{"station_id":"n1152939329","station_name":"Laibacher Straße"},{"station_id":"n3070070350","station_name":"Leubener Straße"},{"station_id":"junc:13.83743:51.02503","station_name":""},{"station_id":"n3069863291","station_name":"Hermann-Seidel-Straße"},{"station_id":"n1535249155","station_name":"Alttolkewitz"},{"station_id":"n248219396","station_name":"Wasserwerk Tolkewitz"},{"station_id":"n3058661317","station_name":"Tolkewitz Schulcampus"},{"station_id":"n1152939366","station_name":"Johannisfriedhof"},{"station_id":"n2204145206","station_name":"Striesen, Ludwig-Hartmann-Straße"},{"station_id":"n2249378490","station_name":"Gustav-Freytag-Straße"},{"station_id":"n2249391575","station_name":"Heinrich-Schütz-Straße"},{"station_id":"n3123485859","station_name":"Jüngststraße"},{"station_id":"n3123615227","station_name":"Blasewitz, Schillerplatz"},{"station_id":"n3123619045","station_name":"Prellerstraße"},{"station_id":"n2249679758","station_name":"Lene-Glatzer-Straße"},{"station_id":"n2250469190","station_name":"Königsheimplatz"},{"station_id":"n2250518300","station_name":"Augsburger Straße (Universitätsklinikum)"},{"station_id":"junc:13.77815:51.05294","station_name":""},{"station_id":"n2251164068","station_name":"Blasewitzer Straße / Fetscherstraße"},{"station_id":"n2252393145","station_name":"Trinitatisplatz"},{"station_id":"n2252424368","station_name":"Permoserstraße"},{"station_id":"n198206259","station_name":"Sachsenallee"},{"station_id":"n247167120","station_name":"Rosa-Luxemburg-Platz"},{"station_id":"n3137622058","station_name":"Bautzner Straße / Rothenburger Straße"},{"station_id":"junc:13.75146:51.06301","station_name":""},{"station_id":"n1703242760","station_name":"Albertplatz (Erich-Kästner-Museum)"},{"station_id":"junc:13.74072:51.06480","station_name":""},{"station_id":"n598684803","station_name":"Bahnhof Neustadt"},{"station_id":"junc:13.74072:51.06480","station_name":""},{"station_id":"n30893823","station_name":"Antonstraße / Leipziger Straße"},{"station_id":"n30988946","station_name":"Kongresszentrum (Haus der Presse)"},{"station_id":"junc:13.72583:51.05685","station_name":""},{"station_id":"n1699677761","station_name":"Bahnhof Mitte / Könneritzstraße"},{"station_id":"n283339711","station_name":"Bahnhof Mitte / Jahnstraße"},{"station_id":"junc:13.72039:51.05487","station_name":""},{"station_id":"n203804853","station_name":"Koreanischer Platz"},{"station_id":"n249430084","station_name":"Cottaer Straße"},{"station_id":"n311494780","station_name":"Wernerstraße"},{"station_id":"n203835221","station_name":"Löbtau, Tharandter Straße"},{"station_id":"n2092458040","station_name":"Bünaustraße"},{"station_id":"junc:13.69460:51.04315","station_name":""},{"station_id":"n2268676985","station_name":"Malterstraße"},{"station_id":"n2268694425","station_name":"Koblenzer Straße"},{"station_id":"n29999456","station_name":"Julius-Vahlteich-Straße"},{"station_id":"n1193863206","station_name":"Wölfnitz"}]}],"route_count":1,"route_refs":["6"],"route_colors":["#ffdd00"],"city":"Dresden","country":"Germany"},"geometry":{"type":"MultiLineString","coordinates":[[[13.6799624,51.042952400000004],[13.682156299999999,51.043147274999995]]]}},{"type":"Feature","properties":{"seg_id":"dresden-24","routes":[{"route_id":"rm5186067","route_name":"Tram 6","route_name_local":"Tram 6","route_name_en":null,"route_ref":"6","route_color":"#ffdd00","wikipedia":"de:Verkehrsverbund Oberelbe","osm_route_ids":[50962,2819864],"status":null,"order_suspect":0,"span_suspect":0,"stations":[{"station_id":"n1459672328","station_name":"S-Bahnhof Niedersedlitz"},{"station_id":"n2249171738","station_name":"Försterlingstraße"},{"station_id":"n2249279225","station_name":"Straße des 17. Juni"},{"station_id":"n2249290203","station_name":"Guerickestraße"},{"station_id":"n2247382715","station_name":"Berthold-Haupt-Straße"},{"station_id":"n3072066153","station_name":"Altleuben"},{"station_id":"junc:13.82403:51.01276","station_name":""},{"station_id":"n3070182363","station_name":"Friedhof Leuben"},{"station_id":"n3070182371","station_name":"Großglocknerstraße"},{"station_id":"n1152939329","station_name":"Laibacher Straße"},{"station_id":"n3070070350","station_name":"Leubener Straße"},{"station_id":"junc:13.83743:51.02503","station_name":""},{"station_id":"n3069863291","station_name":"Hermann-Seidel-Straße"},{"station_id":"n1535249155","station_name":"Alttolkewitz"},{"station_id":"n248219396","station_name":"Wasserwerk Tolkewitz"},{"station_id":"n3058661317","station_name":"Tolkewitz Schulcampus"},{"station_id":"n1152939366","station_name":"Johannisfriedhof"},{"station_id":"n2204145206","station_name":"Striesen, Ludwig-Hartmann-Straße"},{"station_id":"n2249378490","station_name":"Gustav-Freytag-Straße"},{"station_id":"n2249391575","station_name":"Heinrich-Schütz-Straße"},{"station_id":"n3123485859","station_name":"Jüngststraße"},{"station_id":"n3123615227","station_name":"Blasewitz, Schillerplatz"},{"station_id":"n3123619045","station_name":"Prellerstraße"},{"station_id":"n2249679758","station_name":"Lene-Glatzer-Straße"},{"station_id":"n2250469190","station_name":"Königsheimplatz"},{"station_id":"n2250518300","station_name":"Augsburger Straße (Universitätsklinikum)"},{"station_id":"junc:13.77815:51.05294","station_name":""},{"station_id":"n2251164068","station_name":"Blasewitzer Straße / Fetscherstraße"},{"station_id":"n2252393145","station_name":"Trinitatisplatz"},{"station_id":"n2252424368","station_name":"Permoserstraße"},{"station_id":"n198206259","station_name":"Sachsenallee"},{"station_id":"n247167120","station_name":"Rosa-Luxemburg-Platz"},{"station_id":"n3137622058","station_name":"Bautzner Straße / Rothenburger Straße"},{"station_id":"junc:13.75146:51.06301","station_name":""},{"station_id":"n1703242760","station_name":"Albertplatz (Erich-Kästner-Museum)"},{"station_id":"junc:13.74072:51.06480","station_name":""},{"station_id":"n598684803","station_name":"Bahnhof Neustadt"},{"station_id":"junc:13.74072:51.06480","station_name":""},{"station_id":"n30893823","station_name":"Antonstraße / Leipziger Straße"},{"station_id":"n30988946","station_name":"Kongresszentrum (Haus der Presse)"},{"station_id":"junc:13.72583:51.05685","station_name":""},{"station_id":"n1699677761","station_name":"Bahnhof Mitte / Könneritzstraße"},{"station_id":"n283339711","station_name":"Bahnhof Mitte / Jahnstraße"},{"station_id":"junc:13.72039:51.05487","station_name":""},{"station_id":"n203804853","station_name":"Koreanischer Platz"},{"station_id":"n249430084","station_name":"Cottaer Straße"},{"station_id":"n311494780","station_name":"Wernerstraße"},{"station_id":"n203835221","station_name":"Löbtau, Tharandter Straße"},{"station_id":"n2092458040","station_name":"Bünaustraße"},{"station_id":"junc:13.69460:51.04315","station_name":""},{"station_id":"n2268676985","station_name":"Malterstraße"},{"station_id":"n2268694425","station_name":"Koblenzer Straße"},{"station_id":"n29999456","station_name":"Julius-Vahlteich-Straße"},{"station_id":"n1193863206","station_name":"Wölfnitz"}]},{"route_id":"rm5186008","route_name":"Tram 2","route_name_local":"Tram 2","route_name_en":null,"route_ref":"2","route_color":"#eb5b2d","wikipedia":"de:Verkehrsverbund Oberelbe","osm_route_ids":[1879856,1879857],"status":null,"order_suspect":0,"span_suspect":0,"stations":[{"station_id":"n1531265378","station_name":"Kleinzschachwitz, Freystraße"},{"station_id":"n2247431028","station_name":"Meußlitzer Straße"},{"station_id":"n2247397580","station_name":"Heckenweg"},{"station_id":"n2247382715","station_name":"Berthold-Haupt-Straße"},{"station_id":"n3072066153","station_name":"Altleuben"},{"station_id":"junc:13.82403:51.01276","station_name":""},{"station_id":"n1531265511","station_name":"Rottwerndorfer Straße"},{"station_id":"n1481074059","station_name":"Abzweig nach Reick"},{"station_id":"n1481074083","station_name":"Lassallestraße"},{"station_id":"n1481074101","station_name":"Prof.-Ricker-Straße"},{"station_id":"n1481074090","station_name":"Marienberger Straße"},{"station_id":"n1481074381","station_name":"Rennplatzstraße"},{"station_id":"n1481074380","station_name":"Rauensteinstraße"},{"station_id":"n1481074085","station_name":"Liebstädter Straße"},{"station_id":"n708446868","station_name":"Zwinglistraße"},{"station_id":"n1481074082","station_name":"Karcherallee"},{"station_id":"n1481074087","station_name":"Lipsiusstraße"},{"station_id":"n1481074067","station_name":"Comeniusplatz"},{"station_id":"n302411628","station_name":"Straßburger Platz (Gläserne Manufaktur)"},{"station_id":"n1481074070","station_name":"Deutsches Hygiene-Museum"},{"station_id":"junc:13.74664:51.04885","station_name":""},{"station_id":"n1531054674","station_name":"Pirnaischer Platz (Stadtmuseum)"},{"station_id":"n1481074063","station_name":"Altmarkt"},{"station_id":"n2102006632","station_name":"Postplatz"},{"station_id":"junc:13.72981:51.05083","station_name":""},{"station_id":"n1481074382","station_name":"Schweriner Straße (Hochschule für Musik)"},{"station_id":"n283339711","station_name":"Bahnhof Mitte / Jahnstraße"},{"station_id":"junc:13.72039:51.05487","station_name":""},{"station_id":"n203804853","station_name":"Koreanischer Platz"},{"station_id":"n249430084","station_name":"Cottaer Straße"},{"station_id":"n1531265525","station_name":"Semmelweisstraße"},{"station_id":"n3146709333","station_name":"Burgkstraße"},{"station_id":"n3146085852","station_name":"Pennricher Straße"},{"station_id":"n1531265296","station_name":"Chamissostraße"},{"station_id":"n1502155982","station_name":"Hebbelplatz"},{"station_id":"n1531265329","station_name":"Coventrystraße"},{"station_id":"n1531265333","station_name":"Dahlienweg"},{"station_id":"n197839497","station_name":"Amalie-Dietrich-Platz"},{"station_id":"n29999448","station_name":"Merianplatz"},{"station_id":"n126667149","station_name":"Kirschenstraße"},{"station_id":"n29999464","station_name":"Schlehenstraße"},{"station_id":"n249431104","station_name":"Gorbitz, Betriebshof"}]}],"route_count":2,"route_refs":["6","2"],"route_colors":["#ffdd00","#eb5b2d"],"city":"Dresden","country":"Germany"},"geometry":{"type":"MultiLineString","coordinates":[[[13.830766549999998,51.0097971],[13.82665765,51.01178485]]]}},{"type":"Feature","properties":{"seg_id":"dresden-25","routes":[{"route_id":"rm5186067","route_name":"Tram 6","route_name_local":"Tram 6","route_name_en":null,"route_ref":"6","route_color":"#ffdd00","wikipedia":"de:Verkehrsverbund Oberelbe","osm_route_ids":[50962,2819864],"status":null,"order_suspect":0,"span_suspect":0,"stations":[{"station_id":"n1459672328","station_name":"S-Bahnhof Niedersedlitz"},{"station_id":"n2249171738","station_name":"Försterlingstraße"},{"station_id":"n2249279225","station_name":"Straße des 17. Juni"},{"station_id":"n2249290203","station_name":"Guerickestraße"},{"station_id":"n2247382715","station_name":"Berthold-Haupt-Straße"},{"station_id":"n3072066153","station_name":"Altleuben"},{"station_id":"junc:13.82403:51.01276","station_name":""},{"station_id":"n3070182363","station_name":"Friedhof Leuben"},{"station_id":"n3070182371","station_name":"Großglocknerstraße"},{"station_id":"n1152939329","station_name":"Laibacher Straße"},{"station_id":"n3070070350","station_name":"Leubener Straße"},{"station_id":"junc:13.83743:51.02503","station_name":""},{"station_id":"n3069863291","station_name":"Hermann-Seidel-Straße"},{"station_id":"n1535249155","station_name":"Alttolkewitz"},{"station_id":"n248219396","station_name":"Wasserwerk Tolkewitz"},{"station_id":"n3058661317","station_name":"Tolkewitz Schulcampus"},{"station_id":"n1152939366","station_name":"Johannisfriedhof"},{"station_id":"n2204145206","station_name":"Striesen, Ludwig-Hartmann-Straße"},{"station_id":"n2249378490","station_name":"Gustav-Freytag-Straße"},{"station_id":"n2249391575","station_name":"Heinrich-Schütz-Straße"},{"station_id":"n3123485859","station_name":"Jüngststraße"},{"station_id":"n3123615227","station_name":"Blasewitz, Schillerplatz"},{"station_id":"n3123619045","station_name":"Prellerstraße"},{"station_id":"n2249679758","station_name":"Lene-Glatzer-Straße"},{"station_id":"n2250469190","station_name":"Königsheimplatz"},{"station_id":"n2250518300","station_name":"Augsburger Straße (Universitätsklinikum)"},{"station_id":"junc:13.77815:51.05294","station_name":""},{"station_id":"n2251164068","station_name":"Blasewitzer Straße / Fetscherstraße"},{"station_id":"n2252393145","station_name":"Trinitatisplatz"},{"station_id":"n2252424368","station_name":"Permoserstraße"},{"station_id":"n198206259","station_name":"Sachsenallee"},{"station_id":"n247167120","station_name":"Rosa-Luxemburg-Platz"},{"station_id":"n3137622058","station_name":"Bautzner Straße / Rothenburger Straße"},{"station_id":"junc:13.75146:51.06301","station_name":""},{"station_id":"n1703242760","station_name":"Albertplatz (Erich-Kästner-Museum)"},{"station_id":"junc:13.74072:51.06480","station_name":""},{"station_id":"n598684803","station_name":"Bahnhof Neustadt"},{"station_id":"junc:13.74072:51.06480","station_name":""},{"station_id":"n30893823","station_name":"Antonstraße / Leipziger Straße"},{"station_id":"n30988946","station_name":"Kongresszentrum (Haus der Presse)"},{"station_id":"junc:13.72583:51.05685","station_name":""},{"station_id":"n1699677761","station_name":"Bahnhof Mitte / Könneritzstraße"},{"station_id":"n283339711","station_name":"Bahnhof Mitte / Jahnstraße"},{"station_id":"junc:13.72039:51.05487","station_name":""},{"station_id":"n203804853","station_name":"Koreanischer Platz"},{"station_id":"n249430084","station_name":"Cottaer Straße"},{"station_id":"n311494780","station_name":"Wernerstraße"},{"station_id":"n203835221","station_name":"Löbtau, Tharandter Straße"},{"station_id":"n2092458040","station_name":"Bünaustraße"},{"station_id":"junc:13.69460:51.04315","station_name":""},{"station_id":"n2268676985","station_name":"Malterstraße"},{"station_id":"n2268694425","station_name":"Koblenzer Straße"},{"station_id":"n29999456","station_name":"Julius-Vahlteich-Straße"},{"station_id":"n1193863206","station_name":"Wölfnitz"}]},{"route_id":"rm5186008","route_name":"Tram 2","route_name_local":"Tram 2","route_name_en":null,"route_ref":"2","route_color":"#eb5b2d","wikipedia":"de:Verkehrsverbund Oberelbe","osm_route_ids":[1879856,1879857],"status":null,"order_suspect":0,"span_suspect":0,"stations":[{"station_id":"n1531265378","station_name":"Kleinzschachwitz, Freystraße"},{"station_id":"n2247431028","station_name":"Meußlitzer Straße"},{"station_id":"n2247397580","station_name":"Heckenweg"},{"station_id":"n2247382715","station_name":"Berthold-Haupt-Straße"},{"station_id":"n3072066153","station_name":"Altleuben"},{"station_id":"junc:13.82403:51.01276","station_name":""},{"station_id":"n1531265511","station_name":"Rottwerndorfer Straße"},{"station_id":"n1481074059","station_name":"Abzweig nach Reick"},{"station_id":"n1481074083","station_name":"Lassallestraße"},{"station_id":"n1481074101","station_name":"Prof.-Ricker-Straße"},{"station_id":"n1481074090","station_name":"Marienberger Straße"},{"station_id":"n1481074381","station_name":"Rennplatzstraße"},{"station_id":"n1481074380","station_name":"Rauensteinstraße"},{"station_id":"n1481074085","station_name":"Liebstädter Straße"},{"station_id":"n708446868","station_name":"Zwinglistraße"},{"station_id":"n1481074082","station_name":"Karcherallee"},{"station_id":"n1481074087","station_name":"Lipsiusstraße"},{"station_id":"n1481074067","station_name":"Comeniusplatz"},{"station_id":"n302411628","station_name":"Straßburger Platz (Gläserne Manufaktur)"},{"station_id":"n1481074070","station_name":"Deutsches Hygiene-Museum"},{"station_id":"junc:13.74664:51.04885","station_name":""},{"station_id":"n1531054674","station_name":"Pirnaischer Platz (Stadtmuseum)"},{"station_id":"n1481074063","station_name":"Altmarkt"},{"station_id":"n2102006632","station_name":"Postplatz"},{"station_id":"junc:13.72981:51.05083","station_name":""},{"station_id":"n1481074382","station_name":"Schweriner Straße (Hochschule für Musik)"},{"station_id":"n283339711","station_name":"Bahnhof Mitte / Jahnstraße"},{"station_id":"junc:13.72039:51.05487","station_name":""},{"station_id":"n203804853","station_name":"Koreanischer Platz"},{"station_id":"n249430084","station_name":"Cottaer Straße"},{"station_id":"n1531265525","station_name":"Semmelweisstraße"},{"station_id":"n3146709333","station_name":"Burgkstraße"},{"station_id":"n3146085852","station_name":"Pennricher Straße"},{"station_id":"n1531265296","station_name":"Chamissostraße"},{"station_id":"n1502155982","station_name":"Hebbelplatz"},{"station_id":"n1531265329","station_name":"Coventrystraße"},{"station_id":"n1531265333","station_name":"Dahlienweg"},{"station_id":"n197839497","station_name":"Amalie-Dietrich-Platz"},{"station_id":"n29999448","station_name":"Merianplatz"},{"station_id":"n126667149","station_name":"Kirschenstraße"},{"station_id":"n29999464","station_name":"Schlehenstraße"},{"station_id":"n249431104","station_name":"Gorbitz, Betriebshof"}]}],"route_count":2,"route_refs":["6","2"],"route_colors":["#ffdd00","#eb5b2d"],"city":"Dresden","country":"Germany"},"geometry":{"type":"MultiLineString","coordinates":[[[13.719566359999998,51.05469536],[13.71330605,51.050489850000005]]]}},{"type":"Feature","properties":{"seg_id":"dresden-26","routes":[{"route_id":"rm5186067","route_name":"Tram 6","route_name_local":"Tram 6","route_name_en":null,"route_ref":"6","route_color":"#ffdd00","wikipedia":"de:Verkehrsverbund Oberelbe","osm_route_ids":[50962,2819864],"status":null,"order_suspect":0,"span_suspect":0,"stations":[{"station_id":"n1459672328","station_name":"S-Bahnhof Niedersedlitz"},{"station_id":"n2249171738","station_name":"Försterlingstraße"},{"station_id":"n2249279225","station_name":"Straße des 17. Juni"},{"station_id":"n2249290203","station_name":"Guerickestraße"},{"station_id":"n2247382715","station_name":"Berthold-Haupt-Straße"},{"station_id":"n3072066153","station_name":"Altleuben"},{"station_id":"junc:13.82403:51.01276","station_name":""},{"station_id":"n3070182363","station_name":"Friedhof Leuben"},{"station_id":"n3070182371","station_name":"Großglocknerstraße"},{"station_id":"n1152939329","station_name":"Laibacher Straße"},{"station_id":"n3070070350","station_name":"Leubener Straße"},{"station_id":"junc:13.83743:51.02503","station_name":""},{"station_id":"n3069863291","station_name":"Hermann-Seidel-Straße"},{"station_id":"n1535249155","station_name":"Alttolkewitz"},{"station_id":"n248219396","station_name":"Wasserwerk Tolkewitz"},{"station_id":"n3058661317","station_name":"Tolkewitz Schulcampus"},{"station_id":"n1152939366","station_name":"Johannisfriedhof"},{"station_id":"n2204145206","station_name":"Striesen, Ludwig-Hartmann-Straße"},{"station_id":"n2249378490","station_name":"Gustav-Freytag-Straße"},{"station_id":"n2249391575","station_name":"Heinrich-Schütz-Straße"},{"station_id":"n3123485859","station_name":"Jüngststraße"},{"station_id":"n3123615227","station_name":"Blasewitz, Schillerplatz"},{"station_id":"n3123619045","station_name":"Prellerstraße"},{"station_id":"n2249679758","station_name":"Lene-Glatzer-Straße"},{"station_id":"n2250469190","station_name":"Königsheimplatz"},{"station_id":"n2250518300","station_name":"Augsburger Straße (Universitätsklinikum)"},{"station_id":"junc:13.77815:51.05294","station_name":""},{"station_id":"n2251164068","station_name":"Blasewitzer Straße / Fetscherstraße"},{"station_id":"n2252393145","station_name":"Trinitatisplatz"},{"station_id":"n2252424368","station_name":"Permoserstraße"},{"station_id":"n198206259","station_name":"Sachsenallee"},{"station_id":"n247167120","station_name":"Rosa-Luxemburg-Platz"},{"station_id":"n3137622058","station_name":"Bautzner Straße / Rothenburger Straße"},{"station_id":"junc:13.75146:51.06301","station_name":""},{"station_id":"n1703242760","station_name":"Albertplatz (Erich-Kästner-Museum)"},{"station_id":"junc:13.74072:51.06480","station_name":""},{"station_id":"n598684803","station_name":"Bahnhof Neustadt"},{"station_id":"junc:13.74072:51.06480","station_name":""},{"station_id":"n30893823","station_name":"Antonstraße / Leipziger Straße"},{"station_id":"n30988946","station_name":"Kongresszentrum (Haus der Presse)"},{"station_id":"junc:13.72583:51.05685","station_name":""},{"station_id":"n1699677761","station_name":"Bahnhof Mitte / Könneritzstraße"},{"station_id":"n283339711","station_name":"Bahnhof Mitte / Jahnstraße"},{"station_id":"junc:13.72039:51.05487","station_name":""},{"station_id":"n203804853","station_name":"Koreanischer Platz"},{"station_id":"n249430084","station_name":"Cottaer Straße"},{"station_id":"n311494780","station_name":"Wernerstraße"},{"station_id":"n203835221","station_name":"Löbtau, Tharandter Straße"},{"station_id":"n2092458040","station_name":"Bünaustraße"},{"station_id":"junc:13.69460:51.04315","station_name":""},{"station_id":"n2268676985","station_name":"Malterstraße"},{"station_id":"n2268694425","station_name":"Koblenzer Straße"},{"station_id":"n29999456","station_name":"Julius-Vahlteich-Straße"},{"station_id":"n1193863206","station_name":"Wölfnitz"}]},{"route_id":"rm5186435","route_name":"Tram 9","route_name_local":"Tram 9","route_name_en":null,"route_ref":"9","route_color":"#c9061a","wikipedia":"de:Verkehrsverbund Oberelbe","osm_route_ids":[1812888,1812889],"status":null,"order_suspect":0,"span_suspect":0,"stations":[{"station_id":"n198170827","station_name":"Kaditz, Riegelplatz"},{"station_id":"n198170269","station_name":"Washingtonstraße"},{"station_id":"n248643753","station_name":"Elbepark"},{"station_id":"n248643752","station_name":"Sörnewitzer Straße"},{"station_id":"n151013122","station_name":"An der Flutrinne"},{"station_id":"n9493141425","station_name":"Brockwitzer Straße"},{"station_id":"n199462776","station_name":"Trachauer Straße"},{"station_id":"n164388310","station_name":"Mickten"},{"station_id":"junc:13.71460:51.07950","station_name":""},{"station_id":"n1535249151","station_name":"Altpieschen"},{"station_id":"n2197973362","station_name":"Oschatzer Straße"},{"station_id":"n2198004340","station_name":"Alexander-Puschkin-Platz"},{"station_id":"n26423972","station_name":"Alter Schlachthof"},{"station_id":"n30893823","station_name":"Antonstraße / Leipziger Straße"},{"station_id":"n1535249290","station_name":"Palaisplatz (Japanisches Palais)"},{"station_id":"n3607726821","station_name":"Neustädter Markt"},{"station_id":"n2030526228","station_name":"Theaterplatz"},{"station_id":"junc:13.73325:51.05123","station_name":""},{"station_id":"n2102006632","station_name":"Postplatz"},{"station_id":"n1481074063","station_name":"Altmarkt"},{"station_id":"n1531054674","station_name":"Pirnaischer Platz (Stadtmuseum)"},{"station_id":"junc:13.74664:51.04885","station_name":""},{"station_id":"n1481074070","station_name":"Deutsches Hygiene-Museum"},{"station_id":"n302411628","station_name":"Straßburger Platz (Gläserne Manufaktur)"},{"station_id":"n247164846","station_name":"Krankenhaus St. Joseph-Stift"},{"station_id":"n247167118","station_name":"Fetscherplatz"},{"station_id":"n3057031845","station_name":"Mosenstraße"},{"station_id":"n3057141424","station_name":"Spenerstraße"},{"station_id":"n3057141419","station_name":"Bergmannstraße"},{"station_id":"n1535249293","station_name":"Pohlandplatz (Technische Sammlungen)"},{"station_id":"n3057282587","station_name":"Gottleubaer Straße"},{"station_id":"n1299402673","station_name":"Striesen, Emanuel-Goldberg-Platz"},{"station_id":"n2204145206","station_name":"Striesen, Ludwig-Hartmann-Straße"},{"station_id":"n1152939366","station_name":"Johannisfriedhof"},{"station_id":"n3058661317","station_name":"Tolkewitz Schulcampus"},{"station_id":"n248219396","station_name":"Wasserwerk Tolkewitz"},{"station_id":"n1535249155","station_name":"Alttolkewitz"},{"station_id":"n3069863291","station_name":"Hermann-Seidel-Straße"},{"station_id":"junc:13.83743:51.02503","station_name":""},{"station_id":"n3070070350","station_name":"Leubener Straße"},{"station_id":"n1535249304","station_name":"Laubegast, Kronstädter Platz"}]}],"route_count":2,"route_refs":["6","9"],"route_colors":["#ffdd00","#c9061a"],"city":"Dresden","country":"Germany"},"geometry":{"type":"MultiLineString","coordinates":[[[13.83737175,51.02444],[13.8374264,51.0250265],[13.835466,51.027136049999996],[13.832057549999998,51.029975449999995],[13.822777875,51.034085649999994],[13.81659855,51.035701200000005],[13.8126152,51.036810625],[13.808762866666667,51.03821678333333]]]}},{"type":"Feature","properties":{"seg_id":"dresden-27","routes":[{"route_id":"rm5186067","route_name":"Tram 6","route_name_local":"Tram 6","route_name_en":null,"route_ref":"6","route_color":"#ffdd00","wikipedia":"de:Verkehrsverbund Oberelbe","osm_route_ids":[50962,2819864],"status":null,"order_suspect":0,"span_suspect":0,"stations":[{"station_id":"n1459672328","station_name":"S-Bahnhof Niedersedlitz"},{"station_id":"n2249171738","station_name":"Försterlingstraße"},{"station_id":"n2249279225","station_name":"Straße des 17. Juni"},{"station_id":"n2249290203","station_name":"Guerickestraße"},{"station_id":"n2247382715","station_name":"Berthold-Haupt-Straße"},{"station_id":"n3072066153","station_name":"Altleuben"},{"station_id":"junc:13.82403:51.01276","station_name":""},{"station_id":"n3070182363","station_name":"Friedhof Leuben"},{"station_id":"n3070182371","station_name":"Großglocknerstraße"},{"station_id":"n1152939329","station_name":"Laibacher Straße"},{"station_id":"n3070070350","station_name":"Leubener Straße"},{"station_id":"junc:13.83743:51.02503","station_name":""},{"station_id":"n3069863291","station_name":"Hermann-Seidel-Straße"},{"station_id":"n1535249155","station_name":"Alttolkewitz"},{"station_id":"n248219396","station_name":"Wasserwerk Tolkewitz"},{"station_id":"n3058661317","station_name":"Tolkewitz Schulcampus"},{"station_id":"n1152939366","station_name":"Johannisfriedhof"},{"station_id":"n2204145206","station_name":"Striesen, Ludwig-Hartmann-Straße"},{"station_id":"n2249378490","station_name":"Gustav-Freytag-Straße"},{"station_id":"n2249391575","station_name":"Heinrich-Schütz-Straße"},{"station_id":"n3123485859","station_name":"Jüngststraße"},{"station_id":"n3123615227","station_name":"Blasewitz, Schillerplatz"},{"station_id":"n3123619045","station_name":"Prellerstraße"},{"station_id":"n2249679758","station_name":"Lene-Glatzer-Straße"},{"station_id":"n2250469190","station_name":"Königsheimplatz"},{"station_id":"n2250518300","station_name":"Augsburger Straße (Universitätsklinikum)"},{"station_id":"junc:13.77815:51.05294","station_name":""},{"station_id":"n2251164068","station_name":"Blasewitzer Straße / Fetscherstraße"},{"station_id":"n2252393145","station_name":"Trinitatisplatz"},{"station_id":"n2252424368","station_name":"Permoserstraße"},{"station_id":"n198206259","station_name":"Sachsenallee"},{"station_id":"n247167120","station_name":"Rosa-Luxemburg-Platz"},{"station_id":"n3137622058","station_name":"Bautzner Straße / Rothenburger Straße"},{"station_id":"junc:13.75146:51.06301","station_name":""},{"station_id":"n1703242760","station_name":"Albertplatz (Erich-Kästner-Museum)"},{"station_id":"junc:13.74072:51.06480","station_name":""},{"station_id":"n598684803","station_name":"Bahnhof Neustadt"},{"station_id":"junc:13.74072:51.06480","station_name":""},{"station_id":"n30893823","station_name":"Antonstraße / Leipziger Straße"},{"station_id":"n30988946","station_name":"Kongresszentrum (Haus der Presse)"},{"station_id":"junc:13.72583:51.05685","station_name":""},{"station_id":"n1699677761","station_name":"Bahnhof Mitte / Könneritzstraße"},{"station_id":"n283339711","station_name":"Bahnhof Mitte / Jahnstraße"},{"station_id":"junc:13.72039:51.05487","station_name":""},{"station_id":"n203804853","station_name":"Koreanischer Platz"},{"station_id":"n249430084","station_name":"Cottaer Straße"},{"station_id":"n311494780","station_name":"Wernerstraße"},{"station_id":"n203835221","station_name":"Löbtau, Tharandter Straße"},{"station_id":"n2092458040","station_name":"Bünaustraße"},{"station_id":"junc:13.69460:51.04315","station_name":""},{"station_id":"n2268676985","station_name":"Malterstraße"},{"station_id":"n2268694425","station_name":"Koblenzer Straße"},{"station_id":"n29999456","station_name":"Julius-Vahlteich-Straße"},{"station_id":"n1193863206","station_name":"Wölfnitz"}]},{"route_id":"rm2690192","route_name":"Tram 12","route_name_local":"Tram 12","route_name_en":null,"route_ref":"12","route_color":"#006b42","wikipedia":"de:Verkehrsverbund Oberelbe","osm_route_ids":[1913600,1913601],"status":null,"order_suspect":0,"span_suspect":0,"stations":[{"station_id":"n2204145206","station_name":"Striesen, Ludwig-Hartmann-Straße"},{"station_id":"n2249378490","station_name":"Gustav-Freytag-Straße"},{"station_id":"n2249391575","station_name":"Heinrich-Schütz-Straße"},{"station_id":"n3123485859","station_name":"Jüngststraße"},{"station_id":"n3123615227","station_name":"Blasewitz, Schillerplatz"},{"station_id":"n3123619045","station_name":"Prellerstraße"},{"station_id":"n2249679758","station_name":"Lene-Glatzer-Straße"},{"station_id":"n2250469190","station_name":"Königsheimplatz"},{"station_id":"n2250518300","station_name":"Augsburger Straße (Universitätsklinikum)"},{"station_id":"junc:13.77815:51.05294","station_name":""},{"station_id":"n2251164068","station_name":"Blasewitzer Straße / Fetscherstraße"},{"station_id":"n2251193229","station_name":"Gabelsbergerstraße"},{"station_id":"n247167118","station_name":"Fetscherplatz"},{"station_id":"n247164846","station_name":"Krankenhaus St. Joseph-Stift"},{"station_id":"n302411628","station_name":"Straßburger Platz (Gläserne Manufaktur)"},{"station_id":"n1481074070","station_name":"Deutsches Hygiene-Museum"},{"station_id":"junc:13.74664:51.04885","station_name":""},{"station_id":"n1531054674","station_name":"Pirnaischer Platz (Stadtmuseum)"},{"station_id":"junc:13.74036:51.04709","station_name":""},{"station_id":"n712415502","station_name":"Prager Straße"},{"station_id":"n2102006632","station_name":"Postplatz"},{"station_id":"junc:13.72981:51.05083","station_name":""},{"station_id":"n1547113330","station_name":"Schwimmhalle Freiberger Platz"},{"station_id":"n94174019","station_name":"S-Bahnhof Freiberger Straße"},{"station_id":"n2270172153","station_name":"Florastraße"},{"station_id":"n2270171064","station_name":"Oederaner Straße"},{"station_id":"n203835221","station_name":"Löbtau, Tharandter Straße"},{"station_id":"n2092458040","station_name":"Bünaustraße"},{"station_id":"n3146085861","station_name":"Conertplatz"},{"station_id":"n3146085852","station_name":"Pennricher Straße"},{"station_id":"n3146023349","station_name":"Birkenhainer Straße"},{"station_id":"n3146023350","station_name":"Altcotta"},{"station_id":"n1547113385","station_name":"Ockerwitzer Straße"},{"station_id":"n2278271794","station_name":"Cossebauder Straße"},{"station_id":"n2278287739","station_name":"Cotta, Gottfried-Keller-Straße"},{"station_id":"n3528256098","station_name":"Leutewitz"}]}],"route_count":2,"route_refs":["6","12"],"route_colors":["#ffdd00","#006b42"],"city":"Dresden","country":"Germany"},"geometry":{"type":"MultiLineString","coordinates":[[[13.808762866666667,51.03821678333333],[13.81300285,51.0418499],[13.812930725,51.045954725],[13.8097714,51.04923300000001],[13.80479875,51.05217925],[13.7988216,51.052967499999994],[13.792679099999999,51.0537183],[13.786338099999998,51.05376402500001],[13.782018349999998,51.053323125],[13.7781503,51.0529364],[13.777325683333336,51.05263176666667]]]}},{"type":"Feature","properties":{"seg_id":"dresden-28","routes":[{"route_id":"rm5186067","route_name":"Tram 6","route_name_local":"Tram 6","route_name_en":null,"route_ref":"6","route_color":"#ffdd00","wikipedia":"de:Verkehrsverbund Oberelbe","osm_route_ids":[50962,2819864],"status":null,"order_suspect":0,"span_suspect":0,"stations":[{"station_id":"n1459672328","station_name":"S-Bahnhof Niedersedlitz"},{"station_id":"n2249171738","station_name":"Försterlingstraße"},{"station_id":"n2249279225","station_name":"Straße des 17. Juni"},{"station_id":"n2249290203","station_name":"Guerickestraße"},{"station_id":"n2247382715","station_name":"Berthold-Haupt-Straße"},{"station_id":"n3072066153","station_name":"Altleuben"},{"station_id":"junc:13.82403:51.01276","station_name":""},{"station_id":"n3070182363","station_name":"Friedhof Leuben"},{"station_id":"n3070182371","station_name":"Großglocknerstraße"},{"station_id":"n1152939329","station_name":"Laibacher Straße"},{"station_id":"n3070070350","station_name":"Leubener Straße"},{"station_id":"junc:13.83743:51.02503","station_name":""},{"station_id":"n3069863291","station_name":"Hermann-Seidel-Straße"},{"station_id":"n1535249155","station_name":"Alttolkewitz"},{"station_id":"n248219396","station_name":"Wasserwerk Tolkewitz"},{"station_id":"n3058661317","station_name":"Tolkewitz Schulcampus"},{"station_id":"n1152939366","station_name":"Johannisfriedhof"},{"station_id":"n2204145206","station_name":"Striesen, Ludwig-Hartmann-Straße"},{"station_id":"n2249378490","station_name":"Gustav-Freytag-Straße"},{"station_id":"n2249391575","station_name":"Heinrich-Schütz-Straße"},{"station_id":"n3123485859","station_name":"Jüngststraße"},{"station_id":"n3123615227","station_name":"Blasewitz, Schillerplatz"},{"station_id":"n3123619045","station_name":"Prellerstraße"},{"station_id":"n2249679758","station_name":"Lene-Glatzer-Straße"},{"station_id":"n2250469190","station_name":"Königsheimplatz"},{"station_id":"n2250518300","station_name":"Augsburger Straße (Universitätsklinikum)"},{"station_id":"junc:13.77815:51.05294","station_name":""},{"station_id":"n2251164068","station_name":"Blasewitzer Straße / Fetscherstraße"},{"station_id":"n2252393145","station_name":"Trinitatisplatz"},{"station_id":"n2252424368","station_name":"Permoserstraße"},{"station_id":"n198206259","station_name":"Sachsenallee"},{"station_id":"n247167120","station_name":"Rosa-Luxemburg-Platz"},{"station_id":"n3137622058","station_name":"Bautzner Straße / Rothenburger Straße"},{"station_id":"junc:13.75146:51.06301","station_name":""},{"station_id":"n1703242760","station_name":"Albertplatz (Erich-Kästner-Museum)"},{"station_id":"junc:13.74072:51.06480","station_name":""},{"station_id":"n598684803","station_name":"Bahnhof Neustadt"},{"station_id":"junc:13.74072:51.06480","station_name":""},{"station_id":"n30893823","station_name":"Antonstraße / Leipziger Straße"},{"station_id":"n30988946","station_name":"Kongresszentrum (Haus der Presse)"},{"station_id":"junc:13.72583:51.05685","station_name":""},{"station_id":"n1699677761","station_name":"Bahnhof Mitte / Könneritzstraße"},{"station_id":"n283339711","station_name":"Bahnhof Mitte / Jahnstraße"},{"station_id":"junc:13.72039:51.05487","station_name":""},{"station_id":"n203804853","station_name":"Koreanischer Platz"},{"station_id":"n249430084","station_name":"Cottaer Straße"},{"station_id":"n311494780","station_name":"Wernerstraße"},{"station_id":"n203835221","station_name":"Löbtau, Tharandter Straße"},{"station_id":"n2092458040","station_name":"Bünaustraße"},{"station_id":"junc:13.69460:51.04315","station_name":""},{"station_id":"n2268676985","station_name":"Malterstraße"},{"station_id":"n2268694425","station_name":"Koblenzer Straße"},{"station_id":"n29999456","station_name":"Julius-Vahlteich-Straße"},{"station_id":"n1193863206","station_name":"Wölfnitz"}]},{"route_id":"rm5186681","route_name":"Tram 11","route_name_local":"Tram 11","route_name_en":null,"route_ref":"11","route_color":"#c2ddaf","wikipedia":"de:Verkehrsverbund Oberelbe","osm_route_ids":[51809,2817120],"status":null,"order_suspect":0,"span_suspect":0,"stations":[{"station_id":"n308149044","station_name":"Zschertnitz, Münzmeisterstraße"},{"station_id":"n3160400393","station_name":"Räcknitzhöhe"},{"station_id":"n98010200","station_name":"Zellescher Weg"},{"station_id":"n2293414413","station_name":"Strehlener Platz"},{"station_id":"n103928327","station_name":"Lennéplatz"},{"station_id":"n197551704","station_name":"Gret-Palucca-Straße"},{"station_id":"junc:13.73488:51.04037","station_name":""},{"station_id":"n988900797","station_name":"Hauptbahnhof Nord"},{"station_id":"n997588698","station_name":"Walpurgisstraße"},{"station_id":"n712415502","station_name":"Prager Straße"},{"station_id":"n2102006632","station_name":"Postplatz"},{"station_id":"n316713924","station_name":"Am Zwingerteich"},{"station_id":"junc:13.72849:51.05654","station_name":""},{"station_id":"n30988946","station_name":"Kongresszentrum (Haus der Presse)"},{"station_id":"n30893823","station_name":"Antonstraße / Leipziger Straße"},{"station_id":"junc:13.74072:51.06480","station_name":""},{"station_id":"n598684803","station_name":"Bahnhof Neustadt"},{"station_id":"junc:13.74072:51.06480","station_name":""},{"station_id":"n1703242760","station_name":"Albertplatz (Erich-Kästner-Museum)"},{"station_id":"junc:13.75146:51.06301","station_name":""},{"station_id":"n3137622058","station_name":"Bautzner Straße / Rothenburger Straße"},{"station_id":"n2293552788","station_name":"Pulsnitzer Straße"},{"station_id":"n2293558135","station_name":"Diakonissenkrankenhaus"},{"station_id":"n2293585817","station_name":"Nordstraße"},{"station_id":"n201542949","station_name":"Waldschlößchen"},{"station_id":"n433059672","station_name":"Angelikastraße (Gedenkstätte Bautzner Straße)"},{"station_id":"n3160522703","station_name":"Wilhelminenstraße"},{"station_id":"n1152939368","station_name":"Elbschlösser"},{"station_id":"n2294679702","station_name":"Mordgrundbrücke"},{"station_id":"n2294780469","station_name":"Plattleite"},{"station_id":"n2294789016","station_name":"Am Weißen Adler"},{"station_id":"n2295410611","station_name":"Schwimmhalle Bühlau"},{"station_id":"n3161748250","station_name":"Hegereiterstraße"},{"station_id":"n2295422472","station_name":"Grundstraße"},{"station_id":"n201546998","station_name":"Bühlau, Ullersdorfer Platz"},{"station_id":"n2295466881","station_name":"Ullersdorfer Platz"},{"station_id":"n201546998","station_name":"Bühlau, Ullersdorfer Platz"}]}],"route_count":2,"route_refs":["6","11"],"route_colors":["#ffdd00","#c2ddaf"],"city":"Dresden","country":"Germany"},"geometry":{"type":"MultiLineString","coordinates":[[[13.740278374999999,51.0655725],[13.7407248,51.0648002],[13.736765966666667,51.06292006666667],[13.7279291,51.0583925]]]}},{"type":"Feature","properties":{"seg_id":"dresden-29","routes":[{"route_id":"rm5186067","route_name":"Tram 6","route_name_local":"Tram 6","route_name_en":null,"route_ref":"6","route_color":"#ffdd00","wikipedia":"de:Verkehrsverbund Oberelbe","osm_route_ids":[50962,2819864],"status":null,"order_suspect":0,"span_suspect":0,"stations":[{"station_id":"n1459672328","station_name":"S-Bahnhof Niedersedlitz"},{"station_id":"n2249171738","station_name":"Försterlingstraße"},{"station_id":"n2249279225","station_name":"Straße des 17. Juni"},{"station_id":"n2249290203","station_name":"Guerickestraße"},{"station_id":"n2247382715","station_name":"Berthold-Haupt-Straße"},{"station_id":"n3072066153","station_name":"Altleuben"},{"station_id":"junc:13.82403:51.01276","station_name":""},{"station_id":"n3070182363","station_name":"Friedhof Leuben"},{"station_id":"n3070182371","station_name":"Großglocknerstraße"},{"station_id":"n1152939329","station_name":"Laibacher Straße"},{"station_id":"n3070070350","station_name":"Leubener Straße"},{"station_id":"junc:13.83743:51.02503","station_name":""},{"station_id":"n3069863291","station_name":"Hermann-Seidel-Straße"},{"station_id":"n1535249155","station_name":"Alttolkewitz"},{"station_id":"n248219396","station_name":"Wasserwerk Tolkewitz"},{"station_id":"n3058661317","station_name":"Tolkewitz Schulcampus"},{"station_id":"n1152939366","station_name":"Johannisfriedhof"},{"station_id":"n2204145206","station_name":"Striesen, Ludwig-Hartmann-Straße"},{"station_id":"n2249378490","station_name":"Gustav-Freytag-Straße"},{"station_id":"n2249391575","station_name":"Heinrich-Schütz-Straße"},{"station_id":"n3123485859","station_name":"Jüngststraße"},{"station_id":"n3123615227","station_name":"Blasewitz, Schillerplatz"},{"station_id":"n3123619045","station_name":"Prellerstraße"},{"station_id":"n2249679758","station_name":"Lene-Glatzer-Straße"},{"station_id":"n2250469190","station_name":"Königsheimplatz"},{"station_id":"n2250518300","station_name":"Augsburger Straße (Universitätsklinikum)"},{"station_id":"junc:13.77815:51.05294","station_name":""},{"station_id":"n2251164068","station_name":"Blasewitzer Straße / Fetscherstraße"},{"station_id":"n2252393145","station_name":"Trinitatisplatz"},{"station_id":"n2252424368","station_name":"Permoserstraße"},{"station_id":"n198206259","station_name":"Sachsenallee"},{"station_id":"n247167120","station_name":"Rosa-Luxemburg-Platz"},{"station_id":"n3137622058","station_name":"Bautzner Straße / Rothenburger Straße"},{"station_id":"junc:13.75146:51.06301","station_name":""},{"station_id":"n1703242760","station_name":"Albertplatz (Erich-Kästner-Museum)"},{"station_id":"junc:13.74072:51.06480","station_name":""},{"station_id":"n598684803","station_name":"Bahnhof Neustadt"},{"station_id":"junc:13.74072:51.06480","station_name":""},{"station_id":"n30893823","station_name":"Antonstraße / Leipziger Straße"},{"station_id":"n30988946","station_name":"Kongresszentrum (Haus der Presse)"},{"station_id":"junc:13.72583:51.05685","station_name":""},{"station_id":"n1699677761","station_name":"Bahnhof Mitte / Könneritzstraße"},{"station_id":"n283339711","station_name":"Bahnhof Mitte / Jahnstraße"},{"station_id":"junc:13.72039:51.05487","station_name":""},{"station_id":"n203804853","station_name":"Koreanischer Platz"},{"station_id":"n249430084","station_name":"Cottaer Straße"},{"station_id":"n311494780","station_name":"Wernerstraße"},{"station_id":"n203835221","station_name":"Löbtau, Tharandter Straße"},{"station_id":"n2092458040","station_name":"Bünaustraße"},{"station_id":"junc:13.69460:51.04315","station_name":""},{"station_id":"n2268676985","station_name":"Malterstraße"},{"station_id":"n2268694425","station_name":"Koblenzer Straße"},{"station_id":"n29999456","station_name":"Julius-Vahlteich-Straße"},{"station_id":"n1193863206","station_name":"Wölfnitz"}]},{"route_id":"rm5185991","route_name":"Tram 1","route_name_local":"Tram 1","route_name_en":null,"route_ref":"1","route_color":"#e4002c","wikipedia":"de:Verkehrsverbund Oberelbe","osm_route_ids":[1810982,1812883],"status":null,"order_suspect":0,"span_suspect":0,"stations":[{"station_id":"n1481074119","station_name":"Prohlis, Gleisschleife"},{"station_id":"junc:13.79686:51.00040","station_name":""},{"station_id":"n1481074073","station_name":"Georg-Palitzsch-Straße"},{"station_id":"n1483327274","station_name":"Jacob-Winter-Platz (Prohlis-Zentrum)"},{"station_id":"n1481074061","station_name":"Albert-Wolf-Platz"},{"station_id":"n1481074079","station_name":"S-Bahnhof Dobritz"},{"station_id":"n1531054667","station_name":"Breitscheidstraße"},{"station_id":"n1481074059","station_name":"Abzweig nach Reick"},{"station_id":"n1481074083","station_name":"Lassallestraße"},{"station_id":"n1481074101","station_name":"Prof.-Ricker-Straße"},{"station_id":"n1481074090","station_name":"Marienberger Straße"},{"station_id":"n1481074381","station_name":"Rennplatzstraße"},{"station_id":"n1481074380","station_name":"Rauensteinstraße"},{"station_id":"n1481074085","station_name":"Liebstädter Straße"},{"station_id":"n708446868","station_name":"Zwinglistraße"},{"station_id":"n1481074082","station_name":"Karcherallee"},{"station_id":"n1481074087","station_name":"Lipsiusstraße"},{"station_id":"n1481074067","station_name":"Comeniusplatz"},{"station_id":"n302411628","station_name":"Straßburger Platz (Gläserne Manufaktur)"},{"station_id":"n1481074070","station_name":"Deutsches Hygiene-Museum"},{"station_id":"junc:13.74664:51.04885","station_name":""},{"station_id":"n1531054674","station_name":"Pirnaischer Platz (Stadtmuseum)"},{"station_id":"n1481074063","station_name":"Altmarkt"},{"station_id":"n2102006632","station_name":"Postplatz"},{"station_id":"junc:13.72981:51.05083","station_name":""},{"station_id":"n1481074382","station_name":"Schweriner Straße (Hochschule für Musik)"},{"station_id":"n283339711","station_name":"Bahnhof Mitte / Jahnstraße"},{"station_id":"junc:13.72039:51.05487","station_name":""},{"station_id":"n203804853","station_name":"Koreanischer Platz"},{"station_id":"n2277961679","station_name":"Manitiusstraße"},{"station_id":"n2277991354","station_name":"Waltherstraße"},{"station_id":"n2277997856","station_name":"Hamburger Straße"},{"station_id":"n1481074065","station_name":"Bremer Straße"},{"station_id":"n1481074071","station_name":"Flügelweg"},{"station_id":"n2278271794","station_name":"Cossebauder Straße"},{"station_id":"n2278287739","station_name":"Cotta, Gottfried-Keller-Straße"},{"station_id":"n3528256098","station_name":"Leutewitz"}]},{"route_id":"rm5186008","route_name":"Tram 2","route_name_local":"Tram 2","route_name_en":null,"route_ref":"2","route_color":"#eb5b2d","wikipedia":"de:Verkehrsverbund Oberelbe","osm_route_ids":[1879856,1879857],"status":null,"order_suspect":0,"span_suspect":0,"stations":[{"station_id":"n1531265378","station_name":"Kleinzschachwitz, Freystraße"},{"station_id":"n2247431028","station_name":"Meußlitzer Straße"},{"station_id":"n2247397580","station_name":"Heckenweg"},{"station_id":"n2247382715","station_name":"Berthold-Haupt-Straße"},{"station_id":"n3072066153","station_name":"Altleuben"},{"station_id":"junc:13.82403:51.01276","station_name":""},{"station_id":"n1531265511","station_name":"Rottwerndorfer Straße"},{"station_id":"n1481074059","station_name":"Abzweig nach Reick"},{"station_id":"n1481074083","station_name":"Lassallestraße"},{"station_id":"n1481074101","station_name":"Prof.-Ricker-Straße"},{"station_id":"n1481074090","station_name":"Marienberger Straße"},{"station_id":"n1481074381","station_name":"Rennplatzstraße"},{"station_id":"n1481074380","station_name":"Rauensteinstraße"},{"station_id":"n1481074085","station_name":"Liebstädter Straße"},{"station_id":"n708446868","station_name":"Zwinglistraße"},{"station_id":"n1481074082","station_name":"Karcherallee"},{"station_id":"n1481074087","station_name":"Lipsiusstraße"},{"station_id":"n1481074067","station_name":"Comeniusplatz"},{"station_id":"n302411628","station_name":"Straßburger Platz (Gläserne Manufaktur)"},{"station_id":"n1481074070","station_name":"Deutsches Hygiene-Museum"},{"station_id":"junc:13.74664:51.04885","station_name":""},{"station_id":"n1531054674","station_name":"Pirnaischer Platz (Stadtmuseum)"},{"station_id":"n1481074063","station_name":"Altmarkt"},{"station_id":"n2102006632","station_name":"Postplatz"},{"station_id":"junc:13.72981:51.05083","station_name":""},{"station_id":"n1481074382","station_name":"Schweriner Straße (Hochschule für Musik)"},{"station_id":"n283339711","station_name":"Bahnhof Mitte / Jahnstraße"},{"station_id":"junc:13.72039:51.05487","station_name":""},{"station_id":"n203804853","station_name":"Koreanischer Platz"},{"station_id":"n249430084","station_name":"Cottaer Straße"},{"station_id":"n1531265525","station_name":"Semmelweisstraße"},{"station_id":"n3146709333","station_name":"Burgkstraße"},{"station_id":"n3146085852","station_name":"Pennricher Straße"},{"station_id":"n1531265296","station_name":"Chamissostraße"},{"station_id":"n1502155982","station_name":"Hebbelplatz"},{"station_id":"n1531265329","station_name":"Coventrystraße"},{"station_id":"n1531265333","station_name":"Dahlienweg"},{"station_id":"n197839497","station_name":"Amalie-Dietrich-Platz"},{"station_id":"n29999448","station_name":"Merianplatz"},{"station_id":"n126667149","station_name":"Kirschenstraße"},{"station_id":"n29999464","station_name":"Schlehenstraße"},{"station_id":"n249431104","station_name":"Gorbitz, Betriebshof"}]}],"route_count":3,"route_refs":["6","1","2"],"route_colors":["#ffdd00","#e4002c","#eb5b2d"],"city":"Dresden","country":"Germany"},"geometry":{"type":"MultiLineString","coordinates":[[[13.7227703,51.055527600000005],[13.7203866,51.0548727],[13.719566359999998,51.05469536]]]}},{"type":"Feature","properties":{"seg_id":"dresden-30","routes":[{"route_id":"rm5186067","route_name":"Tram 6","route_name_local":"Tram 6","route_name_en":null,"route_ref":"6","route_color":"#ffdd00","wikipedia":"de:Verkehrsverbund Oberelbe","osm_route_ids":[50962,2819864],"status":null,"order_suspect":0,"span_suspect":0,"stations":[{"station_id":"n1459672328","station_name":"S-Bahnhof Niedersedlitz"},{"station_id":"n2249171738","station_name":"Försterlingstraße"},{"station_id":"n2249279225","station_name":"Straße des 17. Juni"},{"station_id":"n2249290203","station_name":"Guerickestraße"},{"station_id":"n2247382715","station_name":"Berthold-Haupt-Straße"},{"station_id":"n3072066153","station_name":"Altleuben"},{"station_id":"junc:13.82403:51.01276","station_name":""},{"station_id":"n3070182363","station_name":"Friedhof Leuben"},{"station_id":"n3070182371","station_name":"Großglocknerstraße"},{"station_id":"n1152939329","station_name":"Laibacher Straße"},{"station_id":"n3070070350","station_name":"Leubener Straße"},{"station_id":"junc:13.83743:51.02503","station_name":""},{"station_id":"n3069863291","station_name":"Hermann-Seidel-Straße"},{"station_id":"n1535249155","station_name":"Alttolkewitz"},{"station_id":"n248219396","station_name":"Wasserwerk Tolkewitz"},{"station_id":"n3058661317","station_name":"Tolkewitz Schulcampus"},{"station_id":"n1152939366","station_name":"Johannisfriedhof"},{"station_id":"n2204145206","station_name":"Striesen, Ludwig-Hartmann-Straße"},{"station_id":"n2249378490","station_name":"Gustav-Freytag-Straße"},{"station_id":"n2249391575","station_name":"Heinrich-Schütz-Straße"},{"station_id":"n3123485859","station_name":"Jüngststraße"},{"station_id":"n3123615227","station_name":"Blasewitz, Schillerplatz"},{"station_id":"n3123619045","station_name":"Prellerstraße"},{"station_id":"n2249679758","station_name":"Lene-Glatzer-Straße"},{"station_id":"n2250469190","station_name":"Königsheimplatz"},{"station_id":"n2250518300","station_name":"Augsburger Straße (Universitätsklinikum)"},{"station_id":"junc:13.77815:51.05294","station_name":""},{"station_id":"n2251164068","station_name":"Blasewitzer Straße / Fetscherstraße"},{"station_id":"n2252393145","station_name":"Trinitatisplatz"},{"station_id":"n2252424368","station_name":"Permoserstraße"},{"station_id":"n198206259","station_name":"Sachsenallee"},{"station_id":"n247167120","station_name":"Rosa-Luxemburg-Platz"},{"station_id":"n3137622058","station_name":"Bautzner Straße / Rothenburger Straße"},{"station_id":"junc:13.75146:51.06301","station_name":""},{"station_id":"n1703242760","station_name":"Albertplatz (Erich-Kästner-Museum)"},{"station_id":"junc:13.74072:51.06480","station_name":""},{"station_id":"n598684803","station_name":"Bahnhof Neustadt"},{"station_id":"junc:13.74072:51.06480","station_name":""},{"station_id":"n30893823","station_name":"Antonstraße / Leipziger Straße"},{"station_id":"n30988946","station_name":"Kongresszentrum (Haus der Presse)"},{"station_id":"junc:13.72583:51.05685","station_name":""},{"station_id":"n1699677761","station_name":"Bahnhof Mitte / Könneritzstraße"},{"station_id":"n283339711","station_name":"Bahnhof Mitte / Jahnstraße"},{"station_id":"junc:13.72039:51.05487","station_name":""},{"station_id":"n203804853","station_name":"Koreanischer Platz"},{"station_id":"n249430084","station_name":"Cottaer Straße"},{"station_id":"n311494780","station_name":"Wernerstraße"},{"station_id":"n203835221","station_name":"Löbtau, Tharandter Straße"},{"station_id":"n2092458040","station_name":"Bünaustraße"},{"station_id":"junc:13.69460:51.04315","station_name":""},{"station_id":"n2268676985","station_name":"Malterstraße"},{"station_id":"n2268694425","station_name":"Koblenzer Straße"},{"station_id":"n29999456","station_name":"Julius-Vahlteich-Straße"},{"station_id":"n1193863206","station_name":"Wölfnitz"}]},{"route_id":"rm2675693","route_name":"Tram 7: Weixdorf <> Pennrich","route_name_local":"Tram 7: Weixdorf <> Pennrich","route_name_en":null,"route_ref":"7","route_color":"#9e0234","wikipedia":"de:Verkehrsverbund Oberelbe","osm_route_ids":[1894481,1894482],"status":null,"order_suspect":0,"span_suspect":0,"stations":[{"station_id":"n443379404","station_name":"Weixdorf, Rathenaustraße"},{"station_id":"n1534522247","station_name":"Haltepunkt Weixdorf Bad"},{"station_id":"n104212154","station_name":"Fuchsberg"},{"station_id":"n104177481","station_name":"Industriepark Klotzsche"},{"station_id":"n248532963","station_name":"Arkonastraße"},{"station_id":"n3139326501","station_name":"Käthe-Kollwitz-Platz"},{"station_id":"n3139175437","station_name":"Zur Neuen Brücke"},{"station_id":"n248532966","station_name":"Karl-Marx-Straße"},{"station_id":"n101122765","station_name":"Infineon Nord"},{"station_id":"n313015460","station_name":"Infineon Süd (Abzweig nach Hellerau)"},{"station_id":"junc:13.76993:51.10223","station_name":""},{"station_id":"n99948969","station_name":"Moritzburger Weg"},{"station_id":"n1534522276","station_name":"Hellersiedlung"},{"station_id":"n99948955","station_name":"S-Bahnhof Industriegelände"},{"station_id":"n1534522265","station_name":"Heeresbäckerei (Stadtarchiv)"},{"station_id":"n317000141","station_name":"Stauffenbergallee (Militärhistorisches Museum)"},{"station_id":"n2272193398","station_name":"Tannenstraße (Goethe-Institut)"},{"station_id":"n438606702","station_name":"Bischofsweg"},{"station_id":"n2272189456","station_name":"Louisenstraße"},{"station_id":"n1703242760","station_name":"Albertplatz (Erich-Kästner-Museum)"},{"station_id":"n598687725","station_name":"Carolaplatz (Regierungsviertel)"},{"station_id":"n3607726821","station_name":"Neustädter Markt"},{"station_id":"n2030526228","station_name":"Theaterplatz"},{"station_id":"junc:13.73325:51.05123","station_name":""},{"station_id":"n2102006632","station_name":"Postplatz"},{"station_id":"n712415502","station_name":"Prager Straße"},{"station_id":"n997588698","station_name":"Walpurgisstraße"},{"station_id":"n988900797","station_name":"Hauptbahnhof Nord"},{"station_id":"junc:13.73488:51.04037","station_name":""},{"station_id":"n988900741","station_name":"Hauptbahnhof"},{"station_id":"n91486560","station_name":"Budapester Straße"},{"station_id":"n94174019","station_name":"S-Bahnhof Freiberger Straße"},{"station_id":"n2270172153","station_name":"Florastraße"},{"station_id":"n2270171064","station_name":"Oederaner Straße"},{"station_id":"n203835221","station_name":"Löbtau, Tharandter Straße"},{"station_id":"n2092458040","station_name":"Bünaustraße"},{"station_id":"junc:13.69460:51.04315","station_name":""},{"station_id":"n2268676985","station_name":"Malterstraße"},{"station_id":"n2268694425","station_name":"Koblenzer Straße"},{"station_id":"n29999456","station_name":"Julius-Vahlteich-Straße"},{"station_id":"n197839497","station_name":"Amalie-Dietrich-Platz"},{"station_id":"n29999448","station_name":"Merianplatz"},{"station_id":"n126667149","station_name":"Kirschenstraße"},{"station_id":"n29999464","station_name":"Schlehenstraße"},{"station_id":"n249431104","station_name":"Gorbitz, Betriebshof"},{"station_id":"n315238529","station_name":"Altnossener Straße"},{"station_id":"n1534522486","station_name":"Rudolf-Walther-Straße"},{"station_id":"n248219526","station_name":"Gompitz, Gompitzer Höhe"},{"station_id":"n1534522454","station_name":"Pennrich, Gleisschleife"}]},{"route_id":"rm2690192","route_name":"Tram 12","route_name_local":"Tram 12","route_name_en":null,"route_ref":"12","route_color":"#006b42","wikipedia":"de:Verkehrsverbund Oberelbe","osm_route_ids":[1913600,1913601],"status":null,"order_suspect":0,"span_suspect":0,"stations":[{"station_id":"n2204145206","station_name":"Striesen, Ludwig-Hartmann-Straße"},{"station_id":"n2249378490","station_name":"Gustav-Freytag-Straße"},{"station_id":"n2249391575","station_name":"Heinrich-Schütz-Straße"},{"station_id":"n3123485859","station_name":"Jüngststraße"},{"station_id":"n3123615227","station_name":"Blasewitz, Schillerplatz"},{"station_id":"n3123619045","station_name":"Prellerstraße"},{"station_id":"n2249679758","station_name":"Lene-Glatzer-Straße"},{"station_id":"n2250469190","station_name":"Königsheimplatz"},{"station_id":"n2250518300","station_name":"Augsburger Straße (Universitätsklinikum)"},{"station_id":"junc:13.77815:51.05294","station_name":""},{"station_id":"n2251164068","station_name":"Blasewitzer Straße / Fetscherstraße"},{"station_id":"n2251193229","station_name":"Gabelsbergerstraße"},{"station_id":"n247167118","station_name":"Fetscherplatz"},{"station_id":"n247164846","station_name":"Krankenhaus St. Joseph-Stift"},{"station_id":"n302411628","station_name":"Straßburger Platz (Gläserne Manufaktur)"},{"station_id":"n1481074070","station_name":"Deutsches Hygiene-Museum"},{"station_id":"junc:13.74664:51.04885","station_name":""},{"station_id":"n1531054674","station_name":"Pirnaischer Platz (Stadtmuseum)"},{"station_id":"junc:13.74036:51.04709","station_name":""},{"station_id":"n712415502","station_name":"Prager Straße"},{"station_id":"n2102006632","station_name":"Postplatz"},{"station_id":"junc:13.72981:51.05083","station_name":""},{"station_id":"n1547113330","station_name":"Schwimmhalle Freiberger Platz"},{"station_id":"n94174019","station_name":"S-Bahnhof Freiberger Straße"},{"station_id":"n2270172153","station_name":"Florastraße"},{"station_id":"n2270171064","station_name":"Oederaner Straße"},{"station_id":"n203835221","station_name":"Löbtau, Tharandter Straße"},{"station_id":"n2092458040","station_name":"Bünaustraße"},{"station_id":"n3146085861","station_name":"Conertplatz"},{"station_id":"n3146085852","station_name":"Pennricher Straße"},{"station_id":"n3146023349","station_name":"Birkenhainer Straße"},{"station_id":"n3146023350","station_name":"Altcotta"},{"station_id":"n1547113385","station_name":"Ockerwitzer Straße"},{"station_id":"n2278271794","station_name":"Cossebauder Straße"},{"station_id":"n2278287739","station_name":"Cotta, Gottfried-Keller-Straße"},{"station_id":"n3528256098","station_name":"Leutewitz"}]}],"route_count":3,"route_refs":["6","7","12"],"route_colors":["#ffdd00","#9e0234","#006b42"],"city":"Dresden","country":"Germany"},"geometry":{"type":"MultiLineString","coordinates":[[[13.7031883,51.0437144],[13.697786675,51.0434722]]]}},{"type":"Feature","properties":{"seg_id":"dresden-31","routes":[{"route_id":"rm5186067","route_name":"Tram 6","route_name_local":"Tram 6","route_name_en":null,"route_ref":"6","route_color":"#ffdd00","wikipedia":"de:Verkehrsverbund Oberelbe","osm_route_ids":[50962,2819864],"status":null,"order_suspect":0,"span_suspect":0,"stations":[{"station_id":"n1459672328","station_name":"S-Bahnhof Niedersedlitz"},{"station_id":"n2249171738","station_name":"Försterlingstraße"},{"station_id":"n2249279225","station_name":"Straße des 17. Juni"},{"station_id":"n2249290203","station_name":"Guerickestraße"},{"station_id":"n2247382715","station_name":"Berthold-Haupt-Straße"},{"station_id":"n3072066153","station_name":"Altleuben"},{"station_id":"junc:13.82403:51.01276","station_name":""},{"station_id":"n3070182363","station_name":"Friedhof Leuben"},{"station_id":"n3070182371","station_name":"Großglocknerstraße"},{"station_id":"n1152939329","station_name":"Laibacher Straße"},{"station_id":"n3070070350","station_name":"Leubener Straße"},{"station_id":"junc:13.83743:51.02503","station_name":""},{"station_id":"n3069863291","station_name":"Hermann-Seidel-Straße"},{"station_id":"n1535249155","station_name":"Alttolkewitz"},{"station_id":"n248219396","station_name":"Wasserwerk Tolkewitz"},{"station_id":"n3058661317","station_name":"Tolkewitz Schulcampus"},{"station_id":"n1152939366","station_name":"Johannisfriedhof"},{"station_id":"n2204145206","station_name":"Striesen, Ludwig-Hartmann-Straße"},{"station_id":"n2249378490","station_name":"Gustav-Freytag-Straße"},{"station_id":"n2249391575","station_name":"Heinrich-Schütz-Straße"},{"station_id":"n3123485859","station_name":"Jüngststraße"},{"station_id":"n3123615227","station_name":"Blasewitz, Schillerplatz"},{"station_id":"n3123619045","station_name":"Prellerstraße"},{"station_id":"n2249679758","station_name":"Lene-Glatzer-Straße"},{"station_id":"n2250469190","station_name":"Königsheimplatz"},{"station_id":"n2250518300","station_name":"Augsburger Straße (Universitätsklinikum)"},{"station_id":"junc:13.77815:51.05294","station_name":""},{"station_id":"n2251164068","station_name":"Blasewitzer Straße / Fetscherstraße"},{"station_id":"n2252393145","station_name":"Trinitatisplatz"},{"station_id":"n2252424368","station_name":"Permoserstraße"},{"station_id":"n198206259","station_name":"Sachsenallee"},{"station_id":"n247167120","station_name":"Rosa-Luxemburg-Platz"},{"station_id":"n3137622058","station_name":"Bautzner Straße / Rothenburger Straße"},{"station_id":"junc:13.75146:51.06301","station_name":""},{"station_id":"n1703242760","station_name":"Albertplatz (Erich-Kästner-Museum)"},{"station_id":"junc:13.74072:51.06480","station_name":""},{"station_id":"n598684803","station_name":"Bahnhof Neustadt"},{"station_id":"junc:13.74072:51.06480","station_name":""},{"station_id":"n30893823","station_name":"Antonstraße / Leipziger Straße"},{"station_id":"n30988946","station_name":"Kongresszentrum (Haus der Presse)"},{"station_id":"junc:13.72583:51.05685","station_name":""},{"station_id":"n1699677761","station_name":"Bahnhof Mitte / Könneritzstraße"},{"station_id":"n283339711","station_name":"Bahnhof Mitte / Jahnstraße"},{"station_id":"junc:13.72039:51.05487","station_name":""},{"station_id":"n203804853","station_name":"Koreanischer Platz"},{"station_id":"n249430084","station_name":"Cottaer Straße"},{"station_id":"n311494780","station_name":"Wernerstraße"},{"station_id":"n203835221","station_name":"Löbtau, Tharandter Straße"},{"station_id":"n2092458040","station_name":"Bünaustraße"},{"station_id":"junc:13.69460:51.04315","station_name":""},{"station_id":"n2268676985","station_name":"Malterstraße"},{"station_id":"n2268694425","station_name":"Koblenzer Straße"},{"station_id":"n29999456","station_name":"Julius-Vahlteich-Straße"},{"station_id":"n1193863206","station_name":"Wölfnitz"}]},{"route_id":"rm2675693","route_name":"Tram 7: Weixdorf <> Pennrich","route_name_local":"Tram 7: Weixdorf <> Pennrich","route_name_en":null,"route_ref":"7","route_color":"#9e0234","wikipedia":"de:Verkehrsverbund Oberelbe","osm_route_ids":[1894481,1894482],"status":null,"order_suspect":0,"span_suspect":0,"stations":[{"station_id":"n443379404","station_name":"Weixdorf, Rathenaustraße"},{"station_id":"n1534522247","station_name":"Haltepunkt Weixdorf Bad"},{"station_id":"n104212154","station_name":"Fuchsberg"},{"station_id":"n104177481","station_name":"Industriepark Klotzsche"},{"station_id":"n248532963","station_name":"Arkonastraße"},{"station_id":"n3139326501","station_name":"Käthe-Kollwitz-Platz"},{"station_id":"n3139175437","station_name":"Zur Neuen Brücke"},{"station_id":"n248532966","station_name":"Karl-Marx-Straße"},{"station_id":"n101122765","station_name":"Infineon Nord"},{"station_id":"n313015460","station_name":"Infineon Süd (Abzweig nach Hellerau)"},{"station_id":"junc:13.76993:51.10223","station_name":""},{"station_id":"n99948969","station_name":"Moritzburger Weg"},{"station_id":"n1534522276","station_name":"Hellersiedlung"},{"station_id":"n99948955","station_name":"S-Bahnhof Industriegelände"},{"station_id":"n1534522265","station_name":"Heeresbäckerei (Stadtarchiv)"},{"station_id":"n317000141","station_name":"Stauffenbergallee (Militärhistorisches Museum)"},{"station_id":"n2272193398","station_name":"Tannenstraße (Goethe-Institut)"},{"station_id":"n438606702","station_name":"Bischofsweg"},{"station_id":"n2272189456","station_name":"Louisenstraße"},{"station_id":"n1703242760","station_name":"Albertplatz (Erich-Kästner-Museum)"},{"station_id":"n598687725","station_name":"Carolaplatz (Regierungsviertel)"},{"station_id":"n3607726821","station_name":"Neustädter Markt"},{"station_id":"n2030526228","station_name":"Theaterplatz"},{"station_id":"junc:13.73325:51.05123","station_name":""},{"station_id":"n2102006632","station_name":"Postplatz"},{"station_id":"n712415502","station_name":"Prager Straße"},{"station_id":"n997588698","station_name":"Walpurgisstraße"},{"station_id":"n988900797","station_name":"Hauptbahnhof Nord"},{"station_id":"junc:13.73488:51.04037","station_name":""},{"station_id":"n988900741","station_name":"Hauptbahnhof"},{"station_id":"n91486560","station_name":"Budapester Straße"},{"station_id":"n94174019","station_name":"S-Bahnhof Freiberger Straße"},{"station_id":"n2270172153","station_name":"Florastraße"},{"station_id":"n2270171064","station_name":"Oederaner Straße"},{"station_id":"n203835221","station_name":"Löbtau, Tharandter Straße"},{"station_id":"n2092458040","station_name":"Bünaustraße"},{"station_id":"junc:13.69460:51.04315","station_name":""},{"station_id":"n2268676985","station_name":"Malterstraße"},{"station_id":"n2268694425","station_name":"Koblenzer Straße"},{"station_id":"n29999456","station_name":"Julius-Vahlteich-Straße"},{"station_id":"n197839497","station_name":"Amalie-Dietrich-Platz"},{"station_id":"n29999448","station_name":"Merianplatz"},{"station_id":"n126667149","station_name":"Kirschenstraße"},{"station_id":"n29999464","station_name":"Schlehenstraße"},{"station_id":"n249431104","station_name":"Gorbitz, Betriebshof"},{"station_id":"n315238529","station_name":"Altnossener Straße"},{"station_id":"n1534522486","station_name":"Rudolf-Walther-Straße"},{"station_id":"n248219526","station_name":"Gompitz, Gompitzer Höhe"},{"station_id":"n1534522454","station_name":"Pennrich, Gleisschleife"}]}],"route_count":2,"route_refs":["6","7"],"route_colors":["#ffdd00","#9e0234"],"city":"Dresden","country":"Germany"},"geometry":{"type":"MultiLineString","coordinates":[[[13.697786675,51.0434722],[13.6945993,51.0431458],[13.690917075,51.042663725],[13.684276575,51.04244775],[13.6799624,51.042952400000004]]]}},{"type":"Feature","properties":{"seg_id":"dresden-32","routes":[{"route_id":"rm5186681","route_name":"Tram 11","route_name_local":"Tram 11","route_name_en":null,"route_ref":"11","route_color":"#c2ddaf","wikipedia":"de:Verkehrsverbund Oberelbe","osm_route_ids":[51809,2817120],"status":null,"order_suspect":0,"span_suspect":0,"stations":[{"station_id":"n308149044","station_name":"Zschertnitz, Münzmeisterstraße"},{"station_id":"n3160400393","station_name":"Räcknitzhöhe"},{"station_id":"n98010200","station_name":"Zellescher Weg"},{"station_id":"n2293414413","station_name":"Strehlener Platz"},{"station_id":"n103928327","station_name":"Lennéplatz"},{"station_id":"n197551704","station_name":"Gret-Palucca-Straße"},{"station_id":"junc:13.73488:51.04037","station_name":""},{"station_id":"n988900797","station_name":"Hauptbahnhof Nord"},{"station_id":"n997588698","station_name":"Walpurgisstraße"},{"station_id":"n712415502","station_name":"Prager Straße"},{"station_id":"n2102006632","station_name":"Postplatz"},{"station_id":"n316713924","station_name":"Am Zwingerteich"},{"station_id":"junc:13.72849:51.05654","station_name":""},{"station_id":"n30988946","station_name":"Kongresszentrum (Haus der Presse)"},{"station_id":"n30893823","station_name":"Antonstraße / Leipziger Straße"},{"station_id":"junc:13.74072:51.06480","station_name":""},{"station_id":"n598684803","station_name":"Bahnhof Neustadt"},{"station_id":"junc:13.74072:51.06480","station_name":""},{"station_id":"n1703242760","station_name":"Albertplatz (Erich-Kästner-Museum)"},{"station_id":"junc:13.75146:51.06301","station_name":""},{"station_id":"n3137622058","station_name":"Bautzner Straße / Rothenburger Straße"},{"station_id":"n2293552788","station_name":"Pulsnitzer Straße"},{"station_id":"n2293558135","station_name":"Diakonissenkrankenhaus"},{"station_id":"n2293585817","station_name":"Nordstraße"},{"station_id":"n201542949","station_name":"Waldschlößchen"},{"station_id":"n433059672","station_name":"Angelikastraße (Gedenkstätte Bautzner Straße)"},{"station_id":"n3160522703","station_name":"Wilhelminenstraße"},{"station_id":"n1152939368","station_name":"Elbschlösser"},{"station_id":"n2294679702","station_name":"Mordgrundbrücke"},{"station_id":"n2294780469","station_name":"Plattleite"},{"station_id":"n2294789016","station_name":"Am Weißen Adler"},{"station_id":"n2295410611","station_name":"Schwimmhalle Bühlau"},{"station_id":"n3161748250","station_name":"Hegereiterstraße"},{"station_id":"n2295422472","station_name":"Grundstraße"},{"station_id":"n201546998","station_name":"Bühlau, Ullersdorfer Platz"},{"station_id":"n2295466881","station_name":"Ullersdorfer Platz"},{"station_id":"n201546998","station_name":"Bühlau, Ullersdorfer Platz"}]}],"route_count":1,"route_refs":["11"],"route_colors":["#c2ddaf"],"city":"Dresden","country":"Germany"},"geometry":{"type":"MultiLineString","coordinates":[[[13.7418323,51.0194336],[13.7427429,51.023520500000004],[13.74568105,51.0280574],[13.7487385,51.03290335],[13.7468254,51.037920275]]]}},{"type":"Feature","properties":{"seg_id":"dresden-33","routes":[{"route_id":"rm5186681","route_name":"Tram 11","route_name_local":"Tram 11","route_name_en":null,"route_ref":"11","route_color":"#c2ddaf","wikipedia":"de:Verkehrsverbund Oberelbe","osm_route_ids":[51809,2817120],"status":null,"order_suspect":0,"span_suspect":0,"stations":[{"station_id":"n308149044","station_name":"Zschertnitz, Münzmeisterstraße"},{"station_id":"n3160400393","station_name":"Räcknitzhöhe"},{"station_id":"n98010200","station_name":"Zellescher Weg"},{"station_id":"n2293414413","station_name":"Strehlener Platz"},{"station_id":"n103928327","station_name":"Lennéplatz"},{"station_id":"n197551704","station_name":"Gret-Palucca-Straße"},{"station_id":"junc:13.73488:51.04037","station_name":""},{"station_id":"n988900797","station_name":"Hauptbahnhof Nord"},{"station_id":"n997588698","station_name":"Walpurgisstraße"},{"station_id":"n712415502","station_name":"Prager Straße"},{"station_id":"n2102006632","station_name":"Postplatz"},{"station_id":"n316713924","station_name":"Am Zwingerteich"},{"station_id":"junc:13.72849:51.05654","station_name":""},{"station_id":"n30988946","station_name":"Kongresszentrum (Haus der Presse)"},{"station_id":"n30893823","station_name":"Antonstraße / Leipziger Straße"},{"station_id":"junc:13.74072:51.06480","station_name":""},{"station_id":"n598684803","station_name":"Bahnhof Neustadt"},{"station_id":"junc:13.74072:51.06480","station_name":""},{"station_id":"n1703242760","station_name":"Albertplatz (Erich-Kästner-Museum)"},{"station_id":"junc:13.75146:51.06301","station_name":""},{"station_id":"n3137622058","station_name":"Bautzner Straße / Rothenburger Straße"},{"station_id":"n2293552788","station_name":"Pulsnitzer Straße"},{"station_id":"n2293558135","station_name":"Diakonissenkrankenhaus"},{"station_id":"n2293585817","station_name":"Nordstraße"},{"station_id":"n201542949","station_name":"Waldschlößchen"},{"station_id":"n433059672","station_name":"Angelikastraße (Gedenkstätte Bautzner Straße)"},{"station_id":"n3160522703","station_name":"Wilhelminenstraße"},{"station_id":"n1152939368","station_name":"Elbschlösser"},{"station_id":"n2294679702","station_name":"Mordgrundbrücke"},{"station_id":"n2294780469","station_name":"Plattleite"},{"station_id":"n2294789016","station_name":"Am Weißen Adler"},{"station_id":"n2295410611","station_name":"Schwimmhalle Bühlau"},{"station_id":"n3161748250","station_name":"Hegereiterstraße"},{"station_id":"n2295422472","station_name":"Grundstraße"},{"station_id":"n201546998","station_name":"Bühlau, Ullersdorfer Platz"},{"station_id":"n2295466881","station_name":"Ullersdorfer Platz"},{"station_id":"n201546998","station_name":"Bühlau, Ullersdorfer Platz"}]}],"route_count":1,"route_refs":["11"],"route_colors":["#c2ddaf"],"city":"Dresden","country":"Germany"},"geometry":{"type":"MultiLineString","coordinates":[[[13.7303163,51.054524],[13.7284854,51.0565374],[13.7279291,51.0583925]]]}},{"type":"Feature","properties":{"seg_id":"dresden-34","routes":[{"route_id":"rm5186681","route_name":"Tram 11","route_name_local":"Tram 11","route_name_en":null,"route_ref":"11","route_color":"#c2ddaf","wikipedia":"de:Verkehrsverbund Oberelbe","osm_route_ids":[51809,2817120],"status":null,"order_suspect":0,"span_suspect":0,"stations":[{"station_id":"n308149044","station_name":"Zschertnitz, Münzmeisterstraße"},{"station_id":"n3160400393","station_name":"Räcknitzhöhe"},{"station_id":"n98010200","station_name":"Zellescher Weg"},{"station_id":"n2293414413","station_name":"Strehlener Platz"},{"station_id":"n103928327","station_name":"Lennéplatz"},{"station_id":"n197551704","station_name":"Gret-Palucca-Straße"},{"station_id":"junc:13.73488:51.04037","station_name":""},{"station_id":"n988900797","station_name":"Hauptbahnhof Nord"},{"station_id":"n997588698","station_name":"Walpurgisstraße"},{"station_id":"n712415502","station_name":"Prager Straße"},{"station_id":"n2102006632","station_name":"Postplatz"},{"station_id":"n316713924","station_name":"Am Zwingerteich"},{"station_id":"junc:13.72849:51.05654","station_name":""},{"station_id":"n30988946","station_name":"Kongresszentrum (Haus der Presse)"},{"station_id":"n30893823","station_name":"Antonstraße / Leipziger Straße"},{"station_id":"junc:13.74072:51.06480","station_name":""},{"station_id":"n598684803","station_name":"Bahnhof Neustadt"},{"station_id":"junc:13.74072:51.06480","station_name":""},{"station_id":"n1703242760","station_name":"Albertplatz (Erich-Kästner-Museum)"},{"station_id":"junc:13.75146:51.06301","station_name":""},{"station_id":"n3137622058","station_name":"Bautzner Straße / Rothenburger Straße"},{"station_id":"n2293552788","station_name":"Pulsnitzer Straße"},{"station_id":"n2293558135","station_name":"Diakonissenkrankenhaus"},{"station_id":"n2293585817","station_name":"Nordstraße"},{"station_id":"n201542949","station_name":"Waldschlößchen"},{"station_id":"n433059672","station_name":"Angelikastraße (Gedenkstätte Bautzner Straße)"},{"station_id":"n3160522703","station_name":"Wilhelminenstraße"},{"station_id":"n1152939368","station_name":"Elbschlösser"},{"station_id":"n2294679702","station_name":"Mordgrundbrücke"},{"station_id":"n2294780469","station_name":"Plattleite"},{"station_id":"n2294789016","station_name":"Am Weißen Adler"},{"station_id":"n2295410611","station_name":"Schwimmhalle Bühlau"},{"station_id":"n3161748250","station_name":"Hegereiterstraße"},{"station_id":"n2295422472","station_name":"Grundstraße"},{"station_id":"n201546998","station_name":"Bühlau, Ullersdorfer Platz"},{"station_id":"n2295466881","station_name":"Ullersdorfer Platz"},{"station_id":"n201546998","station_name":"Bühlau, Ullersdorfer Platz"}]}],"route_count":1,"route_refs":["11"],"route_colors":["#c2ddaf"],"city":"Dresden","country":"Germany"},"geometry":{"type":"MultiLineString","coordinates":[[[13.752315816666666,51.06274358333334],[13.75765795,51.063332599999995],[13.761942325,51.064092825],[13.769554099999999,51.0661546],[13.77729445,51.067408924999995],[13.784062975000001,51.067012749999996],[13.788591400000001,51.06710445],[13.7978053,51.065964975],[13.811304425,51.06430665],[13.821444225,51.063734849999996],[13.831059224999999,51.061897775],[13.838592375,51.06227335],[13.84372305,51.061941575],[13.8481046,51.06182465],[13.8543566,51.062278000000006],[13.8533406,51.0620681]]]}},{"type":"Feature","properties":{"seg_id":"dresden-35","routes":[{"route_id":"rm5186681","route_name":"Tram 11","route_name_local":"Tram 11","route_name_en":null,"route_ref":"11","route_color":"#c2ddaf","wikipedia":"de:Verkehrsverbund Oberelbe","osm_route_ids":[51809,2817120],"status":null,"order_suspect":0,"span_suspect":0,"stations":[{"station_id":"n308149044","station_name":"Zschertnitz, Münzmeisterstraße"},{"station_id":"n3160400393","station_name":"Räcknitzhöhe"},{"station_id":"n98010200","station_name":"Zellescher Weg"},{"station_id":"n2293414413","station_name":"Strehlener Platz"},{"station_id":"n103928327","station_name":"Lennéplatz"},{"station_id":"n197551704","station_name":"Gret-Palucca-Straße"},{"station_id":"junc:13.73488:51.04037","station_name":""},{"station_id":"n988900797","station_name":"Hauptbahnhof Nord"},{"station_id":"n997588698","station_name":"Walpurgisstraße"},{"station_id":"n712415502","station_name":"Prager Straße"},{"station_id":"n2102006632","station_name":"Postplatz"},{"station_id":"n316713924","station_name":"Am Zwingerteich"},{"station_id":"junc:13.72849:51.05654","station_name":""},{"station_id":"n30988946","station_name":"Kongresszentrum (Haus der Presse)"},{"station_id":"n30893823","station_name":"Antonstraße / Leipziger Straße"},{"station_id":"junc:13.74072:51.06480","station_name":""},{"station_id":"n598684803","station_name":"Bahnhof Neustadt"},{"station_id":"junc:13.74072:51.06480","station_name":""},{"station_id":"n1703242760","station_name":"Albertplatz (Erich-Kästner-Museum)"},{"station_id":"junc:13.75146:51.06301","station_name":""},{"station_id":"n3137622058","station_name":"Bautzner Straße / Rothenburger Straße"},{"station_id":"n2293552788","station_name":"Pulsnitzer Straße"},{"station_id":"n2293558135","station_name":"Diakonissenkrankenhaus"},{"station_id":"n2293585817","station_name":"Nordstraße"},{"station_id":"n201542949","station_name":"Waldschlößchen"},{"station_id":"n433059672","station_name":"Angelikastraße (Gedenkstätte Bautzner Straße)"},{"station_id":"n3160522703","station_name":"Wilhelminenstraße"},{"station_id":"n1152939368","station_name":"Elbschlösser"},{"station_id":"n2294679702","station_name":"Mordgrundbrücke"},{"station_id":"n2294780469","station_name":"Plattleite"},{"station_id":"n2294789016","station_name":"Am Weißen Adler"},{"station_id":"n2295410611","station_name":"Schwimmhalle Bühlau"},{"station_id":"n3161748250","station_name":"Hegereiterstraße"},{"station_id":"n2295422472","station_name":"Grundstraße"},{"station_id":"n201546998","station_name":"Bühlau, Ullersdorfer Platz"},{"station_id":"n2295466881","station_name":"Ullersdorfer Platz"},{"station_id":"n201546998","station_name":"Bühlau, Ullersdorfer Platz"}]},{"route_id":"rm5186035","route_name":"Tram 4","route_name_local":"Tram 4","route_name_en":null,"route_ref":"4","route_color":"#92c255","wikipedia":"de:Verkehrsverbund Oberelbe","osm_route_ids":[1895461,1895462,1895463,1895464,2813709,2813811],"status":null,"order_suspect":0,"span_suspect":0,"stations":[{"station_id":"n68333849","station_name":"Weinböhla (Rathausstraße)"},{"station_id":"n3539408417","station_name":"Weinböhla, Gellertstraße"},{"station_id":"n68333843","station_name":"Weinböhla, Köhlerstraße"},{"station_id":"n68333831","station_name":"Coswig, Steinbacher Weg"},{"station_id":"n248641303","station_name":"Coswig, Auerstraße"},{"station_id":"n248641302","station_name":"Coswig, Salzstraße"},{"station_id":"n68333808","station_name":"Coswig, Rathaus"},{"station_id":"n69393959","station_name":"Coswig, Zentrum / Börse"},{"station_id":"n69393313","station_name":"Coswig, Radebeuler Straße"},{"station_id":"n248640364","station_name":"Radebeul, Eisenbahnbrücke"},{"station_id":"n248640363","station_name":"Radebeul, Gerhart-Hauptmann-Straße"},{"station_id":"n67373675","station_name":"Radebeul, Johannisbergstraße"},{"station_id":"n67373488","station_name":"Radebeul, Schloss Wackerbarth"},{"station_id":"n1535249173","station_name":"Radebeul West, Flemmingstraße"},{"station_id":"n1535249257","station_name":"Radebeul, Moritzburger Straße"},{"station_id":"n1123405476","station_name":"Radebeul, Gradsteg"},{"station_id":"n1535249162","station_name":"Radebeul, Borstraße"},{"station_id":"n1535249166","station_name":"Radebeul, Dr.-Külz-Straße"},{"station_id":"n1535249441","station_name":"Radebeul, Zillerstraße (Elblandklinikum)"},{"station_id":"n3053531658","station_name":"Radebeul, Landesbühnen Sachsen"},{"station_id":"n1535249436","station_name":"Radebeul, Wasastraße"},{"station_id":"n1535249432","station_name":"Radebeul, Schildenstraße"},{"station_id":"n1535249193","station_name":"Radebeul, Hauptstraße"},{"station_id":"n1535249442","station_name":"Radebeul, Zinzendorfstraße"},{"station_id":"n1535249175","station_name":"Radebeul, Forststraße"},{"station_id":"n2217680818","station_name":"Kleestraße"},{"station_id":"n1535249178","station_name":"S-Bahnhof Trachau West"},{"station_id":"n2217158593","station_name":"Peschelstraße"},{"station_id":"n251313472","station_name":"Rankestraße"},{"station_id":"n256130959","station_name":"Alttrachau"},{"station_id":"n164388310","station_name":"Mickten"},{"station_id":"junc:13.71460:51.07950","station_name":""},{"station_id":"n1535249151","station_name":"Altpieschen"},{"station_id":"n2197973362","station_name":"Oschatzer Straße"},{"station_id":"n2198004340","station_name":"Alexander-Puschkin-Platz"},{"station_id":"n26423972","station_name":"Alter Schlachthof"},{"station_id":"n30893823","station_name":"Antonstraße / Leipziger Straße"},{"station_id":"n1535249290","station_name":"Palaisplatz (Japanisches Palais)"},{"station_id":"n3607726821","station_name":"Neustädter Markt"},{"station_id":"n2030526228","station_name":"Theaterplatz"},{"station_id":"junc:13.73325:51.05123","station_name":""},{"station_id":"n2102006632","station_name":"Postplatz"},{"station_id":"n712415502","station_name":"Prager Straße"},{"station_id":"n997588698","station_name":"Walpurgisstraße"},{"station_id":"n988900797","station_name":"Hauptbahnhof Nord"},{"station_id":"junc:13.73488:51.04037","station_name":""},{"station_id":"n197551704","station_name":"Gret-Palucca-Straße"},{"station_id":"n103928327","station_name":"Lennéplatz"},{"station_id":"junc:13.74868:51.03747","station_name":""},{"station_id":"n3151728355","station_name":"Zoo"},{"station_id":"n3151728783","station_name":"Querallee"},{"station_id":"n6703868143","station_name":"S-Bahnhof Strehlen"},{"station_id":"n2242733186","station_name":"Wasaplatz"},{"station_id":"n3151883406","station_name":"Mockritzer Straße"},{"station_id":"n3151883421","station_name":"Hugo-Bürkner-Straße"},{"station_id":"n2243029501","station_name":"Cäcilienstraße"},{"station_id":"n3160217622","station_name":"Eugen-Bracht-Straße"},{"station_id":"n3160217634","station_name":"Otto-Dix-Ring"},{"station_id":"n3160217646","station_name":"Wieckestraße"},{"station_id":"n3160218161","station_name":"Lohrmannstraße"},{"station_id":"n3160218185","station_name":"Hülßestraße"},{"station_id":"n2243373035","station_name":"Altreick"},{"station_id":"n268018285","station_name":"Trattendorfer Straße"},{"station_id":"n1481074061","station_name":"Albert-Wolf-Platz"},{"station_id":"n1483327274","station_name":"Jacob-Winter-Platz (Prohlis-Zentrum)"},{"station_id":"n1481074073","station_name":"Georg-Palitzsch-Straße"},{"station_id":"junc:13.79686:51.00040","station_name":""},{"station_id":"n1481074119","station_name":"Prohlis, Gleisschleife"}]}],"route_count":2,"route_refs":["11","4"],"route_colors":["#c2ddaf","#92c255"],"city":"Dresden","country":"Germany"},"geometry":{"type":"MultiLineString","coordinates":[[[13.73961245,51.03887845],[13.7348804,51.0403676],[13.73507785,51.041419149999996]]]}},{"type":"Feature","properties":{"seg_id":"dresden-36","routes":[{"route_id":"rm5186681","route_name":"Tram 11","route_name_local":"Tram 11","route_name_en":null,"route_ref":"11","route_color":"#c2ddaf","wikipedia":"de:Verkehrsverbund Oberelbe","osm_route_ids":[51809,2817120],"status":null,"order_suspect":0,"span_suspect":0,"stations":[{"station_id":"n308149044","station_name":"Zschertnitz, Münzmeisterstraße"},{"station_id":"n3160400393","station_name":"Räcknitzhöhe"},{"station_id":"n98010200","station_name":"Zellescher Weg"},{"station_id":"n2293414413","station_name":"Strehlener Platz"},{"station_id":"n103928327","station_name":"Lennéplatz"},{"station_id":"n197551704","station_name":"Gret-Palucca-Straße"},{"station_id":"junc:13.73488:51.04037","station_name":""},{"station_id":"n988900797","station_name":"Hauptbahnhof Nord"},{"station_id":"n997588698","station_name":"Walpurgisstraße"},{"station_id":"n712415502","station_name":"Prager Straße"},{"station_id":"n2102006632","station_name":"Postplatz"},{"station_id":"n316713924","station_name":"Am Zwingerteich"},{"station_id":"junc:13.72849:51.05654","station_name":""},{"station_id":"n30988946","station_name":"Kongresszentrum (Haus der Presse)"},{"station_id":"n30893823","station_name":"Antonstraße / Leipziger Straße"},{"station_id":"junc:13.74072:51.06480","station_name":""},{"station_id":"n598684803","station_name":"Bahnhof Neustadt"},{"station_id":"junc:13.74072:51.06480","station_name":""},{"station_id":"n1703242760","station_name":"Albertplatz (Erich-Kästner-Museum)"},{"station_id":"junc:13.75146:51.06301","station_name":""},{"station_id":"n3137622058","station_name":"Bautzner Straße / Rothenburger Straße"},{"station_id":"n2293552788","station_name":"Pulsnitzer Straße"},{"station_id":"n2293558135","station_name":"Diakonissenkrankenhaus"},{"station_id":"n2293585817","station_name":"Nordstraße"},{"station_id":"n201542949","station_name":"Waldschlößchen"},{"station_id":"n433059672","station_name":"Angelikastraße (Gedenkstätte Bautzner Straße)"},{"station_id":"n3160522703","station_name":"Wilhelminenstraße"},{"station_id":"n1152939368","station_name":"Elbschlösser"},{"station_id":"n2294679702","station_name":"Mordgrundbrücke"},{"station_id":"n2294780469","station_name":"Plattleite"},{"station_id":"n2294789016","station_name":"Am Weißen Adler"},{"station_id":"n2295410611","station_name":"Schwimmhalle Bühlau"},{"station_id":"n3161748250","station_name":"Hegereiterstraße"},{"station_id":"n2295422472","station_name":"Grundstraße"},{"station_id":"n201546998","station_name":"Bühlau, Ullersdorfer Platz"},{"station_id":"n2295466881","station_name":"Ullersdorfer Platz"},{"station_id":"n201546998","station_name":"Bühlau, Ullersdorfer Platz"}]},{"route_id":"r5421483","route_name":"Tram 20: Messe Dresden Sonderlinie","route_name_local":"Tram 20: Messe Dresden Sonderlinie","route_name_en":null,"route_ref":"20","route_color":"#f9b000","wikipedia":"de:Verkehrsverbund Oberelbe","osm_route_ids":[5421483],"status":null,"order_suspect":0,"span_suspect":0,"stations":[{"station_id":"n1278116783","station_name":"Messe, Gleisschleife"},{"station_id":"n1699517119","station_name":"Messe Dresden"},{"station_id":"n1299402694","station_name":"Messering (Halle 1)"},{"station_id":"n1299402679","station_name":"Alberthafen"},{"station_id":"n1299402744","station_name":"Vorwerkstraße"},{"station_id":"n333748474","station_name":"Krankenhaus Friedrichstadt (Sportpark Ostra)"},{"station_id":"n2261895949","station_name":"Weißeritzstraße"},{"station_id":"junc:13.72583:51.05685","station_name":""},{"station_id":"n1150742531","station_name":"Maxstraße"},{"station_id":"junc:13.72849:51.05654","station_name":""},{"station_id":"n316713924","station_name":"Am Zwingerteich"},{"station_id":"n2102006632","station_name":"Postplatz"},{"station_id":"n712415502","station_name":"Prager Straße"},{"station_id":"n997588698","station_name":"Walpurgisstraße"},{"station_id":"n988900797","station_name":"Hauptbahnhof Nord"},{"station_id":"junc:13.73488:51.04037","station_name":""},{"station_id":"n988900741","station_name":"Hauptbahnhof"},{"station_id":"n91486560","station_name":"Budapester Straße"},{"station_id":"n94174019","station_name":"S-Bahnhof Freiberger Straße"},{"station_id":"n1699677761","station_name":"Bahnhof Mitte / Könneritzstraße"},{"station_id":"n2261895949","station_name":"Weißeritzstraße"},{"station_id":"n333748474","station_name":"Krankenhaus Friedrichstadt (Sportpark Ostra)"},{"station_id":"n1299402744","station_name":"Vorwerkstraße"},{"station_id":"n1299402679","station_name":"Alberthafen"},{"station_id":"n1299402694","station_name":"Messering (Halle 1)"},{"station_id":"n1699517119","station_name":"Messe Dresden"},{"station_id":"n1278116783","station_name":"Messe, Gleisschleife"}]}],"route_count":2,"route_refs":["11","20"],"route_colors":["#c2ddaf","#f9b000"],"city":"Dresden","country":"Germany"},"geometry":{"type":"MultiLineString","coordinates":[[[13.733756056249998,51.050101637500006],[13.7303163,51.054524]]]}},{"type":"Feature","properties":{"seg_id":"dresden-37","routes":[{"route_id":"rm5186677","route_name":"Tram 10: Messe Dresden <> Striesen","route_name_local":"Tram 10: Messe Dresden <> Striesen","route_name_en":null,"route_ref":"10","route_color":"#f9b000","wikipedia":"de:Verkehrsverbund Oberelbe","osm_route_ids":[51822,2819852],"status":null,"order_suspect":0,"span_suspect":0,"stations":[{"station_id":"n1278116783","station_name":"Messe, Gleisschleife"},{"station_id":"n1699517119","station_name":"Messe Dresden"},{"station_id":"n1299402694","station_name":"Messering (Halle 1)"},{"station_id":"n1299402679","station_name":"Alberthafen"},{"station_id":"n1299402744","station_name":"Vorwerkstraße"},{"station_id":"n333748474","station_name":"Krankenhaus Friedrichstadt (Sportpark Ostra)"},{"station_id":"n2261895949","station_name":"Weißeritzstraße"},{"station_id":"n1699677761","station_name":"Bahnhof Mitte / Könneritzstraße"},{"station_id":"n94174019","station_name":"S-Bahnhof Freiberger Straße"},{"station_id":"n91486560","station_name":"Budapester Straße"},{"station_id":"n988900741","station_name":"Hauptbahnhof"},{"station_id":"junc:13.73488:51.04037","station_name":""},{"station_id":"n197551704","station_name":"Gret-Palucca-Straße"},{"station_id":"n103928327","station_name":"Lennéplatz"},{"station_id":"n247170108","station_name":"Georg-Arnhold-Bad (Deutsches Hygiene-Museum)"},{"station_id":"n302411628","station_name":"Straßburger Platz (Gläserne Manufaktur)"},{"station_id":"n247164846","station_name":"Krankenhaus St. Joseph-Stift"},{"station_id":"n247167118","station_name":"Fetscherplatz"},{"station_id":"n3057031845","station_name":"Mosenstraße"},{"station_id":"n3057141424","station_name":"Spenerstraße"},{"station_id":"n3057141419","station_name":"Bergmannstraße"},{"station_id":"n1535249293","station_name":"Pohlandplatz (Technische Sammlungen)"},{"station_id":"n3057282587","station_name":"Gottleubaer Straße"},{"station_id":"n1299402673","station_name":"Striesen, Emanuel-Goldberg-Platz"},{"station_id":"n2204145206","station_name":"Striesen, Ludwig-Hartmann-Straße"}]},{"route_id":"r5421483","route_name":"Tram 20: Messe Dresden Sonderlinie","route_name_local":"Tram 20: Messe Dresden Sonderlinie","route_name_en":null,"route_ref":"20","route_color":"#f9b000","wikipedia":"de:Verkehrsverbund Oberelbe","osm_route_ids":[5421483],"status":null,"order_suspect":0,"span_suspect":0,"stations":[{"station_id":"n1278116783","station_name":"Messe, Gleisschleife"},{"station_id":"n1699517119","station_name":"Messe Dresden"},{"station_id":"n1299402694","station_name":"Messering (Halle 1)"},{"station_id":"n1299402679","station_name":"Alberthafen"},{"station_id":"n1299402744","station_name":"Vorwerkstraße"},{"station_id":"n333748474","station_name":"Krankenhaus Friedrichstadt (Sportpark Ostra)"},{"station_id":"n2261895949","station_name":"Weißeritzstraße"},{"station_id":"junc:13.72583:51.05685","station_name":""},{"station_id":"n1150742531","station_name":"Maxstraße"},{"station_id":"junc:13.72849:51.05654","station_name":""},{"station_id":"n316713924","station_name":"Am Zwingerteich"},{"station_id":"n2102006632","station_name":"Postplatz"},{"station_id":"n712415502","station_name":"Prager Straße"},{"station_id":"n997588698","station_name":"Walpurgisstraße"},{"station_id":"n988900797","station_name":"Hauptbahnhof Nord"},{"station_id":"junc:13.73488:51.04037","station_name":""},{"station_id":"n988900741","station_name":"Hauptbahnhof"},{"station_id":"n91486560","station_name":"Budapester Straße"},{"station_id":"n94174019","station_name":"S-Bahnhof Freiberger Straße"},{"station_id":"n1699677761","station_name":"Bahnhof Mitte / Könneritzstraße"},{"station_id":"n2261895949","station_name":"Weißeritzstraße"},{"station_id":"n333748474","station_name":"Krankenhaus Friedrichstadt (Sportpark Ostra)"},{"station_id":"n1299402744","station_name":"Vorwerkstraße"},{"station_id":"n1299402679","station_name":"Alberthafen"},{"station_id":"n1299402694","station_name":"Messering (Halle 1)"},{"station_id":"n1699517119","station_name":"Messe Dresden"},{"station_id":"n1278116783","station_name":"Messe, Gleisschleife"}]}],"route_count":2,"route_refs":["10","20"],"route_colors":["#f9b000","#f9b000"],"city":"Dresden","country":"Germany"},"geometry":{"type":"MultiLineString","coordinates":[[[13.7148741,51.0724362],[13.714392100000001,51.070133299999995],[13.716431,51.0676917],[13.7156691,51.0633452],[13.7148661,51.0617066],[13.717835000000001,51.06000805],[13.7235219,51.0581836],[13.72416955,51.0556095],[13.720935725,51.049009775]]]}},{"type":"Feature","properties":{"seg_id":"dresden-38","routes":[{"route_id":"rm5186677","route_name":"Tram 10: Messe Dresden <> Striesen","route_name_local":"Tram 10: Messe Dresden <> Striesen","route_name_en":null,"route_ref":"10","route_color":"#f9b000","wikipedia":"de:Verkehrsverbund Oberelbe","osm_route_ids":[51822,2819852],"status":null,"order_suspect":0,"span_suspect":0,"stations":[{"station_id":"n1278116783","station_name":"Messe, Gleisschleife"},{"station_id":"n1699517119","station_name":"Messe Dresden"},{"station_id":"n1299402694","station_name":"Messering (Halle 1)"},{"station_id":"n1299402679","station_name":"Alberthafen"},{"station_id":"n1299402744","station_name":"Vorwerkstraße"},{"station_id":"n333748474","station_name":"Krankenhaus Friedrichstadt (Sportpark Ostra)"},{"station_id":"n2261895949","station_name":"Weißeritzstraße"},{"station_id":"n1699677761","station_name":"Bahnhof Mitte / Könneritzstraße"},{"station_id":"n94174019","station_name":"S-Bahnhof Freiberger Straße"},{"station_id":"n91486560","station_name":"Budapester Straße"},{"station_id":"n988900741","station_name":"Hauptbahnhof"},{"station_id":"junc:13.73488:51.04037","station_name":""},{"station_id":"n197551704","station_name":"Gret-Palucca-Straße"},{"station_id":"n103928327","station_name":"Lennéplatz"},{"station_id":"n247170108","station_name":"Georg-Arnhold-Bad (Deutsches Hygiene-Museum)"},{"station_id":"n302411628","station_name":"Straßburger Platz (Gläserne Manufaktur)"},{"station_id":"n247164846","station_name":"Krankenhaus St. Joseph-Stift"},{"station_id":"n247167118","station_name":"Fetscherplatz"},{"station_id":"n3057031845","station_name":"Mosenstraße"},{"station_id":"n3057141424","station_name":"Spenerstraße"},{"station_id":"n3057141419","station_name":"Bergmannstraße"},{"station_id":"n1535249293","station_name":"Pohlandplatz (Technische Sammlungen)"},{"station_id":"n3057282587","station_name":"Gottleubaer Straße"},{"station_id":"n1299402673","station_name":"Striesen, Emanuel-Goldberg-Platz"},{"station_id":"n2204145206","station_name":"Striesen, Ludwig-Hartmann-Straße"}]},{"route_id":"rm2675693","route_name":"Tram 7: Weixdorf <> Pennrich","route_name_local":"Tram 7: Weixdorf <> Pennrich","route_name_en":null,"route_ref":"7","route_color":"#9e0234","wikipedia":"de:Verkehrsverbund Oberelbe","osm_route_ids":[1894481,1894482],"status":null,"order_suspect":0,"span_suspect":0,"stations":[{"station_id":"n443379404","station_name":"Weixdorf, Rathenaustraße"},{"station_id":"n1534522247","station_name":"Haltepunkt Weixdorf Bad"},{"station_id":"n104212154","station_name":"Fuchsberg"},{"station_id":"n104177481","station_name":"Industriepark Klotzsche"},{"station_id":"n248532963","station_name":"Arkonastraße"},{"station_id":"n3139326501","station_name":"Käthe-Kollwitz-Platz"},{"station_id":"n3139175437","station_name":"Zur Neuen Brücke"},{"station_id":"n248532966","station_name":"Karl-Marx-Straße"},{"station_id":"n101122765","station_name":"Infineon Nord"},{"station_id":"n313015460","station_name":"Infineon Süd (Abzweig nach Hellerau)"},{"station_id":"junc:13.76993:51.10223","station_name":""},{"station_id":"n99948969","station_name":"Moritzburger Weg"},{"station_id":"n1534522276","station_name":"Hellersiedlung"},{"station_id":"n99948955","station_name":"S-Bahnhof Industriegelände"},{"station_id":"n1534522265","station_name":"Heeresbäckerei (Stadtarchiv)"},{"station_id":"n317000141","station_name":"Stauffenbergallee (Militärhistorisches Museum)"},{"station_id":"n2272193398","station_name":"Tannenstraße (Goethe-Institut)"},{"station_id":"n438606702","station_name":"Bischofsweg"},{"station_id":"n2272189456","station_name":"Louisenstraße"},{"station_id":"n1703242760","station_name":"Albertplatz (Erich-Kästner-Museum)"},{"station_id":"n598687725","station_name":"Carolaplatz (Regierungsviertel)"},{"station_id":"n3607726821","station_name":"Neustädter Markt"},{"station_id":"n2030526228","station_name":"Theaterplatz"},{"station_id":"junc:13.73325:51.05123","station_name":""},{"station_id":"n2102006632","station_name":"Postplatz"},{"station_id":"n712415502","station_name":"Prager Straße"},{"station_id":"n997588698","station_name":"Walpurgisstraße"},{"station_id":"n988900797","station_name":"Hauptbahnhof Nord"},{"station_id":"junc:13.73488:51.04037","station_name":""},{"station_id":"n988900741","station_name":"Hauptbahnhof"},{"station_id":"n91486560","station_name":"Budapester Straße"},{"station_id":"n94174019","station_name":"S-Bahnhof Freiberger Straße"},{"station_id":"n2270172153","station_name":"Florastraße"},{"station_id":"n2270171064","station_name":"Oederaner Straße"},{"station_id":"n203835221","station_name":"Löbtau, Tharandter Straße"},{"station_id":"n2092458040","station_name":"Bünaustraße"},{"station_id":"junc:13.69460:51.04315","station_name":""},{"station_id":"n2268676985","station_name":"Malterstraße"},{"station_id":"n2268694425","station_name":"Koblenzer Straße"},{"station_id":"n29999456","station_name":"Julius-Vahlteich-Straße"},{"station_id":"n197839497","station_name":"Amalie-Dietrich-Platz"},{"station_id":"n29999448","station_name":"Merianplatz"},{"station_id":"n126667149","station_name":"Kirschenstraße"},{"station_id":"n29999464","station_name":"Schlehenstraße"},{"station_id":"n249431104","station_name":"Gorbitz, Betriebshof"},{"station_id":"n315238529","station_name":"Altnossener Straße"},{"station_id":"n1534522486","station_name":"Rudolf-Walther-Straße"},{"station_id":"n248219526","station_name":"Gompitz, Gompitzer Höhe"},{"station_id":"n1534522454","station_name":"Pennrich, Gleisschleife"}]},{"route_id":"r5421483","route_name":"Tram 20: Messe Dresden Sonderlinie","route_name_local":"Tram 20: Messe Dresden Sonderlinie","route_name_en":null,"route_ref":"20","route_color":"#f9b000","wikipedia":"de:Verkehrsverbund Oberelbe","osm_route_ids":[5421483],"status":null,"order_suspect":0,"span_suspect":0,"stations":[{"station_id":"n1278116783","station_name":"Messe, Gleisschleife"},{"station_id":"n1699517119","station_name":"Messe Dresden"},{"station_id":"n1299402694","station_name":"Messering (Halle 1)"},{"station_id":"n1299402679","station_name":"Alberthafen"},{"station_id":"n1299402744","station_name":"Vorwerkstraße"},{"station_id":"n333748474","station_name":"Krankenhaus Friedrichstadt (Sportpark Ostra)"},{"station_id":"n2261895949","station_name":"Weißeritzstraße"},{"station_id":"junc:13.72583:51.05685","station_name":""},{"station_id":"n1150742531","station_name":"Maxstraße"},{"station_id":"junc:13.72849:51.05654","station_name":""},{"station_id":"n316713924","station_name":"Am Zwingerteich"},{"station_id":"n2102006632","station_name":"Postplatz"},{"station_id":"n712415502","station_name":"Prager Straße"},{"station_id":"n997588698","station_name":"Walpurgisstraße"},{"station_id":"n988900797","station_name":"Hauptbahnhof Nord"},{"station_id":"junc:13.73488:51.04037","station_name":""},{"station_id":"n988900741","station_name":"Hauptbahnhof"},{"station_id":"n91486560","station_name":"Budapester Straße"},{"station_id":"n94174019","station_name":"S-Bahnhof Freiberger Straße"},{"station_id":"n1699677761","station_name":"Bahnhof Mitte / Könneritzstraße"},{"station_id":"n2261895949","station_name":"Weißeritzstraße"},{"station_id":"n333748474","station_name":"Krankenhaus Friedrichstadt (Sportpark Ostra)"},{"station_id":"n1299402744","station_name":"Vorwerkstraße"},{"station_id":"n1299402679","station_name":"Alberthafen"},{"station_id":"n1299402694","station_name":"Messering (Halle 1)"},{"station_id":"n1699517119","station_name":"Messe Dresden"},{"station_id":"n1278116783","station_name":"Messe, Gleisschleife"}]}],"route_count":3,"route_refs":["10","7","20"],"route_colors":["#f9b000","#9e0234","#f9b000"],"city":"Dresden","country":"Germany"},"geometry":{"type":"MultiLineString","coordinates":[[[13.720935725,51.049009775],[13.7250155,51.0438074],[13.733109725,51.040272925]]]}},{"type":"Feature","properties":{"seg_id":"dresden-39","routes":[{"route_id":"rm5186677","route_name":"Tram 10: Messe Dresden <> Striesen","route_name_local":"Tram 10: Messe Dresden <> Striesen","route_name_en":null,"route_ref":"10","route_color":"#f9b000","wikipedia":"de:Verkehrsverbund Oberelbe","osm_route_ids":[51822,2819852],"status":null,"order_suspect":0,"span_suspect":0,"stations":[{"station_id":"n1278116783","station_name":"Messe, Gleisschleife"},{"station_id":"n1699517119","station_name":"Messe Dresden"},{"station_id":"n1299402694","station_name":"Messering (Halle 1)"},{"station_id":"n1299402679","station_name":"Alberthafen"},{"station_id":"n1299402744","station_name":"Vorwerkstraße"},{"station_id":"n333748474","station_name":"Krankenhaus Friedrichstadt (Sportpark Ostra)"},{"station_id":"n2261895949","station_name":"Weißeritzstraße"},{"station_id":"n1699677761","station_name":"Bahnhof Mitte / Könneritzstraße"},{"station_id":"n94174019","station_name":"S-Bahnhof Freiberger Straße"},{"station_id":"n91486560","station_name":"Budapester Straße"},{"station_id":"n988900741","station_name":"Hauptbahnhof"},{"station_id":"junc:13.73488:51.04037","station_name":""},{"station_id":"n197551704","station_name":"Gret-Palucca-Straße"},{"station_id":"n103928327","station_name":"Lennéplatz"},{"station_id":"n247170108","station_name":"Georg-Arnhold-Bad (Deutsches Hygiene-Museum)"},{"station_id":"n302411628","station_name":"Straßburger Platz (Gläserne Manufaktur)"},{"station_id":"n247164846","station_name":"Krankenhaus St. Joseph-Stift"},{"station_id":"n247167118","station_name":"Fetscherplatz"},{"station_id":"n3057031845","station_name":"Mosenstraße"},{"station_id":"n3057141424","station_name":"Spenerstraße"},{"station_id":"n3057141419","station_name":"Bergmannstraße"},{"station_id":"n1535249293","station_name":"Pohlandplatz (Technische Sammlungen)"},{"station_id":"n3057282587","station_name":"Gottleubaer Straße"},{"station_id":"n1299402673","station_name":"Striesen, Emanuel-Goldberg-Platz"},{"station_id":"n2204145206","station_name":"Striesen, Ludwig-Hartmann-Straße"}]},{"route_id":"rm5186435","route_name":"Tram 9","route_name_local":"Tram 9","route_name_en":null,"route_ref":"9","route_color":"#c9061a","wikipedia":"de:Verkehrsverbund Oberelbe","osm_route_ids":[1812888,1812889],"status":null,"order_suspect":0,"span_suspect":0,"stations":[{"station_id":"n198170827","station_name":"Kaditz, Riegelplatz"},{"station_id":"n198170269","station_name":"Washingtonstraße"},{"station_id":"n248643753","station_name":"Elbepark"},{"station_id":"n248643752","station_name":"Sörnewitzer Straße"},{"station_id":"n151013122","station_name":"An der Flutrinne"},{"station_id":"n9493141425","station_name":"Brockwitzer Straße"},{"station_id":"n199462776","station_name":"Trachauer Straße"},{"station_id":"n164388310","station_name":"Mickten"},{"station_id":"junc:13.71460:51.07950","station_name":""},{"station_id":"n1535249151","station_name":"Altpieschen"},{"station_id":"n2197973362","station_name":"Oschatzer Straße"},{"station_id":"n2198004340","station_name":"Alexander-Puschkin-Platz"},{"station_id":"n26423972","station_name":"Alter Schlachthof"},{"station_id":"n30893823","station_name":"Antonstraße / Leipziger Straße"},{"station_id":"n1535249290","station_name":"Palaisplatz (Japanisches Palais)"},{"station_id":"n3607726821","station_name":"Neustädter Markt"},{"station_id":"n2030526228","station_name":"Theaterplatz"},{"station_id":"junc:13.73325:51.05123","station_name":""},{"station_id":"n2102006632","station_name":"Postplatz"},{"station_id":"n1481074063","station_name":"Altmarkt"},{"station_id":"n1531054674","station_name":"Pirnaischer Platz (Stadtmuseum)"},{"station_id":"junc:13.74664:51.04885","station_name":""},{"station_id":"n1481074070","station_name":"Deutsches Hygiene-Museum"},{"station_id":"n302411628","station_name":"Straßburger Platz (Gläserne Manufaktur)"},{"station_id":"n247164846","station_name":"Krankenhaus St. Joseph-Stift"},{"station_id":"n247167118","station_name":"Fetscherplatz"},{"station_id":"n3057031845","station_name":"Mosenstraße"},{"station_id":"n3057141424","station_name":"Spenerstraße"},{"station_id":"n3057141419","station_name":"Bergmannstraße"},{"station_id":"n1535249293","station_name":"Pohlandplatz (Technische Sammlungen)"},{"station_id":"n3057282587","station_name":"Gottleubaer Straße"},{"station_id":"n1299402673","station_name":"Striesen, Emanuel-Goldberg-Platz"},{"station_id":"n2204145206","station_name":"Striesen, Ludwig-Hartmann-Straße"},{"station_id":"n1152939366","station_name":"Johannisfriedhof"},{"station_id":"n3058661317","station_name":"Tolkewitz Schulcampus"},{"station_id":"n248219396","station_name":"Wasserwerk Tolkewitz"},{"station_id":"n1535249155","station_name":"Alttolkewitz"},{"station_id":"n3069863291","station_name":"Hermann-Seidel-Straße"},{"station_id":"junc:13.83743:51.02503","station_name":""},{"station_id":"n3070070350","station_name":"Leubener Straße"},{"station_id":"n1535249304","station_name":"Laubegast, Kronstädter Platz"}]},{"route_id":"rm2690192","route_name":"Tram 12","route_name_local":"Tram 12","route_name_en":null,"route_ref":"12","route_color":"#006b42","wikipedia":"de:Verkehrsverbund Oberelbe","osm_route_ids":[1913600,1913601],"status":null,"order_suspect":0,"span_suspect":0,"stations":[{"station_id":"n2204145206","station_name":"Striesen, Ludwig-Hartmann-Straße"},{"station_id":"n2249378490","station_name":"Gustav-Freytag-Straße"},{"station_id":"n2249391575","station_name":"Heinrich-Schütz-Straße"},{"station_id":"n3123485859","station_name":"Jüngststraße"},{"station_id":"n3123615227","station_name":"Blasewitz, Schillerplatz"},{"station_id":"n3123619045","station_name":"Prellerstraße"},{"station_id":"n2249679758","station_name":"Lene-Glatzer-Straße"},{"station_id":"n2250469190","station_name":"Königsheimplatz"},{"station_id":"n2250518300","station_name":"Augsburger Straße (Universitätsklinikum)"},{"station_id":"junc:13.77815:51.05294","station_name":""},{"station_id":"n2251164068","station_name":"Blasewitzer Straße / Fetscherstraße"},{"station_id":"n2251193229","station_name":"Gabelsbergerstraße"},{"station_id":"n247167118","station_name":"Fetscherplatz"},{"station_id":"n247164846","station_name":"Krankenhaus St. Joseph-Stift"},{"station_id":"n302411628","station_name":"Straßburger Platz (Gläserne Manufaktur)"},{"station_id":"n1481074070","station_name":"Deutsches Hygiene-Museum"},{"station_id":"junc:13.74664:51.04885","station_name":""},{"station_id":"n1531054674","station_name":"Pirnaischer Platz (Stadtmuseum)"},{"station_id":"junc:13.74036:51.04709","station_name":""},{"station_id":"n712415502","station_name":"Prager Straße"},{"station_id":"n2102006632","station_name":"Postplatz"},{"station_id":"junc:13.72981:51.05083","station_name":""},{"station_id":"n1547113330","station_name":"Schwimmhalle Freiberger Platz"},{"station_id":"n94174019","station_name":"S-Bahnhof Freiberger Straße"},{"station_id":"n2270172153","station_name":"Florastraße"},{"station_id":"n2270171064","station_name":"Oederaner Straße"},{"station_id":"n203835221","station_name":"Löbtau, Tharandter Straße"},{"station_id":"n2092458040","station_name":"Bünaustraße"},{"station_id":"n3146085861","station_name":"Conertplatz"},{"station_id":"n3146085852","station_name":"Pennricher Straße"},{"station_id":"n3146023349","station_name":"Birkenhainer Straße"},{"station_id":"n3146023350","station_name":"Altcotta"},{"station_id":"n1547113385","station_name":"Ockerwitzer Straße"},{"station_id":"n2278271794","station_name":"Cossebauder Straße"},{"station_id":"n2278287739","station_name":"Cotta, Gottfried-Keller-Straße"},{"station_id":"n3528256098","station_name":"Leutewitz"}]}],"route_count":3,"route_refs":["10","9","12"],"route_colors":["#f9b000","#c9061a","#006b42"],"city":"Dresden","country":"Germany"},"geometry":{"type":"MultiLineString","coordinates":[[[13.755485066666665,51.04607611666666],[13.76325505,51.046786850000004],[13.770635266666666,51.04618326666667]]]}},{"type":"Feature","properties":{"seg_id":"dresden-40","routes":[{"route_id":"rm5186677","route_name":"Tram 10: Messe Dresden <> Striesen","route_name_local":"Tram 10: Messe Dresden <> Striesen","route_name_en":null,"route_ref":"10","route_color":"#f9b000","wikipedia":"de:Verkehrsverbund Oberelbe","osm_route_ids":[51822,2819852],"status":null,"order_suspect":0,"span_suspect":0,"stations":[{"station_id":"n1278116783","station_name":"Messe, Gleisschleife"},{"station_id":"n1699517119","station_name":"Messe Dresden"},{"station_id":"n1299402694","station_name":"Messering (Halle 1)"},{"station_id":"n1299402679","station_name":"Alberthafen"},{"station_id":"n1299402744","station_name":"Vorwerkstraße"},{"station_id":"n333748474","station_name":"Krankenhaus Friedrichstadt (Sportpark Ostra)"},{"station_id":"n2261895949","station_name":"Weißeritzstraße"},{"station_id":"n1699677761","station_name":"Bahnhof Mitte / Könneritzstraße"},{"station_id":"n94174019","station_name":"S-Bahnhof Freiberger Straße"},{"station_id":"n91486560","station_name":"Budapester Straße"},{"station_id":"n988900741","station_name":"Hauptbahnhof"},{"station_id":"junc:13.73488:51.04037","station_name":""},{"station_id":"n197551704","station_name":"Gret-Palucca-Straße"},{"station_id":"n103928327","station_name":"Lennéplatz"},{"station_id":"n247170108","station_name":"Georg-Arnhold-Bad (Deutsches Hygiene-Museum)"},{"station_id":"n302411628","station_name":"Straßburger Platz (Gläserne Manufaktur)"},{"station_id":"n247164846","station_name":"Krankenhaus St. Joseph-Stift"},{"station_id":"n247167118","station_name":"Fetscherplatz"},{"station_id":"n3057031845","station_name":"Mosenstraße"},{"station_id":"n3057141424","station_name":"Spenerstraße"},{"station_id":"n3057141419","station_name":"Bergmannstraße"},{"station_id":"n1535249293","station_name":"Pohlandplatz (Technische Sammlungen)"},{"station_id":"n3057282587","station_name":"Gottleubaer Straße"},{"station_id":"n1299402673","station_name":"Striesen, Emanuel-Goldberg-Platz"},{"station_id":"n2204145206","station_name":"Striesen, Ludwig-Hartmann-Straße"}]},{"route_id":"rm5186435","route_name":"Tram 9","route_name_local":"Tram 9","route_name_en":null,"route_ref":"9","route_color":"#c9061a","wikipedia":"de:Verkehrsverbund Oberelbe","osm_route_ids":[1812888,1812889],"status":null,"order_suspect":0,"span_suspect":0,"stations":[{"station_id":"n198170827","station_name":"Kaditz, Riegelplatz"},{"station_id":"n198170269","station_name":"Washingtonstraße"},{"station_id":"n248643753","station_name":"Elbepark"},{"station_id":"n248643752","station_name":"Sörnewitzer Straße"},{"station_id":"n151013122","station_name":"An der Flutrinne"},{"station_id":"n9493141425","station_name":"Brockwitzer Straße"},{"station_id":"n199462776","station_name":"Trachauer Straße"},{"station_id":"n164388310","station_name":"Mickten"},{"station_id":"junc:13.71460:51.07950","station_name":""},{"station_id":"n1535249151","station_name":"Altpieschen"},{"station_id":"n2197973362","station_name":"Oschatzer Straße"},{"station_id":"n2198004340","station_name":"Alexander-Puschkin-Platz"},{"station_id":"n26423972","station_name":"Alter Schlachthof"},{"station_id":"n30893823","station_name":"Antonstraße / Leipziger Straße"},{"station_id":"n1535249290","station_name":"Palaisplatz (Japanisches Palais)"},{"station_id":"n3607726821","station_name":"Neustädter Markt"},{"station_id":"n2030526228","station_name":"Theaterplatz"},{"station_id":"junc:13.73325:51.05123","station_name":""},{"station_id":"n2102006632","station_name":"Postplatz"},{"station_id":"n1481074063","station_name":"Altmarkt"},{"station_id":"n1531054674","station_name":"Pirnaischer Platz (Stadtmuseum)"},{"station_id":"junc:13.74664:51.04885","station_name":""},{"station_id":"n1481074070","station_name":"Deutsches Hygiene-Museum"},{"station_id":"n302411628","station_name":"Straßburger Platz (Gläserne Manufaktur)"},{"station_id":"n247164846","station_name":"Krankenhaus St. Joseph-Stift"},{"station_id":"n247167118","station_name":"Fetscherplatz"},{"station_id":"n3057031845","station_name":"Mosenstraße"},{"station_id":"n3057141424","station_name":"Spenerstraße"},{"station_id":"n3057141419","station_name":"Bergmannstraße"},{"station_id":"n1535249293","station_name":"Pohlandplatz (Technische Sammlungen)"},{"station_id":"n3057282587","station_name":"Gottleubaer Straße"},{"station_id":"n1299402673","station_name":"Striesen, Emanuel-Goldberg-Platz"},{"station_id":"n2204145206","station_name":"Striesen, Ludwig-Hartmann-Straße"},{"station_id":"n1152939366","station_name":"Johannisfriedhof"},{"station_id":"n3058661317","station_name":"Tolkewitz Schulcampus"},{"station_id":"n248219396","station_name":"Wasserwerk Tolkewitz"},{"station_id":"n1535249155","station_name":"Alttolkewitz"},{"station_id":"n3069863291","station_name":"Hermann-Seidel-Straße"},{"station_id":"junc:13.83743:51.02503","station_name":""},{"station_id":"n3070070350","station_name":"Leubener Straße"},{"station_id":"n1535249304","station_name":"Laubegast, Kronstädter Platz"}]}],"route_count":2,"route_refs":["10","9"],"route_colors":["#f9b000","#c9061a"],"city":"Dresden","country":"Germany"},"geometry":{"type":"MultiLineString","coordinates":[[[13.770635266666666,51.04618326666667],[13.777725,51.044820275],[13.7824776,51.043617850000004],[13.787778433333331,51.0432817],[13.79448515,51.0429441],[13.800654175,51.04127815],[13.805412500000001,51.0395883],[13.808762866666667,51.03821678333333]]]}},{"type":"Feature","properties":{"seg_id":"dresden-41","routes":[{"route_id":"rm5185991","route_name":"Tram 1","route_name_local":"Tram 1","route_name_en":null,"route_ref":"1","route_color":"#e4002c","wikipedia":"de:Verkehrsverbund Oberelbe","osm_route_ids":[1810982,1812883],"status":null,"order_suspect":0,"span_suspect":0,"stations":[{"station_id":"n1481074119","station_name":"Prohlis, Gleisschleife"},{"station_id":"junc:13.79686:51.00040","station_name":""},{"station_id":"n1481074073","station_name":"Georg-Palitzsch-Straße"},{"station_id":"n1483327274","station_name":"Jacob-Winter-Platz (Prohlis-Zentrum)"},{"station_id":"n1481074061","station_name":"Albert-Wolf-Platz"},{"station_id":"n1481074079","station_name":"S-Bahnhof Dobritz"},{"station_id":"n1531054667","station_name":"Breitscheidstraße"},{"station_id":"n1481074059","station_name":"Abzweig nach Reick"},{"station_id":"n1481074083","station_name":"Lassallestraße"},{"station_id":"n1481074101","station_name":"Prof.-Ricker-Straße"},{"station_id":"n1481074090","station_name":"Marienberger Straße"},{"station_id":"n1481074381","station_name":"Rennplatzstraße"},{"station_id":"n1481074380","station_name":"Rauensteinstraße"},{"station_id":"n1481074085","station_name":"Liebstädter Straße"},{"station_id":"n708446868","station_name":"Zwinglistraße"},{"station_id":"n1481074082","station_name":"Karcherallee"},{"station_id":"n1481074087","station_name":"Lipsiusstraße"},{"station_id":"n1481074067","station_name":"Comeniusplatz"},{"station_id":"n302411628","station_name":"Straßburger Platz (Gläserne Manufaktur)"},{"station_id":"n1481074070","station_name":"Deutsches Hygiene-Museum"},{"station_id":"junc:13.74664:51.04885","station_name":""},{"station_id":"n1531054674","station_name":"Pirnaischer Platz (Stadtmuseum)"},{"station_id":"n1481074063","station_name":"Altmarkt"},{"station_id":"n2102006632","station_name":"Postplatz"},{"station_id":"junc:13.72981:51.05083","station_name":""},{"station_id":"n1481074382","station_name":"Schweriner Straße (Hochschule für Musik)"},{"station_id":"n283339711","station_name":"Bahnhof Mitte / Jahnstraße"},{"station_id":"junc:13.72039:51.05487","station_name":""},{"station_id":"n203804853","station_name":"Koreanischer Platz"},{"station_id":"n2277961679","station_name":"Manitiusstraße"},{"station_id":"n2277991354","station_name":"Waltherstraße"},{"station_id":"n2277997856","station_name":"Hamburger Straße"},{"station_id":"n1481074065","station_name":"Bremer Straße"},{"station_id":"n1481074071","station_name":"Flügelweg"},{"station_id":"n2278271794","station_name":"Cossebauder Straße"},{"station_id":"n2278287739","station_name":"Cotta, Gottfried-Keller-Straße"},{"station_id":"n3528256098","station_name":"Leutewitz"}]},{"route_id":"rm5186751","route_name":"Tram 13","route_name_local":"Tram 13","route_name_en":null,"route_ref":"13","route_color":"#fdc300","wikipedia":"de:Verkehrsverbund Oberelbe","osm_route_ids":[1812884,1812885,1812886,1812887],"status":null,"order_suspect":0,"span_suspect":0,"stations":[{"station_id":"n1481074119","station_name":"Prohlis, Gleisschleife"},{"station_id":"junc:13.79686:51.00040","station_name":""},{"station_id":"n1481074073","station_name":"Georg-Palitzsch-Straße"},{"station_id":"n1483327274","station_name":"Jacob-Winter-Platz (Prohlis-Zentrum)"},{"station_id":"n1481074061","station_name":"Albert-Wolf-Platz"},{"station_id":"n268018285","station_name":"Trattendorfer Straße"},{"station_id":"n2243373035","station_name":"Altreick"},{"station_id":"n3160218185","station_name":"Hülßestraße"},{"station_id":"n3160218161","station_name":"Lohrmannstraße"},{"station_id":"n3160217646","station_name":"Wieckestraße"},{"station_id":"n3160217634","station_name":"Otto-Dix-Ring"},{"station_id":"n3160217622","station_name":"Eugen-Bracht-Straße"},{"station_id":"n2243029501","station_name":"Cäcilienstraße"},{"station_id":"n3151883421","station_name":"Hugo-Bürkner-Straße"},{"station_id":"n3151883406","station_name":"Mockritzer Straße"},{"station_id":"n2242733186","station_name":"Wasaplatz"},{"station_id":"n6703868143","station_name":"S-Bahnhof Strehlen"},{"station_id":"n3151728783","station_name":"Querallee"},{"station_id":"n3151728355","station_name":"Zoo"},{"station_id":"junc:13.74868:51.03747","station_name":""},{"station_id":"n103928327","station_name":"Lennéplatz"},{"station_id":"n247170108","station_name":"Georg-Arnhold-Bad (Deutsches Hygiene-Museum)"},{"station_id":"n302411628","station_name":"Straßburger Platz (Gläserne Manufaktur)"},{"station_id":"n2234280244","station_name":"Sankt-Benno-Gymnasium"},{"station_id":"n3137455895","station_name":"Dürerstraße (Evangelische Hochschule)"},{"station_id":"junc:13.75795:51.05404","station_name":""},{"station_id":"n198206259","station_name":"Sachsenallee"},{"station_id":"n247167120","station_name":"Rosa-Luxemburg-Platz"},{"station_id":"n3137622058","station_name":"Bautzner Straße / Rothenburger Straße"},{"station_id":"n3137622112","station_name":"Görlitzer Straße (Nordbad)"},{"station_id":"n248632392","station_name":"Alaunplatz"},{"station_id":"n438606702","station_name":"Bischofsweg"},{"station_id":"n248632526","station_name":"S-Bahnhof Bischofsplatz"},{"station_id":"n924195564","station_name":"Friedensstraße"},{"station_id":"n598589141","station_name":"Liststraße"},{"station_id":"n248643762","station_name":"Bürgerstraße"},{"station_id":"n198197306","station_name":"Rathaus Pieschen"},{"station_id":"n1535249151","station_name":"Altpieschen"},{"station_id":"junc:13.71460:51.07950","station_name":""},{"station_id":"n164388310","station_name":"Mickten"},{"station_id":"n199462776","station_name":"Trachauer Straße"},{"station_id":"n9493141425","station_name":"Brockwitzer Straße"},{"station_id":"n151013122","station_name":"An der Flutrinne"},{"station_id":"n248643752","station_name":"Sörnewitzer Straße"},{"station_id":"n248643753","station_name":"Elbepark"},{"station_id":"n198170269","station_name":"Washingtonstraße"},{"station_id":"n198170827","station_name":"Kaditz, Riegelplatz"}]},{"route_id":"rm5186035","route_name":"Tram 4","route_name_local":"Tram 4","route_name_en":null,"route_ref":"4","route_color":"#92c255","wikipedia":"de:Verkehrsverbund Oberelbe","osm_route_ids":[1895461,1895462,1895463,1895464,2813709,2813811],"status":null,"order_suspect":0,"span_suspect":0,"stations":[{"station_id":"n68333849","station_name":"Weinböhla (Rathausstraße)"},{"station_id":"n3539408417","station_name":"Weinböhla, Gellertstraße"},{"station_id":"n68333843","station_name":"Weinböhla, Köhlerstraße"},{"station_id":"n68333831","station_name":"Coswig, Steinbacher Weg"},{"station_id":"n248641303","station_name":"Coswig, Auerstraße"},{"station_id":"n248641302","station_name":"Coswig, Salzstraße"},{"station_id":"n68333808","station_name":"Coswig, Rathaus"},{"station_id":"n69393959","station_name":"Coswig, Zentrum / Börse"},{"station_id":"n69393313","station_name":"Coswig, Radebeuler Straße"},{"station_id":"n248640364","station_name":"Radebeul, Eisenbahnbrücke"},{"station_id":"n248640363","station_name":"Radebeul, Gerhart-Hauptmann-Straße"},{"station_id":"n67373675","station_name":"Radebeul, Johannisbergstraße"},{"station_id":"n67373488","station_name":"Radebeul, Schloss Wackerbarth"},{"station_id":"n1535249173","station_name":"Radebeul West, Flemmingstraße"},{"station_id":"n1535249257","station_name":"Radebeul, Moritzburger Straße"},{"station_id":"n1123405476","station_name":"Radebeul, Gradsteg"},{"station_id":"n1535249162","station_name":"Radebeul, Borstraße"},{"station_id":"n1535249166","station_name":"Radebeul, Dr.-Külz-Straße"},{"station_id":"n1535249441","station_name":"Radebeul, Zillerstraße (Elblandklinikum)"},{"station_id":"n3053531658","station_name":"Radebeul, Landesbühnen Sachsen"},{"station_id":"n1535249436","station_name":"Radebeul, Wasastraße"},{"station_id":"n1535249432","station_name":"Radebeul, Schildenstraße"},{"station_id":"n1535249193","station_name":"Radebeul, Hauptstraße"},{"station_id":"n1535249442","station_name":"Radebeul, Zinzendorfstraße"},{"station_id":"n1535249175","station_name":"Radebeul, Forststraße"},{"station_id":"n2217680818","station_name":"Kleestraße"},{"station_id":"n1535249178","station_name":"S-Bahnhof Trachau West"},{"station_id":"n2217158593","station_name":"Peschelstraße"},{"station_id":"n251313472","station_name":"Rankestraße"},{"station_id":"n256130959","station_name":"Alttrachau"},{"station_id":"n164388310","station_name":"Mickten"},{"station_id":"junc:13.71460:51.07950","station_name":""},{"station_id":"n1535249151","station_name":"Altpieschen"},{"station_id":"n2197973362","station_name":"Oschatzer Straße"},{"station_id":"n2198004340","station_name":"Alexander-Puschkin-Platz"},{"station_id":"n26423972","station_name":"Alter Schlachthof"},{"station_id":"n30893823","station_name":"Antonstraße / Leipziger Straße"},{"station_id":"n1535249290","station_name":"Palaisplatz (Japanisches Palais)"},{"station_id":"n3607726821","station_name":"Neustädter Markt"},{"station_id":"n2030526228","station_name":"Theaterplatz"},{"station_id":"junc:13.73325:51.05123","station_name":""},{"station_id":"n2102006632","station_name":"Postplatz"},{"station_id":"n712415502","station_name":"Prager Straße"},{"station_id":"n997588698","station_name":"Walpurgisstraße"},{"station_id":"n988900797","station_name":"Hauptbahnhof Nord"},{"station_id":"junc:13.73488:51.04037","station_name":""},{"station_id":"n197551704","station_name":"Gret-Palucca-Straße"},{"station_id":"n103928327","station_name":"Lennéplatz"},{"station_id":"junc:13.74868:51.03747","station_name":""},{"station_id":"n3151728355","station_name":"Zoo"},{"station_id":"n3151728783","station_name":"Querallee"},{"station_id":"n6703868143","station_name":"S-Bahnhof Strehlen"},{"station_id":"n2242733186","station_name":"Wasaplatz"},{"station_id":"n3151883406","station_name":"Mockritzer Straße"},{"station_id":"n3151883421","station_name":"Hugo-Bürkner-Straße"},{"station_id":"n2243029501","station_name":"Cäcilienstraße"},{"station_id":"n3160217622","station_name":"Eugen-Bracht-Straße"},{"station_id":"n3160217634","station_name":"Otto-Dix-Ring"},{"station_id":"n3160217646","station_name":"Wieckestraße"},{"station_id":"n3160218161","station_name":"Lohrmannstraße"},{"station_id":"n3160218185","station_name":"Hülßestraße"},{"station_id":"n2243373035","station_name":"Altreick"},{"station_id":"n268018285","station_name":"Trattendorfer Straße"},{"station_id":"n1481074061","station_name":"Albert-Wolf-Platz"},{"station_id":"n1483327274","station_name":"Jacob-Winter-Platz (Prohlis-Zentrum)"},{"station_id":"n1481074073","station_name":"Georg-Palitzsch-Straße"},{"station_id":"junc:13.79686:51.00040","station_name":""},{"station_id":"n1481074119","station_name":"Prohlis, Gleisschleife"}]}],"route_count":3,"route_refs":["1","13","4"],"route_colors":["#e4002c","#fdc300","#92c255"],"city":"Dresden","country":"Germany"},"geometry":{"type":"MultiLineString","coordinates":[[[13.79884365,50.9992208],[13.7968612,51.0003968],[13.79791625,51.00210895],[13.799336499999999,51.005399350000005],[13.803371833333335,51.00833273333333]]]}},{"type":"Feature","properties":{"seg_id":"dresden-42","routes":[{"route_id":"rm5185991","route_name":"Tram 1","route_name_local":"Tram 1","route_name_en":null,"route_ref":"1","route_color":"#e4002c","wikipedia":"de:Verkehrsverbund Oberelbe","osm_route_ids":[1810982,1812883],"status":null,"order_suspect":0,"span_suspect":0,"stations":[{"station_id":"n1481074119","station_name":"Prohlis, Gleisschleife"},{"station_id":"junc:13.79686:51.00040","station_name":""},{"station_id":"n1481074073","station_name":"Georg-Palitzsch-Straße"},{"station_id":"n1483327274","station_name":"Jacob-Winter-Platz (Prohlis-Zentrum)"},{"station_id":"n1481074061","station_name":"Albert-Wolf-Platz"},{"station_id":"n1481074079","station_name":"S-Bahnhof Dobritz"},{"station_id":"n1531054667","station_name":"Breitscheidstraße"},{"station_id":"n1481074059","station_name":"Abzweig nach Reick"},{"station_id":"n1481074083","station_name":"Lassallestraße"},{"station_id":"n1481074101","station_name":"Prof.-Ricker-Straße"},{"station_id":"n1481074090","station_name":"Marienberger Straße"},{"station_id":"n1481074381","station_name":"Rennplatzstraße"},{"station_id":"n1481074380","station_name":"Rauensteinstraße"},{"station_id":"n1481074085","station_name":"Liebstädter Straße"},{"station_id":"n708446868","station_name":"Zwinglistraße"},{"station_id":"n1481074082","station_name":"Karcherallee"},{"station_id":"n1481074087","station_name":"Lipsiusstraße"},{"station_id":"n1481074067","station_name":"Comeniusplatz"},{"station_id":"n302411628","station_name":"Straßburger Platz (Gläserne Manufaktur)"},{"station_id":"n1481074070","station_name":"Deutsches Hygiene-Museum"},{"station_id":"junc:13.74664:51.04885","station_name":""},{"station_id":"n1531054674","station_name":"Pirnaischer Platz (Stadtmuseum)"},{"station_id":"n1481074063","station_name":"Altmarkt"},{"station_id":"n2102006632","station_name":"Postplatz"},{"station_id":"junc:13.72981:51.05083","station_name":""},{"station_id":"n1481074382","station_name":"Schweriner Straße (Hochschule für Musik)"},{"station_id":"n283339711","station_name":"Bahnhof Mitte / Jahnstraße"},{"station_id":"junc:13.72039:51.05487","station_name":""},{"station_id":"n203804853","station_name":"Koreanischer Platz"},{"station_id":"n2277961679","station_name":"Manitiusstraße"},{"station_id":"n2277991354","station_name":"Waltherstraße"},{"station_id":"n2277997856","station_name":"Hamburger Straße"},{"station_id":"n1481074065","station_name":"Bremer Straße"},{"station_id":"n1481074071","station_name":"Flügelweg"},{"station_id":"n2278271794","station_name":"Cossebauder Straße"},{"station_id":"n2278287739","station_name":"Cotta, Gottfried-Keller-Straße"},{"station_id":"n3528256098","station_name":"Leutewitz"}]}],"route_count":1,"route_refs":["1"],"route_colors":["#e4002c"],"city":"Dresden","country":"Germany"},"geometry":{"type":"MultiLineString","coordinates":[[[13.803371833333335,51.00833273333333],[13.8085761,51.0116402],[13.811678650000001,51.01387725],[13.815809833333333,51.01603096666667]]]}},{"type":"Feature","properties":{"seg_id":"dresden-43","routes":[{"route_id":"rm5185991","route_name":"Tram 1","route_name_local":"Tram 1","route_name_en":null,"route_ref":"1","route_color":"#e4002c","wikipedia":"de:Verkehrsverbund Oberelbe","osm_route_ids":[1810982,1812883],"status":null,"order_suspect":0,"span_suspect":0,"stations":[{"station_id":"n1481074119","station_name":"Prohlis, Gleisschleife"},{"station_id":"junc:13.79686:51.00040","station_name":""},{"station_id":"n1481074073","station_name":"Georg-Palitzsch-Straße"},{"station_id":"n1483327274","station_name":"Jacob-Winter-Platz (Prohlis-Zentrum)"},{"station_id":"n1481074061","station_name":"Albert-Wolf-Platz"},{"station_id":"n1481074079","station_name":"S-Bahnhof Dobritz"},{"station_id":"n1531054667","station_name":"Breitscheidstraße"},{"station_id":"n1481074059","station_name":"Abzweig nach Reick"},{"station_id":"n1481074083","station_name":"Lassallestraße"},{"station_id":"n1481074101","station_name":"Prof.-Ricker-Straße"},{"station_id":"n1481074090","station_name":"Marienberger Straße"},{"station_id":"n1481074381","station_name":"Rennplatzstraße"},{"station_id":"n1481074380","station_name":"Rauensteinstraße"},{"station_id":"n1481074085","station_name":"Liebstädter Straße"},{"station_id":"n708446868","station_name":"Zwinglistraße"},{"station_id":"n1481074082","station_name":"Karcherallee"},{"station_id":"n1481074087","station_name":"Lipsiusstraße"},{"station_id":"n1481074067","station_name":"Comeniusplatz"},{"station_id":"n302411628","station_name":"Straßburger Platz (Gläserne Manufaktur)"},{"station_id":"n1481074070","station_name":"Deutsches Hygiene-Museum"},{"station_id":"junc:13.74664:51.04885","station_name":""},{"station_id":"n1531054674","station_name":"Pirnaischer Platz (Stadtmuseum)"},{"station_id":"n1481074063","station_name":"Altmarkt"},{"station_id":"n2102006632","station_name":"Postplatz"},{"station_id":"junc:13.72981:51.05083","station_name":""},{"station_id":"n1481074382","station_name":"Schweriner Straße (Hochschule für Musik)"},{"station_id":"n283339711","station_name":"Bahnhof Mitte / Jahnstraße"},{"station_id":"junc:13.72039:51.05487","station_name":""},{"station_id":"n203804853","station_name":"Koreanischer Platz"},{"station_id":"n2277961679","station_name":"Manitiusstraße"},{"station_id":"n2277991354","station_name":"Waltherstraße"},{"station_id":"n2277997856","station_name":"Hamburger Straße"},{"station_id":"n1481074065","station_name":"Bremer Straße"},{"station_id":"n1481074071","station_name":"Flügelweg"},{"station_id":"n2278271794","station_name":"Cossebauder Straße"},{"station_id":"n2278287739","station_name":"Cotta, Gottfried-Keller-Straße"},{"station_id":"n3528256098","station_name":"Leutewitz"}]}],"route_count":1,"route_refs":["1"],"route_colors":["#e4002c"],"city":"Dresden","country":"Germany"},"geometry":{"type":"MultiLineString","coordinates":[[[13.719566359999998,51.05469536],[13.714765075,51.0565207],[13.710360775,51.058121],[13.703221849999998,51.0590026],[13.695155750000001,51.06057745],[13.69115265,51.061387249999996],[13.68054665,51.061619750000006]]]}},{"type":"Feature","properties":{"seg_id":"dresden-44","routes":[{"route_id":"rm5185991","route_name":"Tram 1","route_name_local":"Tram 1","route_name_en":null,"route_ref":"1","route_color":"#e4002c","wikipedia":"de:Verkehrsverbund Oberelbe","osm_route_ids":[1810982,1812883],"status":null,"order_suspect":0,"span_suspect":0,"stations":[{"station_id":"n1481074119","station_name":"Prohlis, Gleisschleife"},{"station_id":"junc:13.79686:51.00040","station_name":""},{"station_id":"n1481074073","station_name":"Georg-Palitzsch-Straße"},{"station_id":"n1483327274","station_name":"Jacob-Winter-Platz (Prohlis-Zentrum)"},{"station_id":"n1481074061","station_name":"Albert-Wolf-Platz"},{"station_id":"n1481074079","station_name":"S-Bahnhof Dobritz"},{"station_id":"n1531054667","station_name":"Breitscheidstraße"},{"station_id":"n1481074059","station_name":"Abzweig nach Reick"},{"station_id":"n1481074083","station_name":"Lassallestraße"},{"station_id":"n1481074101","station_name":"Prof.-Ricker-Straße"},{"station_id":"n1481074090","station_name":"Marienberger Straße"},{"station_id":"n1481074381","station_name":"Rennplatzstraße"},{"station_id":"n1481074380","station_name":"Rauensteinstraße"},{"station_id":"n1481074085","station_name":"Liebstädter Straße"},{"station_id":"n708446868","station_name":"Zwinglistraße"},{"station_id":"n1481074082","station_name":"Karcherallee"},{"station_id":"n1481074087","station_name":"Lipsiusstraße"},{"station_id":"n1481074067","station_name":"Comeniusplatz"},{"station_id":"n302411628","station_name":"Straßburger Platz (Gläserne Manufaktur)"},{"station_id":"n1481074070","station_name":"Deutsches Hygiene-Museum"},{"station_id":"junc:13.74664:51.04885","station_name":""},{"station_id":"n1531054674","station_name":"Pirnaischer Platz (Stadtmuseum)"},{"station_id":"n1481074063","station_name":"Altmarkt"},{"station_id":"n2102006632","station_name":"Postplatz"},{"station_id":"junc:13.72981:51.05083","station_name":""},{"station_id":"n1481074382","station_name":"Schweriner Straße (Hochschule für Musik)"},{"station_id":"n283339711","station_name":"Bahnhof Mitte / Jahnstraße"},{"station_id":"junc:13.72039:51.05487","station_name":""},{"station_id":"n203804853","station_name":"Koreanischer Platz"},{"station_id":"n2277961679","station_name":"Manitiusstraße"},{"station_id":"n2277991354","station_name":"Waltherstraße"},{"station_id":"n2277997856","station_name":"Hamburger Straße"},{"station_id":"n1481074065","station_name":"Bremer Straße"},{"station_id":"n1481074071","station_name":"Flügelweg"},{"station_id":"n2278271794","station_name":"Cossebauder Straße"},{"station_id":"n2278287739","station_name":"Cotta, Gottfried-Keller-Straße"},{"station_id":"n3528256098","station_name":"Leutewitz"}]},{"route_id":"rm5186008","route_name":"Tram 2","route_name_local":"Tram 2","route_name_en":null,"route_ref":"2","route_color":"#eb5b2d","wikipedia":"de:Verkehrsverbund Oberelbe","osm_route_ids":[1879856,1879857],"status":null,"order_suspect":0,"span_suspect":0,"stations":[{"station_id":"n1531265378","station_name":"Kleinzschachwitz, Freystraße"},{"station_id":"n2247431028","station_name":"Meußlitzer Straße"},{"station_id":"n2247397580","station_name":"Heckenweg"},{"station_id":"n2247382715","station_name":"Berthold-Haupt-Straße"},{"station_id":"n3072066153","station_name":"Altleuben"},{"station_id":"junc:13.82403:51.01276","station_name":""},{"station_id":"n1531265511","station_name":"Rottwerndorfer Straße"},{"station_id":"n1481074059","station_name":"Abzweig nach Reick"},{"station_id":"n1481074083","station_name":"Lassallestraße"},{"station_id":"n1481074101","station_name":"Prof.-Ricker-Straße"},{"station_id":"n1481074090","station_name":"Marienberger Straße"},{"station_id":"n1481074381","station_name":"Rennplatzstraße"},{"station_id":"n1481074380","station_name":"Rauensteinstraße"},{"station_id":"n1481074085","station_name":"Liebstädter Straße"},{"station_id":"n708446868","station_name":"Zwinglistraße"},{"station_id":"n1481074082","station_name":"Karcherallee"},{"station_id":"n1481074087","station_name":"Lipsiusstraße"},{"station_id":"n1481074067","station_name":"Comeniusplatz"},{"station_id":"n302411628","station_name":"Straßburger Platz (Gläserne Manufaktur)"},{"station_id":"n1481074070","station_name":"Deutsches Hygiene-Museum"},{"station_id":"junc:13.74664:51.04885","station_name":""},{"station_id":"n1531054674","station_name":"Pirnaischer Platz (Stadtmuseum)"},{"station_id":"n1481074063","station_name":"Altmarkt"},{"station_id":"n2102006632","station_name":"Postplatz"},{"station_id":"junc:13.72981:51.05083","station_name":""},{"station_id":"n1481074382","station_name":"Schweriner Straße (Hochschule für Musik)"},{"station_id":"n283339711","station_name":"Bahnhof Mitte / Jahnstraße"},{"station_id":"junc:13.72039:51.05487","station_name":""},{"station_id":"n203804853","station_name":"Koreanischer Platz"},{"station_id":"n249430084","station_name":"Cottaer Straße"},{"station_id":"n1531265525","station_name":"Semmelweisstraße"},{"station_id":"n3146709333","station_name":"Burgkstraße"},{"station_id":"n3146085852","station_name":"Pennricher Straße"},{"station_id":"n1531265296","station_name":"Chamissostraße"},{"station_id":"n1502155982","station_name":"Hebbelplatz"},{"station_id":"n1531265329","station_name":"Coventrystraße"},{"station_id":"n1531265333","station_name":"Dahlienweg"},{"station_id":"n197839497","station_name":"Amalie-Dietrich-Platz"},{"station_id":"n29999448","station_name":"Merianplatz"},{"station_id":"n126667149","station_name":"Kirschenstraße"},{"station_id":"n29999464","station_name":"Schlehenstraße"},{"station_id":"n249431104","station_name":"Gorbitz, Betriebshof"}]}],"route_count":2,"route_refs":["1","2"],"route_colors":["#e4002c","#eb5b2d"],"city":"Dresden","country":"Germany"},"geometry":{"type":"MultiLineString","coordinates":[[[13.815809833333333,51.01603096666667],[13.81170245,51.0206808],[13.8090099,51.023397599999996],[13.805233166666667,51.0255651],[13.8012448,51.02707065],[13.7950826,51.0283927],[13.78961485,51.03013005],[13.7832565,51.03397615],[13.777613200000001,51.03727395],[13.77155915,51.039656550000004],[13.7669791,51.042053933333335],[13.755485066666665,51.04607611666666]]]}},{"type":"Feature","properties":{"seg_id":"dresden-45","routes":[{"route_id":"rm5185991","route_name":"Tram 1","route_name_local":"Tram 1","route_name_en":null,"route_ref":"1","route_color":"#e4002c","wikipedia":"de:Verkehrsverbund Oberelbe","osm_route_ids":[1810982,1812883],"status":null,"order_suspect":0,"span_suspect":0,"stations":[{"station_id":"n1481074119","station_name":"Prohlis, Gleisschleife"},{"station_id":"junc:13.79686:51.00040","station_name":""},{"station_id":"n1481074073","station_name":"Georg-Palitzsch-Straße"},{"station_id":"n1483327274","station_name":"Jacob-Winter-Platz (Prohlis-Zentrum)"},{"station_id":"n1481074061","station_name":"Albert-Wolf-Platz"},{"station_id":"n1481074079","station_name":"S-Bahnhof Dobritz"},{"station_id":"n1531054667","station_name":"Breitscheidstraße"},{"station_id":"n1481074059","station_name":"Abzweig nach Reick"},{"station_id":"n1481074083","station_name":"Lassallestraße"},{"station_id":"n1481074101","station_name":"Prof.-Ricker-Straße"},{"station_id":"n1481074090","station_name":"Marienberger Straße"},{"station_id":"n1481074381","station_name":"Rennplatzstraße"},{"station_id":"n1481074380","station_name":"Rauensteinstraße"},{"station_id":"n1481074085","station_name":"Liebstädter Straße"},{"station_id":"n708446868","station_name":"Zwinglistraße"},{"station_id":"n1481074082","station_name":"Karcherallee"},{"station_id":"n1481074087","station_name":"Lipsiusstraße"},{"station_id":"n1481074067","station_name":"Comeniusplatz"},{"station_id":"n302411628","station_name":"Straßburger Platz (Gläserne Manufaktur)"},{"station_id":"n1481074070","station_name":"Deutsches Hygiene-Museum"},{"station_id":"junc:13.74664:51.04885","station_name":""},{"station_id":"n1531054674","station_name":"Pirnaischer Platz (Stadtmuseum)"},{"station_id":"n1481074063","station_name":"Altmarkt"},{"station_id":"n2102006632","station_name":"Postplatz"},{"station_id":"junc:13.72981:51.05083","station_name":""},{"station_id":"n1481074382","station_name":"Schweriner Straße (Hochschule für Musik)"},{"station_id":"n283339711","station_name":"Bahnhof Mitte / Jahnstraße"},{"station_id":"junc:13.72039:51.05487","station_name":""},{"station_id":"n203804853","station_name":"Koreanischer Platz"},{"station_id":"n2277961679","station_name":"Manitiusstraße"},{"station_id":"n2277991354","station_name":"Waltherstraße"},{"station_id":"n2277997856","station_name":"Hamburger Straße"},{"station_id":"n1481074065","station_name":"Bremer Straße"},{"station_id":"n1481074071","station_name":"Flügelweg"},{"station_id":"n2278271794","station_name":"Cossebauder Straße"},{"station_id":"n2278287739","station_name":"Cotta, Gottfried-Keller-Straße"},{"station_id":"n3528256098","station_name":"Leutewitz"}]},{"route_id":"rm5186008","route_name":"Tram 2","route_name_local":"Tram 2","route_name_en":null,"route_ref":"2","route_color":"#eb5b2d","wikipedia":"de:Verkehrsverbund Oberelbe","osm_route_ids":[1879856,1879857],"status":null,"order_suspect":0,"span_suspect":0,"stations":[{"station_id":"n1531265378","station_name":"Kleinzschachwitz, Freystraße"},{"station_id":"n2247431028","station_name":"Meußlitzer Straße"},{"station_id":"n2247397580","station_name":"Heckenweg"},{"station_id":"n2247382715","station_name":"Berthold-Haupt-Straße"},{"station_id":"n3072066153","station_name":"Altleuben"},{"station_id":"junc:13.82403:51.01276","station_name":""},{"station_id":"n1531265511","station_name":"Rottwerndorfer Straße"},{"station_id":"n1481074059","station_name":"Abzweig nach Reick"},{"station_id":"n1481074083","station_name":"Lassallestraße"},{"station_id":"n1481074101","station_name":"Prof.-Ricker-Straße"},{"station_id":"n1481074090","station_name":"Marienberger Straße"},{"station_id":"n1481074381","station_name":"Rennplatzstraße"},{"station_id":"n1481074380","station_name":"Rauensteinstraße"},{"station_id":"n1481074085","station_name":"Liebstädter Straße"},{"station_id":"n708446868","station_name":"Zwinglistraße"},{"station_id":"n1481074082","station_name":"Karcherallee"},{"station_id":"n1481074087","station_name":"Lipsiusstraße"},{"station_id":"n1481074067","station_name":"Comeniusplatz"},{"station_id":"n302411628","station_name":"Straßburger Platz (Gläserne Manufaktur)"},{"station_id":"n1481074070","station_name":"Deutsches Hygiene-Museum"},{"station_id":"junc:13.74664:51.04885","station_name":""},{"station_id":"n1531054674","station_name":"Pirnaischer Platz (Stadtmuseum)"},{"station_id":"n1481074063","station_name":"Altmarkt"},{"station_id":"n2102006632","station_name":"Postplatz"},{"station_id":"junc:13.72981:51.05083","station_name":""},{"station_id":"n1481074382","station_name":"Schweriner Straße (Hochschule für Musik)"},{"station_id":"n283339711","station_name":"Bahnhof Mitte / Jahnstraße"},{"station_id":"junc:13.72039:51.05487","station_name":""},{"station_id":"n203804853","station_name":"Koreanischer Platz"},{"station_id":"n249430084","station_name":"Cottaer Straße"},{"station_id":"n1531265525","station_name":"Semmelweisstraße"},{"station_id":"n3146709333","station_name":"Burgkstraße"},{"station_id":"n3146085852","station_name":"Pennricher Straße"},{"station_id":"n1531265296","station_name":"Chamissostraße"},{"station_id":"n1502155982","station_name":"Hebbelplatz"},{"station_id":"n1531265329","station_name":"Coventrystraße"},{"station_id":"n1531265333","station_name":"Dahlienweg"},{"station_id":"n197839497","station_name":"Amalie-Dietrich-Platz"},{"station_id":"n29999448","station_name":"Merianplatz"},{"station_id":"n126667149","station_name":"Kirschenstraße"},{"station_id":"n29999464","station_name":"Schlehenstraße"},{"station_id":"n249431104","station_name":"Gorbitz, Betriebshof"}]}],"route_count":2,"route_refs":["1","2"],"route_colors":["#e4002c","#eb5b2d"],"city":"Dresden","country":"Germany"},"geometry":{"type":"MultiLineString","coordinates":[[[13.733756056249998,51.050101637500006],[13.7298098,51.0508304],[13.72672805,51.052724350000005],[13.7227703,51.055527600000005]]]}},{"type":"Feature","properties":{"seg_id":"dresden-46","routes":[{"route_id":"rm5185991","route_name":"Tram 1","route_name_local":"Tram 1","route_name_en":null,"route_ref":"1","route_color":"#e4002c","wikipedia":"de:Verkehrsverbund Oberelbe","osm_route_ids":[1810982,1812883],"status":null,"order_suspect":0,"span_suspect":0,"stations":[{"station_id":"n1481074119","station_name":"Prohlis, Gleisschleife"},{"station_id":"junc:13.79686:51.00040","station_name":""},{"station_id":"n1481074073","station_name":"Georg-Palitzsch-Straße"},{"station_id":"n1483327274","station_name":"Jacob-Winter-Platz (Prohlis-Zentrum)"},{"station_id":"n1481074061","station_name":"Albert-Wolf-Platz"},{"station_id":"n1481074079","station_name":"S-Bahnhof Dobritz"},{"station_id":"n1531054667","station_name":"Breitscheidstraße"},{"station_id":"n1481074059","station_name":"Abzweig nach Reick"},{"station_id":"n1481074083","station_name":"Lassallestraße"},{"station_id":"n1481074101","station_name":"Prof.-Ricker-Straße"},{"station_id":"n1481074090","station_name":"Marienberger Straße"},{"station_id":"n1481074381","station_name":"Rennplatzstraße"},{"station_id":"n1481074380","station_name":"Rauensteinstraße"},{"station_id":"n1481074085","station_name":"Liebstädter Straße"},{"station_id":"n708446868","station_name":"Zwinglistraße"},{"station_id":"n1481074082","station_name":"Karcherallee"},{"station_id":"n1481074087","station_name":"Lipsiusstraße"},{"station_id":"n1481074067","station_name":"Comeniusplatz"},{"station_id":"n302411628","station_name":"Straßburger Platz (Gläserne Manufaktur)"},{"station_id":"n1481074070","station_name":"Deutsches Hygiene-Museum"},{"station_id":"junc:13.74664:51.04885","station_name":""},{"station_id":"n1531054674","station_name":"Pirnaischer Platz (Stadtmuseum)"},{"station_id":"n1481074063","station_name":"Altmarkt"},{"station_id":"n2102006632","station_name":"Postplatz"},{"station_id":"junc:13.72981:51.05083","station_name":""},{"station_id":"n1481074382","station_name":"Schweriner Straße (Hochschule für Musik)"},{"station_id":"n283339711","station_name":"Bahnhof Mitte / Jahnstraße"},{"station_id":"junc:13.72039:51.05487","station_name":""},{"station_id":"n203804853","station_name":"Koreanischer Platz"},{"station_id":"n2277961679","station_name":"Manitiusstraße"},{"station_id":"n2277991354","station_name":"Waltherstraße"},{"station_id":"n2277997856","station_name":"Hamburger Straße"},{"station_id":"n1481074065","station_name":"Bremer Straße"},{"station_id":"n1481074071","station_name":"Flügelweg"},{"station_id":"n2278271794","station_name":"Cossebauder Straße"},{"station_id":"n2278287739","station_name":"Cotta, Gottfried-Keller-Straße"},{"station_id":"n3528256098","station_name":"Leutewitz"}]},{"route_id":"rm5186435","route_name":"Tram 9","route_name_local":"Tram 9","route_name_en":null,"route_ref":"9","route_color":"#c9061a","wikipedia":"de:Verkehrsverbund Oberelbe","osm_route_ids":[1812888,1812889],"status":null,"order_suspect":0,"span_suspect":0,"stations":[{"station_id":"n198170827","station_name":"Kaditz, Riegelplatz"},{"station_id":"n198170269","station_name":"Washingtonstraße"},{"station_id":"n248643753","station_name":"Elbepark"},{"station_id":"n248643752","station_name":"Sörnewitzer Straße"},{"station_id":"n151013122","station_name":"An der Flutrinne"},{"station_id":"n9493141425","station_name":"Brockwitzer Straße"},{"station_id":"n199462776","station_name":"Trachauer Straße"},{"station_id":"n164388310","station_name":"Mickten"},{"station_id":"junc:13.71460:51.07950","station_name":""},{"station_id":"n1535249151","station_name":"Altpieschen"},{"station_id":"n2197973362","station_name":"Oschatzer Straße"},{"station_id":"n2198004340","station_name":"Alexander-Puschkin-Platz"},{"station_id":"n26423972","station_name":"Alter Schlachthof"},{"station_id":"n30893823","station_name":"Antonstraße / Leipziger Straße"},{"station_id":"n1535249290","station_name":"Palaisplatz (Japanisches Palais)"},{"station_id":"n3607726821","station_name":"Neustädter Markt"},{"station_id":"n2030526228","station_name":"Theaterplatz"},{"station_id":"junc:13.73325:51.05123","station_name":""},{"station_id":"n2102006632","station_name":"Postplatz"},{"station_id":"n1481074063","station_name":"Altmarkt"},{"station_id":"n1531054674","station_name":"Pirnaischer Platz (Stadtmuseum)"},{"station_id":"junc:13.74664:51.04885","station_name":""},{"station_id":"n1481074070","station_name":"Deutsches Hygiene-Museum"},{"station_id":"n302411628","station_name":"Straßburger Platz (Gläserne Manufaktur)"},{"station_id":"n247164846","station_name":"Krankenhaus St. Joseph-Stift"},{"station_id":"n247167118","station_name":"Fetscherplatz"},{"station_id":"n3057031845","station_name":"Mosenstraße"},{"station_id":"n3057141424","station_name":"Spenerstraße"},{"station_id":"n3057141419","station_name":"Bergmannstraße"},{"station_id":"n1535249293","station_name":"Pohlandplatz (Technische Sammlungen)"},{"station_id":"n3057282587","station_name":"Gottleubaer Straße"},{"station_id":"n1299402673","station_name":"Striesen, Emanuel-Goldberg-Platz"},{"station_id":"n2204145206","station_name":"Striesen, Ludwig-Hartmann-Straße"},{"station_id":"n1152939366","station_name":"Johannisfriedhof"},{"station_id":"n3058661317","station_name":"Tolkewitz Schulcampus"},{"station_id":"n248219396","station_name":"Wasserwerk Tolkewitz"},{"station_id":"n1535249155","station_name":"Alttolkewitz"},{"station_id":"n3069863291","station_name":"Hermann-Seidel-Straße"},{"station_id":"junc:13.83743:51.02503","station_name":""},{"station_id":"n3070070350","station_name":"Leubener Straße"},{"station_id":"n1535249304","station_name":"Laubegast, Kronstädter Platz"}]},{"route_id":"rm5186008","route_name":"Tram 2","route_name_local":"Tram 2","route_name_en":null,"route_ref":"2","route_color":"#eb5b2d","wikipedia":"de:Verkehrsverbund Oberelbe","osm_route_ids":[1879856,1879857],"status":null,"order_suspect":0,"span_suspect":0,"stations":[{"station_id":"n1531265378","station_name":"Kleinzschachwitz, Freystraße"},{"station_id":"n2247431028","station_name":"Meußlitzer Straße"},{"station_id":"n2247397580","station_name":"Heckenweg"},{"station_id":"n2247382715","station_name":"Berthold-Haupt-Straße"},{"station_id":"n3072066153","station_name":"Altleuben"},{"station_id":"junc:13.82403:51.01276","station_name":""},{"station_id":"n1531265511","station_name":"Rottwerndorfer Straße"},{"station_id":"n1481074059","station_name":"Abzweig nach Reick"},{"station_id":"n1481074083","station_name":"Lassallestraße"},{"station_id":"n1481074101","station_name":"Prof.-Ricker-Straße"},{"station_id":"n1481074090","station_name":"Marienberger Straße"},{"station_id":"n1481074381","station_name":"Rennplatzstraße"},{"station_id":"n1481074380","station_name":"Rauensteinstraße"},{"station_id":"n1481074085","station_name":"Liebstädter Straße"},{"station_id":"n708446868","station_name":"Zwinglistraße"},{"station_id":"n1481074082","station_name":"Karcherallee"},{"station_id":"n1481074087","station_name":"Lipsiusstraße"},{"station_id":"n1481074067","station_name":"Comeniusplatz"},{"station_id":"n302411628","station_name":"Straßburger Platz (Gläserne Manufaktur)"},{"station_id":"n1481074070","station_name":"Deutsches Hygiene-Museum"},{"station_id":"junc:13.74664:51.04885","station_name":""},{"station_id":"n1531054674","station_name":"Pirnaischer Platz (Stadtmuseum)"},{"station_id":"n1481074063","station_name":"Altmarkt"},{"station_id":"n2102006632","station_name":"Postplatz"},{"station_id":"junc:13.72981:51.05083","station_name":""},{"station_id":"n1481074382","station_name":"Schweriner Straße (Hochschule für Musik)"},{"station_id":"n283339711","station_name":"Bahnhof Mitte / Jahnstraße"},{"station_id":"junc:13.72039:51.05487","station_name":""},{"station_id":"n203804853","station_name":"Koreanischer Platz"},{"station_id":"n249430084","station_name":"Cottaer Straße"},{"station_id":"n1531265525","station_name":"Semmelweisstraße"},{"station_id":"n3146709333","station_name":"Burgkstraße"},{"station_id":"n3146085852","station_name":"Pennricher Straße"},{"station_id":"n1531265296","station_name":"Chamissostraße"},{"station_id":"n1502155982","station_name":"Hebbelplatz"},{"station_id":"n1531265329","station_name":"Coventrystraße"},{"station_id":"n1531265333","station_name":"Dahlienweg"},{"station_id":"n197839497","station_name":"Amalie-Dietrich-Platz"},{"station_id":"n29999448","station_name":"Merianplatz"},{"station_id":"n126667149","station_name":"Kirschenstraße"},{"station_id":"n29999464","station_name":"Schlehenstraße"},{"station_id":"n249431104","station_name":"Gorbitz, Betriebshof"}]},{"route_id":"rm2690192","route_name":"Tram 12","route_name_local":"Tram 12","route_name_en":null,"route_ref":"12","route_color":"#006b42","wikipedia":"de:Verkehrsverbund Oberelbe","osm_route_ids":[1913600,1913601],"status":null,"order_suspect":0,"span_suspect":0,"stations":[{"station_id":"n2204145206","station_name":"Striesen, Ludwig-Hartmann-Straße"},{"station_id":"n2249378490","station_name":"Gustav-Freytag-Straße"},{"station_id":"n2249391575","station_name":"Heinrich-Schütz-Straße"},{"station_id":"n3123485859","station_name":"Jüngststraße"},{"station_id":"n3123615227","station_name":"Blasewitz, Schillerplatz"},{"station_id":"n3123619045","station_name":"Prellerstraße"},{"station_id":"n2249679758","station_name":"Lene-Glatzer-Straße"},{"station_id":"n2250469190","station_name":"Königsheimplatz"},{"station_id":"n2250518300","station_name":"Augsburger Straße (Universitätsklinikum)"},{"station_id":"junc:13.77815:51.05294","station_name":""},{"station_id":"n2251164068","station_name":"Blasewitzer Straße / Fetscherstraße"},{"station_id":"n2251193229","station_name":"Gabelsbergerstraße"},{"station_id":"n247167118","station_name":"Fetscherplatz"},{"station_id":"n247164846","station_name":"Krankenhaus St. Joseph-Stift"},{"station_id":"n302411628","station_name":"Straßburger Platz (Gläserne Manufaktur)"},{"station_id":"n1481074070","station_name":"Deutsches Hygiene-Museum"},{"station_id":"junc:13.74664:51.04885","station_name":""},{"station_id":"n1531054674","station_name":"Pirnaischer Platz (Stadtmuseum)"},{"station_id":"junc:13.74036:51.04709","station_name":""},{"station_id":"n712415502","station_name":"Prager Straße"},{"station_id":"n2102006632","station_name":"Postplatz"},{"station_id":"junc:13.72981:51.05083","station_name":""},{"station_id":"n1547113330","station_name":"Schwimmhalle Freiberger Platz"},{"station_id":"n94174019","station_name":"S-Bahnhof Freiberger Straße"},{"station_id":"n2270172153","station_name":"Florastraße"},{"station_id":"n2270171064","station_name":"Oederaner Straße"},{"station_id":"n203835221","station_name":"Löbtau, Tharandter Straße"},{"station_id":"n2092458040","station_name":"Bünaustraße"},{"station_id":"n3146085861","station_name":"Conertplatz"},{"station_id":"n3146085852","station_name":"Pennricher Straße"},{"station_id":"n3146023349","station_name":"Birkenhainer Straße"},{"station_id":"n3146023350","station_name":"Altcotta"},{"station_id":"n1547113385","station_name":"Ockerwitzer Straße"},{"station_id":"n2278271794","station_name":"Cossebauder Straße"},{"station_id":"n2278287739","station_name":"Cotta, Gottfried-Keller-Straße"},{"station_id":"n3528256098","station_name":"Leutewitz"}]}],"route_count":4,"route_refs":["1","9","2","12"],"route_colors":["#e4002c","#c9061a","#eb5b2d","#006b42"],"city":"Dresden","country":"Germany"},"geometry":{"type":"MultiLineString","coordinates":[[[13.755485066666665,51.04607611666666],[13.7498993,51.047693100000004],[13.7466398,51.0488452],[13.743235575,51.04915295]]]}},{"type":"Feature","properties":{"seg_id":"dresden-47","routes":[{"route_id":"rm5185991","route_name":"Tram 1","route_name_local":"Tram 1","route_name_en":null,"route_ref":"1","route_color":"#e4002c","wikipedia":"de:Verkehrsverbund Oberelbe","osm_route_ids":[1810982,1812883],"status":null,"order_suspect":0,"span_suspect":0,"stations":[{"station_id":"n1481074119","station_name":"Prohlis, Gleisschleife"},{"station_id":"junc:13.79686:51.00040","station_name":""},{"station_id":"n1481074073","station_name":"Georg-Palitzsch-Straße"},{"station_id":"n1483327274","station_name":"Jacob-Winter-Platz (Prohlis-Zentrum)"},{"station_id":"n1481074061","station_name":"Albert-Wolf-Platz"},{"station_id":"n1481074079","station_name":"S-Bahnhof Dobritz"},{"station_id":"n1531054667","station_name":"Breitscheidstraße"},{"station_id":"n1481074059","station_name":"Abzweig nach Reick"},{"station_id":"n1481074083","station_name":"Lassallestraße"},{"station_id":"n1481074101","station_name":"Prof.-Ricker-Straße"},{"station_id":"n1481074090","station_name":"Marienberger Straße"},{"station_id":"n1481074381","station_name":"Rennplatzstraße"},{"station_id":"n1481074380","station_name":"Rauensteinstraße"},{"station_id":"n1481074085","station_name":"Liebstädter Straße"},{"station_id":"n708446868","station_name":"Zwinglistraße"},{"station_id":"n1481074082","station_name":"Karcherallee"},{"station_id":"n1481074087","station_name":"Lipsiusstraße"},{"station_id":"n1481074067","station_name":"Comeniusplatz"},{"station_id":"n302411628","station_name":"Straßburger Platz (Gläserne Manufaktur)"},{"station_id":"n1481074070","station_name":"Deutsches Hygiene-Museum"},{"station_id":"junc:13.74664:51.04885","station_name":""},{"station_id":"n1531054674","station_name":"Pirnaischer Platz (Stadtmuseum)"},{"station_id":"n1481074063","station_name":"Altmarkt"},{"station_id":"n2102006632","station_name":"Postplatz"},{"station_id":"junc:13.72981:51.05083","station_name":""},{"station_id":"n1481074382","station_name":"Schweriner Straße (Hochschule für Musik)"},{"station_id":"n283339711","station_name":"Bahnhof Mitte / Jahnstraße"},{"station_id":"junc:13.72039:51.05487","station_name":""},{"station_id":"n203804853","station_name":"Koreanischer Platz"},{"station_id":"n2277961679","station_name":"Manitiusstraße"},{"station_id":"n2277991354","station_name":"Waltherstraße"},{"station_id":"n2277997856","station_name":"Hamburger Straße"},{"station_id":"n1481074065","station_name":"Bremer Straße"},{"station_id":"n1481074071","station_name":"Flügelweg"},{"station_id":"n2278271794","station_name":"Cossebauder Straße"},{"station_id":"n2278287739","station_name":"Cotta, Gottfried-Keller-Straße"},{"station_id":"n3528256098","station_name":"Leutewitz"}]},{"route_id":"rm5186435","route_name":"Tram 9","route_name_local":"Tram 9","route_name_en":null,"route_ref":"9","route_color":"#c9061a","wikipedia":"de:Verkehrsverbund Oberelbe","osm_route_ids":[1812888,1812889],"status":null,"order_suspect":0,"span_suspect":0,"stations":[{"station_id":"n198170827","station_name":"Kaditz, Riegelplatz"},{"station_id":"n198170269","station_name":"Washingtonstraße"},{"station_id":"n248643753","station_name":"Elbepark"},{"station_id":"n248643752","station_name":"Sörnewitzer Straße"},{"station_id":"n151013122","station_name":"An der Flutrinne"},{"station_id":"n9493141425","station_name":"Brockwitzer Straße"},{"station_id":"n199462776","station_name":"Trachauer Straße"},{"station_id":"n164388310","station_name":"Mickten"},{"station_id":"junc:13.71460:51.07950","station_name":""},{"station_id":"n1535249151","station_name":"Altpieschen"},{"station_id":"n2197973362","station_name":"Oschatzer Straße"},{"station_id":"n2198004340","station_name":"Alexander-Puschkin-Platz"},{"station_id":"n26423972","station_name":"Alter Schlachthof"},{"station_id":"n30893823","station_name":"Antonstraße / Leipziger Straße"},{"station_id":"n1535249290","station_name":"Palaisplatz (Japanisches Palais)"},{"station_id":"n3607726821","station_name":"Neustädter Markt"},{"station_id":"n2030526228","station_name":"Theaterplatz"},{"station_id":"junc:13.73325:51.05123","station_name":""},{"station_id":"n2102006632","station_name":"Postplatz"},{"station_id":"n1481074063","station_name":"Altmarkt"},{"station_id":"n1531054674","station_name":"Pirnaischer Platz (Stadtmuseum)"},{"station_id":"junc:13.74664:51.04885","station_name":""},{"station_id":"n1481074070","station_name":"Deutsches Hygiene-Museum"},{"station_id":"n302411628","station_name":"Straßburger Platz (Gläserne Manufaktur)"},{"station_id":"n247164846","station_name":"Krankenhaus St. Joseph-Stift"},{"station_id":"n247167118","station_name":"Fetscherplatz"},{"station_id":"n3057031845","station_name":"Mosenstraße"},{"station_id":"n3057141424","station_name":"Spenerstraße"},{"station_id":"n3057141419","station_name":"Bergmannstraße"},{"station_id":"n1535249293","station_name":"Pohlandplatz (Technische Sammlungen)"},{"station_id":"n3057282587","station_name":"Gottleubaer Straße"},{"station_id":"n1299402673","station_name":"Striesen, Emanuel-Goldberg-Platz"},{"station_id":"n2204145206","station_name":"Striesen, Ludwig-Hartmann-Straße"},{"station_id":"n1152939366","station_name":"Johannisfriedhof"},{"station_id":"n3058661317","station_name":"Tolkewitz Schulcampus"},{"station_id":"n248219396","station_name":"Wasserwerk Tolkewitz"},{"station_id":"n1535249155","station_name":"Alttolkewitz"},{"station_id":"n3069863291","station_name":"Hermann-Seidel-Straße"},{"station_id":"junc:13.83743:51.02503","station_name":""},{"station_id":"n3070070350","station_name":"Leubener Straße"},{"station_id":"n1535249304","station_name":"Laubegast, Kronstädter Platz"}]},{"route_id":"rm5186008","route_name":"Tram 2","route_name_local":"Tram 2","route_name_en":null,"route_ref":"2","route_color":"#eb5b2d","wikipedia":"de:Verkehrsverbund Oberelbe","osm_route_ids":[1879856,1879857],"status":null,"order_suspect":0,"span_suspect":0,"stations":[{"station_id":"n1531265378","station_name":"Kleinzschachwitz, Freystraße"},{"station_id":"n2247431028","station_name":"Meußlitzer Straße"},{"station_id":"n2247397580","station_name":"Heckenweg"},{"station_id":"n2247382715","station_name":"Berthold-Haupt-Straße"},{"station_id":"n3072066153","station_name":"Altleuben"},{"station_id":"junc:13.82403:51.01276","station_name":""},{"station_id":"n1531265511","station_name":"Rottwerndorfer Straße"},{"station_id":"n1481074059","station_name":"Abzweig nach Reick"},{"station_id":"n1481074083","station_name":"Lassallestraße"},{"station_id":"n1481074101","station_name":"Prof.-Ricker-Straße"},{"station_id":"n1481074090","station_name":"Marienberger Straße"},{"station_id":"n1481074381","station_name":"Rennplatzstraße"},{"station_id":"n1481074380","station_name":"Rauensteinstraße"},{"station_id":"n1481074085","station_name":"Liebstädter Straße"},{"station_id":"n708446868","station_name":"Zwinglistraße"},{"station_id":"n1481074082","station_name":"Karcherallee"},{"station_id":"n1481074087","station_name":"Lipsiusstraße"},{"station_id":"n1481074067","station_name":"Comeniusplatz"},{"station_id":"n302411628","station_name":"Straßburger Platz (Gläserne Manufaktur)"},{"station_id":"n1481074070","station_name":"Deutsches Hygiene-Museum"},{"station_id":"junc:13.74664:51.04885","station_name":""},{"station_id":"n1531054674","station_name":"Pirnaischer Platz (Stadtmuseum)"},{"station_id":"n1481074063","station_name":"Altmarkt"},{"station_id":"n2102006632","station_name":"Postplatz"},{"station_id":"junc:13.72981:51.05083","station_name":""},{"station_id":"n1481074382","station_name":"Schweriner Straße (Hochschule für Musik)"},{"station_id":"n283339711","station_name":"Bahnhof Mitte / Jahnstraße"},{"station_id":"junc:13.72039:51.05487","station_name":""},{"station_id":"n203804853","station_name":"Koreanischer Platz"},{"station_id":"n249430084","station_name":"Cottaer Straße"},{"station_id":"n1531265525","station_name":"Semmelweisstraße"},{"station_id":"n3146709333","station_name":"Burgkstraße"},{"station_id":"n3146085852","station_name":"Pennricher Straße"},{"station_id":"n1531265296","station_name":"Chamissostraße"},{"station_id":"n1502155982","station_name":"Hebbelplatz"},{"station_id":"n1531265329","station_name":"Coventrystraße"},{"station_id":"n1531265333","station_name":"Dahlienweg"},{"station_id":"n197839497","station_name":"Amalie-Dietrich-Platz"},{"station_id":"n29999448","station_name":"Merianplatz"},{"station_id":"n126667149","station_name":"Kirschenstraße"},{"station_id":"n29999464","station_name":"Schlehenstraße"},{"station_id":"n249431104","station_name":"Gorbitz, Betriebshof"}]}],"route_count":3,"route_refs":["1","9","2"],"route_colors":["#e4002c","#c9061a","#eb5b2d"],"city":"Dresden","country":"Germany"},"geometry":{"type":"MultiLineString","coordinates":[[[13.743235575,51.04915295],[13.73867675,51.05020105],[13.733756056249998,51.050101637500006]]]}},{"type":"Feature","properties":{"seg_id":"dresden-48","routes":[{"route_id":"rm5185991","route_name":"Tram 1","route_name_local":"Tram 1","route_name_en":null,"route_ref":"1","route_color":"#e4002c","wikipedia":"de:Verkehrsverbund Oberelbe","osm_route_ids":[1810982,1812883],"status":null,"order_suspect":0,"span_suspect":0,"stations":[{"station_id":"n1481074119","station_name":"Prohlis, Gleisschleife"},{"station_id":"junc:13.79686:51.00040","station_name":""},{"station_id":"n1481074073","station_name":"Georg-Palitzsch-Straße"},{"station_id":"n1483327274","station_name":"Jacob-Winter-Platz (Prohlis-Zentrum)"},{"station_id":"n1481074061","station_name":"Albert-Wolf-Platz"},{"station_id":"n1481074079","station_name":"S-Bahnhof Dobritz"},{"station_id":"n1531054667","station_name":"Breitscheidstraße"},{"station_id":"n1481074059","station_name":"Abzweig nach Reick"},{"station_id":"n1481074083","station_name":"Lassallestraße"},{"station_id":"n1481074101","station_name":"Prof.-Ricker-Straße"},{"station_id":"n1481074090","station_name":"Marienberger Straße"},{"station_id":"n1481074381","station_name":"Rennplatzstraße"},{"station_id":"n1481074380","station_name":"Rauensteinstraße"},{"station_id":"n1481074085","station_name":"Liebstädter Straße"},{"station_id":"n708446868","station_name":"Zwinglistraße"},{"station_id":"n1481074082","station_name":"Karcherallee"},{"station_id":"n1481074087","station_name":"Lipsiusstraße"},{"station_id":"n1481074067","station_name":"Comeniusplatz"},{"station_id":"n302411628","station_name":"Straßburger Platz (Gläserne Manufaktur)"},{"station_id":"n1481074070","station_name":"Deutsches Hygiene-Museum"},{"station_id":"junc:13.74664:51.04885","station_name":""},{"station_id":"n1531054674","station_name":"Pirnaischer Platz (Stadtmuseum)"},{"station_id":"n1481074063","station_name":"Altmarkt"},{"station_id":"n2102006632","station_name":"Postplatz"},{"station_id":"junc:13.72981:51.05083","station_name":""},{"station_id":"n1481074382","station_name":"Schweriner Straße (Hochschule für Musik)"},{"station_id":"n283339711","station_name":"Bahnhof Mitte / Jahnstraße"},{"station_id":"junc:13.72039:51.05487","station_name":""},{"station_id":"n203804853","station_name":"Koreanischer Platz"},{"station_id":"n2277961679","station_name":"Manitiusstraße"},{"station_id":"n2277991354","station_name":"Waltherstraße"},{"station_id":"n2277997856","station_name":"Hamburger Straße"},{"station_id":"n1481074065","station_name":"Bremer Straße"},{"station_id":"n1481074071","station_name":"Flügelweg"},{"station_id":"n2278271794","station_name":"Cossebauder Straße"},{"station_id":"n2278287739","station_name":"Cotta, Gottfried-Keller-Straße"},{"station_id":"n3528256098","station_name":"Leutewitz"}]},{"route_id":"rm2690192","route_name":"Tram 12","route_name_local":"Tram 12","route_name_en":null,"route_ref":"12","route_color":"#006b42","wikipedia":"de:Verkehrsverbund Oberelbe","osm_route_ids":[1913600,1913601],"status":null,"order_suspect":0,"span_suspect":0,"stations":[{"station_id":"n2204145206","station_name":"Striesen, Ludwig-Hartmann-Straße"},{"station_id":"n2249378490","station_name":"Gustav-Freytag-Straße"},{"station_id":"n2249391575","station_name":"Heinrich-Schütz-Straße"},{"station_id":"n3123485859","station_name":"Jüngststraße"},{"station_id":"n3123615227","station_name":"Blasewitz, Schillerplatz"},{"station_id":"n3123619045","station_name":"Prellerstraße"},{"station_id":"n2249679758","station_name":"Lene-Glatzer-Straße"},{"station_id":"n2250469190","station_name":"Königsheimplatz"},{"station_id":"n2250518300","station_name":"Augsburger Straße (Universitätsklinikum)"},{"station_id":"junc:13.77815:51.05294","station_name":""},{"station_id":"n2251164068","station_name":"Blasewitzer Straße / Fetscherstraße"},{"station_id":"n2251193229","station_name":"Gabelsbergerstraße"},{"station_id":"n247167118","station_name":"Fetscherplatz"},{"station_id":"n247164846","station_name":"Krankenhaus St. Joseph-Stift"},{"station_id":"n302411628","station_name":"Straßburger Platz (Gläserne Manufaktur)"},{"station_id":"n1481074070","station_name":"Deutsches Hygiene-Museum"},{"station_id":"junc:13.74664:51.04885","station_name":""},{"station_id":"n1531054674","station_name":"Pirnaischer Platz (Stadtmuseum)"},{"station_id":"junc:13.74036:51.04709","station_name":""},{"station_id":"n712415502","station_name":"Prager Straße"},{"station_id":"n2102006632","station_name":"Postplatz"},{"station_id":"junc:13.72981:51.05083","station_name":""},{"station_id":"n1547113330","station_name":"Schwimmhalle Freiberger Platz"},{"station_id":"n94174019","station_name":"S-Bahnhof Freiberger Straße"},{"station_id":"n2270172153","station_name":"Florastraße"},{"station_id":"n2270171064","station_name":"Oederaner Straße"},{"station_id":"n203835221","station_name":"Löbtau, Tharandter Straße"},{"station_id":"n2092458040","station_name":"Bünaustraße"},{"station_id":"n3146085861","station_name":"Conertplatz"},{"station_id":"n3146085852","station_name":"Pennricher Straße"},{"station_id":"n3146023349","station_name":"Birkenhainer Straße"},{"station_id":"n3146023350","station_name":"Altcotta"},{"station_id":"n1547113385","station_name":"Ockerwitzer Straße"},{"station_id":"n2278271794","station_name":"Cossebauder Straße"},{"station_id":"n2278287739","station_name":"Cotta, Gottfried-Keller-Straße"},{"station_id":"n3528256098","station_name":"Leutewitz"}]}],"route_count":2,"route_refs":["1","12"],"route_colors":["#e4002c","#006b42"],"city":"Dresden","country":"Germany"},"geometry":{"type":"MultiLineString","coordinates":[[[13.68054665,51.061619750000006],[13.6776008,51.060953475],[13.67035208,51.059126420000005]]]}},{"type":"Feature","properties":{"seg_id":"dresden-49","routes":[{"route_id":"rm5186751","route_name":"Tram 13","route_name_local":"Tram 13","route_name_en":null,"route_ref":"13","route_color":"#fdc300","wikipedia":"de:Verkehrsverbund Oberelbe","osm_route_ids":[1812884,1812885,1812886,1812887],"status":null,"order_suspect":0,"span_suspect":0,"stations":[{"station_id":"n1481074119","station_name":"Prohlis, Gleisschleife"},{"station_id":"junc:13.79686:51.00040","station_name":""},{"station_id":"n1481074073","station_name":"Georg-Palitzsch-Straße"},{"station_id":"n1483327274","station_name":"Jacob-Winter-Platz (Prohlis-Zentrum)"},{"station_id":"n1481074061","station_name":"Albert-Wolf-Platz"},{"station_id":"n268018285","station_name":"Trattendorfer Straße"},{"station_id":"n2243373035","station_name":"Altreick"},{"station_id":"n3160218185","station_name":"Hülßestraße"},{"station_id":"n3160218161","station_name":"Lohrmannstraße"},{"station_id":"n3160217646","station_name":"Wieckestraße"},{"station_id":"n3160217634","station_name":"Otto-Dix-Ring"},{"station_id":"n3160217622","station_name":"Eugen-Bracht-Straße"},{"station_id":"n2243029501","station_name":"Cäcilienstraße"},{"station_id":"n3151883421","station_name":"Hugo-Bürkner-Straße"},{"station_id":"n3151883406","station_name":"Mockritzer Straße"},{"station_id":"n2242733186","station_name":"Wasaplatz"},{"station_id":"n6703868143","station_name":"S-Bahnhof Strehlen"},{"station_id":"n3151728783","station_name":"Querallee"},{"station_id":"n3151728355","station_name":"Zoo"},{"station_id":"junc:13.74868:51.03747","station_name":""},{"station_id":"n103928327","station_name":"Lennéplatz"},{"station_id":"n247170108","station_name":"Georg-Arnhold-Bad (Deutsches Hygiene-Museum)"},{"station_id":"n302411628","station_name":"Straßburger Platz (Gläserne Manufaktur)"},{"station_id":"n2234280244","station_name":"Sankt-Benno-Gymnasium"},{"station_id":"n3137455895","station_name":"Dürerstraße (Evangelische Hochschule)"},{"station_id":"junc:13.75795:51.05404","station_name":""},{"station_id":"n198206259","station_name":"Sachsenallee"},{"station_id":"n247167120","station_name":"Rosa-Luxemburg-Platz"},{"station_id":"n3137622058","station_name":"Bautzner Straße / Rothenburger Straße"},{"station_id":"n3137622112","station_name":"Görlitzer Straße (Nordbad)"},{"station_id":"n248632392","station_name":"Alaunplatz"},{"station_id":"n438606702","station_name":"Bischofsweg"},{"station_id":"n248632526","station_name":"S-Bahnhof Bischofsplatz"},{"station_id":"n924195564","station_name":"Friedensstraße"},{"station_id":"n598589141","station_name":"Liststraße"},{"station_id":"n248643762","station_name":"Bürgerstraße"},{"station_id":"n198197306","station_name":"Rathaus Pieschen"},{"station_id":"n1535249151","station_name":"Altpieschen"},{"station_id":"junc:13.71460:51.07950","station_name":""},{"station_id":"n164388310","station_name":"Mickten"},{"station_id":"n199462776","station_name":"Trachauer Straße"},{"station_id":"n9493141425","station_name":"Brockwitzer Straße"},{"station_id":"n151013122","station_name":"An der Flutrinne"},{"station_id":"n248643752","station_name":"Sörnewitzer Straße"},{"station_id":"n248643753","station_name":"Elbepark"},{"station_id":"n198170269","station_name":"Washingtonstraße"},{"station_id":"n198170827","station_name":"Kaditz, Riegelplatz"}]},{"route_id":"rm5186035","route_name":"Tram 4","route_name_local":"Tram 4","route_name_en":null,"route_ref":"4","route_color":"#92c255","wikipedia":"de:Verkehrsverbund Oberelbe","osm_route_ids":[1895461,1895462,1895463,1895464,2813709,2813811],"status":null,"order_suspect":0,"span_suspect":0,"stations":[{"station_id":"n68333849","station_name":"Weinböhla (Rathausstraße)"},{"station_id":"n3539408417","station_name":"Weinböhla, Gellertstraße"},{"station_id":"n68333843","station_name":"Weinböhla, Köhlerstraße"},{"station_id":"n68333831","station_name":"Coswig, Steinbacher Weg"},{"station_id":"n248641303","station_name":"Coswig, Auerstraße"},{"station_id":"n248641302","station_name":"Coswig, Salzstraße"},{"station_id":"n68333808","station_name":"Coswig, Rathaus"},{"station_id":"n69393959","station_name":"Coswig, Zentrum / Börse"},{"station_id":"n69393313","station_name":"Coswig, Radebeuler Straße"},{"station_id":"n248640364","station_name":"Radebeul, Eisenbahnbrücke"},{"station_id":"n248640363","station_name":"Radebeul, Gerhart-Hauptmann-Straße"},{"station_id":"n67373675","station_name":"Radebeul, Johannisbergstraße"},{"station_id":"n67373488","station_name":"Radebeul, Schloss Wackerbarth"},{"station_id":"n1535249173","station_name":"Radebeul West, Flemmingstraße"},{"station_id":"n1535249257","station_name":"Radebeul, Moritzburger Straße"},{"station_id":"n1123405476","station_name":"Radebeul, Gradsteg"},{"station_id":"n1535249162","station_name":"Radebeul, Borstraße"},{"station_id":"n1535249166","station_name":"Radebeul, Dr.-Külz-Straße"},{"station_id":"n1535249441","station_name":"Radebeul, Zillerstraße (Elblandklinikum)"},{"station_id":"n3053531658","station_name":"Radebeul, Landesbühnen Sachsen"},{"station_id":"n1535249436","station_name":"Radebeul, Wasastraße"},{"station_id":"n1535249432","station_name":"Radebeul, Schildenstraße"},{"station_id":"n1535249193","station_name":"Radebeul, Hauptstraße"},{"station_id":"n1535249442","station_name":"Radebeul, Zinzendorfstraße"},{"station_id":"n1535249175","station_name":"Radebeul, Forststraße"},{"station_id":"n2217680818","station_name":"Kleestraße"},{"station_id":"n1535249178","station_name":"S-Bahnhof Trachau West"},{"station_id":"n2217158593","station_name":"Peschelstraße"},{"station_id":"n251313472","station_name":"Rankestraße"},{"station_id":"n256130959","station_name":"Alttrachau"},{"station_id":"n164388310","station_name":"Mickten"},{"station_id":"junc:13.71460:51.07950","station_name":""},{"station_id":"n1535249151","station_name":"Altpieschen"},{"station_id":"n2197973362","station_name":"Oschatzer Straße"},{"station_id":"n2198004340","station_name":"Alexander-Puschkin-Platz"},{"station_id":"n26423972","station_name":"Alter Schlachthof"},{"station_id":"n30893823","station_name":"Antonstraße / Leipziger Straße"},{"station_id":"n1535249290","station_name":"Palaisplatz (Japanisches Palais)"},{"station_id":"n3607726821","station_name":"Neustädter Markt"},{"station_id":"n2030526228","station_name":"Theaterplatz"},{"station_id":"junc:13.73325:51.05123","station_name":""},{"station_id":"n2102006632","station_name":"Postplatz"},{"station_id":"n712415502","station_name":"Prager Straße"},{"station_id":"n997588698","station_name":"Walpurgisstraße"},{"station_id":"n988900797","station_name":"Hauptbahnhof Nord"},{"station_id":"junc:13.73488:51.04037","station_name":""},{"station_id":"n197551704","station_name":"Gret-Palucca-Straße"},{"station_id":"n103928327","station_name":"Lennéplatz"},{"station_id":"junc:13.74868:51.03747","station_name":""},{"station_id":"n3151728355","station_name":"Zoo"},{"station_id":"n3151728783","station_name":"Querallee"},{"station_id":"n6703868143","station_name":"S-Bahnhof Strehlen"},{"station_id":"n2242733186","station_name":"Wasaplatz"},{"station_id":"n3151883406","station_name":"Mockritzer Straße"},{"station_id":"n3151883421","station_name":"Hugo-Bürkner-Straße"},{"station_id":"n2243029501","station_name":"Cäcilienstraße"},{"station_id":"n3160217622","station_name":"Eugen-Bracht-Straße"},{"station_id":"n3160217634","station_name":"Otto-Dix-Ring"},{"station_id":"n3160217646","station_name":"Wieckestraße"},{"station_id":"n3160218161","station_name":"Lohrmannstraße"},{"station_id":"n3160218185","station_name":"Hülßestraße"},{"station_id":"n2243373035","station_name":"Altreick"},{"station_id":"n268018285","station_name":"Trattendorfer Straße"},{"station_id":"n1481074061","station_name":"Albert-Wolf-Platz"},{"station_id":"n1483327274","station_name":"Jacob-Winter-Platz (Prohlis-Zentrum)"},{"station_id":"n1481074073","station_name":"Georg-Palitzsch-Straße"},{"station_id":"junc:13.79686:51.00040","station_name":""},{"station_id":"n1481074119","station_name":"Prohlis, Gleisschleife"}]}],"route_count":2,"route_refs":["13","4"],"route_colors":["#fdc300","#92c255"],"city":"Dresden","country":"Germany"},"geometry":{"type":"MultiLineString","coordinates":[[[13.803371833333335,51.00833273333333],[13.80067595,51.01012155],[13.795495525,51.012963975],[13.790635625,51.0135724],[13.7870083,51.015738150000004],[13.783895175,51.0176271],[13.780311325,51.019567225],[13.774517275,51.022581525],[13.769945625,51.024628725],[13.76516865,51.02258425],[13.7622438,51.02453425],[13.759814675,51.0274588],[13.76127045,51.03119825],[13.7580869,51.034582],[13.7528138,51.036679050000004],[13.7486759,51.0374703],[13.7468254,51.037920275]]]}},{"type":"Feature","properties":{"seg_id":"dresden-50","routes":[{"route_id":"rm5186751","route_name":"Tram 13","route_name_local":"Tram 13","route_name_en":null,"route_ref":"13","route_color":"#fdc300","wikipedia":"de:Verkehrsverbund Oberelbe","osm_route_ids":[1812884,1812885,1812886,1812887],"status":null,"order_suspect":0,"span_suspect":0,"stations":[{"station_id":"n1481074119","station_name":"Prohlis, Gleisschleife"},{"station_id":"junc:13.79686:51.00040","station_name":""},{"station_id":"n1481074073","station_name":"Georg-Palitzsch-Straße"},{"station_id":"n1483327274","station_name":"Jacob-Winter-Platz (Prohlis-Zentrum)"},{"station_id":"n1481074061","station_name":"Albert-Wolf-Platz"},{"station_id":"n268018285","station_name":"Trattendorfer Straße"},{"station_id":"n2243373035","station_name":"Altreick"},{"station_id":"n3160218185","station_name":"Hülßestraße"},{"station_id":"n3160218161","station_name":"Lohrmannstraße"},{"station_id":"n3160217646","station_name":"Wieckestraße"},{"station_id":"n3160217634","station_name":"Otto-Dix-Ring"},{"station_id":"n3160217622","station_name":"Eugen-Bracht-Straße"},{"station_id":"n2243029501","station_name":"Cäcilienstraße"},{"station_id":"n3151883421","station_name":"Hugo-Bürkner-Straße"},{"station_id":"n3151883406","station_name":"Mockritzer Straße"},{"station_id":"n2242733186","station_name":"Wasaplatz"},{"station_id":"n6703868143","station_name":"S-Bahnhof Strehlen"},{"station_id":"n3151728783","station_name":"Querallee"},{"station_id":"n3151728355","station_name":"Zoo"},{"station_id":"junc:13.74868:51.03747","station_name":""},{"station_id":"n103928327","station_name":"Lennéplatz"},{"station_id":"n247170108","station_name":"Georg-Arnhold-Bad (Deutsches Hygiene-Museum)"},{"station_id":"n302411628","station_name":"Straßburger Platz (Gläserne Manufaktur)"},{"station_id":"n2234280244","station_name":"Sankt-Benno-Gymnasium"},{"station_id":"n3137455895","station_name":"Dürerstraße (Evangelische Hochschule)"},{"station_id":"junc:13.75795:51.05404","station_name":""},{"station_id":"n198206259","station_name":"Sachsenallee"},{"station_id":"n247167120","station_name":"Rosa-Luxemburg-Platz"},{"station_id":"n3137622058","station_name":"Bautzner Straße / Rothenburger Straße"},{"station_id":"n3137622112","station_name":"Görlitzer Straße (Nordbad)"},{"station_id":"n248632392","station_name":"Alaunplatz"},{"station_id":"n438606702","station_name":"Bischofsweg"},{"station_id":"n248632526","station_name":"S-Bahnhof Bischofsplatz"},{"station_id":"n924195564","station_name":"Friedensstraße"},{"station_id":"n598589141","station_name":"Liststraße"},{"station_id":"n248643762","station_name":"Bürgerstraße"},{"station_id":"n198197306","station_name":"Rathaus Pieschen"},{"station_id":"n1535249151","station_name":"Altpieschen"},{"station_id":"junc:13.71460:51.07950","station_name":""},{"station_id":"n164388310","station_name":"Mickten"},{"station_id":"n199462776","station_name":"Trachauer Straße"},{"station_id":"n9493141425","station_name":"Brockwitzer Straße"},{"station_id":"n151013122","station_name":"An der Flutrinne"},{"station_id":"n248643752","station_name":"Sörnewitzer Straße"},{"station_id":"n248643753","station_name":"Elbepark"},{"station_id":"n198170269","station_name":"Washingtonstraße"},{"station_id":"n198170827","station_name":"Kaditz, Riegelplatz"}]}],"route_count":1,"route_refs":["13"],"route_colors":["#fdc300"],"city":"Dresden","country":"Germany"},"geometry":{"type":"MultiLineString","coordinates":[[[13.752315816666666,51.06274358333334],[13.753602675000002,51.06586435],[13.755306499999998,51.07002083333333],[13.7507486,51.07137958749999],[13.746908199999998,51.072009249999994],[13.740885375000001,51.0734639],[13.731834283333335,51.076955733333335],[13.72570725,51.07689005],[13.7217729,51.07739765],[13.717607833333334,51.07740633333333]]]}},{"type":"Feature","properties":{"seg_id":"dresden-51","routes":[{"route_id":"rm5186751","route_name":"Tram 13","route_name_local":"Tram 13","route_name_en":null,"route_ref":"13","route_color":"#fdc300","wikipedia":"de:Verkehrsverbund Oberelbe","osm_route_ids":[1812884,1812885,1812886,1812887],"status":null,"order_suspect":0,"span_suspect":0,"stations":[{"station_id":"n1481074119","station_name":"Prohlis, Gleisschleife"},{"station_id":"junc:13.79686:51.00040","station_name":""},{"station_id":"n1481074073","station_name":"Georg-Palitzsch-Straße"},{"station_id":"n1483327274","station_name":"Jacob-Winter-Platz (Prohlis-Zentrum)"},{"station_id":"n1481074061","station_name":"Albert-Wolf-Platz"},{"station_id":"n268018285","station_name":"Trattendorfer Straße"},{"station_id":"n2243373035","station_name":"Altreick"},{"station_id":"n3160218185","station_name":"Hülßestraße"},{"station_id":"n3160218161","station_name":"Lohrmannstraße"},{"station_id":"n3160217646","station_name":"Wieckestraße"},{"station_id":"n3160217634","station_name":"Otto-Dix-Ring"},{"station_id":"n3160217622","station_name":"Eugen-Bracht-Straße"},{"station_id":"n2243029501","station_name":"Cäcilienstraße"},{"station_id":"n3151883421","station_name":"Hugo-Bürkner-Straße"},{"station_id":"n3151883406","station_name":"Mockritzer Straße"},{"station_id":"n2242733186","station_name":"Wasaplatz"},{"station_id":"n6703868143","station_name":"S-Bahnhof Strehlen"},{"station_id":"n3151728783","station_name":"Querallee"},{"station_id":"n3151728355","station_name":"Zoo"},{"station_id":"junc:13.74868:51.03747","station_name":""},{"station_id":"n103928327","station_name":"Lennéplatz"},{"station_id":"n247170108","station_name":"Georg-Arnhold-Bad (Deutsches Hygiene-Museum)"},{"station_id":"n302411628","station_name":"Straßburger Platz (Gläserne Manufaktur)"},{"station_id":"n2234280244","station_name":"Sankt-Benno-Gymnasium"},{"station_id":"n3137455895","station_name":"Dürerstraße (Evangelische Hochschule)"},{"station_id":"junc:13.75795:51.05404","station_name":""},{"station_id":"n198206259","station_name":"Sachsenallee"},{"station_id":"n247167120","station_name":"Rosa-Luxemburg-Platz"},{"station_id":"n3137622058","station_name":"Bautzner Straße / Rothenburger Straße"},{"station_id":"n3137622112","station_name":"Görlitzer Straße (Nordbad)"},{"station_id":"n248632392","station_name":"Alaunplatz"},{"station_id":"n438606702","station_name":"Bischofsweg"},{"station_id":"n248632526","station_name":"S-Bahnhof Bischofsplatz"},{"station_id":"n924195564","station_name":"Friedensstraße"},{"station_id":"n598589141","station_name":"Liststraße"},{"station_id":"n248643762","station_name":"Bürgerstraße"},{"station_id":"n198197306","station_name":"Rathaus Pieschen"},{"station_id":"n1535249151","station_name":"Altpieschen"},{"station_id":"junc:13.71460:51.07950","station_name":""},{"station_id":"n164388310","station_name":"Mickten"},{"station_id":"n199462776","station_name":"Trachauer Straße"},{"station_id":"n9493141425","station_name":"Brockwitzer Straße"},{"station_id":"n151013122","station_name":"An der Flutrinne"},{"station_id":"n248643752","station_name":"Sörnewitzer Straße"},{"station_id":"n248643753","station_name":"Elbepark"},{"station_id":"n198170269","station_name":"Washingtonstraße"},{"station_id":"n198170827","station_name":"Kaditz, Riegelplatz"}]},{"route_id":"rm5186435","route_name":"Tram 9","route_name_local":"Tram 9","route_name_en":null,"route_ref":"9","route_color":"#c9061a","wikipedia":"de:Verkehrsverbund Oberelbe","osm_route_ids":[1812888,1812889],"status":null,"order_suspect":0,"span_suspect":0,"stations":[{"station_id":"n198170827","station_name":"Kaditz, Riegelplatz"},{"station_id":"n198170269","station_name":"Washingtonstraße"},{"station_id":"n248643753","station_name":"Elbepark"},{"station_id":"n248643752","station_name":"Sörnewitzer Straße"},{"station_id":"n151013122","station_name":"An der Flutrinne"},{"station_id":"n9493141425","station_name":"Brockwitzer Straße"},{"station_id":"n199462776","station_name":"Trachauer Straße"},{"station_id":"n164388310","station_name":"Mickten"},{"station_id":"junc:13.71460:51.07950","station_name":""},{"station_id":"n1535249151","station_name":"Altpieschen"},{"station_id":"n2197973362","station_name":"Oschatzer Straße"},{"station_id":"n2198004340","station_name":"Alexander-Puschkin-Platz"},{"station_id":"n26423972","station_name":"Alter Schlachthof"},{"station_id":"n30893823","station_name":"Antonstraße / Leipziger Straße"},{"station_id":"n1535249290","station_name":"Palaisplatz (Japanisches Palais)"},{"station_id":"n3607726821","station_name":"Neustädter Markt"},{"station_id":"n2030526228","station_name":"Theaterplatz"},{"station_id":"junc:13.73325:51.05123","station_name":""},{"station_id":"n2102006632","station_name":"Postplatz"},{"station_id":"n1481074063","station_name":"Altmarkt"},{"station_id":"n1531054674","station_name":"Pirnaischer Platz (Stadtmuseum)"},{"station_id":"junc:13.74664:51.04885","station_name":""},{"station_id":"n1481074070","station_name":"Deutsches Hygiene-Museum"},{"station_id":"n302411628","station_name":"Straßburger Platz (Gläserne Manufaktur)"},{"station_id":"n247164846","station_name":"Krankenhaus St. Joseph-Stift"},{"station_id":"n247167118","station_name":"Fetscherplatz"},{"station_id":"n3057031845","station_name":"Mosenstraße"},{"station_id":"n3057141424","station_name":"Spenerstraße"},{"station_id":"n3057141419","station_name":"Bergmannstraße"},{"station_id":"n1535249293","station_name":"Pohlandplatz (Technische Sammlungen)"},{"station_id":"n3057282587","station_name":"Gottleubaer Straße"},{"station_id":"n1299402673","station_name":"Striesen, Emanuel-Goldberg-Platz"},{"station_id":"n2204145206","station_name":"Striesen, Ludwig-Hartmann-Straße"},{"station_id":"n1152939366","station_name":"Johannisfriedhof"},{"station_id":"n3058661317","station_name":"Tolkewitz Schulcampus"},{"station_id":"n248219396","station_name":"Wasserwerk Tolkewitz"},{"station_id":"n1535249155","station_name":"Alttolkewitz"},{"station_id":"n3069863291","station_name":"Hermann-Seidel-Straße"},{"station_id":"junc:13.83743:51.02503","station_name":""},{"station_id":"n3070070350","station_name":"Leubener Straße"},{"station_id":"n1535249304","station_name":"Laubegast, Kronstädter Platz"}]},{"route_id":"rm5186035","route_name":"Tram 4","route_name_local":"Tram 4","route_name_en":null,"route_ref":"4","route_color":"#92c255","wikipedia":"de:Verkehrsverbund Oberelbe","osm_route_ids":[1895461,1895462,1895463,1895464,2813709,2813811],"status":null,"order_suspect":0,"span_suspect":0,"stations":[{"station_id":"n68333849","station_name":"Weinböhla (Rathausstraße)"},{"station_id":"n3539408417","station_name":"Weinböhla, Gellertstraße"},{"station_id":"n68333843","station_name":"Weinböhla, Köhlerstraße"},{"station_id":"n68333831","station_name":"Coswig, Steinbacher Weg"},{"station_id":"n248641303","station_name":"Coswig, Auerstraße"},{"station_id":"n248641302","station_name":"Coswig, Salzstraße"},{"station_id":"n68333808","station_name":"Coswig, Rathaus"},{"station_id":"n69393959","station_name":"Coswig, Zentrum / Börse"},{"station_id":"n69393313","station_name":"Coswig, Radebeuler Straße"},{"station_id":"n248640364","station_name":"Radebeul, Eisenbahnbrücke"},{"station_id":"n248640363","station_name":"Radebeul, Gerhart-Hauptmann-Straße"},{"station_id":"n67373675","station_name":"Radebeul, Johannisbergstraße"},{"station_id":"n67373488","station_name":"Radebeul, Schloss Wackerbarth"},{"station_id":"n1535249173","station_name":"Radebeul West, Flemmingstraße"},{"station_id":"n1535249257","station_name":"Radebeul, Moritzburger Straße"},{"station_id":"n1123405476","station_name":"Radebeul, Gradsteg"},{"station_id":"n1535249162","station_name":"Radebeul, Borstraße"},{"station_id":"n1535249166","station_name":"Radebeul, Dr.-Külz-Straße"},{"station_id":"n1535249441","station_name":"Radebeul, Zillerstraße (Elblandklinikum)"},{"station_id":"n3053531658","station_name":"Radebeul, Landesbühnen Sachsen"},{"station_id":"n1535249436","station_name":"Radebeul, Wasastraße"},{"station_id":"n1535249432","station_name":"Radebeul, Schildenstraße"},{"station_id":"n1535249193","station_name":"Radebeul, Hauptstraße"},{"station_id":"n1535249442","station_name":"Radebeul, Zinzendorfstraße"},{"station_id":"n1535249175","station_name":"Radebeul, Forststraße"},{"station_id":"n2217680818","station_name":"Kleestraße"},{"station_id":"n1535249178","station_name":"S-Bahnhof Trachau West"},{"station_id":"n2217158593","station_name":"Peschelstraße"},{"station_id":"n251313472","station_name":"Rankestraße"},{"station_id":"n256130959","station_name":"Alttrachau"},{"station_id":"n164388310","station_name":"Mickten"},{"station_id":"junc:13.71460:51.07950","station_name":""},{"station_id":"n1535249151","station_name":"Altpieschen"},{"station_id":"n2197973362","station_name":"Oschatzer Straße"},{"station_id":"n2198004340","station_name":"Alexander-Puschkin-Platz"},{"station_id":"n26423972","station_name":"Alter Schlachthof"},{"station_id":"n30893823","station_name":"Antonstraße / Leipziger Straße"},{"station_id":"n1535249290","station_name":"Palaisplatz (Japanisches Palais)"},{"station_id":"n3607726821","station_name":"Neustädter Markt"},{"station_id":"n2030526228","station_name":"Theaterplatz"},{"station_id":"junc:13.73325:51.05123","station_name":""},{"station_id":"n2102006632","station_name":"Postplatz"},{"station_id":"n712415502","station_name":"Prager Straße"},{"station_id":"n997588698","station_name":"Walpurgisstraße"},{"station_id":"n988900797","station_name":"Hauptbahnhof Nord"},{"station_id":"junc:13.73488:51.04037","station_name":""},{"station_id":"n197551704","station_name":"Gret-Palucca-Straße"},{"station_id":"n103928327","station_name":"Lennéplatz"},{"station_id":"junc:13.74868:51.03747","station_name":""},{"station_id":"n3151728355","station_name":"Zoo"},{"station_id":"n3151728783","station_name":"Querallee"},{"station_id":"n6703868143","station_name":"S-Bahnhof Strehlen"},{"station_id":"n2242733186","station_name":"Wasaplatz"},{"station_id":"n3151883406","station_name":"Mockritzer Straße"},{"station_id":"n3151883421","station_name":"Hugo-Bürkner-Straße"},{"station_id":"n2243029501","station_name":"Cäcilienstraße"},{"station_id":"n3160217622","station_name":"Eugen-Bracht-Straße"},{"station_id":"n3160217634","station_name":"Otto-Dix-Ring"},{"station_id":"n3160217646","station_name":"Wieckestraße"},{"station_id":"n3160218161","station_name":"Lohrmannstraße"},{"station_id":"n3160218185","station_name":"Hülßestraße"},{"station_id":"n2243373035","station_name":"Altreick"},{"station_id":"n268018285","station_name":"Trattendorfer Straße"},{"station_id":"n1481074061","station_name":"Albert-Wolf-Platz"},{"station_id":"n1483327274","station_name":"Jacob-Winter-Platz (Prohlis-Zentrum)"},{"station_id":"n1481074073","station_name":"Georg-Palitzsch-Straße"},{"station_id":"junc:13.79686:51.00040","station_name":""},{"station_id":"n1481074119","station_name":"Prohlis, Gleisschleife"}]}],"route_count":3,"route_refs":["13","9","4"],"route_colors":["#fdc300","#c9061a","#92c255"],"city":"Dresden","country":"Germany"},"geometry":{"type":"MultiLineString","coordinates":[[[13.717607833333334,51.07740633333333],[13.7146048,51.0794975],[13.713716699999999,51.0798818875]]]}},{"type":"Feature","properties":{"seg_id":"dresden-52","routes":[{"route_id":"rm5186751","route_name":"Tram 13","route_name_local":"Tram 13","route_name_en":null,"route_ref":"13","route_color":"#fdc300","wikipedia":"de:Verkehrsverbund Oberelbe","osm_route_ids":[1812884,1812885,1812886,1812887],"status":null,"order_suspect":0,"span_suspect":0,"stations":[{"station_id":"n1481074119","station_name":"Prohlis, Gleisschleife"},{"station_id":"junc:13.79686:51.00040","station_name":""},{"station_id":"n1481074073","station_name":"Georg-Palitzsch-Straße"},{"station_id":"n1483327274","station_name":"Jacob-Winter-Platz (Prohlis-Zentrum)"},{"station_id":"n1481074061","station_name":"Albert-Wolf-Platz"},{"station_id":"n268018285","station_name":"Trattendorfer Straße"},{"station_id":"n2243373035","station_name":"Altreick"},{"station_id":"n3160218185","station_name":"Hülßestraße"},{"station_id":"n3160218161","station_name":"Lohrmannstraße"},{"station_id":"n3160217646","station_name":"Wieckestraße"},{"station_id":"n3160217634","station_name":"Otto-Dix-Ring"},{"station_id":"n3160217622","station_name":"Eugen-Bracht-Straße"},{"station_id":"n2243029501","station_name":"Cäcilienstraße"},{"station_id":"n3151883421","station_name":"Hugo-Bürkner-Straße"},{"station_id":"n3151883406","station_name":"Mockritzer Straße"},{"station_id":"n2242733186","station_name":"Wasaplatz"},{"station_id":"n6703868143","station_name":"S-Bahnhof Strehlen"},{"station_id":"n3151728783","station_name":"Querallee"},{"station_id":"n3151728355","station_name":"Zoo"},{"station_id":"junc:13.74868:51.03747","station_name":""},{"station_id":"n103928327","station_name":"Lennéplatz"},{"station_id":"n247170108","station_name":"Georg-Arnhold-Bad (Deutsches Hygiene-Museum)"},{"station_id":"n302411628","station_name":"Straßburger Platz (Gläserne Manufaktur)"},{"station_id":"n2234280244","station_name":"Sankt-Benno-Gymnasium"},{"station_id":"n3137455895","station_name":"Dürerstraße (Evangelische Hochschule)"},{"station_id":"junc:13.75795:51.05404","station_name":""},{"station_id":"n198206259","station_name":"Sachsenallee"},{"station_id":"n247167120","station_name":"Rosa-Luxemburg-Platz"},{"station_id":"n3137622058","station_name":"Bautzner Straße / Rothenburger Straße"},{"station_id":"n3137622112","station_name":"Görlitzer Straße (Nordbad)"},{"station_id":"n248632392","station_name":"Alaunplatz"},{"station_id":"n438606702","station_name":"Bischofsweg"},{"station_id":"n248632526","station_name":"S-Bahnhof Bischofsplatz"},{"station_id":"n924195564","station_name":"Friedensstraße"},{"station_id":"n598589141","station_name":"Liststraße"},{"station_id":"n248643762","station_name":"Bürgerstraße"},{"station_id":"n198197306","station_name":"Rathaus Pieschen"},{"station_id":"n1535249151","station_name":"Altpieschen"},{"station_id":"junc:13.71460:51.07950","station_name":""},{"station_id":"n164388310","station_name":"Mickten"},{"station_id":"n199462776","station_name":"Trachauer Straße"},{"station_id":"n9493141425","station_name":"Brockwitzer Straße"},{"station_id":"n151013122","station_name":"An der Flutrinne"},{"station_id":"n248643752","station_name":"Sörnewitzer Straße"},{"station_id":"n248643753","station_name":"Elbepark"},{"station_id":"n198170269","station_name":"Washingtonstraße"},{"station_id":"n198170827","station_name":"Kaditz, Riegelplatz"}]},{"route_id":"rm5186435","route_name":"Tram 9","route_name_local":"Tram 9","route_name_en":null,"route_ref":"9","route_color":"#c9061a","wikipedia":"de:Verkehrsverbund Oberelbe","osm_route_ids":[1812888,1812889],"status":null,"order_suspect":0,"span_suspect":0,"stations":[{"station_id":"n198170827","station_name":"Kaditz, Riegelplatz"},{"station_id":"n198170269","station_name":"Washingtonstraße"},{"station_id":"n248643753","station_name":"Elbepark"},{"station_id":"n248643752","station_name":"Sörnewitzer Straße"},{"station_id":"n151013122","station_name":"An der Flutrinne"},{"station_id":"n9493141425","station_name":"Brockwitzer Straße"},{"station_id":"n199462776","station_name":"Trachauer Straße"},{"station_id":"n164388310","station_name":"Mickten"},{"station_id":"junc:13.71460:51.07950","station_name":""},{"station_id":"n1535249151","station_name":"Altpieschen"},{"station_id":"n2197973362","station_name":"Oschatzer Straße"},{"station_id":"n2198004340","station_name":"Alexander-Puschkin-Platz"},{"station_id":"n26423972","station_name":"Alter Schlachthof"},{"station_id":"n30893823","station_name":"Antonstraße / Leipziger Straße"},{"station_id":"n1535249290","station_name":"Palaisplatz (Japanisches Palais)"},{"station_id":"n3607726821","station_name":"Neustädter Markt"},{"station_id":"n2030526228","station_name":"Theaterplatz"},{"station_id":"junc:13.73325:51.05123","station_name":""},{"station_id":"n2102006632","station_name":"Postplatz"},{"station_id":"n1481074063","station_name":"Altmarkt"},{"station_id":"n1531054674","station_name":"Pirnaischer Platz (Stadtmuseum)"},{"station_id":"junc:13.74664:51.04885","station_name":""},{"station_id":"n1481074070","station_name":"Deutsches Hygiene-Museum"},{"station_id":"n302411628","station_name":"Straßburger Platz (Gläserne Manufaktur)"},{"station_id":"n247164846","station_name":"Krankenhaus St. Joseph-Stift"},{"station_id":"n247167118","station_name":"Fetscherplatz"},{"station_id":"n3057031845","station_name":"Mosenstraße"},{"station_id":"n3057141424","station_name":"Spenerstraße"},{"station_id":"n3057141419","station_name":"Bergmannstraße"},{"station_id":"n1535249293","station_name":"Pohlandplatz (Technische Sammlungen)"},{"station_id":"n3057282587","station_name":"Gottleubaer Straße"},{"station_id":"n1299402673","station_name":"Striesen, Emanuel-Goldberg-Platz"},{"station_id":"n2204145206","station_name":"Striesen, Ludwig-Hartmann-Straße"},{"station_id":"n1152939366","station_name":"Johannisfriedhof"},{"station_id":"n3058661317","station_name":"Tolkewitz Schulcampus"},{"station_id":"n248219396","station_name":"Wasserwerk Tolkewitz"},{"station_id":"n1535249155","station_name":"Alttolkewitz"},{"station_id":"n3069863291","station_name":"Hermann-Seidel-Straße"},{"station_id":"junc:13.83743:51.02503","station_name":""},{"station_id":"n3070070350","station_name":"Leubener Straße"},{"station_id":"n1535249304","station_name":"Laubegast, Kronstädter Platz"}]}],"route_count":2,"route_refs":["13","9"],"route_colors":["#fdc300","#c9061a"],"city":"Dresden","country":"Germany"},"geometry":{"type":"MultiLineString","coordinates":[[[13.713716699999999,51.0798818875],[13.70796125,51.0788938],[13.702934200000001,51.07799825],[13.698774725,51.0772609],[13.6971712,51.07968285],[13.695311725,51.081937125],[13.691058275,51.082331375],[13.687232349999999,51.0834497]]]}},{"type":"Feature","properties":{"seg_id":"dresden-53","routes":[{"route_id":"rm5186435","route_name":"Tram 9","route_name_local":"Tram 9","route_name_en":null,"route_ref":"9","route_color":"#c9061a","wikipedia":"de:Verkehrsverbund Oberelbe","osm_route_ids":[1812888,1812889],"status":null,"order_suspect":0,"span_suspect":0,"stations":[{"station_id":"n198170827","station_name":"Kaditz, Riegelplatz"},{"station_id":"n198170269","station_name":"Washingtonstraße"},{"station_id":"n248643753","station_name":"Elbepark"},{"station_id":"n248643752","station_name":"Sörnewitzer Straße"},{"station_id":"n151013122","station_name":"An der Flutrinne"},{"station_id":"n9493141425","station_name":"Brockwitzer Straße"},{"station_id":"n199462776","station_name":"Trachauer Straße"},{"station_id":"n164388310","station_name":"Mickten"},{"station_id":"junc:13.71460:51.07950","station_name":""},{"station_id":"n1535249151","station_name":"Altpieschen"},{"station_id":"n2197973362","station_name":"Oschatzer Straße"},{"station_id":"n2198004340","station_name":"Alexander-Puschkin-Platz"},{"station_id":"n26423972","station_name":"Alter Schlachthof"},{"station_id":"n30893823","station_name":"Antonstraße / Leipziger Straße"},{"station_id":"n1535249290","station_name":"Palaisplatz (Japanisches Palais)"},{"station_id":"n3607726821","station_name":"Neustädter Markt"},{"station_id":"n2030526228","station_name":"Theaterplatz"},{"station_id":"junc:13.73325:51.05123","station_name":""},{"station_id":"n2102006632","station_name":"Postplatz"},{"station_id":"n1481074063","station_name":"Altmarkt"},{"station_id":"n1531054674","station_name":"Pirnaischer Platz (Stadtmuseum)"},{"station_id":"junc:13.74664:51.04885","station_name":""},{"station_id":"n1481074070","station_name":"Deutsches Hygiene-Museum"},{"station_id":"n302411628","station_name":"Straßburger Platz (Gläserne Manufaktur)"},{"station_id":"n247164846","station_name":"Krankenhaus St. Joseph-Stift"},{"station_id":"n247167118","station_name":"Fetscherplatz"},{"station_id":"n3057031845","station_name":"Mosenstraße"},{"station_id":"n3057141424","station_name":"Spenerstraße"},{"station_id":"n3057141419","station_name":"Bergmannstraße"},{"station_id":"n1535249293","station_name":"Pohlandplatz (Technische Sammlungen)"},{"station_id":"n3057282587","station_name":"Gottleubaer Straße"},{"station_id":"n1299402673","station_name":"Striesen, Emanuel-Goldberg-Platz"},{"station_id":"n2204145206","station_name":"Striesen, Ludwig-Hartmann-Straße"},{"station_id":"n1152939366","station_name":"Johannisfriedhof"},{"station_id":"n3058661317","station_name":"Tolkewitz Schulcampus"},{"station_id":"n248219396","station_name":"Wasserwerk Tolkewitz"},{"station_id":"n1535249155","station_name":"Alttolkewitz"},{"station_id":"n3069863291","station_name":"Hermann-Seidel-Straße"},{"station_id":"junc:13.83743:51.02503","station_name":""},{"station_id":"n3070070350","station_name":"Leubener Straße"},{"station_id":"n1535249304","station_name":"Laubegast, Kronstädter Platz"}]},{"route_id":"rm5186035","route_name":"Tram 4","route_name_local":"Tram 4","route_name_en":null,"route_ref":"4","route_color":"#92c255","wikipedia":"de:Verkehrsverbund Oberelbe","osm_route_ids":[1895461,1895462,1895463,1895464,2813709,2813811],"status":null,"order_suspect":0,"span_suspect":0,"stations":[{"station_id":"n68333849","station_name":"Weinböhla (Rathausstraße)"},{"station_id":"n3539408417","station_name":"Weinböhla, Gellertstraße"},{"station_id":"n68333843","station_name":"Weinböhla, Köhlerstraße"},{"station_id":"n68333831","station_name":"Coswig, Steinbacher Weg"},{"station_id":"n248641303","station_name":"Coswig, Auerstraße"},{"station_id":"n248641302","station_name":"Coswig, Salzstraße"},{"station_id":"n68333808","station_name":"Coswig, Rathaus"},{"station_id":"n69393959","station_name":"Coswig, Zentrum / Börse"},{"station_id":"n69393313","station_name":"Coswig, Radebeuler Straße"},{"station_id":"n248640364","station_name":"Radebeul, Eisenbahnbrücke"},{"station_id":"n248640363","station_name":"Radebeul, Gerhart-Hauptmann-Straße"},{"station_id":"n67373675","station_name":"Radebeul, Johannisbergstraße"},{"station_id":"n67373488","station_name":"Radebeul, Schloss Wackerbarth"},{"station_id":"n1535249173","station_name":"Radebeul West, Flemmingstraße"},{"station_id":"n1535249257","station_name":"Radebeul, Moritzburger Straße"},{"station_id":"n1123405476","station_name":"Radebeul, Gradsteg"},{"station_id":"n1535249162","station_name":"Radebeul, Borstraße"},{"station_id":"n1535249166","station_name":"Radebeul, Dr.-Külz-Straße"},{"station_id":"n1535249441","station_name":"Radebeul, Zillerstraße (Elblandklinikum)"},{"station_id":"n3053531658","station_name":"Radebeul, Landesbühnen Sachsen"},{"station_id":"n1535249436","station_name":"Radebeul, Wasastraße"},{"station_id":"n1535249432","station_name":"Radebeul, Schildenstraße"},{"station_id":"n1535249193","station_name":"Radebeul, Hauptstraße"},{"station_id":"n1535249442","station_name":"Radebeul, Zinzendorfstraße"},{"station_id":"n1535249175","station_name":"Radebeul, Forststraße"},{"station_id":"n2217680818","station_name":"Kleestraße"},{"station_id":"n1535249178","station_name":"S-Bahnhof Trachau West"},{"station_id":"n2217158593","station_name":"Peschelstraße"},{"station_id":"n251313472","station_name":"Rankestraße"},{"station_id":"n256130959","station_name":"Alttrachau"},{"station_id":"n164388310","station_name":"Mickten"},{"station_id":"junc:13.71460:51.07950","station_name":""},{"station_id":"n1535249151","station_name":"Altpieschen"},{"station_id":"n2197973362","station_name":"Oschatzer Straße"},{"station_id":"n2198004340","station_name":"Alexander-Puschkin-Platz"},{"station_id":"n26423972","station_name":"Alter Schlachthof"},{"station_id":"n30893823","station_name":"Antonstraße / Leipziger Straße"},{"station_id":"n1535249290","station_name":"Palaisplatz (Japanisches Palais)"},{"station_id":"n3607726821","station_name":"Neustädter Markt"},{"station_id":"n2030526228","station_name":"Theaterplatz"},{"station_id":"junc:13.73325:51.05123","station_name":""},{"station_id":"n2102006632","station_name":"Postplatz"},{"station_id":"n712415502","station_name":"Prager Straße"},{"station_id":"n997588698","station_name":"Walpurgisstraße"},{"station_id":"n988900797","station_name":"Hauptbahnhof Nord"},{"station_id":"junc:13.73488:51.04037","station_name":""},{"station_id":"n197551704","station_name":"Gret-Palucca-Straße"},{"station_id":"n103928327","station_name":"Lennéplatz"},{"station_id":"junc:13.74868:51.03747","station_name":""},{"station_id":"n3151728355","station_name":"Zoo"},{"station_id":"n3151728783","station_name":"Querallee"},{"station_id":"n6703868143","station_name":"S-Bahnhof Strehlen"},{"station_id":"n2242733186","station_name":"Wasaplatz"},{"station_id":"n3151883406","station_name":"Mockritzer Straße"},{"station_id":"n3151883421","station_name":"Hugo-Bürkner-Straße"},{"station_id":"n2243029501","station_name":"Cäcilienstraße"},{"station_id":"n3160217622","station_name":"Eugen-Bracht-Straße"},{"station_id":"n3160217634","station_name":"Otto-Dix-Ring"},{"station_id":"n3160217646","station_name":"Wieckestraße"},{"station_id":"n3160218161","station_name":"Lohrmannstraße"},{"station_id":"n3160218185","station_name":"Hülßestraße"},{"station_id":"n2243373035","station_name":"Altreick"},{"station_id":"n268018285","station_name":"Trattendorfer Straße"},{"station_id":"n1481074061","station_name":"Albert-Wolf-Platz"},{"station_id":"n1483327274","station_name":"Jacob-Winter-Platz (Prohlis-Zentrum)"},{"station_id":"n1481074073","station_name":"Georg-Palitzsch-Straße"},{"station_id":"junc:13.79686:51.00040","station_name":""},{"station_id":"n1481074119","station_name":"Prohlis, Gleisschleife"}]}],"route_count":2,"route_refs":["9","4"],"route_colors":["#c9061a","#92c255"],"city":"Dresden","country":"Germany"},"geometry":{"type":"MultiLineString","coordinates":[[[13.717607833333334,51.07740633333333],[13.7232946,51.074327800000006],[13.728118925,51.0711028],[13.7314159,51.06819155],[13.736765966666667,51.06292006666667],[13.738334900000002,51.0603162],[13.74075045,51.05754405]]]}},{"type":"Feature","properties":{"seg_id":"dresden-54","routes":[{"route_id":"rm5186435","route_name":"Tram 9","route_name_local":"Tram 9","route_name_en":null,"route_ref":"9","route_color":"#c9061a","wikipedia":"de:Verkehrsverbund Oberelbe","osm_route_ids":[1812888,1812889],"status":null,"order_suspect":0,"span_suspect":0,"stations":[{"station_id":"n198170827","station_name":"Kaditz, Riegelplatz"},{"station_id":"n198170269","station_name":"Washingtonstraße"},{"station_id":"n248643753","station_name":"Elbepark"},{"station_id":"n248643752","station_name":"Sörnewitzer Straße"},{"station_id":"n151013122","station_name":"An der Flutrinne"},{"station_id":"n9493141425","station_name":"Brockwitzer Straße"},{"station_id":"n199462776","station_name":"Trachauer Straße"},{"station_id":"n164388310","station_name":"Mickten"},{"station_id":"junc:13.71460:51.07950","station_name":""},{"station_id":"n1535249151","station_name":"Altpieschen"},{"station_id":"n2197973362","station_name":"Oschatzer Straße"},{"station_id":"n2198004340","station_name":"Alexander-Puschkin-Platz"},{"station_id":"n26423972","station_name":"Alter Schlachthof"},{"station_id":"n30893823","station_name":"Antonstraße / Leipziger Straße"},{"station_id":"n1535249290","station_name":"Palaisplatz (Japanisches Palais)"},{"station_id":"n3607726821","station_name":"Neustädter Markt"},{"station_id":"n2030526228","station_name":"Theaterplatz"},{"station_id":"junc:13.73325:51.05123","station_name":""},{"station_id":"n2102006632","station_name":"Postplatz"},{"station_id":"n1481074063","station_name":"Altmarkt"},{"station_id":"n1531054674","station_name":"Pirnaischer Platz (Stadtmuseum)"},{"station_id":"junc:13.74664:51.04885","station_name":""},{"station_id":"n1481074070","station_name":"Deutsches Hygiene-Museum"},{"station_id":"n302411628","station_name":"Straßburger Platz (Gläserne Manufaktur)"},{"station_id":"n247164846","station_name":"Krankenhaus St. Joseph-Stift"},{"station_id":"n247167118","station_name":"Fetscherplatz"},{"station_id":"n3057031845","station_name":"Mosenstraße"},{"station_id":"n3057141424","station_name":"Spenerstraße"},{"station_id":"n3057141419","station_name":"Bergmannstraße"},{"station_id":"n1535249293","station_name":"Pohlandplatz (Technische Sammlungen)"},{"station_id":"n3057282587","station_name":"Gottleubaer Straße"},{"station_id":"n1299402673","station_name":"Striesen, Emanuel-Goldberg-Platz"},{"station_id":"n2204145206","station_name":"Striesen, Ludwig-Hartmann-Straße"},{"station_id":"n1152939366","station_name":"Johannisfriedhof"},{"station_id":"n3058661317","station_name":"Tolkewitz Schulcampus"},{"station_id":"n248219396","station_name":"Wasserwerk Tolkewitz"},{"station_id":"n1535249155","station_name":"Alttolkewitz"},{"station_id":"n3069863291","station_name":"Hermann-Seidel-Straße"},{"station_id":"junc:13.83743:51.02503","station_name":""},{"station_id":"n3070070350","station_name":"Leubener Straße"},{"station_id":"n1535249304","station_name":"Laubegast, Kronstädter Platz"}]}],"route_count":1,"route_refs":["9"],"route_colors":["#c9061a"],"city":"Dresden","country":"Germany"},"geometry":{"type":"MultiLineString","coordinates":[[[13.83737175,51.02444],[13.8376238,51.0230179]]]}},{"type":"Feature","properties":{"seg_id":"dresden-55","routes":[{"route_id":"rm5186008","route_name":"Tram 2","route_name_local":"Tram 2","route_name_en":null,"route_ref":"2","route_color":"#eb5b2d","wikipedia":"de:Verkehrsverbund Oberelbe","osm_route_ids":[1879856,1879857],"status":null,"order_suspect":0,"span_suspect":0,"stations":[{"station_id":"n1531265378","station_name":"Kleinzschachwitz, Freystraße"},{"station_id":"n2247431028","station_name":"Meußlitzer Straße"},{"station_id":"n2247397580","station_name":"Heckenweg"},{"station_id":"n2247382715","station_name":"Berthold-Haupt-Straße"},{"station_id":"n3072066153","station_name":"Altleuben"},{"station_id":"junc:13.82403:51.01276","station_name":""},{"station_id":"n1531265511","station_name":"Rottwerndorfer Straße"},{"station_id":"n1481074059","station_name":"Abzweig nach Reick"},{"station_id":"n1481074083","station_name":"Lassallestraße"},{"station_id":"n1481074101","station_name":"Prof.-Ricker-Straße"},{"station_id":"n1481074090","station_name":"Marienberger Straße"},{"station_id":"n1481074381","station_name":"Rennplatzstraße"},{"station_id":"n1481074380","station_name":"Rauensteinstraße"},{"station_id":"n1481074085","station_name":"Liebstädter Straße"},{"station_id":"n708446868","station_name":"Zwinglistraße"},{"station_id":"n1481074082","station_name":"Karcherallee"},{"station_id":"n1481074087","station_name":"Lipsiusstraße"},{"station_id":"n1481074067","station_name":"Comeniusplatz"},{"station_id":"n302411628","station_name":"Straßburger Platz (Gläserne Manufaktur)"},{"station_id":"n1481074070","station_name":"Deutsches Hygiene-Museum"},{"station_id":"junc:13.74664:51.04885","station_name":""},{"station_id":"n1531054674","station_name":"Pirnaischer Platz (Stadtmuseum)"},{"station_id":"n1481074063","station_name":"Altmarkt"},{"station_id":"n2102006632","station_name":"Postplatz"},{"station_id":"junc:13.72981:51.05083","station_name":""},{"station_id":"n1481074382","station_name":"Schweriner Straße (Hochschule für Musik)"},{"station_id":"n283339711","station_name":"Bahnhof Mitte / Jahnstraße"},{"station_id":"junc:13.72039:51.05487","station_name":""},{"station_id":"n203804853","station_name":"Koreanischer Platz"},{"station_id":"n249430084","station_name":"Cottaer Straße"},{"station_id":"n1531265525","station_name":"Semmelweisstraße"},{"station_id":"n3146709333","station_name":"Burgkstraße"},{"station_id":"n3146085852","station_name":"Pennricher Straße"},{"station_id":"n1531265296","station_name":"Chamissostraße"},{"station_id":"n1502155982","station_name":"Hebbelplatz"},{"station_id":"n1531265329","station_name":"Coventrystraße"},{"station_id":"n1531265333","station_name":"Dahlienweg"},{"station_id":"n197839497","station_name":"Amalie-Dietrich-Platz"},{"station_id":"n29999448","station_name":"Merianplatz"},{"station_id":"n126667149","station_name":"Kirschenstraße"},{"station_id":"n29999464","station_name":"Schlehenstraße"},{"station_id":"n249431104","station_name":"Gorbitz, Betriebshof"}]}],"route_count":1,"route_refs":["2"],"route_colors":["#eb5b2d"],"city":"Dresden","country":"Germany"},"geometry":{"type":"MultiLineString","coordinates":[[[13.854821733333333,51.00845353333333],[13.848915300000002,51.007978775],[13.8399968,51.00872735],[13.830766549999998,51.0097971]]]}},{"type":"Feature","properties":{"seg_id":"dresden-56","routes":[{"route_id":"rm5186008","route_name":"Tram 2","route_name_local":"Tram 2","route_name_en":null,"route_ref":"2","route_color":"#eb5b2d","wikipedia":"de:Verkehrsverbund Oberelbe","osm_route_ids":[1879856,1879857],"status":null,"order_suspect":0,"span_suspect":0,"stations":[{"station_id":"n1531265378","station_name":"Kleinzschachwitz, Freystraße"},{"station_id":"n2247431028","station_name":"Meußlitzer Straße"},{"station_id":"n2247397580","station_name":"Heckenweg"},{"station_id":"n2247382715","station_name":"Berthold-Haupt-Straße"},{"station_id":"n3072066153","station_name":"Altleuben"},{"station_id":"junc:13.82403:51.01276","station_name":""},{"station_id":"n1531265511","station_name":"Rottwerndorfer Straße"},{"station_id":"n1481074059","station_name":"Abzweig nach Reick"},{"station_id":"n1481074083","station_name":"Lassallestraße"},{"station_id":"n1481074101","station_name":"Prof.-Ricker-Straße"},{"station_id":"n1481074090","station_name":"Marienberger Straße"},{"station_id":"n1481074381","station_name":"Rennplatzstraße"},{"station_id":"n1481074380","station_name":"Rauensteinstraße"},{"station_id":"n1481074085","station_name":"Liebstädter Straße"},{"station_id":"n708446868","station_name":"Zwinglistraße"},{"station_id":"n1481074082","station_name":"Karcherallee"},{"station_id":"n1481074087","station_name":"Lipsiusstraße"},{"station_id":"n1481074067","station_name":"Comeniusplatz"},{"station_id":"n302411628","station_name":"Straßburger Platz (Gläserne Manufaktur)"},{"station_id":"n1481074070","station_name":"Deutsches Hygiene-Museum"},{"station_id":"junc:13.74664:51.04885","station_name":""},{"station_id":"n1531054674","station_name":"Pirnaischer Platz (Stadtmuseum)"},{"station_id":"n1481074063","station_name":"Altmarkt"},{"station_id":"n2102006632","station_name":"Postplatz"},{"station_id":"junc:13.72981:51.05083","station_name":""},{"station_id":"n1481074382","station_name":"Schweriner Straße (Hochschule für Musik)"},{"station_id":"n283339711","station_name":"Bahnhof Mitte / Jahnstraße"},{"station_id":"junc:13.72039:51.05487","station_name":""},{"station_id":"n203804853","station_name":"Koreanischer Platz"},{"station_id":"n249430084","station_name":"Cottaer Straße"},{"station_id":"n1531265525","station_name":"Semmelweisstraße"},{"station_id":"n3146709333","station_name":"Burgkstraße"},{"station_id":"n3146085852","station_name":"Pennricher Straße"},{"station_id":"n1531265296","station_name":"Chamissostraße"},{"station_id":"n1502155982","station_name":"Hebbelplatz"},{"station_id":"n1531265329","station_name":"Coventrystraße"},{"station_id":"n1531265333","station_name":"Dahlienweg"},{"station_id":"n197839497","station_name":"Amalie-Dietrich-Platz"},{"station_id":"n29999448","station_name":"Merianplatz"},{"station_id":"n126667149","station_name":"Kirschenstraße"},{"station_id":"n29999464","station_name":"Schlehenstraße"},{"station_id":"n249431104","station_name":"Gorbitz, Betriebshof"}]}],"route_count":1,"route_refs":["2"],"route_colors":["#eb5b2d"],"city":"Dresden","country":"Germany"},"geometry":{"type":"MultiLineString","coordinates":[[[13.82665765,51.01178485],[13.8240303,51.012757],[13.82113335,51.0134932],[13.815809833333333,51.01603096666667]]]}},{"type":"Feature","properties":{"seg_id":"dresden-57","routes":[{"route_id":"rm5186008","route_name":"Tram 2","route_name_local":"Tram 2","route_name_en":null,"route_ref":"2","route_color":"#eb5b2d","wikipedia":"de:Verkehrsverbund Oberelbe","osm_route_ids":[1879856,1879857],"status":null,"order_suspect":0,"span_suspect":0,"stations":[{"station_id":"n1531265378","station_name":"Kleinzschachwitz, Freystraße"},{"station_id":"n2247431028","station_name":"Meußlitzer Straße"},{"station_id":"n2247397580","station_name":"Heckenweg"},{"station_id":"n2247382715","station_name":"Berthold-Haupt-Straße"},{"station_id":"n3072066153","station_name":"Altleuben"},{"station_id":"junc:13.82403:51.01276","station_name":""},{"station_id":"n1531265511","station_name":"Rottwerndorfer Straße"},{"station_id":"n1481074059","station_name":"Abzweig nach Reick"},{"station_id":"n1481074083","station_name":"Lassallestraße"},{"station_id":"n1481074101","station_name":"Prof.-Ricker-Straße"},{"station_id":"n1481074090","station_name":"Marienberger Straße"},{"station_id":"n1481074381","station_name":"Rennplatzstraße"},{"station_id":"n1481074380","station_name":"Rauensteinstraße"},{"station_id":"n1481074085","station_name":"Liebstädter Straße"},{"station_id":"n708446868","station_name":"Zwinglistraße"},{"station_id":"n1481074082","station_name":"Karcherallee"},{"station_id":"n1481074087","station_name":"Lipsiusstraße"},{"station_id":"n1481074067","station_name":"Comeniusplatz"},{"station_id":"n302411628","station_name":"Straßburger Platz (Gläserne Manufaktur)"},{"station_id":"n1481074070","station_name":"Deutsches Hygiene-Museum"},{"station_id":"junc:13.74664:51.04885","station_name":""},{"station_id":"n1531054674","station_name":"Pirnaischer Platz (Stadtmuseum)"},{"station_id":"n1481074063","station_name":"Altmarkt"},{"station_id":"n2102006632","station_name":"Postplatz"},{"station_id":"junc:13.72981:51.05083","station_name":""},{"station_id":"n1481074382","station_name":"Schweriner Straße (Hochschule für Musik)"},{"station_id":"n283339711","station_name":"Bahnhof Mitte / Jahnstraße"},{"station_id":"junc:13.72039:51.05487","station_name":""},{"station_id":"n203804853","station_name":"Koreanischer Platz"},{"station_id":"n249430084","station_name":"Cottaer Straße"},{"station_id":"n1531265525","station_name":"Semmelweisstraße"},{"station_id":"n3146709333","station_name":"Burgkstraße"},{"station_id":"n3146085852","station_name":"Pennricher Straße"},{"station_id":"n1531265296","station_name":"Chamissostraße"},{"station_id":"n1502155982","station_name":"Hebbelplatz"},{"station_id":"n1531265329","station_name":"Coventrystraße"},{"station_id":"n1531265333","station_name":"Dahlienweg"},{"station_id":"n197839497","station_name":"Amalie-Dietrich-Platz"},{"station_id":"n29999448","station_name":"Merianplatz"},{"station_id":"n126667149","station_name":"Kirschenstraße"},{"station_id":"n29999464","station_name":"Schlehenstraße"},{"station_id":"n249431104","station_name":"Gorbitz, Betriebshof"}]}],"route_count":1,"route_refs":["2"],"route_colors":["#eb5b2d"],"city":"Dresden","country":"Germany"},"geometry":{"type":"MultiLineString","coordinates":[[[13.71330605,51.050489850000005],[13.70508095,51.051190950000006],[13.6956272,51.04899745],[13.691590325,51.04907505],[13.687989075,51.0492498],[13.6827009,51.051191700000004],[13.680629150000001,51.048124900000005],[13.6798109,51.04630075],[13.677890300000001,51.045315349999996]]]}},{"type":"Feature","properties":{"seg_id":"dresden-58","routes":[{"route_id":"rm5186008","route_name":"Tram 2","route_name_local":"Tram 2","route_name_en":null,"route_ref":"2","route_color":"#eb5b2d","wikipedia":"de:Verkehrsverbund Oberelbe","osm_route_ids":[1879856,1879857],"status":null,"order_suspect":0,"span_suspect":0,"stations":[{"station_id":"n1531265378","station_name":"Kleinzschachwitz, Freystraße"},{"station_id":"n2247431028","station_name":"Meußlitzer Straße"},{"station_id":"n2247397580","station_name":"Heckenweg"},{"station_id":"n2247382715","station_name":"Berthold-Haupt-Straße"},{"station_id":"n3072066153","station_name":"Altleuben"},{"station_id":"junc:13.82403:51.01276","station_name":""},{"station_id":"n1531265511","station_name":"Rottwerndorfer Straße"},{"station_id":"n1481074059","station_name":"Abzweig nach Reick"},{"station_id":"n1481074083","station_name":"Lassallestraße"},{"station_id":"n1481074101","station_name":"Prof.-Ricker-Straße"},{"station_id":"n1481074090","station_name":"Marienberger Straße"},{"station_id":"n1481074381","station_name":"Rennplatzstraße"},{"station_id":"n1481074380","station_name":"Rauensteinstraße"},{"station_id":"n1481074085","station_name":"Liebstädter Straße"},{"station_id":"n708446868","station_name":"Zwinglistraße"},{"station_id":"n1481074082","station_name":"Karcherallee"},{"station_id":"n1481074087","station_name":"Lipsiusstraße"},{"station_id":"n1481074067","station_name":"Comeniusplatz"},{"station_id":"n302411628","station_name":"Straßburger Platz (Gläserne Manufaktur)"},{"station_id":"n1481074070","station_name":"Deutsches Hygiene-Museum"},{"station_id":"junc:13.74664:51.04885","station_name":""},{"station_id":"n1531054674","station_name":"Pirnaischer Platz (Stadtmuseum)"},{"station_id":"n1481074063","station_name":"Altmarkt"},{"station_id":"n2102006632","station_name":"Postplatz"},{"station_id":"junc:13.72981:51.05083","station_name":""},{"station_id":"n1481074382","station_name":"Schweriner Straße (Hochschule für Musik)"},{"station_id":"n283339711","station_name":"Bahnhof Mitte / Jahnstraße"},{"station_id":"junc:13.72039:51.05487","station_name":""},{"station_id":"n203804853","station_name":"Koreanischer Platz"},{"station_id":"n249430084","station_name":"Cottaer Straße"},{"station_id":"n1531265525","station_name":"Semmelweisstraße"},{"station_id":"n3146709333","station_name":"Burgkstraße"},{"station_id":"n3146085852","station_name":"Pennricher Straße"},{"station_id":"n1531265296","station_name":"Chamissostraße"},{"station_id":"n1502155982","station_name":"Hebbelplatz"},{"station_id":"n1531265329","station_name":"Coventrystraße"},{"station_id":"n1531265333","station_name":"Dahlienweg"},{"station_id":"n197839497","station_name":"Amalie-Dietrich-Platz"},{"station_id":"n29999448","station_name":"Merianplatz"},{"station_id":"n126667149","station_name":"Kirschenstraße"},{"station_id":"n29999464","station_name":"Schlehenstraße"},{"station_id":"n249431104","station_name":"Gorbitz, Betriebshof"}]},{"route_id":"rm2675693","route_name":"Tram 7: Weixdorf <> Pennrich","route_name_local":"Tram 7: Weixdorf <> Pennrich","route_name_en":null,"route_ref":"7","route_color":"#9e0234","wikipedia":"de:Verkehrsverbund Oberelbe","osm_route_ids":[1894481,1894482],"status":null,"order_suspect":0,"span_suspect":0,"stations":[{"station_id":"n443379404","station_name":"Weixdorf, Rathenaustraße"},{"station_id":"n1534522247","station_name":"Haltepunkt Weixdorf Bad"},{"station_id":"n104212154","station_name":"Fuchsberg"},{"station_id":"n104177481","station_name":"Industriepark Klotzsche"},{"station_id":"n248532963","station_name":"Arkonastraße"},{"station_id":"n3139326501","station_name":"Käthe-Kollwitz-Platz"},{"station_id":"n3139175437","station_name":"Zur Neuen Brücke"},{"station_id":"n248532966","station_name":"Karl-Marx-Straße"},{"station_id":"n101122765","station_name":"Infineon Nord"},{"station_id":"n313015460","station_name":"Infineon Süd (Abzweig nach Hellerau)"},{"station_id":"junc:13.76993:51.10223","station_name":""},{"station_id":"n99948969","station_name":"Moritzburger Weg"},{"station_id":"n1534522276","station_name":"Hellersiedlung"},{"station_id":"n99948955","station_name":"S-Bahnhof Industriegelände"},{"station_id":"n1534522265","station_name":"Heeresbäckerei (Stadtarchiv)"},{"station_id":"n317000141","station_name":"Stauffenbergallee (Militärhistorisches Museum)"},{"station_id":"n2272193398","station_name":"Tannenstraße (Goethe-Institut)"},{"station_id":"n438606702","station_name":"Bischofsweg"},{"station_id":"n2272189456","station_name":"Louisenstraße"},{"station_id":"n1703242760","station_name":"Albertplatz (Erich-Kästner-Museum)"},{"station_id":"n598687725","station_name":"Carolaplatz (Regierungsviertel)"},{"station_id":"n3607726821","station_name":"Neustädter Markt"},{"station_id":"n2030526228","station_name":"Theaterplatz"},{"station_id":"junc:13.73325:51.05123","station_name":""},{"station_id":"n2102006632","station_name":"Postplatz"},{"station_id":"n712415502","station_name":"Prager Straße"},{"station_id":"n997588698","station_name":"Walpurgisstraße"},{"station_id":"n988900797","station_name":"Hauptbahnhof Nord"},{"station_id":"junc:13.73488:51.04037","station_name":""},{"station_id":"n988900741","station_name":"Hauptbahnhof"},{"station_id":"n91486560","station_name":"Budapester Straße"},{"station_id":"n94174019","station_name":"S-Bahnhof Freiberger Straße"},{"station_id":"n2270172153","station_name":"Florastraße"},{"station_id":"n2270171064","station_name":"Oederaner Straße"},{"station_id":"n203835221","station_name":"Löbtau, Tharandter Straße"},{"station_id":"n2092458040","station_name":"Bünaustraße"},{"station_id":"junc:13.69460:51.04315","station_name":""},{"station_id":"n2268676985","station_name":"Malterstraße"},{"station_id":"n2268694425","station_name":"Koblenzer Straße"},{"station_id":"n29999456","station_name":"Julius-Vahlteich-Straße"},{"station_id":"n197839497","station_name":"Amalie-Dietrich-Platz"},{"station_id":"n29999448","station_name":"Merianplatz"},{"station_id":"n126667149","station_name":"Kirschenstraße"},{"station_id":"n29999464","station_name":"Schlehenstraße"},{"station_id":"n249431104","station_name":"Gorbitz, Betriebshof"},{"station_id":"n315238529","station_name":"Altnossener Straße"},{"station_id":"n1534522486","station_name":"Rudolf-Walther-Straße"},{"station_id":"n248219526","station_name":"Gompitz, Gompitzer Höhe"},{"station_id":"n1534522454","station_name":"Pennrich, Gleisschleife"}]}],"route_count":2,"route_refs":["2","7"],"route_colors":["#eb5b2d","#9e0234"],"city":"Dresden","country":"Germany"},"geometry":{"type":"MultiLineString","coordinates":[[[13.677890300000001,51.045315349999996],[13.670057799999999,51.0445389],[13.663653799999999,51.0459821],[13.658860149999999,51.0488636],[13.6528398,51.046497525]]]}},{"type":"Feature","properties":{"seg_id":"dresden-59","routes":[{"route_id":"rm2675693","route_name":"Tram 7: Weixdorf <> Pennrich","route_name_local":"Tram 7: Weixdorf <> Pennrich","route_name_en":null,"route_ref":"7","route_color":"#9e0234","wikipedia":"de:Verkehrsverbund Oberelbe","osm_route_ids":[1894481,1894482],"status":null,"order_suspect":0,"span_suspect":0,"stations":[{"station_id":"n443379404","station_name":"Weixdorf, Rathenaustraße"},{"station_id":"n1534522247","station_name":"Haltepunkt Weixdorf Bad"},{"station_id":"n104212154","station_name":"Fuchsberg"},{"station_id":"n104177481","station_name":"Industriepark Klotzsche"},{"station_id":"n248532963","station_name":"Arkonastraße"},{"station_id":"n3139326501","station_name":"Käthe-Kollwitz-Platz"},{"station_id":"n3139175437","station_name":"Zur Neuen Brücke"},{"station_id":"n248532966","station_name":"Karl-Marx-Straße"},{"station_id":"n101122765","station_name":"Infineon Nord"},{"station_id":"n313015460","station_name":"Infineon Süd (Abzweig nach Hellerau)"},{"station_id":"junc:13.76993:51.10223","station_name":""},{"station_id":"n99948969","station_name":"Moritzburger Weg"},{"station_id":"n1534522276","station_name":"Hellersiedlung"},{"station_id":"n99948955","station_name":"S-Bahnhof Industriegelände"},{"station_id":"n1534522265","station_name":"Heeresbäckerei (Stadtarchiv)"},{"station_id":"n317000141","station_name":"Stauffenbergallee (Militärhistorisches Museum)"},{"station_id":"n2272193398","station_name":"Tannenstraße (Goethe-Institut)"},{"station_id":"n438606702","station_name":"Bischofsweg"},{"station_id":"n2272189456","station_name":"Louisenstraße"},{"station_id":"n1703242760","station_name":"Albertplatz (Erich-Kästner-Museum)"},{"station_id":"n598687725","station_name":"Carolaplatz (Regierungsviertel)"},{"station_id":"n3607726821","station_name":"Neustädter Markt"},{"station_id":"n2030526228","station_name":"Theaterplatz"},{"station_id":"junc:13.73325:51.05123","station_name":""},{"station_id":"n2102006632","station_name":"Postplatz"},{"station_id":"n712415502","station_name":"Prager Straße"},{"station_id":"n997588698","station_name":"Walpurgisstraße"},{"station_id":"n988900797","station_name":"Hauptbahnhof Nord"},{"station_id":"junc:13.73488:51.04037","station_name":""},{"station_id":"n988900741","station_name":"Hauptbahnhof"},{"station_id":"n91486560","station_name":"Budapester Straße"},{"station_id":"n94174019","station_name":"S-Bahnhof Freiberger Straße"},{"station_id":"n2270172153","station_name":"Florastraße"},{"station_id":"n2270171064","station_name":"Oederaner Straße"},{"station_id":"n203835221","station_name":"Löbtau, Tharandter Straße"},{"station_id":"n2092458040","station_name":"Bünaustraße"},{"station_id":"junc:13.69460:51.04315","station_name":""},{"station_id":"n2268676985","station_name":"Malterstraße"},{"station_id":"n2268694425","station_name":"Koblenzer Straße"},{"station_id":"n29999456","station_name":"Julius-Vahlteich-Straße"},{"station_id":"n197839497","station_name":"Amalie-Dietrich-Platz"},{"station_id":"n29999448","station_name":"Merianplatz"},{"station_id":"n126667149","station_name":"Kirschenstraße"},{"station_id":"n29999464","station_name":"Schlehenstraße"},{"station_id":"n249431104","station_name":"Gorbitz, Betriebshof"},{"station_id":"n315238529","station_name":"Altnossener Straße"},{"station_id":"n1534522486","station_name":"Rudolf-Walther-Straße"},{"station_id":"n248219526","station_name":"Gompitz, Gompitzer Höhe"},{"station_id":"n1534522454","station_name":"Pennrich, Gleisschleife"}]}],"route_count":1,"route_refs":["7"],"route_colors":["#9e0234"],"city":"Dresden","country":"Germany"},"geometry":{"type":"MultiLineString","coordinates":[[[13.8040063,51.14431556666667],[13.80052605,51.14036095],[13.79535675,51.13380805],[13.79281405,51.1276334],[13.791379124999999,51.123060475],[13.78947935,51.11842945],[13.783481449999998,51.11407025],[13.775741199999999,51.110597725000005],[13.773117850000002,51.10792105],[13.769742899999999,51.10318013333333]]]}},{"type":"Feature","properties":{"seg_id":"dresden-60","routes":[{"route_id":"rm2675693","route_name":"Tram 7: Weixdorf <> Pennrich","route_name_local":"Tram 7: Weixdorf <> Pennrich","route_name_en":null,"route_ref":"7","route_color":"#9e0234","wikipedia":"de:Verkehrsverbund Oberelbe","osm_route_ids":[1894481,1894482],"status":null,"order_suspect":0,"span_suspect":0,"stations":[{"station_id":"n443379404","station_name":"Weixdorf, Rathenaustraße"},{"station_id":"n1534522247","station_name":"Haltepunkt Weixdorf Bad"},{"station_id":"n104212154","station_name":"Fuchsberg"},{"station_id":"n104177481","station_name":"Industriepark Klotzsche"},{"station_id":"n248532963","station_name":"Arkonastraße"},{"station_id":"n3139326501","station_name":"Käthe-Kollwitz-Platz"},{"station_id":"n3139175437","station_name":"Zur Neuen Brücke"},{"station_id":"n248532966","station_name":"Karl-Marx-Straße"},{"station_id":"n101122765","station_name":"Infineon Nord"},{"station_id":"n313015460","station_name":"Infineon Süd (Abzweig nach Hellerau)"},{"station_id":"junc:13.76993:51.10223","station_name":""},{"station_id":"n99948969","station_name":"Moritzburger Weg"},{"station_id":"n1534522276","station_name":"Hellersiedlung"},{"station_id":"n99948955","station_name":"S-Bahnhof Industriegelände"},{"station_id":"n1534522265","station_name":"Heeresbäckerei (Stadtarchiv)"},{"station_id":"n317000141","station_name":"Stauffenbergallee (Militärhistorisches Museum)"},{"station_id":"n2272193398","station_name":"Tannenstraße (Goethe-Institut)"},{"station_id":"n438606702","station_name":"Bischofsweg"},{"station_id":"n2272189456","station_name":"Louisenstraße"},{"station_id":"n1703242760","station_name":"Albertplatz (Erich-Kästner-Museum)"},{"station_id":"n598687725","station_name":"Carolaplatz (Regierungsviertel)"},{"station_id":"n3607726821","station_name":"Neustädter Markt"},{"station_id":"n2030526228","station_name":"Theaterplatz"},{"station_id":"junc:13.73325:51.05123","station_name":""},{"station_id":"n2102006632","station_name":"Postplatz"},{"station_id":"n712415502","station_name":"Prager Straße"},{"station_id":"n997588698","station_name":"Walpurgisstraße"},{"station_id":"n988900797","station_name":"Hauptbahnhof Nord"},{"station_id":"junc:13.73488:51.04037","station_name":""},{"station_id":"n988900741","station_name":"Hauptbahnhof"},{"station_id":"n91486560","station_name":"Budapester Straße"},{"station_id":"n94174019","station_name":"S-Bahnhof Freiberger Straße"},{"station_id":"n2270172153","station_name":"Florastraße"},{"station_id":"n2270171064","station_name":"Oederaner Straße"},{"station_id":"n203835221","station_name":"Löbtau, Tharandter Straße"},{"station_id":"n2092458040","station_name":"Bünaustraße"},{"station_id":"junc:13.69460:51.04315","station_name":""},{"station_id":"n2268676985","station_name":"Malterstraße"},{"station_id":"n2268694425","station_name":"Koblenzer Straße"},{"station_id":"n29999456","station_name":"Julius-Vahlteich-Straße"},{"station_id":"n197839497","station_name":"Amalie-Dietrich-Platz"},{"station_id":"n29999448","station_name":"Merianplatz"},{"station_id":"n126667149","station_name":"Kirschenstraße"},{"station_id":"n29999464","station_name":"Schlehenstraße"},{"station_id":"n249431104","station_name":"Gorbitz, Betriebshof"},{"station_id":"n315238529","station_name":"Altnossener Straße"},{"station_id":"n1534522486","station_name":"Rudolf-Walther-Straße"},{"station_id":"n248219526","station_name":"Gompitz, Gompitzer Höhe"},{"station_id":"n1534522454","station_name":"Pennrich, Gleisschleife"}]}],"route_count":1,"route_refs":["7"],"route_colors":["#9e0234"],"city":"Dresden","country":"Germany"},"geometry":{"type":"MultiLineString","coordinates":[[[13.6799624,51.042952400000004],[13.677890300000001,51.045315349999996]]]}},{"type":"Feature","properties":{"seg_id":"dresden-61","routes":[{"route_id":"rm2675693","route_name":"Tram 7: Weixdorf <> Pennrich","route_name_local":"Tram 7: Weixdorf <> Pennrich","route_name_en":null,"route_ref":"7","route_color":"#9e0234","wikipedia":"de:Verkehrsverbund Oberelbe","osm_route_ids":[1894481,1894482],"status":null,"order_suspect":0,"span_suspect":0,"stations":[{"station_id":"n443379404","station_name":"Weixdorf, Rathenaustraße"},{"station_id":"n1534522247","station_name":"Haltepunkt Weixdorf Bad"},{"station_id":"n104212154","station_name":"Fuchsberg"},{"station_id":"n104177481","station_name":"Industriepark Klotzsche"},{"station_id":"n248532963","station_name":"Arkonastraße"},{"station_id":"n3139326501","station_name":"Käthe-Kollwitz-Platz"},{"station_id":"n3139175437","station_name":"Zur Neuen Brücke"},{"station_id":"n248532966","station_name":"Karl-Marx-Straße"},{"station_id":"n101122765","station_name":"Infineon Nord"},{"station_id":"n313015460","station_name":"Infineon Süd (Abzweig nach Hellerau)"},{"station_id":"junc:13.76993:51.10223","station_name":""},{"station_id":"n99948969","station_name":"Moritzburger Weg"},{"station_id":"n1534522276","station_name":"Hellersiedlung"},{"station_id":"n99948955","station_name":"S-Bahnhof Industriegelände"},{"station_id":"n1534522265","station_name":"Heeresbäckerei (Stadtarchiv)"},{"station_id":"n317000141","station_name":"Stauffenbergallee (Militärhistorisches Museum)"},{"station_id":"n2272193398","station_name":"Tannenstraße (Goethe-Institut)"},{"station_id":"n438606702","station_name":"Bischofsweg"},{"station_id":"n2272189456","station_name":"Louisenstraße"},{"station_id":"n1703242760","station_name":"Albertplatz (Erich-Kästner-Museum)"},{"station_id":"n598687725","station_name":"Carolaplatz (Regierungsviertel)"},{"station_id":"n3607726821","station_name":"Neustädter Markt"},{"station_id":"n2030526228","station_name":"Theaterplatz"},{"station_id":"junc:13.73325:51.05123","station_name":""},{"station_id":"n2102006632","station_name":"Postplatz"},{"station_id":"n712415502","station_name":"Prager Straße"},{"station_id":"n997588698","station_name":"Walpurgisstraße"},{"station_id":"n988900797","station_name":"Hauptbahnhof Nord"},{"station_id":"junc:13.73488:51.04037","station_name":""},{"station_id":"n988900741","station_name":"Hauptbahnhof"},{"station_id":"n91486560","station_name":"Budapester Straße"},{"station_id":"n94174019","station_name":"S-Bahnhof Freiberger Straße"},{"station_id":"n2270172153","station_name":"Florastraße"},{"station_id":"n2270171064","station_name":"Oederaner Straße"},{"station_id":"n203835221","station_name":"Löbtau, Tharandter Straße"},{"station_id":"n2092458040","station_name":"Bünaustraße"},{"station_id":"junc:13.69460:51.04315","station_name":""},{"station_id":"n2268676985","station_name":"Malterstraße"},{"station_id":"n2268694425","station_name":"Koblenzer Straße"},{"station_id":"n29999456","station_name":"Julius-Vahlteich-Straße"},{"station_id":"n197839497","station_name":"Amalie-Dietrich-Platz"},{"station_id":"n29999448","station_name":"Merianplatz"},{"station_id":"n126667149","station_name":"Kirschenstraße"},{"station_id":"n29999464","station_name":"Schlehenstraße"},{"station_id":"n249431104","station_name":"Gorbitz, Betriebshof"},{"station_id":"n315238529","station_name":"Altnossener Straße"},{"station_id":"n1534522486","station_name":"Rudolf-Walther-Straße"},{"station_id":"n248219526","station_name":"Gompitz, Gompitzer Höhe"},{"station_id":"n1534522454","station_name":"Pennrich, Gleisschleife"}]}],"route_count":1,"route_refs":["7"],"route_colors":["#9e0234"],"city":"Dresden","country":"Germany"},"geometry":{"type":"MultiLineString","coordinates":[[[13.6528398,51.046497525],[13.64568115,51.0400339],[13.637663499999999,51.03881355],[13.6325491,51.040220399999995],[13.62601585,51.0406916]]]}},{"type":"Feature","properties":{"seg_id":"dresden-62","routes":[{"route_id":"rm2675693","route_name":"Tram 7: Weixdorf <> Pennrich","route_name_local":"Tram 7: Weixdorf <> Pennrich","route_name_en":null,"route_ref":"7","route_color":"#9e0234","wikipedia":"de:Verkehrsverbund Oberelbe","osm_route_ids":[1894481,1894482],"status":null,"order_suspect":0,"span_suspect":0,"stations":[{"station_id":"n443379404","station_name":"Weixdorf, Rathenaustraße"},{"station_id":"n1534522247","station_name":"Haltepunkt Weixdorf Bad"},{"station_id":"n104212154","station_name":"Fuchsberg"},{"station_id":"n104177481","station_name":"Industriepark Klotzsche"},{"station_id":"n248532963","station_name":"Arkonastraße"},{"station_id":"n3139326501","station_name":"Käthe-Kollwitz-Platz"},{"station_id":"n3139175437","station_name":"Zur Neuen Brücke"},{"station_id":"n248532966","station_name":"Karl-Marx-Straße"},{"station_id":"n101122765","station_name":"Infineon Nord"},{"station_id":"n313015460","station_name":"Infineon Süd (Abzweig nach Hellerau)"},{"station_id":"junc:13.76993:51.10223","station_name":""},{"station_id":"n99948969","station_name":"Moritzburger Weg"},{"station_id":"n1534522276","station_name":"Hellersiedlung"},{"station_id":"n99948955","station_name":"S-Bahnhof Industriegelände"},{"station_id":"n1534522265","station_name":"Heeresbäckerei (Stadtarchiv)"},{"station_id":"n317000141","station_name":"Stauffenbergallee (Militärhistorisches Museum)"},{"station_id":"n2272193398","station_name":"Tannenstraße (Goethe-Institut)"},{"station_id":"n438606702","station_name":"Bischofsweg"},{"station_id":"n2272189456","station_name":"Louisenstraße"},{"station_id":"n1703242760","station_name":"Albertplatz (Erich-Kästner-Museum)"},{"station_id":"n598687725","station_name":"Carolaplatz (Regierungsviertel)"},{"station_id":"n3607726821","station_name":"Neustädter Markt"},{"station_id":"n2030526228","station_name":"Theaterplatz"},{"station_id":"junc:13.73325:51.05123","station_name":""},{"station_id":"n2102006632","station_name":"Postplatz"},{"station_id":"n712415502","station_name":"Prager Straße"},{"station_id":"n997588698","station_name":"Walpurgisstraße"},{"station_id":"n988900797","station_name":"Hauptbahnhof Nord"},{"station_id":"junc:13.73488:51.04037","station_name":""},{"station_id":"n988900741","station_name":"Hauptbahnhof"},{"station_id":"n91486560","station_name":"Budapester Straße"},{"station_id":"n94174019","station_name":"S-Bahnhof Freiberger Straße"},{"station_id":"n2270172153","station_name":"Florastraße"},{"station_id":"n2270171064","station_name":"Oederaner Straße"},{"station_id":"n203835221","station_name":"Löbtau, Tharandter Straße"},{"station_id":"n2092458040","station_name":"Bünaustraße"},{"station_id":"junc:13.69460:51.04315","station_name":""},{"station_id":"n2268676985","station_name":"Malterstraße"},{"station_id":"n2268694425","station_name":"Koblenzer Straße"},{"station_id":"n29999456","station_name":"Julius-Vahlteich-Straße"},{"station_id":"n197839497","station_name":"Amalie-Dietrich-Platz"},{"station_id":"n29999448","station_name":"Merianplatz"},{"station_id":"n126667149","station_name":"Kirschenstraße"},{"station_id":"n29999464","station_name":"Schlehenstraße"},{"station_id":"n249431104","station_name":"Gorbitz, Betriebshof"},{"station_id":"n315238529","station_name":"Altnossener Straße"},{"station_id":"n1534522486","station_name":"Rudolf-Walther-Straße"},{"station_id":"n248219526","station_name":"Gompitz, Gompitzer Höhe"},{"station_id":"n1534522454","station_name":"Pennrich, Gleisschleife"}]},{"route_id":"rm2690192","route_name":"Tram 12","route_name_local":"Tram 12","route_name_en":null,"route_ref":"12","route_color":"#006b42","wikipedia":"de:Verkehrsverbund Oberelbe","osm_route_ids":[1913600,1913601],"status":null,"order_suspect":0,"span_suspect":0,"stations":[{"station_id":"n2204145206","station_name":"Striesen, Ludwig-Hartmann-Straße"},{"station_id":"n2249378490","station_name":"Gustav-Freytag-Straße"},{"station_id":"n2249391575","station_name":"Heinrich-Schütz-Straße"},{"station_id":"n3123485859","station_name":"Jüngststraße"},{"station_id":"n3123615227","station_name":"Blasewitz, Schillerplatz"},{"station_id":"n3123619045","station_name":"Prellerstraße"},{"station_id":"n2249679758","station_name":"Lene-Glatzer-Straße"},{"station_id":"n2250469190","station_name":"Königsheimplatz"},{"station_id":"n2250518300","station_name":"Augsburger Straße (Universitätsklinikum)"},{"station_id":"junc:13.77815:51.05294","station_name":""},{"station_id":"n2251164068","station_name":"Blasewitzer Straße / Fetscherstraße"},{"station_id":"n2251193229","station_name":"Gabelsbergerstraße"},{"station_id":"n247167118","station_name":"Fetscherplatz"},{"station_id":"n247164846","station_name":"Krankenhaus St. Joseph-Stift"},{"station_id":"n302411628","station_name":"Straßburger Platz (Gläserne Manufaktur)"},{"station_id":"n1481074070","station_name":"Deutsches Hygiene-Museum"},{"station_id":"junc:13.74664:51.04885","station_name":""},{"station_id":"n1531054674","station_name":"Pirnaischer Platz (Stadtmuseum)"},{"station_id":"junc:13.74036:51.04709","station_name":""},{"station_id":"n712415502","station_name":"Prager Straße"},{"station_id":"n2102006632","station_name":"Postplatz"},{"station_id":"junc:13.72981:51.05083","station_name":""},{"station_id":"n1547113330","station_name":"Schwimmhalle Freiberger Platz"},{"station_id":"n94174019","station_name":"S-Bahnhof Freiberger Straße"},{"station_id":"n2270172153","station_name":"Florastraße"},{"station_id":"n2270171064","station_name":"Oederaner Straße"},{"station_id":"n203835221","station_name":"Löbtau, Tharandter Straße"},{"station_id":"n2092458040","station_name":"Bünaustraße"},{"station_id":"n3146085861","station_name":"Conertplatz"},{"station_id":"n3146085852","station_name":"Pennricher Straße"},{"station_id":"n3146023349","station_name":"Birkenhainer Straße"},{"station_id":"n3146023350","station_name":"Altcotta"},{"station_id":"n1547113385","station_name":"Ockerwitzer Straße"},{"station_id":"n2278271794","station_name":"Cossebauder Straße"},{"station_id":"n2278287739","station_name":"Cotta, Gottfried-Keller-Straße"},{"station_id":"n3528256098","station_name":"Leutewitz"}]}],"route_count":2,"route_refs":["7","12"],"route_colors":["#9e0234","#006b42"],"city":"Dresden","country":"Germany"},"geometry":{"type":"MultiLineString","coordinates":[[[13.720935725,51.049009775],[13.716949975,51.048506249999996],[13.709347399999999,51.044802425],[13.7031883,51.0437144]]]}},{"type":"Feature","properties":{"seg_id":"dresden-63","routes":[{"route_id":"rm5186035","route_name":"Tram 4","route_name_local":"Tram 4","route_name_en":null,"route_ref":"4","route_color":"#92c255","wikipedia":"de:Verkehrsverbund Oberelbe","osm_route_ids":[1895461,1895462,1895463,1895464,2813709,2813811],"status":null,"order_suspect":0,"span_suspect":0,"stations":[{"station_id":"n68333849","station_name":"Weinböhla (Rathausstraße)"},{"station_id":"n3539408417","station_name":"Weinböhla, Gellertstraße"},{"station_id":"n68333843","station_name":"Weinböhla, Köhlerstraße"},{"station_id":"n68333831","station_name":"Coswig, Steinbacher Weg"},{"station_id":"n248641303","station_name":"Coswig, Auerstraße"},{"station_id":"n248641302","station_name":"Coswig, Salzstraße"},{"station_id":"n68333808","station_name":"Coswig, Rathaus"},{"station_id":"n69393959","station_name":"Coswig, Zentrum / Börse"},{"station_id":"n69393313","station_name":"Coswig, Radebeuler Straße"},{"station_id":"n248640364","station_name":"Radebeul, Eisenbahnbrücke"},{"station_id":"n248640363","station_name":"Radebeul, Gerhart-Hauptmann-Straße"},{"station_id":"n67373675","station_name":"Radebeul, Johannisbergstraße"},{"station_id":"n67373488","station_name":"Radebeul, Schloss Wackerbarth"},{"station_id":"n1535249173","station_name":"Radebeul West, Flemmingstraße"},{"station_id":"n1535249257","station_name":"Radebeul, Moritzburger Straße"},{"station_id":"n1123405476","station_name":"Radebeul, Gradsteg"},{"station_id":"n1535249162","station_name":"Radebeul, Borstraße"},{"station_id":"n1535249166","station_name":"Radebeul, Dr.-Külz-Straße"},{"station_id":"n1535249441","station_name":"Radebeul, Zillerstraße (Elblandklinikum)"},{"station_id":"n3053531658","station_name":"Radebeul, Landesbühnen Sachsen"},{"station_id":"n1535249436","station_name":"Radebeul, Wasastraße"},{"station_id":"n1535249432","station_name":"Radebeul, Schildenstraße"},{"station_id":"n1535249193","station_name":"Radebeul, Hauptstraße"},{"station_id":"n1535249442","station_name":"Radebeul, Zinzendorfstraße"},{"station_id":"n1535249175","station_name":"Radebeul, Forststraße"},{"station_id":"n2217680818","station_name":"Kleestraße"},{"station_id":"n1535249178","station_name":"S-Bahnhof Trachau West"},{"station_id":"n2217158593","station_name":"Peschelstraße"},{"station_id":"n251313472","station_name":"Rankestraße"},{"station_id":"n256130959","station_name":"Alttrachau"},{"station_id":"n164388310","station_name":"Mickten"},{"station_id":"junc:13.71460:51.07950","station_name":""},{"station_id":"n1535249151","station_name":"Altpieschen"},{"station_id":"n2197973362","station_name":"Oschatzer Straße"},{"station_id":"n2198004340","station_name":"Alexander-Puschkin-Platz"},{"station_id":"n26423972","station_name":"Alter Schlachthof"},{"station_id":"n30893823","station_name":"Antonstraße / Leipziger Straße"},{"station_id":"n1535249290","station_name":"Palaisplatz (Japanisches Palais)"},{"station_id":"n3607726821","station_name":"Neustädter Markt"},{"station_id":"n2030526228","station_name":"Theaterplatz"},{"station_id":"junc:13.73325:51.05123","station_name":""},{"station_id":"n2102006632","station_name":"Postplatz"},{"station_id":"n712415502","station_name":"Prager Straße"},{"station_id":"n997588698","station_name":"Walpurgisstraße"},{"station_id":"n988900797","station_name":"Hauptbahnhof Nord"},{"station_id":"junc:13.73488:51.04037","station_name":""},{"station_id":"n197551704","station_name":"Gret-Palucca-Straße"},{"station_id":"n103928327","station_name":"Lennéplatz"},{"station_id":"junc:13.74868:51.03747","station_name":""},{"station_id":"n3151728355","station_name":"Zoo"},{"station_id":"n3151728783","station_name":"Querallee"},{"station_id":"n6703868143","station_name":"S-Bahnhof Strehlen"},{"station_id":"n2242733186","station_name":"Wasaplatz"},{"station_id":"n3151883406","station_name":"Mockritzer Straße"},{"station_id":"n3151883421","station_name":"Hugo-Bürkner-Straße"},{"station_id":"n2243029501","station_name":"Cäcilienstraße"},{"station_id":"n3160217622","station_name":"Eugen-Bracht-Straße"},{"station_id":"n3160217634","station_name":"Otto-Dix-Ring"},{"station_id":"n3160217646","station_name":"Wieckestraße"},{"station_id":"n3160218161","station_name":"Lohrmannstraße"},{"station_id":"n3160218185","station_name":"Hülßestraße"},{"station_id":"n2243373035","station_name":"Altreick"},{"station_id":"n268018285","station_name":"Trattendorfer Straße"},{"station_id":"n1481074061","station_name":"Albert-Wolf-Platz"},{"station_id":"n1483327274","station_name":"Jacob-Winter-Platz (Prohlis-Zentrum)"},{"station_id":"n1481074073","station_name":"Georg-Palitzsch-Straße"},{"station_id":"junc:13.79686:51.00040","station_name":""},{"station_id":"n1481074119","station_name":"Prohlis, Gleisschleife"}]}],"route_count":1,"route_refs":["4"],"route_colors":["#92c255"],"city":"Dresden","country":"Germany"},"geometry":{"type":"MultiLineString","coordinates":[[[13.56641365,51.159580649999995],[13.569181924999999,51.1570459],[13.573765799999999,51.15216182499999],[13.572325925,51.144028674999994],[13.574996200000001,51.140271375],[13.57831735,51.136326350000004],[13.5776829,51.12795885],[13.580893199999998,51.127257825],[13.5886301,51.125761325],[13.594600575,51.121132925],[13.603561375000002,51.11971390000001],[13.611486225,51.114559275000005],[13.618320149999999,51.112927549999995],[13.624998375,51.11023765],[13.630217525,51.108210225],[13.63547745,51.10738795],[13.64041005,51.1066625],[13.646656125,51.106226375],[13.6539666,51.10548015],[13.6600216,51.10603865],[13.668624225,51.104075225],[13.6738115,51.10374815],[13.681266175000001,51.102237775000006],[13.68511775,51.10090627500001],[13.694548575,51.096100275000005],[13.69977335,51.0923712],[13.7025136,51.09028445],[13.7035484,51.0881959],[13.7047216,51.0859924],[13.70903535,51.08430135],[13.713716699999999,51.0798818875]]]}},{"type":"Feature","properties":{"seg_id":"dresden-64","routes":[{"route_id":"rm2690192","route_name":"Tram 12","route_name_local":"Tram 12","route_name_en":null,"route_ref":"12","route_color":"#006b42","wikipedia":"de:Verkehrsverbund Oberelbe","osm_route_ids":[1913600,1913601],"status":null,"order_suspect":0,"span_suspect":0,"stations":[{"station_id":"n2204145206","station_name":"Striesen, Ludwig-Hartmann-Straße"},{"station_id":"n2249378490","station_name":"Gustav-Freytag-Straße"},{"station_id":"n2249391575","station_name":"Heinrich-Schütz-Straße"},{"station_id":"n3123485859","station_name":"Jüngststraße"},{"station_id":"n3123615227","station_name":"Blasewitz, Schillerplatz"},{"station_id":"n3123619045","station_name":"Prellerstraße"},{"station_id":"n2249679758","station_name":"Lene-Glatzer-Straße"},{"station_id":"n2250469190","station_name":"Königsheimplatz"},{"station_id":"n2250518300","station_name":"Augsburger Straße (Universitätsklinikum)"},{"station_id":"junc:13.77815:51.05294","station_name":""},{"station_id":"n2251164068","station_name":"Blasewitzer Straße / Fetscherstraße"},{"station_id":"n2251193229","station_name":"Gabelsbergerstraße"},{"station_id":"n247167118","station_name":"Fetscherplatz"},{"station_id":"n247164846","station_name":"Krankenhaus St. Joseph-Stift"},{"station_id":"n302411628","station_name":"Straßburger Platz (Gläserne Manufaktur)"},{"station_id":"n1481074070","station_name":"Deutsches Hygiene-Museum"},{"station_id":"junc:13.74664:51.04885","station_name":""},{"station_id":"n1531054674","station_name":"Pirnaischer Platz (Stadtmuseum)"},{"station_id":"junc:13.74036:51.04709","station_name":""},{"station_id":"n712415502","station_name":"Prager Straße"},{"station_id":"n2102006632","station_name":"Postplatz"},{"station_id":"junc:13.72981:51.05083","station_name":""},{"station_id":"n1547113330","station_name":"Schwimmhalle Freiberger Platz"},{"station_id":"n94174019","station_name":"S-Bahnhof Freiberger Straße"},{"station_id":"n2270172153","station_name":"Florastraße"},{"station_id":"n2270171064","station_name":"Oederaner Straße"},{"station_id":"n203835221","station_name":"Löbtau, Tharandter Straße"},{"station_id":"n2092458040","station_name":"Bünaustraße"},{"station_id":"n3146085861","station_name":"Conertplatz"},{"station_id":"n3146085852","station_name":"Pennricher Straße"},{"station_id":"n3146023349","station_name":"Birkenhainer Straße"},{"station_id":"n3146023350","station_name":"Altcotta"},{"station_id":"n1547113385","station_name":"Ockerwitzer Straße"},{"station_id":"n2278271794","station_name":"Cossebauder Straße"},{"station_id":"n2278287739","station_name":"Cotta, Gottfried-Keller-Straße"},{"station_id":"n3528256098","station_name":"Leutewitz"}]}],"route_count":1,"route_refs":["12"],"route_colors":["#006b42"],"city":"Dresden","country":"Germany"},"geometry":{"type":"MultiLineString","coordinates":[[[13.777325683333336,51.05263176666667],[13.774329975,51.049410800000004],[13.770635266666666,51.04618326666667]]]}},{"type":"Feature","properties":{"seg_id":"dresden-65","routes":[{"route_id":"rm2690192","route_name":"Tram 12","route_name_local":"Tram 12","route_name_en":null,"route_ref":"12","route_color":"#006b42","wikipedia":"de:Verkehrsverbund Oberelbe","osm_route_ids":[1913600,1913601],"status":null,"order_suspect":0,"span_suspect":0,"stations":[{"station_id":"n2204145206","station_name":"Striesen, Ludwig-Hartmann-Straße"},{"station_id":"n2249378490","station_name":"Gustav-Freytag-Straße"},{"station_id":"n2249391575","station_name":"Heinrich-Schütz-Straße"},{"station_id":"n3123485859","station_name":"Jüngststraße"},{"station_id":"n3123615227","station_name":"Blasewitz, Schillerplatz"},{"station_id":"n3123619045","station_name":"Prellerstraße"},{"station_id":"n2249679758","station_name":"Lene-Glatzer-Straße"},{"station_id":"n2250469190","station_name":"Königsheimplatz"},{"station_id":"n2250518300","station_name":"Augsburger Straße (Universitätsklinikum)"},{"station_id":"junc:13.77815:51.05294","station_name":""},{"station_id":"n2251164068","station_name":"Blasewitzer Straße / Fetscherstraße"},{"station_id":"n2251193229","station_name":"Gabelsbergerstraße"},{"station_id":"n247167118","station_name":"Fetscherplatz"},{"station_id":"n247164846","station_name":"Krankenhaus St. Joseph-Stift"},{"station_id":"n302411628","station_name":"Straßburger Platz (Gläserne Manufaktur)"},{"station_id":"n1481074070","station_name":"Deutsches Hygiene-Museum"},{"station_id":"junc:13.74664:51.04885","station_name":""},{"station_id":"n1531054674","station_name":"Pirnaischer Platz (Stadtmuseum)"},{"station_id":"junc:13.74036:51.04709","station_name":""},{"station_id":"n712415502","station_name":"Prager Straße"},{"station_id":"n2102006632","station_name":"Postplatz"},{"station_id":"junc:13.72981:51.05083","station_name":""},{"station_id":"n1547113330","station_name":"Schwimmhalle Freiberger Platz"},{"station_id":"n94174019","station_name":"S-Bahnhof Freiberger Straße"},{"station_id":"n2270172153","station_name":"Florastraße"},{"station_id":"n2270171064","station_name":"Oederaner Straße"},{"station_id":"n203835221","station_name":"Löbtau, Tharandter Straße"},{"station_id":"n2092458040","station_name":"Bünaustraße"},{"station_id":"n3146085861","station_name":"Conertplatz"},{"station_id":"n3146085852","station_name":"Pennricher Straße"},{"station_id":"n3146023349","station_name":"Birkenhainer Straße"},{"station_id":"n3146023350","station_name":"Altcotta"},{"station_id":"n1547113385","station_name":"Ockerwitzer Straße"},{"station_id":"n2278271794","station_name":"Cossebauder Straße"},{"station_id":"n2278287739","station_name":"Cotta, Gottfried-Keller-Straße"},{"station_id":"n3528256098","station_name":"Leutewitz"}]}],"route_count":1,"route_refs":["12"],"route_colors":["#006b42"],"city":"Dresden","country":"Germany"},"geometry":{"type":"MultiLineString","coordinates":[[[13.743235575,51.04915295],[13.7403551,51.0470923],[13.73768255,51.047129025000004]]]}},{"type":"Feature","properties":{"seg_id":"dresden-66","routes":[{"route_id":"rm2690192","route_name":"Tram 12","route_name_local":"Tram 12","route_name_en":null,"route_ref":"12","route_color":"#006b42","wikipedia":"de:Verkehrsverbund Oberelbe","osm_route_ids":[1913600,1913601],"status":null,"order_suspect":0,"span_suspect":0,"stations":[{"station_id":"n2204145206","station_name":"Striesen, Ludwig-Hartmann-Straße"},{"station_id":"n2249378490","station_name":"Gustav-Freytag-Straße"},{"station_id":"n2249391575","station_name":"Heinrich-Schütz-Straße"},{"station_id":"n3123485859","station_name":"Jüngststraße"},{"station_id":"n3123615227","station_name":"Blasewitz, Schillerplatz"},{"station_id":"n3123619045","station_name":"Prellerstraße"},{"station_id":"n2249679758","station_name":"Lene-Glatzer-Straße"},{"station_id":"n2250469190","station_name":"Königsheimplatz"},{"station_id":"n2250518300","station_name":"Augsburger Straße (Universitätsklinikum)"},{"station_id":"junc:13.77815:51.05294","station_name":""},{"station_id":"n2251164068","station_name":"Blasewitzer Straße / Fetscherstraße"},{"station_id":"n2251193229","station_name":"Gabelsbergerstraße"},{"station_id":"n247167118","station_name":"Fetscherplatz"},{"station_id":"n247164846","station_name":"Krankenhaus St. Joseph-Stift"},{"station_id":"n302411628","station_name":"Straßburger Platz (Gläserne Manufaktur)"},{"station_id":"n1481074070","station_name":"Deutsches Hygiene-Museum"},{"station_id":"junc:13.74664:51.04885","station_name":""},{"station_id":"n1531054674","station_name":"Pirnaischer Platz (Stadtmuseum)"},{"station_id":"junc:13.74036:51.04709","station_name":""},{"station_id":"n712415502","station_name":"Prager Straße"},{"station_id":"n2102006632","station_name":"Postplatz"},{"station_id":"junc:13.72981:51.05083","station_name":""},{"station_id":"n1547113330","station_name":"Schwimmhalle Freiberger Platz"},{"station_id":"n94174019","station_name":"S-Bahnhof Freiberger Straße"},{"station_id":"n2270172153","station_name":"Florastraße"},{"station_id":"n2270171064","station_name":"Oederaner Straße"},{"station_id":"n203835221","station_name":"Löbtau, Tharandter Straße"},{"station_id":"n2092458040","station_name":"Bünaustraße"},{"station_id":"n3146085861","station_name":"Conertplatz"},{"station_id":"n3146085852","station_name":"Pennricher Straße"},{"station_id":"n3146023349","station_name":"Birkenhainer Straße"},{"station_id":"n3146023350","station_name":"Altcotta"},{"station_id":"n1547113385","station_name":"Ockerwitzer Straße"},{"station_id":"n2278271794","station_name":"Cossebauder Straße"},{"station_id":"n2278287739","station_name":"Cotta, Gottfried-Keller-Straße"},{"station_id":"n3528256098","station_name":"Leutewitz"}]}],"route_count":1,"route_refs":["12"],"route_colors":["#006b42"],"city":"Dresden","country":"Germany"},"geometry":{"type":"MultiLineString","coordinates":[[[13.733756056249998,51.050101637500006],[13.7298098,51.0508304],[13.72578105,51.050433299999995],[13.720935725,51.049009775]]]}},{"type":"Feature","properties":{"seg_id":"dresden-67","routes":[{"route_id":"rm2690192","route_name":"Tram 12","route_name_local":"Tram 12","route_name_en":null,"route_ref":"12","route_color":"#006b42","wikipedia":"de:Verkehrsverbund Oberelbe","osm_route_ids":[1913600,1913601],"status":null,"order_suspect":0,"span_suspect":0,"stations":[{"station_id":"n2204145206","station_name":"Striesen, Ludwig-Hartmann-Straße"},{"station_id":"n2249378490","station_name":"Gustav-Freytag-Straße"},{"station_id":"n2249391575","station_name":"Heinrich-Schütz-Straße"},{"station_id":"n3123485859","station_name":"Jüngststraße"},{"station_id":"n3123615227","station_name":"Blasewitz, Schillerplatz"},{"station_id":"n3123619045","station_name":"Prellerstraße"},{"station_id":"n2249679758","station_name":"Lene-Glatzer-Straße"},{"station_id":"n2250469190","station_name":"Königsheimplatz"},{"station_id":"n2250518300","station_name":"Augsburger Straße (Universitätsklinikum)"},{"station_id":"junc:13.77815:51.05294","station_name":""},{"station_id":"n2251164068","station_name":"Blasewitzer Straße / Fetscherstraße"},{"station_id":"n2251193229","station_name":"Gabelsbergerstraße"},{"station_id":"n247167118","station_name":"Fetscherplatz"},{"station_id":"n247164846","station_name":"Krankenhaus St. Joseph-Stift"},{"station_id":"n302411628","station_name":"Straßburger Platz (Gläserne Manufaktur)"},{"station_id":"n1481074070","station_name":"Deutsches Hygiene-Museum"},{"station_id":"junc:13.74664:51.04885","station_name":""},{"station_id":"n1531054674","station_name":"Pirnaischer Platz (Stadtmuseum)"},{"station_id":"junc:13.74036:51.04709","station_name":""},{"station_id":"n712415502","station_name":"Prager Straße"},{"station_id":"n2102006632","station_name":"Postplatz"},{"station_id":"junc:13.72981:51.05083","station_name":""},{"station_id":"n1547113330","station_name":"Schwimmhalle Freiberger Platz"},{"station_id":"n94174019","station_name":"S-Bahnhof Freiberger Straße"},{"station_id":"n2270172153","station_name":"Florastraße"},{"station_id":"n2270171064","station_name":"Oederaner Straße"},{"station_id":"n203835221","station_name":"Löbtau, Tharandter Straße"},{"station_id":"n2092458040","station_name":"Bünaustraße"},{"station_id":"n3146085861","station_name":"Conertplatz"},{"station_id":"n3146085852","station_name":"Pennricher Straße"},{"station_id":"n3146023349","station_name":"Birkenhainer Straße"},{"station_id":"n3146023350","station_name":"Altcotta"},{"station_id":"n1547113385","station_name":"Ockerwitzer Straße"},{"station_id":"n2278271794","station_name":"Cossebauder Straße"},{"station_id":"n2278287739","station_name":"Cotta, Gottfried-Keller-Straße"},{"station_id":"n3528256098","station_name":"Leutewitz"}]}],"route_count":1,"route_refs":["12"],"route_colors":["#006b42"],"city":"Dresden","country":"Germany"},"geometry":{"type":"MultiLineString","coordinates":[[[13.697786675,51.0434722],[13.693101899999998,51.0460212],[13.691590325,51.04907505],[13.690968275,51.052930625],[13.687938175,51.0564658],[13.6836325,51.05929785],[13.68054665,51.061619750000006]]]}},{"type":"Feature","properties":{"seg_id":"dresden-68","routes":[{"route_id":"r5421483","route_name":"Tram 20: Messe Dresden Sonderlinie","route_name_local":"Tram 20: Messe Dresden Sonderlinie","route_name_en":null,"route_ref":"20","route_color":"#f9b000","wikipedia":"de:Verkehrsverbund Oberelbe","osm_route_ids":[5421483],"status":null,"order_suspect":0,"span_suspect":0,"stations":[{"station_id":"n1278116783","station_name":"Messe, Gleisschleife"},{"station_id":"n1699517119","station_name":"Messe Dresden"},{"station_id":"n1299402694","station_name":"Messering (Halle 1)"},{"station_id":"n1299402679","station_name":"Alberthafen"},{"station_id":"n1299402744","station_name":"Vorwerkstraße"},{"station_id":"n333748474","station_name":"Krankenhaus Friedrichstadt (Sportpark Ostra)"},{"station_id":"n2261895949","station_name":"Weißeritzstraße"},{"station_id":"junc:13.72583:51.05685","station_name":""},{"station_id":"n1150742531","station_name":"Maxstraße"},{"station_id":"junc:13.72849:51.05654","station_name":""},{"station_id":"n316713924","station_name":"Am Zwingerteich"},{"station_id":"n2102006632","station_name":"Postplatz"},{"station_id":"n712415502","station_name":"Prager Straße"},{"station_id":"n997588698","station_name":"Walpurgisstraße"},{"station_id":"n988900797","station_name":"Hauptbahnhof Nord"},{"station_id":"junc:13.73488:51.04037","station_name":""},{"station_id":"n988900741","station_name":"Hauptbahnhof"},{"station_id":"n91486560","station_name":"Budapester Straße"},{"station_id":"n94174019","station_name":"S-Bahnhof Freiberger Straße"},{"station_id":"n1699677761","station_name":"Bahnhof Mitte / Könneritzstraße"},{"station_id":"n2261895949","station_name":"Weißeritzstraße"},{"station_id":"n333748474","station_name":"Krankenhaus Friedrichstadt (Sportpark Ostra)"},{"station_id":"n1299402744","station_name":"Vorwerkstraße"},{"station_id":"n1299402679","station_name":"Alberthafen"},{"station_id":"n1299402694","station_name":"Messering (Halle 1)"},{"station_id":"n1699517119","station_name":"Messe Dresden"},{"station_id":"n1278116783","station_name":"Messe, Gleisschleife"}]}],"route_count":1,"route_refs":["20"],"route_colors":["#f9b000"],"city":"Dresden","country":"Germany"},"geometry":{"type":"MultiLineString","coordinates":[[[13.7235219,51.0581836],[13.7258255,51.0568463],[13.726747000000001,51.05689783333332],[13.7284854,51.0565374],[13.7303163,51.054524]]]}},{"type":"Feature","properties":{"station_id":"n26423972","station_name":"Alter Schlachthof","station_name_local":"Alter Schlachthof","station_name_en":null,"city":"Dresden","country":"Germany","lines":["4","9"],"wikipedia":null,"merged_from":4,"merged_names":null,"is_terminus":false,"routes":[{"ref":"4","name":"Tram 4","route_color":"#92c255"},{"ref":"9","name":"Tram 9","route_color":"#c9061a"}],"pass_count":2,"station_degree":2,"codes":null,"is_interchange":false,"station_role":"normal"},"geometry":{"type":"Point","coordinates":[13.7314159,51.06819155]},"__memberLines":{}},{"type":"Feature","properties":{"station_id":"n27306558","station_name":"Münchner Platz (Gedenkstätte)","station_name_local":"Münchner Platz (Gedenkstätte)","station_name_en":null,"city":"Dresden","country":"Germany","lines":["3"],"wikipedia":null,"merged_from":2,"merged_names":null,"is_terminus":false,"routes":[{"ref":"3","name":"Tram 3","route_color":"#e5005a"}],"pass_count":1,"station_degree":2,"codes":null,"is_interchange":false,"station_role":"normal"},"geometry":{"type":"Point","coordinates":[13.72167545,51.0299816]},"__memberLines":{}},{"type":"Feature","properties":{"station_id":"n27306561","station_name":"Nürnberger Platz","station_name_local":"Nürnberger Platz","station_name_en":null,"city":"Dresden","country":"Germany","lines":["3","8"],"wikipedia":null,"merged_from":4,"merged_names":null,"is_terminus":false,"routes":[{"ref":"3","name":"Tram 3","route_color":"#e5005a"},{"ref":"8","name":"Tram 8","route_color":"#229133"}],"pass_count":2,"station_degree":3,"codes":null,"is_interchange":true,"station_role":"interchange"},"geometry":{"type":"Point","coordinates":[13.725901124999998,51.031937299999996]},"__memberLines":{}},{"type":"Feature","properties":{"station_id":"n27432419","station_name":"Reichenbachstraße (Studentenwerk)","station_name_local":"Reichenbachstraße (Studentenwerk)","station_name_en":null,"city":"Dresden","country":"Germany","lines":["3","8"],"wikipedia":null,"merged_from":2,"merged_names":null,"is_terminus":false,"routes":[{"ref":"3","name":"Tram 3","route_color":"#e5005a"},{"ref":"8","name":"Tram 8","route_color":"#229133"}],"pass_count":2,"station_degree":2,"codes":null,"is_interchange":false,"station_role":"normal"},"geometry":{"type":"Point","coordinates":[13.73132105,51.035288800000004]},"__memberLines":{}},{"type":"Feature","properties":{"station_id":"n29999448","station_name":"Merianplatz","station_name_local":"Merianplatz","station_name_en":null,"city":"Dresden","country":"Germany","lines":["2","7"],"wikipedia":null,"merged_from":2,"merged_names":null,"is_terminus":false,"routes":[{"ref":"2","name":"Tram 2","route_color":"#eb5b2d"},{"ref":"7","name":"Tram 7: Weixdorf <> Pennrich","route_color":"#9e0234"}],"pass_count":2,"station_degree":2,"codes":null,"is_interchange":false,"station_role":"normal"},"geometry":{"type":"Point","coordinates":[13.670057799999999,51.0445389]},"__memberLines":{}},{"type":"Feature","properties":{"station_id":"n29999456","station_name":"Julius-Vahlteich-Straße","station_name_local":"Julius-Vahlteich-Straße","station_name_en":null,"city":"Dresden","country":"Germany","lines":["6","7"],"wikipedia":null,"merged_from":2,"merged_names":null,"is_terminus":false,"routes":[{"ref":"6","name":"Tram 6","route_color":"#ffdd00"},{"ref":"7","name":"Tram 7: Weixdorf <> Pennrich","route_color":"#9e0234"}],"pass_count":2,"station_degree":3,"codes":null,"is_interchange":true,"station_role":"interchange"},"geometry":{"type":"Point","coordinates":[13.6799624,51.042952400000004]},"__memberLines":{}},{"type":"Feature","properties":{"station_id":"n29999464","station_name":"Schlehenstraße","station_name_local":"Schlehenstraße","station_name_en":null,"city":"Dresden","country":"Germany","lines":["2","7"],"wikipedia":null,"merged_from":2,"merged_names":null,"is_terminus":false,"routes":[{"ref":"2","name":"Tram 2","route_color":"#eb5b2d"},{"ref":"7","name":"Tram 7: Weixdorf <> Pennrich","route_color":"#9e0234"}],"pass_count":2,"station_degree":2,"codes":null,"is_interchange":false,"station_role":"normal"},"geometry":{"type":"Point","coordinates":[13.658860149999999,51.0488636]},"__memberLines":{}},{"type":"Feature","properties":{"station_id":"n3607726821","station_name":"Neustädter Markt","station_name_local":"Neustädter Markt","station_name_en":null,"city":"Dresden","country":"Germany","lines":["3","4","7","9"],"wikipedia":null,"merged_from":6,"merged_names":null,"is_terminus":false,"codes":["19001","19002","19003","19004"],"routes":[{"ref":"3","name":"Tram 3","route_color":"#e5005a"},{"ref":"4","name":"Tram 4","route_color":"#92c255"},{"ref":"7","name":"Tram 7: Weixdorf <> Pennrich","route_color":"#9e0234"},{"ref":"9","name":"Tram 9","route_color":"#c9061a"}],"pass_count":4,"station_degree":3,"is_interchange":true,"station_role":"interchange"},"geometry":{"type":"Point","coordinates":[13.74075045,51.05754405]},"__memberLines":{}},{"type":"Feature","properties":{"station_id":"n30893823","station_name":"Antonstraße / Leipziger Straße","station_name_local":"Antonstraße / Leipziger Straße","station_name_en":null,"city":"Dresden","country":"Germany","lines":["4","6","9","11"],"wikipedia":null,"merged_from":6,"merged_names":null,"is_terminus":false,"codes":["17001","17002","17003","17004"],"routes":[{"ref":"4","name":"Tram 4","route_color":"#92c255"},{"ref":"6","name":"Tram 6","route_color":"#ffdd00"},{"ref":"9","name":"Tram 9","route_color":"#c9061a"},{"ref":"11","name":"Tram 11","route_color":"#c2ddaf"}],"pass_count":4,"station_degree":4,"is_interchange":true,"station_role":"interchange"},"geometry":{"type":"Point","coordinates":[13.736765966666667,51.06292006666667]},"__memberLines":{}},{"type":"Feature","properties":{"station_id":"n30988946","station_name":"Kongresszentrum (Haus der Presse)","station_name_local":"Kongresszentrum (Haus der Presse)","station_name_en":null,"city":"Dresden","country":"Germany","lines":["6","11"],"wikipedia":null,"merged_from":2,"merged_names":null,"is_terminus":false,"routes":[{"ref":"6","name":"Tram 6","route_color":"#ffdd00"},{"ref":"11","name":"Tram 11","route_color":"#c2ddaf"}],"pass_count":2,"station_degree":3,"codes":null,"is_interchange":true,"station_role":"interchange"},"geometry":{"type":"Point","coordinates":[13.7279291,51.0583925]},"__memberLines":{}},{"type":"Feature","properties":{"station_id":"n1699677761","station_name":"Bahnhof Mitte / Könneritzstraße","station_name_local":"Bahnhof Mitte / Könneritzstraße","station_name_en":null,"city":"Dresden","country":"Germany","lines":["6","10","20"],"wikipedia":null,"merged_from":2,"merged_names":null,"is_terminus":false,"routes":[{"ref":"6","name":"Tram 6","route_color":"#ffdd00"},{"ref":"10","name":"Tram 10: Messe Dresden <> Striesen","route_color":"#f9b000"},{"ref":"20","name":"Tram 20: Messe Dresden Sonderlinie","route_color":"#f9b000"}],"pass_count":3,"station_degree":4,"codes":null,"is_interchange":true,"station_role":"interchange"},"geometry":{"type":"Point","coordinates":[13.72416955,51.0556095]},"__memberLines":{}},{"type":"Feature","properties":{"station_id":"n30990925","station_name":"Südvorstadt","station_name_local":"Südvorstadt","station_name_en":null,"city":"Dresden","country":"Germany","lines":["8"],"wikipedia":null,"is_terminus":true,"routes":[{"ref":"8","name":"Tram 8","route_color":"#229133"}],"pass_count":1,"station_degree":1,"codes":null,"merged_from":null,"merged_names":null,"is_interchange":false,"station_role":"terminus"},"geometry":{"type":"Point","coordinates":[13.7221922,51.0339235]},"__memberLines":{}},{"type":"Feature","properties":{"station_id":"n33655213","station_name":"Coschütz","station_name_local":"Coschütz","station_name_en":null,"city":"Dresden","country":"Germany","lines":["3"],"wikipedia":null,"merged_from":2,"merged_names":null,"is_terminus":true,"routes":[{"ref":"3","name":"Tram 3","route_color":"#e5005a"}],"pass_count":1,"station_degree":1,"codes":null,"is_interchange":false,"station_role":"terminus"},"geometry":{"type":"Point","coordinates":[13.69938805,51.015869800000004]},"__memberLines":{}},{"type":"Feature","properties":{"station_id":"n598684803","station_name":"Bahnhof Neustadt","station_name_local":"Bahnhof Neustadt","station_name_en":null,"city":"Dresden","country":"Germany","lines":["3","6","11"],"wikipedia":null,"merged_from":4,"merged_names":null,"is_terminus":false,"routes":[{"ref":"3","name":"Tram 3","route_color":"#e5005a"},{"ref":"6","name":"Tram 6","route_color":"#ffdd00"},{"ref":"11","name":"Tram 11","route_color":"#c2ddaf"}],"pass_count":3,"station_degree":3,"codes":null,"is_interchange":true,"station_role":"interchange"},"geometry":{"type":"Point","coordinates":[13.740278374999999,51.0655725]},"__memberLines":{}},{"type":"Feature","properties":{"station_id":"n67373488","station_name":"Radebeul, Schloss Wackerbarth","station_name_local":"Radebeul, Schloss Wackerbarth","station_name_en":null,"city":"Dresden","country":"Germany","lines":["4"],"wikipedia":null,"merged_from":2,"merged_names":null,"is_terminus":false,"routes":[{"ref":"4","name":"Tram 4","route_color":"#92c255"}],"pass_count":1,"station_degree":2,"codes":null,"is_interchange":false,"station_role":"normal"},"geometry":{"type":"Point","coordinates":[13.618320149999999,51.112927549999995]},"__memberLines":{}},{"type":"Feature","properties":{"station_id":"n67373675","station_name":"Radebeul, Johannisbergstraße","station_name_local":"Radebeul, Johannisbergstraße","station_name_en":null,"city":"Dresden","country":"Germany","lines":["4"],"wikipedia":null,"merged_from":4,"merged_names":null,"is_terminus":false,"routes":[{"ref":"4","name":"Tram 4","route_color":"#92c255"}],"pass_count":1,"station_degree":2,"codes":null,"is_interchange":false,"station_role":"normal"},"geometry":{"type":"Point","coordinates":[13.611486225,51.114559275000005]},"__memberLines":{}},{"type":"Feature","properties":{"station_id":"n68333808","station_name":"Coswig, Rathaus","station_name_local":"Coswig, Rathaus","station_name_en":null,"city":"Dresden","country":"Germany","lines":["4"],"wikipedia":null,"merged_from":4,"merged_names":null,"is_terminus":false,"routes":[{"ref":"4","name":"Tram 4","route_color":"#92c255"}],"pass_count":1,"station_degree":2,"codes":null,"is_interchange":false,"station_role":"normal"},"geometry":{"type":"Point","coordinates":[13.5776829,51.12795885]},"__memberLines":{}},{"type":"Feature","properties":{"station_id":"n68333831","station_name":"Coswig, Steinbacher Weg","station_name_local":"Coswig, Steinbacher Weg","station_name_en":null,"city":"Dresden","country":"Germany","lines":["4"],"wikipedia":null,"merged_from":4,"merged_names":null,"is_terminus":false,"routes":[{"ref":"4","name":"Tram 4","route_color":"#92c255"}],"pass_count":1,"station_degree":2,"codes":null,"is_interchange":false,"station_role":"normal"},"geometry":{"type":"Point","coordinates":[13.572325925,51.144028674999994]},"__memberLines":{}},{"type":"Feature","properties":{"station_id":"n68333843","station_name":"Weinböhla, Köhlerstraße","station_name_local":"Weinböhla, Köhlerstraße","station_name_en":null,"city":"Dresden","country":"Germany","lines":["4"],"wikipedia":null,"merged_from":4,"merged_names":null,"is_terminus":false,"routes":[{"ref":"4","name":"Tram 4","route_color":"#92c255"}],"pass_count":1,"station_degree":2,"codes":null,"is_interchange":false,"station_role":"normal"},"geometry":{"type":"Point","coordinates":[13.573765799999999,51.15216182499999]},"__memberLines":{}},{"type":"Feature","properties":{"station_id":"n68333849","station_name":"Weinböhla (Rathausstraße)","station_name_local":"Weinböhla (Rathausstraße)","station_name_en":null,"city":"Dresden","country":"Germany","lines":["4"],"wikipedia":null,"merged_from":2,"merged_names":null,"is_terminus":true,"routes":[{"ref":"4","name":"Tram 4","route_color":"#92c255"}],"pass_count":1,"station_degree":1,"codes":null,"is_interchange":false,"station_role":"terminus"},"geometry":{"type":"Point","coordinates":[13.56641365,51.159580649999995]},"__memberLines":{}},{"type":"Feature","properties":{"station_id":"n69393313","station_name":"Coswig, Radebeuler Straße","station_name_local":"Coswig, Radebeuler Straße","station_name_en":null,"city":"Dresden","country":"Germany","lines":["4"],"wikipedia":null,"merged_from":4,"merged_names":null,"is_terminus":false,"routes":[{"ref":"4","name":"Tram 4","route_color":"#92c255"}],"pass_count":1,"station_degree":2,"codes":null,"is_interchange":false,"station_role":"normal"},"geometry":{"type":"Point","coordinates":[13.5886301,51.125761325]},"__memberLines":{}},{"type":"Feature","properties":{"station_id":"n69393959","station_name":"Coswig, Zentrum / Börse","station_name_local":"Coswig, Zentrum / Börse","station_name_en":null,"city":"Dresden","country":"Germany","lines":["4"],"wikipedia":null,"merged_from":4,"merged_names":null,"is_terminus":false,"routes":[{"ref":"4","name":"Tram 4","route_color":"#92c255"}],"pass_count":1,"station_degree":2,"codes":null,"is_interchange":false,"station_role":"normal"},"geometry":{"type":"Point","coordinates":[13.580893199999998,51.127257825]},"__memberLines":{}},{"type":"Feature","properties":{"station_id":"n1481074119","station_name":"Prohlis, Gleisschleife","station_name_local":"Prohlis, Gleisschleife","station_name_en":null,"city":"Dresden","country":"Germany","lines":["1","4","13"],"wikipedia":null,"merged_from":2,"merged_names":null,"is_terminus":true,"routes":[{"ref":"1","name":"Tram 1","route_color":"#e4002c"},{"ref":"4","name":"Tram 4","route_color":"#92c255"},{"ref":"13","name":"Tram 13","route_color":"#fdc300"}],"pass_count":3,"station_degree":1,"codes":null,"is_interchange":false,"station_role":"terminus"},"geometry":{"type":"Point","coordinates":[13.79884365,50.9992208]},"__memberLines":{}},{"type":"Feature","properties":{"station_id":"n247170108","station_name":"Georg-Arnhold-Bad (Deutsches Hygiene-Museum)","station_name_local":"Georg-Arnhold-Bad (Deutsches Hygiene-Museum)","station_name_en":null,"city":"Dresden","country":"Germany","lines":["8","10","13"],"wikipedia":null,"merged_from":4,"merged_names":null,"is_terminus":false,"routes":[{"ref":"8","name":"Tram 8","route_color":"#229133"},{"ref":"10","name":"Tram 10: Messe Dresden <> Striesen","route_color":"#f9b000"},{"ref":"13","name":"Tram 13","route_color":"#fdc300"}],"pass_count":3,"station_degree":2,"codes":null,"is_interchange":false,"station_role":"normal"},"geometry":{"type":"Point","coordinates":[13.751244024999998,51.042470425]},"__memberLines":{}},{"type":"Feature","properties":{"station_id":"n91486560","station_name":"Budapester Straße","station_name_local":"Budapester Straße","station_name_en":null,"city":"Dresden","country":"Germany","lines":["7","10","20"],"wikipedia":null,"merged_from":2,"merged_names":null,"is_terminus":false,"routes":[{"ref":"7","name":"Tram 7: Weixdorf <> Pennrich","route_color":"#9e0234"},{"ref":"10","name":"Tram 10: Messe Dresden <> Striesen","route_color":"#f9b000"},{"ref":"20","name":"Tram 20: Messe Dresden Sonderlinie","route_color":"#f9b000"}],"pass_count":3,"station_degree":2,"codes":null,"is_interchange":false,"station_role":"normal"},"geometry":{"type":"Point","coordinates":[13.7250155,51.0438074]},"__memberLines":{}},{"type":"Feature","properties":{"station_id":"n94174019","station_name":"S-Bahnhof Freiberger Straße","station_name_local":"S-Bahnhof Freiberger Straße","station_name_en":null,"city":"Dresden","country":"Germany","lines":["7","10","12","20"],"wikipedia":null,"merged_from":4,"merged_names":null,"is_terminus":false,"routes":[{"ref":"7","name":"Tram 7: Weixdorf <> Pennrich","route_color":"#9e0234"},{"ref":"10","name":"Tram 10: Messe Dresden <> Striesen","route_color":"#f9b000"},{"ref":"12","name":"Tram 12","route_color":"#006b42"},{"ref":"20","name":"Tram 20: Messe Dresden Sonderlinie","route_color":"#f9b000"}],"pass_count":4,"station_degree":4,"codes":null,"is_interchange":true,"station_role":"interchange"},"geometry":{"type":"Point","coordinates":[13.720935725,51.049009775]},"__memberLines":{}},{"type":"Feature","properties":{"station_id":"n98010200","station_name":"Zellescher Weg","station_name_local":"Zellescher Weg","station_name_en":null,"city":"Dresden","country":"Germany","lines":["11"],"wikipedia":null,"merged_from":2,"merged_names":null,"is_terminus":false,"routes":[{"ref":"11","name":"Tram 11","route_color":"#c2ddaf"}],"pass_count":1,"station_degree":2,"codes":null,"is_interchange":false,"station_role":"normal"},"geometry":{"type":"Point","coordinates":[13.74568105,51.0280574]},"__memberLines":{}},{"type":"Feature","properties":{"station_id":"n99948955","station_name":"S-Bahnhof Industriegelände","station_name_local":"S-Bahnhof Industriegelände","station_name_en":null,"city":"Dresden","country":"Germany","lines":["7","8"],"wikipedia":null,"merged_from":2,"merged_names":null,"is_terminus":false,"routes":[{"ref":"7","name":"Tram 7: Weixdorf <> Pennrich","route_color":"#9e0234"},{"ref":"8","name":"Tram 8","route_color":"#229133"}],"pass_count":2,"station_degree":2,"codes":null,"is_interchange":false,"station_role":"normal"},"geometry":{"type":"Point","coordinates":[13.76346775,51.08707255]},"__memberLines":{}},{"type":"Feature","properties":{"station_id":"n99948969","station_name":"Moritzburger Weg","station_name_local":"Moritzburger Weg","station_name_en":null,"city":"Dresden","country":"Germany","lines":["7","8"],"wikipedia":null,"merged_from":4,"merged_names":null,"is_terminus":false,"routes":[{"ref":"7","name":"Tram 7: Weixdorf <> Pennrich","route_color":"#9e0234"},{"ref":"8","name":"Tram 8","route_color":"#229133"}],"pass_count":2,"station_degree":2,"codes":null,"is_interchange":false,"station_role":"normal"},"geometry":{"type":"Point","coordinates":[13.7686064,51.09907185]},"__memberLines":{}},{"type":"Feature","properties":{"station_id":"n101122765","station_name":"Infineon Nord","station_name_local":"Infineon Nord","station_name_en":null,"city":"Dresden","country":"Germany","lines":["7"],"wikipedia":null,"merged_from":4,"merged_names":null,"is_terminus":false,"routes":[{"ref":"7","name":"Tram 7: Weixdorf <> Pennrich","route_color":"#9e0234"}],"pass_count":1,"station_degree":2,"codes":null,"is_interchange":false,"station_role":"normal"},"geometry":{"type":"Point","coordinates":[13.773117850000002,51.10792105]},"__memberLines":{}},{"type":"Feature","properties":{"station_id":"n103928327","station_name":"Lennéplatz","station_name_local":"Lennéplatz","station_name_en":null,"city":"Dresden","country":"Germany","lines":["4","8","10","11","13"],"wikipedia":null,"merged_from":4,"merged_names":null,"is_terminus":false,"codes":["3","4"],"routes":[{"ref":"4","name":"Tram 4","route_color":"#92c255"},{"ref":"8","name":"Tram 8","route_color":"#229133"},{"ref":"10","name":"Tram 10: Messe Dresden <> Striesen","route_color":"#f9b000"},{"ref":"11","name":"Tram 11","route_color":"#c2ddaf"},{"ref":"13","name":"Tram 13","route_color":"#fdc300"}],"pass_count":5,"station_degree":4,"is_interchange":true,"station_role":"interchange"},"geometry":{"type":"Point","coordinates":[13.7468254,51.037920275]},"__memberLines":{}},{"type":"Feature","properties":{"station_id":"n104177481","station_name":"Industriepark Klotzsche","station_name_local":"Industriepark Klotzsche","station_name_en":null,"city":"Dresden","country":"Germany","lines":["7"],"wikipedia":null,"merged_from":2,"merged_names":null,"is_terminus":false,"routes":[{"ref":"7","name":"Tram 7: Weixdorf <> Pennrich","route_color":"#9e0234"}],"pass_count":1,"station_degree":2,"codes":null,"is_interchange":false,"station_role":"normal"},"geometry":{"type":"Point","coordinates":[13.79281405,51.1276334]},"__memberLines":{}},{"type":"Feature","properties":{"station_id":"n104212154","station_name":"Fuchsberg","station_name_local":"Fuchsberg","station_name_en":null,"city":"Dresden","country":"Germany","lines":["7"],"wikipedia":null,"merged_from":2,"merged_names":null,"is_terminus":false,"codes":["1","2"],"routes":[{"ref":"7","name":"Tram 7: Weixdorf <> Pennrich","route_color":"#9e0234"}],"pass_count":1,"station_degree":2,"is_interchange":false,"station_role":"normal"},"geometry":{"type":"Point","coordinates":[13.79535675,51.13380805]},"__memberLines":{}},{"type":"Feature","properties":{"station_id":"n126667149","station_name":"Kirschenstraße","station_name_local":"Kirschenstraße","station_name_en":null,"city":"Dresden","country":"Germany","lines":["2","7"],"wikipedia":null,"merged_from":2,"merged_names":null,"is_terminus":false,"routes":[{"ref":"2","name":"Tram 2","route_color":"#eb5b2d"},{"ref":"7","name":"Tram 7: Weixdorf <> Pennrich","route_color":"#9e0234"}],"pass_count":2,"station_degree":2,"codes":null,"is_interchange":false,"station_role":"normal"},"geometry":{"type":"Point","coordinates":[13.663653799999999,51.0459821]},"__memberLines":{}},{"type":"Feature","properties":{"station_id":"n151013122","station_name":"An der Flutrinne","station_name_local":"An der Flutrinne","station_name_en":null,"city":"Dresden","country":"Germany","lines":["9","13"],"wikipedia":null,"merged_from":4,"merged_names":null,"is_terminus":false,"routes":[{"ref":"9","name":"Tram 9","route_color":"#c9061a"},{"ref":"13","name":"Tram 13","route_color":"#fdc300"}],"pass_count":2,"station_degree":2,"codes":null,"is_interchange":false,"station_role":"normal"},"geometry":{"type":"Point","coordinates":[13.698774725,51.0772609]},"__memberLines":{}},{"type":"Feature","properties":{"station_id":"n164388310","station_name":"Mickten","station_name_local":"Mickten","station_name_en":null,"city":"Dresden","country":"Germany","lines":["4","9","13"],"wikipedia":null,"merged_from":8,"merged_names":null,"is_terminus":false,"routes":[{"ref":"4","name":"Tram 4","route_color":"#92c255"},{"ref":"9","name":"Tram 9","route_color":"#c9061a"},{"ref":"13","name":"Tram 13","route_color":"#fdc300"}],"pass_count":3,"station_degree":3,"codes":null,"is_interchange":true,"station_role":"interchange"},"geometry":{"type":"Point","coordinates":[13.713716699999999,51.0798818875]},"__memberLines":{}},{"type":"Feature","properties":{"station_id":"n197551704","station_name":"Gret-Palucca-Straße","station_name_local":"Gret-Palucca-Straße","station_name_en":null,"city":"Dresden","country":"Germany","lines":["4","8","10","11"],"wikipedia":null,"merged_from":2,"merged_names":null,"is_terminus":false,"routes":[{"ref":"4","name":"Tram 4","route_color":"#92c255"},{"ref":"8","name":"Tram 8","route_color":"#229133"},{"ref":"10","name":"Tram 10: Messe Dresden <> Striesen","route_color":"#f9b000"},{"ref":"11","name":"Tram 11","route_color":"#c2ddaf"}],"pass_count":4,"station_degree":3,"codes":null,"is_interchange":true,"station_role":"interchange"},"geometry":{"type":"Point","coordinates":[13.73961245,51.03887845]},"__memberLines":{}},{"type":"Feature","properties":{"station_id":"n197839497","station_name":"Amalie-Dietrich-Platz","station_name_local":"Amalie-Dietrich-Platz","station_name_en":null,"city":"Dresden","country":"Germany","lines":["2","7"],"wikipedia":null,"merged_from":2,"merged_names":null,"is_terminus":false,"routes":[{"ref":"2","name":"Tram 2","route_color":"#eb5b2d"},{"ref":"7","name":"Tram 7: Weixdorf <> Pennrich","route_color":"#9e0234"}],"pass_count":2,"station_degree":3,"codes":null,"is_interchange":true,"station_role":"interchange"},"geometry":{"type":"Point","coordinates":[13.677890300000001,51.045315349999996]},"__memberLines":{}},{"type":"Feature","properties":{"station_id":"n198170269","station_name":"Washingtonstraße","station_name_local":"Washingtonstraße","station_name_en":null,"city":"Dresden","country":"Germany","lines":["9","13"],"wikipedia":null,"merged_from":4,"merged_names":null,"is_terminus":false,"routes":[{"ref":"9","name":"Tram 9","route_color":"#c9061a"},{"ref":"13","name":"Tram 13","route_color":"#fdc300"}],"pass_count":2,"station_degree":2,"codes":null,"is_interchange":false,"station_role":"normal"},"geometry":{"type":"Point","coordinates":[13.691058275,51.082331375]},"__memberLines":{}},{"type":"Feature","properties":{"station_id":"n198170827","station_name":"Kaditz, Riegelplatz","station_name_local":"Kaditz, Riegelplatz","station_name_en":null,"city":"Dresden","country":"Germany","lines":["9","13"],"wikipedia":null,"merged_from":2,"merged_names":null,"is_terminus":true,"codes":["585001","585002"],"routes":[{"ref":"9","name":"Tram 9","route_color":"#c9061a"},{"ref":"13","name":"Tram 13","route_color":"#fdc300"}],"pass_count":2,"station_degree":1,"is_interchange":false,"station_role":"terminus"},"geometry":{"type":"Point","coordinates":[13.687232349999999,51.0834497]},"__memberLines":{}},{"type":"Feature","properties":{"station_id":"n198197306","station_name":"Rathaus Pieschen","station_name_local":"Rathaus Pieschen","station_name_en":null,"city":"Dresden","country":"Germany","lines":["13"],"wikipedia":null,"merged_from":2,"merged_names":null,"is_terminus":false,"routes":[{"ref":"13","name":"Tram 13","route_color":"#fdc300"}],"pass_count":1,"station_degree":2,"codes":null,"is_interchange":false,"station_role":"normal"},"geometry":{"type":"Point","coordinates":[13.7217729,51.07739765]},"__memberLines":{}},{"type":"Feature","properties":{"station_id":"n198206259","station_name":"Sachsenallee","station_name_local":"Sachsenallee","station_name_en":null,"city":"Dresden","country":"Germany","lines":["6","8","13"],"wikipedia":null,"merged_from":2,"merged_names":null,"is_terminus":false,"codes":["1","2"],"routes":[{"ref":"6","name":"Tram 6","route_color":"#ffdd00"},{"ref":"8","name":"Tram 8","route_color":"#229133"},{"ref":"13","name":"Tram 13","route_color":"#fdc300"}],"pass_count":3,"station_degree":3,"is_interchange":true,"station_role":"interchange"},"geometry":{"type":"Point","coordinates":[13.7574163,51.05455585]},"__memberLines":{}},{"type":"Feature","properties":{"station_id":"n199462776","station_name":"Trachauer Straße","station_name_local":"Trachauer Straße","station_name_en":null,"city":"Dresden","country":"Germany","lines":["9","13"],"wikipedia":null,"merged_from":4,"merged_names":null,"is_terminus":false,"routes":[{"ref":"9","name":"Tram 9","route_color":"#c9061a"},{"ref":"13","name":"Tram 13","route_color":"#fdc300"}],"pass_count":2,"station_degree":2,"codes":null,"is_interchange":false,"station_role":"normal"},"geometry":{"type":"Point","coordinates":[13.70796125,51.0788938]},"__memberLines":{}},{"type":"Feature","properties":{"station_id":"n201542949","station_name":"Waldschlößchen","station_name_local":"Waldschlößchen","station_name_en":null,"city":"Dresden","country":"Germany","lines":["11"],"wikipedia":null,"merged_from":4,"merged_names":null,"is_terminus":false,"routes":[{"ref":"11","name":"Tram 11","route_color":"#c2ddaf"}],"pass_count":1,"station_degree":2,"codes":null,"is_interchange":false,"station_role":"normal"},"geometry":{"type":"Point","coordinates":[13.77729445,51.067408924999995]},"__memberLines":{}},{"type":"Feature","properties":{"station_id":"n201546998","station_name":"Bühlau, Ullersdorfer Platz","station_name_local":"Bühlau, Ullersdorfer Platz","station_name_en":null,"city":"Dresden","country":"Germany","lines":["11"],"wikipedia":null,"merged_from":5,"merged_names":null,"is_terminus":false,"routes":[{"ref":"11","name":"Tram 11","route_color":"#c2ddaf"}],"pass_count":2,"station_degree":2,"codes":null,"is_interchange":false,"station_role":"normal"},"geometry":{"type":"Point","coordinates":[13.8543566,51.062278000000006]},"__memberLines":{}},{"type":"Feature","properties":{"station_id":"n203804853","station_name":"Koreanischer Platz","station_name_local":"Koreanischer Platz","station_name_en":null,"city":"Dresden","country":"Germany","lines":["1","2","6"],"wikipedia":null,"merged_from":5,"merged_names":null,"is_terminus":false,"routes":[{"ref":"1","name":"Tram 1","route_color":"#e4002c"},{"ref":"2","name":"Tram 2","route_color":"#eb5b2d"},{"ref":"6","name":"Tram 6","route_color":"#ffdd00"}],"pass_count":3,"station_degree":3,"codes":null,"is_interchange":true,"station_role":"interchange"},"geometry":{"type":"Point","coordinates":[13.719566359999998,51.05469536]},"__memberLines":{}},{"type":"Feature","properties":{"station_id":"n203835221","station_name":"Löbtau, Tharandter Straße","station_name_local":"Löbtau, Tharandter Straße","station_name_en":null,"city":"Dresden","country":"Germany","lines":["6","7","12"],"wikipedia":null,"merged_from":2,"merged_names":null,"is_terminus":false,"codes":["144001","144002"],"routes":[{"ref":"6","name":"Tram 6","route_color":"#ffdd00"},{"ref":"7","name":"Tram 7: Weixdorf <> Pennrich","route_color":"#9e0234"},{"ref":"12","name":"Tram 12","route_color":"#006b42"}],"pass_count":3,"station_degree":3,"is_interchange":true,"station_role":"interchange"},"geometry":{"type":"Point","coordinates":[13.7031883,51.0437144]},"__memberLines":{}},{"type":"Feature","properties":{"station_id":"n210421826","station_name":"Hellerau, Kiefernweg","station_name_local":"Hellerau, Kiefernweg","station_name_en":null,"city":"Dresden","country":"Germany","lines":["8"],"wikipedia":null,"merged_from":6,"merged_names":null,"is_terminus":true,"routes":[{"ref":"8","name":"Tram 8","route_color":"#229133"}],"pass_count":1,"station_degree":1,"codes":null,"is_interchange":false,"station_role":"terminus"},"geometry":{"type":"Point","coordinates":[13.740279233333332,51.11641233333334]},"__memberLines":{}},{"type":"Feature","properties":{"station_id":"n247164846","station_name":"Krankenhaus St. Joseph-Stift","station_name_local":"Krankenhaus St. Joseph-Stift","station_name_en":null,"city":"Dresden","country":"Germany","lines":["9","10","12"],"wikipedia":null,"merged_from":2,"merged_names":null,"is_terminus":false,"routes":[{"ref":"9","name":"Tram 9","route_color":"#c9061a"},{"ref":"10","name":"Tram 10: Messe Dresden <> Striesen","route_color":"#f9b000"},{"ref":"12","name":"Tram 12","route_color":"#006b42"}],"pass_count":3,"station_degree":2,"codes":null,"is_interchange":false,"station_role":"normal"},"geometry":{"type":"Point","coordinates":[13.76325505,51.046786850000004]},"__memberLines":{}},{"type":"Feature","properties":{"station_id":"n247167118","station_name":"Fetscherplatz","station_name_local":"Fetscherplatz","station_name_en":null,"city":"Dresden","country":"Germany","lines":["9","10","12"],"wikipedia":null,"merged_from":6,"merged_names":null,"is_terminus":false,"codes":["62001","62002","62003","62004","62005","62006"],"routes":[{"ref":"9","name":"Tram 9","route_color":"#c9061a"},{"ref":"10","name":"Tram 10: Messe Dresden <> Striesen","route_color":"#f9b000"},{"ref":"12","name":"Tram 12","route_color":"#006b42"}],"pass_count":3,"station_degree":3,"is_interchange":true,"station_role":"interchange"},"geometry":{"type":"Point","coordinates":[13.770635266666666,51.04618326666667]},"__memberLines":{}},{"type":"Feature","properties":{"station_id":"n247167120","station_name":"Rosa-Luxemburg-Platz","station_name_local":"Rosa-Luxemburg-Platz","station_name_en":null,"city":"Dresden","country":"Germany","lines":["6","8","13"],"wikipedia":null,"merged_from":2,"merged_names":null,"is_terminus":false,"routes":[{"ref":"6","name":"Tram 6","route_color":"#ffdd00"},{"ref":"8","name":"Tram 8","route_color":"#229133"},{"ref":"13","name":"Tram 13","route_color":"#fdc300"}],"pass_count":3,"station_degree":2,"codes":null,"is_interchange":false,"station_role":"normal"},"geometry":{"type":"Point","coordinates":[13.75283725,51.059407199999995]},"__memberLines":{}},{"type":"Feature","properties":{"station_id":"n248219396","station_name":"Wasserwerk Tolkewitz","station_name_local":"Wasserwerk Tolkewitz","station_name_en":null,"city":"Dresden","country":"Germany","lines":["6","9"],"wikipedia":null,"merged_from":4,"merged_names":null,"is_terminus":false,"routes":[{"ref":"6","name":"Tram 6","route_color":"#ffdd00"},{"ref":"9","name":"Tram 9","route_color":"#c9061a"}],"pass_count":2,"station_degree":2,"codes":null,"is_interchange":false,"station_role":"normal"},"geometry":{"type":"Point","coordinates":[13.822777875,51.034085649999994]},"__memberLines":{}},{"type":"Feature","properties":{"station_id":"n248219526","station_name":"Gompitz, Gompitzer Höhe","station_name_local":"Gompitz, Gompitzer Höhe","station_name_en":null,"city":"Dresden","country":"Germany","lines":["7"],"wikipedia":null,"merged_from":2,"merged_names":null,"is_terminus":false,"routes":[{"ref":"7","name":"Tram 7: Weixdorf <> Pennrich","route_color":"#9e0234"}],"pass_count":1,"station_degree":2,"codes":null,"is_interchange":false,"station_role":"normal"},"geometry":{"type":"Point","coordinates":[13.6325491,51.040220399999995]},"__memberLines":{}},{"type":"Feature","properties":{"station_id":"n248532963","station_name":"Arkonastraße","station_name_local":"Arkonastraße","station_name_en":null,"city":"Dresden","country":"Germany","lines":["7"],"wikipedia":null,"merged_from":4,"merged_names":null,"is_terminus":false,"routes":[{"ref":"7","name":"Tram 7: Weixdorf <> Pennrich","route_color":"#9e0234"}],"pass_count":1,"station_degree":2,"codes":null,"is_interchange":false,"station_role":"normal"},"geometry":{"type":"Point","coordinates":[13.791379124999999,51.123060475]},"__memberLines":{}},{"type":"Feature","properties":{"station_id":"n248532966","station_name":"Karl-Marx-Straße","station_name_local":"Karl-Marx-Straße","station_name_en":null,"city":"Dresden","country":"Germany","lines":["7"],"wikipedia":null,"merged_from":4,"merged_names":null,"is_terminus":false,"routes":[{"ref":"7","name":"Tram 7: Weixdorf <> Pennrich","route_color":"#9e0234"}],"pass_count":1,"station_degree":2,"codes":null,"is_interchange":false,"station_role":"normal"},"geometry":{"type":"Point","coordinates":[13.775741199999999,51.110597725000005]},"__memberLines":{}},{"type":"Feature","properties":{"station_id":"n248632392","station_name":"Alaunplatz","station_name_local":"Alaunplatz","station_name_en":null,"city":"Dresden","country":"Germany","lines":["13"],"wikipedia":null,"merged_from":3,"merged_names":null,"is_terminus":false,"routes":[{"ref":"13","name":"Tram 13","route_color":"#fdc300"}],"pass_count":1,"station_degree":2,"codes":null,"is_interchange":false,"station_role":"normal"},"geometry":{"type":"Point","coordinates":[13.755306499999998,51.07002083333333]},"__memberLines":{}},{"type":"Feature","properties":{"station_id":"n248632526","station_name":"S-Bahnhof Bischofsplatz","station_name_local":"S-Bahnhof Bischofsplatz","station_name_en":null,"city":"Dresden","country":"Germany","lines":["13"],"wikipedia":null,"merged_from":4,"merged_names":null,"is_terminus":false,"routes":[{"ref":"13","name":"Tram 13","route_color":"#fdc300"}],"pass_count":1,"station_degree":2,"codes":null,"is_interchange":false,"station_role":"normal"},"geometry":{"type":"Point","coordinates":[13.746908199999998,51.072009249999994]},"__memberLines":{}},{"type":"Feature","properties":{"station_id":"n248640363","station_name":"Radebeul, Gerhart-Hauptmann-Straße","station_name_local":"Radebeul, Gerhart-Hauptmann-Straße","station_name_en":null,"city":"Dresden","country":"Germany","lines":["4"],"wikipedia":null,"merged_from":4,"merged_names":null,"is_terminus":false,"routes":[{"ref":"4","name":"Tram 4","route_color":"#92c255"}],"pass_count":1,"station_degree":2,"codes":null,"is_interchange":false,"station_role":"normal"},"geometry":{"type":"Point","coordinates":[13.603561375000002,51.11971390000001]},"__memberLines":{}},{"type":"Feature","properties":{"station_id":"n248640364","station_name":"Radebeul, Eisenbahnbrücke","station_name_local":"Radebeul, Eisenbahnbrücke","station_name_en":null,"city":"Dresden","country":"Germany","lines":["4"],"wikipedia":null,"merged_from":4,"merged_names":null,"is_terminus":false,"routes":[{"ref":"4","name":"Tram 4","route_color":"#92c255"}],"pass_count":1,"station_degree":2,"codes":null,"is_interchange":false,"station_role":"normal"},"geometry":{"type":"Point","coordinates":[13.594600575,51.121132925]},"__memberLines":{}},{"type":"Feature","properties":{"station_id":"n248641302","station_name":"Coswig, Salzstraße","station_name_local":"Coswig, Salzstraße","station_name_en":null,"city":"Dresden","country":"Germany","lines":["4"],"wikipedia":null,"merged_from":4,"merged_names":null,"is_terminus":false,"routes":[{"ref":"4","name":"Tram 4","route_color":"#92c255"}],"pass_count":1,"station_degree":2,"codes":null,"is_interchange":false,"station_role":"normal"},"geometry":{"type":"Point","coordinates":[13.57831735,51.136326350000004]},"__memberLines":{}},{"type":"Feature","properties":{"station_id":"n248641303","station_name":"Coswig, Auerstraße","station_name_local":"Coswig, Auerstraße","station_name_en":null,"city":"Dresden","country":"Germany","lines":["4"],"wikipedia":null,"merged_from":4,"merged_names":null,"is_terminus":false,"routes":[{"ref":"4","name":"Tram 4","route_color":"#92c255"}],"pass_count":1,"station_degree":2,"codes":null,"is_interchange":false,"station_role":"normal"},"geometry":{"type":"Point","coordinates":[13.574996200000001,51.140271375]},"__memberLines":{}},{"type":"Feature","properties":{"station_id":"n248643752","station_name":"Sörnewitzer Straße","station_name_local":"Sörnewitzer Straße","station_name_en":null,"city":"Dresden","country":"Germany","lines":["9","13"],"wikipedia":null,"merged_from":2,"merged_names":null,"is_terminus":false,"routes":[{"ref":"9","name":"Tram 9","route_color":"#c9061a"},{"ref":"13","name":"Tram 13","route_color":"#fdc300"}],"pass_count":2,"station_degree":2,"codes":null,"is_interchange":false,"station_role":"normal"},"geometry":{"type":"Point","coordinates":[13.6971712,51.07968285]},"__memberLines":{}},{"type":"Feature","properties":{"station_id":"n248643753","station_name":"Elbepark","station_name_local":"Elbepark","station_name_en":null,"city":"Dresden","country":"Germany","lines":["9","13"],"wikipedia":null,"merged_from":4,"merged_names":null,"is_terminus":false,"routes":[{"ref":"9","name":"Tram 9","route_color":"#c9061a"},{"ref":"13","name":"Tram 13","route_color":"#fdc300"}],"pass_count":2,"station_degree":2,"codes":null,"is_interchange":false,"station_role":"normal"},"geometry":{"type":"Point","coordinates":[13.695311725,51.081937125]},"__memberLines":{}},{"type":"Feature","properties":{"station_id":"n248643762","station_name":"Bürgerstraße","station_name_local":"Bürgerstraße","station_name_en":null,"city":"Dresden","country":"Germany","lines":["13"],"wikipedia":null,"merged_from":2,"merged_names":null,"is_terminus":false,"routes":[{"ref":"13","name":"Tram 13","route_color":"#fdc300"}],"pass_count":1,"station_degree":2,"codes":null,"is_interchange":false,"station_role":"normal"},"geometry":{"type":"Point","coordinates":[13.72570725,51.07689005]},"__memberLines":{}},{"type":"Feature","properties":{"station_id":"n249430084","station_name":"Cottaer Straße","station_name_local":"Cottaer Straße","station_name_en":null,"city":"Dresden","country":"Germany","lines":["2","6"],"wikipedia":null,"merged_from":2,"merged_names":null,"is_terminus":false,"routes":[{"ref":"2","name":"Tram 2","route_color":"#eb5b2d"},{"ref":"6","name":"Tram 6","route_color":"#ffdd00"}],"pass_count":2,"station_degree":3,"codes":null,"is_interchange":true,"station_role":"interchange"},"geometry":{"type":"Point","coordinates":[13.71330605,51.050489850000005]},"__memberLines":{}},{"type":"Feature","properties":{"station_id":"n249431104","station_name":"Gorbitz, Betriebshof","station_name_local":"Gorbitz, Betriebshof","station_name_en":null,"city":"Dresden","country":"Germany","lines":["2","7"],"wikipedia":null,"merged_from":4,"merged_names":null,"is_terminus":false,"routes":[{"ref":"2","name":"Tram 2","route_color":"#eb5b2d"},{"ref":"7","name":"Tram 7: Weixdorf <> Pennrich","route_color":"#9e0234"}],"pass_count":2,"station_degree":2,"codes":null,"is_interchange":true,"station_role":"interchange"},"geometry":{"type":"Point","coordinates":[13.6528398,51.046497525]},"__memberLines":{}},{"type":"Feature","properties":{"station_id":"n251313472","station_name":"Rankestraße","station_name_local":"Rankestraße","station_name_en":null,"city":"Dresden","country":"Germany","lines":["4"],"wikipedia":null,"merged_from":2,"merged_names":null,"is_terminus":false,"routes":[{"ref":"4","name":"Tram 4","route_color":"#92c255"}],"pass_count":1,"station_degree":2,"codes":null,"is_interchange":false,"station_role":"normal"},"geometry":{"type":"Point","coordinates":[13.7047216,51.0859924]},"__memberLines":{}},{"type":"Feature","properties":{"station_id":"n256130959","station_name":"Alttrachau","station_name_local":"Alttrachau","station_name_en":null,"city":"Dresden","country":"Germany","lines":["4"],"wikipedia":null,"merged_from":2,"merged_names":null,"is_terminus":false,"routes":[{"ref":"4","name":"Tram 4","route_color":"#92c255"}],"pass_count":1,"station_degree":2,"codes":null,"is_interchange":false,"station_role":"normal"},"geometry":{"type":"Point","coordinates":[13.70903535,51.08430135]},"__memberLines":{}},{"type":"Feature","properties":{"station_id":"n259968892","station_name":"Brunnenweg","station_name_local":"Brunnenweg","station_name_en":null,"city":"Dresden","country":"Germany","lines":["8"],"wikipedia":null,"merged_from":2,"merged_names":null,"is_terminus":false,"routes":[{"ref":"8","name":"Tram 8","route_color":"#229133"}],"pass_count":1,"station_degree":2,"codes":null,"is_interchange":false,"station_role":"normal"},"geometry":{"type":"Point","coordinates":[13.7459655,51.115619699999996]},"__memberLines":{}},{"type":"Feature","properties":{"station_id":"n259968894","station_name":"Heinrich-Tessenow-Weg","station_name_local":"Heinrich-Tessenow-Weg","station_name_en":null,"city":"Dresden","country":"Germany","lines":["8"],"wikipedia":null,"merged_from":4,"merged_names":null,"is_terminus":false,"routes":[{"ref":"8","name":"Tram 8","route_color":"#229133"}],"pass_count":1,"station_degree":2,"codes":null,"is_interchange":false,"station_role":"normal"},"geometry":{"type":"Point","coordinates":[13.7600494,51.1124265]},"__memberLines":{}},{"type":"Feature","properties":{"station_id":"n3786004353","station_name":"Am Hellerrand","station_name_local":"Am Hellerrand","station_name_en":null,"city":"Dresden","country":"Germany","lines":["8"],"wikipedia":null,"merged_from":4,"merged_names":null,"is_terminus":false,"routes":[{"ref":"8","name":"Tram 8","route_color":"#229133"}],"pass_count":1,"station_degree":2,"codes":null,"is_interchange":false,"station_role":"normal"},"geometry":{"type":"Point","coordinates":[13.763018725,51.110760150000004]},"__memberLines":{}},{"type":"Feature","properties":{"station_id":"n268018285","station_name":"Trattendorfer Straße","station_name_local":"Trattendorfer Straße","station_name_en":null,"city":"Dresden","country":"Germany","lines":["4","13"],"wikipedia":null,"merged_from":2,"merged_names":null,"is_terminus":false,"routes":[{"ref":"4","name":"Tram 4","route_color":"#92c255"},{"ref":"13","name":"Tram 13","route_color":"#fdc300"}],"pass_count":2,"station_degree":2,"codes":null,"is_interchange":false,"station_role":"normal"},"geometry":{"type":"Point","coordinates":[13.80067595,51.01012155]},"__memberLines":{}},{"type":"Feature","properties":{"station_id":"n1703242760","station_name":"Albertplatz (Erich-Kästner-Museum)","station_name_local":"Albertplatz (Erich-Kästner-Museum)","station_name_en":null,"city":"Dresden","country":"Germany","lines":["3","6","7","8","11"],"wikipedia":null,"merged_from":8,"merged_names":null,"is_terminus":false,"routes":[{"ref":"3","name":"Tram 3","route_color":"#e5005a"},{"ref":"6","name":"Tram 6","route_color":"#ffdd00"},{"ref":"7","name":"Tram 7: Weixdorf <> Pennrich","route_color":"#9e0234"},{"ref":"8","name":"Tram 8","route_color":"#229133"},{"ref":"11","name":"Tram 11","route_color":"#c2ddaf"}],"pass_count":5,"station_degree":4,"codes":null,"is_interchange":true,"station_role":"interchange"},"geometry":{"type":"Point","coordinates":[13.746148125,51.063704375]},"__memberLines":{}},{"type":"Feature","properties":{"station_id":"n283339711","station_name":"Bahnhof Mitte / Jahnstraße","station_name_local":"Bahnhof Mitte / Jahnstraße","station_name_en":null,"city":"Dresden","country":"Germany","lines":["1","2","6"],"wikipedia":null,"merged_from":2,"merged_names":null,"is_terminus":false,"routes":[{"ref":"1","name":"Tram 1","route_color":"#e4002c"},{"ref":"2","name":"Tram 2","route_color":"#eb5b2d"},{"ref":"6","name":"Tram 6","route_color":"#ffdd00"}],"pass_count":3,"station_degree":3,"codes":null,"is_interchange":true,"station_role":"interchange"},"geometry":{"type":"Point","coordinates":[13.7227703,51.055527600000005]},"__memberLines":{}},{"type":"Feature","properties":{"station_id":"n1483327274","station_name":"Jacob-Winter-Platz (Prohlis-Zentrum)","station_name_local":"Jacob-Winter-Platz (Prohlis-Zentrum)","station_name_en":null,"city":"Dresden","country":"Germany","lines":["1","4","13"],"wikipedia":null,"merged_from":2,"merged_names":null,"is_terminus":false,"routes":[{"ref":"1","name":"Tram 1","route_color":"#e4002c"},{"ref":"4","name":"Tram 4","route_color":"#92c255"},{"ref":"13","name":"Tram 13","route_color":"#fdc300"}],"pass_count":3,"station_degree":2,"codes":null,"is_interchange":false,"station_role":"normal"},"geometry":{"type":"Point","coordinates":[13.799336499999999,51.005399350000005]},"__memberLines":{}},{"type":"Feature","properties":{"station_id":"n302411628","station_name":"Straßburger Platz (Gläserne Manufaktur)","station_name_local":"Straßburger Platz (Gläserne Manufaktur)","station_name_en":null,"city":"Dresden","country":"Germany","lines":["1","2","8","9","10","12","13"],"wikipedia":null,"merged_from":6,"merged_names":null,"is_terminus":false,"codes":["7001","7002","7003","7005"],"routes":[{"ref":"1","name":"Tram 1","route_color":"#e4002c"},{"ref":"2","name":"Tram 2","route_color":"#eb5b2d"},{"ref":"8","name":"Tram 8","route_color":"#229133"},{"ref":"9","name":"Tram 9","route_color":"#c9061a"},{"ref":"10","name":"Tram 10: Messe Dresden <> Striesen","route_color":"#f9b000"},{"ref":"12","name":"Tram 12","route_color":"#006b42"},{"ref":"13","name":"Tram 13","route_color":"#fdc300"}],"pass_count":7,"station_degree":5,"is_interchange":true,"station_role":"interchange"},"geometry":{"type":"Point","coordinates":[13.755485066666665,51.04607611666666]},"__memberLines":{}},{"type":"Feature","properties":{"station_id":"n308149044","station_name":"Zschertnitz, Münzmeisterstraße","station_name_local":"Zschertnitz, Münzmeisterstraße","station_name_en":null,"city":"Dresden","country":"Germany","lines":["11"],"wikipedia":null,"merged_from":2,"merged_names":null,"is_terminus":true,"routes":[{"ref":"11","name":"Tram 11","route_color":"#c2ddaf"}],"pass_count":1,"station_degree":1,"codes":null,"is_interchange":false,"station_role":"terminus"},"geometry":{"type":"Point","coordinates":[13.7418323,51.0194336]},"__memberLines":{}},{"type":"Feature","properties":{"station_id":"n311494780","station_name":"Wernerstraße","station_name_local":"Wernerstraße","station_name_en":null,"city":"Dresden","country":"Germany","lines":["6"],"wikipedia":null,"merged_from":4,"merged_names":null,"is_terminus":false,"routes":[{"ref":"6","name":"Tram 6","route_color":"#ffdd00"}],"pass_count":1,"station_degree":2,"codes":null,"is_interchange":false,"station_role":"normal"},"geometry":{"type":"Point","coordinates":[13.707082875000001,51.045973775]},"__memberLines":{}},{"type":"Feature","properties":{"station_id":"n313015460","station_name":"Infineon Süd (Abzweig nach Hellerau)","station_name_local":"Infineon Süd (Abzweig nach Hellerau)","station_name_en":null,"city":"Dresden","country":"Germany","lines":["7","8"],"wikipedia":null,"merged_from":6,"merged_names":null,"is_terminus":false,"codes":["1","2","3","4","5","6"],"routes":[{"ref":"7","name":"Tram 7: Weixdorf <> Pennrich","route_color":"#9e0234"},{"ref":"8","name":"Tram 8","route_color":"#229133"}],"pass_count":2,"station_degree":3,"is_interchange":true,"station_role":"interchange"},"geometry":{"type":"Point","coordinates":[13.769742899999999,51.10318013333333]},"__memberLines":{}},{"type":"Feature","properties":{"station_id":"n315238529","station_name":"Altnossener Straße","station_name_local":"Altnossener Straße","station_name_en":null,"city":"Dresden","country":"Germany","lines":["7"],"wikipedia":null,"merged_from":2,"merged_names":null,"is_terminus":false,"routes":[{"ref":"7","name":"Tram 7: Weixdorf <> Pennrich","route_color":"#9e0234"}],"pass_count":1,"station_degree":2,"codes":null,"is_interchange":false,"station_role":"normal"},"geometry":{"type":"Point","coordinates":[13.64568115,51.0400339]},"__memberLines":{}},{"type":"Feature","properties":{"station_id":"n316713924","station_name":"Am Zwingerteich","station_name_local":"Am Zwingerteich","station_name_en":null,"city":"Dresden","country":"Germany","lines":["11","20"],"wikipedia":null,"merged_from":4,"merged_names":null,"is_terminus":false,"routes":[{"ref":"11","name":"Tram 11","route_color":"#c2ddaf"},{"ref":"20","name":"Tram 20: Messe Dresden Sonderlinie","route_color":"#f9b000"}],"pass_count":2,"station_degree":3,"codes":null,"is_interchange":true,"station_role":"interchange"},"geometry":{"type":"Point","coordinates":[13.7303163,51.054524]},"__memberLines":{}},{"type":"Feature","properties":{"station_id":"n317000141","station_name":"Stauffenbergallee (Militärhistorisches Museum)","station_name_local":"Stauffenbergallee (Militärhistorisches Museum)","station_name_en":null,"city":"Dresden","country":"Germany","lines":["7","8"],"wikipedia":null,"merged_from":2,"merged_names":null,"is_terminus":false,"routes":[{"ref":"7","name":"Tram 7: Weixdorf <> Pennrich","route_color":"#9e0234"},{"ref":"8","name":"Tram 8","route_color":"#229133"}],"pass_count":2,"station_degree":2,"codes":null,"is_interchange":false,"station_role":"normal"},"geometry":{"type":"Point","coordinates":[13.75597845,51.0770184]},"__memberLines":{}},{"type":"Feature","properties":{"station_id":"n333748474","station_name":"Krankenhaus Friedrichstadt (Sportpark Ostra)","station_name_local":"Krankenhaus Friedrichstadt (Sportpark Ostra)","station_name_en":null,"city":"Dresden","country":"Germany","lines":["10","20"],"wikipedia":null,"merged_from":2,"merged_names":null,"is_terminus":false,"routes":[{"ref":"10","name":"Tram 10: Messe Dresden <> Striesen","route_color":"#f9b000"},{"ref":"20","name":"Tram 20: Messe Dresden Sonderlinie","route_color":"#f9b000"}],"pass_count":3,"station_degree":2,"codes":null,"is_interchange":false,"station_role":"normal"},"geometry":{"type":"Point","coordinates":[13.717835000000001,51.06000805]},"__memberLines":{}},{"type":"Feature","properties":{"station_id":"n433059672","station_name":"Angelikastraße (Gedenkstätte Bautzner Straße)","station_name_local":"Angelikastraße (Gedenkstätte Bautzner Straße)","station_name_en":null,"city":"Dresden","country":"Germany","lines":["11"],"wikipedia":null,"merged_from":4,"merged_names":null,"is_terminus":false,"routes":[{"ref":"11","name":"Tram 11","route_color":"#c2ddaf"}],"pass_count":1,"station_degree":2,"codes":null,"is_interchange":false,"station_role":"normal"},"geometry":{"type":"Point","coordinates":[13.784062975000001,51.067012749999996]},"__memberLines":{}},{"type":"Feature","properties":{"station_id":"n438606702","station_name":"Bischofsweg","station_name_local":"Bischofsweg","station_name_en":null,"city":"Dresden","country":"Germany","lines":["7","8","13"],"wikipedia":null,"merged_from":8,"merged_names":null,"is_terminus":false,"codes":["2","3","4"],"routes":[{"ref":"7","name":"Tram 7: Weixdorf <> Pennrich","route_color":"#9e0234"},{"ref":"8","name":"Tram 8","route_color":"#229133"},{"ref":"13","name":"Tram 13","route_color":"#fdc300"}],"pass_count":3,"station_degree":4,"is_interchange":true,"station_role":"interchange"},"geometry":{"type":"Point","coordinates":[13.7507486,51.07137958749999]},"__memberLines":{}},{"type":"Feature","properties":{"station_id":"n443379404","station_name":"Weixdorf, Rathenaustraße","station_name_local":"Weixdorf, Rathenaustraße","station_name_en":null,"city":"Dresden","country":"Germany","lines":["7"],"wikipedia":null,"merged_from":3,"merged_names":null,"is_terminus":true,"routes":[{"ref":"7","name":"Tram 7: Weixdorf <> Pennrich","route_color":"#9e0234"}],"pass_count":1,"station_degree":1,"codes":null,"is_interchange":false,"station_role":"terminus"},"geometry":{"type":"Point","coordinates":[13.8040063,51.14431556666667]},"__memberLines":{}},{"type":"Feature","properties":{"station_id":"n598589132","station_name":"Zeithainer Straße","station_name_local":"Zeithainer Straße","station_name_en":null,"city":"Dresden","country":"Germany","lines":["3"],"wikipedia":null,"merged_from":4,"merged_names":null,"is_terminus":false,"routes":[{"ref":"3","name":"Tram 3","route_color":"#e5005a"}],"pass_count":1,"station_degree":2,"codes":null,"is_interchange":false,"station_role":"normal"},"geometry":{"type":"Point","coordinates":[13.730085475,51.0824353]},"__memberLines":{}},{"type":"Feature","properties":{"station_id":"n598589136","station_name":"Großenhainer Platz","station_name_local":"Großenhainer Platz","station_name_en":null,"city":"Dresden","country":"Germany","lines":["3"],"wikipedia":null,"merged_from":4,"merged_names":null,"is_terminus":false,"routes":[{"ref":"3","name":"Tram 3","route_color":"#e5005a"}],"pass_count":1,"station_degree":2,"codes":null,"is_interchange":false,"station_role":"normal"},"geometry":{"type":"Point","coordinates":[13.735213675,51.0733655]},"__memberLines":{}},{"type":"Feature","properties":{"station_id":"n598589141","station_name":"Liststraße","station_name_local":"Liststraße","station_name_en":null,"city":"Dresden","country":"Germany","lines":["3","13"],"wikipedia":null,"merged_from":6,"merged_names":null,"is_terminus":false,"routes":[{"ref":"3","name":"Tram 3","route_color":"#e5005a"},{"ref":"13","name":"Tram 13","route_color":"#fdc300"}],"pass_count":2,"station_degree":4,"codes":null,"is_interchange":true,"station_role":"interchange"},"geometry":{"type":"Point","coordinates":[13.731834283333335,51.076955733333335]},"__memberLines":{}},{"type":"Feature","properties":{"station_id":"n598589148","station_name":"Hubertusplatz","station_name_local":"Hubertusplatz","station_name_en":null,"city":"Dresden","country":"Germany","lines":["3"],"wikipedia":null,"merged_from":4,"merged_names":null,"is_terminus":false,"routes":[{"ref":"3","name":"Tram 3","route_color":"#e5005a"}],"pass_count":1,"station_degree":2,"codes":null,"is_interchange":false,"station_role":"normal"},"geometry":{"type":"Point","coordinates":[13.723435975,51.08953145]},"__memberLines":{}},{"type":"Feature","properties":{"station_id":"n598684789","station_name":"Lößnitzstraße","station_name_local":"Lößnitzstraße","station_name_en":null,"city":"Dresden","country":"Germany","lines":["3"],"wikipedia":null,"merged_from":2,"merged_names":null,"is_terminus":false,"routes":[{"ref":"3","name":"Tram 3","route_color":"#e5005a"}],"pass_count":1,"station_degree":2,"codes":null,"is_interchange":false,"station_role":"normal"},"geometry":{"type":"Point","coordinates":[13.737943949999998,51.06974115]},"__memberLines":{}},{"type":"Feature","properties":{"station_id":"n598687725","station_name":"Carolaplatz (Regierungsviertel)","station_name_local":"Carolaplatz (Regierungsviertel)","station_name_en":null,"city":"Dresden","country":"Germany","lines":["3","7"],"wikipedia":null,"merged_from":2,"merged_names":null,"is_terminus":false,"codes":["14003","14004"],"routes":[{"ref":"3","name":"Tram 3","route_color":"#e5005a"},{"ref":"7","name":"Tram 7: Weixdorf <> Pennrich","route_color":"#9e0234"}],"pass_count":2,"station_degree":2,"is_interchange":false,"station_role":"normal"},"geometry":{"type":"Point","coordinates":[13.7459411,51.0579551]},"__memberLines":{}},{"type":"Feature","properties":{"station_id":"n706566512","station_name":"Kotteweg","station_name_local":"Kotteweg","station_name_en":null,"city":"Dresden","country":"Germany","lines":["3"],"wikipedia":null,"merged_from":2,"merged_names":null,"is_terminus":false,"routes":[{"ref":"3","name":"Tram 3","route_color":"#e5005a"}],"pass_count":1,"station_degree":2,"codes":null,"is_interchange":false,"station_role":"normal"},"geometry":{"type":"Point","coordinates":[13.71041275,51.02166015]},"__memberLines":{}},{"type":"Feature","properties":{"station_id":"n708446868","station_name":"Zwinglistraße","station_name_local":"Zwinglistraße","station_name_en":null,"city":"Dresden","country":"Germany","lines":["1","2"],"wikipedia":null,"merged_from":2,"merged_names":null,"is_terminus":false,"routes":[{"ref":"1","name":"Tram 1","route_color":"#e4002c"},{"ref":"2","name":"Tram 2","route_color":"#eb5b2d"}],"pass_count":2,"station_degree":2,"codes":null,"is_interchange":false,"station_role":"normal"},"geometry":{"type":"Point","coordinates":[13.7832565,51.03397615]},"__memberLines":{}},{"type":"Feature","properties":{"station_id":"n712415502","station_name":"Prager Straße","station_name_local":"Prager Straße","station_name_en":null,"city":"Dresden","country":"Germany","lines":["3","4","7","11","12","20"],"wikipedia":null,"merged_from":4,"merged_names":null,"is_terminus":false,"codes":["3001","3002"],"routes":[{"ref":"3","name":"Tram 3","route_color":"#e5005a"},{"ref":"4","name":"Tram 4","route_color":"#92c255"},{"ref":"7","name":"Tram 7: Weixdorf <> Pennrich","route_color":"#9e0234"},{"ref":"11","name":"Tram 11","route_color":"#c2ddaf"},{"ref":"12","name":"Tram 12","route_color":"#006b42"},{"ref":"20","name":"Tram 20: Messe Dresden Sonderlinie","route_color":"#f9b000"}],"pass_count":6,"station_degree":3,"is_interchange":true,"station_role":"interchange"},"geometry":{"type":"Point","coordinates":[13.73768255,51.047129025000004]},"__memberLines":{}},{"type":"Feature","properties":{"station_id":"n924195564","station_name":"Friedensstraße","station_name_local":"Friedensstraße","station_name_en":null,"city":"Dresden","country":"Germany","lines":["13"],"wikipedia":null,"merged_from":4,"merged_names":null,"is_terminus":false,"routes":[{"ref":"13","name":"Tram 13","route_color":"#fdc300"}],"pass_count":1,"station_degree":2,"codes":null,"is_interchange":false,"station_role":"normal"},"geometry":{"type":"Point","coordinates":[13.740885375000001,51.0734639]},"__memberLines":{}},{"type":"Feature","properties":{"station_id":"n988900741","station_name":"Hauptbahnhof","station_name_local":"Hauptbahnhof","station_name_en":null,"city":"Dresden","country":"Germany","lines":["3","7","8","10","20"],"wikipedia":null,"merged_from":4,"merged_names":null,"is_terminus":false,"routes":[{"ref":"3","name":"Tram 3","route_color":"#e5005a"},{"ref":"7","name":"Tram 7: Weixdorf <> Pennrich","route_color":"#9e0234"},{"ref":"8","name":"Tram 8","route_color":"#229133"},{"ref":"10","name":"Tram 10: Messe Dresden <> Striesen","route_color":"#f9b000"},{"ref":"20","name":"Tram 20: Messe Dresden Sonderlinie","route_color":"#f9b000"}],"pass_count":5,"station_degree":4,"codes":null,"is_interchange":true,"station_role":"interchange"},"geometry":{"type":"Point","coordinates":[13.733109725,51.040272925]},"__memberLines":{}},{"type":"Feature","properties":{"station_id":"n988900797","station_name":"Hauptbahnhof Nord","station_name_local":"Hauptbahnhof Nord","station_name_en":null,"city":"Dresden","country":"Germany","lines":["3","4","7","11","20"],"wikipedia":null,"merged_from":2,"merged_names":null,"is_terminus":false,"routes":[{"ref":"3","name":"Tram 3","route_color":"#e5005a"},{"ref":"4","name":"Tram 4","route_color":"#92c255"},{"ref":"7","name":"Tram 7: Weixdorf <> Pennrich","route_color":"#9e0234"},{"ref":"11","name":"Tram 11","route_color":"#c2ddaf"},{"ref":"20","name":"Tram 20: Messe Dresden Sonderlinie","route_color":"#f9b000"}],"pass_count":5,"station_degree":3,"codes":null,"is_interchange":true,"station_role":"interchange"},"geometry":{"type":"Point","coordinates":[13.73507785,51.041419149999996]},"__memberLines":{}},{"type":"Feature","properties":{"station_id":"n2030526228","station_name":"Theaterplatz","station_name_local":"Theaterplatz","station_name_en":null,"city":"Dresden","country":"Germany","lines":["3","4","7","9"],"wikipedia":null,"merged_from":4,"merged_names":null,"is_terminus":false,"routes":[{"ref":"3","name":"Tram 3","route_color":"#e5005a"},{"ref":"4","name":"Tram 4","route_color":"#92c255"},{"ref":"7","name":"Tram 7: Weixdorf <> Pennrich","route_color":"#9e0234"},{"ref":"9","name":"Tram 9","route_color":"#c9061a"}],"pass_count":4,"station_degree":2,"codes":null,"is_interchange":false,"station_role":"normal"},"geometry":{"type":"Point","coordinates":[13.736550574999999,51.053401075]},"__memberLines":{}},{"type":"Feature","properties":{"station_id":"n997588698","station_name":"Walpurgisstraße","station_name_local":"Walpurgisstraße","station_name_en":null,"city":"Dresden","country":"Germany","lines":["3","4","7","11","20"],"wikipedia":null,"merged_from":2,"merged_names":null,"is_terminus":false,"routes":[{"ref":"3","name":"Tram 3","route_color":"#e5005a"},{"ref":"4","name":"Tram 4","route_color":"#92c255"},{"ref":"7","name":"Tram 7: Weixdorf <> Pennrich","route_color":"#9e0234"},{"ref":"11","name":"Tram 11","route_color":"#c2ddaf"},{"ref":"20","name":"Tram 20: Messe Dresden Sonderlinie","route_color":"#f9b000"}],"pass_count":5,"station_degree":2,"codes":null,"is_interchange":false,"station_role":"normal"},"geometry":{"type":"Point","coordinates":[13.73791185,51.0439404]},"__memberLines":{}},{"type":"Feature","properties":{"station_id":"n1054313336","station_name":"Wilder Mann","station_name_local":"Wilder Mann","station_name_en":null,"city":"Dresden","country":"Germany","lines":["3"],"wikipedia":null,"merged_from":2,"merged_names":null,"is_terminus":true,"routes":[{"ref":"3","name":"Tram 3","route_color":"#e5005a"}],"pass_count":1,"station_degree":1,"codes":null,"is_interchange":false,"station_role":"terminus"},"geometry":{"type":"Point","coordinates":[13.719437500000002,51.0958229]},"__memberLines":{}},{"type":"Feature","properties":{"station_id":"n1123405476","station_name":"Radebeul, Gradsteg","station_name_local":"Radebeul, Gradsteg","station_name_en":null,"city":"Dresden","country":"Germany","lines":["4"],"wikipedia":null,"merged_from":2,"merged_names":null,"is_terminus":false,"routes":[{"ref":"4","name":"Tram 4","route_color":"#92c255"}],"pass_count":1,"station_degree":2,"codes":null,"is_interchange":false,"station_role":"normal"},"geometry":{"type":"Point","coordinates":[13.63547745,51.10738795]},"__memberLines":{}},{"type":"Feature","properties":{"station_id":"n1150742531","station_name":"Maxstraße","station_name_local":"Maxstraße","station_name_en":null,"city":"Dresden","country":"Germany","lines":["20"],"wikipedia":null,"merged_from":3,"merged_names":null,"is_terminus":false,"routes":[{"ref":"20","name":"Tram 20: Messe Dresden Sonderlinie","route_color":"#f9b000"}],"pass_count":1,"station_degree":2,"codes":null,"is_interchange":false,"station_role":"normal"},"geometry":{"type":"Point","coordinates":[13.726747000000001,51.05689783333332]},"__memberLines":{}},{"type":"Feature","properties":{"station_id":"n1152939329","station_name":"Laibacher Straße","station_name_local":"Laibacher Straße","station_name_en":null,"city":"Dresden","country":"Germany","lines":["6"],"wikipedia":null,"merged_from":2,"merged_names":null,"is_terminus":false,"routes":[{"ref":"6","name":"Tram 6","route_color":"#ffdd00"}],"pass_count":1,"station_degree":2,"codes":null,"is_interchange":false,"station_role":"normal"},"geometry":{"type":"Point","coordinates":[13.83355205,51.021670549999996]},"__memberLines":{}},{"type":"Feature","properties":{"station_id":"n1152939366","station_name":"Johannisfriedhof","station_name_local":"Johannisfriedhof","station_name_en":null,"city":"Dresden","country":"Germany","lines":["6","9"],"wikipedia":null,"merged_from":4,"merged_names":null,"is_terminus":false,"routes":[{"ref":"6","name":"Tram 6","route_color":"#ffdd00"},{"ref":"9","name":"Tram 9","route_color":"#c9061a"}],"pass_count":2,"station_degree":2,"codes":null,"is_interchange":false,"station_role":"normal"},"geometry":{"type":"Point","coordinates":[13.8126152,51.036810625]},"__memberLines":{}},{"type":"Feature","properties":{"station_id":"n1152939368","station_name":"Elbschlösser","station_name_local":"Elbschlösser","station_name_en":null,"city":"Dresden","country":"Germany","lines":["11"],"wikipedia":null,"merged_from":4,"merged_names":null,"is_terminus":false,"routes":[{"ref":"11","name":"Tram 11","route_color":"#c2ddaf"}],"pass_count":1,"station_degree":2,"codes":null,"is_interchange":false,"station_role":"normal"},"geometry":{"type":"Point","coordinates":[13.7978053,51.065964975]},"__memberLines":{}},{"type":"Feature","properties":{"station_id":"n1157698262","station_name":"Cämmerswalder Straße","station_name_local":"Cämmerswalder Straße","station_name_en":null,"city":"Dresden","country":"Germany","lines":["3"],"wikipedia":null,"merged_from":2,"merged_names":null,"is_terminus":false,"routes":[{"ref":"3","name":"Tram 3","route_color":"#e5005a"}],"pass_count":1,"station_degree":2,"codes":null,"is_interchange":false,"station_role":"normal"},"geometry":{"type":"Point","coordinates":[13.71779505,51.02202575]},"__memberLines":{}},{"type":"Feature","properties":{"station_id":"n1157698264","station_name":"Plauen, Nöthnitzer Straße","station_name_local":"Plauen, Nöthnitzer Straße","station_name_en":null,"city":"Dresden","country":"Germany","lines":["3"],"wikipedia":null,"merged_from":3,"merged_names":null,"is_terminus":false,"codes":["135002","135003"],"routes":[{"ref":"3","name":"Tram 3","route_color":"#e5005a"}],"pass_count":1,"station_degree":2,"is_interchange":false,"station_role":"normal"},"geometry":{"type":"Point","coordinates":[13.716147733333335,51.02789826666666]},"__memberLines":{}},{"type":"Feature","properties":{"station_id":"n1193863206","station_name":"Wölfnitz","station_name_local":"Wölfnitz","station_name_en":null,"city":"Dresden","country":"Germany","lines":["6"],"wikipedia":null,"merged_from":4,"merged_names":null,"is_terminus":true,"routes":[{"ref":"6","name":"Tram 6","route_color":"#ffdd00"}],"pass_count":1,"station_degree":1,"codes":null,"is_interchange":false,"station_role":"terminus"},"geometry":{"type":"Point","coordinates":[13.682156299999999,51.043147274999995]},"__memberLines":{}},{"type":"Feature","properties":{"station_id":"n1278116783","station_name":"Messe, Gleisschleife","station_name_local":"Messe, Gleisschleife","station_name_en":null,"city":"Dresden","country":"Germany","lines":["10","20"],"wikipedia":null,"is_terminus":true,"codes":["523001"],"routes":[{"ref":"10","name":"Tram 10: Messe Dresden <> Striesen","route_color":"#f9b000"},{"ref":"20","name":"Tram 20: Messe Dresden Sonderlinie","route_color":"#f9b000"}],"pass_count":2,"station_degree":1,"merged_from":null,"merged_names":null,"is_interchange":false,"station_role":"terminus"},"geometry":{"type":"Point","coordinates":[13.7148741,51.0724362]},"__memberLines":{}},{"type":"Feature","properties":{"station_id":"n1299402673","station_name":"Striesen, Emanuel-Goldberg-Platz","station_name_local":"Striesen, Emanuel-Goldberg-Platz","station_name_en":null,"city":"Dresden","country":"Germany","lines":["9","10"],"wikipedia":null,"merged_from":3,"merged_names":null,"is_terminus":false,"routes":[{"ref":"9","name":"Tram 9","route_color":"#c9061a"},{"ref":"10","name":"Tram 10: Messe Dresden <> Striesen","route_color":"#f9b000"}],"pass_count":2,"station_degree":2,"codes":null,"is_interchange":false,"station_role":"normal"},"geometry":{"type":"Point","coordinates":[13.805412500000001,51.0395883]},"__memberLines":{}},{"type":"Feature","properties":{"station_id":"n1299402679","station_name":"Alberthafen","station_name_local":"Alberthafen","station_name_en":null,"city":"Dresden","country":"Germany","lines":["10","20"],"wikipedia":null,"merged_from":2,"merged_names":null,"is_terminus":false,"routes":[{"ref":"10","name":"Tram 10: Messe Dresden <> Striesen","route_color":"#f9b000"},{"ref":"20","name":"Tram 20: Messe Dresden Sonderlinie","route_color":"#f9b000"}],"pass_count":3,"station_degree":2,"codes":null,"is_interchange":false,"station_role":"normal"},"geometry":{"type":"Point","coordinates":[13.7156691,51.0633452]},"__memberLines":{}},{"type":"Feature","properties":{"station_id":"n1299402694","station_name":"Messering (Halle 1)","station_name_local":"Messering (Halle 1)","station_name_en":null,"city":"Dresden","country":"Germany","lines":["10","20"],"wikipedia":null,"merged_from":2,"merged_names":null,"is_terminus":false,"routes":[{"ref":"10","name":"Tram 10: Messe Dresden <> Striesen","route_color":"#f9b000"},{"ref":"20","name":"Tram 20: Messe Dresden Sonderlinie","route_color":"#f9b000"}],"pass_count":3,"station_degree":2,"codes":null,"is_interchange":false,"station_role":"normal"},"geometry":{"type":"Point","coordinates":[13.716431,51.0676917]},"__memberLines":{}},{"type":"Feature","properties":{"station_id":"n1299402744","station_name":"Vorwerkstraße","station_name_local":"Vorwerkstraße","station_name_en":null,"city":"Dresden","country":"Germany","lines":["10","20"],"wikipedia":null,"merged_from":2,"merged_names":null,"is_terminus":false,"routes":[{"ref":"10","name":"Tram 10: Messe Dresden <> Striesen","route_color":"#f9b000"},{"ref":"20","name":"Tram 20: Messe Dresden Sonderlinie","route_color":"#f9b000"}],"pass_count":3,"station_degree":2,"codes":null,"is_interchange":false,"station_role":"normal"},"geometry":{"type":"Point","coordinates":[13.7148661,51.0617066]},"__memberLines":{}},{"type":"Feature","properties":{"station_id":"n1459672328","station_name":"S-Bahnhof Niedersedlitz","station_name_local":"S-Bahnhof Niedersedlitz","station_name_en":null,"city":"Dresden","country":"Germany","lines":["6"],"wikipedia":null,"merged_from":2,"merged_names":null,"is_terminus":true,"routes":[{"ref":"6","name":"Tram 6","route_color":"#ffdd00"}],"pass_count":1,"station_degree":1,"codes":null,"is_interchange":false,"station_role":"terminus"},"geometry":{"type":"Point","coordinates":[13.82947695,50.9996669]},"__memberLines":{}},{"type":"Feature","properties":{"station_id":"n1481074059","station_name":"Abzweig nach Reick","station_name_local":"Abzweig nach Reick","station_name_en":null,"city":"Dresden","country":"Germany","lines":["1","2"],"wikipedia":null,"merged_from":3,"merged_names":null,"is_terminus":false,"routes":[{"ref":"1","name":"Tram 1","route_color":"#e4002c"},{"ref":"2","name":"Tram 2","route_color":"#eb5b2d"}],"pass_count":2,"station_degree":3,"codes":null,"is_interchange":true,"station_role":"interchange"},"geometry":{"type":"Point","coordinates":[13.815809833333333,51.01603096666667]},"__memberLines":{}},{"type":"Feature","properties":{"station_id":"n1481074061","station_name":"Albert-Wolf-Platz","station_name_local":"Albert-Wolf-Platz","station_name_en":null,"city":"Dresden","country":"Germany","lines":["1","4","13"],"wikipedia":null,"merged_from":3,"merged_names":null,"is_terminus":false,"routes":[{"ref":"1","name":"Tram 1","route_color":"#e4002c"},{"ref":"4","name":"Tram 4","route_color":"#92c255"},{"ref":"13","name":"Tram 13","route_color":"#fdc300"}],"pass_count":3,"station_degree":3,"codes":null,"is_interchange":true,"station_role":"interchange"},"geometry":{"type":"Point","coordinates":[13.803371833333335,51.00833273333333]},"__memberLines":{}},{"type":"Feature","properties":{"station_id":"n1481074063","station_name":"Altmarkt","station_name_local":"Altmarkt","station_name_en":null,"city":"Dresden","country":"Germany","lines":["1","2","9"],"wikipedia":null,"merged_from":2,"merged_names":null,"is_terminus":false,"routes":[{"ref":"1","name":"Tram 1","route_color":"#e4002c"},{"ref":"2","name":"Tram 2","route_color":"#eb5b2d"},{"ref":"9","name":"Tram 9","route_color":"#c9061a"}],"pass_count":3,"station_degree":2,"codes":null,"is_interchange":false,"station_role":"normal"},"geometry":{"type":"Point","coordinates":[13.73867675,51.05020105]},"__memberLines":{}},{"type":"Feature","properties":{"station_id":"n1481074065","station_name":"Bremer Straße","station_name_local":"Bremer Straße","station_name_en":null,"city":"Dresden","country":"Germany","lines":["1"],"wikipedia":null,"merged_from":2,"merged_names":null,"is_terminus":false,"routes":[{"ref":"1","name":"Tram 1","route_color":"#e4002c"}],"pass_count":1,"station_degree":2,"codes":null,"is_interchange":false,"station_role":"normal"},"geometry":{"type":"Point","coordinates":[13.695155750000001,51.06057745]},"__memberLines":{}},{"type":"Feature","properties":{"station_id":"n1481074067","station_name":"Comeniusplatz","station_name_local":"Comeniusplatz","station_name_en":null,"city":"Dresden","country":"Germany","lines":["1","2"],"wikipedia":null,"merged_from":3,"merged_names":null,"is_terminus":false,"codes":["81001","81002","81003"],"routes":[{"ref":"1","name":"Tram 1","route_color":"#e4002c"},{"ref":"2","name":"Tram 2","route_color":"#eb5b2d"}],"pass_count":2,"station_degree":2,"is_interchange":false,"station_role":"normal"},"geometry":{"type":"Point","coordinates":[13.7669791,51.042053933333335]},"__memberLines":{}},{"type":"Feature","properties":{"station_id":"n1481074070","station_name":"Deutsches Hygiene-Museum","station_name_local":"Deutsches Hygiene-Museum","station_name_en":null,"city":"Dresden","country":"Germany","lines":["1","2","9","12"],"wikipedia":null,"merged_from":2,"merged_names":null,"is_terminus":false,"codes":["6001","6002"],"routes":[{"ref":"1","name":"Tram 1","route_color":"#e4002c"},{"ref":"2","name":"Tram 2","route_color":"#eb5b2d"},{"ref":"9","name":"Tram 9","route_color":"#c9061a"},{"ref":"12","name":"Tram 12","route_color":"#006b42"}],"pass_count":4,"station_degree":2,"is_interchange":false,"station_role":"normal"},"geometry":{"type":"Point","coordinates":[13.7498993,51.047693100000004]},"__memberLines":{}},{"type":"Feature","properties":{"station_id":"n1481074071","station_name":"Flügelweg","station_name_local":"Flügelweg","station_name_en":null,"city":"Dresden","country":"Germany","lines":["1"],"wikipedia":null,"merged_from":2,"merged_names":null,"is_terminus":false,"routes":[{"ref":"1","name":"Tram 1","route_color":"#e4002c"}],"pass_count":1,"station_degree":2,"codes":null,"is_interchange":false,"station_role":"normal"},"geometry":{"type":"Point","coordinates":[13.69115265,51.061387249999996]},"__memberLines":{}},{"type":"Feature","properties":{"station_id":"n1481074073","station_name":"Georg-Palitzsch-Straße","station_name_local":"Georg-Palitzsch-Straße","station_name_en":null,"city":"Dresden","country":"Germany","lines":["1","4","13"],"wikipedia":null,"merged_from":2,"merged_names":null,"is_terminus":false,"routes":[{"ref":"1","name":"Tram 1","route_color":"#e4002c"},{"ref":"4","name":"Tram 4","route_color":"#92c255"},{"ref":"13","name":"Tram 13","route_color":"#fdc300"}],"pass_count":3,"station_degree":2,"codes":null,"is_interchange":false,"station_role":"normal"},"geometry":{"type":"Point","coordinates":[13.79791625,51.00210895]},"__memberLines":{}},{"type":"Feature","properties":{"station_id":"n1481074079","station_name":"S-Bahnhof Dobritz","station_name_local":"S-Bahnhof Dobritz","station_name_en":null,"city":"Dresden","country":"Germany","lines":["1"],"wikipedia":null,"merged_from":2,"merged_names":null,"is_terminus":false,"routes":[{"ref":"1","name":"Tram 1","route_color":"#e4002c"}],"pass_count":1,"station_degree":2,"codes":null,"is_interchange":false,"station_role":"normal"},"geometry":{"type":"Point","coordinates":[13.8085761,51.0116402]},"__memberLines":{}},{"type":"Feature","properties":{"station_id":"n1481074082","station_name":"Karcherallee","station_name_local":"Karcherallee","station_name_en":null,"city":"Dresden","country":"Germany","lines":["1","2"],"wikipedia":null,"merged_from":2,"merged_names":null,"is_terminus":false,"routes":[{"ref":"1","name":"Tram 1","route_color":"#e4002c"},{"ref":"2","name":"Tram 2","route_color":"#eb5b2d"}],"pass_count":2,"station_degree":2,"codes":null,"is_interchange":false,"station_role":"normal"},"geometry":{"type":"Point","coordinates":[13.777613200000001,51.03727395]},"__memberLines":{}},{"type":"Feature","properties":{"station_id":"n1481074083","station_name":"Lassallestraße","station_name_local":"Lassallestraße","station_name_en":null,"city":"Dresden","country":"Germany","lines":["1","2"],"wikipedia":null,"merged_from":2,"merged_names":null,"is_terminus":false,"routes":[{"ref":"1","name":"Tram 1","route_color":"#e4002c"},{"ref":"2","name":"Tram 2","route_color":"#eb5b2d"}],"pass_count":2,"station_degree":2,"codes":null,"is_interchange":false,"station_role":"normal"},"geometry":{"type":"Point","coordinates":[13.81170245,51.0206808]},"__memberLines":{}},{"type":"Feature","properties":{"station_id":"n1481074085","station_name":"Liebstädter Straße","station_name_local":"Liebstädter Straße","station_name_en":null,"city":"Dresden","country":"Germany","lines":["1","2"],"wikipedia":null,"merged_from":2,"merged_names":null,"is_terminus":false,"routes":[{"ref":"1","name":"Tram 1","route_color":"#e4002c"},{"ref":"2","name":"Tram 2","route_color":"#eb5b2d"}],"pass_count":2,"station_degree":2,"codes":null,"is_interchange":false,"station_role":"normal"},"geometry":{"type":"Point","coordinates":[13.78961485,51.03013005]},"__memberLines":{}},{"type":"Feature","properties":{"station_id":"n1481074087","station_name":"Lipsiusstraße","station_name_local":"Lipsiusstraße","station_name_en":null,"city":"Dresden","country":"Germany","lines":["1","2"],"wikipedia":null,"merged_from":2,"merged_names":null,"is_terminus":false,"routes":[{"ref":"1","name":"Tram 1","route_color":"#e4002c"},{"ref":"2","name":"Tram 2","route_color":"#eb5b2d"}],"pass_count":2,"station_degree":2,"codes":null,"is_interchange":false,"station_role":"normal"},"geometry":{"type":"Point","coordinates":[13.77155915,51.039656550000004]},"__memberLines":{}},{"type":"Feature","properties":{"station_id":"n1481074090","station_name":"Marienberger Straße","station_name_local":"Marienberger Straße","station_name_en":null,"city":"Dresden","country":"Germany","lines":["1","2"],"wikipedia":null,"merged_from":3,"merged_names":null,"is_terminus":false,"routes":[{"ref":"1","name":"Tram 1","route_color":"#e4002c"},{"ref":"2","name":"Tram 2","route_color":"#eb5b2d"}],"pass_count":2,"station_degree":2,"codes":null,"is_interchange":false,"station_role":"normal"},"geometry":{"type":"Point","coordinates":[13.805233166666667,51.0255651]},"__memberLines":{}},{"type":"Feature","properties":{"station_id":"n1531054674","station_name":"Pirnaischer Platz (Stadtmuseum)","station_name_local":"Pirnaischer Platz (Stadtmuseum)","station_name_en":null,"city":"Dresden","country":"Germany","lines":["1","2","9","12"],"wikipedia":null,"merged_from":4,"merged_names":null,"is_terminus":false,"codes":["5001","5002","5003","5004"],"routes":[{"ref":"1","name":"Tram 1","route_color":"#e4002c"},{"ref":"2","name":"Tram 2","route_color":"#eb5b2d"},{"ref":"9","name":"Tram 9","route_color":"#c9061a"},{"ref":"12","name":"Tram 12","route_color":"#006b42"}],"pass_count":4,"station_degree":3,"is_interchange":true,"station_role":"interchange"},"geometry":{"type":"Point","coordinates":[13.743235575,51.04915295]},"__memberLines":{}},{"type":"Feature","properties":{"station_id":"n2102006632","station_name":"Postplatz","station_name_local":"Postplatz","station_name_en":null,"city":"Dresden","country":"Germany","lines":["1","2","3","4","7","9","11","12","20"],"wikipedia":null,"merged_from":16,"merged_names":null,"is_terminus":false,"codes":["37001","37002","37003","37004","5","6","7"],"routes":[{"ref":"1","name":"Tram 1","route_color":"#e4002c"},{"ref":"2","name":"Tram 2","route_color":"#eb5b2d"},{"ref":"3","name":"Tram 3","route_color":"#e5005a"},{"ref":"4","name":"Tram 4","route_color":"#92c255"},{"ref":"7","name":"Tram 7: Weixdorf <> Pennrich","route_color":"#9e0234"},{"ref":"9","name":"Tram 9","route_color":"#c9061a"},{"ref":"11","name":"Tram 11","route_color":"#c2ddaf"},{"ref":"12","name":"Tram 12","route_color":"#006b42"},{"ref":"20","name":"Tram 20: Messe Dresden Sonderlinie","route_color":"#f9b000"}],"pass_count":9,"station_degree":6,"is_interchange":true,"station_role":"interchange"},"geometry":{"type":"Point","coordinates":[13.733756056249998,51.050101637500006]},"__memberLines":{}},{"type":"Feature","properties":{"station_id":"n1481074101","station_name":"Prof.-Ricker-Straße","station_name_local":"Prof.-Ricker-Straße","station_name_en":null,"city":"Dresden","country":"Germany","lines":["1","2"],"wikipedia":null,"merged_from":2,"merged_names":null,"is_terminus":false,"routes":[{"ref":"1","name":"Tram 1","route_color":"#e4002c"},{"ref":"2","name":"Tram 2","route_color":"#eb5b2d"}],"pass_count":2,"station_degree":2,"codes":null,"is_interchange":false,"station_role":"normal"},"geometry":{"type":"Point","coordinates":[13.8090099,51.023397599999996]},"__memberLines":{}},{"type":"Feature","properties":{"station_id":"n1481074380","station_name":"Rauensteinstraße","station_name_local":"Rauensteinstraße","station_name_en":null,"city":"Dresden","country":"Germany","lines":["1","2"],"wikipedia":null,"merged_from":2,"merged_names":null,"is_terminus":false,"routes":[{"ref":"1","name":"Tram 1","route_color":"#e4002c"},{"ref":"2","name":"Tram 2","route_color":"#eb5b2d"}],"pass_count":2,"station_degree":2,"codes":null,"is_interchange":false,"station_role":"normal"},"geometry":{"type":"Point","coordinates":[13.7950826,51.0283927]},"__memberLines":{}},{"type":"Feature","properties":{"station_id":"n1481074381","station_name":"Rennplatzstraße","station_name_local":"Rennplatzstraße","station_name_en":null,"city":"Dresden","country":"Germany","lines":["1","2"],"wikipedia":null,"merged_from":2,"merged_names":null,"is_terminus":false,"routes":[{"ref":"1","name":"Tram 1","route_color":"#e4002c"},{"ref":"2","name":"Tram 2","route_color":"#eb5b2d"}],"pass_count":2,"station_degree":2,"codes":null,"is_interchange":false,"station_role":"normal"},"geometry":{"type":"Point","coordinates":[13.8012448,51.02707065]},"__memberLines":{}},{"type":"Feature","properties":{"station_id":"n1481074382","station_name":"Schweriner Straße (Hochschule für Musik)","station_name_local":"Schweriner Straße (Hochschule für Musik)","station_name_en":null,"city":"Dresden","country":"Germany","lines":["1","2"],"wikipedia":null,"merged_from":2,"merged_names":null,"is_terminus":false,"routes":[{"ref":"1","name":"Tram 1","route_color":"#e4002c"},{"ref":"2","name":"Tram 2","route_color":"#eb5b2d"}],"pass_count":2,"station_degree":2,"codes":null,"is_interchange":false,"station_role":"normal"},"geometry":{"type":"Point","coordinates":[13.72672805,51.052724350000005]},"__memberLines":{}},{"type":"Feature","properties":{"station_id":"n1502155982","station_name":"Hebbelplatz","station_name_local":"Hebbelplatz","station_name_en":null,"city":"Dresden","country":"Germany","lines":["2"],"wikipedia":null,"merged_from":2,"merged_names":null,"is_terminus":false,"routes":[{"ref":"2","name":"Tram 2","route_color":"#eb5b2d"}],"pass_count":1,"station_degree":2,"codes":null,"is_interchange":false,"station_role":"normal"},"geometry":{"type":"Point","coordinates":[13.6827009,51.051191700000004]},"__memberLines":{}},{"type":"Feature","properties":{"station_id":"n1531054667","station_name":"Breitscheidstraße","station_name_local":"Breitscheidstraße","station_name_en":null,"city":"Dresden","country":"Germany","lines":["1"],"wikipedia":null,"merged_from":2,"merged_names":null,"is_terminus":false,"routes":[{"ref":"1","name":"Tram 1","route_color":"#e4002c"}],"pass_count":1,"station_degree":2,"codes":null,"is_interchange":false,"station_role":"normal"},"geometry":{"type":"Point","coordinates":[13.811678650000001,51.01387725]},"__memberLines":{}},{"type":"Feature","properties":{"station_id":"n1531265296","station_name":"Chamissostraße","station_name_local":"Chamissostraße","station_name_en":null,"city":"Dresden","country":"Germany","lines":["2"],"wikipedia":null,"merged_from":4,"merged_names":null,"is_terminus":false,"routes":[{"ref":"2","name":"Tram 2","route_color":"#eb5b2d"}],"pass_count":1,"station_degree":2,"codes":null,"is_interchange":false,"station_role":"normal"},"geometry":{"type":"Point","coordinates":[13.687989075,51.0492498]},"__memberLines":{}},{"type":"Feature","properties":{"station_id":"n1531265329","station_name":"Coventrystraße","station_name_local":"Coventrystraße","station_name_en":null,"city":"Dresden","country":"Germany","lines":["2"],"wikipedia":null,"merged_from":2,"merged_names":null,"is_terminus":false,"routes":[{"ref":"2","name":"Tram 2","route_color":"#eb5b2d"}],"pass_count":1,"station_degree":2,"codes":null,"is_interchange":false,"station_role":"normal"},"geometry":{"type":"Point","coordinates":[13.680629150000001,51.048124900000005]},"__memberLines":{}},{"type":"Feature","properties":{"station_id":"n1531265333","station_name":"Dahlienweg","station_name_local":"Dahlienweg","station_name_en":null,"city":"Dresden","country":"Germany","lines":["2"],"wikipedia":null,"merged_from":2,"merged_names":null,"is_terminus":false,"routes":[{"ref":"2","name":"Tram 2","route_color":"#eb5b2d"}],"pass_count":1,"station_degree":2,"codes":null,"is_interchange":false,"station_role":"normal"},"geometry":{"type":"Point","coordinates":[13.6798109,51.04630075]},"__memberLines":{}},{"type":"Feature","properties":{"station_id":"n1531265378","station_name":"Kleinzschachwitz, Freystraße","station_name_local":"Kleinzschachwitz, Freystraße","station_name_en":null,"city":"Dresden","country":"Germany","lines":["2"],"wikipedia":null,"merged_from":3,"merged_names":null,"is_terminus":true,"routes":[{"ref":"2","name":"Tram 2","route_color":"#eb5b2d"}],"pass_count":1,"station_degree":1,"codes":null,"is_interchange":false,"station_role":"terminus"},"geometry":{"type":"Point","coordinates":[13.854821733333333,51.00845353333333]},"__memberLines":{}},{"type":"Feature","properties":{"station_id":"n1531265511","station_name":"Rottwerndorfer Straße","station_name_local":"Rottwerndorfer Straße","station_name_en":null,"city":"Dresden","country":"Germany","lines":["2"],"wikipedia":null,"merged_from":2,"merged_names":null,"is_terminus":false,"routes":[{"ref":"2","name":"Tram 2","route_color":"#eb5b2d"}],"pass_count":1,"station_degree":2,"codes":null,"is_interchange":false,"station_role":"normal"},"geometry":{"type":"Point","coordinates":[13.82113335,51.0134932]},"__memberLines":{}},{"type":"Feature","properties":{"station_id":"n1531265525","station_name":"Semmelweisstraße","station_name_local":"Semmelweisstraße","station_name_en":null,"city":"Dresden","country":"Germany","lines":["2"],"wikipedia":null,"merged_from":2,"merged_names":null,"is_terminus":false,"routes":[{"ref":"2","name":"Tram 2","route_color":"#eb5b2d"}],"pass_count":1,"station_degree":2,"codes":null,"is_interchange":false,"station_role":"normal"},"geometry":{"type":"Point","coordinates":[13.70508095,51.051190950000006]},"__memberLines":{}},{"type":"Feature","properties":{"station_id":"n1534522247","station_name":"Haltepunkt Weixdorf Bad","station_name_local":"Haltepunkt Weixdorf Bad","station_name_en":null,"city":"Dresden","country":"Germany","lines":["7"],"wikipedia":null,"merged_from":4,"merged_names":null,"is_terminus":false,"routes":[{"ref":"7","name":"Tram 7: Weixdorf <> Pennrich","route_color":"#9e0234"}],"pass_count":1,"station_degree":2,"codes":null,"is_interchange":false,"station_role":"normal"},"geometry":{"type":"Point","coordinates":[13.80052605,51.14036095]},"__memberLines":{}},{"type":"Feature","properties":{"station_id":"n1534522265","station_name":"Heeresbäckerei (Stadtarchiv)","station_name_local":"Heeresbäckerei (Stadtarchiv)","station_name_en":null,"city":"Dresden","country":"Germany","lines":["7","8"],"wikipedia":null,"merged_from":2,"merged_names":null,"is_terminus":false,"routes":[{"ref":"7","name":"Tram 7: Weixdorf <> Pennrich","route_color":"#9e0234"},{"ref":"8","name":"Tram 8","route_color":"#229133"}],"pass_count":2,"station_degree":2,"codes":null,"is_interchange":false,"station_role":"normal"},"geometry":{"type":"Point","coordinates":[13.7599544,51.081646750000004]},"__memberLines":{}},{"type":"Feature","properties":{"station_id":"n1534522276","station_name":"Hellersiedlung","station_name_local":"Hellersiedlung","station_name_en":null,"city":"Dresden","country":"Germany","lines":["7","8"],"wikipedia":null,"merged_from":2,"merged_names":null,"is_terminus":false,"routes":[{"ref":"7","name":"Tram 7: Weixdorf <> Pennrich","route_color":"#9e0234"},{"ref":"8","name":"Tram 8","route_color":"#229133"}],"pass_count":2,"station_degree":2,"codes":null,"is_interchange":false,"station_role":"normal"},"geometry":{"type":"Point","coordinates":[13.7650059,51.091723900000005]},"__memberLines":{}},{"type":"Feature","properties":{"station_id":"n1534522454","station_name":"Pennrich, Gleisschleife","station_name_local":"Pennrich, Gleisschleife","station_name_en":null,"city":"Dresden","country":"Germany","lines":["7"],"wikipedia":null,"merged_from":2,"merged_names":null,"is_terminus":true,"routes":[{"ref":"7","name":"Tram 7: Weixdorf <> Pennrich","route_color":"#9e0234"}],"pass_count":1,"station_degree":1,"codes":null,"is_interchange":false,"station_role":"terminus"},"geometry":{"type":"Point","coordinates":[13.62601585,51.0406916]},"__memberLines":{}},{"type":"Feature","properties":{"station_id":"n1534522486","station_name":"Rudolf-Walther-Straße","station_name_local":"Rudolf-Walther-Straße","station_name_en":null,"city":"Dresden","country":"Germany","lines":["7"],"wikipedia":null,"merged_from":2,"merged_names":null,"is_terminus":false,"routes":[{"ref":"7","name":"Tram 7: Weixdorf <> Pennrich","route_color":"#9e0234"}],"pass_count":1,"station_degree":2,"codes":null,"is_interchange":false,"station_role":"normal"},"geometry":{"type":"Point","coordinates":[13.637663499999999,51.03881355]},"__memberLines":{}},{"type":"Feature","properties":{"station_id":"n1535249151","station_name":"Altpieschen","station_name_local":"Altpieschen","station_name_en":null,"city":"Dresden","country":"Germany","lines":["4","9","13"],"wikipedia":null,"merged_from":6,"merged_names":null,"is_terminus":false,"routes":[{"ref":"4","name":"Tram 4","route_color":"#92c255"},{"ref":"9","name":"Tram 9","route_color":"#c9061a"},{"ref":"13","name":"Tram 13","route_color":"#fdc300"}],"pass_count":3,"station_degree":3,"codes":null,"is_interchange":true,"station_role":"interchange"},"geometry":{"type":"Point","coordinates":[13.717607833333334,51.07740633333333]},"__memberLines":{}},{"type":"Feature","properties":{"station_id":"n1535249155","station_name":"Alttolkewitz","station_name_local":"Alttolkewitz","station_name_en":null,"city":"Dresden","country":"Germany","lines":["6","9"],"wikipedia":null,"merged_from":4,"merged_names":null,"is_terminus":false,"routes":[{"ref":"6","name":"Tram 6","route_color":"#ffdd00"},{"ref":"9","name":"Tram 9","route_color":"#c9061a"}],"pass_count":2,"station_degree":2,"codes":null,"is_interchange":false,"station_role":"normal"},"geometry":{"type":"Point","coordinates":[13.832057549999998,51.029975449999995]},"__memberLines":{}},{"type":"Feature","properties":{"station_id":"n1535249162","station_name":"Radebeul, Borstraße","station_name_local":"Radebeul, Borstraße","station_name_en":null,"city":"Dresden","country":"Germany","lines":["4"],"wikipedia":null,"merged_from":2,"merged_names":null,"is_terminus":false,"routes":[{"ref":"4","name":"Tram 4","route_color":"#92c255"}],"pass_count":1,"station_degree":2,"codes":null,"is_interchange":false,"station_role":"normal"},"geometry":{"type":"Point","coordinates":[13.64041005,51.1066625]},"__memberLines":{}},{"type":"Feature","properties":{"station_id":"n1535249166","station_name":"Radebeul, Dr.-Külz-Straße","station_name_local":"Radebeul, Dr.-Külz-Straße","station_name_en":null,"city":"Dresden","country":"Germany","lines":["4"],"wikipedia":null,"merged_from":4,"merged_names":null,"is_terminus":false,"routes":[{"ref":"4","name":"Tram 4","route_color":"#92c255"}],"pass_count":1,"station_degree":2,"codes":null,"is_interchange":false,"station_role":"normal"},"geometry":{"type":"Point","coordinates":[13.646656125,51.106226375]},"__memberLines":{}},{"type":"Feature","properties":{"station_id":"n1535249173","station_name":"Radebeul West, Flemmingstraße","station_name_local":"Radebeul West, Flemmingstraße","station_name_en":null,"city":"Dresden","country":"Germany","lines":["4"],"wikipedia":null,"merged_from":4,"merged_names":null,"is_terminus":false,"codes":["1","2"],"routes":[{"ref":"4","name":"Tram 4","route_color":"#92c255"}],"pass_count":1,"station_degree":2,"is_interchange":false,"station_role":"normal"},"geometry":{"type":"Point","coordinates":[13.624998375,51.11023765]},"__memberLines":{}},{"type":"Feature","properties":{"station_id":"n1535249175","station_name":"Radebeul, Forststraße","station_name_local":"Radebeul, Forststraße","station_name_en":null,"city":"Dresden","country":"Germany","lines":["4"],"wikipedia":null,"merged_from":4,"merged_names":null,"is_terminus":false,"routes":[{"ref":"4","name":"Tram 4","route_color":"#92c255"}],"pass_count":1,"station_degree":2,"codes":null,"is_interchange":false,"station_role":"normal"},"geometry":{"type":"Point","coordinates":[13.694548575,51.096100275000005]},"__memberLines":{}},{"type":"Feature","properties":{"station_id":"n1535249178","station_name":"S-Bahnhof Trachau West","station_name_local":"S-Bahnhof Trachau West","station_name_en":null,"city":"Dresden","country":"Germany","lines":["4"],"wikipedia":null,"merged_from":2,"merged_names":null,"is_terminus":false,"routes":[{"ref":"4","name":"Tram 4","route_color":"#92c255"}],"pass_count":1,"station_degree":2,"codes":null,"is_interchange":false,"station_role":"normal"},"geometry":{"type":"Point","coordinates":[13.7025136,51.09028445]},"__memberLines":{}},{"type":"Feature","properties":{"station_id":"n1535249193","station_name":"Radebeul, Hauptstraße","station_name_local":"Radebeul, Hauptstraße","station_name_en":null,"city":"Dresden","country":"Germany","lines":["4"],"wikipedia":null,"merged_from":4,"merged_names":null,"is_terminus":false,"routes":[{"ref":"4","name":"Tram 4","route_color":"#92c255"}],"pass_count":1,"station_degree":2,"codes":null,"is_interchange":false,"station_role":"normal"},"geometry":{"type":"Point","coordinates":[13.681266175000001,51.102237775000006]},"__memberLines":{}},{"type":"Feature","properties":{"station_id":"n1535249257","station_name":"Radebeul, Moritzburger Straße","station_name_local":"Radebeul, Moritzburger Straße","station_name_en":null,"city":"Dresden","country":"Germany","lines":["4"],"wikipedia":null,"merged_from":4,"merged_names":null,"is_terminus":false,"routes":[{"ref":"4","name":"Tram 4","route_color":"#92c255"}],"pass_count":1,"station_degree":2,"codes":null,"is_interchange":false,"station_role":"normal"},"geometry":{"type":"Point","coordinates":[13.630217525,51.108210225]},"__memberLines":{}},{"type":"Feature","properties":{"station_id":"n1535249290","station_name":"Palaisplatz (Japanisches Palais)","station_name_local":"Palaisplatz (Japanisches Palais)","station_name_en":null,"city":"Dresden","country":"Germany","lines":["4","9"],"wikipedia":null,"merged_from":2,"merged_names":null,"is_terminus":false,"codes":["18001","18002"],"routes":[{"ref":"4","name":"Tram 4","route_color":"#92c255"},{"ref":"9","name":"Tram 9","route_color":"#c9061a"}],"pass_count":2,"station_degree":2,"is_interchange":false,"station_role":"normal"},"geometry":{"type":"Point","coordinates":[13.738334900000002,51.0603162]},"__memberLines":{}},{"type":"Feature","properties":{"station_id":"n1535249293","station_name":"Pohlandplatz (Technische Sammlungen)","station_name_local":"Pohlandplatz (Technische Sammlungen)","station_name_en":null,"city":"Dresden","country":"Germany","lines":["9","10"],"wikipedia":null,"merged_from":4,"merged_names":null,"is_terminus":false,"routes":[{"ref":"9","name":"Tram 9","route_color":"#c9061a"},{"ref":"10","name":"Tram 10: Messe Dresden <> Striesen","route_color":"#f9b000"}],"pass_count":2,"station_degree":2,"codes":null,"is_interchange":false,"station_role":"normal"},"geometry":{"type":"Point","coordinates":[13.79448515,51.0429441]},"__memberLines":{}},{"type":"Feature","properties":{"station_id":"n1535249304","station_name":"Laubegast, Kronstädter Platz","station_name_local":"Laubegast, Kronstädter Platz","station_name_en":null,"city":"Dresden","country":"Germany","lines":["9"],"wikipedia":null,"is_terminus":true,"routes":[{"ref":"9","name":"Tram 9","route_color":"#c9061a"}],"pass_count":1,"station_degree":1,"codes":null,"merged_from":null,"merged_names":null,"is_interchange":false,"station_role":"terminus"},"geometry":{"type":"Point","coordinates":[13.8376238,51.0230179]},"__memberLines":{}},{"type":"Feature","properties":{"station_id":"n1535249432","station_name":"Radebeul, Schildenstraße","station_name_local":"Radebeul, Schildenstraße","station_name_en":null,"city":"Dresden","country":"Germany","lines":["4"],"wikipedia":null,"merged_from":4,"merged_names":null,"is_terminus":false,"routes":[{"ref":"4","name":"Tram 4","route_color":"#92c255"}],"pass_count":1,"station_degree":2,"codes":null,"is_interchange":false,"station_role":"normal"},"geometry":{"type":"Point","coordinates":[13.6738115,51.10374815]},"__memberLines":{}},{"type":"Feature","properties":{"station_id":"n1535249436","station_name":"Radebeul, Wasastraße","station_name_local":"Radebeul, Wasastraße","station_name_en":null,"city":"Dresden","country":"Germany","lines":["4"],"wikipedia":null,"merged_from":4,"merged_names":null,"is_terminus":false,"routes":[{"ref":"4","name":"Tram 4","route_color":"#92c255"}],"pass_count":1,"station_degree":2,"codes":null,"is_interchange":false,"station_role":"normal"},"geometry":{"type":"Point","coordinates":[13.668624225,51.104075225]},"__memberLines":{}},{"type":"Feature","properties":{"station_id":"n1535249441","station_name":"Radebeul, Zillerstraße (Elblandklinikum)","station_name_local":"Radebeul, Zillerstraße (Elblandklinikum)","station_name_en":null,"city":"Dresden","country":"Germany","lines":["4"],"wikipedia":null,"merged_from":4,"merged_names":null,"is_terminus":false,"routes":[{"ref":"4","name":"Tram 4","route_color":"#92c255"}],"pass_count":1,"station_degree":2,"codes":null,"is_interchange":false,"station_role":"normal"},"geometry":{"type":"Point","coordinates":[13.6539666,51.10548015]},"__memberLines":{}},{"type":"Feature","properties":{"station_id":"n1535249442","station_name":"Radebeul, Zinzendorfstraße","station_name_local":"Radebeul, Zinzendorfstraße","station_name_en":null,"city":"Dresden","country":"Germany","lines":["4"],"wikipedia":null,"merged_from":4,"merged_names":null,"is_terminus":false,"routes":[{"ref":"4","name":"Tram 4","route_color":"#92c255"}],"pass_count":1,"station_degree":2,"codes":null,"is_interchange":false,"station_role":"normal"},"geometry":{"type":"Point","coordinates":[13.68511775,51.10090627500001]},"__memberLines":{}},{"type":"Feature","properties":{"station_id":"n1547113330","station_name":"Schwimmhalle Freiberger Platz","station_name_local":"Schwimmhalle Freiberger Platz","station_name_en":null,"city":"Dresden","country":"Germany","lines":["12"],"wikipedia":null,"merged_from":2,"merged_names":null,"is_terminus":false,"codes":["26001","26002"],"routes":[{"ref":"12","name":"Tram 12","route_color":"#006b42"}],"pass_count":1,"station_degree":2,"is_interchange":false,"station_role":"normal"},"geometry":{"type":"Point","coordinates":[13.72578105,51.050433299999995]},"__memberLines":{}},{"type":"Feature","properties":{"station_id":"n1547113385","station_name":"Ockerwitzer Straße","station_name_local":"Ockerwitzer Straße","station_name_en":null,"city":"Dresden","country":"Germany","lines":["12"],"wikipedia":null,"merged_from":2,"merged_names":null,"is_terminus":false,"routes":[{"ref":"12","name":"Tram 12","route_color":"#006b42"}],"pass_count":1,"station_degree":2,"codes":null,"is_interchange":false,"station_role":"normal"},"geometry":{"type":"Point","coordinates":[13.6836325,51.05929785]},"__memberLines":{}},{"type":"Feature","properties":{"station_id":"n1687832554","station_name":"Festspielhaus Hellerau","station_name_local":"Festspielhaus Hellerau","station_name_en":null,"city":"Dresden","country":"Germany","lines":["8"],"wikipedia":null,"merged_from":2,"merged_names":null,"is_terminus":false,"routes":[{"ref":"8","name":"Tram 8","route_color":"#229133"}],"pass_count":1,"station_degree":2,"codes":null,"is_interchange":false,"station_role":"normal"},"geometry":{"type":"Point","coordinates":[13.75160035,51.11249205]},"__memberLines":{}},{"type":"Feature","properties":{"station_id":"n1699517119","station_name":"Messe Dresden","station_name_local":"Messe Dresden","station_name_en":null,"city":"Dresden","country":"Germany","lines":["10","20"],"wikipedia":null,"merged_from":2,"merged_names":null,"is_terminus":false,"routes":[{"ref":"10","name":"Tram 10: Messe Dresden <> Striesen","route_color":"#f9b000"},{"ref":"20","name":"Tram 20: Messe Dresden Sonderlinie","route_color":"#f9b000"}],"pass_count":3,"station_degree":2,"codes":null,"is_interchange":false,"station_role":"normal"},"geometry":{"type":"Point","coordinates":[13.714392100000001,51.070133299999995]},"__memberLines":{}},{"type":"Feature","properties":{"station_id":"n2092458040","station_name":"Bünaustraße","station_name_local":"Bünaustraße","station_name_en":null,"city":"Dresden","country":"Germany","lines":["6","7","12"],"wikipedia":null,"merged_from":4,"merged_names":null,"is_terminus":false,"routes":[{"ref":"6","name":"Tram 6","route_color":"#ffdd00"},{"ref":"7","name":"Tram 7: Weixdorf <> Pennrich","route_color":"#9e0234"},{"ref":"12","name":"Tram 12","route_color":"#006b42"}],"pass_count":3,"station_degree":3,"codes":null,"is_interchange":true,"station_role":"interchange"},"geometry":{"type":"Point","coordinates":[13.697786675,51.0434722]},"__memberLines":{}},{"type":"Feature","properties":{"station_id":"n2197973362","station_name":"Oschatzer Straße","station_name_local":"Oschatzer Straße","station_name_en":null,"city":"Dresden","country":"Germany","lines":["4","9"],"wikipedia":null,"merged_from":2,"merged_names":null,"is_terminus":false,"routes":[{"ref":"4","name":"Tram 4","route_color":"#92c255"},{"ref":"9","name":"Tram 9","route_color":"#c9061a"}],"pass_count":2,"station_degree":2,"codes":null,"is_interchange":false,"station_role":"normal"},"geometry":{"type":"Point","coordinates":[13.7232946,51.074327800000006]},"__memberLines":{}},{"type":"Feature","properties":{"station_id":"n2198004340","station_name":"Alexander-Puschkin-Platz","station_name_local":"Alexander-Puschkin-Platz","station_name_en":null,"city":"Dresden","country":"Germany","lines":["4","9"],"wikipedia":null,"merged_from":4,"merged_names":null,"is_terminus":false,"routes":[{"ref":"4","name":"Tram 4","route_color":"#92c255"},{"ref":"9","name":"Tram 9","route_color":"#c9061a"}],"pass_count":2,"station_degree":2,"codes":null,"is_interchange":false,"station_role":"normal"},"geometry":{"type":"Point","coordinates":[13.728118925,51.0711028]},"__memberLines":{}},{"type":"Feature","properties":{"station_id":"n2204145206","station_name":"Striesen, Ludwig-Hartmann-Straße","station_name_local":"Striesen, Ludwig-Hartmann-Straße","station_name_en":null,"city":"Dresden","country":"Germany","lines":["6","9","10","12"],"wikipedia":null,"merged_from":6,"merged_names":null,"is_terminus":false,"routes":[{"ref":"6","name":"Tram 6","route_color":"#ffdd00"},{"ref":"9","name":"Tram 9","route_color":"#c9061a"},{"ref":"10","name":"Tram 10: Messe Dresden <> Striesen","route_color":"#f9b000"},{"ref":"12","name":"Tram 12","route_color":"#006b42"}],"pass_count":4,"station_degree":3,"codes":null,"is_interchange":true,"station_role":"interchange"},"geometry":{"type":"Point","coordinates":[13.808762866666667,51.03821678333333]},"__memberLines":{}},{"type":"Feature","properties":{"station_id":"n2217158593","station_name":"Peschelstraße","station_name_local":"Peschelstraße","station_name_en":null,"city":"Dresden","country":"Germany","lines":["4"],"wikipedia":null,"merged_from":2,"merged_names":null,"is_terminus":false,"routes":[{"ref":"4","name":"Tram 4","route_color":"#92c255"}],"pass_count":1,"station_degree":2,"codes":null,"is_interchange":false,"station_role":"normal"},"geometry":{"type":"Point","coordinates":[13.7035484,51.0881959]},"__memberLines":{}},{"type":"Feature","properties":{"station_id":"n2217680818","station_name":"Kleestraße","station_name_local":"Kleestraße","station_name_en":null,"city":"Dresden","country":"Germany","lines":["4"],"wikipedia":null,"merged_from":4,"merged_names":null,"is_terminus":false,"routes":[{"ref":"4","name":"Tram 4","route_color":"#92c255"}],"pass_count":1,"station_degree":2,"codes":null,"is_interchange":false,"station_role":"normal"},"geometry":{"type":"Point","coordinates":[13.69977335,51.0923712]},"__memberLines":{}},{"type":"Feature","properties":{"station_id":"n2234280244","station_name":"Sankt-Benno-Gymnasium","station_name_local":"Sankt-Benno-Gymnasium","station_name_en":null,"city":"Dresden","country":"Germany","lines":["8","13"],"wikipedia":null,"merged_from":4,"merged_names":null,"is_terminus":false,"codes":["3","4"],"routes":[{"ref":"8","name":"Tram 8","route_color":"#229133"},{"ref":"13","name":"Tram 13","route_color":"#fdc300"}],"pass_count":2,"station_degree":2,"is_interchange":false,"station_role":"normal"},"geometry":{"type":"Point","coordinates":[13.75730615,51.050126524999996]},"__memberLines":{}},{"type":"Feature","properties":{"station_id":"n2242733186","station_name":"Wasaplatz","station_name_local":"Wasaplatz","station_name_en":null,"city":"Dresden","country":"Germany","lines":["4","13"],"wikipedia":null,"merged_from":4,"merged_names":null,"is_terminus":false,"routes":[{"ref":"4","name":"Tram 4","route_color":"#92c255"},{"ref":"13","name":"Tram 13","route_color":"#fdc300"}],"pass_count":2,"station_degree":2,"codes":null,"is_interchange":false,"station_role":"normal"},"geometry":{"type":"Point","coordinates":[13.759814675,51.0274588]},"__memberLines":{}},{"type":"Feature","properties":{"station_id":"n2243029501","station_name":"Cäcilienstraße","station_name_local":"Cäcilienstraße","station_name_en":null,"city":"Dresden","country":"Germany","lines":["4","13"],"wikipedia":null,"merged_from":4,"merged_names":null,"is_terminus":false,"routes":[{"ref":"4","name":"Tram 4","route_color":"#92c255"},{"ref":"13","name":"Tram 13","route_color":"#fdc300"}],"pass_count":2,"station_degree":2,"codes":null,"is_interchange":false,"station_role":"normal"},"geometry":{"type":"Point","coordinates":[13.769945625,51.024628725]},"__memberLines":{}},{"type":"Feature","properties":{"station_id":"n2243373035","station_name":"Altreick","station_name_local":"Altreick","station_name_en":null,"city":"Dresden","country":"Germany","lines":["4","13"],"wikipedia":null,"merged_from":4,"merged_names":null,"is_terminus":false,"routes":[{"ref":"4","name":"Tram 4","route_color":"#92c255"},{"ref":"13","name":"Tram 13","route_color":"#fdc300"}],"pass_count":2,"station_degree":2,"codes":null,"is_interchange":false,"station_role":"normal"},"geometry":{"type":"Point","coordinates":[13.795495525,51.012963975]},"__memberLines":{}},{"type":"Feature","properties":{"station_id":"n2247382715","station_name":"Berthold-Haupt-Straße","station_name_local":"Berthold-Haupt-Straße","station_name_en":null,"city":"Dresden","country":"Germany","lines":["2","6"],"wikipedia":null,"merged_from":4,"merged_names":null,"is_terminus":false,"routes":[{"ref":"2","name":"Tram 2","route_color":"#eb5b2d"},{"ref":"6","name":"Tram 6","route_color":"#ffdd00"}],"pass_count":2,"station_degree":3,"codes":null,"is_interchange":true,"station_role":"interchange"},"geometry":{"type":"Point","coordinates":[13.830766549999998,51.0097971]},"__memberLines":{}},{"type":"Feature","properties":{"station_id":"n2247397580","station_name":"Heckenweg","station_name_local":"Heckenweg","station_name_en":null,"city":"Dresden","country":"Germany","lines":["2"],"wikipedia":null,"merged_from":4,"merged_names":null,"is_terminus":false,"routes":[{"ref":"2","name":"Tram 2","route_color":"#eb5b2d"}],"pass_count":1,"station_degree":2,"codes":null,"is_interchange":false,"station_role":"normal"},"geometry":{"type":"Point","coordinates":[13.8399968,51.00872735]},"__memberLines":{}},{"type":"Feature","properties":{"station_id":"n2247431028","station_name":"Meußlitzer Straße","station_name_local":"Meußlitzer Straße","station_name_en":null,"city":"Dresden","country":"Germany","lines":["2"],"wikipedia":null,"merged_from":4,"merged_names":null,"is_terminus":false,"routes":[{"ref":"2","name":"Tram 2","route_color":"#eb5b2d"}],"pass_count":1,"station_degree":2,"codes":null,"is_interchange":false,"station_role":"normal"},"geometry":{"type":"Point","coordinates":[13.848915300000002,51.007978775]},"__memberLines":{}},{"type":"Feature","properties":{"station_id":"n2249171738","station_name":"Försterlingstraße","station_name_local":"Försterlingstraße","station_name_en":null,"city":"Dresden","country":"Germany","lines":["6"],"wikipedia":null,"merged_from":5,"merged_names":null,"is_terminus":false,"routes":[{"ref":"6","name":"Tram 6","route_color":"#ffdd00"}],"pass_count":1,"station_degree":2,"codes":null,"is_interchange":false,"station_role":"normal"},"geometry":{"type":"Point","coordinates":[13.829642279999998,51.00035666]},"__memberLines":{}},{"type":"Feature","properties":{"station_id":"n2249279225","station_name":"Straße des 17. Juni","station_name_local":"Straße des 17. Juni","station_name_en":null,"city":"Dresden","country":"Germany","lines":["6"],"wikipedia":null,"merged_from":4,"merged_names":null,"is_terminus":false,"routes":[{"ref":"6","name":"Tram 6","route_color":"#ffdd00"}],"pass_count":1,"station_degree":2,"codes":null,"is_interchange":false,"station_role":"normal"},"geometry":{"type":"Point","coordinates":[13.826944625000001,51.002333325]},"__memberLines":{}},{"type":"Feature","properties":{"station_id":"n2249290203","station_name":"Guerickestraße","station_name_local":"Guerickestraße","station_name_en":null,"city":"Dresden","country":"Germany","lines":["6"],"wikipedia":null,"merged_from":4,"merged_names":null,"is_terminus":false,"routes":[{"ref":"6","name":"Tram 6","route_color":"#ffdd00"}],"pass_count":1,"station_degree":2,"codes":null,"is_interchange":false,"station_role":"normal"},"geometry":{"type":"Point","coordinates":[13.826928225,51.005271275]},"__memberLines":{}},{"type":"Feature","properties":{"station_id":"n2249378490","station_name":"Gustav-Freytag-Straße","station_name_local":"Gustav-Freytag-Straße","station_name_en":null,"city":"Dresden","country":"Germany","lines":["6","12"],"wikipedia":null,"merged_from":4,"merged_names":null,"is_terminus":false,"routes":[{"ref":"6","name":"Tram 6","route_color":"#ffdd00"},{"ref":"12","name":"Tram 12","route_color":"#006b42"}],"pass_count":2,"station_degree":2,"codes":null,"is_interchange":false,"station_role":"normal"},"geometry":{"type":"Point","coordinates":[13.81300285,51.0418499]},"__memberLines":{}},{"type":"Feature","properties":{"station_id":"n2249391575","station_name":"Heinrich-Schütz-Straße","station_name_local":"Heinrich-Schütz-Straße","station_name_en":null,"city":"Dresden","country":"Germany","lines":["6","12"],"wikipedia":null,"merged_from":4,"merged_names":null,"is_terminus":false,"routes":[{"ref":"6","name":"Tram 6","route_color":"#ffdd00"},{"ref":"12","name":"Tram 12","route_color":"#006b42"}],"pass_count":2,"station_degree":2,"codes":null,"is_interchange":false,"station_role":"normal"},"geometry":{"type":"Point","coordinates":[13.812930725,51.045954725]},"__memberLines":{}},{"type":"Feature","properties":{"station_id":"n2249679758","station_name":"Lene-Glatzer-Straße","station_name_local":"Lene-Glatzer-Straße","station_name_en":null,"city":"Dresden","country":"Germany","lines":["6","12"],"wikipedia":null,"merged_from":4,"merged_names":null,"is_terminus":false,"routes":[{"ref":"6","name":"Tram 6","route_color":"#ffdd00"},{"ref":"12","name":"Tram 12","route_color":"#006b42"}],"pass_count":2,"station_degree":2,"codes":null,"is_interchange":false,"station_role":"normal"},"geometry":{"type":"Point","coordinates":[13.792679099999999,51.0537183]},"__memberLines":{}},{"type":"Feature","properties":{"station_id":"n2250469190","station_name":"Königsheimplatz","station_name_local":"Königsheimplatz","station_name_en":null,"city":"Dresden","country":"Germany","lines":["6","12"],"wikipedia":null,"merged_from":4,"merged_names":null,"is_terminus":false,"routes":[{"ref":"6","name":"Tram 6","route_color":"#ffdd00"},{"ref":"12","name":"Tram 12","route_color":"#006b42"}],"pass_count":2,"station_degree":2,"codes":null,"is_interchange":false,"station_role":"normal"},"geometry":{"type":"Point","coordinates":[13.786338099999998,51.05376402500001]},"__memberLines":{}},{"type":"Feature","properties":{"station_id":"n2250518300","station_name":"Augsburger Straße (Universitätsklinikum)","station_name_local":"Augsburger Straße (Universitätsklinikum)","station_name_en":null,"city":"Dresden","country":"Germany","lines":["6","12"],"wikipedia":null,"merged_from":4,"merged_names":null,"is_terminus":false,"routes":[{"ref":"6","name":"Tram 6","route_color":"#ffdd00"},{"ref":"12","name":"Tram 12","route_color":"#006b42"}],"pass_count":2,"station_degree":2,"codes":null,"is_interchange":false,"station_role":"normal"},"geometry":{"type":"Point","coordinates":[13.782018349999998,51.053323125]},"__memberLines":{}},{"type":"Feature","properties":{"station_id":"n2251164068","station_name":"Blasewitzer Straße / Fetscherstraße","station_name_local":"Blasewitzer Straße / Fetscherstraße","station_name_en":null,"city":"Dresden","country":"Germany","lines":["6","12"],"wikipedia":null,"merged_from":6,"merged_names":null,"is_terminus":false,"routes":[{"ref":"6","name":"Tram 6","route_color":"#ffdd00"},{"ref":"12","name":"Tram 12","route_color":"#006b42"}],"pass_count":2,"station_degree":3,"codes":null,"is_interchange":true,"station_role":"interchange"},"geometry":{"type":"Point","coordinates":[13.777325683333336,51.05263176666667]},"__memberLines":{}},{"type":"Feature","properties":{"station_id":"n2251193229","station_name":"Gabelsbergerstraße","station_name_local":"Gabelsbergerstraße","station_name_en":null,"city":"Dresden","country":"Germany","lines":["12"],"wikipedia":null,"merged_from":4,"merged_names":null,"is_terminus":false,"routes":[{"ref":"12","name":"Tram 12","route_color":"#006b42"}],"pass_count":1,"station_degree":2,"codes":null,"is_interchange":false,"station_role":"normal"},"geometry":{"type":"Point","coordinates":[13.774329975,51.049410800000004]},"__memberLines":{}},{"type":"Feature","properties":{"station_id":"n2252393145","station_name":"Trinitatisplatz","station_name_local":"Trinitatisplatz","station_name_en":null,"city":"Dresden","country":"Germany","lines":["6"],"wikipedia":null,"merged_from":4,"merged_names":null,"is_terminus":false,"routes":[{"ref":"6","name":"Tram 6","route_color":"#ffdd00"}],"pass_count":1,"station_degree":2,"codes":null,"is_interchange":false,"station_role":"normal"},"geometry":{"type":"Point","coordinates":[13.769620974999999,51.05249395]},"__memberLines":{}},{"type":"Feature","properties":{"station_id":"n2252424368","station_name":"Permoserstraße","station_name_local":"Permoserstraße","station_name_en":null,"city":"Dresden","country":"Germany","lines":["6"],"wikipedia":null,"merged_from":4,"merged_names":null,"is_terminus":false,"routes":[{"ref":"6","name":"Tram 6","route_color":"#ffdd00"}],"pass_count":1,"station_degree":2,"codes":null,"is_interchange":false,"station_role":"normal"},"geometry":{"type":"Point","coordinates":[13.763592575,51.053138325]},"__memberLines":{}},{"type":"Feature","properties":{"station_id":"n2261895949","station_name":"Weißeritzstraße","station_name_local":"Weißeritzstraße","station_name_en":null,"city":"Dresden","country":"Germany","lines":["10","20"],"wikipedia":null,"merged_from":3,"merged_names":null,"is_terminus":false,"routes":[{"ref":"10","name":"Tram 10: Messe Dresden <> Striesen","route_color":"#f9b000"},{"ref":"20","name":"Tram 20: Messe Dresden Sonderlinie","route_color":"#f9b000"}],"pass_count":3,"station_degree":3,"codes":null,"is_interchange":true,"station_role":"interchange"},"geometry":{"type":"Point","coordinates":[13.7235219,51.0581836]},"__memberLines":{}},{"type":"Feature","properties":{"station_id":"n2266104114","station_name":"Trachenberger Platz","station_name_local":"Trachenberger Platz","station_name_en":null,"city":"Dresden","country":"Germany","lines":["3"],"wikipedia":null,"merged_from":5,"merged_names":null,"is_terminus":false,"routes":[{"ref":"3","name":"Tram 3","route_color":"#e5005a"}],"pass_count":1,"station_degree":2,"codes":null,"is_interchange":false,"station_role":"normal"},"geometry":{"type":"Point","coordinates":[13.72786634,51.084781299999996]},"__memberLines":{}},{"type":"Feature","properties":{"station_id":"n2268676985","station_name":"Malterstraße","station_name_local":"Malterstraße","station_name_en":null,"city":"Dresden","country":"Germany","lines":["6","7"],"wikipedia":null,"merged_from":4,"merged_names":null,"is_terminus":false,"routes":[{"ref":"6","name":"Tram 6","route_color":"#ffdd00"},{"ref":"7","name":"Tram 7: Weixdorf <> Pennrich","route_color":"#9e0234"}],"pass_count":2,"station_degree":2,"codes":null,"is_interchange":false,"station_role":"normal"},"geometry":{"type":"Point","coordinates":[13.690917075,51.042663725]},"__memberLines":{}},{"type":"Feature","properties":{"station_id":"n2268694425","station_name":"Koblenzer Straße","station_name_local":"Koblenzer Straße","station_name_en":null,"city":"Dresden","country":"Germany","lines":["6","7"],"wikipedia":null,"merged_from":4,"merged_names":null,"is_terminus":false,"routes":[{"ref":"6","name":"Tram 6","route_color":"#ffdd00"},{"ref":"7","name":"Tram 7: Weixdorf <> Pennrich","route_color":"#9e0234"}],"pass_count":2,"station_degree":2,"codes":null,"is_interchange":false,"station_role":"normal"},"geometry":{"type":"Point","coordinates":[13.684276575,51.04244775]},"__memberLines":{}},{"type":"Feature","properties":{"station_id":"n2270171064","station_name":"Oederaner Straße","station_name_local":"Oederaner Straße","station_name_en":null,"city":"Dresden","country":"Germany","lines":["7","12"],"wikipedia":null,"merged_from":4,"merged_names":null,"is_terminus":false,"codes":["142001","142002"],"routes":[{"ref":"7","name":"Tram 7: Weixdorf <> Pennrich","route_color":"#9e0234"},{"ref":"12","name":"Tram 12","route_color":"#006b42"}],"pass_count":2,"station_degree":2,"is_interchange":false,"station_role":"normal"},"geometry":{"type":"Point","coordinates":[13.709347399999999,51.044802425]},"__memberLines":{}},{"type":"Feature","properties":{"station_id":"n2270172153","station_name":"Florastraße","station_name_local":"Florastraße","station_name_en":null,"city":"Dresden","country":"Germany","lines":["7","12"],"wikipedia":null,"merged_from":4,"merged_names":null,"is_terminus":false,"codes":["141001","141002"],"routes":[{"ref":"7","name":"Tram 7: Weixdorf <> Pennrich","route_color":"#9e0234"},{"ref":"12","name":"Tram 12","route_color":"#006b42"}],"pass_count":2,"station_degree":2,"is_interchange":false,"station_role":"normal"},"geometry":{"type":"Point","coordinates":[13.716949975,51.048506249999996]},"__memberLines":{}},{"type":"Feature","properties":{"station_id":"n2272189456","station_name":"Louisenstraße","station_name_local":"Louisenstraße","station_name_en":null,"city":"Dresden","country":"Germany","lines":["7","8"],"wikipedia":null,"merged_from":4,"merged_names":null,"is_terminus":false,"routes":[{"ref":"7","name":"Tram 7: Weixdorf <> Pennrich","route_color":"#9e0234"},{"ref":"8","name":"Tram 8","route_color":"#229133"}],"pass_count":2,"station_degree":2,"codes":null,"is_interchange":false,"station_role":"normal"},"geometry":{"type":"Point","coordinates":[13.7476807,51.067929175]},"__memberLines":{}},{"type":"Feature","properties":{"station_id":"n2272193398","station_name":"Tannenstraße (Goethe-Institut)","station_name_local":"Tannenstraße (Goethe-Institut)","station_name_en":null,"city":"Dresden","country":"Germany","lines":["7","8"],"wikipedia":null,"merged_from":4,"merged_names":null,"is_terminus":false,"routes":[{"ref":"7","name":"Tram 7: Weixdorf <> Pennrich","route_color":"#9e0234"},{"ref":"8","name":"Tram 8","route_color":"#229133"}],"pass_count":2,"station_degree":2,"codes":null,"is_interchange":false,"station_role":"normal"},"geometry":{"type":"Point","coordinates":[13.752959725,51.073867975]},"__memberLines":{}},{"type":"Feature","properties":{"station_id":"n2277961679","station_name":"Manitiusstraße","station_name_local":"Manitiusstraße","station_name_en":null,"city":"Dresden","country":"Germany","lines":["1"],"wikipedia":null,"merged_from":4,"merged_names":null,"is_terminus":false,"routes":[{"ref":"1","name":"Tram 1","route_color":"#e4002c"}],"pass_count":1,"station_degree":2,"codes":null,"is_interchange":false,"station_role":"normal"},"geometry":{"type":"Point","coordinates":[13.714765075,51.0565207]},"__memberLines":{}},{"type":"Feature","properties":{"station_id":"n2277991354","station_name":"Waltherstraße","station_name_local":"Waltherstraße","station_name_en":null,"city":"Dresden","country":"Germany","lines":["1"],"wikipedia":null,"merged_from":4,"merged_names":null,"is_terminus":false,"codes":["2"],"routes":[{"ref":"1","name":"Tram 1","route_color":"#e4002c"}],"pass_count":1,"station_degree":2,"is_interchange":false,"station_role":"normal"},"geometry":{"type":"Point","coordinates":[13.710360775,51.058121]},"__memberLines":{}},{"type":"Feature","properties":{"station_id":"n2277997856","station_name":"Hamburger Straße","station_name_local":"Hamburger Straße","station_name_en":null,"city":"Dresden","country":"Germany","lines":["1"],"wikipedia":null,"merged_from":4,"merged_names":null,"is_terminus":false,"routes":[{"ref":"1","name":"Tram 1","route_color":"#e4002c"}],"pass_count":1,"station_degree":2,"codes":null,"is_interchange":false,"station_role":"normal"},"geometry":{"type":"Point","coordinates":[13.703221849999998,51.0590026]},"__memberLines":{}},{"type":"Feature","properties":{"station_id":"n2278271794","station_name":"Cossebauder Straße","station_name_local":"Cossebauder Straße","station_name_en":null,"city":"Dresden","country":"Germany","lines":["1","12"],"wikipedia":null,"merged_from":4,"merged_names":null,"is_terminus":false,"routes":[{"ref":"1","name":"Tram 1","route_color":"#e4002c"},{"ref":"12","name":"Tram 12","route_color":"#006b42"}],"pass_count":2,"station_degree":3,"codes":null,"is_interchange":true,"station_role":"interchange"},"geometry":{"type":"Point","coordinates":[13.68054665,51.061619750000006]},"__memberLines":{}},{"type":"Feature","properties":{"station_id":"n2278287739","station_name":"Cotta, Gottfried-Keller-Straße","station_name_local":"Cotta, Gottfried-Keller-Straße","station_name_en":null,"city":"Dresden","country":"Germany","lines":["1","12"],"wikipedia":null,"merged_from":4,"merged_names":null,"is_terminus":false,"routes":[{"ref":"1","name":"Tram 1","route_color":"#e4002c"},{"ref":"12","name":"Tram 12","route_color":"#006b42"}],"pass_count":2,"station_degree":2,"codes":null,"is_interchange":false,"station_role":"normal"},"geometry":{"type":"Point","coordinates":[13.6776008,51.060953475]},"__memberLines":{}},{"type":"Feature","properties":{"station_id":"n2293414413","station_name":"Strehlener Platz","station_name_local":"Strehlener Platz","station_name_en":null,"city":"Dresden","country":"Germany","lines":["11"],"wikipedia":null,"merged_from":4,"merged_names":null,"is_terminus":false,"routes":[{"ref":"11","name":"Tram 11","route_color":"#c2ddaf"}],"pass_count":1,"station_degree":2,"codes":null,"is_interchange":false,"station_role":"normal"},"geometry":{"type":"Point","coordinates":[13.7487385,51.03290335]},"__memberLines":{}},{"type":"Feature","properties":{"station_id":"n2293552788","station_name":"Pulsnitzer Straße","station_name_local":"Pulsnitzer Straße","station_name_en":null,"city":"Dresden","country":"Germany","lines":["11"],"wikipedia":null,"merged_from":4,"merged_names":null,"is_terminus":false,"routes":[{"ref":"11","name":"Tram 11","route_color":"#c2ddaf"}],"pass_count":1,"station_degree":2,"codes":null,"is_interchange":false,"station_role":"normal"},"geometry":{"type":"Point","coordinates":[13.75765795,51.063332599999995]},"__memberLines":{}},{"type":"Feature","properties":{"station_id":"n2293558135","station_name":"Diakonissenkrankenhaus","station_name_local":"Diakonissenkrankenhaus","station_name_en":null,"city":"Dresden","country":"Germany","lines":["11"],"wikipedia":null,"merged_from":4,"merged_names":null,"is_terminus":false,"routes":[{"ref":"11","name":"Tram 11","route_color":"#c2ddaf"}],"pass_count":1,"station_degree":2,"codes":null,"is_interchange":false,"station_role":"normal"},"geometry":{"type":"Point","coordinates":[13.761942325,51.064092825]},"__memberLines":{}},{"type":"Feature","properties":{"station_id":"n2293585817","station_name":"Nordstraße","station_name_local":"Nordstraße","station_name_en":null,"city":"Dresden","country":"Germany","lines":["11"],"wikipedia":null,"merged_from":4,"merged_names":null,"is_terminus":false,"routes":[{"ref":"11","name":"Tram 11","route_color":"#c2ddaf"}],"pass_count":1,"station_degree":2,"codes":null,"is_interchange":false,"station_role":"normal"},"geometry":{"type":"Point","coordinates":[13.769554099999999,51.0661546]},"__memberLines":{}},{"type":"Feature","properties":{"station_id":"n2294679702","station_name":"Mordgrundbrücke","station_name_local":"Mordgrundbrücke","station_name_en":null,"city":"Dresden","country":"Germany","lines":["11"],"wikipedia":null,"merged_from":4,"merged_names":null,"is_terminus":false,"routes":[{"ref":"11","name":"Tram 11","route_color":"#c2ddaf"}],"pass_count":1,"station_degree":2,"codes":null,"is_interchange":false,"station_role":"normal"},"geometry":{"type":"Point","coordinates":[13.811304425,51.06430665]},"__memberLines":{}},{"type":"Feature","properties":{"station_id":"n2294780469","station_name":"Plattleite","station_name_local":"Plattleite","station_name_en":null,"city":"Dresden","country":"Germany","lines":["11"],"wikipedia":null,"merged_from":4,"merged_names":null,"is_terminus":false,"routes":[{"ref":"11","name":"Tram 11","route_color":"#c2ddaf"}],"pass_count":1,"station_degree":2,"codes":null,"is_interchange":false,"station_role":"normal"},"geometry":{"type":"Point","coordinates":[13.821444225,51.063734849999996]},"__memberLines":{}},{"type":"Feature","properties":{"station_id":"n2294789016","station_name":"Am Weißen Adler","station_name_local":"Am Weißen Adler","station_name_en":null,"city":"Dresden","country":"Germany","lines":["11"],"wikipedia":null,"merged_from":4,"merged_names":null,"is_terminus":false,"routes":[{"ref":"11","name":"Tram 11","route_color":"#c2ddaf"}],"pass_count":1,"station_degree":2,"codes":null,"is_interchange":false,"station_role":"normal"},"geometry":{"type":"Point","coordinates":[13.831059224999999,51.061897775]},"__memberLines":{}},{"type":"Feature","properties":{"station_id":"n2295410611","station_name":"Schwimmhalle Bühlau","station_name_local":"Schwimmhalle Bühlau","station_name_en":null,"city":"Dresden","country":"Germany","lines":["11"],"wikipedia":null,"merged_from":4,"merged_names":null,"is_terminus":false,"routes":[{"ref":"11","name":"Tram 11","route_color":"#c2ddaf"}],"pass_count":1,"station_degree":2,"codes":null,"is_interchange":false,"station_role":"normal"},"geometry":{"type":"Point","coordinates":[13.838592375,51.06227335]},"__memberLines":{}},{"type":"Feature","properties":{"station_id":"n2295422472","station_name":"Grundstraße","station_name_local":"Grundstraße","station_name_en":null,"city":"Dresden","country":"Germany","lines":["11"],"wikipedia":null,"merged_from":4,"merged_names":null,"is_terminus":false,"routes":[{"ref":"11","name":"Tram 11","route_color":"#c2ddaf"}],"pass_count":1,"station_degree":2,"codes":null,"is_interchange":false,"station_role":"normal"},"geometry":{"type":"Point","coordinates":[13.8481046,51.06182465]},"__memberLines":{}},{"type":"Feature","properties":{"station_id":"n2295466881","station_name":"Ullersdorfer Platz","station_name_local":"Ullersdorfer Platz","station_name_en":null,"city":"Dresden","country":"Germany","lines":["11"],"wikipedia":null,"is_terminus":true,"routes":[{"ref":"11","name":"Tram 11","route_color":"#c2ddaf"}],"pass_count":1,"station_degree":1,"codes":null,"merged_from":null,"merged_names":null,"is_interchange":false,"station_role":"terminus"},"geometry":{"type":"Point","coordinates":[13.8533406,51.0620681]},"__memberLines":{}},{"type":"Feature","properties":{"station_id":"n3053531658","station_name":"Radebeul, Landesbühnen Sachsen","station_name_local":"Radebeul, Landesbühnen Sachsen","station_name_en":null,"city":"Dresden","country":"Germany","lines":["4"],"wikipedia":null,"merged_from":2,"merged_names":null,"is_terminus":false,"routes":[{"ref":"4","name":"Tram 4","route_color":"#92c255"}],"pass_count":1,"station_degree":2,"codes":null,"is_interchange":false,"station_role":"normal"},"geometry":{"type":"Point","coordinates":[13.6600216,51.10603865]},"__memberLines":{}},{"type":"Feature","properties":{"station_id":"n3057031845","station_name":"Mosenstraße","station_name_local":"Mosenstraße","station_name_en":null,"city":"Dresden","country":"Germany","lines":["9","10"],"wikipedia":null,"merged_from":4,"merged_names":null,"is_terminus":false,"routes":[{"ref":"9","name":"Tram 9","route_color":"#c9061a"},{"ref":"10","name":"Tram 10: Messe Dresden <> Striesen","route_color":"#f9b000"}],"pass_count":2,"station_degree":2,"codes":null,"is_interchange":false,"station_role":"normal"},"geometry":{"type":"Point","coordinates":[13.777725,51.044820275]},"__memberLines":{}},{"type":"Feature","properties":{"station_id":"n3057141419","station_name":"Bergmannstraße","station_name_local":"Bergmannstraße","station_name_en":null,"city":"Dresden","country":"Germany","lines":["9","10"],"wikipedia":null,"merged_from":3,"merged_names":null,"is_terminus":false,"routes":[{"ref":"9","name":"Tram 9","route_color":"#c9061a"},{"ref":"10","name":"Tram 10: Messe Dresden <> Striesen","route_color":"#f9b000"}],"pass_count":2,"station_degree":2,"codes":null,"is_interchange":false,"station_role":"normal"},"geometry":{"type":"Point","coordinates":[13.787778433333331,51.0432817]},"__memberLines":{}},{"type":"Feature","properties":{"station_id":"n3057141424","station_name":"Spenerstraße","station_name_local":"Spenerstraße","station_name_en":null,"city":"Dresden","country":"Germany","lines":["9","10"],"wikipedia":null,"merged_from":2,"merged_names":null,"is_terminus":false,"routes":[{"ref":"9","name":"Tram 9","route_color":"#c9061a"},{"ref":"10","name":"Tram 10: Messe Dresden <> Striesen","route_color":"#f9b000"}],"pass_count":2,"station_degree":2,"codes":null,"is_interchange":false,"station_role":"normal"},"geometry":{"type":"Point","coordinates":[13.7824776,51.043617850000004]},"__memberLines":{}},{"type":"Feature","properties":{"station_id":"n3057282587","station_name":"Gottleubaer Straße","station_name_local":"Gottleubaer Straße","station_name_en":null,"city":"Dresden","country":"Germany","lines":["9","10"],"wikipedia":null,"merged_from":4,"merged_names":null,"is_terminus":false,"routes":[{"ref":"9","name":"Tram 9","route_color":"#c9061a"},{"ref":"10","name":"Tram 10: Messe Dresden <> Striesen","route_color":"#f9b000"}],"pass_count":2,"station_degree":2,"codes":null,"is_interchange":false,"station_role":"normal"},"geometry":{"type":"Point","coordinates":[13.800654175,51.04127815]},"__memberLines":{}},{"type":"Feature","properties":{"station_id":"n3058661317","station_name":"Tolkewitz Schulcampus","station_name_local":"Tolkewitz Schulcampus","station_name_en":null,"city":"Dresden","country":"Germany","lines":["6","9"],"wikipedia":null,"merged_from":2,"merged_names":null,"is_terminus":false,"codes":["1","2"],"routes":[{"ref":"6","name":"Tram 6","route_color":"#ffdd00"},{"ref":"9","name":"Tram 9","route_color":"#c9061a"}],"pass_count":2,"station_degree":2,"is_interchange":false,"station_role":"normal"},"geometry":{"type":"Point","coordinates":[13.81659855,51.035701200000005]},"__memberLines":{}},{"type":"Feature","properties":{"station_id":"n3069863291","station_name":"Hermann-Seidel-Straße","station_name_local":"Hermann-Seidel-Straße","station_name_en":null,"city":"Dresden","country":"Germany","lines":["6","9"],"wikipedia":null,"merged_from":2,"merged_names":null,"is_terminus":false,"routes":[{"ref":"6","name":"Tram 6","route_color":"#ffdd00"},{"ref":"9","name":"Tram 9","route_color":"#c9061a"}],"pass_count":2,"station_degree":2,"codes":null,"is_interchange":false,"station_role":"normal"},"geometry":{"type":"Point","coordinates":[13.835466,51.027136049999996]},"__memberLines":{}},{"type":"Feature","properties":{"station_id":"n3070070350","station_name":"Leubener Straße","station_name_local":"Leubener Straße","station_name_en":null,"city":"Dresden","country":"Germany","lines":["6","9"],"wikipedia":null,"merged_from":4,"merged_names":null,"is_terminus":false,"routes":[{"ref":"6","name":"Tram 6","route_color":"#ffdd00"},{"ref":"9","name":"Tram 9","route_color":"#c9061a"}],"pass_count":2,"station_degree":3,"codes":null,"is_interchange":true,"station_role":"interchange"},"geometry":{"type":"Point","coordinates":[13.83737175,51.02444]},"__memberLines":{}},{"type":"Feature","properties":{"station_id":"n3070182363","station_name":"Friedhof Leuben","station_name_local":"Friedhof Leuben","station_name_en":null,"city":"Dresden","country":"Germany","lines":["6"],"wikipedia":null,"merged_from":2,"merged_names":null,"is_terminus":false,"routes":[{"ref":"6","name":"Tram 6","route_color":"#ffdd00"}],"pass_count":1,"station_degree":2,"codes":null,"is_interchange":false,"station_role":"normal"},"geometry":{"type":"Point","coordinates":[13.8241934,51.0133558]},"__memberLines":{}},{"type":"Feature","properties":{"station_id":"n3070182371","station_name":"Großglocknerstraße","station_name_local":"Großglocknerstraße","station_name_en":null,"city":"Dresden","country":"Germany","lines":["6"],"wikipedia":null,"merged_from":2,"merged_names":null,"is_terminus":false,"routes":[{"ref":"6","name":"Tram 6","route_color":"#ffdd00"}],"pass_count":1,"station_degree":2,"codes":null,"is_interchange":false,"station_role":"normal"},"geometry":{"type":"Point","coordinates":[13.8303126,51.01761515]},"__memberLines":{}},{"type":"Feature","properties":{"station_id":"n3072066153","station_name":"Altleuben","station_name_local":"Altleuben","station_name_en":null,"city":"Dresden","country":"Germany","lines":["2","6"],"wikipedia":null,"merged_from":2,"merged_names":null,"is_terminus":false,"routes":[{"ref":"2","name":"Tram 2","route_color":"#eb5b2d"},{"ref":"6","name":"Tram 6","route_color":"#ffdd00"}],"pass_count":2,"station_degree":3,"codes":null,"is_interchange":true,"station_role":"interchange"},"geometry":{"type":"Point","coordinates":[13.82665765,51.01178485]},"__memberLines":{}},{"type":"Feature","properties":{"station_id":"n3123485859","station_name":"Jüngststraße","station_name_local":"Jüngststraße","station_name_en":null,"city":"Dresden","country":"Germany","lines":["6","12"],"wikipedia":null,"merged_from":3,"merged_names":null,"is_terminus":false,"routes":[{"ref":"6","name":"Tram 6","route_color":"#ffdd00"},{"ref":"12","name":"Tram 12","route_color":"#006b42"}],"pass_count":2,"station_degree":2,"codes":null,"is_interchange":false,"station_role":"normal"},"geometry":{"type":"Point","coordinates":[13.8097714,51.04923300000001]},"__memberLines":{}},{"type":"Feature","properties":{"station_id":"n3123615227","station_name":"Blasewitz, Schillerplatz","station_name_local":"Blasewitz, Schillerplatz","station_name_en":null,"city":"Dresden","country":"Germany","lines":["6","12"],"wikipedia":null,"merged_from":2,"merged_names":null,"is_terminus":false,"routes":[{"ref":"6","name":"Tram 6","route_color":"#ffdd00"},{"ref":"12","name":"Tram 12","route_color":"#006b42"}],"pass_count":2,"station_degree":2,"codes":null,"is_interchange":false,"station_role":"normal"},"geometry":{"type":"Point","coordinates":[13.80479875,51.05217925]},"__memberLines":{}},{"type":"Feature","properties":{"station_id":"n3123619045","station_name":"Prellerstraße","station_name_local":"Prellerstraße","station_name_en":null,"city":"Dresden","country":"Germany","lines":["6","12"],"wikipedia":null,"merged_from":4,"merged_names":null,"is_terminus":false,"routes":[{"ref":"6","name":"Tram 6","route_color":"#ffdd00"},{"ref":"12","name":"Tram 12","route_color":"#006b42"}],"pass_count":2,"station_degree":2,"codes":null,"is_interchange":false,"station_role":"normal"},"geometry":{"type":"Point","coordinates":[13.7988216,51.052967499999994]},"__memberLines":{}},{"type":"Feature","properties":{"station_id":"n3137455895","station_name":"Dürerstraße (Evangelische Hochschule)","station_name_local":"Dürerstraße (Evangelische Hochschule)","station_name_en":null,"city":"Dresden","country":"Germany","lines":["8","13"],"wikipedia":null,"merged_from":4,"merged_names":null,"is_terminus":false,"codes":["1","2"],"routes":[{"ref":"8","name":"Tram 8","route_color":"#229133"},{"ref":"13","name":"Tram 13","route_color":"#fdc300"}],"pass_count":2,"station_degree":2,"is_interchange":false,"station_role":"normal"},"geometry":{"type":"Point","coordinates":[13.757893975,51.051844224999996]},"__memberLines":{}},{"type":"Feature","properties":{"station_id":"n3137622058","station_name":"Bautzner Straße / Rothenburger Straße","station_name_local":"Bautzner Straße / Rothenburger Straße","station_name_en":null,"city":"Dresden","country":"Germany","lines":["6","8","11","13"],"wikipedia":null,"merged_from":6,"merged_names":null,"is_terminus":false,"routes":[{"ref":"6","name":"Tram 6","route_color":"#ffdd00"},{"ref":"8","name":"Tram 8","route_color":"#229133"},{"ref":"11","name":"Tram 11","route_color":"#c2ddaf"},{"ref":"13","name":"Tram 13","route_color":"#fdc300"}],"pass_count":4,"station_degree":4,"codes":null,"is_interchange":true,"station_role":"interchange"},"geometry":{"type":"Point","coordinates":[13.752315816666666,51.06274358333334]},"__memberLines":{}},{"type":"Feature","properties":{"station_id":"n3137622112","station_name":"Görlitzer Straße (Nordbad)","station_name_local":"Görlitzer Straße (Nordbad)","station_name_en":null,"city":"Dresden","country":"Germany","lines":["13"],"wikipedia":null,"merged_from":4,"merged_names":null,"is_terminus":false,"routes":[{"ref":"13","name":"Tram 13","route_color":"#fdc300"}],"pass_count":1,"station_degree":2,"codes":null,"is_interchange":false,"station_role":"normal"},"geometry":{"type":"Point","coordinates":[13.753602675000002,51.06586435]},"__memberLines":{}},{"type":"Feature","properties":{"station_id":"n3139175437","station_name":"Zur Neuen Brücke","station_name_local":"Zur Neuen Brücke","station_name_en":null,"city":"Dresden","country":"Germany","lines":["7"],"wikipedia":null,"merged_from":4,"merged_names":null,"is_terminus":false,"routes":[{"ref":"7","name":"Tram 7: Weixdorf <> Pennrich","route_color":"#9e0234"}],"pass_count":1,"station_degree":2,"codes":null,"is_interchange":false,"station_role":"normal"},"geometry":{"type":"Point","coordinates":[13.783481449999998,51.11407025]},"__memberLines":{}},{"type":"Feature","properties":{"station_id":"n3139326501","station_name":"Käthe-Kollwitz-Platz","station_name_local":"Käthe-Kollwitz-Platz","station_name_en":null,"city":"Dresden","country":"Germany","lines":["7"],"wikipedia":null,"merged_from":2,"merged_names":null,"is_terminus":false,"routes":[{"ref":"7","name":"Tram 7: Weixdorf <> Pennrich","route_color":"#9e0234"}],"pass_count":1,"station_degree":2,"codes":null,"is_interchange":false,"station_role":"normal"},"geometry":{"type":"Point","coordinates":[13.78947935,51.11842945]},"__memberLines":{}},{"type":"Feature","properties":{"station_id":"n3146023349","station_name":"Birkenhainer Straße","station_name_local":"Birkenhainer Straße","station_name_en":null,"city":"Dresden","country":"Germany","lines":["12"],"wikipedia":null,"merged_from":4,"merged_names":null,"is_terminus":false,"routes":[{"ref":"12","name":"Tram 12","route_color":"#006b42"}],"pass_count":1,"station_degree":2,"codes":null,"is_interchange":false,"station_role":"normal"},"geometry":{"type":"Point","coordinates":[13.690968275,51.052930625]},"__memberLines":{}},{"type":"Feature","properties":{"station_id":"n3146023350","station_name":"Altcotta","station_name_local":"Altcotta","station_name_en":null,"city":"Dresden","country":"Germany","lines":["12"],"wikipedia":null,"merged_from":4,"merged_names":null,"is_terminus":false,"routes":[{"ref":"12","name":"Tram 12","route_color":"#006b42"}],"pass_count":1,"station_degree":2,"codes":null,"is_interchange":false,"station_role":"normal"},"geometry":{"type":"Point","coordinates":[13.687938175,51.0564658]},"__memberLines":{}},{"type":"Feature","properties":{"station_id":"n3146085852","station_name":"Pennricher Straße","station_name_local":"Pennricher Straße","station_name_en":null,"city":"Dresden","country":"Germany","lines":["2","12"],"wikipedia":null,"merged_from":4,"merged_names":null,"is_terminus":false,"routes":[{"ref":"2","name":"Tram 2","route_color":"#eb5b2d"},{"ref":"12","name":"Tram 12","route_color":"#006b42"}],"pass_count":2,"station_degree":4,"codes":null,"is_interchange":true,"station_role":"interchange"},"geometry":{"type":"Point","coordinates":[13.691590325,51.04907505]},"__memberLines":{}},{"type":"Feature","properties":{"station_id":"n3146085861","station_name":"Conertplatz","station_name_local":"Conertplatz","station_name_en":null,"city":"Dresden","country":"Germany","lines":["12"],"wikipedia":null,"merged_from":2,"merged_names":null,"is_terminus":false,"routes":[{"ref":"12","name":"Tram 12","route_color":"#006b42"}],"pass_count":1,"station_degree":2,"codes":null,"is_interchange":false,"station_role":"normal"},"geometry":{"type":"Point","coordinates":[13.693101899999998,51.0460212]},"__memberLines":{}},{"type":"Feature","properties":{"station_id":"n3146709333","station_name":"Burgkstraße","station_name_local":"Burgkstraße","station_name_en":null,"city":"Dresden","country":"Germany","lines":["2"],"wikipedia":null,"merged_from":2,"merged_names":null,"is_terminus":false,"routes":[{"ref":"2","name":"Tram 2","route_color":"#eb5b2d"}],"pass_count":1,"station_degree":2,"codes":null,"is_interchange":false,"station_role":"normal"},"geometry":{"type":"Point","coordinates":[13.6956272,51.04899745]},"__memberLines":{}},{"type":"Feature","properties":{"station_id":"n3151728355","station_name":"Zoo","station_name_local":"Zoo","station_name_en":null,"city":"Dresden","country":"Germany","lines":["4","13"],"wikipedia":null,"merged_from":2,"merged_names":null,"is_terminus":false,"routes":[{"ref":"4","name":"Tram 4","route_color":"#92c255"},{"ref":"13","name":"Tram 13","route_color":"#fdc300"}],"pass_count":2,"station_degree":2,"codes":null,"is_interchange":false,"station_role":"normal"},"geometry":{"type":"Point","coordinates":[13.7528138,51.036679050000004]},"__memberLines":{}},{"type":"Feature","properties":{"station_id":"n3151728783","station_name":"Querallee","station_name_local":"Querallee","station_name_en":null,"city":"Dresden","country":"Germany","lines":["4","13"],"wikipedia":null,"merged_from":2,"merged_names":null,"is_terminus":false,"routes":[{"ref":"4","name":"Tram 4","route_color":"#92c255"},{"ref":"13","name":"Tram 13","route_color":"#fdc300"}],"pass_count":2,"station_degree":2,"codes":null,"is_interchange":false,"station_role":"normal"},"geometry":{"type":"Point","coordinates":[13.7580869,51.034582]},"__memberLines":{}},{"type":"Feature","properties":{"station_id":"n3151883406","station_name":"Mockritzer Straße","station_name_local":"Mockritzer Straße","station_name_en":null,"city":"Dresden","country":"Germany","lines":["4","13"],"wikipedia":null,"merged_from":2,"merged_names":null,"is_terminus":false,"routes":[{"ref":"4","name":"Tram 4","route_color":"#92c255"},{"ref":"13","name":"Tram 13","route_color":"#fdc300"}],"pass_count":2,"station_degree":2,"codes":null,"is_interchange":false,"station_role":"normal"},"geometry":{"type":"Point","coordinates":[13.7622438,51.02453425]},"__memberLines":{}},{"type":"Feature","properties":{"station_id":"n3151883421","station_name":"Hugo-Bürkner-Straße","station_name_local":"Hugo-Bürkner-Straße","station_name_en":null,"city":"Dresden","country":"Germany","lines":["4","13"],"wikipedia":null,"merged_from":2,"merged_names":null,"is_terminus":false,"codes":["185001","185002"],"routes":[{"ref":"4","name":"Tram 4","route_color":"#92c255"},{"ref":"13","name":"Tram 13","route_color":"#fdc300"}],"pass_count":2,"station_degree":2,"is_interchange":false,"station_role":"normal"},"geometry":{"type":"Point","coordinates":[13.76516865,51.02258425]},"__memberLines":{}},{"type":"Feature","properties":{"station_id":"n3160217622","station_name":"Eugen-Bracht-Straße","station_name_local":"Eugen-Bracht-Straße","station_name_en":null,"city":"Dresden","country":"Germany","lines":["4","13"],"wikipedia":null,"merged_from":4,"merged_names":null,"is_terminus":false,"routes":[{"ref":"4","name":"Tram 4","route_color":"#92c255"},{"ref":"13","name":"Tram 13","route_color":"#fdc300"}],"pass_count":2,"station_degree":2,"codes":null,"is_interchange":false,"station_role":"normal"},"geometry":{"type":"Point","coordinates":[13.774517275,51.022581525]},"__memberLines":{}},{"type":"Feature","properties":{"station_id":"n3160217634","station_name":"Otto-Dix-Ring","station_name_local":"Otto-Dix-Ring","station_name_en":null,"city":"Dresden","country":"Germany","lines":["4","13"],"wikipedia":null,"merged_from":4,"merged_names":null,"is_terminus":false,"routes":[{"ref":"4","name":"Tram 4","route_color":"#92c255"},{"ref":"13","name":"Tram 13","route_color":"#fdc300"}],"pass_count":2,"station_degree":2,"codes":null,"is_interchange":false,"station_role":"normal"},"geometry":{"type":"Point","coordinates":[13.780311325,51.019567225]},"__memberLines":{}},{"type":"Feature","properties":{"station_id":"n3160217646","station_name":"Wieckestraße","station_name_local":"Wieckestraße","station_name_en":null,"city":"Dresden","country":"Germany","lines":["4","13"],"wikipedia":null,"merged_from":4,"merged_names":null,"is_terminus":false,"routes":[{"ref":"4","name":"Tram 4","route_color":"#92c255"},{"ref":"13","name":"Tram 13","route_color":"#fdc300"}],"pass_count":2,"station_degree":2,"codes":null,"is_interchange":false,"station_role":"normal"},"geometry":{"type":"Point","coordinates":[13.783895175,51.0176271]},"__memberLines":{}},{"type":"Feature","properties":{"station_id":"n3160218161","station_name":"Lohrmannstraße","station_name_local":"Lohrmannstraße","station_name_en":null,"city":"Dresden","country":"Germany","lines":["4","13"],"wikipedia":null,"merged_from":4,"merged_names":null,"is_terminus":false,"routes":[{"ref":"4","name":"Tram 4","route_color":"#92c255"},{"ref":"13","name":"Tram 13","route_color":"#fdc300"}],"pass_count":2,"station_degree":2,"codes":null,"is_interchange":false,"station_role":"normal"},"geometry":{"type":"Point","coordinates":[13.7870083,51.015738150000004]},"__memberLines":{}},{"type":"Feature","properties":{"station_id":"n3160218185","station_name":"Hülßestraße","station_name_local":"Hülßestraße","station_name_en":null,"city":"Dresden","country":"Germany","lines":["4","13"],"wikipedia":null,"merged_from":4,"merged_names":null,"is_terminus":false,"routes":[{"ref":"4","name":"Tram 4","route_color":"#92c255"},{"ref":"13","name":"Tram 13","route_color":"#fdc300"}],"pass_count":2,"station_degree":2,"codes":null,"is_interchange":false,"station_role":"normal"},"geometry":{"type":"Point","coordinates":[13.790635625,51.0135724]},"__memberLines":{}},{"type":"Feature","properties":{"station_id":"n3160400393","station_name":"Räcknitzhöhe","station_name_local":"Räcknitzhöhe","station_name_en":null,"city":"Dresden","country":"Germany","lines":["11"],"wikipedia":null,"merged_from":2,"merged_names":null,"is_terminus":false,"routes":[{"ref":"11","name":"Tram 11","route_color":"#c2ddaf"}],"pass_count":1,"station_degree":2,"codes":null,"is_interchange":false,"station_role":"normal"},"geometry":{"type":"Point","coordinates":[13.7427429,51.023520500000004]},"__memberLines":{}},{"type":"Feature","properties":{"station_id":"n3160522703","station_name":"Wilhelminenstraße","station_name_local":"Wilhelminenstraße","station_name_en":null,"city":"Dresden","country":"Germany","lines":["11"],"wikipedia":null,"merged_from":2,"merged_names":null,"is_terminus":false,"routes":[{"ref":"11","name":"Tram 11","route_color":"#c2ddaf"}],"pass_count":1,"station_degree":2,"codes":null,"is_interchange":false,"station_role":"normal"},"geometry":{"type":"Point","coordinates":[13.788591400000001,51.06710445]},"__memberLines":{}},{"type":"Feature","properties":{"station_id":"n3161748250","station_name":"Hegereiterstraße","station_name_local":"Hegereiterstraße","station_name_en":null,"city":"Dresden","country":"Germany","lines":["11"],"wikipedia":null,"merged_from":4,"merged_names":null,"is_terminus":false,"routes":[{"ref":"11","name":"Tram 11","route_color":"#c2ddaf"}],"pass_count":1,"station_degree":2,"codes":null,"is_interchange":false,"station_role":"normal"},"geometry":{"type":"Point","coordinates":[13.84372305,51.061941575]},"__memberLines":{}},{"type":"Feature","properties":{"station_id":"n3208510694","station_name":"Saarstraße","station_name_local":"Saarstraße","station_name_en":null,"city":"Dresden","country":"Germany","lines":["3"],"wikipedia":null,"merged_from":2,"merged_names":null,"is_terminus":false,"routes":[{"ref":"3","name":"Tram 3","route_color":"#e5005a"}],"pass_count":1,"station_degree":2,"codes":null,"is_interchange":false,"station_role":"normal"},"geometry":{"type":"Point","coordinates":[13.70643205,51.01948165]},"__memberLines":{}},{"type":"Feature","properties":{"station_id":"n3247429870","station_name":"Achtbeeteweg","station_name_local":"Achtbeeteweg","station_name_en":null,"city":"Dresden","country":"Germany","lines":["3"],"wikipedia":null,"merged_from":2,"merged_names":null,"is_terminus":false,"routes":[{"ref":"3","name":"Tram 3","route_color":"#e5005a"}],"pass_count":1,"station_degree":2,"codes":null,"is_interchange":false,"station_role":"normal"},"geometry":{"type":"Point","coordinates":[13.701800500000001,51.016878950000006]},"__memberLines":{}},{"type":"Feature","properties":{"station_id":"n3528256098","station_name":"Leutewitz","station_name_local":"Leutewitz","station_name_en":null,"city":"Dresden","country":"Germany","lines":["1","12"],"wikipedia":null,"merged_from":5,"merged_names":null,"is_terminus":true,"routes":[{"ref":"1","name":"Tram 1","route_color":"#e4002c"},{"ref":"12","name":"Tram 12","route_color":"#006b42"}],"pass_count":2,"station_degree":1,"codes":null,"is_interchange":false,"station_role":"terminus"},"geometry":{"type":"Point","coordinates":[13.67035208,51.059126420000005]},"__memberLines":{}},{"type":"Feature","properties":{"station_id":"n3539408417","station_name":"Weinböhla, Gellertstraße","station_name_local":"Weinböhla, Gellertstraße","station_name_en":null,"city":"Dresden","country":"Germany","lines":["4"],"wikipedia":null,"merged_from":4,"merged_names":null,"is_terminus":false,"routes":[{"ref":"4","name":"Tram 4","route_color":"#92c255"}],"pass_count":1,"station_degree":2,"codes":null,"is_interchange":false,"station_role":"normal"},"geometry":{"type":"Point","coordinates":[13.569181924999999,51.1570459]},"__memberLines":{}},{"type":"Feature","properties":{"station_id":"n3842071995","station_name":"Dorothea-Erxleben-Straße","station_name_local":"Dorothea-Erxleben-Straße","station_name_en":null,"city":"Dresden","country":"Germany","lines":["3"],"wikipedia":null,"merged_from":2,"merged_names":null,"is_terminus":false,"routes":[{"ref":"3","name":"Tram 3","route_color":"#e5005a"}],"pass_count":1,"station_degree":2,"codes":null,"is_interchange":false,"station_role":"normal"},"geometry":{"type":"Point","coordinates":[13.7206452,51.09286855]},"__memberLines":{}},{"type":"Feature","properties":{"station_id":"n6703868143","station_name":"S-Bahnhof Strehlen","station_name_local":"S-Bahnhof Strehlen","station_name_en":null,"city":"Dresden","country":"Germany","lines":["4","13"],"wikipedia":null,"merged_from":2,"merged_names":null,"is_terminus":false,"routes":[{"ref":"4","name":"Tram 4","route_color":"#92c255"},{"ref":"13","name":"Tram 13","route_color":"#fdc300"}],"pass_count":2,"station_degree":2,"codes":null,"is_interchange":false,"station_role":"normal"},"geometry":{"type":"Point","coordinates":[13.76127045,51.03119825]},"__memberLines":{}},{"type":"Feature","properties":{"station_id":"n9493141425","station_name":"Brockwitzer Straße","station_name_local":"Brockwitzer Straße","station_name_en":null,"city":"Dresden","country":"Germany","lines":["9","13"],"wikipedia":null,"merged_from":2,"merged_names":null,"is_terminus":false,"routes":[{"ref":"9","name":"Tram 9","route_color":"#c9061a"},{"ref":"13","name":"Tram 13","route_color":"#fdc300"}],"pass_count":2,"station_degree":2,"codes":null,"is_interchange":false,"station_role":"normal"},"geometry":{"type":"Point","coordinates":[13.702934200000001,51.07799825]},"__memberLines":{}},{"type":"Feature","properties":{"station_id":"junc:13.76993:51.10223","station_name":"","station_name_local":null,"station_name_en":null,"city":"Dresden","country":"Germany","lines":null,"station_role":"junction","is_junction":true,"is_interchange":false,"is_terminus":false,"merged_from":null,"merged_names":null,"codes":null},"geometry":{"type":"Point","coordinates":[13.7699267,51.1022349]}},{"type":"Feature","properties":{"station_id":"junc:13.75146:51.06301","station_name":"","station_name_local":null,"station_name_en":null,"city":"Dresden","country":"Germany","lines":null,"station_role":"junction","is_junction":true,"is_interchange":false,"is_terminus":false,"merged_from":null,"merged_names":null,"codes":null},"geometry":{"type":"Point","coordinates":[13.7514616,51.0630102]}},{"type":"Feature","properties":{"station_id":"junc:13.75795:51.05404","station_name":"","station_name_local":null,"station_name_en":null,"city":"Dresden","country":"Germany","lines":null,"station_role":"junction","is_junction":true,"is_interchange":false,"is_terminus":false,"merged_from":null,"merged_names":null,"codes":null},"geometry":{"type":"Point","coordinates":[13.7579472,51.0540382]}},{"type":"Feature","properties":{"station_id":"junc:13.73488:51.04037","station_name":"","station_name_local":null,"station_name_en":null,"city":"Dresden","country":"Germany","lines":null,"station_role":"junction","is_junction":true,"is_interchange":false,"is_terminus":false,"merged_from":null,"merged_names":null,"codes":null},"geometry":{"type":"Point","coordinates":[13.7348804,51.0403676]}},{"type":"Feature","properties":{"station_id":"junc:13.74036:51.04709","station_name":"","station_name_local":null,"station_name_en":null,"city":"Dresden","country":"Germany","lines":null,"station_role":"junction","is_junction":true,"is_interchange":false,"is_terminus":false,"merged_from":null,"merged_names":null,"codes":null},"geometry":{"type":"Point","coordinates":[13.7403551,51.0470923]}},{"type":"Feature","properties":{"station_id":"junc:13.73325:51.05123","station_name":"","station_name_local":null,"station_name_en":null,"city":"Dresden","country":"Germany","lines":null,"station_role":"junction","is_junction":true,"is_interchange":false,"is_terminus":false,"merged_from":null,"merged_names":null,"codes":null},"geometry":{"type":"Point","coordinates":[13.733246,51.0512326]}},{"type":"Feature","properties":{"station_id":"junc:13.74072:51.06480","station_name":"","station_name_local":null,"station_name_en":null,"city":"Dresden","country":"Germany","lines":null,"station_role":"junction","is_junction":true,"is_interchange":false,"is_terminus":false,"merged_from":null,"merged_names":null,"codes":null},"geometry":{"type":"Point","coordinates":[13.7407248,51.0648002]}},{"type":"Feature","properties":{"station_id":"junc:13.73353:51.07566","station_name":"","station_name_local":null,"station_name_en":null,"city":"Dresden","country":"Germany","lines":null,"station_role":"junction","is_junction":true,"is_interchange":false,"is_terminus":false,"merged_from":null,"merged_names":null,"codes":null},"geometry":{"type":"Point","coordinates":[13.7335333,51.0756641]}},{"type":"Feature","properties":{"station_id":"junc:13.72583:51.05685","station_name":"","station_name_local":null,"station_name_en":null,"city":"Dresden","country":"Germany","lines":null,"station_role":"junction","is_junction":true,"is_interchange":false,"is_terminus":false,"merged_from":null,"merged_names":null,"codes":null},"geometry":{"type":"Point","coordinates":[13.7258255,51.0568463]}},{"type":"Feature","properties":{"station_id":"junc:13.72849:51.05654","station_name":"","station_name_local":null,"station_name_en":null,"city":"Dresden","country":"Germany","lines":null,"station_role":"junction","is_junction":true,"is_interchange":false,"is_terminus":false,"merged_from":null,"merged_names":null,"codes":null},"geometry":{"type":"Point","coordinates":[13.7284854,51.0565374]}},{"type":"Feature","properties":{"station_id":"junc:13.74868:51.03747","station_name":"","station_name_local":null,"station_name_en":null,"city":"Dresden","country":"Germany","lines":null,"station_role":"junction","is_junction":true,"is_interchange":false,"is_terminus":false,"merged_from":null,"merged_names":null,"codes":null},"geometry":{"type":"Point","coordinates":[13.7486759,51.0374703]}},{"type":"Feature","properties":{"station_id":"junc:13.71460:51.07950","station_name":"","station_name_local":null,"station_name_en":null,"city":"Dresden","country":"Germany","lines":null,"station_role":"junction","is_junction":true,"is_interchange":false,"is_terminus":false,"merged_from":null,"merged_names":null,"codes":null},"geometry":{"type":"Point","coordinates":[13.7146048,51.0794975]}},{"type":"Feature","properties":{"station_id":"junc:13.79686:51.00040","station_name":"","station_name_local":null,"station_name_en":null,"city":"Dresden","country":"Germany","lines":null,"station_role":"junction","is_junction":true,"is_interchange":false,"is_terminus":false,"merged_from":null,"merged_names":null,"codes":null},"geometry":{"type":"Point","coordinates":[13.7968612,51.0003968]}},{"type":"Feature","properties":{"station_id":"junc:13.82403:51.01276","station_name":"","station_name_local":null,"station_name_en":null,"city":"Dresden","country":"Germany","lines":null,"station_role":"junction","is_junction":true,"is_interchange":false,"is_terminus":false,"merged_from":null,"merged_names":null,"codes":null},"geometry":{"type":"Point","coordinates":[13.8240303,51.012757]}},{"type":"Feature","properties":{"station_id":"junc:13.83743:51.02503","station_name":"","station_name_local":null,"station_name_en":null,"city":"Dresden","country":"Germany","lines":null,"station_role":"junction","is_junction":true,"is_interchange":false,"is_terminus":false,"merged_from":null,"merged_names":null,"codes":null},"geometry":{"type":"Point","coordinates":[13.8374264,51.0250265]}},{"type":"Feature","properties":{"station_id":"junc:13.77815:51.05294","station_name":"","station_name_local":null,"station_name_en":null,"city":"Dresden","country":"Germany","lines":null,"station_role":"junction","is_junction":true,"is_interchange":false,"is_terminus":false,"merged_from":null,"merged_names":null,"codes":null},"geometry":{"type":"Point","coordinates":[13.7781503,51.0529364]}},{"type":"Feature","properties":{"station_id":"junc:13.72039:51.05487","station_name":"","station_name_local":null,"station_name_en":null,"city":"Dresden","country":"Germany","lines":null,"station_role":"junction","is_junction":true,"is_interchange":false,"is_terminus":false,"merged_from":null,"merged_names":null,"codes":null},"geometry":{"type":"Point","coordinates":[13.7203866,51.0548727]}},{"type":"Feature","properties":{"station_id":"junc:13.69460:51.04315","station_name":"","station_name_local":null,"station_name_en":null,"city":"Dresden","country":"Germany","lines":null,"station_role":"junction","is_junction":true,"is_interchange":false,"is_terminus":false,"merged_from":null,"merged_names":null,"codes":null},"geometry":{"type":"Point","coordinates":[13.6945993,51.0431458]}},{"type":"Feature","properties":{"station_id":"junc:13.72981:51.05083","station_name":"","station_name_local":null,"station_name_en":null,"city":"Dresden","country":"Germany","lines":null,"station_role":"junction","is_junction":true,"is_interchange":false,"is_terminus":false,"merged_from":null,"merged_names":null,"codes":null},"geometry":{"type":"Point","coordinates":[13.7298098,51.0508304]}},{"type":"Feature","properties":{"station_id":"junc:13.74664:51.04885","station_name":"","station_name_local":null,"station_name_en":null,"city":"Dresden","country":"Germany","lines":null,"station_role":"junction","is_junction":true,"is_interchange":false,"is_terminus":false,"merged_from":null,"merged_names":null,"codes":null},"geometry":{"type":"Point","coordinates":[13.7466398,51.0488452]}}]}