{"type":"FeatureCollection","features":[{"type":"Feature","properties":{"route_ref":"1","route_color":"#e4002b"},"geometry":{"type":"LineString","coordinates":[[106.22876439999999,29.614841100000007],[106.2388177627352,29.612996824194923],[106.23988779296697,29.612970612163917],[106.24241775668318,29.613215943055415],[106.24409636674444,29.613139592443375],[106.27597188837841,29.609979447425903],[106.33179807151414,29.610028355109574],[106.33958358223089,29.609738141749048],[106.34095712000001,29.60977626],[106.3422053022391,29.60996743261405],[106.34944984255746,29.61185755170824],[106.35094539950731,29.612131740619965],[106.36980007851247,29.61219130626762],[106.37106472530938,29.612303814073364],[106.3730024537086,29.61268098557281],[106.37387957711083,29.612764509230374],[106.38128346774192,29.61270708387097],[106.38425419444444,29.612850362400003],[106.38727979720645,29.61285617227524],[106.4255271142857,29.617315964285716],[106.4323284797715,29.618236330676122],[106.43355520857472,29.61822878298269],[106.4347768746533,29.617982411725002],[106.43601769199934,29.61742183956469],[106.43733742976043,29.616446826216],[106.43912890881344,29.614929768955154],[106.4397792799184,29.614054507906424],[106.4401438291868,29.612965425285864],[106.44045243333335,29.606902933333338],[106.44076234,29.606106480000005],[106.44239207545822,29.603958310566515],[106.44280770650413,29.602969341825272],[106.44292203398318,29.602325053780262],[106.44282822813433,29.600980623623105],[106.44246714355013,29.60002760691549],[106.44154253858746,29.598176629424852],[106.44118425000002,29.59717489999999],[106.44068652105264,29.59537901578947],[106.44029168067217,29.593097758189856],[106.44028604775019,29.590875822995713],[106.44073340000003,29.588536218181822],[106.44121304271377,29.586697812762047],[106.44225447678254,29.583782159334984],[106.4423623077986,29.58312242544526],[106.44210498273986,29.580615170130187],[106.44255319816286,29.57881666200225],[106.4426496207491,29.577490140469973],[106.44223881178822,29.574472076490093],[106.44204145137776,29.573856602349903],[106.44131282555901,29.572469413334183],[106.44113080642703,29.571377818991266],[106.44144026666667,29.569341183333332],[106.44187088819076,29.568051896745878],[106.44214431215208,29.56759901000736],[106.44318006232128,29.56651467230402],[106.44550522031942,29.565014927878323],[106.44897198181819,29.56230046363637],[106.45100620000001,29.56103681818182],[106.4531158,29.559911666666665],[106.45413187500002,29.559563275000002],[106.4604929,29.5583394],[106.46141504182805,29.558059649697988],[106.46227613328874,29.55761216605],[106.46275983412302,29.557247962714033],[106.46566739999999,29.5547286],[106.46627235954006,29.55391798281369],[106.46662094282158,29.553043489409962],[106.46674106875979,29.55209604419838],[106.46657127142858,29.551048014285712],[106.46613594874188,29.5500076390388],[106.46602705000001,29.549963849999997],[106.46592761321187,29.549715902753256],[106.46581605000002,29.549676849999997],[106.46191975,29.54438355],[106.46165276666666,29.543721233333333],[106.46153445000002,29.54295625],[106.46160499999999,29.542197475000002],[106.46185409999998,29.541467775000005],[106.462567775,29.540474674999995],[106.46360795,29.539726400000006],[106.47261776329913,29.535460629233306],[106.47374109812155,29.53503244544249],[106.47497516666667,29.534777833333337],[106.47591651,29.534716690000003],[106.47695063750001,29.5347673625],[106.4820572,29.5356413],[106.48402202399853,29.536075593470894],[106.48808093076923,29.536779353846164],[106.49525607715218,29.538502472702934],[106.49631677908357,29.53860739646139],[106.49915039190759,29.538590649356966],[106.49994320808635,29.53873294246562],[106.5012734548839,29.53922939527331],[106.5066333924073,29.542159275101046],[106.50675166,29.54214816000001],[106.50706915348098,29.54236006599078],[106.50718781,29.542348310000005],[106.50733271282533,29.542477075603557],[106.50818404878231,29.542808169190366],[106.50935595919194,29.543123034940063],[106.51258036544884,29.543388160814498],[106.51714866666667,29.543305500000002],[106.5185914245858,29.543453174470926],[106.51967261170752,29.543714703760163],[106.52070296666666,29.544141033333332],[106.52203272870486,29.54512111630672],[106.52520507202163,29.549054715264457],[106.52600097161037,29.54983935931897],[106.52700374750417,29.55036772182091],[106.52797554761595,29.550657278888483],[106.53321154459974,29.551124603644826],[106.53474138745885,29.551505141655724],[106.53609863333334,29.552250633333344],[106.53796919514035,29.55383429276906],[106.53900736154709,29.554573481790808],[106.54033321505494,29.55518793730049],[106.54224981214782,29.555820837857745],[106.54330632499999,29.555862825000006],[106.54760207999999,29.555636680000003],[106.55830963493976,29.55679235421687],[106.55840402813428,29.556858398865547],[106.55861659164621,29.556825957679823],[106.55870746843323,29.556893836404136],[106.55891405,29.55685855],[106.5590047811281,29.556927432321675],[106.55931790769233,29.556902776923078],[106.5594159399849,29.55697256700259],[106.55974353846153,29.556949084615386],[106.55984159140294,29.557018731175493],[106.56016916923076,29.556995392307694],[106.56026724282098,29.55706489534839],[106.56038198461539,29.557018546153852],[106.56406346352662,29.557412247162972],[106.565175414831,29.557221958503128],[106.56876597776163,29.55605180797751],[106.56941820168988,29.555984839172655],[106.57018618730726,29.55609999760171],[106.575075424,29.55771474800001],[106.57640984838423,29.5582270182697],[106.57681845922923,29.5584969885299],[106.57756089252733,29.55931135573848],[106.57973198466986,29.562495645223937],[106.58024467779738,29.563381762038624],[106.580250279434,29.563584812738448],[106.58037783333332,29.563637566666667],[106.58038795215414,29.563841460735787],[106.58135183333333,29.5650405],[106.58179782894727,29.56602878753223],[106.5825893,29.5672612]]}},{"type":"Feature","properties":{"route_ref":"9","route_color":"#862041"},"geometry":{"type":"LineString","coordinates":[[106.58633269999999,29.75540629999999],[106.58360485200001,29.753859892],[106.58282136938604,29.753330517844756],[106.58205314229586,29.75251494655293],[106.58158212542178,29.751704649874473],[106.5814483845929,29.751297463602334],[106.58134343846156,29.750251238461537],[106.5813991439977,29.743513295133535],[106.58158346000002,29.742659860000003],[106.58192852,29.7417965],[106.58236366,29.74106786],[106.58296668,29.7403419],[106.5841116126433,29.73940942859096],[106.58777973507684,29.73723662214878],[106.5887839105215,29.73627104074901],[106.58938446965917,29.735319353014525],[106.58969139391199,29.734487540009706],[106.5898313543655,29.733622436402086],[106.58982273898307,29.721647511864404],[106.58998588000001,29.720371580000002],[106.59051052000001,29.71924600000001],[106.59107728000001,29.718530420000008],[106.59178264,29.717915820000005],[106.59417223591238,29.716336954928188],[106.59481156369131,29.715808904211237],[106.59538937500001,29.715108500000003],[106.59576575000001,29.714407775],[106.59588652108548,29.71433920443223],[106.595901025,29.714032],[106.59601413713924,29.71395447011541],[106.59595385,29.713840724999997],[106.59610138001813,29.713561300588047],[106.59605225,29.713256849999997],[106.59614753545067,29.71316293750594],[106.59606477499999,29.713059949999998],[106.595931525,29.7087396],[106.59566759286432,29.706127707920057],[106.59542596666667,29.705092800000003],[106.59429986315791,29.701926747368415],[106.59394071428572,29.700648471428572],[106.59373264999999,29.699226375000002],[106.59387341111113,29.698021755555555],[106.59413797500001,29.697331150000004],[106.59475951568628,29.696384600000002],[106.60047338333332,29.6893445],[106.60060028519803,29.689314461998926],[106.60057873333332,29.689201866666664],[106.60078086666667,29.688912533333333],[106.6009057069111,29.688877261857932],[106.60087796666667,29.688765316666665],[106.61088296437792,29.67153737242288],[106.61144835699811,29.670179234150673],[106.61271298,29.66644626],[106.6130013589381,29.665175198395513],[106.61319075919143,29.66364540045087],[106.61331607999999,29.66225356],[106.61328209999999,29.66149736666667],[106.61306347857142,29.660454189285716],[106.61193680186447,29.657153644334592],[106.61083985732412,29.655486842004244],[106.60957957999999,29.654408959999998],[106.60823743333334,29.653707483333335],[106.60701617142858,29.653294228571433],[106.60242506666667,29.652193066666666],[106.59838553333334,29.65137275],[106.597244975,29.650770774999994],[106.596466,29.65000451428571],[106.59620242,29.649623539999993],[106.59578567142859,29.64850364285714],[106.59489961468503,29.644240263976823],[106.59451976920349,29.64300454626332],[106.59409260000001,29.6421729],[106.59203657851569,29.639120787457667],[106.59159525000001,29.637927399999995],[106.5914974,29.63685805],[106.591584725,29.636045675],[106.5926048,29.6332056],[106.59265745000002,29.632350399999996],[106.59273995992913,29.63226452394561],[106.59265899656803,29.63217800255244],[106.59266724329824,29.630464313442232],[106.59233437047611,29.627231468013317],[106.59211140000001,29.6262398],[106.5916897,29.6253453],[106.59090373296561,29.624392960493655],[106.58946251736438,29.62373726482837],[106.58381417059289,29.622107366845924],[106.58246944158101,29.621462728247295],[106.57589098,29.616262879999997],[106.57505076,29.615369659999992],[106.57374053333334,29.613495266666668],[106.57319233333334,29.612931966666665],[106.57264581666666,29.61253635],[106.56859146364103,29.610256204797455],[106.56804243999999,29.609808559999998],[106.56753784000001,29.60914692],[106.5673522,29.608731880000004],[106.56717920000001,29.607916399999997],[106.56723197055342,29.60625502121272],[106.56767006666668,29.604791566666673],[106.56909335858346,29.60211124089341],[106.56931245139404,29.601196207941857],[106.56925867517565,29.59972412464021],[106.56876053682119,29.59860285645488],[106.56490501039588,29.59277194920074],[106.564496263406,29.59174447600774],[106.56440070000002,29.59088795],[106.56458498121442,29.58975070716335],[106.56524008759773,29.588161079562937],[106.56615737999999,29.585462059999998],[106.56763358394905,29.58294257379769],[106.56802101871553,29.58195971596356],[106.56815880712651,29.581034788214332],[106.56817969720731,29.57803003839184],[106.56812415,29.57733155],[106.5679484380404,29.57671058733038],[106.56702802774626,29.57576001612386],[106.56619696548121,29.57543039620034],[106.56130841702128,29.57562343404255],[106.56099514299534,29.575577404007973],[106.55726445,29.57580075],[106.55597902376081,29.575703836853286],[106.55441477649521,29.575337307613502],[106.55248200765227,29.575131862987288],[106.54509925816654,29.576495662496512],[106.53791486956523,29.577108047826087],[106.5378050078477,29.57705811931207],[106.53770808405797,29.577125320289856],[106.53749487792648,29.577084465635632],[106.53626058550726,29.577246227536232],[106.53452375714285,29.577248228571428],[106.53384506666667,29.57712966666666],[106.53281612857143,29.57678757142857],[106.53044004276158,29.575586328371358],[106.52843564067581,29.574706704191197],[106.52756223153743,29.57445460023017],[106.52449177878788,29.57394061818182],[106.52347594,29.573694879999994],[106.51971056,29.572108459999995],[106.51879040000001,29.571484666666667],[106.51827713333334,29.57094306666666],[106.51761947142857,29.569985685714286],[106.51732442857144,29.569113557142856],[106.51723391428571,29.567890685714286],[106.51773036331677,29.561146775046506],[106.51725404367207,29.559002032617258],[106.51396204974952,29.55052099317768],[106.51360905940638,29.549992710405373],[106.5127771304583,29.549217822057496],[106.51188385240707,29.548767252306014],[106.51099325533609,29.548521585603257],[106.50968653501192,29.54847920122573],[106.50834438057157,29.54883023427174],[106.50726432220533,29.54944595997898],[106.50215708,29.553075059999994],[106.50105858147683,29.553525048218493],[106.49862934000001,29.55401956],[106.49764998,29.554053919999998],[106.49676103704438,29.553841704443812],[106.49587531900501,29.553333265323484],[106.49576334081651,29.55316628585435],[106.49564217485639,29.553146415841784],[106.49455861249012,29.552250769359112],[106.49279174727438,29.55183932282796],[106.4869481882353,29.553238999999998],[106.48566394999999,29.553453049999998],[106.48020332491791,29.553817147245926],[106.48010353884547,29.55372491637052],[106.47988413333331,29.553821628205128],[106.47956323043478,29.553819630434784],[106.47191316021605,29.55361386564127],[106.47046070479455,29.55372643437729],[106.46921162254564,29.554097293482027],[106.46319244,29.5568533],[106.46145564999999,29.557282649999998],[106.45296255,29.55755155],[106.452164,29.557488639999995],[106.45127844285715,29.557283442857145],[106.44994874,29.556663839999995],[106.44883184999999,29.5556745],[106.44595929999998,29.551740183333333],[106.4452873,29.550568039999998],[106.44510353999999,29.549635639999998],[106.4451722048208,29.54881408585626],[106.44563313157896,29.54743133684211],[106.44572950940551,29.54736238524232],[106.44572842105265,29.547170857894738],[106.44582466503891,29.547101869269966],[106.44631288502117,29.545221123135896],[106.44604474337932,29.54332047239738],[106.44466270000002,29.539661599999995]]}},{"type":"Feature","properties":{"route_ref":"5","route_color":"#00a3e0"},"geometry":{"type":"LineString","coordinates":[[106.5658949,29.7559302],[106.56571114284249,29.753445283483018],[106.5656943742857,29.74455174],[106.56560175121264,29.742834092923943],[106.56598368146835,29.740717431561208],[106.56689296470587,29.73802113529411],[106.56709539534354,29.736619475313447],[106.56753141249999,29.734767299999994],[106.56828191,29.730166800000003],[106.56901664999998,29.722951150000004],[106.56888208571429,29.718032042857143],[106.56878054285713,29.717226085714287],[106.56627832541957,29.711144055653183],[106.56585442222222,29.709693322222222],[106.56560860687584,29.708046017215878],[106.56545165238093,29.70404620476191],[106.56525873579879,29.702149997548524],[106.56516752395655,29.698995589816377],[106.56668057999997,29.693391639999994],[106.56666757499998,29.69213875],[106.56634026666664,29.691223800000007],[106.55487366091096,29.675799574302754],[106.55387634932993,29.67454400639987],[106.55288787215535,29.67351270728091],[106.55276744326282,29.673500288732228],[106.55267093333335,29.673323500000006],[106.55133940196077,29.672337962745107],[106.54721654400001,29.66952288000001],[106.545523356,29.66840022],[106.54375431999999,29.667370565],[106.53913044006957,29.66569144082323],[106.5377499217998,29.664999033800918],[106.52907126827616,29.657474097478147],[106.52814539144136,29.656587159106977],[106.52761722011569,29.655894797143112],[106.52714587334724,29.654912340308186],[106.52673618812868,29.65351724869398],[106.52677872272726,29.653332081818185],[106.52670056358778,29.65325011139861],[106.52674104545453,29.65306516363637],[106.52666499643638,29.65298296797734],[106.52581129082925,29.64622333140174],[106.5260063049608,29.64472129804541],[106.52631886981332,29.643865365047404],[106.52719737093307,29.642555401675917],[106.5284962402055,29.64153090049161],[106.53027126666665,29.640457816666654],[106.53112418461538,29.639632730769225],[106.53177609999999,29.63857098],[106.53202126057613,29.637779258322354],[106.53208602500001,29.6369746],[106.53193307142857,29.635983657142855],[106.53146251384698,29.634916906843415],[106.5267128888889,29.628061811111117],[106.52590645714287,29.627321471428576],[106.52490606666667,29.62673415555556],[106.5240638875,29.626427050000004],[106.52303650337565,29.626243467851108],[106.51968259999998,29.62590402857143],[106.50883015714287,29.62591174285715],[106.50784855714285,29.625792485714285],[106.50668490000001,29.6252937625],[106.50602556000001,29.62482164],[106.505591725,29.624356824999996],[106.50514032,29.62362242],[106.50493684285715,29.6230331],[106.50471108571429,29.621331764285713],[106.50461050000001,29.617647825000002],[106.504409125,29.616958625000006],[106.50394456666665,29.61615233333334],[106.50320552727273,29.61542977272727],[106.5022346,29.614878500000003],[106.50145185384615,29.614634938461535],[106.5009196341329,29.61458184379102],[106.50083251538463,29.61450275384616],[106.49850171496601,29.614009653541927],[106.4974324,29.6136335],[106.4969402,29.6133639],[106.496165525,29.612726650000006],[106.49525306724718,29.611471310850543],[106.49499864802696,29.610341853918754],[106.49497354873927,29.609546061780595],[106.49491064444443,29.597416433333336],[106.49483114580383,29.597237763808064],[106.49490573333333,29.597057500000002],[106.4946961,29.587217766666665],[106.49448972,29.58631564],[106.49411087142856,29.58553532857143],[106.49248973128736,29.58379797715799],[106.49209012499998,29.583132374999998],[106.49188905999999,29.582565380000002],[106.49179364833994,29.581735909027234],[106.49199433333334,29.579789333333334],[106.491941,29.57828345],[106.49117974444444,29.572156655555553],[106.49014622209513,29.566175807481972],[106.48970598012167,29.562766782076274],[106.49071568135264,29.553668984270757],[106.49104879999791,29.55240371706726],[106.49151110538621,29.55174864683195],[106.49249961895053,29.550970038105405],[106.49410866839786,29.550166566411853],[106.49415999389318,29.55007359558949],[106.49436041601761,29.55004207086067],[106.49521523333333,29.549460866666657],[106.49576381428571,29.548793885714286],[106.49623364285713,29.547767242857145],[106.49639540740738,29.546770066666667],[106.49634379999999,29.544336259999998],[106.4960876,29.5433499],[106.49552972727274,29.54216944545455],[106.49378253333333,29.539205233333334],[106.49282924,29.53832772],[106.49181158333333,29.537768633333336],[106.49025169999999,29.537137844444448],[106.48845853333334,29.536569306666667],[106.48694821632654,29.53623156938776],[106.48059078202583,29.535120533795013],[106.47977337658119,29.534858948231324],[106.47902555385743,29.53445176344796],[106.47835762225576,29.533909695128656],[106.47811899373345,29.533597982199403],[106.47688649999998,29.531458883333336],[106.47614119999999,29.53044750000001],[106.47247218372428,29.527032989322738],[106.47119339999999,29.525224180000002],[106.47049126000002,29.52457534000001],[106.4698760325583,29.52420598663062],[106.46915001999999,29.523910800000007],[106.4639751232547,29.52290538393767],[106.46233119924494,29.522499511867487],[106.46124970201515,29.522054380809724],[106.46073588718852,29.521730121621466],[106.46015650915272,29.521135300412894],[106.4592236836657,29.5193414035486],[106.45867558893231,29.51854093506708],[106.45778822,29.51777288],[106.45693856666666,29.517282316666673],[106.45619723333333,29.516995583333337],[106.45497598333333,29.516744400000004],[106.44690400588237,29.51583356470589],[106.44517395294118,29.515754517647057],[106.44186601144472,29.515808377579198],[106.439888525,29.515635687499994],[106.43909132222223,29.51542765555555],[106.43842927777779,29.515143144444444],[106.43791586666667,29.514790416666674],[106.43741898,29.514212419999996],[106.43706321666667,29.513443000000002],[106.43687476999999,29.51188715],[106.43703243749998,29.508113312500004],[106.43682024444443,29.507355522222223],[106.4360165,29.505393666666667],[106.4356079174649,29.50212413660473],[106.43571451742427,29.503309698018548],[106.435682675,29.5012391],[106.43621705555556,29.499662666666673],[106.43681451111111,29.498892777777783],[106.43806178400229,29.49791571429984],[106.44569654999998,29.49519245],[106.44676836363637,29.494512972727268],[106.44718893636363,29.49402532727273],[106.44763750000001,29.493228],[106.44772561666665,29.492884466666666],[106.44773717836262,29.4918917171219],[106.44891600769229,29.488975507692302],[106.44888674277092,29.488871234695267],[106.44901733846153,29.48871923846153],[106.44898827938884,29.488615027014585],[106.44911866923076,29.488462969230763],[106.44908981600675,29.488358819333904],[106.4493551076923,29.487865007692296],[106.4493267485051,29.48776100551565],[106.44945643846154,29.48760873846154],[106.44942828512299,29.48750479783496],[106.44955776923076,29.487352469230764],[106.44952982174088,29.48724859015428],[106.44999951666667,29.486242783333335],[106.45018702857143,29.48560888571429],[106.45023623333331,29.484672033333336],[106.44997326923077,29.48370206923077],[106.447584975,29.4788563625],[106.44570251999998,29.472750820000005],[106.44561429390235,29.47267867238944],[106.44523351199999,29.471196772],[106.44471066488897,29.469780600041055],[106.44316613333332,29.464555399999995],[106.44273807632617,29.463572144022173],[106.44220498333333,29.461917266666667],[106.44122087541638,29.459998807156552],[106.44012766736101,29.457487139933036],[106.43899309160493,29.454720054671835],[106.43877321127049,29.453931054606393],[106.43875468554165,29.449634713154442],[106.43856433333335,29.447952055555554],[106.43783266262663,29.443662932789486],[106.43767527720463,29.438878177647144],[106.43554162315574,29.427266125451393],[106.43537775418592,29.425850212314295],[106.43533209914125,29.4227226043688],[106.43604666241002,29.417248172057523],[106.4360342,29.415942124999997],[106.43578527944325,29.414788803001937],[106.43539835623223,29.413850097634754],[106.43355685011362,29.41085410151815]]}},{"type":"Feature","properties":{"route_ref":"4–环–5","route_color":"#00a3e0"},"geometry":{"type":"MultiLineString","coordinates":[[[106.43355501456861,29.41085244262214],[106.43519354975301,29.41345619991072],[106.4357275143175,29.414642863438576],[106.43601635017232,29.416025811328442],[106.43606885302208,29.41698247239947],[106.43532070906065,29.422554289903708],[106.43526675422517,29.424016807805046],[106.43534100540379,29.425661642067947],[106.43554021250002,29.427262949999996],[106.43732079841183,29.436629539473657],[106.43765725552254,29.43888132532615],[106.43778401279612,29.44337085780869],[106.4387244917367,29.449461278687767],[106.43878311103882,29.451140005534437],[106.43870629823448,29.453407143070294],[106.43878969182214,29.45403693683049],[106.43910060705473,29.455053665770418],[106.44304876896621,29.464305311614073],[106.44444049347085,29.46871939473256],[106.44505634567433,29.471051393204696],[106.44514316531091,29.471122875593167],[106.44510463200001,29.471223247999998],[106.44563497933966,29.47274840436622],[106.44631473333334,29.475441222222223],[106.4472773,29.478483649999998],[106.44813313333334,29.480406511111106],[106.44990913965812,29.483907018390493],[106.45009554204069,29.48485722031626],[106.44992556089966,29.48603984250077],[106.44942858189657,29.48750324429558],[106.44933277692307,29.48757],[106.44932707618162,29.487759356122293],[106.44923106538462,29.487826050000002],[106.44922557046665,29.488015467949],[106.44912935384616,29.488082100000007],[106.44898873751998,29.48861306633311],[106.44889202692309,29.48867955],[106.44888723180503,29.488869178159817],[106.44879031538463,29.4889356],[106.44878572609005,29.489125289986525],[106.44868860384615,29.489191650000006],[106.44768806666667,29.49179007777778],[106.4475574,29.4930036],[106.44716413409336,29.49379495142796],[106.4465216880522,29.494546628837462],[106.44587370240066,29.494964681013244],[106.44536817231888,29.49517114207253],[106.43757370000002,29.4979385],[106.43690682500001,29.4983443625],[106.4363362875,29.498847337500003],[106.4357624125,29.499556325000004],[106.43541121428572,29.50019247142857],[106.435185125,29.5014392],[106.43538265000001,29.503650799999996],[106.43563360735017,29.504417995447888],[106.43588780299481,29.506064291101477],[106.43664712923677,29.508136151168323],[106.43636224444445,29.51526778888889],[106.436399175,29.51626215],[106.43654922,29.517072659999997],[106.43713,29.51846982],[106.43836939154977,29.52037353406593],[106.43921050000002,29.521865383333335],[106.43957279508729,29.522985198984376],[106.43957012222222,29.523541844444445],[106.43978307287946,29.524448223724693],[106.44044270000002,29.525501528571432],[106.4411633977762,29.52606598025259],[106.4419879,29.526485179999995],[106.44283897999999,29.526691779999997],[106.44580511349103,29.527051184389357],[106.4463248,29.5271828],[106.44682647419651,29.527326710949158],[106.44767798987876,29.52795435967432],[106.44808004655162,29.5283715703332],[106.4484659,29.5290538],[106.44889905555556,29.53042277777778],[106.44946644285714,29.531623057142856],[106.45108437,29.53374701],[106.45163644444446,29.534919655555548],[106.45252375714286,29.537157514285713],[106.45322457500001,29.541421149999998],[106.45342166666667,29.54209091111111],[106.45396342000001,29.543122959999998],[106.455543325,29.545497049999998],[106.4557161,29.546054339999998],[106.4558003,29.5468298],[106.45568923081628,29.54772708617499],[106.45557848,29.547789800000004],[106.4553750929215,29.54831202019424],[106.45526505000001,29.548362050000005],[106.45522858109196,29.548548476293576],[106.45512049387675,29.548599396478583],[106.45459602307693,29.549483546153848],[106.45432745714287,29.55009885714286],[106.45410006000003,29.55104326],[106.45408873333336,29.55194953333333],[106.45519235615494,29.55785489479289],[106.45571634,29.561549079999995],[106.45600082000001,29.562775159999997],[106.45704535000002,29.564970800000005],[106.45765837142856,29.56584061428571],[106.45876840113968,29.567009864068066],[106.45929949466334,29.567911348372647],[106.4593463,29.568254333333332],[106.45943856561706,29.56831906651329],[106.45954800000001,29.569253600000003],[106.4594872,29.573348666666668],[106.45960240000001,29.573982379999997],[106.45994158571429,29.574801128571423],[106.46065906666665,29.5756417],[106.4610526929069,29.57591854508122],[106.46489609961755,29.579457024117985],[106.46764784137932,29.5821045137931],[106.4687112,29.5828856],[106.46977444999999,29.583269599999994],[106.47065266,29.58340892],[106.47399943039584,29.58309907479782],[106.47607008333334,29.583170366666668],[106.47719795,29.58349236666667],[106.47816309617632,29.584157727187712],[106.47855617472945,29.584582054924343],[106.47880880938268,29.58504771123665],[106.4790395652958,29.5856450209236],[106.47911831382382,29.586300752127514],[106.47911482843332,29.58690878436004],[106.47853131578948,29.589358315789475],[106.47848979175838,29.59163301855329],[106.47854925613588,29.589626274569024],[106.47915866363637,29.587030527272727],[106.47923035714285,29.58611427142857],[106.47913432857142,29.585457328571426],[106.4788911,29.584846566666666],[106.47818274000001,29.583888660000003],[106.47753965,29.583409449999998],[106.47706168,29.5831741],[106.47572646666666,29.582845633333335],[106.47471271666666,29.58284696666667],[106.47075798333333,29.583260666666668],[106.46973830962996,29.58321501659318],[106.46865378875785,29.58281515211462],[106.46778481381493,29.582216574433573],[106.4616578601963,29.576472073473102],[106.46039132000001,29.575148520000006],[106.4599939903699,29.574560232280362],[106.45970527999998,29.573738740000003],[106.45962527116026,29.573111947778028],[106.45970405,29.569423],[106.45947496,29.56819442],[106.4588953,29.56705955714286],[106.45786821428571,29.5658754],[106.457753454754,29.565843671368697],[106.4570426020305,29.564717705768626],[106.45606878993298,29.5627666668103],[106.45592436,29.56196909],[106.45584073982408,29.561892597064585],[106.45562832499999,29.559355975000003],[106.45520155714286,29.557023328571425],[106.45467167499999,29.554610824999997],[106.45458717681034,29.55452805466428],[106.454639625,29.554427208333333],[106.4542145,29.5517907],[106.45418805695738,29.55095226682837],[106.45464752651345,29.54969380255027],[106.45581309579728,29.547598192175034],[106.45594095999998,29.54701362],[106.45592502,29.54618256],[106.45565889999997,29.545367700000007],[106.4536522,29.5422307],[106.45346692999999,29.541539659999998],[106.45315655333334,29.538617933333335],[106.45297078095238,29.537721057142857],[106.45135633333332,29.533941700000003],[106.45084987999998,29.53315218000001],[106.44945439775947,29.53147712576701],[106.44915723999999,29.53070848000001],[106.4490603859755,29.530646168375927],[106.44851908888889,29.528876466666674],[106.44794636666666,29.5280118],[106.44718566666668,29.52743430000001],[106.44613998000001,29.526995740000004],[106.44195686192633,29.526400960909875],[106.4411134778387,29.525966358667148],[106.44020033174756,29.525115271950717],[106.43971572452989,29.523989718521335],[106.43959789999998,29.5227223],[106.43933718571427,29.52177305714286],[106.4386110923077,29.52047565384616],[106.43736712425724,29.51857073520878],[106.43676441048657,29.517220535283958],[106.43652166426234,29.515426277348592],[106.43673134999999,29.508218449999998],[106.43646709999999,29.50716485],[106.43585630063691,29.50576167501957],[106.4356847290812,29.50467795824379],[106.43578972499998,29.503625375],[106.4356079174649,29.50212413660473],[106.43571451742427,29.503309698018548],[106.435659075,29.50142855],[106.43596334444445,29.500256733333334],[106.43621705555556,29.499662666666673],[106.4366828375,29.499035474999996],[106.4373066888889,29.49843622222222],[106.43806178400229,29.49791571429984],[106.44569654999998,29.49519245],[106.44676836363637,29.494512972727268],[106.44718893636363,29.49402532727273],[106.44763750000001,29.493228],[106.44772561666665,29.492884466666666],[106.44773717836262,29.4918917171219],[106.44891600769229,29.488975507692302],[106.44888674277092,29.488871234695267],[106.44901733846153,29.48871923846153],[106.44898827938884,29.488615027014585],[106.44911866923076,29.488462969230763],[106.44908981600675,29.488358819333904],[106.4493551076923,29.487865007692296],[106.4493267485051,29.48776100551565],[106.44945643846154,29.48760873846154],[106.44942828512299,29.48750479783496],[106.44955776923076,29.487352469230764],[106.44952982174088,29.48724859015428],[106.44999951666667,29.486242783333335],[106.45018702857143,29.48560888571429],[106.45023623333331,29.484672033333336],[106.44997326923077,29.48370206923077],[106.447584975,29.4788563625],[106.44570251999998,29.472750820000005],[106.44561429390235,29.47267867238944],[106.44523351199999,29.471196772],[106.44471066488897,29.469780600041055],[106.44316613333332,29.464555399999995],[106.43970139920562,29.456478946156736],[106.43899309160493,29.454720054671835],[106.43877321127049,29.453931054606393],[106.43875468554165,29.449634713154442],[106.43856433333335,29.447952055555554],[106.43783266262663,29.443662932789486],[106.43767527720463,29.438878177647144],[106.43554162315574,29.427266125451393],[106.43537775418592,29.425850212314295],[106.43533209914125,29.4227226043688],[106.43604666241002,29.417248172057523],[106.4360342,29.415942124999997],[106.43578527944325,29.414788803001937],[106.43539835623223,29.413850097634754],[106.43355685011362,29.41085410151815]],[[106.6556806,29.6083739],[106.6545216,29.6074933],[106.65369102000001,29.60705384],[106.65254195129187,29.606697224475145],[106.65223441553091,29.606687821486577],[106.65115150339342,29.606838293787437],[106.6461912075922,29.608423949969925],[106.64472097142857,29.608742971428565],[106.64329668000002,29.60885028],[106.6358662,29.608667199999996],[106.63491737278265,29.608753456597498],[106.63424359462952,29.60898079870773],[106.6335267,29.6094124],[106.63274774424283,29.61003924786554],[106.63214705858266,29.61087261538094],[106.63187351532979,29.61169521124077],[106.63164016865254,29.617039222680514],[106.63167775646481,29.618061064044795],[106.6319043385054,29.619727431684126],[106.63179764,29.620422100000003],[106.63142194000001,29.621159040000002],[106.63103098,29.62157052],[106.6301927,29.622087450000002],[106.62675182952779,29.623247430317544],[106.62640278675885,29.623464845751688],[106.62553757114345,29.62422738322419],[106.62421203999997,29.62611791999999],[106.6233166003979,29.62681332429275],[106.62256058942117,29.627182802095316],[106.62158800608726,29.62750129542498],[106.62051788722191,29.627679704819176],[106.61983147415819,29.627698675835735],[106.61450081209694,29.627417671109406],[106.6083909,29.62677685],[106.60732594973466,29.626431213845297],[106.60497876506578,29.625078455235162],[106.60407571057733,29.624870961563545],[106.60023311605676,29.624368480511006],[106.59934267212017,29.62440708851905],[106.59559169799999,29.625175293999995],[106.59106093333332,29.62594289999999],[106.58957629729487,29.626106187152345],[106.58664544834707,29.625997057920724],[106.58556225,29.625814199999994],[106.58511042500001,29.625604725000002],[106.58459680000001,29.62513009999999],[106.58302943333332,29.622617],[106.58206688749999,29.621500268749998],[106.58105810588233,29.620592270588233],[106.575949775,29.616456200000002],[106.5751467,29.615485385714283],[106.57379696666666,29.613575633333337],[106.57317730000001,29.61289696666666],[106.57218763670899,29.612254454999746],[106.56858693999999,29.610313199999997],[106.56765628706155,29.609963958848713],[106.5665067984225,29.60971711877401],[106.56529447378618,29.609775180183284],[106.56398548807893,29.61015456873846],[106.55730218607276,29.613738130046343],[106.55632331818181,29.614148636363637],[106.55519606666667,29.614459000000004],[106.55356773636363,29.61462899090909],[106.54235643333334,29.615147222222223],[106.54059416666668,29.615015866666663],[106.5373492,29.614442549999996],[106.53604893333333,29.613987844444438],[106.53552381054443,29.61368270599529],[106.53540119999998,29.61368944999999],[106.53536980419425,29.613546464888483],[106.53521613333332,29.613604194444438],[106.53431519611614,29.613121834230625],[106.5320418,29.612406],[106.52951656577854,29.612111720417946],[106.52733910709831,29.611996019703742],[106.5238428249007,29.61117998512934],[106.52255821217726,29.611034726066986],[106.52384181991827,29.611179768362135],[106.5272358796602,29.611962384173054],[106.53065026666665,29.612117050000005],[106.53176267500001,29.612239575000004],[106.5319520618761,29.612337313570535],[106.532060127874,29.61229362671611],[106.53346586666666,29.612689366666665],[106.53635185289521,29.614054069902902],[106.53750715245536,29.61443084461687],[106.54030550329786,29.61491897566825],[106.54226496666665,29.61498935555556],[106.55445453248083,29.614422306352342],[106.55599513978204,29.614188280253032],[106.55737533682017,29.613670557635487],[106.56312423932535,29.610552461328357],[106.5643783667292,29.609966459819965],[106.56589092857143,29.60965075714286],[106.56730536666667,29.60974650000001],[106.5679902,29.60990592],[106.568769599963,29.610210318481023],[106.5722116,29.61207473333334],[106.57388423333333,29.613199000000005],[106.57465307777778,29.61404793333333],[106.57591602000001,29.61578118],[106.5767655,29.616666674999998],[106.58127112941176,29.62028735882353],[106.58219554615386,29.621130161538467],[106.58325202500001,29.622471908333342],[106.58475770000001,29.624985833333337],[106.585176125,29.625406375000004],[106.5858232,29.6257796],[106.58684100680296,29.626008305913388],[106.58887178450819,29.626087192608423],[106.59086767816078,29.625971622913305],[106.59669135668827,29.62496636006725],[106.59913574663743,29.62444222270615],[106.60013726,29.624352160000004],[106.60462335113651,29.62496787631323],[106.60561249706177,29.62538978238397],[106.60723262729105,29.62636599748354],[106.6083839733525,29.62677500931807],[106.61428635704259,29.627383094484976],[106.61993618834882,29.627682631286334],[106.62140624148432,29.627543074767402],[106.62256618343575,29.627178418113537],[106.62341158900033,29.626742014553226],[106.62419017538747,29.626095018949478],[106.62473289694181,29.625445767902058],[106.6253540878465,29.624405195153017],[106.62618086666667,29.623546266666672],[106.62719213333334,29.622968333333336],[106.63067123769933,29.621751084418484],[106.63148370817025,29.62096144462873],[106.63181592320365,29.620128499867576],[106.6318738483709,29.61956455643149],[106.63163542161598,29.617583461743873],[106.63169978301887,29.61445502830189],[106.63187364078586,29.611693537805678],[106.63203498601115,29.611106674694366],[106.63258135000001,29.610178050000002],[106.63289307892701,29.60983576401673],[106.63396791975791,29.609053588626033],[106.63484106666667,29.608707166666672],[106.63587057999999,29.608521200000002],[106.64114941229364,29.60862337767331],[106.64538793179969,29.608560323496754],[106.64709841765675,29.60811888859783],[106.65107129047537,29.60683439099449],[106.6521397,29.60663475],[106.65287097524784,29.60669854005956],[106.65388068,29.607005720000004],[106.65478243333332,29.60748506666667],[106.6557948,29.608267499999997]],[[106.47860990710502,29.594316126408756],[106.47879703515429,29.598597611432904],[106.47932410328423,29.599713829572323],[106.479554275,29.59988920000001],[106.47955983656362,29.599995697962918],[106.4802457,29.600494899999998],[106.48120422000001,29.6009625],[106.48229921227313,29.601180917498915],[106.49054506666667,29.601189377777782],[106.49321237154112,29.6013130207028],[106.49664728571429,29.601273542857143],[106.49744683044204,29.601344780049605],[106.49823690000001,29.601533850000006],[106.499113,29.601976633333344],[106.49959324000001,29.60232802],[106.50036323333332,29.60326106666667],[106.50109596666667,29.6049468],[106.50160872857141,29.607373214285722],[106.50210050683467,29.60854224525998],[106.5026058,29.609150250000006],[106.50307788333335,29.609536500000004],[106.50417649999999,29.610095899999997],[106.50488053503591,29.610280284643572],[106.50563243750001,29.610350775],[106.51664729138588,29.610353651484772],[106.51863586666666,29.61022066666667],[106.52004334285715,29.610403871428574],[106.52255814356803,29.61103016680234],[106.51973144842857,29.610349136705043],[106.51901365332675,29.61026906959709],[106.51871399999999,29.610319562499996],[106.51860940506108,29.61023447517137],[106.5184125,29.6103301],[106.51819882248887,29.61022641934187],[106.51810181249999,29.610343749999995],[106.51789146721018,29.61029742294333],[106.5149958,29.610482800000003],[106.5065339952381,29.61049048095238],[106.50514325714285,29.610445657142858],[106.50402186666666,29.610184233333324],[106.50293354285715,29.609609885714285],[106.50207366000001,29.608767339999993],[106.50153071428572,29.60773698571428],[106.5009072,29.60490277142857],[106.50038379045826,29.603632997224608],[106.49965408,29.602590399999997],[106.4988218850128,29.601872461047744],[106.498331883138,29.60163154322538],[106.4970857360396,29.60131787670144],[106.49644410065333,29.60129771277217],[106.48249161999999,29.60133004],[106.48122706666666,29.60111683333333],[106.48029623333333,29.600685499999987],[106.47938335,29.599900549999997],[106.47895120000001,29.599215899999997],[106.47871832481366,29.598532711910433],[106.478489857562,29.59163389697785],[106.47860993485055,29.594316124053922]]]}},{"type":"Feature","properties":{"route_ref":"6","route_color":"#f67599"},"geometry":{"type":"MultiLineString","coordinates":[[[106.6392316,29.4904272],[106.63921946152284,29.49053379220746],[106.63932704444443,29.49058595555556],[106.64066326666666,29.492808533333335],[106.6406513663416,29.49291501726988],[106.6407587111111,29.492967288888895],[106.6407945568235,29.493153139776126],[106.64090187777776,29.49320542222223],[106.64093774730534,29.493391262282362],[106.64104504444444,29.49344355555555],[106.64108093778724,29.493629384788598],[106.6411882111111,29.49368168888889],[106.64122412826912,29.493867507294848],[106.64133137777776,29.493919822222228],[106.641367318751,29.494105629801087],[106.64147454444445,29.494157955555554],[106.64151050923286,29.494343752307323],[106.64209493333334,29.49518986666667],[106.64208327116036,29.495296242332287],[106.64219037777777,29.495348622222224],[106.64354536736619,29.49751200874918],[106.65212668888888,29.50878716666667],[106.65291851524053,29.510066872723655],[106.65358023211417,29.512382915054346],[106.65473717999998,29.514715180000007],[106.65501301816562,29.51532396134435],[106.6549774281525,29.515438160639295],[106.65685912739657,29.519213429893117],[106.65731324188596,29.52041716424227],[106.65745777319519,29.521218804939895],[106.65735287089028,29.52284531076873],[106.65666624084831,29.5245172225651],[106.65584524545929,29.52556109508084],[106.65483489636951,29.526395789209655],[106.65400957299606,29.526863585695892],[106.65281122082804,29.527346700679438],[106.64761033222892,29.52910352512978],[106.64656937100028,29.529527182547476],[106.64346811666667,29.53097055],[106.63983224219464,29.532959223318816],[106.63837574035763,29.533880163961904],[106.63836660000001,29.533983199999994],[106.63575744,29.536442379999997],[106.63425743700856,29.537562987417743],[106.60075848000001,29.556982559999987],[106.59983489999999,29.55736804],[106.59850918846152,29.557754646153846],[106.59302797344107,29.55919361871096],[106.59113156210144,29.55960065742798],[106.5819013084696,29.562062089948473],[106.57996093816053,29.562981639891454],[106.57782981963034,29.563710866606204],[106.57717638658872,29.564184521493434],[106.57666496782537,29.56485837195398],[106.57338512857142,29.5722259],[106.57289255198364,29.573127416278222],[106.57214481541031,29.573822850923722],[106.5696658123987,29.575219817892563],[106.5690519072978,29.57579361565495],[106.56873810538443,29.576245869765994],[106.5684473,29.576983299999995],[106.5683609,29.57753195],[106.56835296666667,29.579909966666666],[106.56849863050296,29.581168242472874],[106.56847719680594,29.58197741756734],[106.56833442014218,29.582462522551378],[106.56602367030267,29.586515438137475],[106.56527919999999,29.587145199999995],[106.563994,29.587858149999995],[106.56284209999998,29.588126499999998],[106.55967606666665,29.588154999999997],[106.55848878863483,29.587972592402224],[106.55690134990118,29.58736529361945],[106.55586830000001,29.587241],[106.55457969791459,29.587176603646643],[106.554477712,29.587235451999994],[106.55427164134731,29.587179032749702],[106.55416965999999,29.587238259999992],[106.55396358478,29.587181461852758],[106.553861608,29.587241067999997],[106.55365552821274,29.587183890955814],[106.553553556,29.587243875999995],[106.55334747164544,29.587186320058876],[106.55324550399999,29.587246683999997],[106.55303941507816,29.587188749161935],[106.55293745200001,29.587249491999994],[106.55174686329525,29.58723546966055],[106.5488408,29.5869014],[106.5451272,29.587001700000002],[106.54261365651836,29.58764674067834],[106.54253759230768,29.58773253076923],[106.54063248869751,29.588355275560552],[106.53992231626252,29.588742216848605],[106.53771586666666,29.590381766666663],[106.53669958271406,29.59089591045576],[106.5355329,29.591153499999997],[106.53259796547232,29.591426253193273],[106.53169905750887,29.591348960955152],[106.53089577746367,29.59114029528291],[106.53013094285714,29.590806728571426],[106.52830547708564,29.589725703018917],[106.52527917030412,29.588761859036985],[106.51907728148149,29.5871873],[106.51566925032733,29.58621643228608],[106.51438172173627,29.58603409434808],[106.50320606923077,29.58589671538461],[106.50310451197818,29.585837081299356],[106.50289785384615,29.585891973076922],[106.50279629593433,29.58583237139074],[106.50258963846156,29.58588723076923],[106.5024880798905,29.585827661482124],[106.49997722438093,29.585898224654617],[106.49873477500002,29.586157474999997],[106.49782062311739,29.58647552170225],[106.497497675,29.586704874999995],[106.49719317904378,29.586794569309724],[106.49641556154913,29.587478285246373],[106.49566037853167,29.58838102872206],[106.49513345930434,29.58961065060712],[106.49498536526657,29.59088191858972],[106.49503950095259,29.594439141784797],[106.49517624999999,29.5957754],[106.49512742889233,29.600203823078086],[106.49518896541898,29.60345700128541],[106.49532724999999,29.6049828],[106.49526361457484,29.60515013754764],[106.49533457798164,29.605412299999998],[106.49540116146787,29.610452300000002],[106.49533593583473,29.610542963491614],[106.49540353944953,29.6106323],[106.49533955093297,29.610812963010837],[106.49540710642201,29.610902299999996],[106.4953431660312,29.611082962530055],[106.49541067339449,29.6111723],[106.49534678112943,29.611352962049267],[106.49541424036696,29.6114423],[106.49535039622766,29.611622961568486],[106.49541780733944,29.6117123],[106.49535401132592,29.6118929610877],[106.4954213743119,29.611982299999998],[106.49535762642415,29.612162960606916],[106.49542494128438,29.612252299999998],[106.49536124152239,29.61243296012613],[106.49542850825688,29.6125223],[106.49536485662063,29.61270295964535],[106.49543207522936,29.6127923],[106.49536847171888,29.61297295916457],[106.49543564220183,29.613062299999996],[106.49537208681708,29.613242958683784],[106.49543920917431,29.6133323],[106.49537570191532,29.613512958203003],[106.49546196466787,29.6150422975939],[106.49539901109999,29.61513124762911],[106.49546628888888,29.615217677777775],[106.495695,29.6219767],[106.49558259999999,29.62326685],[106.49520969999999,29.624288849999996],[106.49435065,29.625484499999995],[106.49332675,29.626304225000002],[106.49213562393977,29.626874370338925],[106.49074175000001,29.627191949999993],[106.4895579,29.6272156],[106.48876767142856,29.627107528571425],[106.48252636880578,29.62571156483331],[106.48204043642873,29.625670961888726],[106.48095402334278,29.62567783852948],[106.47894004158515,29.625873134003644],[106.47742551152544,29.626164282792296],[106.47675535087919,29.626470330374765],[106.47621188531548,29.626902666267654],[106.47576565542532,29.627404915359413],[106.47529129514697,29.62826091979571],[106.47479927651679,29.62938097798329],[106.47442260335522,29.63061497865238],[106.47422589451483,29.631711574417338],[106.47415392640873,29.63283399216586],[106.47420522263182,29.633909673618614],[106.47447185369765,29.635414368069156],[106.47798292910447,29.64812190671642],[106.47888770833333,29.651782900000004],[106.47903925833334,29.652990633333335],[106.4790779839845,29.654490609357772],[106.47874217319612,29.659350320308395],[106.4790588,29.660919774999993],[106.47946677499999,29.6618567],[106.4800091888889,29.662706699999994],[106.4877725125,29.6738277],[106.48830040722315,29.674748853642384],[106.48858917499999,29.675734],[106.4886342123642,29.676985145673633],[106.48850481450798,29.677870905977684],[106.48855910689655,29.67805475172414],[106.48848419571358,29.678140772601598],[106.48853846896552,29.67832461724138],[106.48846357691917,29.678410639225508],[106.48851783103447,29.678594482758623],[106.48844295812479,29.678680505849435],[106.48850407241379,29.678774393103453],[106.48817473999999,29.68307068],[106.48786455,29.684832649999993],[106.48739009009175,29.685820068759583],[106.48672214999999,29.686689599999998],[106.48585549999999,29.68744667499999],[106.48480211640529,29.688177704800506],[106.48470332500001,29.688334199999996],[106.48458620621658,29.688347688659334],[106.48342833379775,29.689666466301446],[106.4829802,29.6905287],[106.48278743476114,29.691150799948073],[106.48261509616749,29.69194983319398],[106.48270042499999,29.692629550000003],[106.48263931333821,29.692716543230507],[106.48272928451372,29.69360580675326],[106.4830463752732,29.69474863377178],[106.48345555,29.69541605],[106.48343575897017,29.695518612742344],[106.4835463,29.6955583],[106.48353169588884,29.695664210192444],[106.48480329214678,29.696925707493055],[106.4902793814481,29.7014639915932],[106.49102230901056,29.702170974916676],[106.49170076009409,29.70295907066657],[106.4920118790714,29.703465516835276],[106.49251598987846,29.704810457780862],[106.49264661750192,29.70584109043991],[106.49254786666663,29.70695214444444],[106.4897138649186,29.718799546170757],[106.48948392,29.720409399999998],[106.4897127,29.7219078],[106.49014512992443,29.723102858405504],[106.49024762857141,29.723167728571433],[106.49031054213589,29.723450893881857],[106.49041395506018,29.723515433019617],[106.49093724285713,29.72461132857143],[106.49161373333331,29.726195700000005],[106.4936137285714,29.733090057142864],[106.49370538931124,29.734492409569917],[106.49333878412949,29.73577959308087],[106.49280452603752,29.73663304677439],[106.49207863508187,29.737362147669455],[106.49122361141686,29.737919134274957],[106.49017142351309,29.738336958005377],[106.4793471,29.740698055555555],[106.47756087999998,29.740874356],[106.47486181999999,29.741044084],[106.47475316290586,29.74099232439268],[106.47423896000001,29.741083252],[106.47413031144433,29.741031595069988],[106.47403134,29.741096308],[106.47105959333653,29.741317236153105],[106.46784180000002,29.742361414285707],[106.46420953735074,29.743398416808727],[106.46196393512736,29.744405107647484],[106.46094818262537,29.745031387642985],[106.40771614430732,29.783601823434978],[106.40631899504791,29.78489143667094],[106.40468842049096,29.786750647489328],[106.4035066,29.7886408375],[106.40296853333334,29.789309866666663],[106.39449340000002,29.796973499999996],[106.39353346000001,29.798266439999995],[106.39298622,29.79961502],[106.39281461999998,29.800703379999998],[106.39285005999999,29.801740699999996],[106.39313397093719,29.802911402948407],[106.39365983999998,29.80400648],[106.39445641450928,29.805070567595294],[106.39814502222221,29.80945710000001],[106.3996453036102,29.81081237380141],[106.40075372007388,29.811518747975573],[106.40187175714286,29.812052514285718],[106.4039344,29.8126802],[106.40498438684965,29.81290124650857],[106.40509058571429,29.812852185714288],[106.40761253636363,29.81299550909091],[106.40771246286333,29.81305921653695],[106.40781972727274,29.813005281818185],[106.41191482,29.813236560000004],[106.41354844,29.813598200000005],[106.41493808,29.814173500000003],[106.41593384000001,29.81478066],[106.41674948,29.81544614],[106.42301918846826,29.822311325098205],[106.4240142487563,29.823091615182687],[106.4259652,29.823934099999995],[106.429182925,29.8247604],[106.43036434796046,29.825214323067286],[106.4313841,29.825846500000004],[106.43141638477083,29.825956230962905],[106.4316895,29.826101875000003],[106.43289404999999,29.82721378076923],[106.43291505271824,29.82731925654681],[106.4331045,29.827411584615394],[106.43312553992749,29.82751703045647],[106.43380599999999,29.828070930769236],[106.43382715155522,29.828176286800883],[106.43394629999999,29.82820280000001]],[[106.4847473,29.669746699999997],[106.48710147777778,29.67311134444444],[106.48839473400349,29.67477519080185],[106.48859209999999,29.6747256],[106.48951237743017,29.67532384985668],[106.49084232,29.6758653],[106.49199635999999,29.676114159999997],[106.493098575,29.676182450000002],[106.49425919999999,29.676082640000008],[106.49557206366755,29.67580754114073],[106.51132985000001,29.66879465],[106.51237139999999,29.668540140000005],[106.51360444000001,29.66842136],[106.51495331630971,29.668499343042747],[106.51626196,29.668782039999996],[106.5178733,29.669472160000005],[106.51868078,29.670002480000004],[106.51946402857145,29.67068306666667],[106.528069725,29.679204975000005],[106.53007439090906,29.68166446363637],[106.53078682727272,29.682919954545454],[106.53116103636363,29.684277627272728],[106.53119987272726,29.685310009090912],[106.53095136363633,29.686663681818175],[106.53054696363635,29.687630881818176],[106.5295742949367,29.689018539240507],[106.52472345908481,29.69435544628979],[106.52325201344944,29.696483151588556],[106.5225186129931,29.69774064894636],[106.52185837453973,29.699194417208492],[106.52169268267613,29.700081457351956],[106.52174911487822,29.701504822314206],[106.52210537792145,29.702786806403186],[106.52293625981294,29.70420951744095],[106.52908524506394,29.711008516990383],[106.52986413515674,29.71157542710044],[106.53059509051737,29.71197572774516],[106.532118005,29.712499615000006],[106.53218806749703,29.71259162307124],[106.53240731,29.712595930000003],[106.53404654545453,29.713161772727275],[106.53574883905837,29.713945322639354],[106.53697983,29.714739595],[106.54034704444445,29.717438444444443],[106.54095514999999,29.718133550000005],[106.54384244999999,29.722973525000004],[106.544326525,29.724256049999997],[106.54454232,29.72556264],[106.54449922500001,29.726813725],[106.5435832,29.7318816375],[106.54396724545452,29.73673649090909],[106.54398920000001,29.737647442857142],[106.54385685714287,29.738676185714287],[106.54146956153846,29.7486835],[106.54100311428572,29.74999277142857],[106.53997327594293,29.75216980254608],[106.53970736906787,29.753222615078347],[106.53972599336004,29.753507069486815],[106.53989934081032,29.754364665735682],[106.54364025999999,29.762939040000006],[106.5452220125,29.7742389125],[106.54557111666666,29.775416983333333],[106.54615096666666,29.77648256666667],[106.54853067,29.779269250000006],[106.54954756000001,29.780732100000005],[106.55009611666665,29.782298833333336],[106.55096568461538,29.78538514615385],[106.55119186719264,29.78686548412283],[106.55110818154908,29.787777823059645],[106.55085285325191,29.788500129066833],[106.54629080381737,29.79597663696547],[106.5458152046939,29.796893126366538],[106.54556155500734,29.797768527138444],[106.54551053895072,29.807516535131672],[106.54565335714285,29.809730285714284],[106.54550036167659,29.811840071631945],[106.54555191568204,29.813734334185565],[106.54577106961129,29.815205971485994],[106.547011527027,29.820099435135138],[106.54712208282112,29.82085085633519],[106.54703629999999,29.821821466666666],[106.54653834999999,29.824301424999998],[106.54539679103152,29.828974387862917],[106.54504732020563,29.831738655148413],[106.54500872200947,29.833351759500374],[106.54516041911928,29.834319071522057],[106.54626603846154,29.838516553846155],[106.54701896459764,29.841844380632494],[106.54733512116358,29.84270413979519],[106.54793575005222,29.843756182009084],[106.54885294895911,29.844752476530218],[106.54998199186149,29.84557715014365],[106.55554071423089,29.84837885517303],[106.55199333441172,29.846655015708823],[106.54962451696626,29.845373855323288],[106.54851311208613,29.84445029943474],[106.5478415030831,29.84359749911498],[106.5473344043036,29.842703903707786],[106.54695061966045,29.841662233616013],[106.54618062173306,29.83826017564958],[106.54509212399464,29.834140225045033],[106.54497352686285,29.83317904265714],[106.54536667142858,29.82888655714286],[106.54637640000001,29.824275725000003],[106.54690585330611,29.822459604895045],[106.54709645727081,29.820939141366065],[106.54699540269469,29.820183029995338],[106.54571368759093,29.81494436531903],[106.54551778000003,29.813465344999997],[106.54551149525867,29.811228145875134],[106.54538354000002,29.809299519999996],[106.54544418571429,29.80823347142857],[106.54553848717464,29.807970543730008],[106.54554281254607,29.797765180760987],[106.5458143943986,29.79688107505862],[106.5463171606383,29.795882057446814],[106.55071249683773,29.788728797770528],[106.5511227555167,29.78766053734178],[106.55114500732455,29.786904173870607],[106.55109906492717,29.786374311300854],[106.55060523076924,29.784611692307692],[106.55064676019833,29.7845117665204],[106.54945981666665,29.78105456666666],[106.54831970000001,29.77940617000001],[106.54591946000001,29.7766054],[106.54522344,29.775249340000002],[106.54484536666666,29.773613913333335],[106.54354359974167,29.76287396001974],[106.54286324917148,29.761056259461263],[106.5400856026865,29.754871806815956],[106.53963678571431,29.753309700000003],[106.53977044444443,29.752269144444444],[106.54078698,29.749665649999997],[106.54106924166665,29.748635800000002],[106.54300800666668,29.74085012],[106.5437235875,29.737386824999998],[106.5437363888889,29.736397911111112],[106.54339680000001,29.73196255],[106.5443085,29.7269835],[106.54437354000002,29.72566686],[106.5441350125,29.7242006875],[106.54377654100134,29.723198466754056],[106.5403639153185,29.717533601615017],[106.53849279653865,29.715919651304038],[106.53590194804246,29.714067899337287],[106.53394062637635,29.713154022726886],[106.53051584545454,29.71195179090909],[106.52992345454545,29.711630109090905],[106.52908070000001,29.711005624999995],[106.52325726000001,29.704782119999994],[106.5222212,29.703070727272724],[106.52174837272729,29.701580818181817],[106.52168206363638,29.700173081818182],[106.521856475,29.699199350000004],[106.52236918181819,29.69796917272728],[106.52373661177225,29.69568711622401],[106.52488265949371,29.694125710126592],[106.52973201471744,29.6887896992211],[106.53067756671064,29.687351997580222],[106.53100874852228,29.68645475319598],[106.53119654778244,29.685149278842207],[106.5311065268005,29.684110546247986],[106.53086048372158,29.683174834471686],[106.53045042948112,29.68228364834431],[106.52999773221045,29.681604955677027],[106.52859649158178,29.67989533696119],[106.51919812774418,29.670652060968962],[106.51786962000001,29.669651719999997],[106.51701569120102,29.66921869821263],[106.51599655312123,29.668862653636303],[106.51492722171795,29.668644192217222],[106.51371937999998,29.6685707],[106.51229698,29.668707740000002],[106.51111498719158,29.66900509110729],[106.50572108095237,29.67138551587301],[106.50559906982107,29.671374608519407],[106.50553775714285,29.67146698571428],[106.50532413042315,29.67149689209332],[106.50526277142855,29.67158919047619],[106.50504919102524,29.671619175667214],[106.50498778571426,29.67171139523809],[106.50477425192837,29.671741459753342],[106.50471280636596,29.67183361082018],[106.50449766167418,29.67186452529944],[106.5044355133333,29.671957103333327],[106.50422035823834,29.671988000162106],[106.50415822666666,29.67208060666666],[106.50286422222221,29.672656955555546],[106.50274140546257,29.672646530864906],[106.50267936444445,29.672739291111103],[106.50246410202672,29.67277000572757],[106.50240207777777,29.672862794444438],[106.5021867985909,29.672893480590226],[106.5021247911111,29.672986297777776],[106.50190949515505,29.673016955452887],[106.50184750444444,29.673109801111103],[106.50027621333334,29.67380965333333],[106.50015323894344,29.673798961018353],[106.50009135555555,29.673891988888887],[106.4998759355076,29.673922435881007],[106.49981406888888,29.674015492222217],[106.49959863207177,29.674045910743672],[106.49953678222222,29.674138995555552],[106.49768820444444,29.67496235111111],[106.49756507242431,29.674951391171795],[106.49750334666666,29.675044686666663],[106.49728776898847,29.675074866034453],[106.49639333886523,29.675537210089242],[106.49618732487696,29.675560289854914],[106.49595338750001,29.675727512499993],[106.49452934999998,29.6761806],[106.49319045,29.676340449999998],[106.49185456,29.676265319999995],[106.49085678,29.676050359999998],[106.48965239999998,29.675587599999997],[106.48864449999999,29.674977499999986],[106.4881974001741,29.674602037415188],[106.48794598752829,29.674169503548455],[106.48775548437467,29.674184577446137],[106.487418,29.673790429999997],[106.4846145,29.669822]]]}},{"type":"Feature","properties":{"route_ref":"10","route_color":"#3c1053"},"geometry":{"type":"LineString","coordinates":[[106.54182408619249,29.746395653802264],[106.54404061418421,29.737384016802924],[106.5441250254059,29.736456460944115],[106.543742525,29.731182],[106.54386253333334,29.730268488888893],[106.54450002857145,29.727502342857147],[106.54488306666667,29.726468333333333],[106.54573332500003,29.72539877500001],[106.54666149999998,29.72472555000001],[106.54769158461538,29.724270184615396],[106.54874180645162,29.723951390322583],[106.55194392000001,29.72324722],[106.5535941117173,29.723072608616892],[106.55519215,29.723093850000005],[106.55671413846154,29.723302761538466],[106.55838865315103,29.72372746028894],[106.56473716575971,29.726089022593214],[106.56606638421816,29.726401774643605],[106.58876819999999,29.726437663636368],[106.58982207255269,29.726418821765968],[106.59111978571428,29.726268942857146],[106.59234959278831,29.72598335594447],[106.59339150499788,29.7255898815701],[106.59714747727274,29.723759709090913],[106.59832502727274,29.723405827272728],[106.59948403846155,29.7233203],[106.60322061868857,29.723384910689393],[106.61059923207547,29.723311947169808],[106.61223461249999,29.723349625],[106.61484628333334,29.723564058333334],[106.61607373,29.723468900000004],[106.63736587999999,29.718717536000003],[106.6400513,29.718249600000004],[106.64254277502373,29.718090904501818],[106.64358828181817,29.717947400000003],[106.64455419000002,29.71768701],[106.64535807777779,29.71733961111111],[106.64664914,29.716588220000002],[106.64732502000001,29.715988119999995],[106.64798502500001,29.715172524999996],[106.65178085238094,29.708994328571432],[106.65257284545454,29.707946686363638],[106.65279833433145,29.707969908415986],[106.65324127506786,29.70725124630868],[106.65325403636365,29.707040809090913],[106.65390361521727,29.706154180851197],[106.65431446397092,29.70500532978733],[106.6544293301208,29.704211197749512],[106.65438429222236,29.70348403116322],[106.65409834984126,29.702522432569886],[106.65249138079773,29.69884924921422],[106.65117436898271,29.694990488847615],[106.65055659849976,29.69384250416488],[106.65010098060439,29.693228862233138],[106.64943647519823,29.692617595173555],[106.6467061483871,29.690569919354832],[106.6451159522062,29.689199567766817],[106.64271999878328,29.68642392519144],[106.64148779617251,29.685551898252825],[106.64013933813148,29.68497653881365],[106.63885745358482,29.684676545735684],[106.63687848505097,29.68469926957052],[106.63556437538095,29.68494581304321],[106.634427875,29.685056149999998],[106.63348691666667,29.68502236666667],[106.6323052,29.684819],[106.63108906666668,29.68439713333333],[106.63022345999998,29.683946159999994],[106.62930676,29.683278339999998],[106.6285089,29.68245913333333],[106.62797102857144,29.68166771428571],[106.62678573846154,29.679284284615388],[106.62490844823824,29.675186603351097],[106.62439615714285,29.674303257142856],[106.61711589091895,29.659139449660053],[106.61585838000002,29.65754448],[106.61504762857143,29.656721528571424],[106.61450253333332,29.65631863333333],[106.61249313868645,29.655176856379484],[106.60888818229759,29.653683964333112],[106.6077836726785,29.65334216676295],[106.60280075,29.652163478571424],[106.60054033825898,29.651386106952195],[106.59877572241486,29.650199381933323],[106.59574343580353,29.647508506536496],[106.59433684975646,29.646652437250037],[106.59270878333331,29.64607576666666],[106.58964074545455,29.645309990909084],[106.58788068571428,29.644703228571426],[106.5831596117647,29.642327768627446],[106.58257619599564,29.641938240278208],[106.58058071474895,29.64098263252306],[106.57997882052157,29.640607592353764],[106.578839625,29.640107999999998],[106.57776181249999,29.639493512499996],[106.57700528571429,29.638938771428574],[106.57221712173977,29.634127280329167],[106.57078888435187,29.632895536656918],[106.56026484285714,29.627759299999997],[106.55783484714507,29.626424550271288],[106.55627454247396,29.62578780706978],[106.55308813333333,29.62492863333333],[106.55171451250001,29.624364937499998],[106.54974740000002,29.623255014285718],[106.54893511428573,29.6226893],[106.54845730000002,29.62222514285714],[106.547849775,29.621332825],[106.54748048571429,29.620398599999998],[106.5473925,29.6197007],[106.54739740909093,29.618741090909094],[106.54751667029414,29.61796929612402],[106.546925375,29.60820355],[106.54700208539296,29.602841038986796],[106.54674701302503,29.592999102208662],[106.54716415282252,29.588047386990926],[106.54715801379311,29.584392631034486],[106.54705245000002,29.583376725],[106.54649272222224,29.58099823333333],[106.54641221818183,29.580001690909086],[106.54624233199999,29.574830975999998],[106.54630644138369,29.568548576399188],[106.54647078402209,29.567970542046837],[106.54673904658189,29.56753011689517],[106.54716762891567,29.567010035170608],[106.54762345687091,29.566640031685427],[106.54825415555554,29.56631772222223],[106.54967872420549,29.565991712005758],[106.55069737677009,29.56562084684763],[106.55327422734808,29.563512307540112],[106.55406294593874,29.56274456380318],[106.55468680791441,29.56157087796677],[106.55518421428572,29.56029588571429],[106.555987,29.55923],[106.55697190000001,29.55853646666667],[106.56042916709923,29.556481937253672],[106.56198829990711,29.5550414601162],[106.56245460836706,29.55436934638053],[106.56280067850463,29.55369907004889],[106.56315159445322,29.552658272171605],[106.565285602317,29.542147256209663],[106.5653745,29.541217133333333],[106.56690346340316,29.53338592852033],[106.56688577842685,29.532623621090448],[106.56672435000002,29.531931249999992],[106.56551959551788,29.52937739660096],[106.56482322000001,29.528380729999995],[106.56367159999999,29.527348124999996],[106.56252440044969,29.526734369975504],[106.56115170000001,29.526330733333335],[106.5600164982047,29.526205689188586],[106.55632867272728,29.52613743636363],[106.55487141428571,29.525879071428566],[106.55428396666666,29.525626833333323],[106.55345503619277,29.52505135542231],[106.55266677694257,29.52402750325196],[106.55243483333334,29.523439166666666],[106.55232852857144,29.52281957142857],[106.55238902173913,29.520070704347823],[106.55284076666669,29.515780366666664],[106.55371773623085,29.51045852589084],[106.55388943636363,29.507598172727274],[106.55396734896794,29.50750821274981],[106.553898,29.5074131]]}},{"type":"Feature","properties":{"route_ref":"环","route_color":"#f2a900"},"geometry":{"type":"LineString","coordinates":[[106.43547080000005,29.502721799999996],[106.43538689943048,29.50114093072067],[106.43552791679781,29.50054003227097],[106.43584525000001,29.49992015000001],[106.43599957852739,29.499902976583364],[106.43596148218509,29.49978354558032],[106.43614310000001,29.4995467],[106.43690894000001,29.498919080000004],[106.4374767,29.498633533333336],[106.43843734000001,29.49836792],[106.44322208461539,29.497805623076925],[106.44511664792176,29.497768819552338],[106.45396385865548,29.498809418509566],[106.45545663788006,29.4991368754018],[106.45623054474713,29.499584206463027],[106.45691933333332,29.50019893333334],[106.45740075714285,29.500867142857146],[106.45786192499999,29.501906875000003],[106.45801734054054,29.502611464864867],[106.45872808159284,29.5131402156477],[106.45899006935097,29.513717179436338],[106.45989259198032,29.514703161835033],[106.46132677539718,29.515455244210802],[106.463515508,29.516111936],[106.4647032923077,29.516613853846156],[106.46943215946952,29.519463614789473],[106.47105409278605,29.51979877803835],[106.47464875999998,29.520330406666666],[106.47584049999999,29.520644533333336],[106.47676292,29.521001740000006],[106.47801479818182,29.52183085272728],[106.4822571241301,29.525051676654062],[106.4828134,29.52530487692308],[106.48286171196587,29.525405787759407],[106.48467883333333,29.526173111111113],[106.48659681031519,29.52676761782727],[106.4875298038562,29.52692195372603],[106.48852721333333,29.526995150000005],[106.49154062039413,29.526980797693135],[106.49328132040097,29.5267512178593],[106.49512832222221,29.526292711111115],[106.49975090000002,29.526025999999998],[106.50038054428133,29.525862086817742],[106.50142102745751,29.52528399197543],[106.50233392708023,29.52432551597474],[106.50276220000002,29.523724800000004],[106.50363882,29.522982540000005],[106.50473633333333,29.522484366666674],[106.50580162,29.522299720000003],[106.50709122,29.52240956],[106.5080983142857,29.52275652857143],[106.50928450275683,29.52334066837289],[106.51008132149826,29.523562051450135],[106.51096206853113,29.523640195146157],[106.51196349169736,29.523532127350705],[106.51334724666667,29.52311797333334],[106.51427795999999,29.522956880000002],[106.51646422,29.52282582],[106.51848363587484,29.52281323690754],[106.52148292930744,29.522458982500527],[106.53017821785713,29.522434414285712],[106.53627717528421,29.52252182102655],[106.5373049314695,29.52239928763199],[106.54416423488594,29.52085541998962],[106.54421793163773,29.520936085882386],[106.54448171723915,29.520878265788767],[106.54496216836176,29.520690725030587],[106.54760141136002,29.520462019884633],[106.54906329959822,29.520088642903726],[106.55062925384615,29.51956714615385],[106.55180253333334,29.5193948],[106.55273978,29.519410080000004],[106.55751194666666,29.51997938],[106.56521754582528,29.520546035101667],[106.56637778571428,29.520521900000002],[106.57007003076924,29.519974038461537],[106.57129393333334,29.519890200000003],[106.5725242,29.520097866666664],[106.57351897142858,29.520500671428575],[106.57537163333335,29.521653166666674],[106.5758957,29.5221617],[106.57628337142857,29.522759342857146],[106.58075616643917,29.532206022638842],[106.58281120000001,29.535104620000002],[106.583107406412,29.535665096807893],[106.58337766,29.536470040000005],[106.58357054737577,29.538830809346354],[106.58414088709539,29.540101997721823],[106.58481715577197,29.540813963885526],[106.5865142598858,29.542017618205556],[106.58707544200229,29.54258499235267],[106.58775131304347,29.543531152173923],[106.5890741115543,29.545833823463575],[106.58976228181818,29.547408927272723],[106.59110874999999,29.551482575],[106.59108444447182,29.551664795813092],[106.59120024999999,29.551818125],[106.59145072142856,29.553059585714283],[106.59153777566608,29.55394874092388],[106.59204037617525,29.555573726946488],[106.59540357142858,29.562665914285713],[106.59558829999999,29.563890074999996],[106.59532901756354,29.565626612221834],[106.59539949999998,29.5667754],[106.5977558,29.5735531],[106.5979124,29.574246900000002],[106.5979244,29.57491331666667],[106.59763164,29.57635662],[106.59565871111111,29.58134952222223],[106.59531954999999,29.58243355],[106.59520411072897,29.583240980659326],[106.5952138,29.585948957142858],[106.59504326,29.586556740000002],[106.59471753333331,29.587147766666657],[106.59428784285714,29.587639228571422],[106.59347093333334,29.58821396666666],[106.59288950000001,29.5884537],[106.59187272000001,29.58863968],[106.58765573875424,29.58879103276144],[106.58368721222404,29.588797646450438],[106.56717727770037,29.587744289713086],[106.56453902388475,29.587832581993922],[106.56284625607947,29.588118159262933],[106.56006900930558,29.58819552987636],[106.55878218482357,29.58858050897614],[106.55754738522668,29.58928940606803],[106.55671864813556,29.59014576329576],[106.55619097458413,29.59145285678138],[106.55582396339409,29.593527242364242],[106.55573242944665,29.59474083734007],[106.55584824138771,29.596718931841586],[106.5569100272727,29.60282691272727],[106.55703646666664,29.60479235],[106.55696059999998,29.605872233333333],[106.55675893749998,29.6066444125],[106.55629934243062,29.607508889658728],[106.55563924999997,29.608265349999986],[106.55486108637182,29.608819870529956],[106.55410046351346,29.609219806222058],[106.55332864380097,29.609460737827494],[106.55247742094028,29.609597906188895],[106.54786155555554,29.609810188888886],[106.53833952203546,29.610019419488],[106.53655769109298,29.61018961916704],[106.53506364206733,29.610588241589337],[106.5320897,29.611955699999992],[106.53059926666667,29.612295166666666],[106.52891271666665,29.612322966666667],[106.52710483636365,29.612106672727272],[106.52025546753518,29.61046316165094],[106.51932209970903,29.61029515749904],[106.51871399999999,29.610319562499996],[106.51860940506108,29.61023447517137],[106.5184125,29.6103301],[106.51819882248887,29.61022641934187],[106.51810181249999,29.610343749999995],[106.51789146721018,29.61029742294333],[106.5149958,29.610482800000003],[106.505729975,29.610485374999996],[106.5046384,29.610363966666668],[106.50402186666666,29.610184233333324],[106.50327080000001,29.6098319],[106.50270965714287,29.609431214285703],[106.50207366000001,29.608767339999993],[106.50153071428572,29.60773698571428],[106.5009072,29.60490277142857],[106.50038379045826,29.603632997224608],[106.49965408,29.602590399999997],[106.4988218850128,29.601872461047744],[106.498331883138,29.60163154322538],[106.4970857360396,29.60131787670144],[106.49644410065333,29.60129771277217],[106.48249161999999,29.60133004],[106.48143593333333,29.601173766666662],[106.48045326666666,29.600780699999987],[106.47965500000001,29.60019579999999],[106.4791467,29.599573949999993],[106.47880585000001,29.598863349999995],[106.47866020000001,29.598178200000003],[106.47871671589402,29.597214117583242],[106.47863837251667,29.59486127927873],[106.4784051750252,29.59244177622604],[106.47848955845846,29.591633487936175],[106.47847022000002,29.59007582],[106.47879918421053,29.588039184210523],[106.47911482843332,29.58690878436004],[106.47911831382382,29.586300752127514],[106.4790395652958,29.5856450209236],[106.47855617472945,29.584582054924343],[106.47756095,29.58369943333333],[106.47701333333335,29.583408783333336],[106.47644921666667,29.583233833333335],[106.47559210000001,29.583120500000003],[106.4741027,29.583095928571424],[106.47065266,29.58340892],[106.46977444999999,29.583269599999994],[106.4687112,29.5828856],[106.46764784137932,29.5821045137931],[106.46489609961755,29.579457024117985],[106.4610526929069,29.57591854508122],[106.46065906666665,29.5756417],[106.46009021428571,29.57502437142857],[106.4597786,29.574490366666662],[106.4594872,29.573348666666668],[106.45954800000001,29.569253600000003],[106.45943856561706,29.56831906651329],[106.4593463,29.568254333333332],[106.45929949466334,29.567911348372647],[106.45876840113968,29.567009864068066],[106.45765837142856,29.56584061428571],[106.45704535000002,29.564970800000005],[106.45600082000001,29.562775159999997],[106.45571634,29.561549079999995],[106.45519235615494,29.55785489479289],[106.45408873333336,29.55194953333333],[106.45410006000002,29.55104326],[106.45432745714287,29.55009885714286],[106.45459602307693,29.549483546153848],[106.45512049387675,29.548599396478583],[106.45522858109196,29.548548476293576],[106.45526505000001,29.548362050000005],[106.4553750929215,29.54831202019424],[106.45557848,29.547789800000004],[106.45568923081628,29.54772708617499],[106.4558003,29.5468298],[106.45561161999998,29.545655300000004],[106.45396342000001,29.543122959999998],[106.45342166666667,29.54209091111111],[106.45322457500001,29.541421149999998],[106.45252375714286,29.537157514285713],[106.45160195921508,29.53483590940661],[106.45108437,29.53374701],[106.44933005974458,29.53138122697845],[106.44889905555556,29.53042277777778],[106.4484659,29.5290538],[106.44808004655162,29.5283715703332],[106.44767798987876,29.52795435967432],[106.44682647419651,29.527326710949158],[106.44580511349103,29.527051184389357],[106.44273782,29.526674219999997],[106.44181976623622,29.52641351019437],[106.44073401428572,29.52577212857143],[106.4402567,29.52527987142857],[106.4398895697908,29.524680819762388],[106.43965120000001,29.52400895],[106.43957279508729,29.522985198984376],[106.43925079335018,29.52195307604066],[106.43836939154977,29.52037353406593],[106.437085,29.518385580000004],[106.43671223333334,29.51758896666667],[106.43647288161304,29.516714754330227],[106.43636224444445,29.51526778888889],[106.43664712923677,29.508136151168323],[106.43588780299481,29.506064291101477],[106.4354708,29.5027218]]}},{"type":"Feature","properties":{"route_ref":"4","route_color":"#c16c18"},"geometry":{"type":"MultiLineString","coordinates":[[[106.65569056304429,29.60836443994674],[106.6545216,29.6074933],[106.65369102000001,29.60705384],[106.65254195129187,29.606697224475145],[106.65223441553091,29.606687821486577],[106.65115150339342,29.606838293787437],[106.6461912075922,29.608423949969925],[106.64472097142857,29.608742971428565],[106.64329668000002,29.60885028],[106.6358662,29.608667199999996],[106.63491737278265,29.608753456597498],[106.63424359462952,29.60898079870773],[106.6335267,29.6094124],[106.63274774424283,29.61003924786554],[106.63214705858266,29.61087261538094],[106.63187351532979,29.61169521124077],[106.63164016865254,29.617039222680514],[106.63167775646481,29.618061064044795],[106.6319043385054,29.619727431684126],[106.63179764,29.620422100000003],[106.63136316,29.62123326],[106.63071634000002,29.621807079999996],[106.6301927,29.622087450000002],[106.62675182952779,29.623247430317544],[106.62640278675885,29.623464845751688],[106.62553757114345,29.62422738322419],[106.62421203999997,29.62611791999999],[106.62295133333333,29.62701567777778],[106.62188656666666,29.627423999999994],[106.62051788722191,29.627679704819176],[106.618263175,29.627747624999994],[106.61667843999999,29.62767314],[106.61562154665025,29.627469827063543],[106.6132578767721,29.627305118723278],[106.6083909,29.62677685],[106.60732594973466,29.626431213845297],[106.60497876506578,29.625078455235162],[106.60407571057733,29.624870961563545],[106.60023311605676,29.624368480511006],[106.59934267212017,29.62440708851905],[106.59559169799999,29.625175293999995],[106.59106093333332,29.62594289999999],[106.58957629729487,29.626106187152345],[106.58664544834707,29.625997057920724],[106.58556225,29.625814199999994],[106.58511042500001,29.625604725000002],[106.58459680000001,29.62513009999999],[106.58302943333332,29.622617],[106.58206688749999,29.621500268749998],[106.58105810588233,29.620592270588233],[106.575949775,29.616456200000002],[106.5751467,29.615485385714283],[106.57379696666666,29.613575633333337],[106.57317730000001,29.61289696666666],[106.57218763670899,29.612254454999746],[106.56858693999999,29.610313199999997],[106.56765628706155,29.609963958848713],[106.5665067984225,29.60971711877401],[106.56529447378618,29.609775180183284],[106.56398548807893,29.61015456873846],[106.55730218607276,29.613738130046343],[106.55632331818181,29.614148636363637],[106.55519606666667,29.614459000000004],[106.55356773636363,29.61462899090909],[106.54235643333334,29.615147222222223],[106.54059416666668,29.615015866666663],[106.5373492,29.614442549999996],[106.53604893333333,29.613987844444438],[106.53552381054443,29.61368270599529],[106.53540119999998,29.61368944999999],[106.53536980419425,29.613546464888483],[106.53521613333332,29.613604194444438],[106.53431519611614,29.613121834230625],[106.5320418,29.612406],[106.52951656577854,29.612111720417946],[106.52733910709831,29.611996019703742],[106.52379540956602,29.611175469189927],[106.5272358796602,29.611962384173054],[106.53065026666665,29.612117050000005],[106.53234842500001,29.612352650000005],[106.53382008888889,29.612833722222224],[106.53635185289521,29.614054069902902],[106.53803487149577,29.61454508894736],[106.54030550329786,29.61491897566825],[106.54295983333334,29.614966644444447],[106.55445453248083,29.614422306352342],[106.55599513978204,29.614188280253032],[106.55737533682017,29.613670557635487],[106.56312423932535,29.610552461328357],[106.5643783667292,29.609966459819965],[106.56589092857143,29.60965075714286],[106.56730536666667,29.60974650000001],[106.5679902,29.60990592],[106.568769599963,29.610210318481023],[106.5722116,29.61207473333334],[106.57388423333333,29.613199000000005],[106.57465307777778,29.61404793333333],[106.57591602000001,29.61578118],[106.5767655,29.616666674999998],[106.58127112941176,29.62028735882353],[106.58219554615386,29.621130161538467],[106.58325202500001,29.622471908333342],[106.58475770000001,29.624985833333337],[106.585176125,29.625406375000004],[106.5858232,29.6257796],[106.58684100680296,29.626008305913388],[106.58887178450819,29.626087192608423],[106.59086767816078,29.625971622913305],[106.59669135668827,29.62496636006725],[106.59913574663743,29.62444222270615],[106.60013726,29.624352160000004],[106.60462335113651,29.62496787631323],[106.60561249706177,29.62538978238397],[106.60723262729105,29.62636599748354],[106.6083839733525,29.62677500931807],[106.61469582573237,29.627414061117914],[106.61562433442994,29.62746972475394],[106.61690104285714,29.627390614285716],[106.6183127,29.627475533333335],[106.61931477243647,29.627666855868412],[106.62042246119877,29.627668521781537],[106.62140624148432,29.627543074767402],[106.62227288288496,29.627281850766657],[106.62341158900033,29.626742014553226],[106.62419017538747,29.626095018949478],[106.62473289694181,29.625445767902058],[106.6253540878465,29.624405195153017],[106.62618086666667,29.623546266666672],[106.62719213333334,29.622968333333336],[106.63067123769933,29.621751084418484],[106.63148370817025,29.62096144462873],[106.63181592320365,29.620128499867576],[106.6318738483709,29.61956455643149],[106.63163975199099,29.617038779065005],[106.63180415193766,29.612232830094577],[106.63197360176106,29.611267235779785],[106.6322774528602,29.610626064506043],[106.63289307892701,29.60983576401673],[106.63396791975791,29.609053588626033],[106.63484106666667,29.608707166666672],[106.63629482941177,29.60850527058824],[106.64114941229364,29.60862337767331],[106.64538793179969,29.608560323496754],[106.64668650745305,29.608242368641015],[106.65155913543654,29.606712561356943],[106.65244739304582,29.606644722956112],[106.65349232,29.606852200000006],[106.65494966666667,29.60759653333334],[106.65549351111112,29.608018833333336],[106.65553866367105,29.608239820775843],[106.65594848205129,29.60839084358975],[106.65836549439945,29.6104038195774],[106.66341394285713,29.613666314285716],[106.66440659199999,29.61477524],[106.66536411999999,29.6161904],[106.66536087534443,29.616297898439136],[106.665470512,29.61634764],[106.66552306811872,29.61653242567971],[106.66741678895812,29.6191800577161],[106.66746479648575,29.619368818215396],[106.66858222896198,29.620598475857626],[106.66910015178364,29.62098515771278],[106.6698634630225,29.62138576630221],[106.67060091428571,29.621645857142855],[106.67167879875754,29.62184442836784],[106.6725734296446,29.62180254552684],[106.67334794285713,29.621662385714288],[106.67469947330315,29.621177988235296],[106.6955883229861,29.611705156302264],[106.70561806965922,29.606487650253293],[106.71432403333333,29.60230400000001],[106.71575552350133,29.60185342055299],[106.71721151742626,29.601819141603098],[106.71838011253864,29.602084940147712],[106.71934779546648,29.602550978980222],[106.72323359544629,29.605431268231268],[106.72424235590749,29.60597343436672],[106.72567282784824,29.606558187840328],[106.72705284391775,29.60731332557197],[106.73615717389667,29.61325856996425],[106.73740131532519,29.613886775874764],[106.74303048714354,29.616150929578033],[106.74400019317905,29.616721007651197],[106.74584970036412,29.61822592008293],[106.74668110132339,29.618765003339867],[106.74729925096239,29.619077505853472],[106.74917286666667,29.61971466666667],[106.7501182860777,29.62015135561835],[106.75109564774193,29.620830455025235],[106.75273567394704,29.622462458889697],[106.75347361117957,29.623021162538187],[106.7562475,29.624648],[106.7562963037992,29.624748762748464],[106.7565965,29.624844360000004],[106.75663327599756,29.624961288443785],[106.75685825,29.624991630000004],[106.76176999999998,29.6279451],[106.76267113333334,29.628400383333332],[106.764398425,29.629047462499997],[106.76684343752224,29.629545859406825],[106.76854651856411,29.62963402251487],[106.77368871688525,29.62963274632462],[106.77475179999999,29.6297688],[106.7761703734072,29.63033875595274],[106.78275514833729,29.634345451881607],[106.78346002767034,29.634672940456834],[106.7844913128375,29.635062337357553],[106.79061822458875,29.636694472741603],[106.79196715555555,29.637244244444453],[106.793015725,29.6379168375],[106.79361306666668,29.63845916666667],[106.79704575746356,29.642836768480628],[106.79990641250001,29.646796112500006],[106.80022646666666,29.647472088888886],[106.8003838,29.648277150000002],[106.80036235000001,29.648844366666665],[106.80022154761905,29.64935713492063],[106.79566648181817,29.661108109090907],[106.79540563484446,29.663051645903565],[106.79537125266727,29.664698447257837],[106.79511317556454,29.66608800708678],[106.78934861006712,29.683203681879192],[106.78887065833334,29.685205341666666],[106.78872282307692,29.68725477692308],[106.78884865555555,29.689079033333332],[106.78946328,29.69075198],[106.7900152,29.691592712499997],[106.79164860000002,29.693448000000004],[106.7929167263158,29.69513258070176],[106.7986674,29.705204057142858],[106.79923858084028,29.70633198929649],[106.7996111375,29.70741775000001],[106.79990104615383,29.708857215384615],[106.79993820495002,29.70973543689478],[106.79981585921676,29.710921505126166],[106.79907605160923,29.71338808853163],[106.7975520329114,29.71953133164557],[106.79746769488267,29.719607025305102],[106.79748480632912,29.71979432531646],[106.7974002252403,29.719869971992512],[106.7969895915921,29.722020208575557],[106.79695843333333,29.723483133333332],[106.79726955000001,29.725227725],[106.80085636440515,29.73358683529943],[106.8015677934468,29.734823739997037],[106.80356670049437,29.736701293330835],[106.80544500416931,29.737962276064053],[106.80772186363635,29.739948172727274],[106.80857010647019,29.74093954167573],[106.80955670237361,29.74279643326726],[106.81039769668999,29.743852530199028],[106.81266399779219,29.745910492125986],[106.81998001333334,29.75213866888889],[106.82342476666666,29.755259054166668],[106.82485326666665,29.75661072777778],[106.82723053333333,29.759140357142858],[106.82944467499999,29.761849600000005],[106.83166965454544,29.764786409090913],[106.8375665,29.7747407]],[[106.4659965,29.5876338],[106.46823528461537,29.584983746153846],[106.46873839997451,29.584515211093073],[106.46888113853254,29.584520800125155],[106.46889418082253,29.584406780119313],[106.4693218076227,29.584136961669845],[106.46982195475809,29.58392871467452],[106.47072628504122,29.58373079100031],[106.47379171219495,29.58344493040675],[106.47540690998144,29.583204565356912],[106.47669684152322,29.582867533474868],[106.47745773527929,29.582538600259614],[106.47801966187804,29.58211644396433],[106.4785558543247,29.581555073682676],[106.47909881992479,29.580465252964885],[106.47956432857144,29.576738642857144],[106.4800438,29.575269250000005],[106.48060487500001,29.574298375000005],[106.481085925,29.573707825000003],[106.48224857499999,29.572734425000007],[106.48368337500001,29.5720529],[106.48517706153845,29.571734084615382],[106.48613493846155,29.571694415384613],[106.48720548000001,29.57177944],[106.48811219999999,29.571971444444443],[106.48907735999998,29.572307360000003],[106.49028852499998,29.57285233125],[106.49436469999999,29.574982533333333],[106.49506169999998,29.57555066],[106.4967794,29.5773514],[106.49806665939713,29.57819366031118],[106.49889950625,29.57854345625],[106.50197270482839,29.579435474047028],[106.50525124,29.579756980000003],[106.50620845181871,29.579959850616373],[106.50740572222223,29.580455433333338],[106.508439,29.581260075000003],[106.5090984,29.58219938571429],[106.50947683333332,29.583367433333333],[106.50955388571428,29.58453732857143],[106.50947035463176,29.588385144896005],[106.50967593913315,29.589379294919542],[106.51002970682158,29.59005166611035],[106.51060904,29.5906752],[106.51118076627664,29.5911225035209],[106.51340385958495,29.59254562107264],[106.51631524444444,29.593858611111113],[106.51707937499998,29.594300524999998],[106.51767914999998,29.594850900000004],[106.51828525714284,29.59587068571429],[106.51844513333333,29.596671633333333],[106.51832065999999,29.59774314],[106.51568493620002,29.602799366420484],[106.51543190000001,29.603720000000003],[106.51542599968741,29.605131226518065],[106.5157893,29.6065977],[106.51608090661044,29.607333967240905],[106.51728570829542,29.60867474414969],[106.5182618,29.609321150000003],[106.52053248700261,29.610286527628066],[106.52380266396203,29.611157009539063],[106.51922498571429,29.609987528571427],[106.51836972,29.609616319999997],[106.51703855714287,29.6086687],[106.51646540000002,29.608047833333323],[106.51589252029822,29.607128597303692],[106.51557271428571,29.606330414285715],[106.51542260000001,29.605654599999998],[106.51526530000001,29.6040478],[106.51533536666668,29.603375533333338],[106.51560883333335,29.602579933333335],[106.51809790896976,29.597898608048013],[106.5183024,29.5968142],[106.5182394857143,29.59625478571428],[106.51778735,29.59521466249999],[106.5171842270476,29.5944748040234],[106.5131428222222,29.592549788888885],[106.51079400000002,29.591007928571415],[106.51035918000001,29.590640479999998],[106.50980750000001,29.589982619999997],[106.50944936000002,29.589232259999996],[106.50932013333332,29.5885732],[106.50937774983463,29.58435270991371],[106.50928281666667,29.583303266666668],[106.50889788571429,29.58217112857143],[106.50843481786708,29.581487959839382],[106.50789687055828,29.580978354753608],[106.50723381111109,29.580537666666658],[106.5063367301071,29.58013953411964],[106.50535482,29.579930559999998],[106.50268958888888,29.579692599999994],[106.50166103333333,29.579517099999997],[106.49894068750001,29.578696774999997],[106.4981905,29.578396074999997],[106.49685875714286,29.577581014285713],[106.49517687889883,29.57584611310375],[106.49442590686257,29.575207412566343],[106.4892014109692,29.572505625137367],[106.48825653122077,29.572156200255392],[106.48739740650923,29.571975309578292],[106.4863380709721,29.571857391558],[106.4850951923077,29.57190558461538],[106.48385341250001,29.572181074999996],[106.48244796250002,29.57281888749999],[106.48128802500001,29.573742087499998],[106.48050428749998,29.574749737499996],[106.48017763749999,29.575385149999992],[106.4797479,29.5765651],[106.4795124,29.5786302],[106.47942903351091,29.57870971399696],[106.47949457804611,29.57879918263599],[106.47941211112806,29.578878792307314],[106.47944804285711,29.579229114285713],[106.47923773999999,29.580291179999993],[106.47861291042958,29.581528549339893],[106.47801900673747,29.582153677209007],[106.47686100007333,29.582807352267444],[106.47561863967218,29.583171484421165],[106.47432263618367,29.583384525525517],[106.47052383531398,29.583762728451234],[106.46937537473201,29.584125791922784],[106.46834385952943,29.58498352409447],[106.46834549230768,29.585096884615382],[106.46624533846153,29.587562843589744],[106.46612273311285,29.587596191970515],[106.4661218,29.5877079]]]}},{"type":"Feature","properties":{"route_ref":"JT","route_color":"#187dcd"},"geometry":{"type":"LineString","coordinates":[[106.25588473376702,29.310423635309604],[106.25313275948045,29.3175949388695],[106.25239007700526,29.320235465485673],[106.25239679999999,29.3207999],[106.25089588703722,29.332155813375113],[106.25087885193525,29.334019008876176],[106.25116561247133,29.336175971290093],[106.253079,29.3449147],[106.25418409999999,29.3532422],[106.25477488240676,29.356785386235668],[106.25579105993663,29.35934239321695],[106.25614782476484,29.360896629357622],[106.25639216666666,29.364039433333332],[106.2563728394524,29.365541885382232],[106.25549644999998,29.372726325000002],[106.25538072694705,29.372804954053002],[106.25551636361931,29.374327230267408],[106.25577189519726,29.375540179398197],[106.25600680060911,29.376012366594473],[106.25605011770342,29.376368496840843],[106.25617189999998,29.37642416666667],[106.25649971755746,29.3772484947077],[106.25677230213228,29.37821512241759],[106.2567521,29.381085199999998],[106.25663959159861,29.381159877909877],[106.25674865,29.3812511],[106.25664246699117,29.38134177887005],[106.25675120000001,29.381424050000003],[106.25689478179089,29.382347782268823],[106.25711249602976,29.38304259012105],[106.25739259928119,29.383461200326803],[106.2573626282421,29.38358020206244],[106.2575916181818,29.38379221818182],[106.25890900044588,29.385941115550782],[106.25977797253887,29.386785430652846],[106.2603125037075,29.387100239250735],[106.26162779767081,29.38767986364478],[106.26897427964127,29.39027113362653],[106.2748601257571,29.392122977059238],[106.31663928940237,29.403642407380854],[106.3195696897368,29.40443610940416],[106.32065802052763,29.404641111247198],[106.3219087683907,29.404746997143917],[106.32304532291344,29.404677735590273],[106.32394742134368,29.404540564896934],[106.32515096666667,29.4041186],[106.32528403483003,29.404146851498407],[106.32534410000001,29.4040398],[106.33145184819918,29.401183181362452],[106.33304586094513,29.400571597054167],[106.335518659375,29.40015290625],[106.34275121893707,29.39952985394748],[106.34370835237279,29.39964174100338],[106.34494145193571,29.399935197559643],[106.35807680451637,29.403861982408806],[106.35942631041884,29.404147412370843],[106.36079563482794,29.404312682768357],[106.3719672625,29.404595800000003],[106.3890517357879,29.40532977164937],[106.38926096666667,29.405284006060608],[106.38936130996552,29.405342699473085],[106.38957057575757,29.405296267217633],[106.38967088414314,29.405355627296807],[106.38988018484848,29.405308528374658],[106.38998045832076,29.405368555120525],[106.39018979393938,29.405320789531682],[106.39029003249837,29.40538148294424],[106.3904994030303,29.405333050688707],[106.39059960667599,29.405394410767958],[106.39070580909089,29.40534122479339],[106.41093087937831,29.406145139132285],[106.4139871006356,29.40644032601223],[106.41913238357311,29.407246608908878],[106.4214214708884,29.40742761388169],[106.42341406439857,29.40730371983572],[106.4283404181315,29.406555353383265],[106.42940158929443,29.406546204629226],[106.43057536666667,29.406829433333336],[106.43114696666666,29.407156733333334],[106.43165316666666,29.4075868],[106.43218125,29.408246575000007],[106.43374449999999,29.4107596]]}},{"type":"Feature","properties":{"route_ref":"18","route_color":"#2cd5c4"},"geometry":{"type":"LineString","coordinates":[[106.43116459359324,29.396376152221357],[106.43086528460705,29.39862174620714],[106.43077633064343,29.400218939255993],[106.43085679021192,29.401903204208605],[106.43139286400799,29.403586433206033],[106.43339295161515,29.408350905621727],[106.43525054285345,29.41147583145664],[106.43718828683207,29.414181405642843],[106.43788866278041,29.414836792227735],[106.43884969541139,29.415511013769894],[106.44059120223052,29.416209984357437],[106.44292199932613,29.416787966351272],[106.44397852241072,29.416947382817618],[106.4483170982242,29.41707565694483],[106.4513864,29.41677915],[106.45291675000001,29.416921225],[106.45702596666666,29.417883566666667],[106.45776358571428,29.41817844285714],[106.45975197564148,29.419214226873745],[106.46074695595199,29.41953703861894],[106.46201419831527,29.419770938014995],[106.4661475,29.419826],[106.47084056,29.41975282],[106.4805273,29.417584533333336],[106.48429970000001,29.417231550000007],[106.48501393333333,29.417271233333334],[106.48602844000001,29.417461900000003],[106.48687898,29.417759560000007],[106.48769037500001,29.418183100000004],[106.49577274375,29.423395725000002],[106.49687249590677,29.42413904045488],[106.49807830614982,29.42531444016813],[106.49894342430844,29.426008790815313],[106.51557053492958,29.43670382354311],[106.51675141740024,29.43763727326868],[106.51719969999999,29.4381429],[106.51774074000001,29.439004240000003],[106.51806664,29.4398601],[106.51822088,29.44074798],[106.51820157999998,29.441650399999997],[106.51800534999998,29.442531649999996],[106.51762178749999,29.44341189999999],[106.51574495999999,29.446812880000003],[106.51276826653974,29.451689534442593],[106.51093353333333,29.454996416666667],[106.51058970037296,29.455982641261517],[106.51047989999999,29.4568172],[106.51054377499997,29.457843875000002],[106.510874,29.4589653],[106.51125933738159,29.459806064008763],[106.51137640000002,29.459851240000006],[106.5115416016452,29.4601908215456],[106.51259789193837,29.461198587731847],[106.51355833910685,29.461724601791907],[106.51648546631513,29.463058644925155],[106.51931160000001,29.464235233333337],[106.52012913999998,29.46473646000001],[106.52055843999997,29.465126340000012],[106.52090593333332,29.465556633333335],[106.52151512500001,29.466656750000006],[106.52437236194365,29.47233359284802],[106.52538248463473,29.47470060423852],[106.52958117313024,29.483035577523335],[106.53016482527978,29.484026295383853],[106.53123799901302,29.484864344978543],[106.53200313645908,29.485146566328886],[106.53560354375001,29.485731831250003],[106.53717776687537,29.486121901186387],[106.53816204,29.4867447],[106.53876661999999,29.487475280000005],[106.53900397999999,29.487973999999998],[106.5391691,29.488654066666665],[106.5393652680048,29.490474867595832],[106.53986778571428,29.49305898571429],[106.53986309999998,29.49423424],[106.53963965999999,29.49503636],[106.53915419999998,29.49590924],[106.53857613999999,29.496554979999996],[106.53781977999999,29.497118539999992],[106.53669734285714,29.49762357142857],[106.53648106639206,29.497631908413318],[106.5346280620238,29.498300257135625],[106.53217248136171,29.49943689298809],[106.5305431,29.500263499999996],[106.52805187142857,29.501854185714286],[106.5271325,29.502292039999997],[106.52614701314792,29.502544749268417],[106.52510363333333,29.502612133333333],[106.52081970000002,29.5020091],[106.51932864,29.502233399999998],[106.51823268000001,29.502712659999993],[106.51759644,29.50316833999999],[106.51705411523773,29.503715425057823],[106.51298381999999,29.50955515999999],[106.5104047,29.512778249999993],[106.50678887142857,29.51690587142857],[106.50581442,29.5176098],[106.50479012000001,29.51805082],[106.50375054285713,29.518281328571426],[106.50161200617941,29.518582454132314],[106.50022912245083,29.51889784728091],[106.49916187304034,29.51943301565978],[106.4981496,29.5204027],[106.4977019175262,29.521214256287426],[106.49746485182087,29.522176642726816],[106.49743093333333,29.5299213],[106.49733319549149,29.53110867893905],[106.49701106666667,29.532232233333335],[106.49597304444444,29.534678633333332],[106.4958769672705,29.534739535160586],[106.49545504255788,29.53656097939562],[106.49569422857142,29.542214514285714],[106.49561711999999,29.54298308],[106.49521948,29.5440034],[106.49341827277979,29.546391801166948],[106.49286704964076,29.548148964986755],[106.49292061999999,29.5487861],[106.4928562250859,29.548881167384405],[106.4932197,29.5501907],[106.49365936975124,29.551027879580662],[106.49477887415743,29.55234127576335],[106.49541305000001,29.55280314],[106.49543844096785,29.552906373114567],[106.49646720971757,29.553568507772837],[106.49740925,29.553869525000003],[106.49840641758041,29.553898203230304],[106.49970093998762,29.55366775368423]]}},{"type":"Feature","properties":{"route_ref":"BT","route_color":"#0057b8"},"geometry":{"type":"LineString","coordinates":[[106.0418596,29.828107299999996],[106.04585633545317,29.829999547291518],[106.04655149748987,29.830232252660313],[106.05745585999998,29.833201139999993],[106.06002642627077,29.83373407563696],[106.061968275,29.8338262375],[106.08108330476189,29.83388067619047],[106.09015596340274,29.833788800972638],[106.09166145829568,29.833672536951514],[106.09311893458063,29.833427494138025],[106.09453246248546,29.83303380389355],[106.09588197817132,29.832497032128174],[106.09759763095335,29.83153949033173],[106.09911083046471,29.830352441599512],[106.10012052826617,29.82932446466683],[106.1013335934769,29.82749206724569],[106.10194652815163,29.826165092154074],[106.10233810619329,29.824937973533146],[106.10651239526722,29.810723979573666],[106.1071904270012,29.808711571444675],[106.10799763060449,29.80724359172089],[106.10884351726656,29.80607296804889],[106.10990631148766,29.804937490378858],[106.11120368175625,29.803868048115625],[106.11228227169704,29.803164353751118],[106.1134198559245,29.802567660950835],[106.11579595718193,29.8016956021915],[106.11731769469357,29.801348243834767],[106.13287424,29.798427279999995],[106.13643496,29.79729409999999],[106.1382603,29.796500259999995],[106.13964676,29.79578661999999],[106.1516486,29.788423666666663],[106.1542308603396,29.786613022158384],[106.15610256744003,29.784999446732222],[106.17293500304956,29.769101430914407],[106.174938185929,29.767526357382373],[106.17606949864758,29.766855884697538],[106.1776870630039,29.76609701552333],[106.2018400680137,29.756235901387015],[106.20340487041713,29.75533706993474],[106.20502733025015,29.754204817107812],[106.20694410525924,29.752352946852],[106.2080745363902,29.75086850694135],[106.2091863625,29.748942931249996],[106.21545703333332,29.73699979999999],[106.21591967475888,29.735907477492685],[106.21627520342427,29.734696961743662],[106.21648133885277,29.733464147704222],[106.21653696727662,29.73221943801284],[106.21637496,29.730382040000002],[106.21525020625,29.721929993750003],[106.21499204029152,29.720565674847304],[106.21458180742775,29.719153378601806],[106.21390959799459,29.717608019292655],[106.21311454761194,29.71609433859772],[106.20983541723437,29.711534231229365],[106.20888839236568,29.71005130875314],[106.20817455905059,29.70844932439911],[106.20771798857244,29.706966362574107],[106.20737910117282,29.705053928148978],[106.20727723332625,29.703802626128695],[106.20744370937109,29.705019122499948],[106.204309432036,29.67853668737852],[106.20408074203989,29.67599968426541],[106.20411193651057,29.674420136364635],[106.2072495593016,29.64898540545832],[106.20763437694676,29.647203137920176],[106.20818295259464,29.645453639940257],[106.20889106877733,29.643747944713592],[106.20981530050366,29.641995262982647],[106.21118999054673,29.63989257473763],[106.21619394206928,29.63370048748453],[106.21674503111859,29.63283039683933],[106.21707092264293,29.632114737875064],[106.21736627658643,29.631123636030715],[106.21749654999999,29.630217050000002],[106.21771901822267,29.62373060339338],[106.21787775,29.622822225000004],[106.2188354375,29.620061375000002],[106.2194671,29.61869755],[106.2199832,29.61803705],[106.2206233,29.6174683],[106.2213498,29.6170166],[106.22205084590252,29.616715863933322],[106.2234615873626,29.616369325348415],[106.22888086008611,29.61530814843861]]}},{"type":"Feature","properties":{"route_ref":"2","route_color":"#007a33"},"geometry":{"type":"LineString","coordinates":[[106.56777373708817,29.55567270157944],[106.56957856016903,29.55571300057543],[106.57022067910125,29.556032893401536],[106.5725097249673,29.55899503034711],[106.57271837365037,29.559373997201835],[106.57276730408047,29.55986545335857],[106.57266502687665,29.56021409977173],[106.57243451410532,29.560537049173067],[106.57042739931462,29.561499842344343],[106.56925790350249,29.562163442983735],[106.56881200397177,29.56256138068199],[106.56585873773335,29.564564258985612],[106.56486496955493,29.564992619667784],[106.56057384221886,29.566353770731226],[106.55905527507973,29.5670533939442],[106.55688168419626,29.568276356188512],[106.5555458589051,29.568713847942604],[106.55384246415505,29.569085113975834],[106.55285022691207,29.56921076242813],[106.5507787917528,29.56903762136438],[106.54754624589812,29.56932518627203],[106.54527338666657,29.569133435426277],[106.54407540951397,29.56883608087119],[106.5429937161553,29.56829854901715],[106.53987476816414,29.56575413862193],[106.53732688498037,29.560276634452276],[106.53626376367448,29.558377961871052],[106.53575358521499,29.557672094190426],[106.53431341991762,29.55607187718632],[106.53212273258474,29.553897945400355],[106.53151863772898,29.55358180778252],[106.53029923269337,29.55329016241599],[106.52930319814354,29.552927918900686],[106.5275699996205,29.551989841188735],[106.52703568284906,29.55179789331931],[106.5260958625278,29.55160552012397],[106.52444150597961,29.55156959201297],[106.52356284309087,29.55143403612904],[106.51906395996042,29.550115754796447],[106.51825308636313,29.54970596923936],[106.5177212697006,29.54907294678949],[106.51709394589096,29.547727329737235],[106.51663296349403,29.547031294149352],[106.51167644529986,29.53690419874742],[106.51152222231414,29.5364393276682],[106.51151385857813,29.535003467854114],[106.51141303597824,29.53442470581827],[106.51120499688483,29.53392676157723],[106.51027235511613,29.532402672363137],[106.50981841884933,29.531312438684502],[106.50975445800569,29.530237771073722],[106.51008088518373,29.52936401555309],[106.51373138616206,29.525242965978972],[106.51398044342905,29.524714150892052],[106.51398444480573,29.524028499838547],[106.51323026318943,29.51686368958887],[106.51305838942535,29.515946635793114],[106.51256139388104,29.514970155509836],[106.51078947074835,29.5122693496879],[106.50732848554843,29.504176059603143],[106.50671052567162,29.503464783653282],[106.50608720715579,29.50306305926891],[106.50426598435564,29.502135352652992],[106.5030472,29.5017258],[106.50272471288638,29.501687490364798],[106.50225207086176,29.501768755341832],[106.5010698618594,29.502278648741598],[106.50036439339158,29.502416960513703],[106.49394357894738,29.50233168421052],[106.49249740907635,29.50220017592428],[106.49159418481271,29.501726830358507],[106.49054550878782,29.500310551473937],[106.4898091142096,29.499769616767562],[106.48919811202165,29.49961993831346],[106.4868680764755,29.499399986267317],[106.48625742388938,29.499266260982836],[106.48464135,29.498656299999993],[106.48392449222536,29.498226543296777],[106.48355027591737,29.497819787751073],[106.48255768055317,29.49630347137449],[106.48225816418454,29.495452339456374],[106.48228375341401,29.494919648056054],[106.48290786840572,29.49270081811958],[106.48291797629759,29.492240033359955],[106.48271950540462,29.49185270222037],[106.48214410442044,29.49152054272365],[106.4805626738224,29.491337246385054],[106.47958716666669,29.490889066666668],[106.47857401830478,29.490273923834014],[106.47719610920336,29.49001683209543],[106.47652613881145,29.489782545049735],[106.47592080394958,29.489313956744585],[106.47533508999999,29.488216429999998],[106.4746535187692,29.486484321450753],[106.47379940000002,29.4814661125],[106.47374815062625,29.475803729243403],[106.47361629213346,29.475296621492998],[106.47320905181728,29.474895431934556],[106.47105192645925,29.47403855580728],[106.47035464409097,29.473650820082142],[106.46899258761174,29.472604199688796],[106.46845210387922,29.47189730168201],[106.46821005,29.47066195],[106.46823455000002,29.4682833],[106.46833333333335,29.466405695238098],[106.46844937506305,29.4659795905184],[106.46840343133422,29.46571451089987],[106.46877023938868,29.464066657708102],[106.46882751263048,29.46136659327477],[106.46905722404836,29.459993629072567],[106.47020512458649,29.456929534902685],[106.47061278815448,29.455104840639834],[106.47078772184247,29.453199583013088],[106.47130589944591,29.442095337960247],[106.47150313214871,29.44060786423362],[106.47194186114564,29.439161748242352],[106.47287146341594,29.437139328525323],[106.47398787496579,29.43556141923012],[106.47875286179202,29.43025691367749],[106.48442168264994,29.42422522067696],[106.48529325238721,29.42308152305082],[106.48639592458441,29.421090237341176],[106.48788341834216,29.418882536800364],[106.48814249981379,29.415462783499493],[106.48844941111112,29.414642766666674],[106.48906645968856,29.41357583004735],[106.48926674580925,29.41348331511014],[106.48925666789472,29.413365115102362],[106.48938671579536,29.41335092989321],[106.48942563200123,29.4132008672059],[106.49010129999999,29.412701850000005],[106.49378813059738,29.410580469750244],[106.49473924184035,29.409649533888253],[106.49529584691598,29.40874951180051],[106.49568943217484,29.407824150991434],[106.49586968320324,29.407029113325823],[106.49714335535322,29.39670579503724],[106.49719824565464,29.395137023264482],[106.49701830000002,29.392964557142857],[106.49710463678885,29.38839085879919],[106.49726536666667,29.386557766666666],[106.49761410967787,29.384330323979935],[106.49768837924123,29.38217339705924],[106.49830263808998,29.380304107684083],[106.49893787523516,29.37952817776077],[106.49943557455323,29.37919218732844],[106.50020898490129,29.378915873510344],[106.5020222,29.378806600000004]]}},{"type":"Feature","properties":{"route_ref":"3","route_color":"#003da5"},"geometry":{"type":"MultiLineString","coordinates":[[[106.63515789859837,29.721401344616122],[106.63313053276298,29.721968503286295],[106.63230775173949,29.722087898023872],[106.63160627975265,29.72194005270123],[106.63085194085684,29.721426368449546],[106.63006527694098,29.7177909559401],[106.62883456255973,29.713911709974216],[106.62874463485598,29.7132587298961],[106.62815412815438,29.712072008226436],[106.62757505,29.710204500000003],[106.62706870784515,29.709146261706778],[106.62650531276297,29.708269999489474],[106.62510166666665,29.706632333333335],[106.62061535181843,29.702730506558037],[106.61973074999999,29.702148800000003],[106.619156425,29.701929675],[106.61374953636363,29.700358436363636],[106.61125574338469,29.699940769209025],[106.61060887760512,29.699750755178258],[106.60825724824888,29.697993261462667],[106.60554263080007,29.69574758884842],[106.6027306439257,29.693709243851256],[106.6005211014013,29.691732384294216],[106.5991929,29.69081006666667],[106.59408986340338,29.688433667489317],[106.59368623881035,29.688295884184246],[106.59315785682458,29.688272703055063],[106.59242548199404,29.688519018925323],[106.5913906879462,29.68933959612107],[106.59020819207046,29.690063586705058],[106.589380336143,29.690331928881093],[106.58873863330386,29.690397131033073],[106.58439924667336,29.69037804134769],[106.58430045157705,29.690453829417134],[106.58419273999999,29.690370300000005],[106.58314671111111,29.6904463],[106.58147862857143,29.690713714285717],[106.57706395696047,29.691832143052647],[106.57584003484774,29.691966047318388],[106.57452524884144,29.691883332083425],[106.57286420704507,29.691423415071583],[106.5717308751869,29.69079983551132],[106.56739914565871,29.687427805214025],[106.56591379294089,29.68608547705522],[106.56505834556471,29.685062132232],[106.55861017643421,29.675239942520147],[106.55799803745903,29.674202941733583],[106.55750602515296,29.67310189333077],[106.55718763199955,29.67208202371675],[106.55700255142455,29.671031379735222],[106.5564467511578,29.66328223794458],[106.55550711482805,29.65832937749427],[106.5553916492284,29.65717928748904],[106.55577233511967,29.655797313548607],[106.5563830700896,29.65470967205084],[106.55813845714286,29.652870757142853],[106.56084017155749,29.649278350848213],[106.56202576332291,29.647898872599686],[106.56628234745763,29.643596872881357],[106.56800387272726,29.641728872727267],[106.56881668033321,29.6404476752166],[106.56889788038752,29.63983586131157],[106.5687603654265,29.639349157655488],[106.56831639916368,29.63887926210383],[106.56736164285715,29.638366071428575],[106.55913095826703,29.63446539367521],[106.55459664615384,29.632165569230768],[106.55338975882353,29.631712611764712],[106.55040699986812,29.630972710298607],[106.54946692771966,29.630654373879104],[106.5479737975601,29.630015756973748],[106.5475366,29.6297039],[106.54711514131341,29.6292352782508],[106.5466598625,29.628186612500002],[106.54630048333333,29.626672733333333],[106.54600623184814,29.61888187155807],[106.5458316699285,29.617316800505392],[106.54543130013248,29.606044052167004],[106.54543701316734,29.603408199914355],[106.54537831732793,29.60259070243394],[106.54515232694717,29.602144366298948],[106.54486964289552,29.60186169441311],[106.54443872899704,29.601616094007305],[106.54371497893634,29.60149545099681],[106.53958772500002,29.601604312500005],[106.5375957431621,29.60184926891171],[106.53189602830037,29.602932010248512],[106.53071553463276,29.60305461917864],[106.52964691601103,29.603044202726394],[106.52837658306801,29.602865184043317],[106.52542122000001,29.601950900000002],[106.52470543333332,29.601827366666665],[106.52327435714287,29.60188042857143],[106.52255290000001,29.60200376666667],[106.52247220488438,29.602138120131468],[106.5223408,29.60203853333334],[106.5214532211159,29.602159501110854],[106.5207691,29.6020404],[106.51998444596302,29.601841267188547],[106.51953377991373,29.601600464269332],[106.51911952207948,29.601294027938202],[106.51843408596609,29.60044539615232],[106.5181020501647,29.59916690830233],[106.51809373522781,29.598864375499186],[106.51834740389509,29.598196355254],[106.51828883495597,29.59808964939794],[106.5184197799569,29.59803083459597],[106.51846433235464,29.597834589425712],[106.51934889999998,29.59652272],[106.51989434,29.595370740000003],[106.52278955542393,29.587361647640872],[106.52318579458372,29.586506582363686],[106.52642036,29.581114159999995],[106.52714193609995,29.578799682153875],[106.52764388864694,29.57776005190375],[106.52817977194427,29.57696576664951],[106.53119800698883,29.573367876833252],[106.53246783075838,29.571566155041783],[106.53365774999999,29.570071249999994],[106.53388201888511,29.56961309203123],[106.53395955538959,29.56919122099253],[106.53380219886489,29.568009699562555],[106.53339248038388,29.566337144626946],[106.53331978332007,29.566227821893452],[106.53324859166668,29.56627215],[106.53341172500002,29.566966949999998],[106.5335627605279,29.567174776743222],[106.53328198127912,29.565388241688623],[106.53335714292814,29.564806597346784],[106.53368911173371,29.564211256148063],[106.5338673,29.5641696],[106.53448132805812,29.56370083828379],[106.5377860552059,29.56246361076307],[106.53858725674507,29.562052445927314],[106.53901333295047,29.561625482742926],[106.54058889896778,29.559261051808036],[106.54182074738094,29.55801729206644],[106.54570793760567,29.555476168249015],[106.54661645675569,29.554646338441035],[106.54713229634972,29.553868299791663],[106.54731961904086,29.55330414453345],[106.54736298552567,29.552732887177875],[106.5478183439906,29.539458126412484],[106.54791310090698,29.538719612292038],[106.548369285601,29.537862604399685],[106.54915221777557,29.537140304846005],[106.54968880745265,29.53690712357631],[106.55297416666667,29.535982066666655],[106.55580424328684,29.534845569234268],[106.55704140567994,29.534549962149928],[106.560613847848,29.5344703525283],[106.56133787562192,29.53414094401881],[106.56181238839957,29.533745808049016],[106.56305126475351,29.532294670256128],[106.56589868333334,29.529260699999995],[106.5687349347671,29.52600967882048],[106.5722714298835,29.52239998980768],[106.57278429721475,29.521516001689307],[106.57282345714285,29.52042154285714],[106.57200674168638,29.51802525470827],[106.57168574999997,29.51632685],[106.57048983399714,29.512628202573215],[106.57020854424262,29.511164754534366],[106.57016535873387,29.510080477104374],[106.57046785182368,29.50666442442917],[106.56996432857142,29.504487128571434],[106.56948140045382,29.502903435875748],[106.56940356,29.5022052],[106.57039908250786,29.49639764855723],[106.57026452042884,29.49465482296455],[106.56990690033423,29.493380254701503],[106.56860523246424,29.490323238319828],[106.56759715168465,29.486837700910264],[106.56714773607013,29.485883353366386],[106.56607790434984,29.484532656905113],[106.56156958610106,29.48043726673169],[106.56100042878892,29.47983426337746],[106.56047025874452,29.478888379880516],[106.55924117547646,29.474809516700024],[106.55882196997503,29.473090861193462],[106.55900452303547,29.467735223732443],[106.55896501101395,29.467126310482428],[106.55877360682926,29.466431953366783],[106.55801808333331,29.465076950000007],[106.55525510925804,29.46113410897852],[106.55435962821211,29.4592954353836],[106.55417482857142,29.45861844285714],[106.55350149648908,29.45700584801428],[106.55131755650999,29.45316675840411],[106.5499079655904,29.44775741302529],[106.54962486087818,29.446978034395233],[106.54751406927888,29.443968755775558],[106.54697081620137,29.442902841942978],[106.54669163130299,29.44179076442329],[106.5466818304936,29.441293132500835],[106.54722612143,29.4376442737499],[106.54722501049599,29.43697107801785],[106.54706700858425,29.436160114693607],[106.54666950515771,29.435190185562046],[106.54634760731001,29.434751948085754],[106.5441212613478,29.432502138729976],[106.54358865581369,29.431642627541496],[106.54325040015856,29.430596695284585],[106.5423254879124,29.42508777939934],[106.54019931211066,29.419731332625112],[106.53997567965114,29.417460409762683],[106.53957590961538,29.405851592307695],[106.5391620604287,29.398115674185153],[106.53526233888438,29.379797221587527],[106.53495684735859,29.37933034568936],[106.53468246907656,29.379114296560378],[106.53428562550272,29.378937421968143],[106.53355221897411,29.378851401925107],[106.52945339770294,29.379023859441602],[106.52707065519365,29.37931994763444],[106.52218245866452,29.37924186696859],[106.52110521798359,29.37889411206846],[106.51911982007324,29.377944156427503],[106.5183002240486,29.377830186898684],[106.5177943368466,29.37789472693192],[106.51699872307694,29.37817573461539],[106.51416607499999,29.379434675000002],[106.51188379584292,29.380584830831324],[106.51120669383938,29.38069030689155],[106.50918514084165,29.380697411606505],[106.50837280326739,29.380590505452414],[106.5076246662113,29.380303471199703],[106.50586708333333,29.379349683333338],[106.50487472703128,29.378932098804803],[106.50355680278545,29.378696703269433],[106.50273955555556,29.37863048888889],[106.50212332881532,29.37870219506481],[106.50201910000001,29.378642]],[[106.66371438288068,29.79412547923297],[106.66157064550272,29.79395616052811],[106.65974312724506,29.793492975280724],[106.6556762179758,29.793358594463683],[106.65497389999999,29.793176949999996],[106.65445871849343,29.792934790660702],[106.65371877746804,29.79237864987046],[106.65341815111064,29.79201881459033],[106.65302378838417,29.791167948117202],[106.65181206153848,29.787255938461534],[106.651450953218,29.78585515800496],[106.65128694274225,29.784311372143627],[106.65023084849392,29.780836479951518],[106.64915042000001,29.778489339999997],[106.64804607777779,29.774927944444443],[106.64775028323861,29.773675485412735],[106.64610237636502,29.76855105847447],[106.64502840777378,29.7664429514581],[106.63996039714287,29.759273457142854],[106.6394171075807,29.758104314370303],[106.63925757307541,29.756904231332882],[106.63928241581901,29.751291599820856],[106.63907542999459,29.75015971167487],[106.63853128114243,29.749166741417827],[106.63342592705642,29.742105655474532],[106.63281772939759,29.741405604183534],[106.6326813,29.7413875],[106.63108713529411,29.740187341176465],[106.62854953333333,29.738087576190466],[106.6278531123874,29.73723585423624],[106.62769072339364,29.7365158633328],[106.62768173473273,29.735167443662803],[106.62784595739016,29.73443100403489],[106.62850747256006,29.733218971546545],[106.6287049957859,29.732669030500727],[106.62891529656302,29.73063656184225],[106.62887754094271,29.729285805971134],[106.62895709249766,29.728755440421203],[106.63053903941197,29.724402385884947],[106.63096152500262,29.722482331389525],[106.63002418788601,29.71770958010832],[106.6287736,29.7139391]]]}}]}