{"type":"FeatureCollection","metro_system":{"continent":"asia","country":"China","city":"Nanjing","official_website":"http://www.njmetro.com.cn/","official_map":"https://en.wikipedia.org/wiki/Nanjing_Metro","wikipedia":"en:Nanjing Metro","wiki":true,"wikipedia_zh":"zh:南京地铁","line_count":14,"segment_count":14,"station_count":249,"modes":["metro"],"audit":{"strategies_tried":[],"passed":true,"checks":[{"id":"system_exists","ok":true,"detail":"matched OSM system maps/as-chn-nanjing/as-chn-nanjing/1-raw-maps/working/as-chn-nanjing-1-raw-maps-working.geojson","level":"error"},{"id":"has_lines","ok":true,"detail":"14 lines","level":"error"},{"id":"has_stations","ok":true,"detail":"249 stations","level":"error"},{"id":"station_count_info","ok":true,"detail":"OSM 249 站（wiki List 記 252，計法含轉乘重複，僅參考）","level":"warn"},{"id":"stations_have_lines","ok":true,"detail":"249/249 站皆有所屬路線","level":"error"},{"id":"line_geometry_stations","ok":true,"detail":"283 個折點/端點皆為車站","level":"error"},{"id":"route_stations_match_geometry","ok":true,"detail":"各線車站列表與圖面一致","level":"error"},{"id":"interchange_rule","ok":true,"detail":"所有車站紅/藍點符合骨架＋路線色規則（藍＝端點、紅＝交叉）","level":"error"},{"id":"stations_named","ok":true,"detail":"249/249 站皆有名稱","level":"error"},{"id":"station_order","ok":true,"detail":"所有線路站序合理","level":"warn"},{"id":"station_span","ok":true,"detail":"各線相鄰站距與系統站群跨度正常","level":"error"},{"id":"line_wiki_stations","ok":true,"detail":"各線站數與 wiki 線路條目相符（營運中站數）","level":"error"},{"id":"line_wiki_coverage","ok":false,"detail":"1 條線無 wiki 站數對照：南京地铁S6号线","level":"warn"}],"reasons":[],"warnings":["1 條線無 wiki 站數對照：南京地铁S6号线"],"audited_at":"2026-08-06T21:02:08.536Z"}},"features":[{"type":"Feature","properties":{"seg_id":"nanjing-0","routes":[{"route_id":"rm3400216","route_name":"南京地铁10号线","route_name_local":"南京地铁10号线","route_name_en":"Nanjing Metro Line 10","route_ref":"10","route_color":"#eac384","wikipedia":"en:Line 10 (Nanjing Metro)","osm_route_ids":[1529760,3400215],"status":null,"order_suspect":0,"span_suspect":0,"stations":[{"station_id":"n13387744886","station_name":"东麒路"},{"station_id":"n4059270034","station_name":"石杨路"},{"station_id":"n13387744882","station_name":"杨庄"},{"station_id":"n13387721994","station_name":"高桥门"},{"station_id":"n13387721995","station_name":"承天大道"},{"station_id":"n13059454865","station_name":"大校场"},{"station_id":"n13387721997","station_name":"机场跑道旧址"},{"station_id":"n9164878214","station_name":"卡子门"},{"station_id":"n13387721999","station_name":"雨花台"},{"station_id":"n13387722000","station_name":"共青团路"},{"station_id":"n9164163252","station_name":"安德门"},{"station_id":"n9167211252","station_name":"小行"},{"station_id":"n9167211253","station_name":"中胜"},{"station_id":"n4059246647","station_name":"元通"},{"station_id":"n9167211254","station_name":"奥体中心"},{"station_id":"n9167211256","station_name":"梦都大街"},{"station_id":"n9167211258","station_name":"绿博园"},{"station_id":"n9167211259","station_name":"江心洲"},{"station_id":"n9167211260","station_name":"临江·青奥体育公园"},{"station_id":"n9167211261","station_name":"浦口万汇城"},{"station_id":"n9167211263","station_name":"南京工业大学"},{"station_id":"n9167211264","station_name":"龙华路"},{"station_id":"n9167211265","station_name":"文德路"},{"station_id":"n9167211267","station_name":"雨山路"}]}],"route_count":1,"route_refs":["10"],"route_colors":["#eac384"],"city":"Nanjing","country":"China"},"geometry":{"type":"MultiLineString","coordinates":[[[118.88377443333333,32.00157626666667],[118.86981036666667,32.00744785],[118.85766636666666,32.0088365],[118.83710303333334,32.0074571],[118.82376326666667,32.00330556666667],[118.81798885,32.000339499999995],[118.80861880000002,31.9942969],[118.79073306666665,31.997141100000004],[118.77592413333333,31.994773966666667],[118.76890713333334,31.99559823333333],[118.75669496666667,31.99332873333333],[118.7394807,31.9845349],[118.72789331999999,31.98998488],[118.71626022857141,31.997583057142855],[118.71274813333332,32.01122916666667],[118.71666146666666,32.01768863333333],[118.71026243333334,32.02684716666667],[118.69870326666667,32.034299266666665],[118.66031,32.0595875],[118.65274480000001,32.0635628],[118.64299039999999,32.069055866666666],[118.63019703333333,32.066918566666665],[118.62157963333334,32.059483],[118.61146176666666,32.0480037]]]}},{"type":"Feature","properties":{"seg_id":"nanjing-1","routes":[{"route_id":"rm3413089","route_name":"南京地铁2号线","route_name_local":"南京地铁2号线","route_name_en":"Nanjing Metro Line 2","route_ref":"2","route_color":"#c7003f","wikipedia":"en:Line 2 (Nanjing Metro)","osm_route_ids":[1529762,3413088],"status":null,"order_suspect":0,"span_suspect":0,"stations":[{"station_id":"n4059246656","station_name":"鱼嘴"},{"station_id":"n5124587791","station_name":"天保街"},{"station_id":"n5124587792","station_name":"青莲街"},{"station_id":"n5124587796","station_name":"螺塘路"},{"station_id":"n9164739516","station_name":"油坊桥"},{"station_id":"n9164739515","station_name":"雨润大街"},{"station_id":"n4059246647","station_name":"元通"},{"station_id":"n9164739512","station_name":"奥体东"},{"station_id":"n9164739511","station_name":"兴隆大街"},{"station_id":"n9164739510","station_name":"集庆门大街"},{"station_id":"n9164739509","station_name":"云锦路"},{"station_id":"n9164739508","station_name":"莫愁湖"},{"station_id":"n9164739507","station_name":"汉中门"},{"station_id":"n9164739506","station_name":"上海路"},{"station_id":"n9164163247","station_name":"新街口"},{"station_id":"n9164739504","station_name":"大行宫"},{"station_id":"n9164739503","station_name":"西安门"},{"station_id":"n9164739502","station_name":"明故宫"},{"station_id":"n9164739501","station_name":"苜蓿园"},{"station_id":"n9164739500","station_name":"下马坊"},{"station_id":"n9164739499","station_name":"孝陵卫"},{"station_id":"n9164739498","station_name":"钟灵街"},{"station_id":"n8577198845","station_name":"马群"},{"station_id":"n9164739494","station_name":"金马路"},{"station_id":"n9164739493","station_name":"仙鹤门"},{"station_id":"n9164739492","station_name":"学则路"},{"station_id":"n9164739491","station_name":"仙林中心"},{"station_id":"n9164739490","station_name":"羊山公园"},{"station_id":"n9164739489","station_name":"南大仙林校区"},{"station_id":"n9164739488","station_name":"经天路"}]}],"route_count":1,"route_refs":["2"],"route_colors":["#c7003f"],"city":"Nanjing","country":"China"},"geometry":{"type":"MultiLineString","coordinates":[[[118.66413405,31.969209299999996],[118.6740921,31.967922299999998],[118.68673703333332,31.964381],[118.6962575,31.9631952],[118.71531213333333,31.968085900000002],[118.71734909999999,31.985766466666664],[118.71626022857141,31.997583057142855],[118.72384570000001,32.00660833333334],[118.73086023333333,32.0173843],[118.73437803333333,32.03024793333333],[118.742364,32.03701816666667],[118.75399847999999,32.039319160000005],[118.76179450000001,32.04478153333333],[118.77083617999999,32.044202080000005],[118.77879745000001,32.043711683333335],[118.78953171666667,32.043632566666666],[118.80039156666668,32.04219286666666],[118.81448316666668,32.041373566666664],[118.82997296666667,32.04237856666666],[118.8433745,32.03987146666667],[118.85272330000002,32.037717400000005],[118.86385336666667,32.04166883333333],[118.89032333333336,32.051507911111116],[118.90106876666664,32.07402415000001],[118.89990656666667,32.087226166666674],[118.91179246666667,32.0936233],[118.92538880000001,32.100992266666665],[118.9350291,32.10610343333334],[118.95445876666668,32.1109807],[118.97148473333334,32.118318699999996]]]}},{"type":"Feature","properties":{"seg_id":"nanjing-2","routes":[{"route_id":"rm3400217","route_name":"南京地铁1号线","route_name_local":"南京地铁1号线","route_name_en":"Nanjing Metro Line 1","route_ref":"1","route_color":"#00a2df","wikipedia":"en:Line 1 (Nanjing Metro)","osm_route_ids":[1533791,11746005],"status":null,"order_suspect":0,"span_suspect":0,"stations":[{"station_id":"n10553755844","station_name":"八卦洲大桥南"},{"station_id":"n10553755841","station_name":"笆斗山"},{"station_id":"n10553755836","station_name":"燕子矶"},{"station_id":"n5340908569","station_name":"吉祥庵"},{"station_id":"n9163767700","station_name":"晓庄"},{"station_id":"n9163767699","station_name":"迈皋桥"},{"station_id":"n9164163239","station_name":"红山动物园"},{"station_id":"n9164163240","station_name":"南京站"},{"station_id":"n9164163242","station_name":"新模范马路"},{"station_id":"n9164163243","station_name":"玄武门"},{"station_id":"n9164163244","station_name":"鼓楼"},{"station_id":"n9164163246","station_name":"珠江路"},{"station_id":"n9164163247","station_name":"新街口"},{"station_id":"n9164163249","station_name":"张府园"},{"station_id":"n9164163250","station_name":"三山街"},{"station_id":"n9164163251","station_name":"中华门"},{"station_id":"n9164163252","station_name":"安德门"},{"station_id":"n9164163254","station_name":"天隆寺"},{"station_id":"n9164163255","station_name":"软件大道"},{"station_id":"n9164163256","station_name":"花神庙"},{"station_id":"n5116356476","station_name":"南京南站"},{"station_id":"n9164163259","station_name":"双龙大道"},{"station_id":"n9164163260","station_name":"河定桥"},{"station_id":"n9164163261","station_name":"胜太路"},{"station_id":"n9164163262","station_name":"百家湖"},{"station_id":"n9164163263","station_name":"小龙湾"},{"station_id":"n9164163264","station_name":"竹山路"},{"station_id":"n9164163265","station_name":"天印大道"},{"station_id":"n9164163266","station_name":"龙眠大道"},{"station_id":"n9164163267","station_name":"南医大·江苏经贸学院"},{"station_id":"n9164163268","station_name":"南京交院"},{"station_id":"n9164163269","station_name":"中国药科大学"}]}],"route_count":1,"route_refs":["1"],"route_colors":["#00a2df"],"city":"Nanjing","country":"China"},"geometry":{"type":"MultiLineString","coordinates":[[[118.83736936666666,32.14768203333333],[118.82471716666667,32.14562623333334],[118.81679983333333,32.138277966666664],[118.81644446666667,32.128842633333335],[118.81400330000001,32.11975268],[118.80446363333333,32.104906633333336],[118.79685935,32.0979473],[118.79138061666667,32.090184],[118.77854843333334,32.08193423333333],[118.77900413333334,32.072364066666665],[118.77819060000002,32.060833433333336],[118.7790284,32.052989733333334],[118.77879745000001,32.043711683333335],[118.77869270000001,32.03288186666666],[118.77692982,32.025235800000004],[118.76934325,32.00888445],[118.75669496666667,31.99332873333333],[118.75796903333332,31.981151666666666],[118.76939833333334,31.978820033333335],[118.78051233333333,31.979876566666665],[118.79232301999998,31.972404419999997],[118.81199823333333,31.965767966666665],[118.81479263333334,31.953513633333333],[118.81614293333332,31.945855466666668],[118.8157317,31.933996033333333],[118.8276836,31.931834575],[118.840031125,31.9339258875],[118.85847275,31.9398579],[118.87209045,31.94211415],[118.885247425,31.935681875],[118.899819575,31.91512375],[118.9089995,31.899877200000002]]]}},{"type":"Feature","properties":{"seg_id":"nanjing-3","routes":[{"route_id":"rm7885547","route_name":"南京地铁3号线","route_name_local":"南京地铁3号线","route_name_en":"Nanjing Metro Line 3","route_ref":"3","route_color":"#009651","wikipedia":"en:Line 3 (Nanjing Metro)","osm_route_ids":[5454532,7885542],"status":null,"order_suspect":0,"span_suspect":0,"stations":[{"station_id":"n9164878195","station_name":"林场"},{"station_id":"n9164878196","station_name":"星火路"},{"station_id":"n9164878197","station_name":"东大成贤学院"},{"station_id":"n9164878198","station_name":"泰冯路"},{"station_id":"n9164878200","station_name":"天润城"},{"station_id":"n9164878201","station_name":"柳洲东路"},{"station_id":"n9164878204","station_name":"上元门"},{"station_id":"n9164878205","station_name":"五塘广场"},{"station_id":"n9164878206","station_name":"小市"},{"station_id":"n9164163240","station_name":"南京站"},{"station_id":"n8001955539","station_name":"南京林业大学·新庄"},{"station_id":"n9164878207","station_name":"鸡鸣寺"},{"station_id":"n9164878209","station_name":"浮桥"},{"station_id":"n9164739504","station_name":"大行宫"},{"station_id":"n9164878210","station_name":"常府街"},{"station_id":"n9164878211","station_name":"夫子庙"},{"station_id":"n9164878212","station_name":"武定门"},{"station_id":"n9164878213","station_name":"雨花门"},{"station_id":"n9164878214","station_name":"卡子门"},{"station_id":"n9164878215","station_name":"大明路"},{"station_id":"n9164878216","station_name":"明发广场"},{"station_id":"n5116356476","station_name":"南京南站"},{"station_id":"n9164898217","station_name":"宏运大道"},{"station_id":"n9164898218","station_name":"胜太西路"},{"station_id":"n9164898220","station_name":"天元西路"},{"station_id":"n9164898221","station_name":"九龙湖"},{"station_id":"n9164898222","station_name":"诚信大道"},{"station_id":"n9164898223","station_name":"东大九龙湖校区"},{"station_id":"n9164898224","station_name":"秣周东路"},{"station_id":"n13387798996","station_name":"上秦淮西"},{"station_id":"n13387798999","station_name":"秣陵"}]}],"route_count":1,"route_refs":["3"],"route_colors":["#009651"],"city":"Nanjing","country":"China"},"geometry":{"type":"MultiLineString","coordinates":[[[118.66624046666668,32.16575756666666],[118.69168366666668,32.15949320000001],[118.70232683333332,32.15849323333333],[118.71362548333333,32.15598266666666],[118.72873516666665,32.15307156666666],[118.74106806666668,32.14193523333333],[118.76469226666667,32.117564666666674],[118.77233731999999,32.11243026],[118.78047396666666,32.097092266666664],[118.79138061666667,32.090184],[118.80524566666666,32.07868526666667],[118.79246693333333,32.0594553],[118.7910273,32.051422366666664],[118.78953171666667,32.043632566666666],[118.78701853333332,32.03547723333333],[118.78577354000001,32.02598768],[118.78929529999999,32.01563193333333],[118.78739413333334,32.00577406666667],[118.79073306666665,31.997141100000004],[118.7949228,31.988078033333334],[118.79540906666666,31.97924756666667],[118.79232301999998,31.972404419999997],[118.7988495,31.961114266666666],[118.80221606666667,31.945675066666666],[118.80354376666668,31.9295821],[118.81573623333333,31.917918266666664],[118.8256073,31.9107963],[118.82522683333333,31.897971866666666],[118.82606796666668,31.871025766666666],[118.831303,31.852101566666665],[118.83000786666666,31.843211233333335]]]}},{"type":"Feature","properties":{"seg_id":"nanjing-4","routes":[{"route_id":"rm7913272","route_name":"南京地铁S1号线","route_name_local":"南京地铁S1号线","route_name_en":"Nanjing Metro Line S1","route_ref":"S1","route_color":"#4bbbb4","wikipedia":"en:Line S1 (Nanjing Metro)","osm_route_ids":[5454533,7913265],"status":null,"order_suspect":0,"span_suspect":0,"stations":[{"station_id":"n5116356476","station_name":"南京南站"},{"station_id":"n9165008021","station_name":"翠屏山"},{"station_id":"n9165008022","station_name":"河海大学·佛城西路"},{"station_id":"n9165008023","station_name":"吉印大道"},{"station_id":"n9165008024","station_name":"正方中路"},{"station_id":"n9165008025","station_name":"翔宇路北"},{"station_id":"n9165008026","station_name":"翔宇路南"},{"station_id":"n6469606313","station_name":"禄口机场"},{"station_id":"n6469532245","station_name":"空港新城江宁"}]}],"route_count":1,"route_refs":["S1"],"route_colors":["#4bbbb4"],"city":"Nanjing","country":"China"},"geometry":{"type":"MultiLineString","coordinates":[[[118.79232301999998,31.972404419999997],[118.77960663333333,31.944608166666665],[118.78642006666666,31.91582],[118.79008519999998,31.88823516],[118.8006934,31.847209033333332],[118.81648573333332,31.7933403],[118.82412326,31.75690264],[118.86867026666665,31.73251133333333],[118.88257649999998,31.73983646666667]]]}},{"type":"Feature","properties":{"seg_id":"nanjing-5","routes":[{"route_id":"rm9588181","route_name":"南京地铁S8号线","route_name_local":"南京地铁S8号线","route_name_en":"Nanjing Metro Line S8","route_ref":"S8","route_color":"#eca153","wikipedia":"en:Line S8 (Nanjing Metro)","osm_route_ids":[5454534,9588173],"status":null,"order_suspect":0,"span_suspect":0,"stations":[{"station_id":"n10064297534","station_name":"长江大桥北"},{"station_id":"n10064297533","station_name":"毛纺厂路"},{"station_id":"n7998554100","station_name":"泰山新村"},{"station_id":"n9164878198","station_name":"泰冯路"},{"station_id":"n7998554091","station_name":"高新开发区"},{"station_id":"n7998554090","station_name":"信息工程大学"},{"station_id":"n9165153418","station_name":"卸甲甸"},{"station_id":"n3781713909","station_name":"大厂"},{"station_id":"n3781713902","station_name":"葛塘"},{"station_id":"n3781713899","station_name":"长芦"},{"station_id":"n3781713897","station_name":"化工园"},{"station_id":"n7998554087","station_name":"六合开发区"},{"station_id":"n7998554085","station_name":"龙池"},{"station_id":"n7998534656","station_name":"雄州"},{"station_id":"n7998534655","station_name":"凤凰山公园"},{"station_id":"n7998534650","station_name":"方洲广场"},{"station_id":"n9165153419","station_name":"沈桥"},{"station_id":"n9165153420","station_name":"八百桥"},{"station_id":"n9165153421","station_name":"金牛湖"}]}],"route_count":1,"route_refs":["S8"],"route_colors":["#eca153"],"city":"Nanjing","country":"China"},"geometry":{"type":"MultiLineString","coordinates":[[[118.72465353333332,32.130836966666664],[118.7214166,32.13665676666667],[118.7109898,32.14645430000001],[118.71362548333333,32.15598266666666],[118.714381,32.179858700000004],[118.72173616666667,32.20466203333333],[118.72537266666667,32.21684976666666],[118.73499673333333,32.23108919999999],[118.74853333333333,32.24663653333334],[118.77150803333332,32.27570673333334],[118.78039783333334,32.28757223333333],[118.80010606666667,32.30729266666666],[118.81531910000001,32.32131663333333],[118.83166673333334,32.33662986666666],[118.84004866666668,32.349179299999996],[118.84496019999999,32.361641399999996],[118.88685286666667,32.402215866666666],[118.92815233333333,32.42935593333333],[118.95955773333333,32.46752863333334]]]}},{"type":"Feature","properties":{"seg_id":"nanjing-6","routes":[{"route_id":"rm7913273","route_name":"南京地铁S3号线","route_name_local":"南京地铁S3号线","route_name_en":"Nanjing Metro Line S3","route_ref":"S3","route_color":"#ba84ac","wikipedia":"en:Line S3 (Nanjing Metro)","osm_route_ids":[7913253,7913264],"status":null,"order_suspect":0,"span_suspect":0,"stations":[{"station_id":"n9165078120","station_name":"高家冲"},{"station_id":"n9165078119","station_name":"林山"},{"station_id":"n9165078118","station_name":"桥林新城"},{"station_id":"n9165078117","station_name":"石碛河"},{"station_id":"n9165048016","station_name":"双垅"},{"station_id":"n9165048015","station_name":"兰花塘"},{"station_id":"n9165048014","station_name":"马骡圩"},{"station_id":"n9165048013","station_name":"刘村"},{"station_id":"n9165048012","station_name":"天保"},{"station_id":"n9165048011","station_name":"高庙路"},{"station_id":"n4059246650","station_name":"吴侯街"},{"station_id":"n4059246654","station_name":"平良大街"},{"station_id":"n9165048008","station_name":"永初路"},{"station_id":"n9164739516","station_name":"油坊桥"},{"station_id":"n9165048006","station_name":"贾西"},{"station_id":"n9165048005","station_name":"春江路"},{"station_id":"n9165048004","station_name":"铁心桥"},{"station_id":"n9165048003","station_name":"景明佳园"},{"station_id":"n5116356476","station_name":"南京南站"}]}],"route_count":1,"route_refs":["S3"],"route_colors":["#ba84ac"],"city":"Nanjing","country":"China"},"geometry":{"type":"MultiLineString","coordinates":[[[118.51207876666668,31.911183766666667],[118.52599663333332,31.920890599999996],[118.54242836666667,31.932007366666667],[118.55302903333335,31.940180066666667],[118.56245723333332,31.950411533333334],[118.56979293333332,31.960388466666668],[118.5833812,31.975244266666664],[118.65998853333333,31.94648146666667],[118.6722272,31.95525566666667],[118.68327156666668,31.9708638],[118.68835855,31.977500475],[118.69721229999999,31.979615900000002],[118.70742046000001,31.976581680000002],[118.71531213333333,31.968085900000002],[118.72852296666666,31.961381799999998],[118.74337806666666,31.964329133333337],[118.75904706666665,31.966520333333335],[118.77346236666666,31.964424433333335],[118.79232301999998,31.972404419999997]]]}},{"type":"Feature","properties":{"seg_id":"nanjing-7","routes":[{"route_id":"rm9584586","route_name":"南京地铁S7号线","route_name_local":"南京地铁S7号线","route_name_en":"Nanjing Metro Line S7","route_ref":"S7","route_color":"#ca8687","wikipedia":"en:Line S7 (Nanjing Metro)","osm_route_ids":[8365114,9584584],"status":null,"order_suspect":0,"span_suspect":0,"stations":[{"station_id":"n6469532245","station_name":"空港新城江宁"},{"station_id":"n6469532246","station_name":"柘塘"},{"station_id":"n6469532247","station_name":"空港新城溧水"},{"station_id":"n6469532248","station_name":"群力"},{"station_id":"n6469532249","station_name":"卧龙湖"},{"station_id":"n6469532250","station_name":"溧水"},{"station_id":"n6469532251","station_name":"中山湖"},{"station_id":"n6469532252","station_name":"幸庄"},{"station_id":"n6469532253","station_name":"无想山"}]}],"route_count":1,"route_refs":["S7"],"route_colors":["#ca8687"],"city":"Nanjing","country":"China"},"geometry":{"type":"MultiLineString","coordinates":[[[118.88257649999998,31.73983646666667],[118.93291119999999,31.758846849999998],[118.984321,31.735825974999997],[119.00911485,31.723024275],[119.03791646666666,31.688404833333333],[119.03927163333333,31.6640046],[119.0398928,31.648729833333334],[119.04080126666666,31.626485400000004],[119.04145040000002,31.610310933333334]]]}},{"type":"Feature","properties":{"seg_id":"nanjing-8","routes":[{"route_id":"rm9584587","route_name":"南京地铁S9号线","route_name_local":"南京地铁S9号线","route_name_en":"Nanjing Metro Line S9","route_ref":"S9","route_color":"#f1bc1a","wikipedia":"en:Line S9 (Nanjing Metro)","osm_route_ids":[9584574,9584575],"status":null,"order_suspect":0,"span_suspect":0,"stations":[{"station_id":"n5116432228","station_name":"高淳"},{"station_id":"n5116432226","station_name":"团结圩"},{"station_id":"n9165117858","station_name":"明觉"},{"station_id":"n9165117857","station_name":"石湫"},{"station_id":"n9165117856","station_name":"铜山"},{"station_id":"n9165008026","station_name":"翔宇路南"}]}],"route_count":1,"route_refs":["S9"],"route_colors":["#f1bc1a"],"city":"Nanjing","country":"China"},"geometry":{"type":"MultiLineString","coordinates":[[[118.8721983,31.34318433333333],[118.88278096666666,31.397970866666668],[118.89725353333334,31.548568433333333],[118.90237776666667,31.64252],[118.87660703333334,31.698222666666666],[118.82412326,31.75690264]]]}},{"type":"Feature","properties":{"seg_id":"nanjing-9","routes":[{"route_id":"rm9588283","route_name":"南京地铁4号线","route_name_local":"南京地铁4号线","route_name_en":"Nanjing Metro Line 4","route_ref":"4","route_color":"#a513c0","wikipedia":"en:Line 4 (Nanjing Metro)","osm_route_ids":[9588280,9588281],"status":null,"order_suspect":0,"span_suspect":0,"stations":[{"station_id":"n9164951638","station_name":"仙林湖"},{"station_id":"n9164951637","station_name":"西岗桦墅"},{"station_id":"n9164951636","station_name":"孟北"},{"station_id":"n9164951635","station_name":"东流"},{"station_id":"n8002523279","station_name":"灵山"},{"station_id":"n9164951633","station_name":"汇通路"},{"station_id":"n9164739494","station_name":"金马路"},{"station_id":"n9164951632","station_name":"徐庄·苏宁总部"},{"station_id":"n9164951631","station_name":"聚宝山"},{"station_id":"n9164951630","station_name":"王家湾"},{"station_id":"n9164951629","station_name":"蒋王庙"},{"station_id":"n9164951628","station_name":"岗子村"},{"station_id":"n9164951627","station_name":"九华山"},{"station_id":"n9164878207","station_name":"鸡鸣寺"},{"station_id":"n9164163244","station_name":"鼓楼"},{"station_id":"n9164951626","station_name":"云南路"},{"station_id":"n9164951625","station_name":"草场门·南艺·二师"},{"station_id":"n9164951623","station_name":"龙江"}]}],"route_count":1,"route_refs":["4"],"route_colors":["#a513c0"],"city":"Nanjing","country":"China"},"geometry":{"type":"MultiLineString","coordinates":[[[118.98741516666666,32.12757606666667],[118.99124703333332,32.10106116666666],[118.98216253333334,32.08657423333333],[118.95972813333333,32.07936676666667],[118.93885573333334,32.07996966666667],[118.92656290000001,32.08026673333333],[118.90106876666664,32.07402415000001],[118.8833101,32.0874493],[118.85975413333331,32.09608883333333],[118.8331084,32.087542766666665],[118.82605550000001,32.079696399999996],[118.81078086666666,32.06743363333334],[118.80065516666666,32.05945623333333],[118.79246693333333,32.0594553],[118.77819060000002,32.060833433333336],[118.76935250000001,32.06150128],[118.75040919999999,32.06255426],[118.73437103333333,32.060110200000004]]]}},{"type":"Feature","properties":{"seg_id":"nanjing-10","routes":[{"route_id":"rm13200482","route_name":"南京地铁S6号线","route_name_local":"南京地铁S6号线","route_name_en":null,"route_ref":"S6","route_color":"#b58bd7","wikipedia":"zh:南京地铁","osm_route_ids":[13200479,13200480],"status":null,"order_suspect":0,"span_suspect":0,"stations":[{"station_id":"n9165103279","station_name":"句容"},{"station_id":"n9165103278","station_name":"崇明"},{"station_id":"n9165103277","station_name":"华阳"},{"station_id":"n9165103276","station_name":"童世界"},{"station_id":"n9165103275","station_name":"黄梅"},{"station_id":"n9165103274","station_name":"泉都大街"},{"station_id":"n9165103273","station_name":"汤山"},{"station_id":"n9165103272","station_name":"南京猿人洞"},{"station_id":"n9165103271","station_name":"古泉"},{"station_id":"n9165103270","station_name":"东郊小镇"},{"station_id":"n9165103269","station_name":"麒麟门"},{"station_id":"n9165103268","station_name":"百水桥"},{"station_id":"n8577198845","station_name":"马群"}]}],"route_count":1,"route_refs":["S6"],"route_colors":["#b58bd7"],"city":"Nanjing","country":"China"},"geometry":{"type":"MultiLineString","coordinates":[[[119.16452976666666,31.92398726666666],[119.1732333,31.94489493333333],[119.17494800000001,31.9744429],[119.15847073333333,31.9937359],[119.11067906666666,32.01002763333333],[119.0467602,32.035127466666665],[119.0626919,32.0500409],[119.04693876000002,32.063387819999996],[119.00390806666667,32.0512956],[118.94771233333334,32.053903133333336],[118.92261789999999,32.05523183333333],[118.90970313333332,32.055487400000004],[118.89032333333336,32.051507911111116]]]}},{"type":"Feature","properties":{"seg_id":"nanjing-11","routes":[{"route_id":"rm15336346","route_name":"南京地铁7号线","route_name_local":"南京地铁7号线","route_name_en":null,"route_ref":"7","route_color":"#4a7729","wikipedia":null,"osm_route_ids":[15336345,15336347],"status":null,"order_suspect":0,"span_suspect":0,"stations":[{"station_id":"n11511348410","station_name":"西善桥"},{"station_id":"n5124587796","station_name":"螺塘路"},{"station_id":"n11511348406","station_name":"太清路"},{"station_id":"n9165048008","station_name":"永初路"},{"station_id":"n11511349161","station_name":"嘉陵江东街"},{"station_id":"n9167211253","station_name":"中胜"},{"station_id":"n11511311814","station_name":"新城科技园"},{"station_id":"n11511333765","station_name":"梦都大街东"},{"station_id":"n11511302598","station_name":"应天大街"},{"station_id":"n12460759016","station_name":"南湖"},{"station_id":"n12461754367","station_name":"大士茶亭"},{"station_id":"n9164739508","station_name":"莫愁湖"},{"station_id":"n12460759017","station_name":"清凉山"},{"station_id":"n9164951625","station_name":"草场门·南艺·二师"},{"station_id":"n12462545486","station_name":"古平岗"},{"station_id":"n12462545489","station_name":"福建路"},{"station_id":"n12462545492","station_name":"钟阜路"},{"station_id":"n10566816529","station_name":"幕府西路"},{"station_id":"n9164878205","station_name":"五塘广场"},{"station_id":"n9163767703","station_name":"幕府山"},{"station_id":"n9163767700","station_name":"晓庄"},{"station_id":"n10566785140","station_name":"万寿"},{"station_id":"n10566785128","station_name":"丁家庄"},{"station_id":"n10566785117","station_name":"丁家庄南"},{"station_id":"n10566785109","station_name":"尧化新村"},{"station_id":"n10566749905","station_name":"尧化门"},{"station_id":"n10566749900","station_name":"仙新路"}]}],"route_count":1,"route_refs":["7"],"route_colors":["#4a7729"],"city":"Nanjing","country":"China"},"geometry":{"type":"MultiLineString","coordinates":[[[118.68565254,31.949056820000003],[118.6962575,31.9631952],[118.69803436666666,31.968741366666666],[118.70742046000001,31.976581680000002],[118.7226218,31.984173433333336],[118.72789331999999,31.98998488],[118.73286173333334,31.995767833333332],[118.7411108,32.00594793333334],[118.74401,32.0185638],[118.74902376666667,32.02579416666667],[118.75208873333334,32.033752033333336],[118.75399847999999,32.039319160000005],[118.75469183333333,32.05043766666666],[118.75040919999999,32.06255426],[118.75273506666667,32.07312423333333],[118.75431142,32.082163019999996],[118.7664368,32.09323973333333],[118.76517789999998,32.1063312],[118.77233731999999,32.11243026],[118.79345576666667,32.1165449],[118.81400330000001,32.11975268],[118.82976653333333,32.12212073333333],[118.8449139,32.1137419],[118.85496439999999,32.109775],[118.8706725,32.117524200000005],[118.8826366,32.124719766666665],[118.8903347,32.129043333333335]]]}},{"type":"Feature","properties":{"seg_id":"nanjing-12","routes":[{"route_id":"rm17417178","route_name":"南京地铁5号线","route_name_local":"南京地铁5号线","route_name_en":"Nanjing Metro Line 5","route_ref":"5","route_color":"#f2da51","wikipedia":"en:Line 5 (Nanjing Metro)","osm_route_ids":[17417176,17417177],"status":null,"order_suspect":0,"span_suspect":0,"stations":[{"station_id":"n13057948220","station_name":"方家营"},{"station_id":"n13059454870","station_name":"南京西站"},{"station_id":"n13059454873","station_name":"静海寺"},{"station_id":"n13059454879","station_name":"下关"},{"station_id":"n13059454876","station_name":"盐仓桥"},{"station_id":"n12462545489","station_name":"福建路"},{"station_id":"n13057948205","station_name":"虹桥"},{"station_id":"n13057948208","station_name":"青春广场"},{"station_id":"n9164951626","station_name":"云南路"},{"station_id":"n13059514821","station_name":"五台山"},{"station_id":"n9164739506","station_name":"上海路"},{"station_id":"n13059514818","station_name":"朝天宫"},{"station_id":"n9164163250","station_name":"三山街"},{"station_id":"n9164878211","station_name":"夫子庙"},{"station_id":"n13059514811","station_name":"通济门"},{"station_id":"n13059514805","station_name":"光华门"},{"station_id":"n13059514808","station_name":"石门坎"},{"station_id":"n13059454868","station_name":"七桥瓮"},{"station_id":"n13059454865","station_name":"大校场"},{"station_id":"n13057948217","station_name":"神机营"},{"station_id":"n13057948212","station_name":"东山香樟园"},{"station_id":"n11774792284","station_name":"文靖路"},{"station_id":"n11774792277","station_name":"东山"},{"station_id":"n11774792270","station_name":"新亭路"},{"station_id":"n9164163264","station_name":"竹山路"},{"station_id":"n11774761658","station_name":"科宁路"},{"station_id":"n11774761642","station_name":"前庄"},{"station_id":"n9164898222","station_name":"诚信大道"},{"station_id":"n11774761615","station_name":"九龙湖南"},{"station_id":"n9165008023","station_name":"吉印大道"}]}],"route_count":1,"route_refs":["5"],"route_colors":["#f2da51"],"city":"Nanjing","country":"China"},"geometry":{"type":"MultiLineString","coordinates":[[[118.742260775,32.106458950000004],[118.7362854,32.0981775],[118.73284833333334,32.094103],[118.73649,32.08888893333333],[118.74757056666665,32.087634466666664],[118.75431142,32.082163019999996],[118.75996486666668,32.07721443333333],[118.7676745,32.07060453333333],[118.76935250000001,32.06150128],[118.77130813333333,32.05221926666666],[118.77083617999999,32.044202080000005],[118.7674329,32.03470976666667],[118.77692982,32.025235800000004],[118.78577354000001,32.02598768],[118.79932506666667,32.02773176666667],[118.80968256666667,32.02560756666667],[118.81964183333334,32.01958093333334],[118.82021326666667,32.010914066666665],[118.81798885,32.000339499999995],[118.81963783333333,31.99172733333333],[118.8342458,31.973828933333333],[118.83663426666668,31.960432466666663],[118.8386208,31.955612766666665],[118.8404559,31.944499133333334],[118.840031125,31.9339258875],[118.84431836666666,31.926372233333336],[118.83875013333333,31.912441066666663],[118.8256073,31.9107963],[118.80478546666666,31.89504386666667],[118.79008519999998,31.88823516]]]}},{"type":"Feature","properties":{"seg_id":"nanjing-13","routes":[{"route_id":"rm19979192","route_name":"南京地铁S2号线/宁马线","route_name_local":"南京地铁S2号线/宁马线","route_name_en":"Nanjing Metro Line S2 / Ningma Line","route_ref":"S2","route_color":"#92282b","wikipedia":"zh:南京地铁S2号线","osm_route_ids":[19979191,20629971],"status":null,"order_suspect":0,"span_suspect":0,"stations":[{"station_id":"n9792508219","station_name":"太白"},{"station_id":"n9680291511","station_name":"姑孰"},{"station_id":"n9680291512","station_name":"马鞍山经开区"},{"station_id":"n9680291513","station_name":"阳湖"},{"station_id":"n9680291514","station_name":"雨山东路"},{"station_id":"n9680291516","station_name":"湖南路・安工大"},{"station_id":"n9680313118","station_name":"湖北路・二中"},{"station_id":"n9792508218","station_name":"慈湖高新区"},{"station_id":"n13388500483","station_name":"铜井"},{"station_id":"n13388500484","station_name":"牧龙"},{"station_id":"n13388500485","station_name":"江宁滨江开发区"},{"station_id":"n13388500486","station_name":"江宁镇"},{"station_id":"n13388500487","station_name":"板桥南"},{"station_id":"n13388500488","station_name":"板桥"},{"station_id":"n13388500489","station_name":"雨花经济开发区"},{"station_id":"n11511348410","station_name":"西善桥"}]}],"route_count":1,"route_refs":["S2"],"route_colors":["#92282b"],"city":"Nanjing","country":"China"},"geometry":{"type":"MultiLineString","coordinates":[[[118.51023406666667,31.527025433333336],[118.51944753333335,31.560094033333332],[118.5179597,31.6282051],[118.51842490000001,31.65220556666667],[118.51841936666666,31.67328303333333],[118.5184637,31.68391216666667],[118.51842653333331,31.701918266666667],[118.51779066666666,31.753441566666666],[118.55020566666667,31.809031333333333],[118.5733803,31.842219633333332],[118.58594906666667,31.857746766666665],[118.60229553333333,31.879537033333335],[118.6184283,31.892853666666667],[118.6354411,31.909735366666666],[118.6613476,31.929687266666665],[118.68565254,31.949056820000003]]]}},{"type":"Feature","properties":{"station_id":"n3781713897","station_name":"化工园","station_name_local":"化工园","station_name_en":"Huagongyuan","city":"Nanjing","country":"China","lines":["S8"],"wikipedia":"zh:化工园站","merged_from":3,"merged_names":null,"is_terminus":false,"routes":[{"ref":"S8","name":"南京地铁S8号线","route_color":"#eca153"}],"pass_count":1,"station_degree":2,"codes":null,"is_interchange":false,"station_role":"normal"},"geometry":{"type":"Point","coordinates":[118.78039783333334,32.28757223333333]},"__memberLines":{}},{"type":"Feature","properties":{"station_id":"n3781713899","station_name":"长芦","station_name_local":"长芦","station_name_en":"Changlu","city":"Nanjing","country":"China","lines":["S8"],"wikipedia":"zh:长芦站","merged_from":3,"merged_names":null,"is_terminus":false,"routes":[{"ref":"S8","name":"南京地铁S8号线","route_color":"#eca153"}],"pass_count":1,"station_degree":2,"codes":null,"is_interchange":false,"station_role":"normal"},"geometry":{"type":"Point","coordinates":[118.77150803333332,32.27570673333334]},"__memberLines":{}},{"type":"Feature","properties":{"station_id":"n3781713902","station_name":"葛塘","station_name_local":"葛塘","station_name_en":"Getang","city":"Nanjing","country":"China","lines":["S8"],"wikipedia":"zh:葛塘站","merged_from":3,"merged_names":null,"is_terminus":false,"routes":[{"ref":"S8","name":"南京地铁S8号线","route_color":"#eca153"}],"pass_count":1,"station_degree":2,"codes":null,"is_interchange":false,"station_role":"normal"},"geometry":{"type":"Point","coordinates":[118.74853333333333,32.24663653333334]},"__memberLines":{}},{"type":"Feature","properties":{"station_id":"n3781713909","station_name":"大厂","station_name_local":"大厂","station_name_en":"Dachang","city":"Nanjing","country":"China","lines":["S8"],"wikipedia":"zh:大厂站","merged_from":3,"merged_names":null,"is_terminus":false,"routes":[{"ref":"S8","name":"南京地铁S8号线","route_color":"#eca153"}],"pass_count":1,"station_degree":2,"codes":null,"is_interchange":false,"station_role":"normal"},"geometry":{"type":"Point","coordinates":[118.73499673333333,32.23108919999999]},"__memberLines":{}},{"type":"Feature","properties":{"station_id":"n4059246647","station_name":"元通","station_name_local":"元通","station_name_en":"Yuantong","city":"Nanjing","country":"China","lines":["2","10"],"wikipedia":null,"merged_from":14,"merged_names":null,"is_terminus":false,"routes":[{"ref":"2","name":"南京地铁2号线","route_color":"#c7003f"},{"ref":"10","name":"南京地铁10号线","route_color":"#eac384"}],"pass_count":2,"station_degree":4,"codes":null,"is_interchange":true,"station_role":"interchange"},"geometry":{"type":"Point","coordinates":[118.71626022857141,31.997583057142855]},"__memberLines":{}},{"type":"Feature","properties":{"station_id":"n4059246650","station_name":"吴侯街","station_name_local":"吴侯街","station_name_en":"Wuhoujie","city":"Nanjing","country":"China","lines":["S3"],"wikipedia":null,"merged_from":8,"merged_names":null,"is_terminus":false,"routes":[{"ref":"S3","name":"南京地铁S3号线","route_color":"#ba84ac"}],"pass_count":1,"station_degree":2,"codes":null,"is_interchange":false,"station_role":"normal"},"geometry":{"type":"Point","coordinates":[118.68835855,31.977500475]},"__memberLines":{}},{"type":"Feature","properties":{"station_id":"n4059246654","station_name":"平良大街","station_name_local":"平良大街","station_name_en":"Pingliangdajie","city":"Nanjing","country":"China","lines":["S3"],"wikipedia":null,"merged_from":8,"merged_names":null,"is_terminus":false,"routes":[{"ref":"S3","name":"南京地铁S3号线","route_color":"#ba84ac"}],"pass_count":1,"station_degree":2,"codes":null,"is_interchange":false,"station_role":"normal"},"geometry":{"type":"Point","coordinates":[118.69721229999999,31.979615900000002]},"__memberLines":{}},{"type":"Feature","properties":{"station_id":"n4059246656","station_name":"鱼嘴","station_name_local":"鱼嘴","station_name_en":"Yuzui","city":"Nanjing","country":"China","lines":["2"],"wikipedia":null,"merged_from":8,"merged_names":null,"is_terminus":true,"routes":[{"ref":"2","name":"南京地铁2号线","route_color":"#c7003f"}],"pass_count":1,"station_degree":1,"codes":null,"is_interchange":false,"station_role":"terminus"},"geometry":{"type":"Point","coordinates":[118.66413405,31.969209299999996]},"__memberLines":{}},{"type":"Feature","properties":{"station_id":"n4059270034","station_name":"石杨路","station_name_local":"石杨路","station_name_en":"Shiyanglu","city":"Nanjing","country":"China","lines":["10"],"wikipedia":null,"merged_from":12,"merged_names":null,"is_terminus":false,"routes":[{"ref":"10","name":"南京地铁10号线","route_color":"#eac384"}],"pass_count":1,"station_degree":2,"codes":null,"is_interchange":false,"station_role":"normal"},"geometry":{"type":"Point","coordinates":[118.86981036666667,32.00744785]},"__memberLines":{}},{"type":"Feature","properties":{"station_id":"n5116356476","station_name":"南京南站","station_name_local":"南京南站","station_name_en":"Nanjing South Railway Station","city":"Nanjing","country":"China","lines":["1","3","S1","S3"],"wikipedia":null,"merged_from":10,"merged_names":null,"is_terminus":false,"routes":[{"ref":"1","name":"南京地铁1号线","route_color":"#00a2df"},{"ref":"3","name":"南京地铁3号线","route_color":"#009651"},{"ref":"S1","name":"南京地铁S1号线","route_color":"#4bbbb4"},{"ref":"S3","name":"南京地铁S3号线","route_color":"#ba84ac"}],"pass_count":4,"station_degree":6,"codes":null,"is_interchange":true,"station_role":"interchange"},"geometry":{"type":"Point","coordinates":[118.79232301999998,31.972404419999997]},"__memberLines":{}},{"type":"Feature","properties":{"station_id":"n5124587791","station_name":"天保街","station_name_local":"天保街","station_name_en":"Tianbaojie","city":"Nanjing","country":"China","lines":["2"],"wikipedia":null,"merged_from":6,"merged_names":null,"is_terminus":false,"routes":[{"ref":"2","name":"南京地铁2号线","route_color":"#c7003f"}],"pass_count":1,"station_degree":2,"codes":null,"is_interchange":false,"station_role":"normal"},"geometry":{"type":"Point","coordinates":[118.6740921,31.967922299999998]},"__memberLines":{}},{"type":"Feature","properties":{"station_id":"n5124587792","station_name":"青莲街","station_name_local":"青莲街","station_name_en":"Qinglainjie","city":"Nanjing","country":"China","lines":["2"],"wikipedia":null,"merged_from":6,"merged_names":null,"is_terminus":false,"routes":[{"ref":"2","name":"南京地铁2号线","route_color":"#c7003f"}],"pass_count":1,"station_degree":2,"codes":null,"is_interchange":false,"station_role":"normal"},"geometry":{"type":"Point","coordinates":[118.68673703333332,31.964381]},"__memberLines":{}},{"type":"Feature","properties":{"station_id":"n5124587796","station_name":"螺塘路","station_name_local":"螺塘路","station_name_en":"Luotanglu","city":"Nanjing","country":"China","lines":["2","7"],"wikipedia":null,"merged_from":10,"merged_names":null,"is_terminus":false,"routes":[{"ref":"2","name":"南京地铁2号线","route_color":"#c7003f"},{"ref":"7","name":"南京地铁7号线","route_color":"#4a7729"}],"pass_count":2,"station_degree":4,"codes":null,"is_interchange":true,"station_role":"interchange"},"geometry":{"type":"Point","coordinates":[118.6962575,31.9631952]},"__memberLines":{}},{"type":"Feature","properties":{"station_id":"n5340908569","station_name":"吉祥庵","station_name_local":"吉祥庵","station_name_en":"Jixiang'an","city":"Nanjing","country":"China","lines":["1"],"wikipedia":"zh:吉祥庵站","merged_from":3,"merged_names":null,"is_terminus":false,"routes":[{"ref":"1","name":"南京地铁1号线","route_color":"#00a2df"}],"pass_count":1,"station_degree":2,"codes":null,"is_interchange":false,"station_role":"normal"},"geometry":{"type":"Point","coordinates":[118.81644446666667,32.128842633333335]},"__memberLines":{}},{"type":"Feature","properties":{"station_id":"n6469532245","station_name":"空港新城江宁","station_name_local":"空港新城江宁","station_name_en":"Konggangxinchengjiangning","city":"Nanjing","country":"China","lines":["S1","S7"],"wikipedia":null,"merged_from":3,"merged_names":null,"is_terminus":false,"routes":[{"ref":"S1","name":"南京地铁S1号线","route_color":"#4bbbb4"},{"ref":"S7","name":"南京地铁S7号线","route_color":"#ca8687"}],"pass_count":2,"station_degree":2,"codes":null,"is_interchange":true,"station_role":"interchange"},"geometry":{"type":"Point","coordinates":[118.88257649999998,31.73983646666667]},"__memberLines":{}},{"type":"Feature","properties":{"station_id":"n6469532246","station_name":"柘塘","station_name_local":"柘塘","station_name_en":"Zhetang","city":"Nanjing","country":"China","lines":["S7"],"wikipedia":null,"merged_from":4,"merged_names":null,"is_terminus":false,"routes":[{"ref":"S7","name":"南京地铁S7号线","route_color":"#ca8687"}],"pass_count":1,"station_degree":2,"codes":null,"is_interchange":false,"station_role":"normal"},"geometry":{"type":"Point","coordinates":[118.93291119999999,31.758846849999998]},"__memberLines":{}},{"type":"Feature","properties":{"station_id":"n6469532247","station_name":"空港新城溧水","station_name_local":"空港新城溧水","station_name_en":"Konggangxinchenglishui","city":"Nanjing","country":"China","lines":["S7"],"wikipedia":null,"merged_from":4,"merged_names":null,"is_terminus":false,"routes":[{"ref":"S7","name":"南京地铁S7号线","route_color":"#ca8687"}],"pass_count":1,"station_degree":2,"codes":null,"is_interchange":false,"station_role":"normal"},"geometry":{"type":"Point","coordinates":[118.984321,31.735825974999997]},"__memberLines":{}},{"type":"Feature","properties":{"station_id":"n6469532248","station_name":"群力","station_name_local":"群力","station_name_en":"Qunli","city":"Nanjing","country":"China","lines":["S7"],"wikipedia":null,"merged_from":4,"merged_names":null,"is_terminus":false,"routes":[{"ref":"S7","name":"南京地铁S7号线","route_color":"#ca8687"}],"pass_count":1,"station_degree":2,"codes":null,"is_interchange":false,"station_role":"normal"},"geometry":{"type":"Point","coordinates":[119.00911485,31.723024275]},"__memberLines":{}},{"type":"Feature","properties":{"station_id":"n6469532249","station_name":"卧龙湖","station_name_local":"卧龙湖","station_name_en":"Wolonghu","city":"Nanjing","country":"China","lines":["S7"],"wikipedia":null,"merged_from":3,"merged_names":null,"is_terminus":false,"routes":[{"ref":"S7","name":"南京地铁S7号线","route_color":"#ca8687"}],"pass_count":1,"station_degree":2,"codes":null,"is_interchange":false,"station_role":"normal"},"geometry":{"type":"Point","coordinates":[119.03791646666666,31.688404833333333]},"__memberLines":{}},{"type":"Feature","properties":{"station_id":"n6469532250","station_name":"溧水","station_name_local":"溧水","station_name_en":"Lishui","city":"Nanjing","country":"China","lines":["S7"],"wikipedia":null,"merged_from":3,"merged_names":null,"is_terminus":false,"routes":[{"ref":"S7","name":"南京地铁S7号线","route_color":"#ca8687"}],"pass_count":1,"station_degree":2,"codes":null,"is_interchange":false,"station_role":"normal"},"geometry":{"type":"Point","coordinates":[119.03927163333333,31.6640046]},"__memberLines":{}},{"type":"Feature","properties":{"station_id":"n6469532251","station_name":"中山湖","station_name_local":"中山湖","station_name_en":"Zhongshanhu","city":"Nanjing","country":"China","lines":["S7"],"wikipedia":null,"merged_from":3,"merged_names":null,"is_terminus":false,"routes":[{"ref":"S7","name":"南京地铁S7号线","route_color":"#ca8687"}],"pass_count":1,"station_degree":2,"codes":null,"is_interchange":false,"station_role":"normal"},"geometry":{"type":"Point","coordinates":[119.0398928,31.648729833333334]},"__memberLines":{}},{"type":"Feature","properties":{"station_id":"n6469532252","station_name":"幸庄","station_name_local":"幸庄","station_name_en":"Xingzhuang","city":"Nanjing","country":"China","lines":["S7"],"wikipedia":null,"merged_from":3,"merged_names":null,"is_terminus":false,"routes":[{"ref":"S7","name":"南京地铁S7号线","route_color":"#ca8687"}],"pass_count":1,"station_degree":2,"codes":null,"is_interchange":false,"station_role":"normal"},"geometry":{"type":"Point","coordinates":[119.04080126666666,31.626485400000004]},"__memberLines":{}},{"type":"Feature","properties":{"station_id":"n6469532253","station_name":"无想山","station_name_local":"无想山","station_name_en":"Wuxiangshan","city":"Nanjing","country":"China","lines":["S7"],"wikipedia":null,"merged_from":3,"merged_names":null,"is_terminus":true,"routes":[{"ref":"S7","name":"南京地铁S7号线","route_color":"#ca8687"}],"pass_count":1,"station_degree":1,"codes":null,"is_interchange":false,"station_role":"terminus"},"geometry":{"type":"Point","coordinates":[119.04145040000002,31.610310933333334]},"__memberLines":{}},{"type":"Feature","properties":{"station_id":"n6469606313","station_name":"禄口机场","station_name_local":"禄口机场","station_name_en":"Lukou International Airport","city":"Nanjing","country":"China","lines":["S1"],"wikipedia":null,"merged_from":3,"merged_names":null,"is_terminus":false,"routes":[{"ref":"S1","name":"南京地铁S1号线","route_color":"#4bbbb4"}],"pass_count":1,"station_degree":2,"codes":null,"is_interchange":false,"station_role":"normal"},"geometry":{"type":"Point","coordinates":[118.86867026666665,31.73251133333333]},"__memberLines":{}},{"type":"Feature","properties":{"station_id":"n7998534650","station_name":"方洲广场","station_name_local":"方洲广场","station_name_en":"Fangzhou Guangchang","city":"Nanjing","country":"China","lines":["S8"],"wikipedia":"zh:方州广场站","merged_from":3,"merged_names":null,"is_terminus":false,"routes":[{"ref":"S8","name":"南京地铁S8号线","route_color":"#eca153"}],"pass_count":1,"station_degree":2,"codes":null,"is_interchange":false,"station_role":"normal"},"geometry":{"type":"Point","coordinates":[118.84496019999999,32.361641399999996]},"__memberLines":{}},{"type":"Feature","properties":{"station_id":"n7998534655","station_name":"凤凰山公园","station_name_local":"凤凰山公园","station_name_en":"Fenghuangshan Gongyuan","city":"Nanjing","country":"China","lines":["S8"],"wikipedia":"zh:凤凰山公园站","merged_from":3,"merged_names":null,"is_terminus":false,"routes":[{"ref":"S8","name":"南京地铁S8号线","route_color":"#eca153"}],"pass_count":1,"station_degree":2,"codes":null,"is_interchange":false,"station_role":"normal"},"geometry":{"type":"Point","coordinates":[118.84004866666668,32.349179299999996]},"__memberLines":{}},{"type":"Feature","properties":{"station_id":"n7998534656","station_name":"雄州","station_name_local":"雄州","station_name_en":"Xiongzhou","city":"Nanjing","country":"China","lines":["S8"],"wikipedia":"zh:雄州站","merged_from":3,"merged_names":null,"is_terminus":false,"routes":[{"ref":"S8","name":"南京地铁S8号线","route_color":"#eca153"}],"pass_count":1,"station_degree":2,"codes":null,"is_interchange":false,"station_role":"normal"},"geometry":{"type":"Point","coordinates":[118.83166673333334,32.33662986666666]},"__memberLines":{}},{"type":"Feature","properties":{"station_id":"n7998554085","station_name":"龙池","station_name_local":"龙池","station_name_en":"Longchi","city":"Nanjing","country":"China","lines":["S8"],"wikipedia":"zh:龙池站","merged_from":3,"merged_names":null,"is_terminus":false,"routes":[{"ref":"S8","name":"南京地铁S8号线","route_color":"#eca153"}],"pass_count":1,"station_degree":2,"codes":null,"is_interchange":false,"station_role":"normal"},"geometry":{"type":"Point","coordinates":[118.81531910000001,32.32131663333333]},"__memberLines":{}},{"type":"Feature","properties":{"station_id":"n7998554087","station_name":"六合开发区","station_name_local":"六合开发区","station_name_en":"Luhe Development Zone","city":"Nanjing","country":"China","lines":["S8"],"wikipedia":"zh:六合开发区站","merged_from":3,"merged_names":null,"is_terminus":false,"routes":[{"ref":"S8","name":"南京地铁S8号线","route_color":"#eca153"}],"pass_count":1,"station_degree":2,"codes":null,"is_interchange":false,"station_role":"normal"},"geometry":{"type":"Point","coordinates":[118.80010606666667,32.30729266666666]},"__memberLines":{}},{"type":"Feature","properties":{"station_id":"n7998554090","station_name":"信息工程大学","station_name_local":"信息工程大学","station_name_en":"NUIST","city":"Nanjing","country":"China","lines":["S8"],"wikipedia":"zh:信息工程大学站","merged_from":3,"merged_names":null,"is_terminus":false,"routes":[{"ref":"S8","name":"南京地铁S8号线","route_color":"#eca153"}],"pass_count":1,"station_degree":2,"codes":null,"is_interchange":false,"station_role":"normal"},"geometry":{"type":"Point","coordinates":[118.72173616666667,32.20466203333333]},"__memberLines":{}},{"type":"Feature","properties":{"station_id":"n7998554091","station_name":"高新开发区","station_name_local":"高新开发区","station_name_en":"Gaoxin Development Zone","city":"Nanjing","country":"China","lines":["S8"],"wikipedia":"zh:高新开发区站","merged_from":3,"merged_names":null,"is_terminus":false,"routes":[{"ref":"S8","name":"南京地铁S8号线","route_color":"#eca153"}],"pass_count":1,"station_degree":2,"codes":null,"is_interchange":false,"station_role":"normal"},"geometry":{"type":"Point","coordinates":[118.714381,32.179858700000004]},"__memberLines":{}},{"type":"Feature","properties":{"station_id":"n7998554100","station_name":"泰山新村","station_name_local":"泰山新村","station_name_en":"Taishanxincun","city":"Nanjing","country":"China","lines":["S8"],"wikipedia":"zh:泰山新村站","merged_from":3,"merged_names":null,"is_terminus":false,"routes":[{"ref":"S8","name":"南京地铁S8号线","route_color":"#eca153"}],"pass_count":1,"station_degree":2,"codes":null,"is_interchange":false,"station_role":"normal"},"geometry":{"type":"Point","coordinates":[118.7109898,32.14645430000001]},"__memberLines":{}},{"type":"Feature","properties":{"station_id":"n8001955539","station_name":"南京林业大学·新庄","station_name_local":"南京林业大学·新庄","station_name_en":"NFU - Xinzhuang","city":"Nanjing","country":"China","lines":["3"],"wikipedia":"zh:南京林业大学·新庄站","merged_from":3,"merged_names":null,"is_terminus":false,"routes":[{"ref":"3","name":"南京地铁3号线","route_color":"#009651"}],"pass_count":1,"station_degree":2,"codes":null,"is_interchange":false,"station_role":"normal"},"geometry":{"type":"Point","coordinates":[118.80524566666666,32.07868526666667]},"__memberLines":{}},{"type":"Feature","properties":{"station_id":"n8002523279","station_name":"灵山","station_name_local":"灵山","station_name_en":"Lingshan","city":"Nanjing","country":"China","lines":["4"],"wikipedia":null,"merged_from":3,"merged_names":null,"is_terminus":false,"routes":[{"ref":"4","name":"南京地铁4号线","route_color":"#a513c0"}],"pass_count":1,"station_degree":2,"codes":null,"is_interchange":false,"station_role":"normal"},"geometry":{"type":"Point","coordinates":[118.93885573333334,32.07996966666667]},"__memberLines":{}},{"type":"Feature","properties":{"station_id":"n8577198845","station_name":"马群","station_name_local":"马群","station_name_en":null,"city":"Nanjing","country":"China","lines":["2","S6"],"wikipedia":null,"merged_from":18,"merged_names":null,"is_terminus":false,"routes":[{"ref":"2","name":"南京地铁2号线","route_color":"#c7003f"},{"ref":"S6","name":"南京地铁S6号线","route_color":"#b58bd7"}],"pass_count":2,"station_degree":3,"codes":null,"is_interchange":true,"station_role":"interchange"},"geometry":{"type":"Point","coordinates":[118.89032333333336,32.051507911111116]},"__memberLines":{}},{"type":"Feature","properties":{"station_id":"n9163767699","station_name":"迈皋桥","station_name_local":"迈皋桥","station_name_en":"Maigaoqiao","city":"Nanjing","country":"China","lines":["1"],"wikipedia":null,"merged_from":3,"merged_names":null,"is_terminus":false,"routes":[{"ref":"1","name":"南京地铁1号线","route_color":"#00a2df"}],"pass_count":1,"station_degree":2,"codes":null,"is_interchange":false,"station_role":"normal"},"geometry":{"type":"Point","coordinates":[118.80446363333333,32.104906633333336]},"__memberLines":{}},{"type":"Feature","properties":{"station_id":"n9163767700","station_name":"晓庄","station_name_local":"晓庄","station_name_en":"Xiaozhuang","city":"Nanjing","country":"China","lines":["1","7"],"wikipedia":"zh:晓庄站","merged_from":5,"merged_names":null,"is_terminus":false,"routes":[{"ref":"1","name":"南京地铁1号线","route_color":"#00a2df"},{"ref":"7","name":"南京地铁7号线","route_color":"#4a7729"}],"pass_count":2,"station_degree":4,"codes":null,"is_interchange":true,"station_role":"interchange"},"geometry":{"type":"Point","coordinates":[118.81400330000001,32.11975268]},"__memberLines":{}},{"type":"Feature","properties":{"station_id":"n9163767703","station_name":"幕府山","station_name_local":"幕府山","station_name_en":"Mufushan","city":"Nanjing","country":"China","lines":["7"],"wikipedia":"zh:幕府山站","merged_from":3,"merged_names":null,"is_terminus":false,"routes":[{"ref":"7","name":"南京地铁7号线","route_color":"#4a7729"}],"pass_count":1,"station_degree":2,"codes":null,"is_interchange":false,"station_role":"normal"},"geometry":{"type":"Point","coordinates":[118.79345576666667,32.1165449]},"__memberLines":{}},{"type":"Feature","properties":{"station_id":"n9164163239","station_name":"红山动物园","station_name_local":"红山动物园","station_name_en":"Hongshan Zoo","city":"Nanjing","country":"China","lines":["1"],"wikipedia":null,"merged_from":4,"merged_names":null,"is_terminus":false,"routes":[{"ref":"1","name":"南京地铁1号线","route_color":"#00a2df"}],"pass_count":1,"station_degree":2,"codes":null,"is_interchange":false,"station_role":"normal"},"geometry":{"type":"Point","coordinates":[118.79685935,32.0979473]},"__memberLines":{}},{"type":"Feature","properties":{"station_id":"n9164163240","station_name":"南京站","station_name_local":"南京站","station_name_en":null,"city":"Nanjing","country":"China","lines":["1","3"],"wikipedia":"zh:南京站 (地铁)","merged_from":6,"merged_names":null,"is_terminus":false,"routes":[{"ref":"1","name":"南京地铁1号线","route_color":"#00a2df"},{"ref":"3","name":"南京地铁3号线","route_color":"#009651"}],"pass_count":2,"station_degree":4,"codes":null,"is_interchange":true,"station_role":"interchange"},"geometry":{"type":"Point","coordinates":[118.79138061666667,32.090184]},"__memberLines":{}},{"type":"Feature","properties":{"station_id":"n9164163242","station_name":"新模范马路","station_name_local":"新模范马路","station_name_en":null,"city":"Nanjing","country":"China","lines":["1"],"wikipedia":null,"merged_from":3,"merged_names":null,"is_terminus":false,"routes":[{"ref":"1","name":"南京地铁1号线","route_color":"#00a2df"}],"pass_count":1,"station_degree":2,"codes":null,"is_interchange":false,"station_role":"normal"},"geometry":{"type":"Point","coordinates":[118.77854843333334,32.08193423333333]},"__memberLines":{}},{"type":"Feature","properties":{"station_id":"n9164163243","station_name":"玄武门","station_name_local":"玄武门","station_name_en":null,"city":"Nanjing","country":"China","lines":["1"],"wikipedia":null,"merged_from":3,"merged_names":null,"is_terminus":false,"routes":[{"ref":"1","name":"南京地铁1号线","route_color":"#00a2df"}],"pass_count":1,"station_degree":2,"codes":null,"is_interchange":false,"station_role":"normal"},"geometry":{"type":"Point","coordinates":[118.77900413333334,32.072364066666665]},"__memberLines":{}},{"type":"Feature","properties":{"station_id":"n9164163244","station_name":"鼓楼","station_name_local":"鼓楼","station_name_en":null,"city":"Nanjing","country":"China","lines":["1","4"],"wikipedia":null,"merged_from":6,"merged_names":null,"is_terminus":false,"routes":[{"ref":"1","name":"南京地铁1号线","route_color":"#00a2df"},{"ref":"4","name":"南京地铁4号线","route_color":"#a513c0"}],"pass_count":2,"station_degree":4,"codes":null,"is_interchange":true,"station_role":"interchange"},"geometry":{"type":"Point","coordinates":[118.77819060000002,32.060833433333336]},"__memberLines":{}},{"type":"Feature","properties":{"station_id":"n9164163246","station_name":"珠江路","station_name_local":"珠江路","station_name_en":null,"city":"Nanjing","country":"China","lines":["1"],"wikipedia":null,"merged_from":3,"merged_names":null,"is_terminus":false,"routes":[{"ref":"1","name":"南京地铁1号线","route_color":"#00a2df"}],"pass_count":1,"station_degree":2,"codes":null,"is_interchange":false,"station_role":"normal"},"geometry":{"type":"Point","coordinates":[118.7790284,32.052989733333334]},"__memberLines":{}},{"type":"Feature","properties":{"station_id":"n9164163247","station_name":"新街口","station_name_local":"新街口","station_name_en":null,"city":"Nanjing","country":"China","lines":["1","2"],"wikipedia":"zh:新街口站 (南京地铁)","merged_from":6,"merged_names":null,"is_terminus":false,"routes":[{"ref":"1","name":"南京地铁1号线","route_color":"#00a2df"},{"ref":"2","name":"南京地铁2号线","route_color":"#c7003f"}],"pass_count":2,"station_degree":4,"codes":null,"is_interchange":true,"station_role":"interchange"},"geometry":{"type":"Point","coordinates":[118.77879745000001,32.043711683333335]},"__memberLines":{}},{"type":"Feature","properties":{"station_id":"n9164163249","station_name":"张府园","station_name_local":"张府园","station_name_en":null,"city":"Nanjing","country":"China","lines":["1"],"wikipedia":null,"merged_from":3,"merged_names":null,"is_terminus":false,"routes":[{"ref":"1","name":"南京地铁1号线","route_color":"#00a2df"}],"pass_count":1,"station_degree":2,"codes":null,"is_interchange":false,"station_role":"normal"},"geometry":{"type":"Point","coordinates":[118.77869270000001,32.03288186666666]},"__memberLines":{}},{"type":"Feature","properties":{"station_id":"n9164163250","station_name":"三山街","station_name_local":"三山街","station_name_en":"Sanshanjie","city":"Nanjing","country":"China","lines":["1","5"],"wikipedia":null,"merged_from":5,"merged_names":null,"is_terminus":false,"routes":[{"ref":"1","name":"南京地铁1号线","route_color":"#00a2df"},{"ref":"5","name":"南京地铁5号线","route_color":"#f2da51"}],"pass_count":2,"station_degree":4,"codes":null,"is_interchange":true,"station_role":"interchange"},"geometry":{"type":"Point","coordinates":[118.77692982,32.025235800000004]},"__memberLines":{}},{"type":"Feature","properties":{"station_id":"n9164163251","station_name":"中华门","station_name_local":"中华门","station_name_en":"Zhonghuamen","city":"Nanjing","country":"China","lines":["1"],"wikipedia":null,"merged_from":4,"merged_names":null,"is_terminus":false,"routes":[{"ref":"1","name":"南京地铁1号线","route_color":"#00a2df"}],"pass_count":1,"station_degree":2,"codes":null,"is_interchange":false,"station_role":"normal"},"geometry":{"type":"Point","coordinates":[118.76934325,32.00888445]},"__memberLines":{}},{"type":"Feature","properties":{"station_id":"n9164163252","station_name":"安德门","station_name_local":"安德门","station_name_en":null,"city":"Nanjing","country":"China","lines":["1","10"],"wikipedia":null,"merged_from":6,"merged_names":null,"is_terminus":false,"routes":[{"ref":"1","name":"南京地铁1号线","route_color":"#00a2df"},{"ref":"10","name":"南京地铁10号线","route_color":"#eac384"}],"pass_count":2,"station_degree":4,"codes":null,"is_interchange":true,"station_role":"interchange"},"geometry":{"type":"Point","coordinates":[118.75669496666667,31.99332873333333]},"__memberLines":{}},{"type":"Feature","properties":{"station_id":"n9164163254","station_name":"天隆寺","station_name_local":"天隆寺","station_name_en":null,"city":"Nanjing","country":"China","lines":["1"],"wikipedia":null,"merged_from":3,"merged_names":null,"is_terminus":false,"routes":[{"ref":"1","name":"南京地铁1号线","route_color":"#00a2df"}],"pass_count":1,"station_degree":2,"codes":null,"is_interchange":false,"station_role":"normal"},"geometry":{"type":"Point","coordinates":[118.75796903333332,31.981151666666666]},"__memberLines":{}},{"type":"Feature","properties":{"station_id":"n9164163255","station_name":"软件大道","station_name_local":"软件大道","station_name_en":"Ruanjiandadao","city":"Nanjing","country":"China","lines":["1"],"wikipedia":null,"merged_from":3,"merged_names":null,"is_terminus":false,"routes":[{"ref":"1","name":"南京地铁1号线","route_color":"#00a2df"}],"pass_count":1,"station_degree":2,"codes":null,"is_interchange":false,"station_role":"normal"},"geometry":{"type":"Point","coordinates":[118.76939833333334,31.978820033333335]},"__memberLines":{}},{"type":"Feature","properties":{"station_id":"n9164163256","station_name":"花神庙","station_name_local":"花神庙","station_name_en":"Huashenmiao","city":"Nanjing","country":"China","lines":["1"],"wikipedia":null,"merged_from":3,"merged_names":null,"is_terminus":false,"routes":[{"ref":"1","name":"南京地铁1号线","route_color":"#00a2df"}],"pass_count":1,"station_degree":2,"codes":null,"is_interchange":false,"station_role":"normal"},"geometry":{"type":"Point","coordinates":[118.78051233333333,31.979876566666665]},"__memberLines":{}},{"type":"Feature","properties":{"station_id":"n9164163259","station_name":"双龙大道","station_name_local":"双龙大道","station_name_en":"Shuanglongdadao","city":"Nanjing","country":"China","lines":["1"],"wikipedia":null,"merged_from":3,"merged_names":null,"is_terminus":false,"routes":[{"ref":"1","name":"南京地铁1号线","route_color":"#00a2df"}],"pass_count":1,"station_degree":2,"codes":null,"is_interchange":false,"station_role":"normal"},"geometry":{"type":"Point","coordinates":[118.81199823333333,31.965767966666665]},"__memberLines":{}},{"type":"Feature","properties":{"station_id":"n9164163260","station_name":"河定桥","station_name_local":"河定桥","station_name_en":"Hedingqiao","city":"Nanjing","country":"China","lines":["1"],"wikipedia":null,"merged_from":3,"merged_names":null,"is_terminus":false,"routes":[{"ref":"1","name":"南京地铁1号线","route_color":"#00a2df"}],"pass_count":1,"station_degree":2,"codes":null,"is_interchange":false,"station_role":"normal"},"geometry":{"type":"Point","coordinates":[118.81479263333334,31.953513633333333]},"__memberLines":{}},{"type":"Feature","properties":{"station_id":"n9164163261","station_name":"胜太路","station_name_local":"胜太路","station_name_en":"Shengtailu","city":"Nanjing","country":"China","lines":["1"],"wikipedia":null,"merged_from":3,"merged_names":null,"is_terminus":false,"routes":[{"ref":"1","name":"南京地铁1号线","route_color":"#00a2df"}],"pass_count":1,"station_degree":2,"codes":null,"is_interchange":false,"station_role":"normal"},"geometry":{"type":"Point","coordinates":[118.81614293333332,31.945855466666668]},"__memberLines":{}},{"type":"Feature","properties":{"station_id":"n9164163262","station_name":"百家湖","station_name_local":"百家湖","station_name_en":"Baijiahu","city":"Nanjing","country":"China","lines":["1"],"wikipedia":null,"merged_from":3,"merged_names":null,"is_terminus":false,"routes":[{"ref":"1","name":"南京地铁1号线","route_color":"#00a2df"}],"pass_count":1,"station_degree":2,"codes":null,"is_interchange":false,"station_role":"normal"},"geometry":{"type":"Point","coordinates":[118.8157317,31.933996033333333]},"__memberLines":{}},{"type":"Feature","properties":{"station_id":"n9164163263","station_name":"小龙湾","station_name_local":"小龙湾","station_name_en":"Xiaolongwan","city":"Nanjing","country":"China","lines":["1"],"wikipedia":null,"merged_from":4,"merged_names":null,"is_terminus":false,"routes":[{"ref":"1","name":"南京地铁1号线","route_color":"#00a2df"}],"pass_count":1,"station_degree":2,"codes":null,"is_interchange":false,"station_role":"normal"},"geometry":{"type":"Point","coordinates":[118.8276836,31.931834575]},"__memberLines":{}},{"type":"Feature","properties":{"station_id":"n9164163264","station_name":"竹山路","station_name_local":"竹山路","station_name_en":"Zhushanlu","city":"Nanjing","country":"China","lines":["1","5"],"wikipedia":"en:Zhushanlu station","merged_from":8,"merged_names":null,"is_terminus":false,"routes":[{"ref":"1","name":"南京地铁1号线","route_color":"#00a2df"},{"ref":"5","name":"南京地铁5号线","route_color":"#f2da51"}],"pass_count":2,"station_degree":4,"codes":null,"is_interchange":true,"station_role":"interchange"},"geometry":{"type":"Point","coordinates":[118.840031125,31.9339258875]},"__memberLines":{}},{"type":"Feature","properties":{"station_id":"n9164163265","station_name":"天印大道","station_name_local":"天印大道","station_name_en":"Tianyindadao","city":"Nanjing","country":"China","lines":["1"],"wikipedia":null,"merged_from":4,"merged_names":null,"is_terminus":false,"routes":[{"ref":"1","name":"南京地铁1号线","route_color":"#00a2df"}],"pass_count":1,"station_degree":2,"codes":null,"is_interchange":false,"station_role":"normal"},"geometry":{"type":"Point","coordinates":[118.85847275,31.9398579]},"__memberLines":{}},{"type":"Feature","properties":{"station_id":"n9164163266","station_name":"龙眠大道","station_name_local":"龙眠大道","station_name_en":"Longmiandadao","city":"Nanjing","country":"China","lines":["1"],"wikipedia":null,"merged_from":4,"merged_names":null,"is_terminus":false,"routes":[{"ref":"1","name":"南京地铁1号线","route_color":"#00a2df"}],"pass_count":1,"station_degree":2,"codes":null,"is_interchange":false,"station_role":"normal"},"geometry":{"type":"Point","coordinates":[118.87209045,31.94211415]},"__memberLines":{}},{"type":"Feature","properties":{"station_id":"n9164163267","station_name":"南医大·江苏经贸学院","station_name_local":"南医大·江苏经贸学院","station_name_en":"NMU-JIETT","city":"Nanjing","country":"China","lines":["1"],"wikipedia":null,"merged_from":4,"merged_names":null,"is_terminus":false,"routes":[{"ref":"1","name":"南京地铁1号线","route_color":"#00a2df"}],"pass_count":1,"station_degree":2,"codes":null,"is_interchange":false,"station_role":"normal"},"geometry":{"type":"Point","coordinates":[118.885247425,31.935681875]},"__memberLines":{}},{"type":"Feature","properties":{"station_id":"n9164163268","station_name":"南京交院","station_name_local":"南京交院","station_name_en":"NJCI","city":"Nanjing","country":"China","lines":["1"],"wikipedia":null,"merged_from":4,"merged_names":null,"is_terminus":false,"routes":[{"ref":"1","name":"南京地铁1号线","route_color":"#00a2df"}],"pass_count":1,"station_degree":2,"codes":null,"is_interchange":false,"station_role":"normal"},"geometry":{"type":"Point","coordinates":[118.899819575,31.91512375]},"__memberLines":{}},{"type":"Feature","properties":{"station_id":"n9164163269","station_name":"中国药科大学","station_name_local":"中国药科大学","station_name_en":"China Pharmaceutical University","city":"Nanjing","country":"China","lines":["1"],"wikipedia":null,"merged_from":4,"merged_names":null,"is_terminus":true,"routes":[{"ref":"1","name":"南京地铁1号线","route_color":"#00a2df"}],"pass_count":1,"station_degree":1,"codes":null,"is_interchange":false,"station_role":"terminus"},"geometry":{"type":"Point","coordinates":[118.9089995,31.899877200000002]},"__memberLines":{}},{"type":"Feature","properties":{"station_id":"n9164739488","station_name":"经天路","station_name_local":"经天路","station_name_en":"Jingtianlu","city":"Nanjing","country":"China","lines":["2"],"wikipedia":"zh:经天路站","merged_from":3,"merged_names":null,"is_terminus":true,"routes":[{"ref":"2","name":"南京地铁2号线","route_color":"#c7003f"}],"pass_count":1,"station_degree":1,"codes":null,"is_interchange":false,"station_role":"terminus"},"geometry":{"type":"Point","coordinates":[118.97148473333334,32.118318699999996]},"__memberLines":{}},{"type":"Feature","properties":{"station_id":"n9164739489","station_name":"南大仙林校区","station_name_local":"南大仙林校区","station_name_en":null,"city":"Nanjing","country":"China","lines":["2"],"wikipedia":"zh:南大仙林校区站","merged_from":3,"merged_names":null,"is_terminus":false,"routes":[{"ref":"2","name":"南京地铁2号线","route_color":"#c7003f"}],"pass_count":1,"station_degree":2,"codes":null,"is_interchange":false,"station_role":"normal"},"geometry":{"type":"Point","coordinates":[118.95445876666668,32.1109807]},"__memberLines":{}},{"type":"Feature","properties":{"station_id":"n9164739490","station_name":"羊山公园","station_name_local":"羊山公园","station_name_en":null,"city":"Nanjing","country":"China","lines":["2"],"wikipedia":"zh:羊山公园站","merged_from":3,"merged_names":null,"is_terminus":false,"routes":[{"ref":"2","name":"南京地铁2号线","route_color":"#c7003f"}],"pass_count":1,"station_degree":2,"codes":null,"is_interchange":false,"station_role":"normal"},"geometry":{"type":"Point","coordinates":[118.9350291,32.10610343333334]},"__memberLines":{}},{"type":"Feature","properties":{"station_id":"n9164739491","station_name":"仙林中心","station_name_local":"仙林中心","station_name_en":null,"city":"Nanjing","country":"China","lines":["2"],"wikipedia":"zh:仙林中心站","merged_from":3,"merged_names":null,"is_terminus":false,"routes":[{"ref":"2","name":"南京地铁2号线","route_color":"#c7003f"}],"pass_count":1,"station_degree":2,"codes":null,"is_interchange":false,"station_role":"normal"},"geometry":{"type":"Point","coordinates":[118.92538880000001,32.100992266666665]},"__memberLines":{}},{"type":"Feature","properties":{"station_id":"n9164739492","station_name":"学则路","station_name_local":"学则路","station_name_en":null,"city":"Nanjing","country":"China","lines":["2"],"wikipedia":"zh:学则路站","merged_from":3,"merged_names":null,"is_terminus":false,"routes":[{"ref":"2","name":"南京地铁2号线","route_color":"#c7003f"}],"pass_count":1,"station_degree":2,"codes":null,"is_interchange":false,"station_role":"normal"},"geometry":{"type":"Point","coordinates":[118.91179246666667,32.0936233]},"__memberLines":{}},{"type":"Feature","properties":{"station_id":"n9164739493","station_name":"仙鹤门","station_name_local":"仙鹤门","station_name_en":null,"city":"Nanjing","country":"China","lines":["2"],"wikipedia":"zh:仙鹤门站","merged_from":6,"merged_names":null,"is_terminus":false,"routes":[{"ref":"2","name":"南京地铁2号线","route_color":"#c7003f"}],"pass_count":1,"station_degree":2,"codes":null,"is_interchange":false,"station_role":"normal"},"geometry":{"type":"Point","coordinates":[118.89990656666667,32.087226166666674]},"__memberLines":{}},{"type":"Feature","properties":{"station_id":"n9164739494","station_name":"金马路","station_name_local":"金马路","station_name_en":null,"city":"Nanjing","country":"China","lines":["2","4"],"wikipedia":null,"merged_from":12,"merged_names":null,"is_terminus":false,"routes":[{"ref":"2","name":"南京地铁2号线","route_color":"#c7003f"},{"ref":"4","name":"南京地铁4号线","route_color":"#a513c0"}],"pass_count":2,"station_degree":4,"codes":null,"is_interchange":true,"station_role":"interchange"},"geometry":{"type":"Point","coordinates":[118.90106876666664,32.07402415000001]},"__memberLines":{}},{"type":"Feature","properties":{"station_id":"n9164739498","station_name":"钟灵街","station_name_local":"钟灵街","station_name_en":null,"city":"Nanjing","country":"China","lines":["2"],"wikipedia":"zh:钟灵街站","merged_from":6,"merged_names":null,"is_terminus":false,"routes":[{"ref":"2","name":"南京地铁2号线","route_color":"#c7003f"}],"pass_count":1,"station_degree":2,"codes":null,"is_interchange":false,"station_role":"normal"},"geometry":{"type":"Point","coordinates":[118.86385336666667,32.04166883333333]},"__memberLines":{}},{"type":"Feature","properties":{"station_id":"n9164739499","station_name":"孝陵卫","station_name_local":"孝陵卫","station_name_en":"Xiaolingwei Station","city":"Nanjing","country":"China","lines":["2"],"wikipedia":"en:Xiaolingwei station","merged_from":6,"merged_names":null,"is_terminus":false,"routes":[{"ref":"2","name":"南京地铁2号线","route_color":"#c7003f"}],"pass_count":1,"station_degree":2,"codes":null,"is_interchange":false,"station_role":"normal"},"geometry":{"type":"Point","coordinates":[118.85272330000002,32.037717400000005]},"__memberLines":{}},{"type":"Feature","properties":{"station_id":"n9164739500","station_name":"下马坊","station_name_local":"下马坊","station_name_en":"Xiamafang Station","city":"Nanjing","country":"China","lines":["2"],"wikipedia":"en:Xiamafang station","merged_from":3,"merged_names":null,"is_terminus":false,"routes":[{"ref":"2","name":"南京地铁2号线","route_color":"#c7003f"}],"pass_count":1,"station_degree":2,"codes":null,"is_interchange":false,"station_role":"normal"},"geometry":{"type":"Point","coordinates":[118.8433745,32.03987146666667]},"__memberLines":{}},{"type":"Feature","properties":{"station_id":"n9164739501","station_name":"苜蓿园","station_name_local":"苜蓿园","station_name_en":null,"city":"Nanjing","country":"China","lines":["2"],"wikipedia":"zh:苜蓿园站","merged_from":3,"merged_names":null,"is_terminus":false,"routes":[{"ref":"2","name":"南京地铁2号线","route_color":"#c7003f"}],"pass_count":1,"station_degree":2,"codes":null,"is_interchange":false,"station_role":"normal"},"geometry":{"type":"Point","coordinates":[118.82997296666667,32.04237856666666]},"__memberLines":{}},{"type":"Feature","properties":{"station_id":"n9164739502","station_name":"明故宫","station_name_local":"明故宫","station_name_en":null,"city":"Nanjing","country":"China","lines":["2"],"wikipedia":"zh:明故宫站","merged_from":3,"merged_names":null,"is_terminus":false,"routes":[{"ref":"2","name":"南京地铁2号线","route_color":"#c7003f"}],"pass_count":1,"station_degree":2,"codes":null,"is_interchange":false,"station_role":"normal"},"geometry":{"type":"Point","coordinates":[118.81448316666668,32.041373566666664]},"__memberLines":{}},{"type":"Feature","properties":{"station_id":"n9164739503","station_name":"西安门","station_name_local":"西安门","station_name_en":null,"city":"Nanjing","country":"China","lines":["2"],"wikipedia":"zh:西安门站","merged_from":3,"merged_names":null,"is_terminus":false,"routes":[{"ref":"2","name":"南京地铁2号线","route_color":"#c7003f"}],"pass_count":1,"station_degree":2,"codes":null,"is_interchange":false,"station_role":"normal"},"geometry":{"type":"Point","coordinates":[118.80039156666668,32.04219286666666]},"__memberLines":{}},{"type":"Feature","properties":{"station_id":"n9164739504","station_name":"大行宫","station_name_local":"大行宫","station_name_en":null,"city":"Nanjing","country":"China","lines":["2","3"],"wikipedia":"zh:大行宫站","merged_from":6,"merged_names":null,"is_terminus":false,"routes":[{"ref":"2","name":"南京地铁2号线","route_color":"#c7003f"},{"ref":"3","name":"南京地铁3号线","route_color":"#009651"}],"pass_count":2,"station_degree":4,"codes":null,"is_interchange":true,"station_role":"interchange"},"geometry":{"type":"Point","coordinates":[118.78953171666667,32.043632566666666]},"__memberLines":{}},{"type":"Feature","properties":{"station_id":"n9164739506","station_name":"上海路","station_name_local":"上海路","station_name_en":"Shanghailu","city":"Nanjing","country":"China","lines":["2","5"],"wikipedia":"zh:上海路站","merged_from":5,"merged_names":null,"is_terminus":false,"routes":[{"ref":"2","name":"南京地铁2号线","route_color":"#c7003f"},{"ref":"5","name":"南京地铁5号线","route_color":"#f2da51"}],"pass_count":2,"station_degree":4,"codes":null,"is_interchange":true,"station_role":"interchange"},"geometry":{"type":"Point","coordinates":[118.77083617999999,32.044202080000005]},"__memberLines":{}},{"type":"Feature","properties":{"station_id":"n9164739507","station_name":"汉中门","station_name_local":"汉中门","station_name_en":null,"city":"Nanjing","country":"China","lines":["2"],"wikipedia":"zh:汉中门站","merged_from":3,"merged_names":null,"is_terminus":false,"routes":[{"ref":"2","name":"南京地铁2号线","route_color":"#c7003f"}],"pass_count":1,"station_degree":2,"codes":null,"is_interchange":false,"station_role":"normal"},"geometry":{"type":"Point","coordinates":[118.76179450000001,32.04478153333333]},"__memberLines":{}},{"type":"Feature","properties":{"station_id":"n9164739508","station_name":"莫愁湖","station_name_local":"莫愁湖","station_name_en":"Mochouhu","city":"Nanjing","country":"China","lines":["2","7"],"wikipedia":"zh:莫愁湖站","merged_from":5,"merged_names":null,"is_terminus":false,"routes":[{"ref":"2","name":"南京地铁2号线","route_color":"#c7003f"},{"ref":"7","name":"南京地铁7号线","route_color":"#4a7729"}],"pass_count":2,"station_degree":4,"codes":null,"is_interchange":true,"station_role":"interchange"},"geometry":{"type":"Point","coordinates":[118.75399847999999,32.039319160000005]},"__memberLines":{}},{"type":"Feature","properties":{"station_id":"n9164739509","station_name":"云锦路","station_name_local":"云锦路","station_name_en":null,"city":"Nanjing","country":"China","lines":["2"],"wikipedia":"zh:云锦路站 (南京地铁)","merged_from":3,"merged_names":null,"is_terminus":false,"routes":[{"ref":"2","name":"南京地铁2号线","route_color":"#c7003f"}],"pass_count":1,"station_degree":2,"codes":null,"is_interchange":false,"station_role":"normal"},"geometry":{"type":"Point","coordinates":[118.742364,32.03701816666667]},"__memberLines":{}},{"type":"Feature","properties":{"station_id":"n9164739510","station_name":"集庆门大街","station_name_local":"集庆门大街","station_name_en":null,"city":"Nanjing","country":"China","lines":["2"],"wikipedia":"zh:集庆门大街站","merged_from":3,"merged_names":null,"is_terminus":false,"routes":[{"ref":"2","name":"南京地铁2号线","route_color":"#c7003f"}],"pass_count":1,"station_degree":2,"codes":null,"is_interchange":false,"station_role":"normal"},"geometry":{"type":"Point","coordinates":[118.73437803333333,32.03024793333333]},"__memberLines":{}},{"type":"Feature","properties":{"station_id":"n9164739511","station_name":"兴隆大街","station_name_local":"兴隆大街","station_name_en":null,"city":"Nanjing","country":"China","lines":["2"],"wikipedia":"zh:兴隆大街站","merged_from":6,"merged_names":null,"is_terminus":false,"routes":[{"ref":"2","name":"南京地铁2号线","route_color":"#c7003f"}],"pass_count":1,"station_degree":2,"codes":null,"is_interchange":false,"station_role":"normal"},"geometry":{"type":"Point","coordinates":[118.73086023333333,32.0173843]},"__memberLines":{}},{"type":"Feature","properties":{"station_id":"n9164739512","station_name":"奥体东","station_name_local":"奥体东","station_name_en":null,"city":"Nanjing","country":"China","lines":["2"],"wikipedia":"zh:奥体东站","merged_from":6,"merged_names":null,"is_terminus":false,"routes":[{"ref":"2","name":"南京地铁2号线","route_color":"#c7003f"}],"pass_count":1,"station_degree":2,"codes":null,"is_interchange":false,"station_role":"normal"},"geometry":{"type":"Point","coordinates":[118.72384570000001,32.00660833333334]},"__memberLines":{}},{"type":"Feature","properties":{"station_id":"n9164739515","station_name":"雨润大街","station_name_local":"雨润大街","station_name_en":null,"city":"Nanjing","country":"China","lines":["2"],"wikipedia":"zh:雨润大街站","merged_from":6,"merged_names":null,"is_terminus":false,"routes":[{"ref":"2","name":"南京地铁2号线","route_color":"#c7003f"}],"pass_count":1,"station_degree":2,"codes":null,"is_interchange":false,"station_role":"normal"},"geometry":{"type":"Point","coordinates":[118.71734909999999,31.985766466666664]},"__memberLines":{}},{"type":"Feature","properties":{"station_id":"n9164739516","station_name":"油坊桥","station_name_local":"油坊桥","station_name_en":null,"city":"Nanjing","country":"China","lines":["2","S3"],"wikipedia":"zh:油坊桥站","merged_from":12,"merged_names":null,"is_terminus":false,"routes":[{"ref":"2","name":"南京地铁2号线","route_color":"#c7003f"},{"ref":"S3","name":"南京地铁S3号线","route_color":"#ba84ac"}],"pass_count":2,"station_degree":4,"codes":null,"is_interchange":true,"station_role":"interchange"},"geometry":{"type":"Point","coordinates":[118.71531213333333,31.968085900000002]},"__memberLines":{}},{"type":"Feature","properties":{"station_id":"n9164878195","station_name":"林场","station_name_local":"林场","station_name_en":null,"city":"Nanjing","country":"China","lines":["3"],"wikipedia":"zh:林场站 (南京地铁)","merged_from":3,"merged_names":null,"is_terminus":true,"routes":[{"ref":"3","name":"南京地铁3号线","route_color":"#009651"}],"pass_count":1,"station_degree":1,"codes":null,"is_interchange":false,"station_role":"terminus"},"geometry":{"type":"Point","coordinates":[118.66624046666668,32.16575756666666]},"__memberLines":{}},{"type":"Feature","properties":{"station_id":"n9164878196","station_name":"星火路","station_name_local":"星火路","station_name_en":null,"city":"Nanjing","country":"China","lines":["3"],"wikipedia":"zh:星火路站","merged_from":3,"merged_names":null,"is_terminus":false,"routes":[{"ref":"3","name":"南京地铁3号线","route_color":"#009651"}],"pass_count":1,"station_degree":2,"codes":null,"is_interchange":false,"station_role":"normal"},"geometry":{"type":"Point","coordinates":[118.69168366666668,32.15949320000001]},"__memberLines":{}},{"type":"Feature","properties":{"station_id":"n9164878197","station_name":"东大成贤学院","station_name_local":"东大成贤学院","station_name_en":null,"city":"Nanjing","country":"China","lines":["3"],"wikipedia":"zh:东大成贤学院站","merged_from":3,"merged_names":null,"is_terminus":false,"routes":[{"ref":"3","name":"南京地铁3号线","route_color":"#009651"}],"pass_count":1,"station_degree":2,"codes":null,"is_interchange":false,"station_role":"normal"},"geometry":{"type":"Point","coordinates":[118.70232683333332,32.15849323333333]},"__memberLines":{}},{"type":"Feature","properties":{"station_id":"n9164878198","station_name":"泰冯路","station_name_local":"泰冯路","station_name_en":null,"city":"Nanjing","country":"China","lines":["3","S8"],"wikipedia":"zh:泰冯路站","merged_from":6,"merged_names":null,"is_terminus":false,"routes":[{"ref":"3","name":"南京地铁3号线","route_color":"#009651"},{"ref":"S8","name":"南京地铁S8号线","route_color":"#eca153"}],"pass_count":2,"station_degree":4,"codes":null,"is_interchange":true,"station_role":"interchange"},"geometry":{"type":"Point","coordinates":[118.71362548333333,32.15598266666666]},"__memberLines":{}},{"type":"Feature","properties":{"station_id":"n9164878200","station_name":"天润城","station_name_local":"天润城","station_name_en":"Tianruncheng","city":"Nanjing","country":"China","lines":["3"],"wikipedia":"zh:天润城站","merged_from":3,"merged_names":null,"is_terminus":false,"routes":[{"ref":"3","name":"南京地铁3号线","route_color":"#009651"}],"pass_count":1,"station_degree":2,"codes":null,"is_interchange":false,"station_role":"normal"},"geometry":{"type":"Point","coordinates":[118.72873516666665,32.15307156666666]},"__memberLines":{}},{"type":"Feature","properties":{"station_id":"n9164878201","station_name":"柳洲东路","station_name_local":"柳洲东路","station_name_en":null,"city":"Nanjing","country":"China","lines":["3"],"wikipedia":"zh:柳洲东路站","merged_from":3,"merged_names":null,"is_terminus":false,"routes":[{"ref":"3","name":"南京地铁3号线","route_color":"#009651"}],"pass_count":1,"station_degree":2,"codes":null,"is_interchange":false,"station_role":"normal"},"geometry":{"type":"Point","coordinates":[118.74106806666668,32.14193523333333]},"__memberLines":{}},{"type":"Feature","properties":{"station_id":"n9164878204","station_name":"上元门","station_name_local":"上元门","station_name_en":null,"city":"Nanjing","country":"China","lines":["3"],"wikipedia":"zh:上元门站","merged_from":3,"merged_names":null,"is_terminus":false,"routes":[{"ref":"3","name":"南京地铁3号线","route_color":"#009651"}],"pass_count":1,"station_degree":2,"codes":null,"is_interchange":false,"station_role":"normal"},"geometry":{"type":"Point","coordinates":[118.76469226666667,32.117564666666674]},"__memberLines":{}},{"type":"Feature","properties":{"station_id":"n9164878205","station_name":"五塘广场","station_name_local":"五塘广场","station_name_en":"Wutangguangchang","city":"Nanjing","country":"China","lines":["3","7"],"wikipedia":"zh:五塘广场站","merged_from":5,"merged_names":null,"is_terminus":false,"routes":[{"ref":"3","name":"南京地铁3号线","route_color":"#009651"},{"ref":"7","name":"南京地铁7号线","route_color":"#4a7729"}],"pass_count":2,"station_degree":4,"codes":null,"is_interchange":true,"station_role":"interchange"},"geometry":{"type":"Point","coordinates":[118.77233731999999,32.11243026]},"__memberLines":{}},{"type":"Feature","properties":{"station_id":"n9164878206","station_name":"小市","station_name_local":"小市","station_name_en":null,"city":"Nanjing","country":"China","lines":["3"],"wikipedia":"zh:小市站","merged_from":3,"merged_names":null,"is_terminus":false,"routes":[{"ref":"3","name":"南京地铁3号线","route_color":"#009651"}],"pass_count":1,"station_degree":2,"codes":null,"is_interchange":false,"station_role":"normal"},"geometry":{"type":"Point","coordinates":[118.78047396666666,32.097092266666664]},"__memberLines":{}},{"type":"Feature","properties":{"station_id":"n9164878207","station_name":"鸡鸣寺","station_name_local":"鸡鸣寺","station_name_en":null,"city":"Nanjing","country":"China","lines":["3","4"],"wikipedia":"zh:鸡鸣寺站","merged_from":6,"merged_names":null,"is_terminus":false,"routes":[{"ref":"3","name":"南京地铁3号线","route_color":"#009651"},{"ref":"4","name":"南京地铁4号线","route_color":"#a513c0"}],"pass_count":2,"station_degree":4,"codes":null,"is_interchange":true,"station_role":"interchange"},"geometry":{"type":"Point","coordinates":[118.79246693333333,32.0594553]},"__memberLines":{}},{"type":"Feature","properties":{"station_id":"n9164878209","station_name":"浮桥","station_name_local":"浮桥","station_name_en":null,"city":"Nanjing","country":"China","lines":["3"],"wikipedia":"zh:浮桥站","merged_from":3,"merged_names":null,"is_terminus":false,"routes":[{"ref":"3","name":"南京地铁3号线","route_color":"#009651"}],"pass_count":1,"station_degree":2,"codes":null,"is_interchange":false,"station_role":"normal"},"geometry":{"type":"Point","coordinates":[118.7910273,32.051422366666664]},"__memberLines":{}},{"type":"Feature","properties":{"station_id":"n9164878210","station_name":"常府街","station_name_local":"常府街","station_name_en":null,"city":"Nanjing","country":"China","lines":["3"],"wikipedia":"zh:常府街站","merged_from":3,"merged_names":null,"is_terminus":false,"routes":[{"ref":"3","name":"南京地铁3号线","route_color":"#009651"}],"pass_count":1,"station_degree":2,"codes":null,"is_interchange":false,"station_role":"normal"},"geometry":{"type":"Point","coordinates":[118.78701853333332,32.03547723333333]},"__memberLines":{}},{"type":"Feature","properties":{"station_id":"n9164878211","station_name":"夫子庙","station_name_local":"夫子庙","station_name_en":"Fuzimiao","city":"Nanjing","country":"China","lines":["3","5"],"wikipedia":null,"merged_from":5,"merged_names":null,"is_terminus":false,"routes":[{"ref":"3","name":"南京地铁3号线","route_color":"#009651"},{"ref":"5","name":"南京地铁5号线","route_color":"#f2da51"}],"pass_count":2,"station_degree":4,"codes":null,"is_interchange":true,"station_role":"interchange"},"geometry":{"type":"Point","coordinates":[118.78577354000001,32.02598768]},"__memberLines":{}},{"type":"Feature","properties":{"station_id":"n9164878212","station_name":"武定门","station_name_local":"武定门","station_name_en":"Wudingmen","city":"Nanjing","country":"China","lines":["3"],"wikipedia":"zh:武定门站","merged_from":3,"merged_names":null,"is_terminus":false,"routes":[{"ref":"3","name":"南京地铁3号线","route_color":"#009651"}],"pass_count":1,"station_degree":2,"codes":null,"is_interchange":false,"station_role":"normal"},"geometry":{"type":"Point","coordinates":[118.78929529999999,32.01563193333333]},"__memberLines":{}},{"type":"Feature","properties":{"station_id":"n9164878213","station_name":"雨花门","station_name_local":"雨花门","station_name_en":null,"city":"Nanjing","country":"China","lines":["3"],"wikipedia":"zh:雨花门站","merged_from":3,"merged_names":null,"is_terminus":false,"routes":[{"ref":"3","name":"南京地铁3号线","route_color":"#009651"}],"pass_count":1,"station_degree":2,"codes":null,"is_interchange":false,"station_role":"normal"},"geometry":{"type":"Point","coordinates":[118.78739413333334,32.00577406666667]},"__memberLines":{}},{"type":"Feature","properties":{"station_id":"n9164878214","station_name":"卡子门","station_name_local":"卡子门","station_name_en":null,"city":"Nanjing","country":"China","lines":["3","10"],"wikipedia":"zh:卡子门站","merged_from":6,"merged_names":null,"is_terminus":false,"routes":[{"ref":"3","name":"南京地铁3号线","route_color":"#009651"},{"ref":"10","name":"南京地铁10号线","route_color":"#eac384"}],"pass_count":2,"station_degree":4,"codes":null,"is_interchange":true,"station_role":"interchange"},"geometry":{"type":"Point","coordinates":[118.79073306666665,31.997141100000004]},"__memberLines":{}},{"type":"Feature","properties":{"station_id":"n9164878215","station_name":"大明路","station_name_local":"大明路","station_name_en":null,"city":"Nanjing","country":"China","lines":["3"],"wikipedia":"zh:大明路站","merged_from":3,"merged_names":null,"is_terminus":false,"routes":[{"ref":"3","name":"南京地铁3号线","route_color":"#009651"}],"pass_count":1,"station_degree":2,"codes":null,"is_interchange":false,"station_role":"normal"},"geometry":{"type":"Point","coordinates":[118.7949228,31.988078033333334]},"__memberLines":{}},{"type":"Feature","properties":{"station_id":"n9164878216","station_name":"明发广场","station_name_local":"明发广场","station_name_en":null,"city":"Nanjing","country":"China","lines":["3"],"wikipedia":"zh:明发广场站","merged_from":3,"merged_names":null,"is_terminus":false,"routes":[{"ref":"3","name":"南京地铁3号线","route_color":"#009651"}],"pass_count":1,"station_degree":2,"codes":null,"is_interchange":false,"station_role":"normal"},"geometry":{"type":"Point","coordinates":[118.79540906666666,31.97924756666667]},"__memberLines":{}},{"type":"Feature","properties":{"station_id":"n9164898217","station_name":"宏运大道","station_name_local":"宏运大道","station_name_en":null,"city":"Nanjing","country":"China","lines":["3"],"wikipedia":"zh:宏运大道站","merged_from":3,"merged_names":null,"is_terminus":false,"routes":[{"ref":"3","name":"南京地铁3号线","route_color":"#009651"}],"pass_count":1,"station_degree":2,"codes":null,"is_interchange":false,"station_role":"normal"},"geometry":{"type":"Point","coordinates":[118.7988495,31.961114266666666]},"__memberLines":{}},{"type":"Feature","properties":{"station_id":"n9164898218","station_name":"胜太西路","station_name_local":"胜太西路","station_name_en":null,"city":"Nanjing","country":"China","lines":["3"],"wikipedia":"zh:胜太西路站","merged_from":3,"merged_names":null,"is_terminus":false,"routes":[{"ref":"3","name":"南京地铁3号线","route_color":"#009651"}],"pass_count":1,"station_degree":2,"codes":null,"is_interchange":false,"station_role":"normal"},"geometry":{"type":"Point","coordinates":[118.80221606666667,31.945675066666666]},"__memberLines":{}},{"type":"Feature","properties":{"station_id":"n9164898220","station_name":"天元西路","station_name_local":"天元西路","station_name_en":null,"city":"Nanjing","country":"China","lines":["3"],"wikipedia":"zh:天元西路站","merged_from":3,"merged_names":null,"is_terminus":false,"routes":[{"ref":"3","name":"南京地铁3号线","route_color":"#009651"}],"pass_count":1,"station_degree":2,"codes":null,"is_interchange":false,"station_role":"normal"},"geometry":{"type":"Point","coordinates":[118.80354376666668,31.9295821]},"__memberLines":{}},{"type":"Feature","properties":{"station_id":"n9164898221","station_name":"九龙湖","station_name_local":"九龙湖","station_name_en":null,"city":"Nanjing","country":"China","lines":["3"],"wikipedia":"zh:九龙湖站 (南京地铁)","merged_from":3,"merged_names":null,"is_terminus":false,"routes":[{"ref":"3","name":"南京地铁3号线","route_color":"#009651"}],"pass_count":1,"station_degree":2,"codes":null,"is_interchange":false,"station_role":"normal"},"geometry":{"type":"Point","coordinates":[118.81573623333333,31.917918266666664]},"__memberLines":{}},{"type":"Feature","properties":{"station_id":"n9164898222","station_name":"诚信大道","station_name_local":"诚信大道","station_name_en":"Chengxin­dadao","city":"Nanjing","country":"China","lines":["3","5"],"wikipedia":"zh:诚信大道站","merged_from":6,"merged_names":null,"is_terminus":false,"routes":[{"ref":"3","name":"南京地铁3号线","route_color":"#009651"},{"ref":"5","name":"南京地铁5号线","route_color":"#f2da51"}],"pass_count":2,"station_degree":4,"codes":null,"is_interchange":true,"station_role":"interchange"},"geometry":{"type":"Point","coordinates":[118.8256073,31.9107963]},"__memberLines":{}},{"type":"Feature","properties":{"station_id":"n9164898223","station_name":"东大九龙湖校区","station_name_local":"东大九龙湖校区","station_name_en":null,"city":"Nanjing","country":"China","lines":["3"],"wikipedia":"zh:东大九龙湖校区站","merged_from":3,"merged_names":null,"is_terminus":false,"routes":[{"ref":"3","name":"南京地铁3号线","route_color":"#009651"}],"pass_count":1,"station_degree":2,"codes":null,"is_interchange":false,"station_role":"normal"},"geometry":{"type":"Point","coordinates":[118.82522683333333,31.897971866666666]},"__memberLines":{}},{"type":"Feature","properties":{"station_id":"n9164898224","station_name":"秣周东路","station_name_local":"秣周东路","station_name_en":null,"city":"Nanjing","country":"China","lines":["3"],"wikipedia":"zh:秣周东路站","merged_from":3,"merged_names":null,"is_terminus":false,"routes":[{"ref":"3","name":"南京地铁3号线","route_color":"#009651"}],"pass_count":1,"station_degree":2,"codes":null,"is_interchange":false,"station_role":"normal"},"geometry":{"type":"Point","coordinates":[118.82606796666668,31.871025766666666]},"__memberLines":{}},{"type":"Feature","properties":{"station_id":"n9164951623","station_name":"龙江","station_name_local":"龙江","station_name_en":"Liongjiang","city":"Nanjing","country":"China","lines":["4"],"wikipedia":null,"merged_from":3,"merged_names":null,"is_terminus":true,"routes":[{"ref":"4","name":"南京地铁4号线","route_color":"#a513c0"}],"pass_count":1,"station_degree":1,"codes":null,"is_interchange":false,"station_role":"terminus"},"geometry":{"type":"Point","coordinates":[118.73437103333333,32.060110200000004]},"__memberLines":{}},{"type":"Feature","properties":{"station_id":"n9164951625","station_name":"草场门·南艺·二师","station_name_local":"草场门·南艺·二师","station_name_en":"Caochangmen","city":"Nanjing","country":"China","lines":["4","7"],"wikipedia":null,"merged_from":5,"merged_names":null,"is_terminus":false,"routes":[{"ref":"4","name":"南京地铁4号线","route_color":"#a513c0"},{"ref":"7","name":"南京地铁7号线","route_color":"#4a7729"}],"pass_count":2,"station_degree":4,"codes":null,"is_interchange":true,"station_role":"interchange"},"geometry":{"type":"Point","coordinates":[118.75040919999999,32.06255426]},"__memberLines":{}},{"type":"Feature","properties":{"station_id":"n9164951626","station_name":"云南路","station_name_local":"云南路","station_name_en":"Yunnanlu","city":"Nanjing","country":"China","lines":["4","5"],"wikipedia":null,"merged_from":5,"merged_names":null,"is_terminus":false,"routes":[{"ref":"4","name":"南京地铁4号线","route_color":"#a513c0"},{"ref":"5","name":"南京地铁5号线","route_color":"#f2da51"}],"pass_count":2,"station_degree":4,"codes":null,"is_interchange":true,"station_role":"interchange"},"geometry":{"type":"Point","coordinates":[118.76935250000001,32.06150128]},"__memberLines":{}},{"type":"Feature","properties":{"station_id":"n9164951627","station_name":"九华山","station_name_local":"九华山","station_name_en":null,"city":"Nanjing","country":"China","lines":["4"],"wikipedia":null,"merged_from":3,"merged_names":null,"is_terminus":false,"routes":[{"ref":"4","name":"南京地铁4号线","route_color":"#a513c0"}],"pass_count":1,"station_degree":2,"codes":null,"is_interchange":false,"station_role":"normal"},"geometry":{"type":"Point","coordinates":[118.80065516666666,32.05945623333333]},"__memberLines":{}},{"type":"Feature","properties":{"station_id":"n9164951628","station_name":"岗子村","station_name_local":"岗子村","station_name_en":"Gangzicun","city":"Nanjing","country":"China","lines":["4"],"wikipedia":null,"merged_from":3,"merged_names":null,"is_terminus":false,"routes":[{"ref":"4","name":"南京地铁4号线","route_color":"#a513c0"}],"pass_count":1,"station_degree":2,"codes":null,"is_interchange":false,"station_role":"normal"},"geometry":{"type":"Point","coordinates":[118.81078086666666,32.06743363333334]},"__memberLines":{}},{"type":"Feature","properties":{"station_id":"n9164951629","station_name":"蒋王庙","station_name_local":"蒋王庙","station_name_en":null,"city":"Nanjing","country":"China","lines":["4"],"wikipedia":null,"merged_from":3,"merged_names":null,"is_terminus":false,"routes":[{"ref":"4","name":"南京地铁4号线","route_color":"#a513c0"}],"pass_count":1,"station_degree":2,"codes":null,"is_interchange":false,"station_role":"normal"},"geometry":{"type":"Point","coordinates":[118.82605550000001,32.079696399999996]},"__memberLines":{}},{"type":"Feature","properties":{"station_id":"n9164951630","station_name":"王家湾","station_name_local":"王家湾","station_name_en":null,"city":"Nanjing","country":"China","lines":["4"],"wikipedia":null,"merged_from":3,"merged_names":null,"is_terminus":false,"routes":[{"ref":"4","name":"南京地铁4号线","route_color":"#a513c0"}],"pass_count":1,"station_degree":2,"codes":null,"is_interchange":false,"station_role":"normal"},"geometry":{"type":"Point","coordinates":[118.8331084,32.087542766666665]},"__memberLines":{}},{"type":"Feature","properties":{"station_id":"n9164951631","station_name":"聚宝山","station_name_local":"聚宝山","station_name_en":null,"city":"Nanjing","country":"China","lines":["4"],"wikipedia":null,"merged_from":3,"merged_names":null,"is_terminus":false,"routes":[{"ref":"4","name":"南京地铁4号线","route_color":"#a513c0"}],"pass_count":1,"station_degree":2,"codes":null,"is_interchange":false,"station_role":"normal"},"geometry":{"type":"Point","coordinates":[118.85975413333331,32.09608883333333]},"__memberLines":{}},{"type":"Feature","properties":{"station_id":"n9164951632","station_name":"徐庄·苏宁总部","station_name_local":"徐庄·苏宁总部","station_name_en":null,"city":"Nanjing","country":"China","lines":["4"],"wikipedia":null,"merged_from":6,"merged_names":null,"is_terminus":false,"routes":[{"ref":"4","name":"南京地铁4号线","route_color":"#a513c0"}],"pass_count":1,"station_degree":2,"codes":null,"is_interchange":false,"station_role":"normal"},"geometry":{"type":"Point","coordinates":[118.8833101,32.0874493]},"__memberLines":{}},{"type":"Feature","properties":{"station_id":"n9164951633","station_name":"汇通路","station_name_local":"汇通路","station_name_en":null,"city":"Nanjing","country":"China","lines":["4"],"wikipedia":null,"merged_from":6,"merged_names":null,"is_terminus":false,"routes":[{"ref":"4","name":"南京地铁4号线","route_color":"#a513c0"}],"pass_count":1,"station_degree":2,"codes":null,"is_interchange":false,"station_role":"normal"},"geometry":{"type":"Point","coordinates":[118.92656290000001,32.08026673333333]},"__memberLines":{}},{"type":"Feature","properties":{"station_id":"n9164951635","station_name":"东流","station_name_local":"东流","station_name_en":null,"city":"Nanjing","country":"China","lines":["4"],"wikipedia":null,"merged_from":3,"merged_names":null,"is_terminus":false,"routes":[{"ref":"4","name":"南京地铁4号线","route_color":"#a513c0"}],"pass_count":1,"station_degree":2,"codes":null,"is_interchange":false,"station_role":"normal"},"geometry":{"type":"Point","coordinates":[118.95972813333333,32.07936676666667]},"__memberLines":{}},{"type":"Feature","properties":{"station_id":"n9164951636","station_name":"孟北","station_name_local":"孟北","station_name_en":null,"city":"Nanjing","country":"China","lines":["4"],"wikipedia":null,"merged_from":3,"merged_names":null,"is_terminus":false,"routes":[{"ref":"4","name":"南京地铁4号线","route_color":"#a513c0"}],"pass_count":1,"station_degree":2,"codes":null,"is_interchange":false,"station_role":"normal"},"geometry":{"type":"Point","coordinates":[118.98216253333334,32.08657423333333]},"__memberLines":{}},{"type":"Feature","properties":{"station_id":"n9164951637","station_name":"西岗桦墅","station_name_local":"西岗桦墅","station_name_en":null,"city":"Nanjing","country":"China","lines":["4"],"wikipedia":null,"merged_from":3,"merged_names":null,"is_terminus":false,"routes":[{"ref":"4","name":"南京地铁4号线","route_color":"#a513c0"}],"pass_count":1,"station_degree":2,"codes":null,"is_interchange":false,"station_role":"normal"},"geometry":{"type":"Point","coordinates":[118.99124703333332,32.10106116666666]},"__memberLines":{}},{"type":"Feature","properties":{"station_id":"n9164951638","station_name":"仙林湖","station_name_local":"仙林湖","station_name_en":"Xianlinhu","city":"Nanjing","country":"China","lines":["4"],"wikipedia":"zh:仙林湖站","merged_from":3,"merged_names":null,"is_terminus":true,"routes":[{"ref":"4","name":"南京地铁4号线","route_color":"#a513c0"}],"pass_count":1,"station_degree":1,"codes":null,"is_interchange":false,"station_role":"terminus"},"geometry":{"type":"Point","coordinates":[118.98741516666666,32.12757606666667]},"__memberLines":{}},{"type":"Feature","properties":{"station_id":"n9165008021","station_name":"翠屏山","station_name_local":"翠屏山","station_name_en":"Cuipingshan","city":"Nanjing","country":"China","lines":["S1"],"wikipedia":"zh:翠屏山站 (南京地铁)","merged_from":3,"merged_names":null,"is_terminus":false,"routes":[{"ref":"S1","name":"南京地铁S1号线","route_color":"#4bbbb4"}],"pass_count":1,"station_degree":2,"codes":null,"is_interchange":false,"station_role":"normal"},"geometry":{"type":"Point","coordinates":[118.77960663333333,31.944608166666665]},"__memberLines":{}},{"type":"Feature","properties":{"station_id":"n9165008022","station_name":"河海大学·佛城西路","station_name_local":"河海大学·佛城西路","station_name_en":"Hohai University / Fochengxilu","city":"Nanjing","country":"China","lines":["S1"],"wikipedia":"zh:河海大学·佛城西路站","merged_from":3,"merged_names":null,"is_terminus":false,"routes":[{"ref":"S1","name":"南京地铁S1号线","route_color":"#4bbbb4"}],"pass_count":1,"station_degree":2,"codes":null,"is_interchange":false,"station_role":"normal"},"geometry":{"type":"Point","coordinates":[118.78642006666666,31.91582]},"__memberLines":{}},{"type":"Feature","properties":{"station_id":"n9165008023","station_name":"吉印大道","station_name_local":"吉印大道","station_name_en":"Jiyindadao","city":"Nanjing","country":"China","lines":["5","S1"],"wikipedia":"zh:吉印大道站","merged_from":5,"merged_names":null,"is_terminus":false,"routes":[{"ref":"5","name":"南京地铁5号线","route_color":"#f2da51"},{"ref":"S1","name":"南京地铁S1号线","route_color":"#4bbbb4"}],"pass_count":2,"station_degree":3,"codes":null,"is_interchange":true,"station_role":"interchange"},"geometry":{"type":"Point","coordinates":[118.79008519999998,31.88823516]},"__memberLines":{}},{"type":"Feature","properties":{"station_id":"n9165008024","station_name":"正方中路","station_name_local":"正方中路","station_name_en":"Zhengfang­zhonglu","city":"Nanjing","country":"China","lines":["S1"],"wikipedia":"zh:正方中路站","merged_from":3,"merged_names":null,"is_terminus":false,"routes":[{"ref":"S1","name":"南京地铁S1号线","route_color":"#4bbbb4"}],"pass_count":1,"station_degree":2,"codes":null,"is_interchange":false,"station_role":"normal"},"geometry":{"type":"Point","coordinates":[118.8006934,31.847209033333332]},"__memberLines":{}},{"type":"Feature","properties":{"station_id":"n9165008025","station_name":"翔宇路北","station_name_local":"翔宇路北","station_name_en":null,"city":"Nanjing","country":"China","lines":["S1"],"wikipedia":"zh:翔宇路北站","merged_from":3,"merged_names":null,"is_terminus":false,"routes":[{"ref":"S1","name":"南京地铁S1号线","route_color":"#4bbbb4"}],"pass_count":1,"station_degree":2,"codes":null,"is_interchange":false,"station_role":"normal"},"geometry":{"type":"Point","coordinates":[118.81648573333332,31.7933403]},"__memberLines":{}},{"type":"Feature","properties":{"station_id":"n9165008026","station_name":"翔宇路南","station_name_local":"翔宇路南","station_name_en":"Xiangyulunan","city":"Nanjing","country":"China","lines":["S1","S9"],"wikipedia":"zh:翔宇路南站","merged_from":5,"merged_names":null,"is_terminus":false,"routes":[{"ref":"S1","name":"南京地铁S1号线","route_color":"#4bbbb4"},{"ref":"S9","name":"南京地铁S9号线","route_color":"#f1bc1a"}],"pass_count":2,"station_degree":3,"codes":null,"is_interchange":true,"station_role":"interchange"},"geometry":{"type":"Point","coordinates":[118.82412326,31.75690264]},"__memberLines":{}},{"type":"Feature","properties":{"station_id":"n9165048003","station_name":"景明佳园","station_name_local":"景明佳园","station_name_en":"Jingmingjiayuan","city":"Nanjing","country":"China","lines":["S3"],"wikipedia":"zh:景明佳园站","merged_from":3,"merged_names":null,"is_terminus":false,"routes":[{"ref":"S3","name":"南京地铁S3号线","route_color":"#ba84ac"}],"pass_count":1,"station_degree":2,"codes":null,"is_interchange":false,"station_role":"normal"},"geometry":{"type":"Point","coordinates":[118.77346236666666,31.964424433333335]},"__memberLines":{}},{"type":"Feature","properties":{"station_id":"n9165048004","station_name":"铁心桥","station_name_local":"铁心桥","station_name_en":"Tiexinqiao","city":"Nanjing","country":"China","lines":["S3"],"wikipedia":"zh:铁心桥站","merged_from":3,"merged_names":null,"is_terminus":false,"routes":[{"ref":"S3","name":"南京地铁S3号线","route_color":"#ba84ac"}],"pass_count":1,"station_degree":2,"codes":null,"is_interchange":false,"station_role":"normal"},"geometry":{"type":"Point","coordinates":[118.75904706666665,31.966520333333335]},"__memberLines":{}},{"type":"Feature","properties":{"station_id":"n9165048005","station_name":"春江路","station_name_local":"春江路","station_name_en":"Chunjianglu","city":"Nanjing","country":"China","lines":["S3"],"wikipedia":"zh:春江路站","merged_from":3,"merged_names":null,"is_terminus":false,"routes":[{"ref":"S3","name":"南京地铁S3号线","route_color":"#ba84ac"}],"pass_count":1,"station_degree":2,"codes":null,"is_interchange":false,"station_role":"normal"},"geometry":{"type":"Point","coordinates":[118.74337806666666,31.964329133333337]},"__memberLines":{}},{"type":"Feature","properties":{"station_id":"n9165048006","station_name":"贾西","station_name_local":"贾西","station_name_en":"Jiaxi","city":"Nanjing","country":"China","lines":["S3"],"wikipedia":"zh:贾西站","merged_from":6,"merged_names":null,"is_terminus":false,"routes":[{"ref":"S3","name":"南京地铁S3号线","route_color":"#ba84ac"}],"pass_count":1,"station_degree":2,"codes":null,"is_interchange":false,"station_role":"normal"},"geometry":{"type":"Point","coordinates":[118.72852296666666,31.961381799999998]},"__memberLines":{}},{"type":"Feature","properties":{"station_id":"n9165048008","station_name":"永初路","station_name_local":"永初路","station_name_en":"Yongchulu","city":"Nanjing","country":"China","lines":["7","S3"],"wikipedia":"zh:永初路站","merged_from":10,"merged_names":null,"is_terminus":false,"routes":[{"ref":"7","name":"南京地铁7号线","route_color":"#4a7729"},{"ref":"S3","name":"南京地铁S3号线","route_color":"#ba84ac"}],"pass_count":2,"station_degree":4,"codes":null,"is_interchange":true,"station_role":"interchange"},"geometry":{"type":"Point","coordinates":[118.70742046000001,31.976581680000002]},"__memberLines":{}},{"type":"Feature","properties":{"station_id":"n9165048011","station_name":"高庙路","station_name_local":"高庙路","station_name_en":"Gaomiaolu","city":"Nanjing","country":"China","lines":["S3"],"wikipedia":"zh:高庙路站","merged_from":6,"merged_names":null,"is_terminus":false,"routes":[{"ref":"S3","name":"南京地铁S3号线","route_color":"#ba84ac"}],"pass_count":1,"station_degree":2,"codes":null,"is_interchange":false,"station_role":"normal"},"geometry":{"type":"Point","coordinates":[118.68327156666668,31.9708638]},"__memberLines":{}},{"type":"Feature","properties":{"station_id":"n9165048012","station_name":"天保","station_name_local":"天保","station_name_en":"Tianbao","city":"Nanjing","country":"China","lines":["S3"],"wikipedia":"zh:天保站","merged_from":6,"merged_names":null,"is_terminus":false,"routes":[{"ref":"S3","name":"南京地铁S3号线","route_color":"#ba84ac"}],"pass_count":1,"station_degree":2,"codes":null,"is_interchange":false,"station_role":"normal"},"geometry":{"type":"Point","coordinates":[118.6722272,31.95525566666667]},"__memberLines":{}},{"type":"Feature","properties":{"station_id":"n9165048013","station_name":"刘村","station_name_local":"刘村","station_name_en":"Liucun","city":"Nanjing","country":"China","lines":["S3"],"wikipedia":"zh:刘村站","merged_from":6,"merged_names":null,"is_terminus":false,"routes":[{"ref":"S3","name":"南京地铁S3号线","route_color":"#ba84ac"}],"pass_count":1,"station_degree":2,"codes":null,"is_interchange":false,"station_role":"normal"},"geometry":{"type":"Point","coordinates":[118.65998853333333,31.94648146666667]},"__memberLines":{}},{"type":"Feature","properties":{"station_id":"n9165048014","station_name":"马骡圩","station_name_local":"马骡圩","station_name_en":"Maluowei","city":"Nanjing","country":"China","lines":["S3"],"wikipedia":"zh:马骡圩站","merged_from":3,"merged_names":null,"is_terminus":false,"routes":[{"ref":"S3","name":"南京地铁S3号线","route_color":"#ba84ac"}],"pass_count":1,"station_degree":2,"codes":null,"is_interchange":false,"station_role":"normal"},"geometry":{"type":"Point","coordinates":[118.5833812,31.975244266666664]},"__memberLines":{}},{"type":"Feature","properties":{"station_id":"n9165048015","station_name":"兰花塘","station_name_local":"兰花塘","station_name_en":"Lanhuatang","city":"Nanjing","country":"China","lines":["S3"],"wikipedia":"zh:兰花塘站","merged_from":3,"merged_names":null,"is_terminus":false,"routes":[{"ref":"S3","name":"南京地铁S3号线","route_color":"#ba84ac"}],"pass_count":1,"station_degree":2,"codes":null,"is_interchange":false,"station_role":"normal"},"geometry":{"type":"Point","coordinates":[118.56979293333332,31.960388466666668]},"__memberLines":{}},{"type":"Feature","properties":{"station_id":"n9165048016","station_name":"双垅","station_name_local":"双垅","station_name_en":"Shuanglong","city":"Nanjing","country":"China","lines":["S3"],"wikipedia":"zh:双垅站","merged_from":3,"merged_names":null,"is_terminus":false,"routes":[{"ref":"S3","name":"南京地铁S3号线","route_color":"#ba84ac"}],"pass_count":1,"station_degree":2,"codes":null,"is_interchange":false,"station_role":"normal"},"geometry":{"type":"Point","coordinates":[118.56245723333332,31.950411533333334]},"__memberLines":{}},{"type":"Feature","properties":{"station_id":"n9165078117","station_name":"石碛河","station_name_local":"石碛河","station_name_en":"Shiqihe","city":"Nanjing","country":"China","lines":["S3"],"wikipedia":"zh:石碛河站","merged_from":3,"merged_names":null,"is_terminus":false,"routes":[{"ref":"S3","name":"南京地铁S3号线","route_color":"#ba84ac"}],"pass_count":1,"station_degree":2,"codes":null,"is_interchange":false,"station_role":"normal"},"geometry":{"type":"Point","coordinates":[118.55302903333335,31.940180066666667]},"__memberLines":{}},{"type":"Feature","properties":{"station_id":"n9165078118","station_name":"桥林新城","station_name_local":"桥林新城","station_name_en":"Qiaolinxincheng","city":"Nanjing","country":"China","lines":["S3"],"wikipedia":"zh:桥林新城站","merged_from":3,"merged_names":null,"is_terminus":false,"routes":[{"ref":"S3","name":"南京地铁S3号线","route_color":"#ba84ac"}],"pass_count":1,"station_degree":2,"codes":null,"is_interchange":false,"station_role":"normal"},"geometry":{"type":"Point","coordinates":[118.54242836666667,31.932007366666667]},"__memberLines":{}},{"type":"Feature","properties":{"station_id":"n9165078119","station_name":"林山","station_name_local":"林山","station_name_en":"Linshan","city":"Nanjing","country":"China","lines":["S3"],"wikipedia":"zh:林山站","merged_from":3,"merged_names":null,"is_terminus":false,"routes":[{"ref":"S3","name":"南京地铁S3号线","route_color":"#ba84ac"}],"pass_count":1,"station_degree":2,"codes":null,"is_interchange":false,"station_role":"normal"},"geometry":{"type":"Point","coordinates":[118.52599663333332,31.920890599999996]},"__memberLines":{}},{"type":"Feature","properties":{"station_id":"n9165078120","station_name":"高家冲","station_name_local":"高家冲","station_name_en":"Gaojiachong","city":"Nanjing","country":"China","lines":["S3"],"wikipedia":"zh:高家冲站","merged_from":3,"merged_names":null,"is_terminus":true,"routes":[{"ref":"S3","name":"南京地铁S3号线","route_color":"#ba84ac"}],"pass_count":1,"station_degree":1,"codes":null,"is_interchange":false,"station_role":"terminus"},"geometry":{"type":"Point","coordinates":[118.51207876666668,31.911183766666667]},"__memberLines":{}},{"type":"Feature","properties":{"station_id":"n9165103268","station_name":"百水桥","station_name_local":"百水桥","station_name_en":null,"city":"Nanjing","country":"China","lines":["S6"],"wikipedia":"zh:百水桥站","merged_from":6,"merged_names":null,"is_terminus":false,"routes":[{"ref":"S6","name":"南京地铁S6号线","route_color":"#b58bd7"}],"pass_count":1,"station_degree":2,"codes":null,"is_interchange":false,"station_role":"normal"},"geometry":{"type":"Point","coordinates":[118.90970313333332,32.055487400000004]},"__memberLines":{}},{"type":"Feature","properties":{"station_id":"n9165103269","station_name":"麒麟门","station_name_local":"麒麟门","station_name_en":null,"city":"Nanjing","country":"China","lines":["S6"],"wikipedia":"zh:麒麟门站","merged_from":6,"merged_names":null,"is_terminus":false,"routes":[{"ref":"S6","name":"南京地铁S6号线","route_color":"#b58bd7"}],"pass_count":1,"station_degree":2,"codes":null,"is_interchange":false,"station_role":"normal"},"geometry":{"type":"Point","coordinates":[118.92261789999999,32.05523183333333]},"__memberLines":{}},{"type":"Feature","properties":{"station_id":"n9165103270","station_name":"东郊小镇","station_name_local":"东郊小镇","station_name_en":null,"city":"Nanjing","country":"China","lines":["S6"],"wikipedia":"zh:东郊小镇站","merged_from":6,"merged_names":null,"is_terminus":false,"routes":[{"ref":"S6","name":"南京地铁S6号线","route_color":"#b58bd7"}],"pass_count":1,"station_degree":2,"codes":null,"is_interchange":false,"station_role":"normal"},"geometry":{"type":"Point","coordinates":[118.94771233333334,32.053903133333336]},"__memberLines":{}},{"type":"Feature","properties":{"station_id":"n9165103271","station_name":"古泉","station_name_local":"古泉","station_name_en":null,"city":"Nanjing","country":"China","lines":["S6"],"wikipedia":"zh:古泉站 (南京地铁)","merged_from":3,"merged_names":null,"is_terminus":false,"routes":[{"ref":"S6","name":"南京地铁S6号线","route_color":"#b58bd7"}],"pass_count":1,"station_degree":2,"codes":null,"is_interchange":false,"station_role":"normal"},"geometry":{"type":"Point","coordinates":[119.00390806666667,32.0512956]},"__memberLines":{}},{"type":"Feature","properties":{"station_id":"n9165103272","station_name":"南京猿人洞","station_name_local":"南京猿人洞","station_name_en":null,"city":"Nanjing","country":"China","lines":["S6"],"wikipedia":"zh:南京猿人洞站","merged_from":5,"merged_names":null,"is_terminus":false,"routes":[{"ref":"S6","name":"南京地铁S6号线","route_color":"#b58bd7"}],"pass_count":1,"station_degree":2,"codes":null,"is_interchange":false,"station_role":"normal"},"geometry":{"type":"Point","coordinates":[119.04693876000002,32.063387819999996]},"__memberLines":{}},{"type":"Feature","properties":{"station_id":"n9165103273","station_name":"汤山","station_name_local":"汤山","station_name_en":null,"city":"Nanjing","country":"China","lines":["S6"],"wikipedia":"zh:汤山站","merged_from":3,"merged_names":null,"is_terminus":false,"routes":[{"ref":"S6","name":"南京地铁S6号线","route_color":"#b58bd7"}],"pass_count":1,"station_degree":2,"codes":null,"is_interchange":false,"station_role":"normal"},"geometry":{"type":"Point","coordinates":[119.0626919,32.0500409]},"__memberLines":{}},{"type":"Feature","properties":{"station_id":"n9165103274","station_name":"泉都大街","station_name_local":"泉都大街","station_name_en":null,"city":"Nanjing","country":"China","lines":["S6"],"wikipedia":"zh:泉都大街站","merged_from":3,"merged_names":null,"is_terminus":false,"routes":[{"ref":"S6","name":"南京地铁S6号线","route_color":"#b58bd7"}],"pass_count":1,"station_degree":2,"codes":null,"is_interchange":false,"station_role":"normal"},"geometry":{"type":"Point","coordinates":[119.0467602,32.035127466666665]},"__memberLines":{}},{"type":"Feature","properties":{"station_id":"n9165103275","station_name":"黄梅","station_name_local":"黄梅","station_name_en":null,"city":"Nanjing","country":"China","lines":["S6"],"wikipedia":"zh:黄梅站 (南京地铁)","merged_from":3,"merged_names":null,"is_terminus":false,"routes":[{"ref":"S6","name":"南京地铁S6号线","route_color":"#b58bd7"}],"pass_count":1,"station_degree":2,"codes":null,"is_interchange":false,"station_role":"normal"},"geometry":{"type":"Point","coordinates":[119.11067906666666,32.01002763333333]},"__memberLines":{}},{"type":"Feature","properties":{"station_id":"n9165103276","station_name":"童世界","station_name_local":"童世界","station_name_en":null,"city":"Nanjing","country":"China","lines":["S6"],"wikipedia":"zh:童世界站","merged_from":3,"merged_names":null,"is_terminus":false,"routes":[{"ref":"S6","name":"南京地铁S6号线","route_color":"#b58bd7"}],"pass_count":1,"station_degree":2,"codes":null,"is_interchange":false,"station_role":"normal"},"geometry":{"type":"Point","coordinates":[119.15847073333333,31.9937359]},"__memberLines":{}},{"type":"Feature","properties":{"station_id":"n9165103277","station_name":"华阳","station_name_local":"华阳","station_name_en":null,"city":"Nanjing","country":"China","lines":["S6"],"wikipedia":"zh:华阳站 (南京地铁)","merged_from":3,"merged_names":null,"is_terminus":false,"routes":[{"ref":"S6","name":"南京地铁S6号线","route_color":"#b58bd7"}],"pass_count":1,"station_degree":2,"codes":null,"is_interchange":false,"station_role":"normal"},"geometry":{"type":"Point","coordinates":[119.17494800000001,31.9744429]},"__memberLines":{}},{"type":"Feature","properties":{"station_id":"n9165103278","station_name":"崇明","station_name_local":"崇明","station_name_en":null,"city":"Nanjing","country":"China","lines":["S6"],"wikipedia":"zh:崇明站","merged_from":3,"merged_names":null,"is_terminus":false,"routes":[{"ref":"S6","name":"南京地铁S6号线","route_color":"#b58bd7"}],"pass_count":1,"station_degree":2,"codes":null,"is_interchange":false,"station_role":"normal"},"geometry":{"type":"Point","coordinates":[119.1732333,31.94489493333333]},"__memberLines":{}},{"type":"Feature","properties":{"station_id":"n9165103279","station_name":"句容","station_name_local":"句容","station_name_en":null,"city":"Nanjing","country":"China","lines":["S6"],"wikipedia":"zh:句容站 (南京地铁)","merged_from":3,"merged_names":null,"is_terminus":true,"routes":[{"ref":"S6","name":"南京地铁S6号线","route_color":"#b58bd7"}],"pass_count":1,"station_degree":1,"codes":null,"is_interchange":false,"station_role":"terminus"},"geometry":{"type":"Point","coordinates":[119.16452976666666,31.92398726666666]},"__memberLines":{}},{"type":"Feature","properties":{"station_id":"n9165117856","station_name":"铜山","station_name_local":"铜山","station_name_en":"Tongshan","city":"Nanjing","country":"China","lines":["S9"],"wikipedia":"zh:铜山站 (南京地铁)","merged_from":3,"merged_names":null,"is_terminus":false,"routes":[{"ref":"S9","name":"南京地铁S9号线","route_color":"#f1bc1a"}],"pass_count":1,"station_degree":2,"codes":null,"is_interchange":false,"station_role":"normal"},"geometry":{"type":"Point","coordinates":[118.87660703333334,31.698222666666666]},"__memberLines":{}},{"type":"Feature","properties":{"station_id":"n9165117857","station_name":"石湫","station_name_local":"石湫","station_name_en":"Shiqiu","city":"Nanjing","country":"China","lines":["S9"],"wikipedia":"zh:石湫站","merged_from":3,"merged_names":null,"is_terminus":false,"routes":[{"ref":"S9","name":"南京地铁S9号线","route_color":"#f1bc1a"}],"pass_count":1,"station_degree":2,"codes":null,"is_interchange":false,"station_role":"normal"},"geometry":{"type":"Point","coordinates":[118.90237776666667,31.64252]},"__memberLines":{}},{"type":"Feature","properties":{"station_id":"n9165117858","station_name":"明觉","station_name_local":"明觉","station_name_en":"Mingjue","city":"Nanjing","country":"China","lines":["S9"],"wikipedia":"zh:明觉站","merged_from":3,"merged_names":null,"is_terminus":false,"routes":[{"ref":"S9","name":"南京地铁S9号线","route_color":"#f1bc1a"}],"pass_count":1,"station_degree":2,"codes":null,"is_interchange":false,"station_role":"normal"},"geometry":{"type":"Point","coordinates":[118.89725353333334,31.548568433333333]},"__memberLines":{}},{"type":"Feature","properties":{"station_id":"n9165153418","station_name":"卸甲甸","station_name_local":"卸甲甸","station_name_en":"Xiejiadian","city":"Nanjing","country":"China","lines":["S8"],"wikipedia":"zh:卸甲甸站","merged_from":3,"merged_names":null,"is_terminus":false,"routes":[{"ref":"S8","name":"南京地铁S8号线","route_color":"#eca153"}],"pass_count":1,"station_degree":2,"codes":null,"is_interchange":false,"station_role":"normal"},"geometry":{"type":"Point","coordinates":[118.72537266666667,32.21684976666666]},"__memberLines":{}},{"type":"Feature","properties":{"station_id":"n9165153419","station_name":"沈桥","station_name_local":"沈桥","station_name_en":"Shenqiao","city":"Nanjing","country":"China","lines":["S8"],"wikipedia":"zh:沈桥站","merged_from":3,"merged_names":null,"is_terminus":false,"routes":[{"ref":"S8","name":"南京地铁S8号线","route_color":"#eca153"}],"pass_count":1,"station_degree":2,"codes":null,"is_interchange":false,"station_role":"normal"},"geometry":{"type":"Point","coordinates":[118.88685286666667,32.402215866666666]},"__memberLines":{}},{"type":"Feature","properties":{"station_id":"n9165153420","station_name":"八百桥","station_name_local":"八百桥","station_name_en":"Babaiqiao","city":"Nanjing","country":"China","lines":["S8"],"wikipedia":"zh:八百桥站","merged_from":3,"merged_names":null,"is_terminus":false,"routes":[{"ref":"S8","name":"南京地铁S8号线","route_color":"#eca153"}],"pass_count":1,"station_degree":2,"codes":null,"is_interchange":false,"station_role":"normal"},"geometry":{"type":"Point","coordinates":[118.92815233333333,32.42935593333333]},"__memberLines":{}},{"type":"Feature","properties":{"station_id":"n9165153421","station_name":"金牛湖","station_name_local":"金牛湖","station_name_en":"Jinniuhu","city":"Nanjing","country":"China","lines":["S8"],"wikipedia":"zh:金牛湖站","merged_from":3,"merged_names":null,"is_terminus":true,"routes":[{"ref":"S8","name":"南京地铁S8号线","route_color":"#eca153"}],"pass_count":1,"station_degree":1,"codes":null,"is_interchange":false,"station_role":"terminus"},"geometry":{"type":"Point","coordinates":[118.95955773333333,32.46752863333334]},"__memberLines":{}},{"type":"Feature","properties":{"station_id":"n9167211252","station_name":"小行","station_name_local":"小行","station_name_en":"Xiaohang","city":"Nanjing","country":"China","lines":["10"],"wikipedia":null,"merged_from":6,"merged_names":null,"is_terminus":false,"codes":["M1"],"routes":[{"ref":"10","name":"南京地铁10号线","route_color":"#eac384"}],"pass_count":1,"station_degree":2,"is_interchange":false,"station_role":"normal"},"geometry":{"type":"Point","coordinates":[118.7394807,31.9845349]},"__memberLines":{}},{"type":"Feature","properties":{"station_id":"n9167211253","station_name":"中胜","station_name_local":"中胜","station_name_en":"Zhongsheng","city":"Nanjing","country":"China","lines":["7","10"],"wikipedia":"en:Zhongsheng station","merged_from":10,"merged_names":null,"is_terminus":false,"routes":[{"ref":"7","name":"南京地铁7号线","route_color":"#4a7729"},{"ref":"10","name":"南京地铁10号线","route_color":"#eac384"}],"pass_count":2,"station_degree":4,"codes":null,"is_interchange":true,"station_role":"interchange"},"geometry":{"type":"Point","coordinates":[118.72789331999999,31.98998488]},"__memberLines":{}},{"type":"Feature","properties":{"station_id":"n9167211254","station_name":"奥体中心","station_name_local":"奥体中心","station_name_en":null,"city":"Nanjing","country":"China","lines":["10"],"wikipedia":null,"merged_from":6,"merged_names":null,"is_terminus":false,"routes":[{"ref":"10","name":"南京地铁10号线","route_color":"#eac384"}],"pass_count":1,"station_degree":2,"codes":null,"is_interchange":false,"station_role":"normal"},"geometry":{"type":"Point","coordinates":[118.71274813333332,32.01122916666667]},"__memberLines":{}},{"type":"Feature","properties":{"station_id":"n9167211256","station_name":"梦都大街","station_name_local":"梦都大街","station_name_en":null,"city":"Nanjing","country":"China","lines":["10"],"wikipedia":null,"merged_from":6,"merged_names":null,"is_terminus":false,"routes":[{"ref":"10","name":"南京地铁10号线","route_color":"#eac384"}],"pass_count":1,"station_degree":2,"codes":null,"is_interchange":false,"station_role":"normal"},"geometry":{"type":"Point","coordinates":[118.71666146666666,32.01768863333333]},"__memberLines":{}},{"type":"Feature","properties":{"station_id":"n9167211258","station_name":"绿博园","station_name_local":"绿博园","station_name_en":null,"city":"Nanjing","country":"China","lines":["10"],"wikipedia":null,"merged_from":6,"merged_names":null,"is_terminus":false,"routes":[{"ref":"10","name":"南京地铁10号线","route_color":"#eac384"}],"pass_count":1,"station_degree":2,"codes":null,"is_interchange":false,"station_role":"normal"},"geometry":{"type":"Point","coordinates":[118.71026243333334,32.02684716666667]},"__memberLines":{}},{"type":"Feature","properties":{"station_id":"n9167211259","station_name":"江心洲","station_name_local":"江心洲","station_name_en":null,"city":"Nanjing","country":"China","lines":["10"],"wikipedia":null,"merged_from":3,"merged_names":null,"is_terminus":false,"routes":[{"ref":"10","name":"南京地铁10号线","route_color":"#eac384"}],"pass_count":1,"station_degree":2,"codes":null,"is_interchange":false,"station_role":"normal"},"geometry":{"type":"Point","coordinates":[118.69870326666667,32.034299266666665]},"__memberLines":{}},{"type":"Feature","properties":{"station_id":"n9167211260","station_name":"临江·青奥体育公园","station_name_local":"临江·青奥体育公园","station_name_en":null,"city":"Nanjing","country":"China","lines":["10"],"wikipedia":null,"is_terminus":false,"routes":[{"ref":"10","name":"南京地铁10号线","route_color":"#eac384"}],"pass_count":1,"station_degree":2,"codes":null,"merged_from":null,"merged_names":null,"is_interchange":false,"station_role":"normal"},"geometry":{"type":"Point","coordinates":[118.66031,32.0595875]}},{"type":"Feature","properties":{"station_id":"n9167211261","station_name":"浦口万汇城","station_name_local":"浦口万汇城","station_name_en":null,"city":"Nanjing","country":"China","lines":["10"],"wikipedia":null,"merged_from":3,"merged_names":null,"is_terminus":false,"routes":[{"ref":"10","name":"南京地铁10号线","route_color":"#eac384"}],"pass_count":1,"station_degree":2,"codes":null,"is_interchange":false,"station_role":"normal"},"geometry":{"type":"Point","coordinates":[118.65274480000001,32.0635628]},"__memberLines":{}},{"type":"Feature","properties":{"station_id":"n9167211263","station_name":"南京工业大学","station_name_local":"南京工业大学","station_name_en":null,"city":"Nanjing","country":"China","lines":["10"],"wikipedia":null,"merged_from":3,"merged_names":null,"is_terminus":false,"routes":[{"ref":"10","name":"南京地铁10号线","route_color":"#eac384"}],"pass_count":1,"station_degree":2,"codes":null,"is_interchange":false,"station_role":"normal"},"geometry":{"type":"Point","coordinates":[118.64299039999999,32.069055866666666]},"__memberLines":{}},{"type":"Feature","properties":{"station_id":"n9167211264","station_name":"龙华路","station_name_local":"龙华路","station_name_en":null,"city":"Nanjing","country":"China","lines":["10"],"wikipedia":null,"merged_from":3,"merged_names":null,"is_terminus":false,"routes":[{"ref":"10","name":"南京地铁10号线","route_color":"#eac384"}],"pass_count":1,"station_degree":2,"codes":null,"is_interchange":false,"station_role":"normal"},"geometry":{"type":"Point","coordinates":[118.63019703333333,32.066918566666665]},"__memberLines":{}},{"type":"Feature","properties":{"station_id":"n9167211265","station_name":"文德路","station_name_local":"文德路","station_name_en":null,"city":"Nanjing","country":"China","lines":["10"],"wikipedia":null,"merged_from":3,"merged_names":null,"is_terminus":false,"routes":[{"ref":"10","name":"南京地铁10号线","route_color":"#eac384"}],"pass_count":1,"station_degree":2,"codes":null,"is_interchange":false,"station_role":"normal"},"geometry":{"type":"Point","coordinates":[118.62157963333334,32.059483]},"__memberLines":{}},{"type":"Feature","properties":{"station_id":"n9167211267","station_name":"雨山路","station_name_local":"雨山路","station_name_en":"Yushanlu","city":"Nanjing","country":"China","lines":["10"],"wikipedia":null,"merged_from":3,"merged_names":null,"is_terminus":true,"routes":[{"ref":"10","name":"南京地铁10号线","route_color":"#eac384"}],"pass_count":1,"station_degree":1,"codes":null,"is_interchange":false,"station_role":"terminus"},"geometry":{"type":"Point","coordinates":[118.61146176666666,32.0480037]},"__memberLines":{}},{"type":"Feature","properties":{"station_id":"n9680291511","station_name":"姑孰","station_name_local":"姑孰","station_name_en":"Gushu","city":"Nanjing","country":"China","lines":["S2"],"wikipedia":null,"merged_from":3,"merged_names":null,"is_terminus":false,"routes":[{"ref":"S2","name":"南京地铁S2号线/宁马线","route_color":"#92282b"}],"pass_count":1,"station_degree":2,"codes":null,"is_interchange":false,"station_role":"normal"},"geometry":{"type":"Point","coordinates":[118.51944753333335,31.560094033333332]},"__memberLines":{}},{"type":"Feature","properties":{"station_id":"n9680291512","station_name":"马鞍山经开区","station_name_local":"马鞍山经开区","station_name_en":"Ma'anshanjingkaiqu","city":"Nanjing","country":"China","lines":["S2"],"wikipedia":null,"merged_from":3,"merged_names":null,"is_terminus":false,"routes":[{"ref":"S2","name":"南京地铁S2号线/宁马线","route_color":"#92282b"}],"pass_count":1,"station_degree":2,"codes":null,"is_interchange":false,"station_role":"normal"},"geometry":{"type":"Point","coordinates":[118.5179597,31.6282051]},"__memberLines":{}},{"type":"Feature","properties":{"station_id":"n9680291513","station_name":"阳湖","station_name_local":"阳湖","station_name_en":"Yanghu","city":"Nanjing","country":"China","lines":["S2"],"wikipedia":null,"merged_from":3,"merged_names":null,"is_terminus":false,"routes":[{"ref":"S2","name":"南京地铁S2号线/宁马线","route_color":"#92282b"}],"pass_count":1,"station_degree":2,"codes":null,"is_interchange":false,"station_role":"normal"},"geometry":{"type":"Point","coordinates":[118.51842490000001,31.65220556666667]},"__memberLines":{}},{"type":"Feature","properties":{"station_id":"n9680291514","station_name":"雨山东路","station_name_local":"雨山东路","station_name_en":"Yushandonglu","city":"Nanjing","country":"China","lines":["S2"],"wikipedia":null,"merged_from":3,"merged_names":null,"is_terminus":false,"routes":[{"ref":"S2","name":"南京地铁S2号线/宁马线","route_color":"#92282b"}],"pass_count":1,"station_degree":2,"codes":null,"is_interchange":false,"station_role":"normal"},"geometry":{"type":"Point","coordinates":[118.51841936666666,31.67328303333333]},"__memberLines":{}},{"type":"Feature","properties":{"station_id":"n9680291516","station_name":"湖南路・安工大","station_name_local":"湖南路・安工大","station_name_en":"Hunanlu / Angongda","city":"Nanjing","country":"China","lines":["S2"],"wikipedia":null,"merged_from":3,"merged_names":null,"is_terminus":false,"routes":[{"ref":"S2","name":"南京地铁S2号线/宁马线","route_color":"#92282b"}],"pass_count":1,"station_degree":2,"codes":null,"is_interchange":false,"station_role":"normal"},"geometry":{"type":"Point","coordinates":[118.5184637,31.68391216666667]},"__memberLines":{}},{"type":"Feature","properties":{"station_id":"n9680313118","station_name":"湖北路・二中","station_name_local":"湖北路・二中","station_name_en":"Hubeilu / Erzhong","city":"Nanjing","country":"China","lines":["S2"],"wikipedia":null,"merged_from":3,"merged_names":null,"is_terminus":false,"routes":[{"ref":"S2","name":"南京地铁S2号线/宁马线","route_color":"#92282b"}],"pass_count":1,"station_degree":2,"codes":null,"is_interchange":false,"station_role":"normal"},"geometry":{"type":"Point","coordinates":[118.51842653333331,31.701918266666667]},"__memberLines":{}},{"type":"Feature","properties":{"station_id":"n9792508218","station_name":"慈湖高新区","station_name_local":"慈湖高新区","station_name_en":"Cihugaoxinqu","city":"Nanjing","country":"China","lines":["S2"],"wikipedia":null,"merged_from":3,"merged_names":null,"is_terminus":false,"routes":[{"ref":"S2","name":"南京地铁S2号线/宁马线","route_color":"#92282b"}],"pass_count":1,"station_degree":2,"codes":null,"is_interchange":false,"station_role":"normal"},"geometry":{"type":"Point","coordinates":[118.51779066666666,31.753441566666666]},"__memberLines":{}},{"type":"Feature","properties":{"station_id":"n9792508219","station_name":"太白","station_name_local":"太白","station_name_en":"Taibai","city":"Nanjing","country":"China","lines":["S2"],"wikipedia":null,"merged_from":3,"merged_names":null,"is_terminus":true,"routes":[{"ref":"S2","name":"南京地铁S2号线/宁马线","route_color":"#92282b"}],"pass_count":1,"station_degree":1,"codes":null,"is_interchange":false,"station_role":"terminus"},"geometry":{"type":"Point","coordinates":[118.51023406666667,31.527025433333336]},"__memberLines":{}},{"type":"Feature","properties":{"station_id":"n10064297533","station_name":"毛纺厂路","station_name_local":"毛纺厂路","station_name_en":null,"city":"Nanjing","country":"China","lines":["S8"],"wikipedia":null,"merged_from":3,"merged_names":null,"is_terminus":false,"routes":[{"ref":"S8","name":"南京地铁S8号线","route_color":"#eca153"}],"pass_count":1,"station_degree":2,"codes":null,"is_interchange":false,"station_role":"normal"},"geometry":{"type":"Point","coordinates":[118.7214166,32.13665676666667]},"__memberLines":{}},{"type":"Feature","properties":{"station_id":"n10064297534","station_name":"长江大桥北","station_name_local":"长江大桥北","station_name_en":"Changjiangdaqiaobei","city":"Nanjing","country":"China","lines":["S8"],"wikipedia":null,"merged_from":3,"merged_names":null,"is_terminus":true,"routes":[{"ref":"S8","name":"南京地铁S8号线","route_color":"#eca153"}],"pass_count":1,"station_degree":1,"codes":null,"is_interchange":false,"station_role":"terminus"},"geometry":{"type":"Point","coordinates":[118.72465353333332,32.130836966666664]},"__memberLines":{}},{"type":"Feature","properties":{"station_id":"n10553755836","station_name":"燕子矶","station_name_local":"燕子矶","station_name_en":"Yanziji","city":"Nanjing","country":"China","lines":["1"],"wikipedia":"zh:燕子矶站","merged_from":3,"merged_names":null,"is_terminus":false,"routes":[{"ref":"1","name":"南京地铁1号线","route_color":"#00a2df"}],"pass_count":1,"station_degree":2,"codes":null,"is_interchange":false,"station_role":"normal"},"geometry":{"type":"Point","coordinates":[118.81679983333333,32.138277966666664]},"__memberLines":{}},{"type":"Feature","properties":{"station_id":"n10553755841","station_name":"笆斗山","station_name_local":"笆斗山","station_name_en":"Badoushan","city":"Nanjing","country":"China","lines":["1"],"wikipedia":"zh:笆斗山站","merged_from":3,"merged_names":null,"is_terminus":false,"routes":[{"ref":"1","name":"南京地铁1号线","route_color":"#00a2df"}],"pass_count":1,"station_degree":2,"codes":null,"is_interchange":false,"station_role":"normal"},"geometry":{"type":"Point","coordinates":[118.82471716666667,32.14562623333334]},"__memberLines":{}},{"type":"Feature","properties":{"station_id":"n10553755844","station_name":"八卦洲大桥南","station_name_local":"八卦洲大桥南","station_name_en":"Baguazhoudaqiaonan","city":"Nanjing","country":"China","lines":["1"],"wikipedia":"zh:八卦洲大桥南站","merged_from":3,"merged_names":null,"is_terminus":true,"routes":[{"ref":"1","name":"南京地铁1号线","route_color":"#00a2df"}],"pass_count":1,"station_degree":1,"codes":null,"is_interchange":false,"station_role":"terminus"},"geometry":{"type":"Point","coordinates":[118.83736936666666,32.14768203333333]},"__memberLines":{}},{"type":"Feature","properties":{"station_id":"n10566749900","station_name":"仙新路","station_name_local":"仙新路","station_name_en":"Xianxinlu","city":"Nanjing","country":"China","lines":["7"],"wikipedia":"zh:仙新路站","merged_from":3,"merged_names":null,"is_terminus":true,"routes":[{"ref":"7","name":"南京地铁7号线","route_color":"#4a7729"}],"pass_count":1,"station_degree":1,"codes":null,"is_interchange":false,"station_role":"terminus"},"geometry":{"type":"Point","coordinates":[118.8903347,32.129043333333335]},"__memberLines":{}},{"type":"Feature","properties":{"station_id":"n10566749905","station_name":"尧化门","station_name_local":"尧化门","station_name_en":"Yaohuamen","city":"Nanjing","country":"China","lines":["7"],"wikipedia":"zh:尧化门站 (南京地铁)","merged_from":3,"merged_names":null,"is_terminus":false,"routes":[{"ref":"7","name":"南京地铁7号线","route_color":"#4a7729"}],"pass_count":1,"station_degree":2,"codes":null,"is_interchange":false,"station_role":"normal"},"geometry":{"type":"Point","coordinates":[118.8826366,32.124719766666665]},"__memberLines":{}},{"type":"Feature","properties":{"station_id":"n10566785109","station_name":"尧化新村","station_name_local":"尧化新村","station_name_en":"Yaohuaxincun","city":"Nanjing","country":"China","lines":["7"],"wikipedia":"zh:尧化新村站","merged_from":3,"merged_names":null,"is_terminus":false,"routes":[{"ref":"7","name":"南京地铁7号线","route_color":"#4a7729"}],"pass_count":1,"station_degree":2,"codes":null,"is_interchange":false,"station_role":"normal"},"geometry":{"type":"Point","coordinates":[118.8706725,32.117524200000005]},"__memberLines":{}},{"type":"Feature","properties":{"station_id":"n10566785117","station_name":"丁家庄南","station_name_local":"丁家庄南","station_name_en":"Dingjiazhuangnan","city":"Nanjing","country":"China","lines":["7"],"wikipedia":"zh:丁家庄南站","merged_from":3,"merged_names":null,"is_terminus":false,"routes":[{"ref":"7","name":"南京地铁7号线","route_color":"#4a7729"}],"pass_count":1,"station_degree":2,"codes":null,"is_interchange":false,"station_role":"normal"},"geometry":{"type":"Point","coordinates":[118.85496439999999,32.109775]},"__memberLines":{}},{"type":"Feature","properties":{"station_id":"n10566785128","station_name":"丁家庄","station_name_local":"丁家庄","station_name_en":"Dingjiazhuang","city":"Nanjing","country":"China","lines":["7"],"wikipedia":"zh:丁家庄站 (济南地铁)","merged_from":3,"merged_names":null,"is_terminus":false,"routes":[{"ref":"7","name":"南京地铁7号线","route_color":"#4a7729"}],"pass_count":1,"station_degree":2,"codes":null,"is_interchange":false,"station_role":"normal"},"geometry":{"type":"Point","coordinates":[118.8449139,32.1137419]},"__memberLines":{}},{"type":"Feature","properties":{"station_id":"n10566785140","station_name":"万寿","station_name_local":"万寿","station_name_en":"Wanshou","city":"Nanjing","country":"China","lines":["7"],"wikipedia":"zh:万寿站 (南京地铁)","merged_from":3,"merged_names":null,"is_terminus":false,"routes":[{"ref":"7","name":"南京地铁7号线","route_color":"#4a7729"}],"pass_count":1,"station_degree":2,"codes":null,"is_interchange":false,"station_role":"normal"},"geometry":{"type":"Point","coordinates":[118.82976653333333,32.12212073333333]},"__memberLines":{}},{"type":"Feature","properties":{"station_id":"n10566816529","station_name":"幕府西路","station_name_local":"幕府西路","station_name_en":"Mufuxilu","city":"Nanjing","country":"China","lines":["7"],"wikipedia":"zh:幕府西路站","merged_from":3,"merged_names":null,"is_terminus":false,"routes":[{"ref":"7","name":"南京地铁7号线","route_color":"#4a7729"}],"pass_count":1,"station_degree":2,"codes":null,"is_interchange":false,"station_role":"normal"},"geometry":{"type":"Point","coordinates":[118.76517789999998,32.1063312]},"__memberLines":{}},{"type":"Feature","properties":{"station_id":"n11511302598","station_name":"应天大街","station_name_local":"应天大街","station_name_en":"Yingtiandajie","city":"Nanjing","country":"China","lines":["7"],"wikipedia":"zh:应天大街站","merged_from":6,"merged_names":null,"is_terminus":false,"routes":[{"ref":"7","name":"南京地铁7号线","route_color":"#4a7729"}],"pass_count":1,"station_degree":2,"codes":null,"is_interchange":false,"station_role":"normal"},"geometry":{"type":"Point","coordinates":[118.74401,32.0185638]},"__memberLines":{}},{"type":"Feature","properties":{"station_id":"n11511311814","station_name":"新城科技园","station_name_local":"新城科技园","station_name_en":"Xinchengkejiyuan","city":"Nanjing","country":"China","lines":["7"],"wikipedia":"zh:新城科技园站","merged_from":6,"merged_names":null,"is_terminus":false,"routes":[{"ref":"7","name":"南京地铁7号线","route_color":"#4a7729"}],"pass_count":1,"station_degree":2,"codes":null,"is_interchange":false,"station_role":"normal"},"geometry":{"type":"Point","coordinates":[118.73286173333334,31.995767833333332]},"__memberLines":{}},{"type":"Feature","properties":{"station_id":"n11511333765","station_name":"梦都大街东","station_name_local":"梦都大街东","station_name_en":"Mengdudajiedong","city":"Nanjing","country":"China","lines":["7"],"wikipedia":"zh:梦都大街东站","merged_from":6,"merged_names":null,"is_terminus":false,"routes":[{"ref":"7","name":"南京地铁7号线","route_color":"#4a7729"}],"pass_count":1,"station_degree":2,"codes":null,"is_interchange":false,"station_role":"normal"},"geometry":{"type":"Point","coordinates":[118.7411108,32.00594793333334]},"__memberLines":{}},{"type":"Feature","properties":{"station_id":"n11511348406","station_name":"太清路","station_name_local":"太清路","station_name_en":"Taiqinglu","city":"Nanjing","country":"China","lines":["7"],"wikipedia":"zh:太清路站","merged_from":6,"merged_names":null,"is_terminus":false,"routes":[{"ref":"7","name":"南京地铁7号线","route_color":"#4a7729"}],"pass_count":1,"station_degree":2,"codes":null,"is_interchange":false,"station_role":"normal"},"geometry":{"type":"Point","coordinates":[118.69803436666666,31.968741366666666]},"__memberLines":{}},{"type":"Feature","properties":{"station_id":"n11511348410","station_name":"西善桥","station_name_local":"西善桥","station_name_en":"Xishanqiao","city":"Nanjing","country":"China","lines":["7","S2"],"wikipedia":"zh:西善桥站 (南京地铁)","merged_from":10,"merged_names":null,"is_terminus":false,"routes":[{"ref":"7","name":"南京地铁7号线","route_color":"#4a7729"},{"ref":"S2","name":"南京地铁S2号线/宁马线","route_color":"#92282b"}],"pass_count":2,"station_degree":2,"codes":null,"is_interchange":true,"station_role":"interchange"},"geometry":{"type":"Point","coordinates":[118.68565254,31.949056820000003]},"__memberLines":{}},{"type":"Feature","properties":{"station_id":"n11511349161","station_name":"嘉陵江东街","station_name_local":"嘉陵江东街","station_name_en":"Jialingjiangdongjie","city":"Nanjing","country":"China","lines":["7"],"wikipedia":"zh:嘉陵江东街站","merged_from":6,"merged_names":null,"is_terminus":false,"routes":[{"ref":"7","name":"南京地铁7号线","route_color":"#4a7729"}],"pass_count":1,"station_degree":2,"codes":null,"is_interchange":false,"station_role":"normal"},"geometry":{"type":"Point","coordinates":[118.7226218,31.984173433333336]},"__memberLines":{}},{"type":"Feature","properties":{"station_id":"n11774761615","station_name":"九龙湖南","station_name_local":"九龙湖南","station_name_en":"Jiulonghunan","city":"Nanjing","country":"China","lines":["5"],"wikipedia":null,"merged_from":3,"merged_names":null,"is_terminus":false,"routes":[{"ref":"5","name":"南京地铁5号线","route_color":"#f2da51"}],"pass_count":1,"station_degree":2,"codes":null,"is_interchange":false,"station_role":"normal"},"geometry":{"type":"Point","coordinates":[118.80478546666666,31.89504386666667]},"__memberLines":{}},{"type":"Feature","properties":{"station_id":"n11774761642","station_name":"前庄","station_name_local":"前庄","station_name_en":"Qianzhuang","city":"Nanjing","country":"China","lines":["5"],"wikipedia":null,"merged_from":3,"merged_names":null,"is_terminus":false,"routes":[{"ref":"5","name":"南京地铁5号线","route_color":"#f2da51"}],"pass_count":1,"station_degree":2,"codes":null,"is_interchange":false,"station_role":"normal"},"geometry":{"type":"Point","coordinates":[118.83875013333333,31.912441066666663]},"__memberLines":{}},{"type":"Feature","properties":{"station_id":"n11774761658","station_name":"科宁路","station_name_local":"科宁路","station_name_en":"Keninglu","city":"Nanjing","country":"China","lines":["5"],"wikipedia":null,"merged_from":3,"merged_names":null,"is_terminus":false,"routes":[{"ref":"5","name":"南京地铁5号线","route_color":"#f2da51"}],"pass_count":1,"station_degree":2,"codes":null,"is_interchange":false,"station_role":"normal"},"geometry":{"type":"Point","coordinates":[118.84431836666666,31.926372233333336]},"__memberLines":{}},{"type":"Feature","properties":{"station_id":"n11774792270","station_name":"新亭路","station_name_local":"新亭路","station_name_en":"Xintinglu","city":"Nanjing","country":"China","lines":["5"],"wikipedia":null,"merged_from":3,"merged_names":null,"is_terminus":false,"routes":[{"ref":"5","name":"南京地铁5号线","route_color":"#f2da51"}],"pass_count":1,"station_degree":2,"codes":null,"is_interchange":false,"station_role":"normal"},"geometry":{"type":"Point","coordinates":[118.8404559,31.944499133333334]},"__memberLines":{}},{"type":"Feature","properties":{"station_id":"n11774792277","station_name":"东山","station_name_local":"东山","station_name_en":"Dongshan","city":"Nanjing","country":"China","lines":["5"],"wikipedia":null,"merged_from":3,"merged_names":null,"is_terminus":false,"routes":[{"ref":"5","name":"南京地铁5号线","route_color":"#f2da51"}],"pass_count":1,"station_degree":2,"codes":null,"is_interchange":false,"station_role":"normal"},"geometry":{"type":"Point","coordinates":[118.8386208,31.955612766666665]},"__memberLines":{}},{"type":"Feature","properties":{"station_id":"n11774792284","station_name":"文靖路","station_name_local":"文靖路","station_name_en":"Wenjinglu","city":"Nanjing","country":"China","lines":["5"],"wikipedia":null,"merged_from":3,"merged_names":null,"is_terminus":false,"routes":[{"ref":"5","name":"南京地铁5号线","route_color":"#f2da51"}],"pass_count":1,"station_degree":2,"codes":null,"is_interchange":false,"station_role":"normal"},"geometry":{"type":"Point","coordinates":[118.83663426666668,31.960432466666663]},"__memberLines":{}},{"type":"Feature","properties":{"station_id":"n12460759016","station_name":"南湖","station_name_local":"南湖","station_name_en":"Nanhu","city":"Nanjing","country":"China","lines":["7"],"wikipedia":null,"merged_from":6,"merged_names":null,"is_terminus":false,"routes":[{"ref":"7","name":"南京地铁7号线","route_color":"#4a7729"}],"pass_count":1,"station_degree":2,"codes":null,"is_interchange":false,"station_role":"normal"},"geometry":{"type":"Point","coordinates":[118.74902376666667,32.02579416666667]},"__memberLines":{}},{"type":"Feature","properties":{"station_id":"n12460759017","station_name":"清凉山","station_name_local":"清凉山","station_name_en":"Qingliangshan","city":"Nanjing","country":"China","lines":["7"],"wikipedia":null,"merged_from":3,"merged_names":null,"is_terminus":false,"routes":[{"ref":"7","name":"南京地铁7号线","route_color":"#4a7729"}],"pass_count":1,"station_degree":2,"codes":null,"is_interchange":false,"station_role":"normal"},"geometry":{"type":"Point","coordinates":[118.75469183333333,32.05043766666666]},"__memberLines":{}},{"type":"Feature","properties":{"station_id":"n12461754367","station_name":"大士茶亭","station_name_local":"大士茶亭","station_name_en":"Dashichating","city":"Nanjing","country":"China","lines":["7"],"wikipedia":null,"merged_from":3,"merged_names":null,"is_terminus":false,"routes":[{"ref":"7","name":"南京地铁7号线","route_color":"#4a7729"}],"pass_count":1,"station_degree":2,"codes":null,"is_interchange":false,"station_role":"normal"},"geometry":{"type":"Point","coordinates":[118.75208873333334,32.033752033333336]},"__memberLines":{}},{"type":"Feature","properties":{"station_id":"n12462545486","station_name":"古平岗","station_name_local":"古平岗","station_name_en":"Gupinggang","city":"Nanjing","country":"China","lines":["7"],"wikipedia":null,"merged_from":3,"merged_names":null,"is_terminus":false,"routes":[{"ref":"7","name":"南京地铁7号线","route_color":"#4a7729"}],"pass_count":1,"station_degree":2,"codes":null,"is_interchange":false,"station_role":"normal"},"geometry":{"type":"Point","coordinates":[118.75273506666667,32.07312423333333]},"__memberLines":{}},{"type":"Feature","properties":{"station_id":"n12462545489","station_name":"福建路","station_name_local":"福建路","station_name_en":"Fujianlu","city":"Nanjing","country":"China","lines":["5","7"],"wikipedia":null,"merged_from":5,"merged_names":null,"is_terminus":false,"routes":[{"ref":"5","name":"南京地铁5号线","route_color":"#f2da51"},{"ref":"7","name":"南京地铁7号线","route_color":"#4a7729"}],"pass_count":2,"station_degree":4,"codes":null,"is_interchange":true,"station_role":"interchange"},"geometry":{"type":"Point","coordinates":[118.75431142,32.082163019999996]},"__memberLines":{}},{"type":"Feature","properties":{"station_id":"n12462545492","station_name":"钟阜路","station_name_local":"钟阜路","station_name_en":"Zhongfulu","city":"Nanjing","country":"China","lines":["7"],"wikipedia":null,"merged_from":3,"merged_names":null,"is_terminus":false,"routes":[{"ref":"7","name":"南京地铁7号线","route_color":"#4a7729"}],"pass_count":1,"station_degree":2,"codes":null,"is_interchange":false,"station_role":"normal"},"geometry":{"type":"Point","coordinates":[118.7664368,32.09323973333333]},"__memberLines":{}},{"type":"Feature","properties":{"station_id":"n13057948205","station_name":"虹桥","station_name_local":"虹桥","station_name_en":"Hongqiao","city":"Nanjing","country":"China","lines":["5"],"wikipedia":null,"merged_from":3,"merged_names":null,"is_terminus":false,"routes":[{"ref":"5","name":"南京地铁5号线","route_color":"#f2da51"}],"pass_count":1,"station_degree":2,"codes":null,"is_interchange":false,"station_role":"normal"},"geometry":{"type":"Point","coordinates":[118.75996486666668,32.07721443333333]},"__memberLines":{}},{"type":"Feature","properties":{"station_id":"n13057948208","station_name":"青春广场","station_name_local":"青春广场","station_name_en":"Qinchunguangchang","city":"Nanjing","country":"China","lines":["5"],"wikipedia":null,"merged_from":3,"merged_names":null,"is_terminus":false,"routes":[{"ref":"5","name":"南京地铁5号线","route_color":"#f2da51"}],"pass_count":1,"station_degree":2,"codes":null,"is_interchange":false,"station_role":"normal"},"geometry":{"type":"Point","coordinates":[118.7676745,32.07060453333333]},"__memberLines":{}},{"type":"Feature","properties":{"station_id":"n13057948212","station_name":"东山香樟园","station_name_local":"东山香樟园","station_name_en":"Dongshanxiangzhangyuan","city":"Nanjing","country":"China","lines":["5"],"wikipedia":null,"merged_from":3,"merged_names":null,"is_terminus":false,"routes":[{"ref":"5","name":"南京地铁5号线","route_color":"#f2da51"}],"pass_count":1,"station_degree":2,"codes":null,"is_interchange":false,"station_role":"normal"},"geometry":{"type":"Point","coordinates":[118.8342458,31.973828933333333]},"__memberLines":{}},{"type":"Feature","properties":{"station_id":"n13057948217","station_name":"神机营","station_name_local":"神机营","station_name_en":"Shenjiying","city":"Nanjing","country":"China","lines":["5"],"wikipedia":null,"merged_from":3,"merged_names":null,"is_terminus":false,"routes":[{"ref":"5","name":"南京地铁5号线","route_color":"#f2da51"}],"pass_count":1,"station_degree":2,"codes":null,"is_interchange":false,"station_role":"normal"},"geometry":{"type":"Point","coordinates":[118.81963783333333,31.99172733333333]},"__memberLines":{}},{"type":"Feature","properties":{"station_id":"n13057948220","station_name":"方家营","station_name_local":"方家营","station_name_en":"Fangjiaying","city":"Nanjing","country":"China","lines":["5"],"wikipedia":null,"merged_from":4,"merged_names":null,"is_terminus":true,"routes":[{"ref":"5","name":"南京地铁5号线","route_color":"#f2da51"}],"pass_count":1,"station_degree":1,"codes":null,"is_interchange":false,"station_role":"terminus"},"geometry":{"type":"Point","coordinates":[118.742260775,32.106458950000004]},"__memberLines":{}},{"type":"Feature","properties":{"station_id":"n13059454865","station_name":"大校场","station_name_local":"大校场","station_name_en":"Dajiaochang","city":"Nanjing","country":"China","lines":["5","10"],"wikipedia":"zh:大校场站","merged_from":6,"merged_names":null,"is_terminus":false,"routes":[{"ref":"5","name":"南京地铁5号线","route_color":"#f2da51"},{"ref":"10","name":"南京地铁10号线","route_color":"#eac384"}],"pass_count":2,"station_degree":4,"codes":null,"is_interchange":true,"station_role":"interchange"},"geometry":{"type":"Point","coordinates":[118.81798885,32.000339499999995]},"__memberLines":{}},{"type":"Feature","properties":{"station_id":"n13059454868","station_name":"七桥瓮","station_name_local":"七桥瓮","station_name_en":"Qiqiaoweng","city":"Nanjing","country":"China","lines":["5"],"wikipedia":null,"merged_from":3,"merged_names":null,"is_terminus":false,"routes":[{"ref":"5","name":"南京地铁5号线","route_color":"#f2da51"}],"pass_count":1,"station_degree":2,"codes":null,"is_interchange":false,"station_role":"normal"},"geometry":{"type":"Point","coordinates":[118.82021326666667,32.010914066666665]},"__memberLines":{}},{"type":"Feature","properties":{"station_id":"n13059454870","station_name":"南京西站","station_name_local":"南京西站","station_name_en":"Nanjingxi Railway Station","city":"Nanjing","country":"China","lines":["5"],"wikipedia":null,"merged_from":3,"merged_names":null,"is_terminus":false,"routes":[{"ref":"5","name":"南京地铁5号线","route_color":"#f2da51"}],"pass_count":1,"station_degree":2,"codes":null,"is_interchange":false,"station_role":"normal"},"geometry":{"type":"Point","coordinates":[118.7362854,32.0981775]},"__memberLines":{}},{"type":"Feature","properties":{"station_id":"n13059454873","station_name":"静海寺","station_name_local":"静海寺","station_name_en":"Jinghaisi","city":"Nanjing","country":"China","lines":["5"],"wikipedia":null,"merged_from":3,"merged_names":null,"is_terminus":false,"routes":[{"ref":"5","name":"南京地铁5号线","route_color":"#f2da51"}],"pass_count":1,"station_degree":2,"codes":null,"is_interchange":false,"station_role":"normal"},"geometry":{"type":"Point","coordinates":[118.73284833333334,32.094103]},"__memberLines":{}},{"type":"Feature","properties":{"station_id":"n13059454876","station_name":"盐仓桥","station_name_local":"盐仓桥","station_name_en":"Yancangqiao","city":"Nanjing","country":"China","lines":["5"],"wikipedia":null,"merged_from":3,"merged_names":null,"is_terminus":false,"routes":[{"ref":"5","name":"南京地铁5号线","route_color":"#f2da51"}],"pass_count":1,"station_degree":2,"codes":null,"is_interchange":false,"station_role":"normal"},"geometry":{"type":"Point","coordinates":[118.74757056666665,32.087634466666664]},"__memberLines":{}},{"type":"Feature","properties":{"station_id":"n13059454879","station_name":"下关","station_name_local":"下关","station_name_en":"Xiaguan","city":"Nanjing","country":"China","lines":["5"],"wikipedia":null,"merged_from":3,"merged_names":null,"is_terminus":false,"routes":[{"ref":"5","name":"南京地铁5号线","route_color":"#f2da51"}],"pass_count":1,"station_degree":2,"codes":null,"is_interchange":false,"station_role":"normal"},"geometry":{"type":"Point","coordinates":[118.73649,32.08888893333333]},"__memberLines":{}},{"type":"Feature","properties":{"station_id":"n13059514805","station_name":"光华门","station_name_local":"光华门","station_name_en":"Guanghuamen","city":"Nanjing","country":"China","lines":["5"],"wikipedia":null,"merged_from":3,"merged_names":null,"is_terminus":false,"routes":[{"ref":"5","name":"南京地铁5号线","route_color":"#f2da51"}],"pass_count":1,"station_degree":2,"codes":null,"is_interchange":false,"station_role":"normal"},"geometry":{"type":"Point","coordinates":[118.80968256666667,32.02560756666667]},"__memberLines":{}},{"type":"Feature","properties":{"station_id":"n13059514808","station_name":"石门坎","station_name_local":"石门坎","station_name_en":"Shimenkan","city":"Nanjing","country":"China","lines":["5"],"wikipedia":null,"merged_from":3,"merged_names":null,"is_terminus":false,"routes":[{"ref":"5","name":"南京地铁5号线","route_color":"#f2da51"}],"pass_count":1,"station_degree":2,"codes":null,"is_interchange":false,"station_role":"normal"},"geometry":{"type":"Point","coordinates":[118.81964183333334,32.01958093333334]},"__memberLines":{}},{"type":"Feature","properties":{"station_id":"n13059514811","station_name":"通济门","station_name_local":"通济门","station_name_en":"Tongjimen","city":"Nanjing","country":"China","lines":["5"],"wikipedia":null,"merged_from":3,"merged_names":null,"is_terminus":false,"routes":[{"ref":"5","name":"南京地铁5号线","route_color":"#f2da51"}],"pass_count":1,"station_degree":2,"codes":null,"is_interchange":false,"station_role":"normal"},"geometry":{"type":"Point","coordinates":[118.79932506666667,32.02773176666667]},"__memberLines":{}},{"type":"Feature","properties":{"station_id":"n13059514818","station_name":"朝天宫","station_name_local":"朝天宫","station_name_en":"Chaotiangong","city":"Nanjing","country":"China","lines":["5"],"wikipedia":null,"merged_from":3,"merged_names":null,"is_terminus":false,"routes":[{"ref":"5","name":"南京地铁5号线","route_color":"#f2da51"}],"pass_count":1,"station_degree":2,"codes":null,"is_interchange":false,"station_role":"normal"},"geometry":{"type":"Point","coordinates":[118.7674329,32.03470976666667]},"__memberLines":{}},{"type":"Feature","properties":{"station_id":"n13059514821","station_name":"五台山","station_name_local":"五台山","station_name_en":"Wutaishan","city":"Nanjing","country":"China","lines":["5"],"wikipedia":null,"merged_from":3,"merged_names":null,"is_terminus":false,"routes":[{"ref":"5","name":"南京地铁5号线","route_color":"#f2da51"}],"pass_count":1,"station_degree":2,"codes":null,"is_interchange":false,"station_role":"normal"},"geometry":{"type":"Point","coordinates":[118.77130813333333,32.05221926666666]},"__memberLines":{}},{"type":"Feature","properties":{"station_id":"n13387721994","station_name":"高桥门","station_name_local":"高桥门","station_name_en":"Gaoqiaomen","city":"Nanjing","country":"China","lines":["10"],"wikipedia":null,"merged_from":3,"merged_names":null,"is_terminus":false,"routes":[{"ref":"10","name":"南京地铁10号线","route_color":"#eac384"}],"pass_count":1,"station_degree":2,"codes":null,"is_interchange":false,"station_role":"normal"},"geometry":{"type":"Point","coordinates":[118.83710303333334,32.0074571]},"__memberLines":{}},{"type":"Feature","properties":{"station_id":"n13387721995","station_name":"承天大道","station_name_local":"承天大道","station_name_en":"Chengtiandadao","city":"Nanjing","country":"China","lines":["10"],"wikipedia":null,"merged_from":3,"merged_names":null,"is_terminus":false,"routes":[{"ref":"10","name":"南京地铁10号线","route_color":"#eac384"}],"pass_count":1,"station_degree":2,"codes":null,"is_interchange":false,"station_role":"normal"},"geometry":{"type":"Point","coordinates":[118.82376326666667,32.00330556666667]},"__memberLines":{}},{"type":"Feature","properties":{"station_id":"n13387721997","station_name":"机场跑道旧址","station_name_local":"机场跑道旧址","station_name_en":"Jichangpaodaojiuzhi","city":"Nanjing","country":"China","lines":["10"],"wikipedia":"zh:机场跑道旧址站","merged_from":3,"merged_names":null,"is_terminus":false,"routes":[{"ref":"10","name":"南京地铁10号线","route_color":"#eac384"}],"pass_count":1,"station_degree":2,"codes":null,"is_interchange":false,"station_role":"normal"},"geometry":{"type":"Point","coordinates":[118.80861880000002,31.9942969]},"__memberLines":{}},{"type":"Feature","properties":{"station_id":"n13387721999","station_name":"雨花台","station_name_local":"雨花台","station_name_en":"Yuhuatai","city":"Nanjing","country":"China","lines":["10"],"wikipedia":null,"merged_from":3,"merged_names":null,"is_terminus":false,"routes":[{"ref":"10","name":"南京地铁10号线","route_color":"#eac384"}],"pass_count":1,"station_degree":2,"codes":null,"is_interchange":false,"station_role":"normal"},"geometry":{"type":"Point","coordinates":[118.77592413333333,31.994773966666667]},"__memberLines":{}},{"type":"Feature","properties":{"station_id":"n13387722000","station_name":"共青团路","station_name_local":"共青团路","station_name_en":"Gongqingtuanlu","city":"Nanjing","country":"China","lines":["10"],"wikipedia":null,"merged_from":3,"merged_names":null,"is_terminus":false,"routes":[{"ref":"10","name":"南京地铁10号线","route_color":"#eac384"}],"pass_count":1,"station_degree":2,"codes":null,"is_interchange":false,"station_role":"normal"},"geometry":{"type":"Point","coordinates":[118.76890713333334,31.99559823333333]},"__memberLines":{}},{"type":"Feature","properties":{"station_id":"n13387744882","station_name":"杨庄","station_name_local":"杨庄","station_name_en":"Yangzhuang","city":"Nanjing","country":"China","lines":["10"],"wikipedia":null,"merged_from":6,"merged_names":null,"is_terminus":false,"routes":[{"ref":"10","name":"南京地铁10号线","route_color":"#eac384"}],"pass_count":1,"station_degree":2,"codes":null,"is_interchange":false,"station_role":"normal"},"geometry":{"type":"Point","coordinates":[118.85766636666666,32.0088365]},"__memberLines":{}},{"type":"Feature","properties":{"station_id":"n13387744886","station_name":"东麒路","station_name_local":"东麒路","station_name_en":"Dongqilu","city":"Nanjing","country":"China","lines":["10"],"wikipedia":"zh:东麒路站","merged_from":6,"merged_names":null,"is_terminus":true,"routes":[{"ref":"10","name":"南京地铁10号线","route_color":"#eac384"}],"pass_count":1,"station_degree":1,"codes":null,"is_interchange":false,"station_role":"terminus"},"geometry":{"type":"Point","coordinates":[118.88377443333333,32.00157626666667]},"__memberLines":{}},{"type":"Feature","properties":{"station_id":"n13387798996","station_name":"上秦淮西","station_name_local":"上秦淮西","station_name_en":"Shangqinhuaixi","city":"Nanjing","country":"China","lines":["3"],"wikipedia":"zh:上秦淮西站","merged_from":3,"merged_names":null,"is_terminus":false,"routes":[{"ref":"3","name":"南京地铁3号线","route_color":"#009651"}],"pass_count":1,"station_degree":2,"codes":null,"is_interchange":false,"station_role":"normal"},"geometry":{"type":"Point","coordinates":[118.831303,31.852101566666665]},"__memberLines":{}},{"type":"Feature","properties":{"station_id":"n13387798999","station_name":"秣陵","station_name_local":"秣陵","station_name_en":"Moling","city":"Nanjing","country":"China","lines":["3"],"wikipedia":"zh:秣陵站","merged_from":3,"merged_names":null,"is_terminus":true,"routes":[{"ref":"3","name":"南京地铁3号线","route_color":"#009651"}],"pass_count":1,"station_degree":1,"codes":null,"is_interchange":false,"station_role":"terminus"},"geometry":{"type":"Point","coordinates":[118.83000786666666,31.843211233333335]},"__memberLines":{}},{"type":"Feature","properties":{"station_id":"n13388500483","station_name":"铜井","station_name_local":"铜井","station_name_en":"Tongjing","city":"Nanjing","country":"China","lines":["S2"],"wikipedia":null,"merged_from":3,"merged_names":null,"is_terminus":false,"routes":[{"ref":"S2","name":"南京地铁S2号线/宁马线","route_color":"#92282b"}],"pass_count":1,"station_degree":2,"codes":null,"is_interchange":false,"station_role":"normal"},"geometry":{"type":"Point","coordinates":[118.55020566666667,31.809031333333333]},"__memberLines":{}},{"type":"Feature","properties":{"station_id":"n13388500484","station_name":"牧龙","station_name_local":"牧龙","station_name_en":"Mulong","city":"Nanjing","country":"China","lines":["S2"],"wikipedia":null,"merged_from":3,"merged_names":null,"is_terminus":false,"routes":[{"ref":"S2","name":"南京地铁S2号线/宁马线","route_color":"#92282b"}],"pass_count":1,"station_degree":2,"codes":null,"is_interchange":false,"station_role":"normal"},"geometry":{"type":"Point","coordinates":[118.5733803,31.842219633333332]},"__memberLines":{}},{"type":"Feature","properties":{"station_id":"n13388500485","station_name":"江宁滨江开发区","station_name_local":"江宁滨江开发区","station_name_en":"Jiangning Binjiang Development Zone","city":"Nanjing","country":"China","lines":["S2"],"wikipedia":null,"merged_from":3,"merged_names":null,"is_terminus":false,"routes":[{"ref":"S2","name":"南京地铁S2号线/宁马线","route_color":"#92282b"}],"pass_count":1,"station_degree":2,"codes":null,"is_interchange":false,"station_role":"normal"},"geometry":{"type":"Point","coordinates":[118.58594906666667,31.857746766666665]},"__memberLines":{}},{"type":"Feature","properties":{"station_id":"n13388500486","station_name":"江宁镇","station_name_local":"江宁镇","station_name_en":"Jiangningzhen","city":"Nanjing","country":"China","lines":["S2"],"wikipedia":null,"merged_from":3,"merged_names":null,"is_terminus":false,"routes":[{"ref":"S2","name":"南京地铁S2号线/宁马线","route_color":"#92282b"}],"pass_count":1,"station_degree":2,"codes":null,"is_interchange":false,"station_role":"normal"},"geometry":{"type":"Point","coordinates":[118.60229553333333,31.879537033333335]},"__memberLines":{}},{"type":"Feature","properties":{"station_id":"n13388500487","station_name":"板桥南","station_name_local":"板桥南","station_name_en":"Banqiaonan","city":"Nanjing","country":"China","lines":["S2"],"wikipedia":null,"merged_from":3,"merged_names":null,"is_terminus":false,"routes":[{"ref":"S2","name":"南京地铁S2号线/宁马线","route_color":"#92282b"}],"pass_count":1,"station_degree":2,"codes":null,"is_interchange":false,"station_role":"normal"},"geometry":{"type":"Point","coordinates":[118.6184283,31.892853666666667]},"__memberLines":{}},{"type":"Feature","properties":{"station_id":"n13388500488","station_name":"板桥","station_name_local":"板桥","station_name_en":"Banqiao","city":"Nanjing","country":"China","lines":["S2"],"wikipedia":null,"merged_from":3,"merged_names":null,"is_terminus":false,"routes":[{"ref":"S2","name":"南京地铁S2号线/宁马线","route_color":"#92282b"}],"pass_count":1,"station_degree":2,"codes":null,"is_interchange":false,"station_role":"normal"},"geometry":{"type":"Point","coordinates":[118.6354411,31.909735366666666]},"__memberLines":{}},{"type":"Feature","properties":{"station_id":"n13388500489","station_name":"雨花经济开发区","station_name_local":"雨花经济开发区","station_name_en":"Yuhua Jingji Development Zone","city":"Nanjing","country":"China","lines":["S2"],"wikipedia":null,"merged_from":3,"merged_names":null,"is_terminus":false,"routes":[{"ref":"S2","name":"南京地铁S2号线/宁马线","route_color":"#92282b"}],"pass_count":1,"station_degree":2,"codes":null,"is_interchange":false,"station_role":"normal"},"geometry":{"type":"Point","coordinates":[118.6613476,31.929687266666665]},"__memberLines":{}},{"type":"Feature","properties":{"station_id":"n5116432226","station_name":"团结圩","station_name_local":"团结圩","station_name_en":"Tuanjiewei","city":"Nanjing","country":"China","lines":["S9"],"wikipedia":null,"merged_from":3,"merged_names":null,"is_terminus":false,"routes":[{"ref":"S9","name":"南京地铁S9号线","route_color":"#f1bc1a"}],"pass_count":1,"station_degree":2,"codes":null,"is_interchange":false,"station_role":"normal"},"geometry":{"type":"Point","coordinates":[118.88278096666666,31.397970866666668]},"__memberLines":{}},{"type":"Feature","properties":{"station_id":"n5116432228","station_name":"高淳","station_name_local":"高淳","station_name_en":"Gaochun","city":"Nanjing","country":"China","lines":["S9"],"wikipedia":null,"merged_from":3,"merged_names":null,"is_terminus":true,"routes":[{"ref":"S9","name":"南京地铁S9号线","route_color":"#f1bc1a"}],"pass_count":1,"station_degree":1,"codes":null,"is_interchange":false,"station_role":"terminus"},"geometry":{"type":"Point","coordinates":[118.8721983,31.34318433333333]},"__memberLines":{}}]}