{"type":"FeatureCollection","features":[{"type":"Feature","properties":{"way_id":263019157,"route_colors":[],"route_refs":["RT1"]},"geometry":{"type":"LineString","coordinates":[[9.4025078,51.5427036],[9.4024096,51.5428697],[9.4020264,51.5435177],[9.402067,51.543527],[9.4021837,51.5433297],[9.4024503,51.542879],[9.4024681,51.5428488],[9.402544,51.5427205],[9.4025485,51.5427129],[9.4025078,51.5427036]]}},{"type":"Feature","properties":{"way_id":230718401,"route_colors":[],"route_refs":["RT1"]},"geometry":{"type":"LineString","coordinates":[[9.4643419,51.4266963],[9.4643068,51.4266966],[9.4642858,51.4266969],[9.4642878,51.4267353],[9.4642731,51.4269168],[9.4642174,51.4271668],[9.4641832,51.427319],[9.4641101,51.4275782],[9.464035,51.4278044],[9.4639177,51.4280824],[9.4638171,51.4282681],[9.4638715,51.4282806],[9.4639789,51.4280462],[9.4640659,51.427842],[9.4641128,51.4277145],[9.4641557,51.4275824],[9.464226,51.42735],[9.4642844,51.4270986],[9.46432,51.4269005],[9.4643372,51.4267399],[9.4643419,51.4266963]]}},{"type":"Feature","properties":{"way_id":263980529,"route_colors":[],"route_refs":["RT1"]},"geometry":{"type":"LineString","coordinates":[[9.4560767,51.3905593],[9.456035,51.3905771],[9.4555042,51.3908029],[9.4546851,51.3911574],[9.4546569,51.3911319],[9.4554741,51.3907795],[9.4554907,51.3907724],[9.4556404,51.3907082],[9.4556286,51.3906967],[9.45568,51.3906752],[9.4556912,51.3906864],[9.455906,51.3905939],[9.4560061,51.3905513],[9.4560485,51.3905338],[9.4560767,51.3905593]]}},{"type":"Feature","properties":{"way_id":226923290,"route_colors":[],"route_refs":["RT1","RT4"]},"geometry":{"type":"LineString","coordinates":[[9.4601769,51.3545665],[9.4602075,51.3545856],[9.4613568,51.3538356],[9.4613264,51.3538189],[9.4610344,51.3540108],[9.460289,51.3544976],[9.4601769,51.3545665]]}},{"type":"Feature","properties":{"way_id":263695171,"route_colors":[],"route_refs":["RT1","RT4"]},"geometry":{"type":"LineString","coordinates":[[9.4626514,51.3388043],[9.4626754,51.338786],[9.4631915,51.3390561],[9.4634283,51.339195],[9.4636261,51.3393111],[9.4637847,51.3394082],[9.4637577,51.3394255],[9.4635911,51.3393214],[9.4634057,51.3392104],[9.4633712,51.3391913],[9.4632035,51.3390939],[9.4631901,51.3391037],[9.4631076,51.3390578],[9.4631209,51.3390482],[9.462697,51.3388258],[9.462685,51.3388344],[9.462639,51.3388133],[9.4626514,51.3388043]]}},{"type":"Feature","properties":{"way_id":262578890,"route_colors":[],"route_refs":["RT1","RT4"]},"geometry":{"type":"LineString","coordinates":[[9.4518954,51.3248106],[9.4519379,51.3247617],[9.4519883,51.3246966],[9.4519926,51.3246911],[9.4520992,51.3245549],[9.4523289,51.324298],[9.4524707,51.3241369],[9.4526943,51.3239137],[9.452661,51.323903],[9.4524414,51.3241248],[9.4522917,51.3242844],[9.4522797,51.3242982],[9.452066,51.3245433],[9.4519619,51.3246695],[9.4519374,51.3246616],[9.4519169,51.3246549],[9.451909,51.3246641],[9.451837,51.324749],[9.4518616,51.3247564],[9.4518771,51.3247614],[9.4518517,51.3248009],[9.4518683,51.3248053],[9.4518954,51.3248106]]}},{"type":"Feature","properties":{"way_id":290825877,"route_colors":["#fbba00"],"route_refs":["RT1","RT4","RT5","7"]},"geometry":{"type":"LineString","coordinates":[[9.4914041,51.3156131],[9.4914346,51.3156316],[9.4924387,51.3162399],[9.4924526,51.3162309],[9.4924733,51.3162172],[9.4918074,51.3158085],[9.4914727,51.3156077],[9.4914399,51.3155887],[9.4914041,51.3156131]]}},{"type":"Feature","properties":{"way_id":184306769,"route_colors":["#fbba00"],"route_refs":["RT1","RT4","RT5","7"]},"geometry":{"type":"LineString","coordinates":[[9.4901474,51.3147997],[9.4900847,51.3147627],[9.4894664,51.3143905],[9.489216,51.3142398],[9.4892024,51.3142487],[9.489189,51.3142574],[9.4894394,51.3144081],[9.490059,51.3147811],[9.4901206,51.3148174],[9.4901474,51.3147997]]}},{"type":"Feature","properties":{"way_id":290825874,"route_colors":["#f08100","#00a5df"],"route_refs":["RT1","RT4","RT5","4","8"]},"geometry":{"type":"LineString","coordinates":[[9.4913319,51.3120891],[9.4911377,51.3122146],[9.4905473,51.3125963],[9.4905306,51.3126071],[9.4905047,51.3125915],[9.491306,51.3120734],[9.4913189,51.3120812],[9.4913319,51.3120891]]}},{"type":"Feature","properties":{"way_id":824463404,"route_colors":["#f08100","#00a5df","#95c11f","#00954b","#7f5ca3","#8a4f38"],"route_refs":["RT1","RT4","4","8","3","1","5","6"]},"geometry":{"type":"LineString","coordinates":[[9.492953,51.3127289],[9.4925845,51.3125022],[9.4925932,51.3124967],[9.4926066,51.3124881],[9.4929752,51.3127148],[9.4929591,51.312725],[9.492953,51.3127289]]}},{"type":"Feature","properties":{"way_id":824463401,"route_colors":["#f08100","#00a5df","#95c11f","#00954b","#7f5ca3","#8a4f38"],"route_refs":["RT1","RT4","4","8","3","1","5","6"]},"geometry":{"type":"LineString","coordinates":[[9.4957351,51.3144139],[9.4951163,51.3140414],[9.4951274,51.3140341],[9.4951413,51.3140251],[9.4957644,51.3143961],[9.4957506,51.3144045],[9.4957351,51.3144139]]}},{"type":"Feature","properties":{"way_id":824463400,"route_colors":["#f08100","#00a5df","#95c11f","#00954b","#7f5ca3","#8a4f38"],"route_refs":["RT1","RT4","4","8","3","1","5","6"]},"geometry":{"type":"LineString","coordinates":[[9.4983369,51.3159852],[9.4975149,51.315487],[9.4975301,51.3154773],[9.4975352,51.3154741],[9.4983561,51.3159728],[9.4983439,51.3159807],[9.4983369,51.3159852]]}},{"type":"Feature","properties":{"way_id":59486202,"route_colors":["#f08100","#00a5df","#95c11f","#00954b","#7f5ca3","#8a4f38"],"route_refs":["RT1","RT4","4","8","3","1","5","6"]},"geometry":{"type":"LineString","coordinates":[[9.4999632,51.3174859],[9.5001666,51.3177772],[9.5001548,51.3177804],[9.5001407,51.3177843],[9.4999365,51.3174934],[9.4999632,51.3174859]]}},{"type":"Feature","properties":{"way_id":59495983,"route_colors":["#00954b","#7f5ca3"],"route_refs":["RT1","RT4","1","5"]},"geometry":{"type":"LineString","coordinates":[[9.5021785,51.3207865],[9.5022061,51.3207814],[9.5022009,51.3207704],[9.5021638,51.3206919],[9.5021203,51.3206095],[9.502061,51.3205176],[9.5018276,51.3201866],[9.5018224,51.3201792],[9.501796,51.3201865],[9.5018012,51.3201939],[9.5020346,51.3205249],[9.5020935,51.3206162],[9.5021365,51.3206975],[9.5021731,51.320775],[9.5021785,51.3207865]]}},{"type":"Feature","properties":{"way_id":571104650,"route_colors":["#00954b","#7f5ca3"],"route_refs":["RT1","RT4","1","5"]},"geometry":{"type":"LineString","coordinates":[[9.4999987,51.327104],[9.5001191,51.3267152],[9.5001247,51.326697],[9.5000893,51.3266928],[9.5000839,51.3267106],[9.4999646,51.3270996],[9.4999987,51.327104]]}},{"type":"Feature","properties":{"way_id":363209304,"route_colors":["#00954b","#7f5ca3"],"route_refs":["RT1","RT4","1","5"]},"geometry":{"type":"LineString","coordinates":[[9.4983928,51.330741],[9.4984052,51.3307451],[9.4984469,51.3307209],[9.4984599,51.3307012],[9.4986261,51.3304499],[9.4986842,51.3303581],[9.4988313,51.3300718],[9.4988159,51.3300732],[9.4988005,51.3300782],[9.4987881,51.3300883],[9.498667,51.3303133],[9.4986198,51.3303914],[9.4985458,51.3305104],[9.498425,51.3306925],[9.4984126,51.3307111],[9.4983928,51.330741]]}},{"type":"Feature","properties":{"way_id":363207700,"route_colors":["#00954b","#7f5ca3"],"route_refs":["RT1","RT4","1","5"]},"geometry":{"type":"LineString","coordinates":[[9.4943617,51.3343393],[9.4943685,51.3343432],[9.4943969,51.3343403],[9.4944527,51.3343099],[9.4944838,51.3342891],[9.4951938,51.3338139],[9.4952371,51.3337849],[9.4952191,51.3337824],[9.4951974,51.3337856],[9.495185,51.3337901],[9.4951716,51.333799],[9.4944593,51.3342742],[9.4943617,51.3343393]]}},{"type":"Feature","properties":{"way_id":420840271,"route_colors":["#00954b","#7f5ca3"],"route_refs":["RT1","RT4","1","5"]},"geometry":{"type":"LineString","coordinates":[[9.4908491,51.336699],[9.4908686,51.3366866],[9.4908928,51.336702],[9.4908733,51.3367143],[9.4901935,51.3371229],[9.4901722,51.3371353],[9.4901492,51.3371217],[9.4901724,51.337108],[9.4908491,51.336699]]}},{"type":"Feature","properties":{"way_id":109412385,"route_colors":[],"route_refs":["RT1"]},"geometry":{"type":"LineString","coordinates":[[9.4023237,51.5429578],[9.4025333,51.5426197],[9.402658,51.5424061],[9.4027661,51.5421957],[9.4028225,51.5420344],[9.402847,51.541915],[9.4028727,51.5417379],[9.4028765,51.5413551]]}},{"type":"Feature","properties":{"way_id":458193682,"route_colors":[],"route_refs":["RT1"]},"geometry":{"type":"LineString","coordinates":[[9.4026317,51.5402341],[9.4027331,51.5404998],[9.4027975,51.5406949],[9.4028184,51.5407928],[9.4028545,51.5409698],[9.4028805,51.5411352],[9.4028765,51.5413551]]}},{"type":"Feature","properties":{"way_id":109424533,"route_colors":[],"route_refs":["RT1"]},"geometry":{"type":"LineString","coordinates":[[9.4026317,51.5402341],[9.4024003,51.5399284],[9.4022078,51.5397104]]}},{"type":"Feature","properties":{"way_id":458193683,"route_colors":[],"route_refs":["RT1"]},"geometry":{"type":"LineString","coordinates":[[9.4022078,51.5397104],[9.4021435,51.5396357],[9.4020054,51.5394709],[9.4016763,51.5391569],[9.4011614,51.538769],[9.400476,51.5384338]]}},{"type":"Feature","properties":{"way_id":291444677,"route_colors":[],"route_refs":["RT1"]},"geometry":{"type":"LineString","coordinates":[[9.400476,51.5384338],[9.396765,51.5365557],[9.3892846,51.5327113],[9.3882529,51.5321811],[9.3874496,51.5317204],[9.3868739,51.531269],[9.3863247,51.5307379],[9.3858631,51.5301656],[9.3857288,51.5299286],[9.3855678,51.5295861],[9.3853582,51.5289703],[9.3853111,51.5287211],[9.3852651,51.5283256],[9.385265,51.5280397],[9.3853,51.5276736],[9.3853508,51.5273714],[9.385463,51.5270361]]}},{"type":"Feature","properties":{"way_id":128974837,"route_colors":[],"route_refs":["RT1"]},"geometry":{"type":"LineString","coordinates":[[9.385463,51.5270361],[9.3860336,51.5257176],[9.3870765,51.5235907],[9.3901637,51.5169426],[9.3903721,51.5164276],[9.3905266,51.5159823],[9.3906476,51.5155788],[9.3907636,51.5151831],[9.3908717,51.5147984],[9.3909773,51.5144229],[9.3911929,51.5136742],[9.3915024,51.5126067],[9.3915517,51.5124346],[9.3916136,51.5122154],[9.3917253,51.5118306],[9.3919404,51.5110713],[9.392381,51.5095506],[9.3924545,51.5092739],[9.392537,51.5089927],[9.3926944,51.5084422],[9.3930129,51.5073356],[9.3934357,51.5058711],[9.3938879,51.5042609],[9.3939579,51.504016],[9.3939671,51.5039815],[9.3940297,51.5037482]]}},{"type":"Feature","properties":{"way_id":577208953,"route_colors":[],"route_refs":["RT1"]},"geometry":{"type":"LineString","coordinates":[[9.3940297,51.5037482],[9.3941807,51.5032259],[9.3943626,51.5025965],[9.3947353,51.5013044],[9.3949475,51.5006869],[9.3950186,51.5004804],[9.395155,51.5000825],[9.3953643,51.4994746],[9.3954779,51.4991576],[9.3957663,51.4983552],[9.3963609,51.4969778],[9.3968888,51.4957867]]}},{"type":"Feature","properties":{"way_id":577208955,"route_colors":[],"route_refs":["RT1"]},"geometry":{"type":"LineString","coordinates":[[9.3968888,51.4957867],[9.3973221,51.4949091],[9.397787,51.4939675],[9.3992617,51.4909605],[9.4004847,51.488521],[9.4017999,51.4857895],[9.4026649,51.4840091],[9.404,51.481348]]}},{"type":"Feature","properties":{"way_id":128974838,"route_colors":[],"route_refs":["RT1"]},"geometry":{"type":"LineString","coordinates":[[9.4043258,51.4806831],[9.404,51.481348]]}},{"type":"Feature","properties":{"way_id":291379433,"route_colors":[],"route_refs":["RT1"]},"geometry":{"type":"LineString","coordinates":[[9.4115966,51.4657771],[9.4100887,51.4688645],[9.4097691,51.4695994],[9.4090591,51.4710836],[9.4083699,51.4724476],[9.4081762,51.4728625],[9.407809,51.4736336],[9.4073456,51.4745944],[9.4065942,51.4759335],[9.4054911,51.4782841],[9.4043258,51.4806831]]}},{"type":"Feature","properties":{"way_id":1121492476,"route_colors":[],"route_refs":["RT1"]},"geometry":{"type":"LineString","coordinates":[[9.4116215,51.4657261],[9.4115966,51.4657771]]}},{"type":"Feature","properties":{"way_id":1121492477,"route_colors":[],"route_refs":["RT1"]},"geometry":{"type":"LineString","coordinates":[[9.4139937,51.4579689],[9.413902,51.4592768],[9.4138198,51.4603063],[9.4137431,51.4608457],[9.4136068,51.461363],[9.4135069,51.4617456],[9.4134,51.4620635],[9.4131115,51.4626645],[9.4118271,51.4653052],[9.4116215,51.4657261]]}},{"type":"Feature","properties":{"way_id":291379434,"route_colors":[],"route_refs":["RT1"]},"geometry":{"type":"LineString","coordinates":[[9.4139937,51.4579689],[9.4139995,51.4578472],[9.4140544,51.4569461],[9.4141206,51.4564238],[9.414239,51.4559527],[9.4143586,51.4554652],[9.414584,51.4549816],[9.4148568,51.4545271],[9.4152026,51.4540336],[9.4159068,51.4531658],[9.4165201,51.452333],[9.4169691,51.4516303],[9.4171217,51.4513998]]}},{"type":"Feature","properties":{"way_id":577208947,"route_colors":[],"route_refs":["RT1"]},"geometry":{"type":"LineString","coordinates":[[9.4171217,51.4513998],[9.4176521,51.4505056],[9.4177939,51.4502593],[9.4180595,51.4498871],[9.4185388,51.4492991],[9.4193318,51.4483531],[9.4199416,51.4476333],[9.4199608,51.4476106]]}},{"type":"Feature","properties":{"way_id":432234119,"route_colors":[],"route_refs":["RT1"]},"geometry":{"type":"LineString","coordinates":[[9.4199608,51.4476106],[9.4207523,51.4466283]]}},{"type":"Feature","properties":{"way_id":432234120,"route_colors":[],"route_refs":["RT1"]},"geometry":{"type":"LineString","coordinates":[[9.4207523,51.4466283],[9.4209442,51.4463697]]}},{"type":"Feature","properties":{"way_id":577208944,"route_colors":[],"route_refs":["RT1"]},"geometry":{"type":"LineString","coordinates":[[9.4209442,51.4463697],[9.4210396,51.4462407],[9.4211995,51.445982],[9.4212934,51.4458034],[9.4213752,51.4456255],[9.4214295,51.445497],[9.4214771,51.4453679],[9.4215187,51.4452333],[9.4215606,51.4450967]]}},{"type":"Feature","properties":{"way_id":291379437,"route_colors":[],"route_refs":["RT1"]},"geometry":{"type":"LineString","coordinates":[[9.4215606,51.4450967],[9.4215864,51.4450147],[9.4216086,51.4448948],[9.4216447,51.4444647],[9.4216531,51.4440137],[9.421636,51.4431076],[9.4215943,51.4419762],[9.4215755,51.441529],[9.4216109,51.4401006],[9.421644,51.4397818],[9.4216983,51.4395339],[9.4217792,51.4392826],[9.4218921,51.439026],[9.4220373,51.4387654],[9.4222707,51.4384362],[9.4225932,51.4380861],[9.4228159,51.4378789],[9.4231075,51.4376538],[9.4235092,51.4373914],[9.423856,51.4372099],[9.4241057,51.4370838],[9.4242458,51.4370207],[9.424369,51.4369709],[9.4248734,51.4367824],[9.4251182,51.4367084],[9.4253633,51.4366385],[9.4256325,51.4365721],[9.4259084,51.4365148],[9.4263031,51.4364505],[9.4265022,51.4364217],[9.426709,51.4363989],[9.4269884,51.4363736],[9.4271392,51.4363631],[9.4272951,51.4363551],[9.4276147,51.4363481],[9.4277843,51.4363456],[9.4279498,51.436351],[9.4281766,51.4363577],[9.4283945,51.4363711],[9.4286185,51.4363891],[9.4288427,51.4364116],[9.4291247,51.4364405],[9.4293859,51.4364755],[9.4311723,51.436729]]}},{"type":"Feature","properties":{"way_id":291377236,"route_colors":[],"route_refs":["RT1"]},"geometry":{"type":"LineString","coordinates":[[9.4311723,51.436729],[9.4350603,51.4372723],[9.4359441,51.4373797],[9.4366642,51.4374676],[9.4377063,51.4375145],[9.4384064,51.4375103],[9.4390615,51.4374796],[9.4399587,51.4373963],[9.4408371,51.437244],[9.446547,51.4360521],[9.4511923,51.4351001],[9.452493,51.4347914],[9.4533666,51.4345261],[9.4540258,51.4342886],[9.4546072,51.4340432],[9.4554648,51.4336374],[9.456773,51.4330039],[9.4594953,51.4316757],[9.460499,51.4312216],[9.4609116,51.4310133],[9.4614647,51.4307074],[9.4617442,51.430533],[9.462013,51.430349],[9.4623364,51.430112],[9.4626369,51.4298583],[9.462974,51.4295379],[9.4632935,51.4291841],[9.4634881,51.4289328],[9.4636644,51.4286776],[9.4637702,51.4285084],[9.4639092,51.4282629],[9.4640615,51.4279271],[9.4641752,51.427614],[9.4642492,51.4273754],[9.4642915,51.4272001],[9.4643437,51.4269631],[9.4643765,51.4266689],[9.4643809,51.4266278],[9.4643915,51.4263991],[9.4643931,51.4261779],[9.4643489,51.4257066],[9.4642414,51.4252199],[9.4640707,51.4247466],[9.4637362,51.4241639],[9.4634604,51.4237505],[9.4582689,51.4164313],[9.4579231,51.4158683],[9.4575583,51.4150961],[9.4573796,51.4145816],[9.4571783,51.4138304],[9.455579,51.4068157],[9.4549819,51.4041825],[9.4546356,51.4027761],[9.4544122,51.402317],[9.4541848,51.4019062],[9.4539269,51.4015038],[9.4526051,51.3996269],[9.4517262,51.3983539],[9.4514137,51.3978934],[9.4511682,51.3975068],[9.4509972,51.3971691],[9.450876,51.3968624]]}},{"type":"Feature","properties":{"way_id":291377203,"route_colors":[],"route_refs":["RT1"]},"geometry":{"type":"LineString","coordinates":[[9.4555596,51.3908008],[9.454906,51.3910757],[9.4542447,51.3913727],[9.4537064,51.3916263],[9.4532118,51.3919114],[9.4527603,51.3922121],[9.4523727,51.3925044],[9.4520431,51.3928009],[9.4517725,51.3930846],[9.4515335,51.3933686],[9.4512987,51.3936868],[9.4511216,51.3939772],[9.4509855,51.3942503],[9.4508569,51.3945952],[9.4507498,51.3949539],[9.450699,51.3952924],[9.4506729,51.3956509],[9.4506826,51.3960054],[9.4507326,51.3963148],[9.4508092,51.3966524],[9.450876,51.3968624]]}},{"type":"Feature","properties":{"way_id":577208943,"route_colors":[],"route_refs":["RT1"]},"geometry":{"type":"LineString","coordinates":[[9.4555596,51.3908008],[9.4566054,51.3903568],[9.4570437,51.3901752],[9.4573992,51.3900155]]}},{"type":"Feature","properties":{"way_id":26279745,"route_colors":[],"route_refs":["RT1"]},"geometry":{"type":"LineString","coordinates":[[9.4573992,51.3900155],[9.4579506,51.3897682],[9.4582927,51.389599],[9.4586754,51.389409],[9.4591404,51.3891286],[9.4595275,51.3888836],[9.4598466,51.3886295],[9.4601513,51.3883784],[9.4605923,51.3880153],[9.4608842,51.3876852],[9.4611325,51.3873893],[9.4614927,51.3868436],[9.4616644,51.3865279],[9.4619439,51.3859306],[9.4621311,51.3854011],[9.4622372,51.3848787],[9.4622908,51.3843832],[9.4623232,51.3839107],[9.4623267,51.3834848],[9.4622676,51.3829947],[9.462193,51.3825915],[9.4620543,51.3821005],[9.4618684,51.3816462],[9.4617149,51.3812442],[9.461542,51.3808886],[9.46135,51.3805716],[9.4611037,51.3801983],[9.4607993,51.3797969],[9.4604671,51.3793809],[9.4601768,51.3790699],[9.459789,51.3786889],[9.4593137,51.3782605],[9.4589064,51.3779294],[9.4581539,51.3773961],[9.457414,51.3768636],[9.4566811,51.3763335],[9.4560555,51.3758791],[9.4552012,51.3752731],[9.4537099,51.3741839],[9.4529828,51.3736539],[9.452665,51.3734255],[9.4526254,51.3733936]]}},{"type":"Feature","properties":{"way_id":26279739,"route_colors":[],"route_refs":["RT1"]},"geometry":{"type":"LineString","coordinates":[[9.4526254,51.3733936],[9.4524808,51.3732981]]}},{"type":"Feature","properties":{"way_id":291377219,"route_colors":[],"route_refs":["RT1"]},"geometry":{"type":"LineString","coordinates":[[9.4524808,51.3732981],[9.4507966,51.3720697],[9.4494461,51.3710992],[9.448501,51.3703929],[9.4480857,51.3700222],[9.4477209,51.3696343],[9.4475006,51.3693625],[9.4472909,51.3690785],[9.447116,51.3688207],[9.4469629,51.3685507],[9.446822,51.3682623],[9.4466965,51.3679726],[9.4465298,51.3674445],[9.4464684,51.3671866],[9.4464252,51.3668935],[9.4463995,51.3666246],[9.4463937,51.3663586],[9.446398,51.3661615]]}},{"type":"Feature","properties":{"way_id":500284165,"route_colors":[],"route_refs":["RT1"]},"geometry":{"type":"LineString","coordinates":[[9.446398,51.3661615],[9.4464048,51.3661041],[9.446425,51.3658226],[9.4464642,51.365544],[9.4465175,51.3652699],[9.4466878,51.3647239],[9.4468737,51.3642635],[9.4470913,51.363863],[9.4472022,51.3636948]]}},{"type":"Feature","properties":{"way_id":500284167,"route_colors":[],"route_refs":["RT1"]},"geometry":{"type":"LineString","coordinates":[[9.4472022,51.3636948],[9.4473165,51.3635258],[9.4476105,51.3631327],[9.4478255,51.3628905],[9.4482704,51.3624703],[9.4487625,51.3620728],[9.4492957,51.3617045]]}},{"type":"Feature","properties":{"way_id":26802488,"route_colors":[],"route_refs":["RT1"]},"geometry":{"type":"LineString","coordinates":[[9.4492957,51.3617045],[9.4493499,51.3616608],[9.4499229,51.3612987]]}},{"type":"Feature","properties":{"way_id":104500195,"route_colors":[],"route_refs":["RT1"]},"geometry":{"type":"LineString","coordinates":[[9.4499229,51.3612987],[9.4500477,51.3612155],[9.4501164,51.3611698]]}},{"type":"Feature","properties":{"way_id":500284174,"route_colors":[],"route_refs":["RT1"]},"geometry":{"type":"LineString","coordinates":[[9.4501164,51.3611698],[9.4513478,51.3603693]]}},{"type":"Feature","properties":{"way_id":308918242,"route_colors":[],"route_refs":["RT1"]},"geometry":{"type":"LineString","coordinates":[[9.4513478,51.3603693],[9.4513728,51.3603531],[9.4515656,51.3602291],[9.4527939,51.3594199],[9.4529145,51.3593424],[9.4534573,51.358993]]}},{"type":"Feature","properties":{"way_id":500284178,"route_colors":[],"route_refs":["RT1"]},"geometry":{"type":"LineString","coordinates":[[9.4534573,51.358993],[9.4538577,51.3587311]]}},{"type":"Feature","properties":{"way_id":404553069,"route_colors":[],"route_refs":["RT1"]},"geometry":{"type":"LineString","coordinates":[[9.4538577,51.3587311],[9.4552131,51.3578553]]}},{"type":"Feature","properties":{"way_id":587945534,"route_colors":[],"route_refs":["RT1","RT4"]},"geometry":{"type":"LineString","coordinates":[[9.4552131,51.3578553],[9.455285,51.3578049],[9.4553605,51.357752]]}},{"type":"Feature","properties":{"way_id":124105076,"route_colors":[],"route_refs":["RT1","RT4"]},"geometry":{"type":"LineString","coordinates":[[9.4553605,51.357752],[9.4565115,51.3570102],[9.4578173,51.3561616],[9.4595283,51.3550408],[9.4608561,51.3541787],[9.4617766,51.353581],[9.4630382,51.3527557],[9.4631504,51.3526826],[9.4632465,51.35262],[9.4635656,51.3523917],[9.4638712,51.3521686],[9.4641311,51.3519627],[9.4644925,51.3516588],[9.4648894,51.3512912],[9.4652758,51.3509028],[9.4656354,51.3504869],[9.4658428,51.350216],[9.4661147,51.3498393],[9.4663795,51.3494582],[9.4665666,51.3491451],[9.4667723,51.3487223]]}},{"type":"Feature","properties":{"way_id":31624141,"route_colors":[],"route_refs":["RT1","RT4"]},"geometry":{"type":"LineString","coordinates":[[9.4667723,51.3487223],[9.4668558,51.3485387]]}},{"type":"Feature","properties":{"way_id":27716999,"route_colors":[],"route_refs":["RT1","RT4"]},"geometry":{"type":"LineString","coordinates":[[9.4668558,51.3485387],[9.4670276,51.3481374],[9.4671533,51.3477108],[9.4672552,51.3473356],[9.4673193,51.3469602],[9.467383,51.3462454],[9.4673745,51.3456231],[9.4673422,51.3452719],[9.4673004,51.3448976],[9.4672082,51.344325],[9.4671358,51.3438144],[9.4670147,51.3433304],[9.4668649,51.3428442],[9.466703,51.3424466],[9.466366,51.3418605],[9.46611,51.3414898],[9.4657134,51.3410019]]}},{"type":"Feature","properties":{"way_id":500286482,"route_colors":[],"route_refs":["RT1","RT4"]},"geometry":{"type":"LineString","coordinates":[[9.4657134,51.3410019],[9.4653434,51.3406035],[9.4651231,51.3404043],[9.4648665,51.3401801],[9.4645932,51.339955],[9.4641171,51.3396013]]}},{"type":"Feature","properties":{"way_id":192347139,"route_colors":[],"route_refs":["RT1","RT4"]},"geometry":{"type":"LineString","coordinates":[[9.4641171,51.3396013],[9.4637864,51.3393898],[9.4636493,51.3393064]]}},{"type":"Feature","properties":{"way_id":500286483,"route_colors":[],"route_refs":["RT1","RT4"]},"geometry":{"type":"LineString","coordinates":[[9.4636493,51.3393064],[9.4633667,51.3391449],[9.4629959,51.3389331],[9.4625336,51.3386981]]}},{"type":"Feature","properties":{"way_id":502662716,"route_colors":[],"route_refs":["RT1","RT4"]},"geometry":{"type":"LineString","coordinates":[[9.4625336,51.3386981],[9.4619426,51.3384199],[9.4617644,51.338335]]}},{"type":"Feature","properties":{"way_id":509000929,"route_colors":[],"route_refs":["RT1","RT4"]},"geometry":{"type":"LineString","coordinates":[[9.4617644,51.338335],[9.4591006,51.3371078],[9.4583053,51.3367406],[9.4578546,51.3365318],[9.4574128,51.3363242],[9.4570573,51.3361473],[9.4567141,51.3359681],[9.4564088,51.3357979],[9.4561145,51.335622],[9.4558067,51.3354317],[9.4555088,51.3352417],[9.4549717,51.3348923],[9.4544569,51.3345528],[9.4542316,51.3343961],[9.4540132,51.3342396],[9.4537414,51.3340253],[9.45348,51.3338109],[9.4532552,51.3336139],[9.453044,51.3334136]]}},{"type":"Feature","properties":{"way_id":509000927,"route_colors":[],"route_refs":["RT1","RT4"]},"geometry":{"type":"LineString","coordinates":[[9.453044,51.3334136],[9.4528469,51.3332147],[9.4526638,51.333017],[9.4523631,51.3326634],[9.4521462,51.3323768],[9.4519765,51.3321304],[9.4518457,51.3319202],[9.4516269,51.3315324]]}},{"type":"Feature","properties":{"way_id":192347142,"route_colors":[],"route_refs":["RT1","RT4"]},"geometry":{"type":"LineString","coordinates":[[9.4516269,51.3315324],[9.4514932,51.3312555],[9.4513024,51.330773],[9.4512094,51.3305027],[9.4511256,51.3302312],[9.4509708,51.3296889],[9.4508844,51.3293497],[9.4508418,51.3291643],[9.4507876,51.3288708],[9.4507502,51.3285796],[9.4507279,51.3283085],[9.4507219,51.328041],[9.4507346,51.3277051],[9.4507727,51.3273728],[9.4508084,51.3271629],[9.450854,51.3269586],[9.4509526,51.3266085],[9.4510782,51.3262613],[9.4512449,51.3258885],[9.451375,51.3256431],[9.4515129,51.3254033],[9.4516792,51.3251454]]}},{"type":"Feature","properties":{"way_id":412522938,"route_colors":[],"route_refs":["RT1","RT4"]},"geometry":{"type":"LineString","coordinates":[[9.4516792,51.3251454],[9.4517925,51.3249847]]}},{"type":"Feature","properties":{"way_id":412522936,"route_colors":[],"route_refs":["RT1","RT4"]},"geometry":{"type":"LineString","coordinates":[[9.4517925,51.3249847],[9.4519269,51.3247981],[9.4520663,51.324624],[9.4522132,51.3244502],[9.4524278,51.3242088],[9.4525891,51.3240399],[9.4529057,51.3237378],[9.453211,51.323469],[9.4534558,51.3232727],[9.4536831,51.3230988],[9.4539741,51.322898],[9.4542662,51.3227117],[9.4548877,51.3223365]]}},{"type":"Feature","properties":{"way_id":19713507,"route_colors":[],"route_refs":["RT1","RT4"]},"geometry":{"type":"LineString","coordinates":[[9.4548877,51.3223365],[9.4551752,51.3221714]]}},{"type":"Feature","properties":{"way_id":19713508,"route_colors":[],"route_refs":["RT1","RT4"]},"geometry":{"type":"LineString","coordinates":[[9.4551752,51.3221714],[9.4552524,51.322129],[9.4556397,51.3219107],[9.4560415,51.3216957],[9.4563075,51.3215649],[9.4565316,51.3214644],[9.4568515,51.3213319]]}},{"type":"Feature","properties":{"way_id":24040350,"route_colors":[],"route_refs":["RT1","RT4"]},"geometry":{"type":"LineString","coordinates":[[9.4568515,51.3213319],[9.4573878,51.321144],[9.4580928,51.3209399]]}},{"type":"Feature","properties":{"way_id":24040351,"route_colors":[],"route_refs":["RT1","RT4"]},"geometry":{"type":"LineString","coordinates":[[9.4580928,51.3209399],[9.4584071,51.3208652],[9.4587229,51.3207964],[9.4590569,51.3207286],[9.4593848,51.3206714],[9.4597799,51.3206164],[9.4601863,51.3205689],[9.4606202,51.3205329],[9.4609946,51.3205098],[9.4613666,51.3204944],[9.4617942,51.3204833],[9.462219,51.3204805],[9.4653807,51.32045],[9.4669338,51.3204386],[9.4684866,51.3204116],[9.4695742,51.3203909],[9.4706936,51.3203673],[9.4714735,51.320355],[9.4717947,51.3203491],[9.4725402,51.3203451],[9.4727224,51.3203433],[9.4740014,51.3203333],[9.4750477,51.3203199],[9.4756028,51.3202925],[9.4758702,51.3202793]]}},{"type":"Feature","properties":{"way_id":59239160,"route_colors":[],"route_refs":["RT1","RT4"]},"geometry":{"type":"LineString","coordinates":[[9.4758702,51.3202793],[9.4765926,51.3202116],[9.4766159,51.3202089],[9.4772879,51.320132],[9.4784401,51.3199991],[9.4785803,51.3199829],[9.4791782,51.3199138],[9.4792771,51.3199028],[9.4801062,51.3197987],[9.4801295,51.3197944],[9.4822184,51.3194074],[9.4827387,51.319311]]}},{"type":"Feature","properties":{"way_id":234983669,"route_colors":[],"route_refs":["RT1","RT4","RT5"]},"geometry":{"type":"LineString","coordinates":[[9.4827387,51.319311],[9.4832809,51.3192083],[9.4832947,51.3192057],[9.4833105,51.3192027],[9.4842046,51.3190335]]}},{"type":"Feature","properties":{"way_id":244408868,"route_colors":[],"route_refs":["RT1","RT4","RT5"]},"geometry":{"type":"LineString","coordinates":[[9.4842046,51.3190335],[9.4849272,51.318898]]}},{"type":"Feature","properties":{"way_id":220387386,"route_colors":[],"route_refs":["RT1","RT4","RT5"]},"geometry":{"type":"LineString","coordinates":[[9.4849272,51.318898],[9.4850208,51.3188808],[9.4851401,51.3188588],[9.4860541,51.3186908],[9.4870235,51.3185125]]}},{"type":"Feature","properties":{"way_id":339829689,"route_colors":[],"route_refs":["RT1","RT4","RT5"]},"geometry":{"type":"LineString","coordinates":[[9.4870235,51.3185125],[9.4872226,51.3184698],[9.4873119,51.3184539]]}},{"type":"Feature","properties":{"way_id":481035921,"route_colors":[],"route_refs":["RT1","RT4","RT5"]},"geometry":{"type":"LineString","coordinates":[[9.4873119,51.3184539],[9.4874056,51.318436],[9.4880059,51.3183216]]}},{"type":"Feature","properties":{"way_id":407344015,"route_colors":[],"route_refs":["RT1","RT4","RT5"]},"geometry":{"type":"LineString","coordinates":[[9.4880059,51.3183216],[9.4885391,51.3182199],[9.4890318,51.3181259],[9.489061,51.3181204],[9.4892254,51.318089]]}},{"type":"Feature","properties":{"way_id":104506334,"route_colors":[],"route_refs":["RT1","RT4","RT5"]},"geometry":{"type":"LineString","coordinates":[[9.4892254,51.318089],[9.4892603,51.3180866],[9.4893186,51.3180826],[9.4895552,51.3180704]]}},{"type":"Feature","properties":{"way_id":104414207,"route_colors":[],"route_refs":["RT1","RT4","RT5"]},"geometry":{"type":"LineString","coordinates":[[9.4895552,51.3180704],[9.4897591,51.3180379],[9.4898769,51.3180127],[9.4899632,51.3179877],[9.4901719,51.3179146],[9.4903548,51.3178364]]}},{"type":"Feature","properties":{"way_id":285906362,"route_colors":[],"route_refs":["RT1","RT4","RT5"]},"geometry":{"type":"LineString","coordinates":[[9.4903548,51.3178364],[9.4906502,51.3176974],[9.4909396,51.317545],[9.4913362,51.3172774]]}},{"type":"Feature","properties":{"way_id":104497487,"route_colors":[],"route_refs":["RT1","RT4","RT5"]},"geometry":{"type":"LineString","coordinates":[[9.4913362,51.3172774],[9.4913415,51.3172739],[9.4922977,51.3166377]]}},{"type":"Feature","properties":{"way_id":404075094,"route_colors":[],"route_refs":["RT1","RT4","RT5"]},"geometry":{"type":"LineString","coordinates":[[9.4922977,51.3166377],[9.492504,51.3164991]]}},{"type":"Feature","properties":{"way_id":104416638,"route_colors":[],"route_refs":["RT1","RT4","RT5"]},"geometry":{"type":"LineString","coordinates":[[9.492504,51.3164991],[9.4925115,51.3164949],[9.4925319,51.3164723],[9.4925617,51.3164346],[9.4925753,51.3164037],[9.4925803,51.3163687],[9.4925808,51.3163356],[9.4925652,51.3162896],[9.4925522,51.3162603],[9.4925463,51.3162517],[9.4925397,51.3162421],[9.4925205,51.3162239],[9.4925141,51.3162201]]}},{"type":"Feature","properties":{"way_id":184258389,"route_colors":["#fbba00"],"route_refs":["RT1","RT4","RT5","7"]},"geometry":{"type":"LineString","coordinates":[[9.4925141,51.3162201],[9.4919056,51.315851],[9.4914883,51.3155983],[9.4903494,51.3149085],[9.4902539,51.3148505],[9.490096,51.3147546],[9.4896537,51.3144885],[9.4891932,51.3142113],[9.4891669,51.3141954],[9.4891399,51.3141792]]}},{"type":"Feature","properties":{"way_id":184258388,"route_colors":[],"route_refs":["RT1","RT4","RT5"]},"geometry":{"type":"LineString","coordinates":[[9.4891399,51.3141792],[9.4891117,51.3141609],[9.4890806,51.3141376]]}},{"type":"Feature","properties":{"way_id":419559499,"route_colors":[],"route_refs":["RT1","RT4","RT5"]},"geometry":{"type":"LineString","coordinates":[[9.4890806,51.3141376],[9.489034,51.3141014],[9.4890039,51.3140776],[9.4889746,51.3140424],[9.488964,51.3140199],[9.4889568,51.3139982],[9.4889536,51.3139657],[9.4889546,51.3139285],[9.4889583,51.3139023],[9.4889747,51.3138612],[9.4890202,51.3138072]]}},{"type":"Feature","properties":{"way_id":184258390,"route_colors":["#f08100","#00a5df"],"route_refs":["RT1","RT4","RT5","4","8"]},"geometry":{"type":"LineString","coordinates":[[9.4890202,51.3138072],[9.4890351,51.3137941],[9.4890658,51.3137673],[9.489607,51.3132928],[9.4899235,51.3130313],[9.4901755,51.3128511]]}},{"type":"Feature","properties":{"way_id":1504648316,"route_colors":["#f08100","#00a5df"],"route_refs":["RT1","RT4","RT5","4","8"]},"geometry":{"type":"LineString","coordinates":[[9.4901755,51.3128511],[9.4902961,51.3127721],[9.4904181,51.3126948]]}},{"type":"Feature","properties":{"way_id":185321639,"route_colors":["#f08100","#00a5df"],"route_refs":["RT1","RT4","RT5","4","8"]},"geometry":{"type":"LineString","coordinates":[[9.4904181,51.3126948],[9.4905005,51.312643],[9.4905724,51.312599],[9.4911531,51.3122216],[9.4913238,51.3121091]]}},{"type":"Feature","properties":{"way_id":407269793,"route_colors":["#f08100","#00a5df"],"route_refs":["RT1","RT4","4","8"]},"geometry":{"type":"LineString","coordinates":[[9.4913238,51.3121091],[9.4913423,51.3120987],[9.4913622,51.3120882],[9.4913794,51.3120786],[9.4913975,51.3120689],[9.4914348,51.3120524],[9.4914638,51.3120412],[9.4914938,51.3120322],[9.4915202,51.3120268],[9.4915535,51.3120219],[9.4915938,51.3120188],[9.4916205,51.312018],[9.4916464,51.3120192],[9.4916729,51.3120213],[9.4916898,51.3120234],[9.4917249,51.3120276],[9.491742,51.3120312],[9.4917701,51.3120381],[9.4917938,51.3120459],[9.4918138,51.3120544]]}},{"type":"Feature","properties":{"way_id":59140247,"route_colors":["#f08100","#00a5df","#95c11f","#00954b"],"route_refs":["RT1","RT4","4","8","3","1"]},"geometry":{"type":"LineString","coordinates":[[9.4918138,51.3120544],[9.4918321,51.3120653]]}},{"type":"Feature","properties":{"way_id":59244056,"route_colors":["#f08100","#00a5df","#95c11f","#00954b","#7f5ca3","#8a4f38"],"route_refs":["RT1","RT4","4","8","3","1","5","6"]},"geometry":{"type":"LineString","coordinates":[[9.4918321,51.3120653],[9.4918636,51.3120842],[9.4923835,51.3123964],[9.4927646,51.3126268],[9.4930678,51.3128102],[9.4944208,51.3136282],[9.4944707,51.3136584],[9.4951024,51.3140403],[9.4955373,51.3143033],[9.4958301,51.3144803],[9.497249,51.3153382],[9.497377,51.3154156],[9.4974971,51.3154882],[9.4979528,51.3157637],[9.4981569,51.3158871]]}},{"type":"Feature","properties":{"way_id":188673920,"route_colors":["#f08100","#00a5df","#95c11f","#00954b","#7f5ca3","#8a4f38"],"route_refs":["RT1","RT4","4","8","3","1","5","6"]},"geometry":{"type":"LineString","coordinates":[[9.4981569,51.3158871],[9.498332,51.3159951],[9.4984498,51.3160651],[9.4985923,51.3161516],[9.4989228,51.3163534],[9.4990931,51.3164586],[9.499154,51.3165012],[9.4992094,51.3165452],[9.4992593,51.3165919],[9.4993025,51.3166382],[9.4993388,51.3166841],[9.4993729,51.3167295],[9.4995145,51.3169351],[9.4997142,51.3172163]]}},{"type":"Feature","properties":{"way_id":119231808,"route_colors":["#f08100","#00a5df","#95c11f","#00954b","#7f5ca3","#8a4f38"],"route_refs":["RT1","RT4","4","8","3","1","5","6"]},"geometry":{"type":"LineString","coordinates":[[9.4997142,51.3172163],[9.4998804,51.3174555],[9.5000028,51.3176347],[9.5001203,51.3178054],[9.5001332,51.3178246]]}},{"type":"Feature","properties":{"way_id":185321664,"route_colors":["#00954b","#7f5ca3"],"route_refs":["RT1","RT4","1","5"]},"geometry":{"type":"LineString","coordinates":[[9.5001332,51.3178246],[9.5001939,51.3179091],[9.5002234,51.3179509],[9.5002275,51.3179584],[9.5002743,51.3180263],[9.5002835,51.3180402],[9.5002944,51.3180566],[9.5003354,51.3181155],[9.5003471,51.3181328],[9.5004286,51.3182477]]}},{"type":"Feature","properties":{"way_id":1504726592,"route_colors":["#00954b","#7f5ca3"],"route_refs":["RT1","RT4","1","5"]},"geometry":{"type":"LineString","coordinates":[[9.5004286,51.3182477],[9.5004467,51.3182747]]}},{"type":"Feature","properties":{"way_id":185321663,"route_colors":["#00954b","#7f5ca3"],"route_refs":["RT1","RT4","1","5"]},"geometry":{"type":"LineString","coordinates":[[9.5004467,51.3182747],[9.5004647,51.3183005]]}},{"type":"Feature","properties":{"way_id":119231805,"route_colors":["#00954b","#7f5ca3"],"route_refs":["RT1","RT4","1","5"]},"geometry":{"type":"LineString","coordinates":[[9.5004647,51.3183005],[9.5009325,51.3189701],[9.5011042,51.3192167]]}},{"type":"Feature","properties":{"way_id":185321665,"route_colors":["#00954b","#7f5ca3"],"route_refs":["RT1","RT4","1","5"]},"geometry":{"type":"LineString","coordinates":[[9.5011042,51.3192167],[9.5014307,51.3196822]]}},{"type":"Feature","properties":{"way_id":59495979,"route_colors":["#00954b","#7f5ca3"],"route_refs":["RT1","RT4","1","5"]},"geometry":{"type":"LineString","coordinates":[[9.5014307,51.3196822],[9.5017755,51.3201839],[9.5017857,51.3201984],[9.5020003,51.3205021],[9.5020853,51.3206347],[9.5021398,51.3207433],[9.5021541,51.3207786],[9.502189,51.3208648]]}},{"type":"Feature","properties":{"way_id":119231822,"route_colors":["#00954b","#7f5ca3"],"route_refs":["RT1","RT4","1","5"]},"geometry":{"type":"LineString","coordinates":[[9.502189,51.3208648],[9.5022149,51.320975]]}},{"type":"Feature","properties":{"way_id":119231800,"route_colors":["#00954b","#7f5ca3"],"route_refs":["RT1","RT4","1","5"]},"geometry":{"type":"LineString","coordinates":[[9.5022149,51.320975],[9.5022222,51.3210274],[9.5022281,51.3210793]]}},{"type":"Feature","properties":{"way_id":186518477,"route_colors":["#00954b","#7f5ca3"],"route_refs":["RT1","RT4","1","5"]},"geometry":{"type":"LineString","coordinates":[[9.5022281,51.3210793],[9.5022323,51.3211922],[9.5022284,51.3212996],[9.502217,51.3213938],[9.502193,51.3214825],[9.5021638,51.3215739],[9.5020508,51.3218505],[9.5014458,51.3231566],[9.5013199,51.3234292],[9.5010035,51.3241199],[9.5008755,51.3243971],[9.5006167,51.3249572],[9.5005622,51.3250896],[9.5005081,51.3252321],[9.5004375,51.3254473],[9.5001493,51.3264252],[9.5001162,51.3265373],[9.5000659,51.3267082],[9.5000042,51.3269176],[9.4997394,51.3277661],[9.4995547,51.3282714],[9.4994219,51.3286216],[9.4992861,51.3289578],[9.4991481,51.329291],[9.4989566,51.3297083],[9.4988468,51.3299394],[9.4986872,51.3302394],[9.498513,51.3305288],[9.498409,51.3306885],[9.4983341,51.330811],[9.4981052,51.3311401],[9.497714,51.3316688],[9.4975573,51.3318732],[9.4973916,51.3320784],[9.4972441,51.3322414],[9.4971181,51.3323722],[9.4970143,51.3324727],[9.4968466,51.3326241],[9.4966427,51.3327871],[9.4964468,51.3329315],[9.4962106,51.3330934],[9.4956462,51.3334702],[9.4951601,51.3337918],[9.4946174,51.3341508],[9.494448,51.3342673],[9.4942989,51.3343698],[9.4941855,51.3344475],[9.4938955,51.334646],[9.4931502,51.3351466],[9.4924048,51.3356527],[9.4916597,51.3361571],[9.4910236,51.3365726],[9.4909639,51.3366091],[9.490834,51.3366895],[9.4907996,51.3367108],[9.490559,51.3368592],[9.4901568,51.3370977],[9.4900863,51.3371376],[9.4891043,51.337728],[9.4888068,51.337877],[9.4885437,51.3379937],[9.4884227,51.3380416],[9.4882962,51.3380856],[9.4880772,51.3381556],[9.4835191,51.33945],[9.4833771,51.3394903],[9.4830963,51.3395524]]}},{"type":"Feature","properties":{"way_id":186518476,"route_colors":["#00954b","#7f5ca3"],"route_refs":["RT1","RT4","1","5"]},"geometry":{"type":"LineString","coordinates":[[9.4830963,51.3395524],[9.4828208,51.3396158],[9.482452,51.3397173],[9.4823917,51.339729],[9.4823005,51.3397434],[9.482224,51.3397527],[9.4822036,51.3397552],[9.48207,51.3397688],[9.4819082,51.3397852],[9.4818165,51.339795]]}},{"type":"Feature","properties":{"way_id":188677936,"route_colors":["#7f5ca3"],"route_refs":["RT1","RT4","5"]},"geometry":{"type":"LineString","coordinates":[[9.4818165,51.339795],[9.4811486,51.3398666]]}},{"type":"Feature","properties":{"way_id":420840272,"route_colors":["#00954b","#7f5ca3"],"route_refs":["RT1","RT4","1","5"]},"geometry":{"type":"LineString","coordinates":[[9.4900698,51.3370688],[9.4900926,51.337056],[9.4907679,51.3366477],[9.4907889,51.336635],[9.4908131,51.3366506],[9.4907923,51.3366631],[9.4901156,51.3370707],[9.4900949,51.3370833],[9.4900698,51.3370688]]}},{"type":"Feature","properties":{"way_id":363207701,"route_colors":["#00954b","#7f5ca3"],"route_refs":["RT1","RT4","1","5"]},"geometry":{"type":"LineString","coordinates":[[9.4943518,51.3342419],[9.4943477,51.3342525],[9.4943518,51.3342577],[9.4943683,51.3342571],[9.4943823,51.3342509],[9.494401,51.3342385],[9.4951148,51.3337642],[9.4951301,51.333754],[9.4951388,51.333745],[9.4951368,51.3337379],[9.4951301,51.3337298],[9.4950965,51.3337519],[9.4943782,51.3342246],[9.4943518,51.3342419]]}},{"type":"Feature","properties":{"way_id":363209303,"route_colors":["#00954b","#7f5ca3"],"route_refs":["RT1","RT4","1","5"]},"geometry":{"type":"LineString","coordinates":[[9.4983308,51.3307189],[9.4983178,51.3307154],[9.4983152,51.3306833],[9.4983235,51.3306671],[9.4983339,51.3306468],[9.498548,51.330303],[9.4987025,51.3300422],[9.498716,51.330051],[9.4987232,51.3300623],[9.4987201,51.3300752],[9.4985424,51.3303832],[9.498427,51.3305705],[9.4983586,51.3306759],[9.4983308,51.3307189]]}},{"type":"Feature","properties":{"way_id":571104649,"route_colors":["#00954b","#7f5ca3"],"route_refs":["RT1","RT4","1","5"]},"geometry":{"type":"LineString","coordinates":[[9.4998555,51.3271118],[9.4998863,51.3271164],[9.5000129,51.3267014],[9.5000182,51.3266835],[9.4999823,51.3266794],[9.4999771,51.3266967],[9.4998555,51.3271118]]}},{"type":"Feature","properties":{"way_id":59495978,"route_colors":["#00954b","#7f5ca3"],"route_refs":["RT1","RT4","1","5"]},"geometry":{"type":"LineString","coordinates":[[9.5020918,51.3208032],[9.5020864,51.3207911],[9.5020466,51.3207022],[9.5020003,51.3206182],[9.5019199,51.320493],[9.5017219,51.3202165],[9.5017039,51.3201914],[9.501678,51.3201986],[9.5016961,51.3202239],[9.5018941,51.3205003],[9.5019741,51.3206248],[9.5020199,51.3207079],[9.5020592,51.3207958],[9.5020647,51.320808],[9.5020918,51.3208032]]}},{"type":"Feature","properties":{"way_id":59486221,"route_colors":["#00954b","#7f5ca3"],"route_refs":["RT1","RT4","1","5"]},"geometry":{"type":"LineString","coordinates":[[9.5003582,51.3183128],[9.5008342,51.3189982],[9.5008548,51.3190278],[9.5008913,51.3190179],[9.5008705,51.3189879],[9.5003947,51.3183029],[9.5003751,51.3183083],[9.5003582,51.3183128]]}},{"type":"Feature","properties":{"way_id":824463399,"route_colors":["#f08100","#00a5df","#95c11f","#00954b","#7f5ca3","#8a4f38"],"route_refs":["RT1","RT4","4","8","3","1","5","6"]},"geometry":{"type":"LineString","coordinates":[[9.4982584,51.3160315],[9.4974367,51.3155334],[9.4974523,51.3155234],[9.4974564,51.3155207],[9.4982783,51.3160187],[9.4982702,51.3160239],[9.4982584,51.3160315]]}},{"type":"Feature","properties":{"way_id":824463403,"route_colors":["#f08100","#00a5df","#95c11f","#00954b","#7f5ca3","#8a4f38"],"route_refs":["RT1","RT4","4","8","3","1","5","6"]},"geometry":{"type":"LineString","coordinates":[[9.4922205,51.3123804],[9.4919036,51.3121901],[9.4919202,51.3121793],[9.491924,51.3121769],[9.4922408,51.3123672],[9.4922349,51.3123711],[9.4922205,51.3123804]]}},{"type":"Feature","properties":{"way_id":290825873,"route_colors":["#f08100","#00a5df"],"route_refs":["RT1","RT4","RT5","4","8"]},"geometry":{"type":"LineString","coordinates":[[9.490638,51.3126148],[9.4906637,51.3126304],[9.4906825,51.3126183],[9.4914279,51.3121372],[9.4914156,51.3121297],[9.4914023,51.3121216],[9.4908011,51.3125096],[9.490648,51.3126084],[9.490638,51.3126148]]}},{"type":"Feature","properties":{"way_id":184306767,"route_colors":[],"route_refs":["RT1","RT4","RT5"]},"geometry":{"type":"LineString","coordinates":[[9.4901992,51.3147641],[9.4902279,51.3147462],[9.4901638,51.3147059],[9.489292,51.3141776],[9.4892774,51.314187],[9.4892638,51.3141957],[9.4901372,51.3147251],[9.4901992,51.3147641]]}},{"type":"Feature","properties":{"way_id":290825878,"route_colors":[],"route_refs":["RT1","RT4","RT5"]},"geometry":{"type":"LineString","coordinates":[[9.4914961,51.3155523],[9.4915293,51.3155724],[9.492531,51.3161768],[9.4925443,51.3161691],[9.4925599,51.316159],[9.4915602,51.3155533],[9.4915263,51.3155327],[9.4914961,51.3155523]]}},{"type":"Feature","properties":{"way_id":262578873,"route_colors":[],"route_refs":["RT1","RT4"]},"geometry":{"type":"LineString","coordinates":[[9.4519798,51.3248449],[9.45199,51.3248321],[9.4521609,51.3246161],[9.4523714,51.324371],[9.4525552,51.3241753],[9.4526665,51.32406],[9.4527872,51.3239352],[9.4528109,51.323943],[9.4528243,51.32395],[9.4527029,51.3240745],[9.4525921,51.3241892],[9.4524087,51.3243846],[9.4521989,51.3246288],[9.4520987,51.3247555],[9.4521764,51.3247795],[9.4520962,51.3248808],[9.4520093,51.3249974],[9.4519766,51.3249877],[9.4520634,51.3248711],[9.4520378,51.3248631],[9.4520129,51.3248553],[9.4519798,51.3248449]]}},{"type":"Feature","properties":{"way_id":263695172,"route_colors":[],"route_refs":["RT1","RT4"]},"geometry":{"type":"LineString","coordinates":[[9.4627505,51.3387112],[9.4627655,51.3387191],[9.462873,51.3387719],[9.462951,51.3388115],[9.4632406,51.338966],[9.4632541,51.3389563],[9.4633382,51.3390023],[9.4633238,51.3390124],[9.463587,51.3391602],[9.4636129,51.3391792],[9.4636439,51.3391975],[9.4637762,51.339282],[9.4639209,51.3393709],[9.4638978,51.3393853],[9.4637296,51.33929],[9.4635791,51.3391999],[9.4632611,51.3390095],[9.4626652,51.3386974],[9.4626865,51.3386806],[9.4627505,51.3387112]]}},{"type":"Feature","properties":{"way_id":263964257,"route_colors":[],"route_refs":["RT1"]},"geometry":{"type":"LineString","coordinates":[[9.4525211,51.35969],[9.452557,51.3597115],[9.4524393,51.3597881],[9.4524143,51.3598043],[9.4514412,51.3604367],[9.4514045,51.3604146],[9.4523769,51.3597835],[9.4525211,51.35969]]}},{"type":"Feature","properties":{"way_id":263980528,"route_colors":[],"route_refs":["RT1"]},"geometry":{"type":"LineString","coordinates":[[9.4557843,51.3908361],[9.4557027,51.390871],[9.4543831,51.3914345],[9.4544119,51.3914607],[9.4557313,51.3908974],[9.4558131,51.3908624],[9.4557843,51.3908361]]}},{"type":"Feature","properties":{"way_id":230718403,"route_colors":[],"route_refs":["RT1"]},"geometry":{"type":"LineString","coordinates":[[9.4644909,51.426709],[9.4644774,51.4268148],[9.4644367,51.4270853],[9.4643756,51.4273366],[9.4642894,51.4276276],[9.4641583,51.4279653],[9.4640356,51.4282136],[9.46408,51.4282208],[9.4641577,51.4280615],[9.4642375,51.4278843],[9.46431,51.4277061],[9.4643676,51.4275402],[9.4644307,51.4273478],[9.4644756,51.4271635],[9.4645037,51.4269987],[9.4645267,51.4268167],[9.46454,51.4267111],[9.4644909,51.426709]]}},{"type":"Feature","properties":{"way_id":188677935,"route_colors":["#00954b","#7f5ca3"],"route_refs":["RT1","RT4","1","5"]},"geometry":{"type":"LineString","coordinates":[[9.4813741,51.3401202],[9.4815458,51.3400066],[9.4816167,51.339962],[9.4816949,51.3399128],[9.4817963,51.3398733],[9.4818854,51.3398408],[9.4819897,51.3398255],[9.482036,51.3398214],[9.4822321,51.3398039],[9.4823944,51.33977],[9.4827859,51.3396602],[9.4828885,51.33963],[9.482982,51.3395929],[9.4830963,51.3395524]]}},{"type":"Feature","properties":{"way_id":185321651,"route_colors":["#00954b","#7f5ca3"],"route_refs":["RT1","RT4","1","5"]},"geometry":{"type":"LineString","coordinates":[[9.4830963,51.3395524],[9.4833214,51.3394702],[9.4833571,51.3394615],[9.4834981,51.339421],[9.4837436,51.3393506],[9.4880557,51.338129],[9.4881693,51.3380953],[9.4882802,51.3380599],[9.4884021,51.3380181],[9.488525,51.3379696],[9.4886012,51.3379375],[9.4887766,51.3378558],[9.4889112,51.3377888],[9.4890843,51.3376988],[9.4895025,51.3374558],[9.4900583,51.3371196],[9.490127,51.3370782],[9.4905337,51.3368355],[9.4906259,51.3367805],[9.490802,51.3366692],[9.4909073,51.3366014],[9.4909675,51.3365644],[9.4916283,51.3361388],[9.4923735,51.3356348],[9.4931206,51.3351216],[9.493868,51.3346239],[9.4940776,51.3344769],[9.4941498,51.3344274],[9.4942638,51.3343491],[9.4944157,51.3342475],[9.49489,51.33393],[9.4951268,51.3337714],[9.4956006,51.3334543],[9.4961717,51.3330747],[9.4964086,51.332913],[9.4966111,51.3327649],[9.4968045,51.3326099],[9.496968,51.33246],[9.4970737,51.3323552],[9.4972011,51.3322246],[9.4973493,51.3320624],[9.4975117,51.3318585],[9.4976632,51.3316566],[9.4980527,51.3311257],[9.4982925,51.3308022],[9.4983706,51.3306789],[9.4984159,51.3306116],[9.4984912,51.3304901],[9.4985773,51.3303577],[9.498651,51.3302253],[9.4987354,51.3300766],[9.4987988,51.3299415],[9.4989178,51.3296979],[9.4991078,51.3292792],[9.4992475,51.3289495],[9.4993804,51.3286159],[9.4995084,51.3282809],[9.4996916,51.3277649],[9.4998049,51.3274356],[9.4998651,51.3272582],[9.4999139,51.3270868],[9.4999893,51.3268437],[9.5000292,51.3267035],[9.5000789,51.3265294],[9.5001107,51.32642],[9.5001501,51.3262796],[9.5003956,51.3254407],[9.50047,51.3252218],[9.5005217,51.3250831],[9.5005771,51.324949],[9.5008347,51.3243906],[9.5009633,51.3241118],[9.5012787,51.3234211],[9.5014039,51.3231487],[9.5020051,51.3218442],[9.5020742,51.321673],[9.502131,51.3215264],[9.5021476,51.3214761],[9.5021704,51.3213866],[9.5021837,51.3212862],[9.5021864,51.3211909],[9.5021741,51.3210347],[9.5021645,51.3209855]]}},{"type":"Feature","properties":{"way_id":201754014,"route_colors":["#00954b","#7f5ca3"],"route_refs":["RT1","RT4","1","5"]},"geometry":{"type":"LineString","coordinates":[[9.5021645,51.3209855],[9.5021432,51.3209053],[9.5021028,51.320788],[9.5020954,51.3207664],[9.5020315,51.3206389],[9.5019484,51.3205133],[9.5017418,51.3202108],[9.5016562,51.3200854],[9.5015573,51.319942]]}},{"type":"Feature","properties":{"way_id":401637604,"route_colors":["#00954b","#7f5ca3"],"route_refs":["RT1","RT4","1","5"]},"geometry":{"type":"LineString","coordinates":[[9.5015573,51.319942],[9.5015106,51.3198743],[9.5014,51.3197129],[9.5011243,51.3193276],[9.5009665,51.3191]]}},{"type":"Feature","properties":{"way_id":1504726594,"route_colors":["#00954b","#7f5ca3"],"route_refs":["RT1","RT4","1","5"]},"geometry":{"type":"LineString","coordinates":[[9.5009665,51.3191],[9.5008849,51.3189837],[9.500415,51.3183093],[9.5003967,51.3182828]]}},{"type":"Feature","properties":{"way_id":185321649,"route_colors":["#00954b","#7f5ca3"],"route_refs":["RT1","RT4","1","5"]},"geometry":{"type":"LineString","coordinates":[[9.5003967,51.3182828],[9.5003811,51.3182607],[9.500301,51.318145],[9.5002886,51.3181285],[9.5002479,51.3180689],[9.5002366,51.3180531],[9.5002273,51.3180394],[9.5001799,51.3179702],[9.5001751,51.3179644],[9.5001444,51.3179203],[9.5001059,51.3178631]]}},{"type":"Feature","properties":{"way_id":185321645,"route_colors":["#f08100","#00a5df","#95c11f","#00954b","#7f5ca3","#8a4f38"],"route_refs":["RT1","RT4","4","8","3","1","5","6"]},"geometry":{"type":"LineString","coordinates":[[9.5001059,51.3178631],[9.5000731,51.3178184],[9.5000603,51.317801]]}},{"type":"Feature","properties":{"way_id":185321657,"route_colors":["#f08100","#00a5df","#95c11f","#00954b","#7f5ca3","#8a4f38"],"route_refs":["RT1","RT4","4","8","3","1","5","6"]},"geometry":{"type":"LineString","coordinates":[[9.5000603,51.317801],[9.4994622,51.3169483],[9.4993215,51.3167402],[9.49929,51.3166968],[9.499254,51.316653],[9.4992112,51.3166066],[9.4991614,51.3165613],[9.4991076,51.3165157],[9.4990459,51.3164732],[9.4986768,51.316248]]}},{"type":"Feature","properties":{"way_id":844670045,"route_colors":["#f08100","#00a5df","#95c11f","#00954b","#7f5ca3","#8a4f38"],"route_refs":["RT1","RT4","4","8","3","1","5","6"]},"geometry":{"type":"LineString","coordinates":[[9.4986768,51.316248],[9.4985615,51.3161777],[9.4984125,51.316088],[9.4982988,51.3160173],[9.497919,51.3157873],[9.4976449,51.3156213]]}},{"type":"Feature","properties":{"way_id":188673921,"route_colors":["#f08100","#00a5df","#95c11f","#00954b","#7f5ca3","#8a4f38"],"route_refs":["RT1","RT4","4","8","3","1","5","6"]},"geometry":{"type":"LineString","coordinates":[[9.4976449,51.3156213],[9.4974608,51.3155099],[9.4973399,51.3154368],[9.4972152,51.3153611],[9.4957925,51.3145006],[9.495068,51.3140623],[9.4946132,51.3137871],[9.4944355,51.3136804],[9.4930354,51.312833],[9.4923738,51.3124329]]}},{"type":"Feature","properties":{"way_id":188637348,"route_colors":["#f08100","#00a5df"],"route_refs":["RT1","RT4","4","8"]},"geometry":{"type":"LineString","coordinates":[[9.4923738,51.3124329],[9.4923492,51.3124182],[9.4920681,51.3122503],[9.4918285,51.3121054],[9.4918154,51.3120971],[9.4918012,51.3120894]]}},{"type":"Feature","properties":{"way_id":1504648327,"route_colors":["#f08100","#00a5df"],"route_refs":["RT1","RT4","4","8"]},"geometry":{"type":"LineString","coordinates":[[9.4918012,51.3120894],[9.4917875,51.3120838],[9.4917665,51.3120768],[9.4917332,51.3120689],[9.4916958,51.3120626],[9.4916573,51.3120593],[9.4916179,51.3120579],[9.4915863,51.3120591],[9.4915528,51.3120625],[9.4915163,51.3120674],[9.4914757,51.3120756],[9.4914411,51.3120868],[9.4914147,51.3120977],[9.491397,51.3121069]]}},{"type":"Feature","properties":{"way_id":1504648320,"route_colors":["#f08100","#00a5df"],"route_refs":["RT1","RT4","4","8"]},"geometry":{"type":"LineString","coordinates":[[9.491397,51.3121069],[9.491344,51.3121397]]}},{"type":"Feature","properties":{"way_id":1504648317,"route_colors":["#f08100","#00a5df"],"route_refs":["RT1","RT4","RT5","4","8"]},"geometry":{"type":"LineString","coordinates":[[9.491344,51.3121397],[9.4913002,51.3121678]]}},{"type":"Feature","properties":{"way_id":184258392,"route_colors":["#f08100","#00a5df"],"route_refs":["RT1","RT4","RT5","4","8"]},"geometry":{"type":"LineString","coordinates":[[9.4913002,51.3121678],[9.4909262,51.3124116],[9.4907881,51.3125014],[9.4906292,51.3126065],[9.4905719,51.3126451],[9.4903488,51.3127921],[9.4899604,51.3130492],[9.4896457,51.31331],[9.4895123,51.3134218]]}},{"type":"Feature","properties":{"way_id":184258387,"route_colors":[],"route_refs":["RT1","RT4","RT5"]},"geometry":{"type":"LineString","coordinates":[[9.4895123,51.3134218],[9.4895076,51.3134261],[9.4891112,51.313791],[9.489082,51.3138179],[9.4890158,51.3138788]]}},{"type":"Feature","properties":{"way_id":407269790,"route_colors":[],"route_refs":["RT1","RT4","RT5"]},"geometry":{"type":"LineString","coordinates":[[9.4890158,51.3138788],[9.4890072,51.3139238],[9.4890036,51.3139562],[9.4890054,51.313978],[9.4890074,51.3139894],[9.4890197,51.3140242],[9.4890363,51.3140518],[9.4890684,51.3140871],[9.4891093,51.3141168],[9.4891643,51.3141586]]}},{"type":"Feature","properties":{"way_id":184258393,"route_colors":[],"route_refs":["RT1","RT4","RT5"]},"geometry":{"type":"LineString","coordinates":[[9.4891643,51.3141586],[9.4891943,51.3141764],[9.489221,51.3141922],[9.4896878,51.3144686],[9.4901267,51.3147326],[9.4902828,51.3148269],[9.4903809,51.3148861],[9.4915236,51.3155762],[9.4920817,51.3159132],[9.4923446,51.316072],[9.4925387,51.3161912],[9.4925501,51.3161982]]}},{"type":"Feature","properties":{"way_id":104416635,"route_colors":[],"route_refs":["RT1","RT4","RT5"]},"geometry":{"type":"LineString","coordinates":[[9.4925501,51.3161982],[9.4925566,51.3162022],[9.4925776,51.3162171],[9.492587,51.316226],[9.4925941,51.3162328],[9.4926095,51.3162499],[9.4926222,51.3162669],[9.4926497,51.3163245],[9.4926515,51.3163796],[9.4926438,51.3164048],[9.4926336,51.3164308],[9.4926288,51.316438],[9.4926083,51.3164653],[9.4925755,51.3164963],[9.4925514,51.3165181],[9.4925441,51.3165223]]}},{"type":"Feature","properties":{"way_id":104497572,"route_colors":[],"route_refs":["RT1","RT4","RT5"]},"geometry":{"type":"LineString","coordinates":[[9.4925441,51.3165223],[9.4923391,51.3166573]]}},{"type":"Feature","properties":{"way_id":848664855,"route_colors":[],"route_refs":["RT1","RT4","RT5"]},"geometry":{"type":"LineString","coordinates":[[9.4923391,51.3166573],[9.4916775,51.3170933]]}},{"type":"Feature","properties":{"way_id":404075095,"route_colors":[],"route_refs":["RT1","RT4","RT5"]},"geometry":{"type":"LineString","coordinates":[[9.4916775,51.3170933],[9.4913775,51.3172942],[9.4913715,51.3172982]]}},{"type":"Feature","properties":{"way_id":23698356,"route_colors":[],"route_refs":["RT1","RT4","RT5"]},"geometry":{"type":"LineString","coordinates":[[9.4913715,51.3172982],[9.4909728,51.3175731],[9.4906825,51.317723],[9.490371,51.3178667],[9.4901873,51.3179465],[9.4899905,51.3180229],[9.489903,51.3180525],[9.4897976,51.3180809],[9.4896399,51.3181177],[9.4895564,51.318133]]}},{"type":"Feature","properties":{"way_id":104414177,"route_colors":[],"route_refs":["RT1","RT4"]},"geometry":{"type":"LineString","coordinates":[[9.4895564,51.318133],[9.4890636,51.3181912]]}},{"type":"Feature","properties":{"way_id":572458734,"route_colors":[],"route_refs":["RT1","RT4"]},"geometry":{"type":"LineString","coordinates":[[9.4890636,51.3181912],[9.4889702,51.3182089],[9.4889594,51.3182109],[9.4885784,51.3182832]]}},{"type":"Feature","properties":{"way_id":220387390,"route_colors":[],"route_refs":["RT1","RT4"]},"geometry":{"type":"LineString","coordinates":[[9.4885784,51.3182832],[9.4880377,51.3183857]]}},{"type":"Feature","properties":{"way_id":837267022,"route_colors":[],"route_refs":["RT1","RT4"]},"geometry":{"type":"LineString","coordinates":[[9.4880377,51.3183857],[9.4879692,51.3183987]]}},{"type":"Feature","properties":{"way_id":481035920,"route_colors":[],"route_refs":["RT1","RT4"]},"geometry":{"type":"LineString","coordinates":[[9.4879692,51.3183987],[9.4874301,51.3185009],[9.4873248,51.3185209]]}},{"type":"Feature","properties":{"way_id":407344013,"route_colors":[],"route_refs":["RT1","RT4"]},"geometry":{"type":"LineString","coordinates":[[9.4873248,51.3185209],[9.4872533,51.3185353],[9.4870784,51.3185733]]}},{"type":"Feature","properties":{"way_id":220387388,"route_colors":[],"route_refs":["RT1","RT4"]},"geometry":{"type":"LineString","coordinates":[[9.4870784,51.3185733],[9.4869438,51.3186055],[9.4867989,51.3186441],[9.4866964,51.3186731],[9.486503,51.3187249],[9.4862612,51.3187853],[9.4855678,51.3189382],[9.4848361,51.3190841]]}},{"type":"Feature","properties":{"way_id":244410489,"route_colors":[],"route_refs":["RT1","RT4"]},"geometry":{"type":"LineString","coordinates":[[9.4848361,51.3190841],[9.4845434,51.3191415],[9.4843386,51.3191792]]}},{"type":"Feature","properties":{"way_id":104414209,"route_colors":[],"route_refs":["RT1","RT4"]},"geometry":{"type":"LineString","coordinates":[[9.4843386,51.3191792],[9.4830947,51.3194097],[9.4825422,51.3195021],[9.4825202,51.3195058],[9.4820448,51.3195854],[9.4816549,51.3196441]]}},{"type":"Feature","properties":{"way_id":234984453,"route_colors":[],"route_refs":["RT1","RT4"]},"geometry":{"type":"LineString","coordinates":[[9.4816549,51.3196441],[9.4812192,51.3197075]]}},{"type":"Feature","properties":{"way_id":234984454,"route_colors":[],"route_refs":["RT1","RT4","RT5"]},"geometry":{"type":"LineString","coordinates":[[9.4812192,51.3197075],[9.4811936,51.3197114],[9.4810996,51.3197257]]}},{"type":"Feature","properties":{"way_id":104505615,"route_colors":[],"route_refs":["RT1","RT4"]},"geometry":{"type":"LineString","coordinates":[[9.4810996,51.3197257],[9.4808077,51.3197692],[9.4803163,51.3198286],[9.4794151,51.3199316],[9.4793219,51.3199423],[9.4785907,51.3200256]]}},{"type":"Feature","properties":{"way_id":104407687,"route_colors":[],"route_refs":["RT1","RT4"]},"geometry":{"type":"LineString","coordinates":[[9.4785907,51.3200256],[9.4773053,51.3201743],[9.4767102,51.3202415],[9.476312,51.3202839],[9.4762694,51.3202876],[9.4758953,51.3203205],[9.4752404,51.3203539],[9.4750351,51.3203617],[9.4741273,51.3203669],[9.4739855,51.3203678],[9.4728233,51.32038],[9.4727815,51.3203806],[9.4721834,51.3203852],[9.4684952,51.3204473],[9.4684897,51.3204469],[9.4669318,51.3204725],[9.4653698,51.3204868],[9.4622192,51.3205102],[9.4613711,51.3205246],[9.460621,51.3205641],[9.4601811,51.3206063],[9.4597674,51.3206554],[9.4593902,51.3207134],[9.4590823,51.3207675],[9.4587777,51.3208268],[9.4584909,51.320892],[9.458225,51.3209552]]}},{"type":"Feature","properties":{"way_id":104407680,"route_colors":[],"route_refs":["RT1","RT4"]},"geometry":{"type":"LineString","coordinates":[[9.458225,51.3209552],[9.4574262,51.3211824],[9.4569332,51.3213542]]}},{"type":"Feature","properties":{"way_id":104407690,"route_colors":[],"route_refs":["RT1","RT4"]},"geometry":{"type":"LineString","coordinates":[[9.4569332,51.3213542],[9.4566184,51.3214765],[9.4563722,51.3215828],[9.4560924,51.3217205],[9.4556867,51.321938],[9.455297,51.3221555],[9.4552183,51.3221981]]}},{"type":"Feature","properties":{"way_id":104407689,"route_colors":[],"route_refs":["RT1","RT4"]},"geometry":{"type":"LineString","coordinates":[[9.4552183,51.3221981],[9.4549253,51.322363]]}},{"type":"Feature","properties":{"way_id":412522937,"route_colors":[],"route_refs":["RT1","RT4"]},"geometry":{"type":"LineString","coordinates":[[9.4549253,51.322363],[9.4542826,51.3227522],[9.4539621,51.3229628],[9.4537857,51.3230853],[9.4536026,51.3232165],[9.4532619,51.3234864],[9.4529548,51.3237533],[9.4526665,51.3240296],[9.4525263,51.3241711],[9.4525085,51.3241919],[9.4523329,51.3243841],[9.4522641,51.3244635],[9.4521481,51.3245988],[9.4520174,51.324764],[9.4519606,51.3248357],[9.4518997,51.3249155],[9.451838,51.3250008]]}},{"type":"Feature","properties":{"way_id":412522939,"route_colors":[],"route_refs":["RT1","RT4"]},"geometry":{"type":"LineString","coordinates":[[9.451838,51.3250008],[9.4517386,51.325143]]}},{"type":"Feature","properties":{"way_id":192347141,"route_colors":[],"route_refs":["RT1","RT4"]},"geometry":{"type":"LineString","coordinates":[[9.4517386,51.325143],[9.4515691,51.3254083],[9.451428,51.3256498],[9.451301,51.3258944],[9.451134,51.326265],[9.4510069,51.3266094],[9.4509077,51.3269653],[9.4508627,51.3271671],[9.4508272,51.3273733],[9.450791,51.3277034],[9.4507745,51.3280353],[9.4507829,51.328308],[9.4508038,51.3285744],[9.4508412,51.328867],[9.4508963,51.3291584],[9.4509365,51.3293463],[9.4510238,51.3296797],[9.4511222,51.3299786],[9.4512283,51.330277],[9.4514414,51.330782],[9.4515869,51.3310746],[9.4517461,51.3313665],[9.4518213,51.331491]]}},{"type":"Feature","properties":{"way_id":509000928,"route_colors":[],"route_refs":["RT1","RT4"]},"geometry":{"type":"LineString","coordinates":[[9.4518213,51.331491],[9.4520676,51.3318832],[9.4522226,51.3321011],[9.4523841,51.3323151],[9.4526045,51.3326057],[9.4528207,51.3328657],[9.4530553,51.3331252],[9.4533565,51.3334401],[9.4536755,51.3337524],[9.454195,51.3342124],[9.454591,51.3345306],[9.4550111,51.3348427],[9.4552736,51.3350296],[9.4555542,51.3352159],[9.4558429,51.3354037],[9.4561479,51.3355896],[9.4564451,51.3357639],[9.4567538,51.3359346],[9.4570941,51.3361146],[9.4574461,51.33629],[9.4578874,51.3365004],[9.4583419,51.3367117],[9.4591294,51.3370756],[9.4617986,51.3383097]]}},{"type":"Feature","properties":{"way_id":500286484,"route_colors":[],"route_refs":["RT1","RT4"]},"geometry":{"type":"LineString","coordinates":[[9.4617986,51.3383097],[9.4619749,51.3383905],[9.4625708,51.3386699]]}},{"type":"Feature","properties":{"way_id":502662715,"route_colors":[],"route_refs":["RT1","RT4"]},"geometry":{"type":"LineString","coordinates":[[9.4625708,51.3386699],[9.4630391,51.3389094],[9.4634082,51.3391207],[9.46371,51.3392935]]}},{"type":"Feature","properties":{"way_id":192347140,"route_colors":[],"route_refs":["RT1","RT4"]},"geometry":{"type":"LineString","coordinates":[[9.46371,51.3392935],[9.4638362,51.339372],[9.4641491,51.3395822]]}},{"type":"Feature","properties":{"way_id":104487579,"route_colors":[],"route_refs":["RT1","RT4"]},"geometry":{"type":"LineString","coordinates":[[9.4641491,51.3395822],[9.4646386,51.3399333],[9.4649094,51.3401533],[9.4651726,51.3403779],[9.465392,51.3405833],[9.4657645,51.3409838],[9.4661682,51.3414801],[9.4664245,51.3418497],[9.4667524,51.342438],[9.4669218,51.3428342],[9.4670701,51.3433119],[9.4671885,51.3438093],[9.4672674,51.3443225],[9.4673557,51.3448944],[9.4673784,51.3450876],[9.4673958,51.345266],[9.4674288,51.3456236],[9.4674392,51.3462416],[9.4673746,51.3469564],[9.4673028,51.3473508],[9.467206,51.3477182],[9.4670768,51.3481462],[9.4669149,51.3485447]]}},{"type":"Feature","properties":{"way_id":104487582,"route_colors":[],"route_refs":["RT1","RT4"]},"geometry":{"type":"LineString","coordinates":[[9.4669149,51.3485447],[9.4668298,51.3487327]]}},{"type":"Feature","properties":{"way_id":104407686,"route_colors":[],"route_refs":["RT1","RT4"]},"geometry":{"type":"LineString","coordinates":[[9.4668298,51.3487327],[9.4666149,51.3491668],[9.4664319,51.3494704],[9.4661728,51.3498513],[9.4659002,51.350221],[9.4656849,51.3505055],[9.4653298,51.3509178],[9.4649423,51.3513054],[9.4645396,51.3516767],[9.464175,51.3519836],[9.4639083,51.3521949],[9.4636072,51.3524193],[9.4633008,51.3526395],[9.4631902,51.3527116],[9.4618222,51.3536027],[9.4608988,51.3542061],[9.4601793,51.3546762],[9.4595827,51.3550559],[9.4578571,51.3561861],[9.4567025,51.3569374],[9.4562457,51.3572354]]}},{"type":"Feature","properties":{"way_id":587945535,"route_colors":[],"route_refs":["RT1"]},"geometry":{"type":"LineString","coordinates":[[9.4562457,51.3572354],[9.4546229,51.3582836],[9.4537603,51.3588512]]}},{"type":"Feature","properties":{"way_id":500284177,"route_colors":[],"route_refs":["RT1"]},"geometry":{"type":"LineString","coordinates":[[9.4537603,51.3588512],[9.4535029,51.3590192]]}},{"type":"Feature","properties":{"way_id":308918243,"route_colors":[],"route_refs":["RT1"]},"geometry":{"type":"LineString","coordinates":[[9.4535029,51.3590192],[9.4528449,51.3594501],[9.4523191,51.3597951],[9.4519467,51.3600408],[9.4516084,51.360264],[9.4509935,51.3606547],[9.4509696,51.3606699]]}},{"type":"Feature","properties":{"way_id":500284173,"route_colors":[],"route_refs":["RT1"]},"geometry":{"type":"LineString","coordinates":[[9.4509696,51.3606699],[9.450776,51.3607929]]}},{"type":"Feature","properties":{"way_id":559492698,"route_colors":[],"route_refs":["RT1"]},"geometry":{"type":"LineString","coordinates":[[9.450776,51.3607929],[9.4502911,51.3611144],[9.4499534,51.3613359]]}},{"type":"Feature","properties":{"way_id":24944524,"route_colors":[],"route_refs":["RT1"]},"geometry":{"type":"LineString","coordinates":[[9.4499534,51.3613359],[9.4493918,51.3617062],[9.4487948,51.3621137],[9.4483245,51.3624972],[9.4478798,51.3629157],[9.4476629,51.3631494],[9.4473624,51.3635376],[9.4472431,51.3637082]]}},{"type":"Feature","properties":{"way_id":500284166,"route_colors":[],"route_refs":["RT1"]},"geometry":{"type":"LineString","coordinates":[[9.4472431,51.3637082],[9.4472407,51.3637124],[9.447135,51.363884],[9.4469294,51.3642828],[9.4467401,51.3647339],[9.4465817,51.3652761],[9.4465208,51.3655609],[9.4464822,51.3658236],[9.4464621,51.3661076],[9.4464595,51.3661615]]}},{"type":"Feature","properties":{"way_id":291377209,"route_colors":[],"route_refs":["RT1"]},"geometry":{"type":"LineString","coordinates":[[9.4464595,51.3661615],[9.4464522,51.3663641],[9.4464545,51.3666213],[9.4464807,51.3668911],[9.4465284,51.3671807],[9.4465589,51.3673323],[9.4465868,51.3674384],[9.4467522,51.3679663],[9.446881,51.3682581],[9.4470216,51.3685423],[9.4471766,51.3688122],[9.4473502,51.369078],[9.4475475,51.3693457],[9.4477722,51.369618],[9.4481282,51.3699955],[9.4485435,51.3703635],[9.4494808,51.3710743],[9.4508269,51.3720436],[9.4525258,51.373284]]}},{"type":"Feature","properties":{"way_id":109432226,"route_colors":[],"route_refs":["RT1"]},"geometry":{"type":"LineString","coordinates":[[9.4525258,51.373284],[9.4526595,51.3733764]]}},{"type":"Feature","properties":{"way_id":109432227,"route_colors":[],"route_refs":["RT1"]},"geometry":{"type":"LineString","coordinates":[[9.4526595,51.3733764],[9.4526987,51.3734042],[9.4530199,51.3736318],[9.4537488,51.3741613],[9.4552535,51.3752454],[9.4561024,51.3758607],[9.4567301,51.3763123],[9.4574583,51.376841],[9.4582013,51.3773728],[9.4589542,51.3779075],[9.4593531,51.3782341],[9.4598378,51.3786651],[9.4602238,51.3790506],[9.4605112,51.3793639],[9.4608457,51.3797761],[9.4611545,51.3801857],[9.4614033,51.3805525],[9.461592,51.3808684],[9.4617765,51.3812352],[9.461918,51.381626],[9.4621153,51.3820928],[9.4622526,51.3825849],[9.4623142,51.3828935],[9.4623451,51.3830633],[9.4623885,51.3834955],[9.4624001,51.3839178],[9.4623606,51.3843915],[9.4623011,51.384894],[9.4621934,51.3854011],[9.4620066,51.385915],[9.461747,51.3865132],[9.461442,51.3870127],[9.4611643,51.3874039],[9.4608715,51.3877613],[9.4606917,51.3879557],[9.4604913,51.3881725],[9.4602021,51.3884185],[9.4598377,51.388707],[9.4594255,51.3890046],[9.4590253,51.3892571],[9.4587824,51.3893984],[9.4584622,51.3895712],[9.4580371,51.3897808],[9.4575301,51.3900155],[9.4570424,51.3902321]]}},{"type":"Feature","properties":{"way_id":1249671624,"route_colors":[],"route_refs":["RT1"]},"geometry":{"type":"LineString","coordinates":[[9.4570424,51.3902321],[9.4566591,51.390421],[9.4562559,51.390617],[9.4555479,51.3909262]]}},{"type":"Feature","properties":{"way_id":291377214,"route_colors":[],"route_refs":["RT1"]},"geometry":{"type":"LineString","coordinates":[[9.4555479,51.3909262],[9.4545209,51.3913621],[9.4540863,51.3915611],[9.4537318,51.3917398],[9.45338,51.3919382],[9.4529766,51.3921909],[9.452633,51.3924393],[9.4523491,51.392672],[9.4520447,51.392962],[9.4517583,51.3932797],[9.4514548,51.3936782],[9.4512862,51.3939436],[9.451148,51.3942076],[9.4510251,51.3945066],[9.450946,51.3947346],[9.4508825,51.3950167],[9.4508414,51.3953234],[9.4508337,51.395624],[9.4508595,51.3958733],[9.4509072,51.3962774],[9.4509311,51.3965402],[9.4509907,51.3968687]]}},{"type":"Feature","properties":{"way_id":291377224,"route_colors":[],"route_refs":["RT1"]},"geometry":{"type":"LineString","coordinates":[[9.4509907,51.3968687],[9.4511844,51.3973495],[9.4513937,51.3977221],[9.451787,51.3983555],[9.452293,51.3990821],[9.4527939,51.3997967],[9.4539011,51.4013842],[9.4542131,51.4018585],[9.4544039,51.4021851],[9.4546848,51.4027679],[9.4550348,51.4041807],[9.4572377,51.4138196],[9.4574264,51.414566],[9.4576108,51.4150823],[9.457984,51.4158473],[9.4583185,51.4164118],[9.4635299,51.4237353],[9.4637959,51.4241472],[9.4641261,51.4247329],[9.4643106,51.4252063],[9.4644135,51.425701],[9.4644828,51.4261716],[9.4644834,51.4264164],[9.4644687,51.4266423],[9.4644614,51.4266838],[9.4644259,51.4269973],[9.4643751,51.427217],[9.4643307,51.4273845],[9.4642494,51.4276446],[9.4642018,51.4277886],[9.464145,51.4279307],[9.4640563,51.4281167],[9.4639707,51.4282856],[9.463845,51.428511],[9.4637269,51.4286967],[9.4635469,51.4289564],[9.4633471,51.4292084],[9.4630302,51.4295601],[9.4626965,51.4298784],[9.4623873,51.430135],[9.4620561,51.4303802],[9.4617847,51.4305603],[9.461508,51.4307329],[9.4610099,51.4310093],[9.460547,51.431244],[9.4595281,51.4317075],[9.4568173,51.4330231],[9.4555048,51.4336648],[9.454647,51.4340686],[9.4540508,51.4343226],[9.4533988,51.4345579],[9.4525238,51.4348253],[9.4512156,51.4351328],[9.4465747,51.4360847],[9.4408529,51.4372772],[9.4399779,51.437427],[9.4390686,51.4375125],[9.4384396,51.4375434],[9.4377033,51.4375515],[9.4366366,51.4375018],[9.4359332,51.4374216],[9.4350408,51.4373128],[9.4311645,51.4367665]]}},{"type":"Feature","properties":{"way_id":291379436,"route_colors":[],"route_refs":["RT1"]},"geometry":{"type":"LineString","coordinates":[[9.4311645,51.4367665],[9.4293609,51.436509],[9.428845,51.4364472],[9.4286111,51.436425],[9.4283912,51.4364087],[9.4281732,51.4363949],[9.4279415,51.4363855],[9.4277863,51.436384],[9.427612,51.436384],[9.4272839,51.436393],[9.4270018,51.43641],[9.4267237,51.4364348],[9.4265196,51.4364576],[9.4263084,51.4364877],[9.4258981,51.4365561],[9.425652,51.4366093],[9.4253958,51.4366716],[9.4251236,51.4367452],[9.4249057,51.4368147],[9.4246542,51.4369036],[9.4244028,51.436998],[9.4242666,51.4370549],[9.4241399,51.4371118],[9.4238917,51.4372328],[9.42355,51.4374167],[9.4231643,51.4376753],[9.4228724,51.4378995],[9.4226388,51.4381112],[9.4223197,51.438461],[9.4220908,51.4387764],[9.4219525,51.4390321],[9.4218403,51.4392776],[9.4217601,51.4395382],[9.4217055,51.4397751],[9.4216645,51.4401354],[9.4216373,51.4415203],[9.4216571,51.4419724],[9.4217175,51.4431087],[9.4217344,51.4440095],[9.4217261,51.4444536],[9.4216938,51.4448373],[9.4216785,51.4449454],[9.4216677,51.4450242]]}},{"type":"Feature","properties":{"way_id":577208946,"route_colors":[],"route_refs":["RT1"]},"geometry":{"type":"LineString","coordinates":[[9.4216677,51.4450242],[9.4216427,51.4451769],[9.4216038,51.4453307],[9.4215213,51.4456382],[9.4213736,51.4459994],[9.4212589,51.4462265],[9.4211282,51.4464435]]}},{"type":"Feature","properties":{"way_id":432234118,"route_colors":[],"route_refs":["RT1"]},"geometry":{"type":"LineString","coordinates":[[9.4211282,51.4464435],[9.420966,51.4466607]]}},{"type":"Feature","properties":{"way_id":432234121,"route_colors":[],"route_refs":["RT1"]},"geometry":{"type":"LineString","coordinates":[[9.420966,51.4466607],[9.4208721,51.4467954],[9.4207524,51.4469424],[9.4201812,51.4476415]]}},{"type":"Feature","properties":{"way_id":577208950,"route_colors":[],"route_refs":["RT1"]},"geometry":{"type":"LineString","coordinates":[[9.4201812,51.4476415],[9.419998,51.4478574],[9.4194893,51.4484567],[9.4186097,51.4494789],[9.4182766,51.4499178],[9.4179363,51.4503663],[9.4172585,51.4513873]]}},{"type":"Feature","properties":{"way_id":291379432,"route_colors":[],"route_refs":["RT1"]},"geometry":{"type":"LineString","coordinates":[[9.4172585,51.4513873],[9.4170558,51.4517108],[9.4166109,51.452363],[9.415989,51.4532023],[9.4152963,51.4540624],[9.414955,51.4545724],[9.4146779,51.4550117],[9.4144567,51.4554838],[9.4143175,51.4559877],[9.4142163,51.456453],[9.414156,51.4569488],[9.4140919,51.4578961],[9.4140887,51.4580014]]}},{"type":"Feature","properties":{"way_id":1121492479,"route_colors":[],"route_refs":["RT1"]},"geometry":{"type":"LineString","coordinates":[[9.4140887,51.4580014],[9.4139506,51.4592724],[9.4138769,51.4603033],[9.4137991,51.4608392],[9.413668,51.4613597],[9.4135657,51.461745],[9.4134592,51.4620665],[9.4131643,51.4626713],[9.4118865,51.4653121],[9.411674,51.4657489]]}},{"type":"Feature","properties":{"way_id":1121492478,"route_colors":[],"route_refs":["RT1"]},"geometry":{"type":"LineString","coordinates":[[9.411674,51.4657489],[9.4116497,51.4657987]]}},{"type":"Feature","properties":{"way_id":291379435,"route_colors":[],"route_refs":["RT1"]},"geometry":{"type":"LineString","coordinates":[[9.4116497,51.4657987],[9.4101579,51.4688643],[9.4098261,51.4696095],[9.4091114,51.4711137],[9.4086142,51.4720552],[9.4083908,51.4725299],[9.4082389,51.472865],[9.4078565,51.4736559],[9.4074283,51.4745686],[9.4066484,51.4759376],[9.4055426,51.478292],[9.4044124,51.4806962]]}},{"type":"Feature","properties":{"way_id":128974831,"route_colors":[],"route_refs":["RT1"]},"geometry":{"type":"LineString","coordinates":[[9.4044124,51.4806962],[9.40407,51.4813965]]}},{"type":"Feature","properties":{"way_id":577208957,"route_colors":[],"route_refs":["RT1"]},"geometry":{"type":"LineString","coordinates":[[9.40407,51.4813965],[9.4027545,51.4840292],[9.4018683,51.4857982],[9.4005633,51.4885314],[9.3993174,51.4909648],[9.3978471,51.4939762],[9.3975689,51.4945431],[9.3969584,51.4957866]]}},{"type":"Feature","properties":{"way_id":577208952,"route_colors":[],"route_refs":["RT1"]},"geometry":{"type":"LineString","coordinates":[[9.3969584,51.4957866],[9.3964424,51.4969785],[9.395901,51.4983749],[9.3956212,51.4991725],[9.3955097,51.4994901],[9.395294,51.5001011],[9.3950809,51.5007056],[9.3948731,51.5012875],[9.3944273,51.5026015],[9.3942316,51.5032848],[9.3940964,51.5037507]]}},{"type":"Feature","properties":{"way_id":128974830,"route_colors":[],"route_refs":["RT1"]},"geometry":{"type":"LineString","coordinates":[[9.3940964,51.5037507],[9.3940281,51.5039952],[9.394018,51.5040304],[9.3937885,51.5048211],[9.3934887,51.5058769],[9.3930675,51.5073443],[9.392754,51.5084446],[9.3925929,51.5089998],[9.3925167,51.5092786],[9.3924349,51.5095554],[9.3920005,51.5110743],[9.3917852,51.5118376],[9.3916745,51.5122217],[9.3916065,51.512441],[9.3915586,51.5126078],[9.3912532,51.5136761],[9.3910406,51.5144295],[9.3909326,51.5147964],[9.3908231,51.5151927],[9.3907077,51.5155818],[9.3905875,51.5159872],[9.3904351,51.5164292],[9.3902232,51.5169507],[9.3901594,51.517088],[9.3871327,51.5236036],[9.3860902,51.5257304],[9.3855169,51.5270426]]}},{"type":"Feature","properties":{"way_id":291444684,"route_colors":[],"route_refs":["RT1"]},"geometry":{"type":"LineString","coordinates":[[9.3855169,51.5270426],[9.3854017,51.5273934],[9.3853582,51.52767],[9.385325,51.5280422],[9.3853275,51.5283102],[9.3853735,51.5287115],[9.3854145,51.5289567],[9.3856244,51.5295746],[9.3857933,51.5299058],[9.3859213,51.5301447],[9.3863872,51.5307179],[9.3869298,51.5312498],[9.3875083,51.5316956],[9.3882711,51.5321447],[9.3967948,51.5365201],[9.4005026,51.5383882]]}},{"type":"Feature","properties":{"way_id":291444682,"route_colors":[],"route_refs":["RT1"]},"geometry":{"type":"LineString","coordinates":[[9.4005026,51.5383882],[9.4011796,51.5387162],[9.4016445,51.5390655],[9.4019733,51.5393525],[9.4023521,51.5398009],[9.4024655,51.5399566],[9.4026317,51.5402341]]}},{"type":"Feature","properties":{"way_id":186407920,"route_colors":[],"route_refs":["RT1"]},"geometry":{"type":"LineString","coordinates":[[9.5342546,51.3011528],[9.5344127,51.3011822],[9.5345837,51.3012127],[9.5346777,51.3012306],[9.5347782,51.3012331],[9.5348508,51.3012235],[9.5349252,51.3011966],[9.5349822,51.3011593],[9.5350115,51.3011341],[9.535031,51.3011027],[9.5350365,51.3010874],[9.5350459,51.3010361],[9.5350431,51.3009899],[9.5349942,51.30093],[9.5349259,51.3008834],[9.5348755,51.3008605],[9.5348356,51.3008471]]}},{"type":"Feature","properties":{"way_id":379530488,"route_colors":["#f08100","#00a5df"],"route_refs":["RT1","4","8"]},"geometry":{"type":"LineString","coordinates":[[9.5314361,51.3032449],[9.5313496,51.3034274],[9.5312942,51.3034308],[9.5312564,51.3034998],[9.5312151,51.3035598],[9.5311667,51.3036184],[9.5311156,51.303677],[9.5310646,51.3037251],[9.5310076,51.3037735],[9.5309444,51.3038247],[9.5308878,51.3038647],[9.5307861,51.3039271],[9.5307685,51.3039381],[9.5307898,51.303952],[9.5308109,51.3039421],[9.5309206,51.3038861],[9.5309878,51.3038437],[9.5310571,51.3037967],[9.5311153,51.3037511],[9.5311729,51.3036967],[9.5312323,51.3036378],[9.5312806,51.3035795],[9.5313274,51.3035194],[9.5313861,51.3034348],[9.5314547,51.3033182],[9.5314721,51.3032531],[9.5314361,51.3032449]]}},{"type":"Feature","properties":{"way_id":406477309,"route_colors":["#f08100","#00a5df"],"route_refs":["RT1","4","8"]},"geometry":{"type":"LineString","coordinates":[[9.5273678,51.3059606],[9.5273847,51.3059798],[9.527472,51.3059488],[9.5275582,51.3059157],[9.5276172,51.3058909],[9.5277037,51.305849],[9.5277639,51.305819],[9.5278246,51.3057842],[9.5279191,51.3057272],[9.5278907,51.3057102],[9.5277992,51.3057688],[9.5277377,51.3058031],[9.5276804,51.3058329],[9.5276051,51.3058683],[9.5275381,51.3058969],[9.5274538,51.3059292],[9.5273678,51.3059606]]}},{"type":"Feature","properties":{"way_id":407814701,"route_colors":["#f08100","#00a5df"],"route_refs":["RT1","RT4","4","8"]},"geometry":{"type":"LineString","coordinates":[[9.5170507,51.3094892],[9.5170539,51.3094932],[9.5170632,51.3094949],[9.5171477,51.3094731],[9.5171721,51.3094659],[9.5172,51.3094569],[9.5181743,51.3090943],[9.5181744,51.30909],[9.5181668,51.3090884],[9.5181064,51.3090995],[9.5180608,51.3091087],[9.5180149,51.309121],[9.5171922,51.3094299],[9.5170525,51.3094819],[9.5170507,51.3094892]]}},{"type":"Feature","properties":{"way_id":272238253,"route_colors":["#f08100","#00a5df"],"route_refs":["RT1","RT4","4","8"]},"geometry":{"type":"LineString","coordinates":[[9.5134007,51.3108553],[9.5133943,51.310837],[9.5133853,51.310811],[9.5133202,51.3108287],[9.5130213,51.3109101],[9.5129918,51.3109125],[9.5129279,51.3108961],[9.5128941,51.3108935],[9.5128567,51.3108959],[9.5123169,51.3110456],[9.5121072,51.311112],[9.5120388,51.3111399],[9.5120589,51.3111618],[9.5120734,51.3111775],[9.5122269,51.311124],[9.5128663,51.3109432],[9.5128907,51.3109407],[9.5129178,51.3109419],[9.5129402,51.3109479],[9.5129573,51.3109541],[9.5129888,51.310958],[9.5130176,51.3109565],[9.5130442,51.3109537],[9.5134007,51.3108553]]}},{"type":"Feature","properties":{"way_id":505163274,"route_colors":["#f08100","#00a5df"],"route_refs":["RT1","RT4","4","8"]},"geometry":{"type":"LineString","coordinates":[[9.5096178,51.3131763],[9.5096507,51.313191],[9.5093995,51.3134466],[9.5091565,51.3136939],[9.50912,51.3136798],[9.5093636,51.3134334],[9.5096178,51.3131763]]}},{"type":"Feature","properties":{"way_id":114772152,"route_colors":["#fbba00","#f08100","#00a5df","#95c11f","#8a4f38"],"route_refs":["RT1","RT4","7","4","8","3","6"]},"geometry":{"type":"LineString","coordinates":[[9.5050301,51.3161288],[9.5050175,51.3161209],[9.5050018,51.316111],[9.5047825,51.3162481],[9.5045837,51.316365],[9.5043781,51.3164769],[9.5040616,51.3166383],[9.5040869,51.3166576],[9.5044034,51.3164963],[9.5046109,51.3163835],[9.50481,51.3162663],[9.5050301,51.3161288]]}},{"type":"Feature","properties":{"way_id":59486205,"route_colors":["#fbba00","#f08100","#00a5df","#95c11f","#8a4f38"],"route_refs":["RT1","RT4","7","4","8","3","6"]},"geometry":{"type":"LineString","coordinates":[[9.5006503,51.317969],[9.5006591,51.3179815],[9.5006662,51.3179917],[9.5013779,51.3178055],[9.5015405,51.3177575],[9.5017793,51.3176799],[9.5017537,51.3176543],[9.501518,51.3177306],[9.5013563,51.3177775],[9.50113,51.3178394],[9.5009027,51.3179002],[9.5006503,51.317969]]}},{"type":"Feature","properties":{"way_id":302040411,"route_colors":["#fbba00"],"route_refs":["RT1","RT4","7"]},"geometry":{"type":"LineString","coordinates":[[9.4963528,51.3189083],[9.4974514,51.3187197],[9.497457,51.3187323],[9.4974627,51.3187454],[9.4963641,51.318934],[9.4963592,51.3189227],[9.4963528,51.3189083]]}},{"type":"Feature","properties":{"way_id":135138367,"route_colors":[],"route_refs":["RT1"]},"geometry":{"type":"LineString","coordinates":[[9.534966,51.3012166],[9.5350081,51.3011911],[9.5350448,51.3011638],[9.5350735,51.3011297],[9.5350918,51.3010965],[9.5350989,51.3010673],[9.5350984,51.301039],[9.5350948,51.3010091],[9.5350878,51.3009773],[9.5350727,51.3009509],[9.5350576,51.3009283],[9.5350312,51.3009038],[9.5349928,51.3008794],[9.5349449,51.3008583],[9.5348922,51.3008403],[9.5348423,51.300828],[9.5347876,51.3008189],[9.5347403,51.3008169],[9.5346835,51.3008202],[9.5346255,51.3008298],[9.5345713,51.3008413],[9.534529,51.3008543],[9.5344881,51.3008696],[9.5344515,51.3008904],[9.5344051,51.30092],[9.5343529,51.3009558]]}},{"type":"Feature","properties":{"way_id":59053821,"route_colors":["#f08100","#00a5df"],"route_refs":["RT1","4","8"]},"geometry":{"type":"LineString","coordinates":[[9.5343529,51.3009558],[9.5341457,51.3010989],[9.5339391,51.301247]]}},{"type":"Feature","properties":{"way_id":128158066,"route_colors":["#f08100","#00a5df"],"route_refs":["RT1","4","8"]},"geometry":{"type":"LineString","coordinates":[[9.5339391,51.301247],[9.5336881,51.3014304],[9.5316488,51.302898],[9.5315866,51.3029479],[9.5315388,51.3029915],[9.5315001,51.3030308],[9.5314593,51.3030783],[9.5314253,51.3031252],[9.5313907,51.3031801],[9.531364,51.303228],[9.531325,51.3033198],[9.5312974,51.3033877],[9.5312706,51.3034417],[9.5312375,51.303496],[9.5311964,51.3035557],[9.5311486,51.3036135],[9.5310973,51.3036708],[9.5310468,51.3037183],[9.5309888,51.3037676],[9.5309262,51.3038177],[9.5308628,51.3038595],[9.5308016,51.303898],[9.5307708,51.3039176],[9.5306723,51.3039747],[9.5305729,51.3040264],[9.5300563,51.3042886],[9.5296166,51.3045224],[9.5284625,51.3052859],[9.5279377,51.3056377],[9.5278269,51.30571],[9.5277652,51.3057492],[9.5277065,51.3057843],[9.5276491,51.3058131],[9.5275788,51.3058478],[9.5275136,51.3058757],[9.5274323,51.3059068],[9.5273419,51.3059373],[9.5272539,51.3059651],[9.5271743,51.3059886],[9.5270971,51.3060084],[9.5270106,51.3060283],[9.526926,51.3060459],[9.5266529,51.3061035],[9.5258155,51.3062795],[9.5257001,51.3063072],[9.5255922,51.3063354],[9.5254916,51.3063668],[9.5245077,51.3067208],[9.5233167,51.30715],[9.5229927,51.3072656],[9.5222001,51.3075551],[9.5211184,51.3079476],[9.5206229,51.3081309],[9.520148,51.3083061],[9.5187677,51.3088299],[9.5187137,51.3088499],[9.5186954,51.308856]]}},{"type":"Feature","properties":{"way_id":409965125,"route_colors":["#f08100","#00a5df"],"route_refs":["RT1","4","8"]},"geometry":{"type":"LineString","coordinates":[[9.5186954,51.308856],[9.5186312,51.3088789],[9.5185646,51.3089028]]}},{"type":"Feature","properties":{"way_id":618212237,"route_colors":["#f08100","#00a5df"],"route_refs":["RT1","4","8"]},"geometry":{"type":"LineString","coordinates":[[9.5185646,51.3089028],[9.5184917,51.3089303],[9.5183357,51.3089872],[9.5181867,51.309042],[9.5179607,51.3091253],[9.5174288,51.3093257]]}},{"type":"Feature","properties":{"way_id":390140363,"route_colors":["#f08100","#00a5df"],"route_refs":["RT1","RT4","4","8"]},"geometry":{"type":"LineString","coordinates":[[9.5174288,51.3093257],[9.5171801,51.3094162],[9.5162004,51.309767],[9.5152531,51.3101045],[9.5141586,51.3104965],[9.5139576,51.3105638],[9.513759,51.3106295],[9.5135378,51.3106969],[9.5134075,51.3107345]]}},{"type":"Feature","properties":{"way_id":123917339,"route_colors":["#f08100","#00a5df"],"route_refs":["RT1","RT4","4","8"]},"geometry":{"type":"LineString","coordinates":[[9.5134075,51.3107345],[9.513278,51.3107688],[9.5129371,51.3108623],[9.5122386,51.3110585]]}},{"type":"Feature","properties":{"way_id":123917370,"route_colors":["#f08100","#00a5df"],"route_refs":["RT1","RT4","4","8"]},"geometry":{"type":"LineString","coordinates":[[9.5122386,51.3110585],[9.5120991,51.3111014],[9.5119682,51.3111518],[9.5118848,51.3111909],[9.511792,51.3112351],[9.5117155,51.3112781],[9.5116582,51.3113106],[9.5115935,51.3113556],[9.5115153,51.3114143],[9.5114357,51.3114774],[9.5113507,51.3115493],[9.5109825,51.3118752],[9.5104322,51.3123351],[9.5102625,51.3124787],[9.5101031,51.3126295],[9.5099984,51.3127333],[9.5096629,51.3130967],[9.5096097,51.3131529],[9.5093433,51.3134251],[9.5091637,51.31361],[9.509071,51.313702],[9.5090102,51.3137633],[9.5089085,51.3138601],[9.5088018,51.3139562],[9.5087094,51.3140326],[9.5085617,51.3141457],[9.5084059,51.3142566],[9.5082202,51.3143695],[9.5080239,51.3144784],[9.5077951,51.3146015],[9.507175,51.3149229]]}},{"type":"Feature","properties":{"way_id":41054966,"route_colors":["#f08100","#00a5df"],"route_refs":["RT1","RT4","4","8"]},"geometry":{"type":"LineString","coordinates":[[9.507175,51.3149229],[9.5063027,51.3153758]]}},{"type":"Feature","properties":{"way_id":41054965,"route_colors":["#f08100","#00a5df"],"route_refs":["RT1","RT4","4","8"]},"geometry":{"type":"LineString","coordinates":[[9.5063027,51.3153758],[9.5056099,51.3157196],[9.5055286,51.3157622],[9.5054453,51.315812],[9.5053589,51.3158652],[9.5052905,51.3159092]]}},{"type":"Feature","properties":{"way_id":59053812,"route_colors":["#f08100","#00a5df"],"route_refs":["RT1","RT4","4","8"]},"geometry":{"type":"LineString","coordinates":[[9.5052905,51.3159092],[9.5052128,51.3159577],[9.5051717,51.3159834],[9.50512,51.3160156],[9.5050469,51.3160612]]}},{"type":"Feature","properties":{"way_id":188637345,"route_colors":["#fbba00","#f08100","#00a5df","#95c11f","#8a4f38"],"route_refs":["RT1","RT4","7","4","8","3","6"]},"geometry":{"type":"LineString","coordinates":[[9.5050469,51.3160612],[9.50484,51.3161918],[9.5046207,51.3163285],[9.5045712,51.3163563],[9.5044551,51.3164202],[9.5043374,51.3164828],[9.5041882,51.3165596],[9.5040354,51.3166349],[9.5038135,51.3167424],[9.50342,51.3169296]]}},{"type":"Feature","properties":{"way_id":19813771,"route_colors":["#fbba00","#f08100","#00a5df","#95c11f","#8a4f38"],"route_refs":["RT1","RT4","7","4","8","3","6"]},"geometry":{"type":"LineString","coordinates":[[9.50342,51.3169296],[9.5028963,51.3171751],[9.5026785,51.3172771],[9.5024808,51.3173622],[9.5023156,51.3174284],[9.5021508,51.3174932],[9.5020252,51.3175422]]}},{"type":"Feature","properties":{"way_id":1504726589,"route_colors":["#fbba00","#f08100","#00a5df","#95c11f","#8a4f38"],"route_refs":["RT1","RT4","7","4","8","3","6"]},"geometry":{"type":"LineString","coordinates":[[9.5020252,51.3175422],[9.5018957,51.3175894],[9.50174,51.3176424],[9.5015072,51.3177189],[9.5013504,51.3177672],[9.501125,51.3178308],[9.5008971,51.3178921],[9.5006059,51.3179699]]}},{"type":"Feature","properties":{"way_id":185321668,"route_colors":["#fbba00"],"route_refs":["RT1","RT4","7"]},"geometry":{"type":"LineString","coordinates":[[9.5006059,51.3179699],[9.5005656,51.3179809],[9.5004148,51.3180218],[9.5003497,51.3180405],[9.5002944,51.3180566]]}},{"type":"Feature","properties":{"way_id":119231829,"route_colors":["#fbba00"],"route_refs":["RT1","RT4","7"]},"geometry":{"type":"LineString","coordinates":[[9.5002944,51.3180566],[9.5002742,51.3180617],[9.5002479,51.3180689],[9.5001448,51.3180984],[9.5001318,51.3181018],[9.4999141,51.3181598],[9.4998452,51.3181777]]}},{"type":"Feature","properties":{"way_id":185321669,"route_colors":["#fbba00"],"route_refs":["RT1","RT4","7"]},"geometry":{"type":"LineString","coordinates":[[9.4998452,51.3181777],[9.4997961,51.3181911]]}},{"type":"Feature","properties":{"way_id":185158763,"route_colors":["#fbba00"],"route_refs":["RT1","RT4","7"]},"geometry":{"type":"LineString","coordinates":[[9.4997961,51.3181911],[9.4995761,51.3182512],[9.4994467,51.3182848],[9.4993195,51.3183165],[9.4991984,51.3183444],[9.4990634,51.3183749],[9.498872,51.3184141]]}},{"type":"Feature","properties":{"way_id":201759062,"route_colors":["#fbba00"],"route_refs":["RT1","RT4","7"]},"geometry":{"type":"LineString","coordinates":[[9.498872,51.3184141],[9.4982426,51.3185482],[9.4980544,51.3185882],[9.4980119,51.3185972],[9.4977688,51.3186489],[9.4975012,51.3187015],[9.4969684,51.3187943],[9.4965719,51.3188597],[9.4964391,51.3188816],[9.4963119,51.3189022],[9.496294,51.3189051]]}},{"type":"Feature","properties":{"way_id":104498928,"route_colors":["#fbba00"],"route_refs":["RT1","RT4","7"]},"geometry":{"type":"LineString","coordinates":[[9.496294,51.3189051],[9.4962055,51.3189113],[9.4961635,51.3189106],[9.4961168,51.3189098],[9.496053,51.3189013],[9.4960054,51.3188922],[9.4959544,51.318878],[9.4958946,51.3188482],[9.4958621,51.3188273],[9.49583,51.3187984],[9.4958084,51.3187724],[9.4953843,51.3182611],[9.4953373,51.318209],[9.495181,51.3180359],[9.4949697,51.3178485],[9.4946724,51.317614],[9.4943371,51.3173665],[9.4941412,51.317229],[9.4939262,51.3170838],[9.493522,51.31683],[9.4933361,51.3167158],[9.4932451,51.3166617],[9.4931679,51.3166157],[9.4929784,51.3165029]]}},{"type":"Feature","properties":{"way_id":30131078,"route_colors":[],"route_refs":["RT1","RT4"]},"geometry":{"type":"LineString","coordinates":[[9.4929784,51.3165029],[9.4929687,51.3164968],[9.4929205,51.3164846],[9.4928733,51.3164771],[9.4928199,51.3164713],[9.4927435,51.3164715],[9.4926784,51.3164796],[9.4926068,51.3164982],[9.4925514,51.3165181],[9.4925441,51.3165223]]}},{"type":"Feature","properties":{"way_id":302040412,"route_colors":[],"route_refs":["RT1","RT4"]},"geometry":{"type":"LineString","coordinates":[[9.4974153,51.318669],[9.497411,51.3186593],[9.497407,51.3186499],[9.4963178,51.3188351],[9.496322,51.3188446],[9.4963262,51.3188542],[9.4974153,51.318669]]}},{"type":"Feature","properties":{"way_id":59486214,"route_colors":[],"route_refs":["RT1","RT4"]},"geometry":{"type":"LineString","coordinates":[[9.4998211,51.3181344],[9.4995488,51.3182099],[9.4992954,51.318274],[9.4990385,51.3183339],[9.4990276,51.3183156],[9.499805,51.318111],[9.4998116,51.3181206],[9.4998211,51.3181344]]}},{"type":"Feature","properties":{"way_id":114772154,"route_colors":["#f08100","#00a5df","#95c11f","#8a4f38"],"route_refs":["RT1","RT4","4","8","3","6"]},"geometry":{"type":"LineString","coordinates":[[9.5049143,51.3160564],[9.5049371,51.3160693],[9.5049448,51.3160732],[9.5047955,51.3161655],[9.5046313,51.3162666],[9.504524,51.316326],[9.5043649,51.3164146],[9.5040047,51.3166026],[9.503985,51.3165877],[9.5043382,51.3163981],[9.5045001,51.3163102],[9.5046055,51.3162489],[9.5047704,51.3161483],[9.5049143,51.3160564]]}},{"type":"Feature","properties":{"way_id":505163273,"route_colors":["#f08100","#00a5df"],"route_refs":["RT1","RT4","4","8"]},"geometry":{"type":"LineString","coordinates":[[9.5095137,51.3131321],[9.5095466,51.3131468],[9.5092917,51.3134062],[9.5090524,51.3136497],[9.5090158,51.3136356],[9.509256,51.3133927],[9.5095137,51.3131321]]}},{"type":"Feature","properties":{"way_id":272238254,"route_colors":["#f08100","#00a5df"],"route_refs":["RT1","RT4","4","8"]},"geometry":{"type":"LineString","coordinates":[[9.5128286,51.3108171],[9.5132144,51.3107088],[9.5132321,51.3107038],[9.5132502,51.3106987],[9.5132541,51.3107009],[9.5132765,51.3107196],[9.5132489,51.3107273],[9.5124347,51.3109557],[9.5124178,51.3109321],[9.5128286,51.3108171]]}},{"type":"Feature","properties":{"way_id":407814702,"route_colors":["#f08100","#00a5df"],"route_refs":["RT1","RT4","4","8"]},"geometry":{"type":"LineString","coordinates":[[9.517025,51.3094008],[9.5170251,51.3094078],[9.5170366,51.30942],[9.5170463,51.3094218],[9.5170592,51.3094184],[9.5171527,51.3093854],[9.5182849,51.3089594],[9.5183069,51.3089517],[9.5183324,51.3089394],[9.5183529,51.3089179],[9.5183496,51.3089118],[9.5183339,51.3089097],[9.5182849,51.3089274],[9.5179182,51.3090665],[9.5171307,51.3093604],[9.517025,51.3094008]]}},{"type":"Feature","properties":{"way_id":505163279,"route_colors":["#f08100","#00a5df"],"route_refs":["RT1","4","8"]},"geometry":{"type":"LineString","coordinates":[[9.5267091,51.3060297],[9.5263676,51.3060961],[9.5264118,51.3060584],[9.5266955,51.3060022],[9.5267091,51.3060297]]}},{"type":"Feature","properties":{"way_id":379530490,"route_colors":["#f08100","#00a5df"],"route_refs":["RT1","4","8"]},"geometry":{"type":"LineString","coordinates":[[9.5306697,51.3038778],[9.5307036,51.303898],[9.5307195,51.3038884],[9.5308168,51.3038299],[9.530875,51.3037894],[9.530935,51.3037417],[9.5309875,51.3036968],[9.531036,51.3036504],[9.5310859,51.3035953],[9.5311314,51.3035353],[9.5311668,51.3034795],[9.5311983,51.3034242],[9.5312242,51.3033741],[9.5312996,51.3032138],[9.5312682,51.3032065],[9.531229,51.3032605],[9.5312066,51.30331],[9.5311905,51.3033674],[9.5311639,51.3034158],[9.5311321,51.3034713],[9.5310956,51.3035255],[9.5310469,51.3035843],[9.5309991,51.3036369],[9.5309514,51.3036821],[9.5309002,51.3037255],[9.5308413,51.303771],[9.5307839,51.303809],[9.5306857,51.3038679],[9.5306697,51.3038778]]}},{"type":"Feature","properties":{"way_id":104414195,"route_colors":[],"route_refs":["RT1","RT4"]},"geometry":{"type":"LineString","coordinates":[[9.492504,51.3164991],[9.4925115,51.3164949],[9.4925366,51.3164799],[9.492568,51.3164622],[9.4926044,51.3164455],[9.4926288,51.316438],[9.4926578,51.316429],[9.4927158,51.3164175],[9.4927894,51.3164139],[9.4928636,51.3164168],[9.4929292,51.3164307],[9.492977,51.3164453],[9.4930198,51.3164628],[9.4930292,51.316469]]}},{"type":"Feature","properties":{"way_id":185158767,"route_colors":[],"route_refs":["RT1","RT4"]},"geometry":{"type":"LineString","coordinates":[[9.4930292,51.316469],[9.493209,51.3165721],[9.4932412,51.3165908],[9.4933032,51.3166268],[9.493393,51.3166788],[9.4934754,51.3167266],[9.4940049,51.3170482],[9.4942187,51.3171888],[9.4944098,51.3173217],[9.4947476,51.3175728],[9.4950464,51.3178199],[9.4952508,51.3180114],[9.4954432,51.3182155],[9.4954797,51.3182542],[9.4958855,51.3187469],[9.4958954,51.3187589],[9.4959287,51.3187915],[9.4959694,51.3188179],[9.496018,51.3188424],[9.4960612,51.3188565],[9.4961016,51.3188675],[9.4961433,51.318873],[9.4961784,51.3188771],[9.4962163,51.3188779],[9.4962589,51.3188773],[9.4962864,51.3188753]]}},{"type":"Feature","properties":{"way_id":135625999,"route_colors":[],"route_refs":["RT1","RT4"]},"geometry":{"type":"LineString","coordinates":[[9.4962864,51.3188753],[9.4962991,51.3188731],[9.4964321,51.3188497],[9.4965905,51.318822],[9.4974098,51.3186851],[9.4979922,51.3185633],[9.4980355,51.3185542],[9.4982269,51.3185143],[9.4984865,51.31846],[9.4988544,51.3183831]]}},{"type":"Feature","properties":{"way_id":185321647,"route_colors":[],"route_refs":["RT1","RT4"]},"geometry":{"type":"LineString","coordinates":[[9.4988544,51.3183831],[9.4990447,51.318343],[9.4991728,51.3183139],[9.499301,51.3182834],[9.4994176,51.3182548],[9.4995556,51.31822],[9.4997751,51.3181609],[9.4998653,51.318137],[9.4998913,51.3181301],[9.4999389,51.3181171]]}},{"type":"Feature","properties":{"way_id":185321646,"route_colors":[],"route_refs":["RT1","RT4"]},"geometry":{"type":"LineString","coordinates":[[9.4999389,51.3181171],[9.5001104,51.3180717],[9.5001226,51.3180682],[9.5002273,51.3180394],[9.5002542,51.3180324],[9.5002743,51.3180263],[9.5003292,51.3180114],[9.5003888,51.317995],[9.5005434,51.3179525],[9.5005867,51.3179406]]}},{"type":"Feature","properties":{"way_id":185321654,"route_colors":[],"route_refs":["RT1","RT4"]},"geometry":{"type":"LineString","coordinates":[[9.5005867,51.3179406],[9.5006702,51.3179178]]}},{"type":"Feature","properties":{"way_id":19830968,"route_colors":["#f08100","#00a5df","#95c11f","#8a4f38"],"route_refs":["RT1","RT4","4","8","3","6"]},"geometry":{"type":"LineString","coordinates":[[9.5006702,51.3179178],[9.5010235,51.3178203]]}},{"type":"Feature","properties":{"way_id":390141317,"route_colors":["#f08100","#00a5df","#95c11f","#8a4f38"],"route_refs":["RT1","RT4","4","8","3","6"]},"geometry":{"type":"LineString","coordinates":[[9.5010235,51.3178203],[9.5011992,51.3177735],[9.5013337,51.3177349],[9.501497,51.3176858],[9.5016639,51.3176319],[9.5018194,51.3175796],[9.5019715,51.3175257],[9.5021263,51.3174675],[9.5022897,51.3174042],[9.5024561,51.3173352],[9.5026452,51.3172527],[9.502866,51.3171501],[9.5033873,51.316906],[9.5037885,51.3167158],[9.5040025,51.3166119],[9.5041572,51.3165355],[9.5043069,51.3164565],[9.5044218,51.3163954],[9.5045358,51.3163343],[9.5046151,51.3162874],[9.5048643,51.3161385],[9.5050173,51.3160442]]}},{"type":"Feature","properties":{"way_id":186941224,"route_colors":["#f08100","#00a5df"],"route_refs":["RT1","RT4","4","8"]},"geometry":{"type":"LineString","coordinates":[[9.5050173,51.3160442],[9.5050892,51.3159948],[9.5051395,51.3159612],[9.5052573,51.3158835],[9.5054122,51.3157867],[9.5054945,51.3157385],[9.5055786,51.3156951],[9.5062739,51.3153523]]}},{"type":"Feature","properties":{"way_id":186941234,"route_colors":["#f08100","#00a5df"],"route_refs":["RT1","RT4","4","8"]},"geometry":{"type":"LineString","coordinates":[[9.5062739,51.3153523],[9.5071454,51.3148966]]}},{"type":"Feature","properties":{"way_id":401641264,"route_colors":["#f08100","#00a5df"],"route_refs":["RT1","RT4","4","8"]},"geometry":{"type":"LineString","coordinates":[[9.5071454,51.3148966],[9.5077914,51.3145614],[9.5079879,51.3144559],[9.5081792,51.3143482],[9.508369,51.3142334],[9.5085276,51.3141251],[9.5086745,51.3140164],[9.508765,51.3139396],[9.5088688,51.3138446],[9.5089701,51.3137481],[9.5090343,51.3136867],[9.5093089,51.3134125],[9.5094856,51.313236],[9.5095783,51.3131408],[9.5096307,51.3130855],[9.5099607,51.3127223],[9.5100666,51.3126139],[9.5102271,51.3124647],[9.5103912,51.3123185],[9.5109449,51.3118583],[9.5113165,51.3115335],[9.5114034,51.3114598],[9.5114789,51.3113975],[9.5115576,51.3113363],[9.5116219,51.3112916],[9.511682,51.311256],[9.5117607,51.3112112],[9.5118532,51.3111655],[9.5119474,51.311122],[9.5120792,51.3110753]]}},{"type":"Feature","properties":{"way_id":186941217,"route_colors":["#f08100","#00a5df"],"route_refs":["RT1","RT4","4","8"]},"geometry":{"type":"LineString","coordinates":[[9.5120792,51.3110753],[9.5122191,51.3110314],[9.5130668,51.3107927],[9.5132583,51.3107406],[9.513384,51.3107059],[9.5135152,51.3106682],[9.5137383,51.310601],[9.5139337,51.3105377],[9.514141,51.3104687],[9.5152345,51.3100825],[9.5161785,51.3097449],[9.5167988,51.3095215],[9.5171584,51.309392],[9.5179206,51.3091061]]}},{"type":"Feature","properties":{"way_id":1499800228,"route_colors":["#f08100","#00a5df"],"route_refs":["RT1","RT4","4","8"]},"geometry":{"type":"LineString","coordinates":[[9.5179206,51.3091061],[9.5180774,51.309047]]}},{"type":"Feature","properties":{"way_id":618212236,"route_colors":["#f08100","#00a5df"],"route_refs":["RT1","4","8"]},"geometry":{"type":"LineString","coordinates":[[9.5180774,51.309047],[9.5183139,51.3089604],[9.5184953,51.308894]]}},{"type":"Feature","properties":{"way_id":618044734,"route_colors":["#f08100","#00a5df"],"route_refs":["RT1","4","8"]},"geometry":{"type":"LineString","coordinates":[[9.5184953,51.308894],[9.518609,51.3088523],[9.5186353,51.3088426],[9.5187433,51.308804],[9.5187865,51.3087853],[9.5201214,51.3082834],[9.5205995,51.3081064],[9.5210967,51.3079253],[9.5221754,51.3075301],[9.5229683,51.3072392],[9.5232903,51.3071225],[9.524479,51.3066942],[9.5254698,51.3063344],[9.525565,51.3063007],[9.5256683,51.3062685],[9.525788,51.3062398],[9.5266756,51.3060572],[9.5269067,51.3060109],[9.5269934,51.3059926],[9.5270735,51.3059731],[9.5271492,51.3059535],[9.5272248,51.3059304],[9.5273111,51.3059025],[9.5274005,51.3058709],[9.5274816,51.3058393],[9.5275424,51.3058116],[9.5276088,51.30578],[9.5276612,51.3057516],[9.5277208,51.3057166],[9.5277736,51.3056819],[9.5278849,51.3056074],[9.5284153,51.3052452],[9.5292718,51.3046557],[9.5293742,51.304588],[9.529458,51.3045353],[9.5295534,51.3044817],[9.529682,51.304417],[9.5298101,51.304358],[9.5299177,51.3043105],[9.5300252,51.3042641],[9.5301103,51.3042239],[9.5301862,51.3041861],[9.5305497,51.303996],[9.5306407,51.3039457],[9.5307294,51.3038939],[9.5308236,51.303835],[9.5308834,51.3037953],[9.5309444,51.3037468],[9.5309984,51.3037011],[9.531048,51.3036544],[9.5310967,51.3035988],[9.5311423,51.303538],[9.5311792,51.3034823],[9.5312107,51.3034274],[9.5312359,51.3033774],[9.5312694,51.3033103],[9.5313131,51.303217],[9.5313404,51.3031689],[9.5313787,51.303111],[9.5314163,51.3030603],[9.5314568,51.3030151],[9.5315006,51.3029741],[9.5315514,51.3029296],[9.5316113,51.3028808],[9.5336488,51.3014155]]}},{"type":"Feature","properties":{"way_id":39086277,"route_colors":[],"route_refs":["RT1"]},"geometry":{"type":"LineString","coordinates":[[9.5336488,51.3014155],[9.5337366,51.3013563],[9.5337965,51.3013185],[9.5338719,51.3012772],[9.5339391,51.301247]]}},{"type":"Feature","properties":{"way_id":263134916,"route_colors":[],"route_refs":["RT1"]},"geometry":{"type":"LineString","coordinates":[[9.5339391,51.301247],[9.5339999,51.3012246],[9.534062,51.3012054],[9.5341123,51.3011935],[9.53416,51.3011877],[9.5342034,51.3011863],[9.5342523,51.3011906],[9.5342936,51.301196],[9.5345968,51.3012507],[9.5346501,51.3012587],[9.5347084,51.301263],[9.5347623,51.3012627],[9.5348101,51.3012581],[9.5348686,51.3012488],[9.5349181,51.301235],[9.534966,51.3012166]]}},{"type":"Feature","properties":{"way_id":194216262,"route_colors":[],"route_refs":["RT4"]},"geometry":{"type":"LineString","coordinates":[[9.2257049,51.3436667],[9.2264365,51.3435105],[9.2266729,51.3434683],[9.2267845,51.3434475],[9.2268274,51.3434393],[9.2268174,51.3434161],[9.2267734,51.3434246],[9.2266528,51.3434473],[9.2265102,51.3434732],[9.2264405,51.343485],[9.2258444,51.3436114],[9.2256927,51.3436456],[9.2256117,51.3436638],[9.2249559,51.3438117],[9.2249619,51.3438355],[9.2257049,51.3436667]]}},{"type":"Feature","properties":{"way_id":194216259,"route_colors":[],"route_refs":["RT4"]},"geometry":{"type":"LineString","coordinates":[[9.2524739,51.3770912],[9.2520193,51.3768868],[9.2517141,51.3767382],[9.2512432,51.3764784],[9.2512302,51.3764719]]}},{"type":"Feature","properties":{"way_id":194216247,"route_colors":[],"route_refs":["RT4"]},"geometry":{"type":"LineString","coordinates":[[9.291891,51.3673001],[9.29193,51.3673222],[9.2919458,51.3673313],[9.2918436,51.3674045],[9.2918208,51.3673964],[9.2917604,51.3674464],[9.2915677,51.3676109],[9.2908971,51.368241],[9.2908545,51.3682217],[9.291221,51.3678751],[9.2916068,51.3675276],[9.291891,51.3673001]]}},{"type":"Feature","properties":{"way_id":398069791,"route_colors":[],"route_refs":["RT4"]},"geometry":{"type":"LineString","coordinates":[[9.3056303,51.3647162],[9.3056498,51.3647392],[9.3042487,51.3651952],[9.3042396,51.3651844],[9.3042292,51.3651721],[9.3056303,51.3647162]]}},{"type":"Feature","properties":{"way_id":194216257,"route_colors":[],"route_refs":["RT4"]},"geometry":{"type":"LineString","coordinates":[[9.3605168,51.380461],[9.3604714,51.3804567],[9.3604566,51.3804553],[9.358939,51.3803136],[9.3589326,51.3803406],[9.3598692,51.380428],[9.3600578,51.3804457],[9.360127,51.3804521],[9.3602738,51.3804658],[9.3603983,51.3804775],[9.3604484,51.3804821],[9.3604658,51.3804838],[9.3605104,51.3804879],[9.3605168,51.380461]]}},{"type":"Feature","properties":{"way_id":241507485,"route_colors":[],"route_refs":["RT4"]},"geometry":{"type":"LineString","coordinates":[[9.3918349,51.3635139],[9.3918746,51.3635278],[9.391891,51.3635336],[9.3919443,51.3634809],[9.3922444,51.3631798],[9.3922202,51.3631714],[9.3927245,51.362669],[9.3926943,51.3626574],[9.3918349,51.3635139]]}},{"type":"Feature","properties":{"way_id":398069788,"route_colors":[],"route_refs":["RT4"]},"geometry":{"type":"LineString","coordinates":[[9.421351,51.3629734],[9.4213543,51.3630009],[9.4230006,51.3629779],[9.423,51.3629644],[9.4229994,51.362953],[9.421351,51.3629734]]}},{"type":"Feature","properties":{"way_id":241512704,"route_colors":[],"route_refs":["RT4"]},"geometry":{"type":"LineString","coordinates":[[9.4348474,51.3628046],[9.4331996,51.3628268],[9.4331979,51.3627772],[9.4332379,51.3627767],[9.4334228,51.3627742],[9.4334237,51.3627999],[9.4348466,51.3627808],[9.4348474,51.3628046]]}},{"type":"Feature","properties":{"way_id":221028821,"route_colors":[],"route_refs":["RT4"]},"geometry":{"type":"LineString","coordinates":[[9.17921,51.3313042],[9.1796438,51.3312529],[9.1800397,51.3312182],[9.1804761,51.3311856],[9.1806161,51.3311801],[9.1808806,51.3311715],[9.181188,51.3311739],[9.1814808,51.3311907],[9.181737,51.3312135],[9.1819287,51.3312394],[9.1821027,51.3312686],[9.1822693,51.3313005],[9.1826283,51.3313762],[9.1829801,51.3314554]]}},{"type":"Feature","properties":{"way_id":640964996,"route_colors":[],"route_refs":["RT4"]},"geometry":{"type":"LineString","coordinates":[[9.1829801,51.3314554],[9.1831447,51.3315036],[9.1833223,51.3315606],[9.1834764,51.3316203],[9.1837153,51.331719],[9.1839644,51.3318255]]}},{"type":"Feature","properties":{"way_id":404554467,"route_colors":[],"route_refs":["RT4"]},"geometry":{"type":"LineString","coordinates":[[9.1849487,51.3323425],[9.1844805,51.3320793],[9.1843148,51.3319938],[9.1841473,51.3319082],[9.1839644,51.3318255]]}},{"type":"Feature","properties":{"way_id":551493989,"route_colors":[],"route_refs":["RT4"]},"geometry":{"type":"LineString","coordinates":[[9.1857222,51.3327746],[9.185132,51.3324381],[9.1849487,51.3323425]]}},{"type":"Feature","properties":{"way_id":404554465,"route_colors":[],"route_refs":["RT4"]},"geometry":{"type":"LineString","coordinates":[[9.1959877,51.3383505],[9.195637,51.3382176],[9.1950141,51.3379414],[9.1943558,51.3376047],[9.1916999,51.336112],[9.1908033,51.3356265],[9.1871842,51.3335879],[9.1857222,51.3327746]]}},{"type":"Feature","properties":{"way_id":41442390,"route_colors":[],"route_refs":["RT4"]},"geometry":{"type":"LineString","coordinates":[[9.1992953,51.3398018],[9.1986646,51.3394257],[9.1981788,51.3391888],[9.1977788,51.3390293],[9.1959877,51.3383505]]}},{"type":"Feature","properties":{"way_id":41442389,"route_colors":[],"route_refs":["RT4"]},"geometry":{"type":"LineString","coordinates":[[9.2003201,51.3404783],[9.1996854,51.3400484],[9.1992953,51.3398018]]}},{"type":"Feature","properties":{"way_id":27251971,"route_colors":[],"route_refs":["RT4"]},"geometry":{"type":"LineString","coordinates":[[9.2043129,51.3430903],[9.2024519,51.3418606],[9.2013805,51.3411762],[9.2003201,51.3404783]]}},{"type":"Feature","properties":{"way_id":27251973,"route_colors":[],"route_refs":["RT4"]},"geometry":{"type":"LineString","coordinates":[[9.2045952,51.3432857],[9.2043129,51.3430903]]}},{"type":"Feature","properties":{"way_id":551493988,"route_colors":[],"route_refs":["RT4"]},"geometry":{"type":"LineString","coordinates":[[9.206717,51.3447555],[9.2045952,51.3432857]]}},{"type":"Feature","properties":{"way_id":277212792,"route_colors":[],"route_refs":["RT4"]},"geometry":{"type":"LineString","coordinates":[[9.224861,51.3438212],[9.2177345,51.3454453],[9.2150526,51.3460462],[9.2134813,51.3463989],[9.2127072,51.3464944],[9.2121697,51.3465173],[9.211729,51.346513],[9.2114603,51.3465015],[9.2105974,51.3464254],[9.2100175,51.3463186],[9.2093813,51.3461486],[9.2086984,51.3458722],[9.2081024,51.3455966],[9.206717,51.3447555]]}},{"type":"Feature","properties":{"way_id":527840271,"route_colors":[],"route_refs":["RT4"]},"geometry":{"type":"LineString","coordinates":[[9.2270715,51.3433645],[9.2267856,51.3434071],[9.2264611,51.3434641],[9.2260071,51.343559],[9.224861,51.3438212]]}},{"type":"Feature","properties":{"way_id":277212791,"route_colors":[],"route_refs":["RT4"]},"geometry":{"type":"LineString","coordinates":[[9.227187,51.343354],[9.2270715,51.3433645]]}},{"type":"Feature","properties":{"way_id":100300800,"route_colors":[],"route_refs":["RT4"]},"geometry":{"type":"LineString","coordinates":[[9.232087,51.3461322],[9.232083,51.3459093],[9.2320365,51.345567],[9.2319287,51.3452878],[9.2317518,51.3449832],[9.2315827,51.3447583],[9.2314055,51.3445488],[9.2311589,51.3443227],[9.2308083,51.3440905],[9.2305259,51.3439357],[9.2301905,51.3437766],[9.2298473,51.3436526],[9.2294419,51.3435342],[9.2291057,51.3434507],[9.2288791,51.3434096],[9.228613,51.3433735],[9.2283767,51.3433495],[9.2280471,51.3433301],[9.22777,51.3433241],[9.2274272,51.3433383],[9.227187,51.343354]]}},{"type":"Feature","properties":{"way_id":551493987,"route_colors":[],"route_refs":["RT4"]},"geometry":{"type":"LineString","coordinates":[[9.2376027,51.3612741],[9.2323826,51.3551478],[9.2319168,51.3546048],[9.2315038,51.3540755],[9.2312179,51.353733],[9.2310318,51.3533912],[9.2308655,51.3530515],[9.2307513,51.3527493],[9.2306531,51.3521357],[9.2306858,51.3515539],[9.2313473,51.3490363],[9.2320599,51.3463579],[9.232087,51.3461322]]}},{"type":"Feature","properties":{"way_id":100300841,"route_colors":[],"route_refs":["RT4"]},"geometry":{"type":"LineString","coordinates":[[9.2377281,51.3614233],[9.2376027,51.3612741]]}},{"type":"Feature","properties":{"way_id":27184377,"route_colors":[],"route_refs":["RT4"]},"geometry":{"type":"LineString","coordinates":[[9.2486508,51.3742674],[9.2474459,51.3728554],[9.2461343,51.3712916],[9.2446692,51.3695917],[9.2435216,51.3682112],[9.2396489,51.3637082],[9.2377281,51.3614233]]}},{"type":"Feature","properties":{"way_id":27184376,"route_colors":[],"route_refs":["RT4"]},"geometry":{"type":"LineString","coordinates":[[9.2490181,51.3747239],[9.2486508,51.3742674]]}},{"type":"Feature","properties":{"way_id":27920303,"route_colors":[],"route_refs":["RT4"]},"geometry":{"type":"LineString","coordinates":[[9.2673433,51.3782877],[9.2652056,51.3782019],[9.2631199,51.3781148],[9.2607051,51.3780199],[9.2575631,51.3778861],[9.2556374,51.3778051],[9.2545461,51.3777119],[9.2541117,51.3776249],[9.2532696,51.3774168],[9.2523473,51.3770633],[9.2516837,51.3767484],[9.2508394,51.376275],[9.2503322,51.3759251],[9.2496396,51.3753788],[9.2493019,51.3750415],[9.2490181,51.3747239]]}},{"type":"Feature","properties":{"way_id":27920324,"route_colors":[],"route_refs":["RT4"]},"geometry":{"type":"LineString","coordinates":[[9.290864,51.3681892],[9.2904678,51.3685728],[9.2888519,51.3701294],[9.2871809,51.3717126],[9.2863154,51.3725472],[9.2860192,51.3727507],[9.2854691,51.3730918],[9.2851651,51.3732775],[9.2847641,51.3734936],[9.2831478,51.3742555],[9.2818455,51.3748693],[9.2807478,51.3753849],[9.2788242,51.3762786],[9.2779345,51.3767028],[9.2769019,51.3771441],[9.2764719,51.3772973],[9.2761305,51.377402],[9.2758801,51.3774617],[9.275466,51.3775431],[9.2749526,51.3776322],[9.2694035,51.3782686],[9.2684275,51.3783167],[9.2673433,51.3782877]]}},{"type":"Feature","properties":{"way_id":551493984,"route_colors":[],"route_refs":["RT4"]},"geometry":{"type":"LineString","coordinates":[[9.2942609,51.3662487],[9.2934033,51.3665071],[9.2929266,51.3666883],[9.2925072,51.3668991],[9.2919789,51.3672184],[9.2915478,51.3675485],[9.290864,51.3681892]]}},{"type":"Feature","properties":{"way_id":551493985,"route_colors":[],"route_refs":["RT4"]},"geometry":{"type":"LineString","coordinates":[[9.3024736,51.3657178],[9.3021845,51.3657747],[9.301961,51.3658112],[9.3016984,51.3658443],[9.3014406,51.3658738],[9.3007057,51.3659253],[9.2981192,51.3659776],[9.2968416,51.366009],[9.2956185,51.366054],[9.2949021,51.366137],[9.2942609,51.3662487]]}},{"type":"Feature","properties":{"way_id":551493983,"route_colors":[],"route_refs":["RT4"]},"geometry":{"type":"LineString","coordinates":[[9.3029028,51.3656159],[9.3026151,51.3656854],[9.3024736,51.3657178]]}},{"type":"Feature","properties":{"way_id":559492701,"route_colors":[],"route_refs":["RT4"]},"geometry":{"type":"LineString","coordinates":[[9.3042395,51.3651479],[9.3039206,51.3652535],[9.303757,51.3653129],[9.3035613,51.3653885],[9.3034002,51.3654532],[9.3032406,51.3655126],[9.3029028,51.3656159]]}},{"type":"Feature","properties":{"way_id":404553942,"route_colors":[],"route_refs":["RT4"]},"geometry":{"type":"LineString","coordinates":[[9.307944,51.3639973],[9.3072807,51.3642119],[9.3068475,51.3643525],[9.3065478,51.3644455],[9.3062407,51.3645355],[9.3056246,51.3647032],[9.3048153,51.3649652],[9.3042395,51.3651479]]}},{"type":"Feature","properties":{"way_id":559492700,"route_colors":[],"route_refs":["RT4"]},"geometry":{"type":"LineString","coordinates":[[9.3088984,51.3637312],[9.3086848,51.3637948],[9.3085326,51.3638342],[9.3083362,51.3638828],[9.3080827,51.3639539],[9.307944,51.3639973]]}},{"type":"Feature","properties":{"way_id":404553937,"route_colors":[],"route_refs":["RT4"]},"geometry":{"type":"LineString","coordinates":[[9.3095781,51.3635121],[9.3092163,51.3636276],[9.3088984,51.3637312]]}},{"type":"Feature","properties":{"way_id":551498697,"route_colors":[],"route_refs":["RT4"]},"geometry":{"type":"LineString","coordinates":[[9.3123637,51.3626406],[9.312112,51.3627025],[9.3118988,51.3627624],[9.3116426,51.3628394],[9.3109533,51.3630655],[9.3095781,51.3635121]]}},{"type":"Feature","properties":{"way_id":37910027,"route_colors":[],"route_refs":["RT4"]},"geometry":{"type":"LineString","coordinates":[[9.314722,51.3625417],[9.3145126,51.3625175],[9.3143023,51.3624982],[9.3141083,51.3624869],[9.3139234,51.362481],[9.3136939,51.3624831],[9.3134647,51.3624902],[9.3132113,51.3625074],[9.3129717,51.3625342],[9.3127438,51.3625656],[9.3125553,51.3626008],[9.3123637,51.3626406]]}},{"type":"Feature","properties":{"way_id":32836196,"route_colors":[],"route_refs":["RT4"]},"geometry":{"type":"LineString","coordinates":[[9.3188439,51.3681433],[9.3184495,51.3677308],[9.3181889,51.3672365],[9.3180988,51.366814],[9.318056,51.3661336],[9.3180934,51.3653535],[9.3180567,51.3648122],[9.3179387,51.3643801],[9.3178137,51.3641617],[9.31759,51.3638744],[9.3171769,51.3635043],[9.3166834,51.3631609],[9.3161335,51.362893],[9.3157534,51.3627627],[9.3153588,51.3626581],[9.3150063,51.3625857],[9.314722,51.3625417]]}},{"type":"Feature","properties":{"way_id":32836195,"route_colors":[],"route_refs":["RT4"]},"geometry":{"type":"LineString","coordinates":[[9.3191073,51.3684148],[9.3188439,51.3681433]]}},{"type":"Feature","properties":{"way_id":13237488,"route_colors":[],"route_refs":["RT4"]},"geometry":{"type":"LineString","coordinates":[[9.3241723,51.3722925],[9.3236088,51.3719927],[9.3229159,51.3716026],[9.3223035,51.3712216],[9.321829,51.370821],[9.3191073,51.3684148]]}},{"type":"Feature","properties":{"way_id":19814703,"route_colors":[],"route_refs":["RT4"]},"geometry":{"type":"LineString","coordinates":[[9.3348162,51.3768651],[9.3303267,51.3748475],[9.3241723,51.3722925]]}},{"type":"Feature","properties":{"way_id":245769933,"route_colors":[],"route_refs":["RT4"]},"geometry":{"type":"LineString","coordinates":[[9.3426641,51.3786788],[9.3417072,51.3785795],[9.340431,51.378414],[9.3396497,51.3782546],[9.3392992,51.3781595],[9.3387496,51.3780104],[9.3373422,51.3776424],[9.3364416,51.377387],[9.3359572,51.3772431],[9.3354476,51.377088],[9.3348162,51.3768651]]}},{"type":"Feature","properties":{"way_id":245769932,"route_colors":[],"route_refs":["RT4"]},"geometry":{"type":"LineString","coordinates":[[9.3428707,51.3787002],[9.3426641,51.3786788]]}},{"type":"Feature","properties":{"way_id":551498696,"route_colors":[],"route_refs":["RT4"]},"geometry":{"type":"LineString","coordinates":[[9.3477766,51.379213],[9.3428707,51.3787002]]}},{"type":"Feature","properties":{"way_id":38060424,"route_colors":[],"route_refs":["RT4"]},"geometry":{"type":"LineString","coordinates":[[9.3800809,51.3755204],[9.3791877,51.3763349],[9.3782076,51.3769613],[9.3771854,51.3774266],[9.3763309,51.3777406],[9.3743799,51.3781927],[9.3703955,51.3789675],[9.365458,51.3799223],[9.363514,51.3803033],[9.3629238,51.3803989],[9.3624314,51.3804623],[9.3621015,51.3804785],[9.3616757,51.380489],[9.3611507,51.3804861],[9.360574,51.3804417],[9.360064,51.3804011],[9.3599107,51.3803889],[9.3507121,51.3794815],[9.3477766,51.379213]]}},{"type":"Feature","properties":{"way_id":38060425,"route_colors":[],"route_refs":["RT4"]},"geometry":{"type":"LineString","coordinates":[[9.3802296,51.3753686],[9.3800809,51.3755204]]}},{"type":"Feature","properties":{"way_id":154685169,"route_colors":[],"route_refs":["RT4"]},"geometry":{"type":"LineString","coordinates":[[9.3886287,51.3666708],[9.3854297,51.3699244],[9.3839094,51.3715573],[9.3802296,51.3753686]]}},{"type":"Feature","properties":{"way_id":154685166,"route_colors":[],"route_refs":["RT4"]},"geometry":{"type":"LineString","coordinates":[[9.3888451,51.3664489],[9.3886287,51.3666708]]}},{"type":"Feature","properties":{"way_id":154685168,"route_colors":[],"route_refs":["RT4"]},"geometry":{"type":"LineString","coordinates":[[9.3909319,51.3643773],[9.3888451,51.3664489]]}},{"type":"Feature","properties":{"way_id":154685167,"route_colors":[],"route_refs":["RT4"]},"geometry":{"type":"LineString","coordinates":[[9.391149,51.3641642],[9.3909319,51.3643773]]}},{"type":"Feature","properties":{"way_id":559492699,"route_colors":[],"route_refs":["RT4"]},"geometry":{"type":"LineString","coordinates":[[9.3943756,51.3609546],[9.3936721,51.361656],[9.3921475,51.3631723],[9.3917888,51.3635296],[9.3916995,51.3636184],[9.391149,51.3641642]]}},{"type":"Feature","properties":{"way_id":37768537,"route_colors":[],"route_refs":["RT4"]},"geometry":{"type":"LineString","coordinates":[[9.3969764,51.3589408],[9.3966511,51.3590649],[9.396374,51.3592143],[9.3957262,51.3596885],[9.3950052,51.3603421],[9.3943756,51.3609546]]}},{"type":"Feature","properties":{"way_id":37768536,"route_colors":[],"route_refs":["RT4"]},"geometry":{"type":"LineString","coordinates":[[9.397187,51.3588713],[9.3969764,51.3589408]]}},{"type":"Feature","properties":{"way_id":37768478,"route_colors":[],"route_refs":["RT4"]},"geometry":{"type":"LineString","coordinates":[[9.3977604,51.3587045],[9.3974335,51.3587986],[9.397187,51.3588713]]}},{"type":"Feature","properties":{"way_id":37768477,"route_colors":[],"route_refs":["RT4"]},"geometry":{"type":"LineString","coordinates":[[9.3979989,51.358651],[9.3977604,51.3587045]]}},{"type":"Feature","properties":{"way_id":138365638,"route_colors":[],"route_refs":["RT4"]},"geometry":{"type":"LineString","coordinates":[[9.4167822,51.3630736],[9.412429,51.3631601],[9.4118781,51.3631194],[9.4112832,51.3630333],[9.4108323,51.3629499],[9.410353,51.3628208],[9.4097912,51.3626703],[9.4024556,51.3593863],[9.401481,51.3589739],[9.4011115,51.3588434],[9.4006081,51.3587031],[9.4000915,51.3586095],[9.3995678,51.3585575],[9.3991581,51.3585501],[9.3987526,51.3585611],[9.3984272,51.3585896],[9.3979989,51.358651]]}},{"type":"Feature","properties":{"way_id":138365639,"route_colors":[],"route_refs":["RT4"]},"geometry":{"type":"LineString","coordinates":[[9.4172225,51.3630668],[9.4167822,51.3630736]]}},{"type":"Feature","properties":{"way_id":404555844,"route_colors":[],"route_refs":["RT4"]},"geometry":{"type":"LineString","coordinates":[[9.419276,51.3630391],[9.4172225,51.3630668]]}},{"type":"Feature","properties":{"way_id":31744566,"route_colors":[],"route_refs":["RT4"]},"geometry":{"type":"LineString","coordinates":[[9.4234042,51.3629894],[9.4232413,51.3629921],[9.4223622,51.3630039],[9.419276,51.3630391]]}},{"type":"Feature","properties":{"way_id":31744565,"route_colors":[],"route_refs":["RT4"]},"geometry":{"type":"LineString","coordinates":[[9.4235003,51.3629902],[9.4234042,51.3629894]]}},{"type":"Feature","properties":{"way_id":404555839,"route_colors":[],"route_refs":["RT4"]},"geometry":{"type":"LineString","coordinates":[[9.4253746,51.3629634],[9.4235003,51.3629902]]}},{"type":"Feature","properties":{"way_id":27643332,"route_colors":[],"route_refs":["RT4"]},"geometry":{"type":"LineString","coordinates":[[9.4253746,51.3629634],[9.4257455,51.3629632]]}},{"type":"Feature","properties":{"way_id":27643331,"route_colors":[],"route_refs":["RT4"]},"geometry":{"type":"LineString","coordinates":[[9.4257455,51.3629632],[9.4262451,51.3629572]]}},{"type":"Feature","properties":{"way_id":404553068,"route_colors":[],"route_refs":["RT4"]},"geometry":{"type":"LineString","coordinates":[[9.4262451,51.3629572],[9.4298507,51.3629229]]}},{"type":"Feature","properties":{"way_id":500284169,"route_colors":[],"route_refs":["RT4"]},"geometry":{"type":"LineString","coordinates":[[9.4298507,51.3629229],[9.4308132,51.3628826],[9.4311278,51.3628708],[9.4313482,51.3628658],[9.4316125,51.3628625],[9.4326013,51.3628524],[9.4331489,51.3628455]]}},{"type":"Feature","properties":{"way_id":500290243,"route_colors":[],"route_refs":["RT4"]},"geometry":{"type":"LineString","coordinates":[[9.4331489,51.3628455],[9.4339105,51.3628345],[9.4349328,51.3628246],[9.4445306,51.3626945]]}},{"type":"Feature","properties":{"way_id":1464019892,"route_colors":[],"route_refs":["RT4"]},"geometry":{"type":"LineString","coordinates":[[9.4445306,51.3626945],[9.4446197,51.3626913]]}},{"type":"Feature","properties":{"way_id":158024625,"route_colors":[],"route_refs":["RT4"]},"geometry":{"type":"LineString","coordinates":[[9.4446197,51.3626913],[9.4451186,51.3626732],[9.445736,51.3626219],[9.4464566,51.3625056],[9.4468662,51.3624212],[9.4472618,51.3623182],[9.4476982,51.3621844],[9.4482848,51.3619755]]}},{"type":"Feature","properties":{"way_id":500284171,"route_colors":[],"route_refs":["RT4"]},"geometry":{"type":"LineString","coordinates":[[9.4482848,51.3619755],[9.4488255,51.3617471],[9.4491461,51.3616072],[9.4494297,51.3614669],[9.4497415,51.3612924],[9.4504783,51.3608615]]}},{"type":"Feature","properties":{"way_id":587945538,"route_colors":[],"route_refs":["RT4"]},"geometry":{"type":"LineString","coordinates":[[9.4504783,51.3608615],[9.4512699,51.360345]]}},{"type":"Feature","properties":{"way_id":500284175,"route_colors":[],"route_refs":["RT4"]},"geometry":{"type":"LineString","coordinates":[[9.4512699,51.360345],[9.4514942,51.3601986],[9.4519007,51.359924],[9.4523258,51.3596092],[9.4528191,51.3592891],[9.453342,51.3589439],[9.453357,51.358934]]}},{"type":"Feature","properties":{"way_id":500284176,"route_colors":[],"route_refs":["RT4"]},"geometry":{"type":"LineString","coordinates":[[9.453357,51.358934],[9.4538429,51.3586293],[9.4544669,51.3582704],[9.4552131,51.3578553]]}},{"type":"Feature","properties":{"way_id":241512702,"route_colors":[],"route_refs":["RT4"]},"geometry":{"type":"LineString","coordinates":[[9.4334886,51.3628881],[9.4334898,51.3629303],[9.4334902,51.3629435],[9.4338444,51.3629397],[9.4338437,51.3629151],[9.4351406,51.3629012],[9.4351398,51.3628704],[9.4334886,51.3628881]]}},{"type":"Feature","properties":{"way_id":158024629,"route_colors":[],"route_refs":["RT4"]},"geometry":{"type":"LineString","coordinates":[[9.4553605,51.357752],[9.4562457,51.3572354]]}},{"type":"Feature","properties":{"way_id":158024630,"route_colors":[],"route_refs":["RT4"]},"geometry":{"type":"LineString","coordinates":[[9.4504783,51.3608615],[9.4496986,51.3613677],[9.4494975,51.3614783],[9.4492722,51.3615888],[9.4487096,51.3618425]]}},{"type":"Feature","properties":{"way_id":500284170,"route_colors":[],"route_refs":["RT4"]},"geometry":{"type":"LineString","coordinates":[[9.4487096,51.3618425],[9.4483147,51.3620062]]}},{"type":"Feature","properties":{"way_id":104488020,"route_colors":[],"route_refs":["RT4"]},"geometry":{"type":"LineString","coordinates":[[9.4483147,51.3620062],[9.4477172,51.3622212],[9.4472841,51.3623514],[9.4468877,51.362453],[9.4464847,51.3625399],[9.445747,51.3626573],[9.4451131,51.3627133],[9.444623,51.362731]]}},{"type":"Feature","properties":{"way_id":1464019891,"route_colors":[],"route_refs":["RT4"]},"geometry":{"type":"LineString","coordinates":[[9.444623,51.362731],[9.4445412,51.3627339]]}},{"type":"Feature","properties":{"way_id":500284168,"route_colors":[],"route_refs":["RT4"]},"geometry":{"type":"LineString","coordinates":[[9.4445412,51.3627339],[9.4352013,51.3628561],[9.4339158,51.3628744],[9.4334193,51.3628791]]}},{"type":"Feature","properties":{"way_id":500290242,"route_colors":[],"route_refs":["RT4"]},"geometry":{"type":"LineString","coordinates":[[9.4334193,51.3628791],[9.4326041,51.362887],[9.4298507,51.3629229]]}},{"type":"Feature","properties":{"way_id":241512696,"route_colors":[],"route_refs":["RT4"]},"geometry":{"type":"LineString","coordinates":[[9.4253746,51.3629634],[9.4240409,51.3629281],[9.4234801,51.3629327]]}},{"type":"Feature","properties":{"way_id":241512695,"route_colors":[],"route_refs":["RT4"]},"geometry":{"type":"LineString","coordinates":[[9.4234801,51.3629327],[9.423384,51.3629323]]}},{"type":"Feature","properties":{"way_id":241512697,"route_colors":[],"route_refs":["RT4"]},"geometry":{"type":"LineString","coordinates":[[9.423384,51.3629323],[9.4229562,51.3629352],[9.4223522,51.3629438],[9.4213048,51.3629586],[9.4208957,51.3629688],[9.4200502,51.3630086],[9.4197853,51.3630203],[9.419276,51.3630391]]}},{"type":"Feature","properties":{"way_id":404553946,"route_colors":[],"route_refs":["RT4"]},"geometry":{"type":"LineString","coordinates":[[9.3088984,51.3637312],[9.3083169,51.3639207]]}},{"type":"Feature","properties":{"way_id":260183367,"route_colors":[],"route_refs":["RT4"]},"geometry":{"type":"LineString","coordinates":[[9.3083169,51.3639207],[9.3074115,51.3642152],[9.3065412,51.3644917],[9.3056487,51.3647584],[9.3048603,51.3650151],[9.3042974,51.3651974]]}},{"type":"Feature","properties":{"way_id":559492702,"route_colors":[],"route_refs":["RT4"]},"geometry":{"type":"LineString","coordinates":[[9.3042974,51.3651974],[9.3042109,51.3652259],[9.3040776,51.36527],[9.303564,51.365433],[9.3033754,51.3654905],[9.3031923,51.3655407],[9.3029028,51.3656159]]}},{"type":"Feature","properties":{"way_id":194216256,"route_colors":[],"route_refs":["RT4"]},"geometry":{"type":"LineString","coordinates":[[9.3043258,51.3652778],[9.3043158,51.3652658],[9.3043072,51.3652556],[9.3057044,51.3648024],[9.305723,51.3648247],[9.3050483,51.3650412],[9.3043258,51.3652778]]}},{"type":"Feature","properties":{"way_id":260183368,"route_colors":[],"route_refs":["RT4"]},"geometry":{"type":"LineString","coordinates":[[9.3083169,51.3639207],[9.3080002,51.3640352],[9.3078453,51.3641001],[9.3076966,51.3641602],[9.3074872,51.3642357],[9.3069066,51.3644232],[9.3056943,51.3647895],[9.3048878,51.3650519]]}},{"type":"Feature","properties":{"way_id":244070419,"route_colors":["#7f5ca3","#8a4f38"],"route_refs":["RT5","5","6"]},"geometry":{"type":"LineString","coordinates":[[9.4810286,51.2985192],[9.4810629,51.2985078],[9.4810784,51.298533],[9.4810998,51.2985679],[9.4815737,51.2994792],[9.4815881,51.2995068],[9.4815901,51.2995285],[9.4815738,51.2995367],[9.4815508,51.2995257],[9.481531,51.2994881],[9.4810585,51.2985945],[9.4810394,51.2985464],[9.4810286,51.2985192]]}},{"type":"Feature","properties":{"way_id":352804912,"route_colors":["#7f5ca3","#8a4f38"],"route_refs":["RT5","5","6"]},"geometry":{"type":"LineString","coordinates":[[9.4837626,51.3034086],[9.4841736,51.3038871],[9.4842144,51.3039323],[9.4842704,51.3039945]]}},{"type":"Feature","properties":{"way_id":824827670,"route_colors":[],"route_refs":["RT5"]},"geometry":{"type":"LineString","coordinates":[[9.468738,51.2553801],[9.4687027,51.255248],[9.468681,51.255178],[9.4686337,51.255016],[9.4685834,51.25487],[9.4684976,51.2546471],[9.4684131,51.2544516],[9.4682843,51.2541859],[9.4682702,51.254188],[9.4683936,51.2544566],[9.4684754,51.2546534],[9.4685566,51.2548763],[9.4686095,51.2550223],[9.4686652,51.2552099],[9.4686584,51.2552142],[9.4686687,51.2552523],[9.468703,51.2553837],[9.468738,51.2553801]]}},{"type":"Feature","properties":{"way_id":234716790,"route_colors":[],"route_refs":["RT5"]},"geometry":{"type":"LineString","coordinates":[[9.4823444,51.204089],[9.4823069,51.2040641],[9.4818138,51.2043392],[9.4814355,51.2045573],[9.4805153,51.2051088],[9.480549,51.2051295],[9.4814652,51.204578],[9.4818453,51.2043612],[9.4823444,51.204089]]}},{"type":"Feature","properties":{"way_id":345206678,"route_colors":[],"route_refs":["RT5"]},"geometry":{"type":"LineString","coordinates":[[9.512162,51.1720739],[9.5122625,51.171992],[9.5123913,51.1718961],[9.5125703,51.1717696],[9.5126058,51.1717441],[9.5128064,51.1716064],[9.512976,51.171495],[9.5132147,51.1713437],[9.513493,51.1711675],[9.5136573,51.1710607],[9.5136148,51.1710356],[9.5134545,51.171142],[9.5131793,51.1713205],[9.5129387,51.1714739],[9.5127696,51.171582],[9.5125682,51.1717229],[9.512532,51.1717478],[9.512354,51.171875],[9.5122214,51.1719724],[9.5121216,51.1720539],[9.512162,51.1720739]]}},{"type":"Feature","properties":{"way_id":587945518,"route_colors":[],"route_refs":["RT5"]},"geometry":{"type":"LineString","coordinates":[[9.5455232,51.1542962],[9.5459162,51.1542525],[9.5461601,51.1542315],[9.5461942,51.1542286],[9.546572,51.1542088],[9.5468657,51.1542045],[9.5472372,51.1542104],[9.5476435,51.1542315],[9.5478962,51.1542522],[9.5479412,51.1542559]]}},{"type":"Feature","properties":{"way_id":1225005240,"route_colors":[],"route_refs":["RT5"]},"geometry":{"type":"LineString","coordinates":[[9.5599274,51.1449015],[9.5599019,51.1449139],[9.5600046,51.1450075],[9.5601642,51.1451583],[9.5602918,51.1452891],[9.5605311,51.1455533],[9.5606263,51.1456715],[9.5606442,51.1456955],[9.5608646,51.1459932],[9.5608879,51.1460246],[9.5609198,51.1460109],[9.5608985,51.1459836],[9.5606695,51.1456902],[9.5606605,51.1456786],[9.5605506,51.1455446],[9.5603135,51.1452816],[9.5601859,51.1451496],[9.5600285,51.1449945],[9.5599274,51.1449015]]}},{"type":"Feature","properties":{"way_id":216203423,"route_colors":[],"route_refs":["RT5"]},"geometry":{"type":"LineString","coordinates":[[9.5488801,51.1320554],[9.5488999,51.1320724],[9.5485639,51.1322693],[9.5476875,51.1327588],[9.547668,51.1327442],[9.5481982,51.1324592],[9.5485393,51.1322515],[9.5486182,51.1322103],[9.5485858,51.1321884],[9.5486187,51.1321693],[9.5486602,51.1321451],[9.5486926,51.132167],[9.5488801,51.1320554]]}},{"type":"Feature","properties":{"way_id":387448732,"route_colors":[],"route_refs":["RT5"]},"geometry":{"type":"LineString","coordinates":[[9.5453677,51.1254196],[9.5453334,51.1254363],[9.5457509,51.1257751],[9.5457149,51.1257926],[9.5458499,51.1259021],[9.5460406,51.126057],[9.5461051,51.1261093],[9.5461816,51.1261714],[9.5462177,51.1262007],[9.5462403,51.126219],[9.5462632,51.1262079],[9.5463362,51.1262672],[9.5463248,51.1262728],[9.5463133,51.1262783],[9.5463358,51.126296],[9.5463944,51.1263455],[9.5465767,51.1264921],[9.5466473,51.1265494],[9.5466501,51.1265516],[9.5466878,51.1265822],[9.546701,51.1265758],[9.5467918,51.1266495],[9.5468047,51.1266432],[9.5468488,51.1266218],[9.5464165,51.1262709],[9.5463177,51.1261907],[9.5453677,51.1254196]]}},{"type":"Feature","properties":{"way_id":30130928,"route_colors":["#7f5ca3","#8a4f38"],"route_refs":["RT5","5","6"]},"geometry":{"type":"LineString","coordinates":[[9.4813453,51.2991697],[9.4814453,51.2993572],[9.4815162,51.2994911]]}},{"type":"Feature","properties":{"way_id":397135588,"route_colors":["#7f5ca3","#8a4f38"],"route_refs":["RT5","5","6"]},"geometry":{"type":"LineString","coordinates":[[9.4815162,51.2994911],[9.4815857,51.2996217]]}},{"type":"Feature","properties":{"way_id":407040492,"route_colors":["#7f5ca3","#8a4f38"],"route_refs":["RT5","5","6"]},"geometry":{"type":"LineString","coordinates":[[9.4815857,51.2996217],[9.4819311,51.3002707],[9.4820994,51.3005861]]}},{"type":"Feature","properties":{"way_id":59140252,"route_colors":["#7f5ca3","#8a4f38"],"route_refs":["RT5","5","6"]},"geometry":{"type":"LineString","coordinates":[[9.4820994,51.3005861],[9.4822997,51.3009475],[9.4826015,51.3015333],[9.4833645,51.3029895],[9.4834624,51.3031347],[9.4836475,51.3033541]]}},{"type":"Feature","properties":{"way_id":373094868,"route_colors":["#7f5ca3","#8a4f38"],"route_refs":["RT5","5","6"]},"geometry":{"type":"LineString","coordinates":[[9.4836475,51.3033541],[9.4839816,51.3037204],[9.4842453,51.3040036]]}},{"type":"Feature","properties":{"way_id":404052620,"route_colors":["#7f5ca3","#8a4f38"],"route_refs":["RT5","5","6"]},"geometry":{"type":"LineString","coordinates":[[9.4842453,51.3040036],[9.4843471,51.3040946],[9.4855758,51.3054688],[9.4857072,51.3056158],[9.486329,51.3063112],[9.4865669,51.3065303],[9.4868689,51.3067251],[9.4870207,51.3068353],[9.4871289,51.3069065],[9.4874083,51.3070895],[9.4875666,51.3071913],[9.4876419,51.3072315]]}},{"type":"Feature","properties":{"way_id":373094859,"route_colors":["#7f5ca3","#8a4f38"],"route_refs":["RT5","5","6"]},"geometry":{"type":"LineString","coordinates":[[9.4876419,51.3072315],[9.487867,51.3073207],[9.48797,51.3073615],[9.4881606,51.3074583],[9.4883395,51.3075654],[9.4884164,51.3076173],[9.4886903,51.30781],[9.4888443,51.3079056],[9.4890178,51.3079997],[9.4892304,51.3080944],[9.489377,51.3081411],[9.4895279,51.3081828],[9.4897147,51.3082227],[9.4899199,51.308253],[9.4900548,51.3082677],[9.4906307,51.3083302],[9.490782,51.3083538],[9.4909337,51.3083824],[9.4910856,51.30842],[9.491234,51.3084641],[9.4913081,51.308488],[9.4913789,51.3085152],[9.4914998,51.3085681],[9.4916167,51.3086289],[9.4917192,51.3086916],[9.4918186,51.3087601],[9.4919106,51.3088348],[9.4919748,51.3089045],[9.4920972,51.3090348],[9.4929412,51.3100505],[9.4929933,51.3101067],[9.4930908,51.3101906],[9.4933967,51.310418],[9.4934629,51.3104661],[9.4934929,51.3104959],[9.4935174,51.3105324],[9.4935361,51.3105636],[9.4935455,51.3106031],[9.4935458,51.3106292],[9.493546,51.3106498],[9.4935368,51.3106908],[9.4935296,51.3107053],[9.4935175,51.3107296],[9.4934897,51.3107665]]}},{"type":"Feature","properties":{"way_id":402536156,"route_colors":["#7f5ca3","#8a4f38"],"route_refs":["RT5","5","6"]},"geometry":{"type":"LineString","coordinates":[[9.4934897,51.3107665],[9.4934539,51.3108001],[9.4934035,51.3108364],[9.4919584,51.3117453]]}},{"type":"Feature","properties":{"way_id":1504648321,"route_colors":[],"route_refs":["RT5"]},"geometry":{"type":"LineString","coordinates":[[9.4919584,51.3117453],[9.4918222,51.3118311]]}},{"type":"Feature","properties":{"way_id":185321658,"route_colors":[],"route_refs":["RT5"]},"geometry":{"type":"LineString","coordinates":[[9.4918222,51.3118311],[9.4917309,51.3118905],[9.4917206,51.3118977],[9.4916603,51.3119364],[9.4916353,51.311953],[9.4916188,51.3119636],[9.4916021,51.3119741],[9.4915764,51.3119908],[9.4915202,51.3120268],[9.4913959,51.3121063]]}},{"type":"Feature","properties":{"way_id":1504648319,"route_colors":[],"route_refs":["RT5"]},"geometry":{"type":"LineString","coordinates":[[9.4913959,51.3121063],[9.491344,51.3121397]]}},{"type":"Feature","properties":{"way_id":104506333,"route_colors":[],"route_refs":["RT5"]},"geometry":{"type":"LineString","coordinates":[[9.4895564,51.318133],[9.4892782,51.3182231]]}},{"type":"Feature","properties":{"way_id":30444292,"route_colors":[],"route_refs":["RT5"]},"geometry":{"type":"LineString","coordinates":[[9.4892782,51.3182231],[9.4891283,51.3182545],[9.4890049,51.3182775]]}},{"type":"Feature","properties":{"way_id":848664854,"route_colors":[],"route_refs":["RT5"]},"geometry":{"type":"LineString","coordinates":[[9.4890049,51.3182775],[9.4886062,51.318354],[9.4880718,51.318456]]}},{"type":"Feature","properties":{"way_id":481035919,"route_colors":[],"route_refs":["RT5"]},"geometry":{"type":"LineString","coordinates":[[9.4880718,51.318456],[9.4874778,51.3185708],[9.4873478,51.3185939]]}},{"type":"Feature","properties":{"way_id":407344011,"route_colors":[],"route_refs":["RT5"]},"geometry":{"type":"LineString","coordinates":[[9.4873478,51.3185939],[9.4872863,51.3186059],[9.4871787,51.3186243]]}},{"type":"Feature","properties":{"way_id":220387392,"route_colors":[],"route_refs":["RT5"]},"geometry":{"type":"LineString","coordinates":[[9.4871787,51.3186243],[9.486894,51.3186771],[9.4867694,51.3187011],[9.4866729,51.3187279],[9.4865367,51.3187711],[9.4864677,51.3187949],[9.4863912,51.3188259],[9.4862908,51.3188557],[9.486137,51.3188926]]}},{"type":"Feature","properties":{"way_id":220547095,"route_colors":[],"route_refs":["RT5"]},"geometry":{"type":"LineString","coordinates":[[9.486137,51.3188926],[9.4845765,51.319186],[9.4838489,51.3193182]]}},{"type":"Feature","properties":{"way_id":417587721,"route_colors":[],"route_refs":["RT5"]},"geometry":{"type":"LineString","coordinates":[[9.4838489,51.3193182],[9.4830511,51.3194608],[9.4828243,51.3195015],[9.4827821,51.3195089]]}},{"type":"Feature","properties":{"way_id":104485953,"route_colors":[],"route_refs":["RT5"]},"geometry":{"type":"LineString","coordinates":[[9.4827821,51.3195089],[9.4825601,51.3195474],[9.4819843,51.3196473]]}},{"type":"Feature","properties":{"way_id":104485976,"route_colors":[],"route_refs":["RT5"]},"geometry":{"type":"LineString","coordinates":[[9.4804935,51.3199015],[9.4809935,51.3198339],[9.4812804,51.3197807],[9.4819843,51.3196473]]}},{"type":"Feature","properties":{"way_id":104485956,"route_colors":[],"route_refs":["RT5"]},"geometry":{"type":"LineString","coordinates":[[9.4804935,51.3199015],[9.4799212,51.3199662]]}},{"type":"Feature","properties":{"way_id":536790620,"route_colors":[],"route_refs":["RT5"]},"geometry":{"type":"LineString","coordinates":[[9.4799212,51.3199662],[9.4796255,51.3200015]]}},{"type":"Feature","properties":{"way_id":104485973,"route_colors":[],"route_refs":["RT5"]},"geometry":{"type":"LineString","coordinates":[[9.4796255,51.3200015],[9.478929,51.3200805],[9.4787246,51.3201002]]}},{"type":"Feature","properties":{"way_id":132793206,"route_colors":[],"route_refs":["RT5"]},"geometry":{"type":"LineString","coordinates":[[9.4787246,51.3201002],[9.4782192,51.3201628],[9.4775975,51.3202319],[9.4775648,51.3202356],[9.4774934,51.3202437]]}},{"type":"Feature","properties":{"way_id":104505604,"route_colors":[],"route_refs":["RT5"]},"geometry":{"type":"LineString","coordinates":[[9.4774934,51.3202437],[9.4772949,51.3202685]]}},{"type":"Feature","properties":{"way_id":104505606,"route_colors":[],"route_refs":["RT5"]},"geometry":{"type":"LineString","coordinates":[[9.4772949,51.3202685],[9.4767279,51.3203334],[9.4762884,51.3203812],[9.4762343,51.3203866],[9.4756727,51.3204273],[9.4754055,51.3204382],[9.4750489,51.320449],[9.4727804,51.3204789],[9.4701996,51.3205136],[9.4684968,51.3205308],[9.46848,51.3205312],[9.4680744,51.3205379],[9.4677277,51.3205499],[9.4672302,51.320576],[9.4667991,51.3206108],[9.4662741,51.3206655],[9.4659425,51.3207095],[9.4654636,51.3207831],[9.4654083,51.3207906],[9.4645958,51.3209207],[9.4641893,51.3209771],[9.4637839,51.3210196],[9.4633491,51.3210596],[9.4628484,51.3210908],[9.4624217,51.3211074],[9.4620056,51.3211164],[9.4605708,51.3211319],[9.45995,51.3211388],[9.4593959,51.3211228],[9.4585479,51.3210483],[9.4575878,51.3209166],[9.4565744,51.3207704],[9.4560298,51.3206931],[9.4558187,51.3206632],[9.4550253,51.320545],[9.4542667,51.3204283],[9.454076,51.3203945],[9.4534883,51.3202902],[9.4527849,51.3201377],[9.452421,51.3200486],[9.4520176,51.3199376],[9.451331,51.3197139],[9.4509214,51.3195626],[9.4504854,51.3193826]]}},{"type":"Feature","properties":{"way_id":427521971,"route_colors":[],"route_refs":["RT5"]},"geometry":{"type":"LineString","coordinates":[[9.4504854,51.3193826],[9.4501551,51.3192288]]}},{"type":"Feature","properties":{"way_id":427521969,"route_colors":[],"route_refs":["RT5"]},"geometry":{"type":"LineString","coordinates":[[9.4501551,51.3192288],[9.449959,51.3191381]]}},{"type":"Feature","properties":{"way_id":402532119,"route_colors":[],"route_refs":["RT5"]},"geometry":{"type":"LineString","coordinates":[[9.449959,51.3191381],[9.4495775,51.3189367],[9.4491969,51.3187186],[9.4487607,51.318438],[9.4486741,51.3183744],[9.4486556,51.3183607],[9.4483056,51.3181034],[9.4480567,51.3179082],[9.4478443,51.3177171],[9.4475747,51.3174632],[9.4473287,51.3172042],[9.4471484,51.3169879],[9.4469931,51.3167848]]}},{"type":"Feature","properties":{"way_id":104371928,"route_colors":[],"route_refs":["RT5"]},"geometry":{"type":"LineString","coordinates":[[9.4469931,51.3167848],[9.446788,51.3164658]]}},{"type":"Feature","properties":{"way_id":104371931,"route_colors":[],"route_refs":["RT5"]},"geometry":{"type":"LineString","coordinates":[[9.446788,51.3164658],[9.4466912,51.3162879],[9.4466284,51.3161544],[9.4466113,51.3161181],[9.4465539,51.3159922],[9.4464889,51.3158202],[9.4464509,51.3157062],[9.4464083,51.3155547]]}},{"type":"Feature","properties":{"way_id":397513546,"route_colors":[],"route_refs":["RT5"]},"geometry":{"type":"LineString","coordinates":[[9.4464083,51.3155547],[9.4463617,51.3153661]]}},{"type":"Feature","properties":{"way_id":104366583,"route_colors":[],"route_refs":["RT5"]},"geometry":{"type":"LineString","coordinates":[[9.4463617,51.3153661],[9.4463528,51.3153136]]}},{"type":"Feature","properties":{"way_id":104366579,"route_colors":[],"route_refs":["RT5"]},"geometry":{"type":"LineString","coordinates":[[9.4463528,51.3153136],[9.4463276,51.3151522],[9.4463219,51.3151238]]}},{"type":"Feature","properties":{"way_id":104365760,"route_colors":[],"route_refs":["RT5"]},"geometry":{"type":"LineString","coordinates":[[9.4463219,51.3151238],[9.4462994,51.3149177],[9.4462951,51.3147335],[9.4463025,51.314503],[9.4463317,51.3142866],[9.4463979,51.3140152],[9.4464578,51.3138354],[9.4465107,51.3137121]]}},{"type":"Feature","properties":{"way_id":454572184,"route_colors":[],"route_refs":["RT5"]},"geometry":{"type":"LineString","coordinates":[[9.4465107,51.3137121],[9.4465396,51.3136475]]}},{"type":"Feature","properties":{"way_id":59239186,"route_colors":[],"route_refs":["RT5"]},"geometry":{"type":"LineString","coordinates":[[9.4465396,51.3136475],[9.4470528,51.3126748]]}},{"type":"Feature","properties":{"way_id":59239159,"route_colors":[],"route_refs":["RT5"]},"geometry":{"type":"LineString","coordinates":[[9.4470528,51.3126748],[9.4470764,51.3126373],[9.4473026,51.3122787],[9.4474772,51.3119789],[9.4475454,51.3118598],[9.4476857,51.3116039]]}},{"type":"Feature","properties":{"way_id":1533167752,"route_colors":[],"route_refs":["RT5"]},"geometry":{"type":"LineString","coordinates":[[9.4476857,51.3116039],[9.4477245,51.3115347],[9.4477298,51.3115252],[9.4477482,51.3114923]]}},{"type":"Feature","properties":{"way_id":1425634752,"route_colors":[],"route_refs":["RT5"]},"geometry":{"type":"LineString","coordinates":[[9.4477482,51.3114923],[9.4480149,51.3110186],[9.448027,51.3109972],[9.4485069,51.3101448],[9.4488202,51.3095839],[9.4491282,51.309053],[9.4491819,51.3089605],[9.4494277,51.3085708],[9.4495872,51.3083393]]}},{"type":"Feature","properties":{"way_id":132802727,"route_colors":[],"route_refs":["RT5"]},"geometry":{"type":"LineString","coordinates":[[9.4498926,51.3079173],[9.4497301,51.3081376],[9.4495872,51.3083393]]}},{"type":"Feature","properties":{"way_id":104511313,"route_colors":[],"route_refs":["RT5"]},"geometry":{"type":"LineString","coordinates":[[9.4500483,51.3077123],[9.4498926,51.3079173]]}},{"type":"Feature","properties":{"way_id":132781617,"route_colors":[],"route_refs":["RT5"]},"geometry":{"type":"LineString","coordinates":[[9.4523365,51.3047311],[9.4517397,51.3055061],[9.4511357,51.3062913],[9.4509574,51.3065271],[9.4506899,51.3068808],[9.4503848,51.3072757],[9.4500483,51.3077123]]}},{"type":"Feature","properties":{"way_id":135630254,"route_colors":[],"route_refs":["RT5"]},"geometry":{"type":"LineString","coordinates":[[9.4538439,51.3027575],[9.452759,51.3041818],[9.4524289,51.3046061],[9.4523365,51.3047311]]}},{"type":"Feature","properties":{"way_id":421670732,"route_colors":[],"route_refs":["RT5"]},"geometry":{"type":"LineString","coordinates":[[9.4545122,51.3018894],[9.4543392,51.3021176],[9.4540755,51.30246],[9.4538439,51.3027575]]}},{"type":"Feature","properties":{"way_id":135651557,"route_colors":[],"route_refs":["RT5"]},"geometry":{"type":"LineString","coordinates":[[9.4594361,51.2951048],[9.4593841,51.2952135],[9.4593767,51.2952291],[9.4591254,51.2957342],[9.4590061,51.2959396],[9.4587968,51.2962658],[9.4586873,51.2964263],[9.4584271,51.2967825],[9.4580813,51.2972357],[9.4573416,51.2982021],[9.4569939,51.2986562],[9.4563663,51.2994759],[9.4553143,51.3008471],[9.4545122,51.3018894]]}},{"type":"Feature","properties":{"way_id":368994795,"route_colors":[],"route_refs":["RT5"]},"geometry":{"type":"LineString","coordinates":[[9.4599424,51.293381],[9.4598623,51.2937814],[9.4597709,51.2941243],[9.4597396,51.2942417],[9.4596035,51.2946674],[9.4594361,51.2951048]]}},{"type":"Feature","properties":{"way_id":104360741,"route_colors":[],"route_refs":["RT5"]},"geometry":{"type":"LineString","coordinates":[[9.4597364,51.2904115],[9.4597981,51.2905655],[9.4598494,51.2907153],[9.4599222,51.2909774],[9.4599643,51.2911637],[9.459987,51.2912935],[9.4600312,51.2915454],[9.4600461,51.2917689],[9.4600543,51.291991],[9.4600523,51.2925586],[9.4599671,51.2932191],[9.4599424,51.293381]]}},{"type":"Feature","properties":{"way_id":104360744,"route_colors":[],"route_refs":["RT5"]},"geometry":{"type":"LineString","coordinates":[[9.4588174,51.2885968],[9.4597364,51.2904115]]}},{"type":"Feature","properties":{"way_id":69766029,"route_colors":[],"route_refs":["RT5"]},"geometry":{"type":"LineString","coordinates":[[9.4573448,51.2851676],[9.4575372,51.2856374],[9.4577336,51.2861077],[9.4581709,51.2871593],[9.4584183,51.2877561],[9.4586071,51.288178],[9.4588174,51.2885968]]}},{"type":"Feature","properties":{"way_id":69766026,"route_colors":[],"route_refs":["RT5"]},"geometry":{"type":"LineString","coordinates":[[9.4572282,51.284917],[9.4573448,51.2851676]]}},{"type":"Feature","properties":{"way_id":104360757,"route_colors":[],"route_refs":["RT5"]},"geometry":{"type":"LineString","coordinates":[[9.4572282,51.284917],[9.456892,51.2840873],[9.4564553,51.2830389]]}},{"type":"Feature","properties":{"way_id":1159327115,"route_colors":[],"route_refs":["RT5"]},"geometry":{"type":"LineString","coordinates":[[9.4564553,51.2830389],[9.4564105,51.2829302],[9.4560175,51.2819771]]}},{"type":"Feature","properties":{"way_id":277583436,"route_colors":[],"route_refs":["RT5"]},"geometry":{"type":"LineString","coordinates":[[9.4560175,51.2819771],[9.4558549,51.2815861],[9.4554528,51.2806188],[9.4550803,51.279723]]}},{"type":"Feature","properties":{"way_id":66023215,"route_colors":[],"route_refs":["RT5"]},"geometry":{"type":"LineString","coordinates":[[9.4550803,51.279723],[9.4548447,51.2791356]]}},{"type":"Feature","properties":{"way_id":533542664,"route_colors":[],"route_refs":["RT5"]},"geometry":{"type":"LineString","coordinates":[[9.4548447,51.2791356],[9.4547805,51.2789694],[9.4547749,51.2789554],[9.4546647,51.2786793],[9.4545054,51.278243],[9.4544437,51.2780665],[9.4543006,51.277637],[9.4541709,51.2772237],[9.4540522,51.2768256],[9.4539885,51.2765911],[9.4538772,51.27619],[9.4538029,51.2758868],[9.4537912,51.2758391],[9.4537371,51.2756124],[9.4536865,51.2753923],[9.4536479,51.2752054],[9.4536409,51.2751713],[9.4535872,51.2748428],[9.4535435,51.2745189],[9.453513,51.2741878],[9.4534914,51.2738582],[9.4534877,51.2732982],[9.4535197,51.2727598],[9.4535602,51.2723706],[9.4535637,51.2723473],[9.453634,51.2718728],[9.4537051,51.2715319],[9.4537868,51.2711837],[9.4538882,51.2708659],[9.4539959,51.270548],[9.4541657,51.2701243],[9.4543563,51.2697005],[9.4543961,51.2696177],[9.4544545,51.2694961],[9.4545859,51.2692456],[9.4547082,51.2690177],[9.4548351,51.2688021]]}},{"type":"Feature","properties":{"way_id":11838614,"route_colors":[],"route_refs":["RT5"]},"geometry":{"type":"LineString","coordinates":[[9.4548351,51.2688021],[9.4550759,51.2684154],[9.4552317,51.2681722],[9.4553801,51.2679612],[9.4555939,51.2676774],[9.4557565,51.2674778],[9.4559345,51.2672745],[9.4559838,51.2672179],[9.456243,51.2669502],[9.4565128,51.2666919],[9.4566422,51.2665782],[9.4568702,51.2663779],[9.4572393,51.2660737],[9.4576649,51.2657642],[9.4578872,51.2656111],[9.4581147,51.2654684],[9.4583512,51.2653218],[9.4583819,51.2653028],[9.458656,51.2651438],[9.4589353,51.2649874],[9.4592237,51.2648377],[9.4598067,51.2645576],[9.460435,51.2642701],[9.4614707,51.263834],[9.4624012,51.2634431],[9.4624449,51.2634247],[9.4627266,51.2633122],[9.4630008,51.2631949],[9.4632779,51.263075],[9.4635475,51.2629523],[9.4639729,51.2627406],[9.4643877,51.2625222],[9.4649756,51.2621881],[9.4652663,51.2619987],[9.4655493,51.2618055],[9.4664767,51.2611028],[9.4664867,51.2610952],[9.466754,51.2608531],[9.467012,51.2606096],[9.4672526,51.2603678],[9.4674783,51.2601257],[9.4677449,51.2598092],[9.4678198,51.2597043],[9.4679856,51.2594722],[9.4680755,51.2593388],[9.4682059,51.2591229],[9.4683263,51.2589078],[9.4684198,51.2587223],[9.4685033,51.2585386],[9.4686097,51.2582673],[9.4686561,51.258149],[9.4687136,51.2579634],[9.4687633,51.2577783],[9.4688295,51.2574949],[9.4688706,51.2572152],[9.4688923,51.2569717],[9.4689065,51.2565826],[9.4688955,51.2563433],[9.4688764,51.2560982],[9.4688559,51.2558706],[9.4688216,51.2556444],[9.4687691,51.255404],[9.4687067,51.2551621],[9.4686344,51.2549268],[9.4685508,51.2547015],[9.4684654,51.2544904],[9.4683663,51.2542826],[9.4682388,51.2540358],[9.4681033,51.2538009],[9.4678868,51.25347],[9.467758,51.2532902],[9.4675917,51.253074],[9.467417,51.2528612],[9.4673719,51.252809],[9.467053,51.2524399],[9.465955,51.2512205],[9.4653816,51.2505837],[9.4648843,51.250013],[9.4647848,51.2498928],[9.4647431,51.2498425],[9.4639557,51.2488915],[9.4628031,51.2474986],[9.4627867,51.2474788],[9.461696,51.246164],[9.4613895,51.2457876],[9.4611113,51.2454156],[9.4608735,51.2450494],[9.4606581,51.2446781],[9.4606481,51.2446567],[9.4604656,51.2442682],[9.4603046,51.2438218],[9.460239,51.2435923],[9.4601852,51.2433765],[9.4601457,51.2431594],[9.4601121,51.2429452],[9.4601064,51.2428927],[9.4600938,51.242776],[9.4600849,51.2426931],[9.460073,51.2424461],[9.4600924,51.2418997],[9.4601437,51.2415299],[9.4602189,51.2411688],[9.4603162,51.2408323],[9.4605025,51.2403406]]}},{"type":"Feature","properties":{"way_id":267625764,"route_colors":[],"route_refs":["RT5"]},"geometry":{"type":"LineString","coordinates":[[9.4605025,51.2403406],[9.4605714,51.2401738],[9.4606964,51.2399241],[9.4608371,51.2396696],[9.4609947,51.2394207],[9.4612477,51.2390592],[9.4614154,51.238846],[9.4615845,51.2386487],[9.4616254,51.2386031],[9.461788,51.2384219],[9.4620795,51.2381223],[9.4624358,51.2377691],[9.4626016,51.2376047],[9.4628173,51.2373895],[9.462993,51.2372007],[9.4632715,51.2369014],[9.4634876,51.236626],[9.4635461,51.2365445],[9.4635731,51.2365013],[9.463678,51.2363481],[9.4638724,51.2360196],[9.46405,51.2356887],[9.4646593,51.2345421],[9.4647798,51.2343153],[9.4649603,51.2339766],[9.4655416,51.2328836],[9.4656516,51.2326817]]}},{"type":"Feature","properties":{"way_id":26480046,"route_colors":[],"route_refs":["RT5"]},"geometry":{"type":"LineString","coordinates":[[9.4656516,51.2326817],[9.4657536,51.2324867],[9.4659782,51.2320576]]}},{"type":"Feature","properties":{"way_id":26480045,"route_colors":[],"route_refs":["RT5"]},"geometry":{"type":"LineString","coordinates":[[9.4659782,51.2320576],[9.4659985,51.2320186]]}},{"type":"Feature","properties":{"way_id":412754253,"route_colors":[],"route_refs":["RT5"]},"geometry":{"type":"LineString","coordinates":[[9.4659985,51.2320186],[9.4660083,51.2320015]]}},{"type":"Feature","properties":{"way_id":426323815,"route_colors":[],"route_refs":["RT5"]},"geometry":{"type":"LineString","coordinates":[[9.4660083,51.2320015],[9.466013,51.2319928],[9.4661095,51.2318161]]}},{"type":"Feature","properties":{"way_id":104302745,"route_colors":[],"route_refs":["RT5"]},"geometry":{"type":"LineString","coordinates":[[9.4661095,51.2318161],[9.4663445,51.2314287],[9.4668838,51.2305992],[9.4669057,51.2305655],[9.4669383,51.2305153],[9.4671346,51.2302133],[9.4673589,51.22982],[9.4674561,51.2295928],[9.4675033,51.2294654],[9.4675096,51.2294483],[9.467582,51.2292446],[9.4676552,51.2290384],[9.4677355,51.228688],[9.4678585,51.2282596],[9.4679222,51.2281062],[9.4679967,51.2279571],[9.468108,51.2277706],[9.4682643,51.2275499]]}},{"type":"Feature","properties":{"way_id":267625773,"route_colors":[],"route_refs":["RT5"]},"geometry":{"type":"LineString","coordinates":[[9.4682643,51.2275499],[9.4682758,51.2275364],[9.4684809,51.2272834]]}},{"type":"Feature","properties":{"way_id":104302741,"route_colors":[],"route_refs":["RT5"]},"geometry":{"type":"LineString","coordinates":[[9.4684809,51.2272834],[9.4686461,51.227075],[9.4695262,51.2259994],[9.4701791,51.2251891]]}},{"type":"Feature","properties":{"way_id":104302735,"route_colors":[],"route_refs":["RT5"]},"geometry":{"type":"LineString","coordinates":[[9.4701791,51.2251891],[9.4703601,51.2249691],[9.4703673,51.2249599],[9.4705508,51.224727],[9.4707148,51.2244925],[9.4709241,51.2241551],[9.4710992,51.223792],[9.4711889,51.2235425],[9.4712593,51.223289],[9.4713032,51.2229529],[9.4713151,51.2226137],[9.4712846,51.2222804],[9.4711736,51.2218054],[9.4711635,51.2217751],[9.4710903,51.2215563],[9.4709913,51.2213441],[9.4709518,51.2212595],[9.470789,51.220982],[9.4707003,51.2208486],[9.4706179,51.2207371],[9.4704593,51.2205223],[9.4701941,51.220201],[9.4699767,51.2199294]]}},{"type":"Feature","properties":{"way_id":1044576424,"route_colors":[],"route_refs":["RT5"]},"geometry":{"type":"LineString","coordinates":[[9.4699767,51.2199294],[9.4699664,51.2199166],[9.4696513,51.2195265],[9.4696109,51.2194712],[9.4695648,51.2194092],[9.4693215,51.2190816]]}},{"type":"Feature","properties":{"way_id":1044576422,"route_colors":[],"route_refs":["RT5"]},"geometry":{"type":"LineString","coordinates":[[9.4693215,51.2190816],[9.4692405,51.2189621]]}},{"type":"Feature","properties":{"way_id":267625776,"route_colors":[],"route_refs":["RT5"]},"geometry":{"type":"LineString","coordinates":[[9.4692405,51.2189621],[9.469045,51.218653],[9.4688334,51.2182408],[9.4686304,51.2177393],[9.4684756,51.2172942],[9.4683848,51.2168572],[9.4683335,51.2164799],[9.4683216,51.216079],[9.4683282,51.2158142],[9.4683456,51.2155527],[9.4683965,51.2152087],[9.4685143,51.2147177],[9.4686192,51.2143899],[9.4687714,51.2140131],[9.4689703,51.2136206],[9.4691952,51.2132587],[9.4694998,51.2128166],[9.4699337,51.2123141],[9.4702282,51.2120106],[9.4704917,51.2117653],[9.4706886,51.2115945],[9.4709241,51.2113902],[9.47108,51.2112541],[9.4712021,51.211157]]}},{"type":"Feature","properties":{"way_id":104309495,"route_colors":[],"route_refs":["RT5"]},"geometry":{"type":"LineString","coordinates":[[9.4712021,51.211157],[9.4719578,51.2105459]]}},{"type":"Feature","properties":{"way_id":104309507,"route_colors":[],"route_refs":["RT5"]},"geometry":{"type":"LineString","coordinates":[[9.4719578,51.2105459],[9.4723633,51.2102378],[9.4725116,51.2101272],[9.4728376,51.2098842],[9.473477,51.2094519],[9.4748374,51.2086245],[9.4761768,51.207809],[9.477664,51.2069015],[9.4791617,51.2059959],[9.4800369,51.2054608],[9.480081,51.2054338],[9.4801501,51.2053916],[9.48114,51.2047884],[9.4819512,51.2043173],[9.4825329,51.2040108],[9.4825846,51.2039835]]}},{"type":"Feature","properties":{"way_id":104309508,"route_colors":[],"route_refs":["RT5"]},"geometry":{"type":"LineString","coordinates":[[9.4825846,51.2039835],[9.4828558,51.2038479]]}},{"type":"Feature","properties":{"way_id":104309502,"route_colors":[],"route_refs":["RT5"]},"geometry":{"type":"LineString","coordinates":[[9.4828558,51.2038479],[9.483549,51.2034894],[9.4837734,51.2033766],[9.4862952,51.2020818],[9.4876471,51.2014019],[9.487848,51.2013009],[9.4880166,51.2012161]]}},{"type":"Feature","properties":{"way_id":104309497,"route_colors":[],"route_refs":["RT5"]},"geometry":{"type":"LineString","coordinates":[[9.4880166,51.2012161],[9.4928299,51.1987488]]}},{"type":"Feature","properties":{"way_id":104309510,"route_colors":[],"route_refs":["RT5"]},"geometry":{"type":"LineString","coordinates":[[9.4928299,51.1987488],[9.4930203,51.1986539],[9.493799,51.1982542],[9.4944192,51.1979363],[9.4949045,51.1976724],[9.4954154,51.1973636],[9.4957197,51.1971616],[9.4960105,51.1969569],[9.4965487,51.1965329],[9.4970621,51.1960641],[9.4974074,51.1957],[9.4977,51.1953436],[9.4979022,51.1950864],[9.4980886,51.1948265],[9.4983655,51.1943746],[9.4985879,51.1939059],[9.4988131,51.1934092],[9.4988757,51.1932579],[9.4989823,51.193],[9.4992241,51.1924155],[9.4993711,51.1920102],[9.4993868,51.1919577],[9.4994399,51.1917798],[9.4995177,51.1914463],[9.4995601,51.1912203],[9.4995983,51.1909121],[9.4996253,51.1905101],[9.4996279,51.1900347],[9.4996316,51.1886349],[9.4996331,51.1884487],[9.4996339,51.1883511],[9.4996342,51.1882302],[9.4996346,51.1880607],[9.4996483,51.1878327],[9.4996695,51.1875005],[9.4997318,51.1871089],[9.4997529,51.1870226],[9.4998453,51.1866453],[9.4999694,51.1862763],[9.5001461,51.1858486],[9.5002513,51.1856209],[9.500486,51.1851194],[9.5007727,51.1845052],[9.5009407,51.1841446],[9.5013737,51.1832429],[9.5016258,51.1827973],[9.5018365,51.1824589],[9.5021372,51.1820496],[9.5022116,51.1819612],[9.5026248,51.1814705],[9.5037139,51.1801837],[9.5041711,51.1796709],[9.5046669,51.179164],[9.5055918,51.1782855]]}},{"type":"Feature","properties":{"way_id":104309492,"route_colors":[],"route_refs":["RT5"]},"geometry":{"type":"LineString","coordinates":[[9.5055918,51.1782855],[9.5057785,51.1781043]]}},{"type":"Feature","properties":{"way_id":104309512,"route_colors":[],"route_refs":["RT5"]},"geometry":{"type":"LineString","coordinates":[[9.5057785,51.1781043],[9.5067892,51.177141],[9.5076058,51.1763627],[9.5086073,51.1754041],[9.5095723,51.1744851],[9.5108057,51.173305],[9.5113945,51.1727466],[9.5114974,51.172649],[9.5118785,51.1723169],[9.5122791,51.1720013],[9.5122903,51.1719929],[9.5124261,51.1718904],[9.5126691,51.1717137],[9.5129974,51.1714955],[9.5132384,51.1713413],[9.5136667,51.1710674],[9.5137501,51.1710151],[9.5150914,51.1701738],[9.5168674,51.1690596],[9.5199907,51.1671077],[9.5205467,51.1667879],[9.5207347,51.1666885],[9.5210726,51.1665099],[9.5217668,51.166181],[9.5221161,51.1660317],[9.5225817,51.1658441],[9.5231366,51.1656411],[9.5236192,51.1654857],[9.5240324,51.1653636],[9.5242592,51.1653002],[9.5246137,51.1652075],[9.5249775,51.1651249],[9.5253333,51.1650508],[9.5257047,51.1649846],[9.5260482,51.164929],[9.5264592,51.1648708],[9.526838,51.1648242],[9.5271851,51.164785],[9.5272055,51.1647827],[9.5282432,51.1646657],[9.5287789,51.1645988],[9.5291537,51.1645469],[9.5295258,51.1644875],[9.5295997,51.1644747],[9.529881,51.164426],[9.5302107,51.1643582],[9.5305921,51.164273],[9.5309476,51.1641786],[9.5313088,51.1640771],[9.5316324,51.1639735],[9.532026,51.163835],[9.5323959,51.1636951],[9.5326846,51.163579],[9.5329599,51.1634586]]}},{"type":"Feature","properties":{"way_id":235057022,"route_colors":[],"route_refs":["RT5"]},"geometry":{"type":"LineString","coordinates":[[9.5329599,51.1634586],[9.5331606,51.16337]]}},{"type":"Feature","properties":{"way_id":235057020,"route_colors":[],"route_refs":["RT5"]},"geometry":{"type":"LineString","coordinates":[[9.5331606,51.16337],[9.5335133,51.1631971],[9.5339141,51.1629882],[9.5343363,51.1627457],[9.5347955,51.1624528],[9.5353396,51.1620539],[9.5355646,51.1618724],[9.5358749,51.1615997],[9.5358938,51.1615813],[9.5359069,51.1615685],[9.536123,51.1613574],[9.5363536,51.1611109],[9.5365809,51.1608471],[9.5367468,51.1606354],[9.5370804,51.1601469],[9.5371759,51.1599912],[9.5374755,51.1595026],[9.5375343,51.1594074],[9.5381484,51.1584133],[9.5383442,51.1581236],[9.5385276,51.1578787],[9.5387352,51.1576224],[9.5389536,51.1573845],[9.5391846,51.157147],[9.5394011,51.1569491],[9.5396998,51.1566943],[9.5399473,51.1565005],[9.5402722,51.1562714],[9.5407048,51.1559897],[9.5409794,51.1558296],[9.5409938,51.1558212],[9.5412673,51.1556709],[9.5416687,51.1554711],[9.5419936,51.1553198],[9.5423194,51.1551818],[9.5427296,51.1550219],[9.5431046,51.1548908],[9.543529,51.1547551],[9.5439748,51.1546279],[9.544452,51.1545096],[9.5445124,51.1544971],[9.5449494,51.1544064],[9.545456,51.1543258],[9.5458979,51.1542754],[9.5462028,51.1542496],[9.5465586,51.1542326],[9.5468617,51.1542268],[9.5472022,51.1542325],[9.5472335,51.154233],[9.5476519,51.154253],[9.5477409,51.1542607],[9.5479528,51.154279],[9.548093,51.1542911],[9.5482103,51.1543069],[9.548387,51.1543306],[9.5487341,51.1543883],[9.5488636,51.1544138],[9.5491745,51.154475],[9.5495394,51.1545616],[9.5497607,51.1546178],[9.5508279,51.1549219],[9.5512564,51.1550446],[9.5517274,51.1551762],[9.5521362,51.1552822],[9.5521544,51.1552864],[9.5523728,51.1553365],[9.5526287,51.1553897],[9.5528542,51.1554325],[9.553122,51.1554742],[9.5533795,51.1555071],[9.5536438,51.1555316],[9.5539139,51.1555533],[9.5541974,51.1555665],[9.5545104,51.1555768],[9.5548612,51.1555751],[9.5551692,51.1555635],[9.5554892,51.1555419],[9.5557381,51.1555206],[9.5559883,51.1554893],[9.5562516,51.155454],[9.5564989,51.155412],[9.5567501,51.1553641],[9.5569973,51.1553096],[9.5570144,51.1553052],[9.5573163,51.1552275],[9.5576093,51.1551422],[9.5579175,51.1550419],[9.5582033,51.1549402],[9.5585054,51.1548186],[9.5588258,51.1546795],[9.5591573,51.1545258],[9.5594858,51.1543458],[9.559774,51.1541813],[9.5600409,51.1540119],[9.5603819,51.153777],[9.5607198,51.1535056],[9.5610902,51.1531686],[9.5612366,51.1530217],[9.5613723,51.1528723],[9.5614996,51.1527162],[9.5616246,51.1525547],[9.5617439,51.1523904],[9.5618498,51.1522211],[9.5620661,51.1518433],[9.5621982,51.1515209],[9.5622905,51.1512255],[9.5623622,51.1509087],[9.5623989,51.1506163],[9.5624087,51.1503205],[9.5623986,51.1501263],[9.5623825,51.149959],[9.5623154,51.1495535],[9.5622388,51.1492584],[9.5620228,51.1485054],[9.5618523,51.1479312],[9.5618272,51.1478466],[9.5617942,51.1477354],[9.5617721,51.1476705],[9.5616852,51.1474148],[9.5615574,51.1470942],[9.5614535,51.1468706],[9.5613183,51.1466058],[9.5611513,51.1463234],[9.5611086,51.1462565],[9.5610618,51.146186],[9.5610173,51.1461201],[9.5608912,51.1459393],[9.5606975,51.1456892],[9.5605615,51.1455256],[9.5604215,51.1453646],[9.5602188,51.1451515],[9.5600066,51.1449418],[9.5596384,51.1446122],[9.5594547,51.1444655],[9.5593891,51.144413],[9.5592421,51.1442956],[9.5588178,51.1439908],[9.5586013,51.1438456],[9.5583469,51.143687],[9.5579229,51.1434386],[9.5575013,51.1432109],[9.5574387,51.1431796],[9.5569965,51.1429585],[9.5565219,51.1427435],[9.5560422,51.1425479],[9.5555859,51.1423809],[9.5552255,51.1422634],[9.5548673,51.1421555],[9.5542232,51.1419805],[9.5538935,51.141894],[9.5530215,51.1416717],[9.5526978,51.1415891],[9.552016,51.1414153],[9.5502097,51.1409522],[9.5497776,51.1408332],[9.5494595,51.1407379],[9.5491844,51.1406476],[9.5487728,51.1404935],[9.5485959,51.1404272],[9.5481392,51.1402251],[9.5476959,51.1399964],[9.5474899,51.1398807],[9.5470096,51.1395694],[9.5467056,51.1393379],[9.5466448,51.1392879],[9.5463916,51.1390793],[9.5461437,51.138847],[9.5459644,51.1386457],[9.5458203,51.1384689],[9.5456152,51.1381988],[9.5454051,51.1378397],[9.5452325,51.1374846],[9.5451503,51.1372339],[9.5450768,51.1369294],[9.5450472,51.1367448],[9.545027,51.1365677],[9.5450206,51.136355],[9.5450263,51.1361877],[9.5450392,51.1359843],[9.5450688,51.1357949],[9.545114,51.1355903],[9.5451698,51.135414],[9.5452758,51.1351228],[9.5453621,51.1349407],[9.5454645,51.1347612]]}},{"type":"Feature","properties":{"way_id":104309501,"route_colors":[],"route_refs":["RT5"]},"geometry":{"type":"LineString","coordinates":[[9.5454645,51.1347612],[9.5455133,51.1346728]]}},{"type":"Feature","properties":{"way_id":104309511,"route_colors":[],"route_refs":["RT5"]},"geometry":{"type":"LineString","coordinates":[[9.5455133,51.1346728],[9.5456221,51.1344996],[9.5457758,51.134298],[9.5459592,51.1340773],[9.5462249,51.1338067],[9.5464924,51.1335658],[9.5465084,51.1335514],[9.5468236,51.1333103],[9.5472857,51.1330064]]}},{"type":"Feature","properties":{"way_id":267625779,"route_colors":[],"route_refs":["RT5"]},"geometry":{"type":"LineString","coordinates":[[9.5472857,51.1330064],[9.5476451,51.1327981],[9.5477028,51.1327647],[9.5478855,51.1326629],[9.5483559,51.132401],[9.5486923,51.1322163],[9.5490459,51.132002],[9.5491123,51.1319617],[9.5493661,51.1317629],[9.5495372,51.1316014]]}},{"type":"Feature","properties":{"way_id":1150579805,"route_colors":[],"route_refs":["RT5"]},"geometry":{"type":"LineString","coordinates":[[9.5495372,51.1316014],[9.5496392,51.1314967]]}},{"type":"Feature","properties":{"way_id":104309493,"route_colors":[],"route_refs":["RT5"]},"geometry":{"type":"LineString","coordinates":[[9.5496392,51.1314967],[9.5497424,51.1313772],[9.5498695,51.1312095],[9.5499557,51.131062],[9.5500409,51.1308844],[9.5500863,51.1307579],[9.550121,51.1306288]]}},{"type":"Feature","properties":{"way_id":104309505,"route_colors":[],"route_refs":["RT5"]},"geometry":{"type":"LineString","coordinates":[[9.550121,51.1306288],[9.5501469,51.1305166],[9.550167,51.1303621],[9.5501683,51.1301672],[9.5501478,51.1299735]]}},{"type":"Feature","properties":{"way_id":104309488,"route_colors":[],"route_refs":["RT5"]},"geometry":{"type":"LineString","coordinates":[[9.5501478,51.1299735],[9.5501192,51.1298472],[9.5500764,51.1297103]]}},{"type":"Feature","properties":{"way_id":104309509,"route_colors":[],"route_refs":["RT5"]},"geometry":{"type":"LineString","coordinates":[[9.5500764,51.1297103],[9.5500081,51.1295472],[9.5499191,51.1293763],[9.5497944,51.1291861],[9.5496302,51.1289782],[9.5493648,51.1286939],[9.549177,51.1285237],[9.5488657,51.1282644],[9.548053,51.1275875],[9.5479101,51.1274704],[9.5476863,51.1272869],[9.5476772,51.1272794],[9.5469916,51.1267174],[9.5468726,51.1266189],[9.5462281,51.1260852]]}},{"type":"Feature","properties":{"way_id":216204165,"route_colors":[],"route_refs":["RT5"]},"geometry":{"type":"LineString","coordinates":[[9.5491756,51.1320383],[9.549126,51.1320717],[9.5489358,51.1321827],[9.5489217,51.1321923],[9.5487472,51.1322891],[9.5487823,51.1323135],[9.5486572,51.1323843],[9.5486221,51.1323599],[9.5481761,51.1326124],[9.5478301,51.1327982],[9.5478105,51.1327843],[9.5482524,51.1325365],[9.5489055,51.1321708],[9.5491476,51.1320202],[9.5491756,51.1320383]]}},{"type":"Feature","properties":{"way_id":1225005239,"route_colors":[],"route_refs":["RT5"]},"geometry":{"type":"LineString","coordinates":[[9.5612757,51.146382],[9.5613058,51.1463766],[9.5613203,51.1464007],[9.5614158,51.1465583],[9.5615064,51.1467191],[9.5615344,51.1467774],[9.5615389,51.1467885],[9.5615539,51.1468173],[9.5615887,51.1468907],[9.5616757,51.1470799],[9.561764,51.1472936],[9.5618159,51.1474261],[9.5618664,51.1475797],[9.5618328,51.147585],[9.5617796,51.1474314],[9.5617284,51.1472956],[9.5616416,51.1470882],[9.5615566,51.1469002],[9.5614997,51.1467834],[9.5614706,51.1467235],[9.5613887,51.1465699],[9.5612909,51.1464076],[9.5612757,51.146382]]}},{"type":"Feature","properties":{"way_id":309095687,"route_colors":[],"route_refs":["RT5"]},"geometry":{"type":"LineString","coordinates":[[9.5502209,51.1548195],[9.5496808,51.154665],[9.5491609,51.1545337],[9.5487143,51.154451],[9.5483924,51.1543967],[9.5483591,51.1543908]]}},{"type":"Feature","properties":{"way_id":587945523,"route_colors":[],"route_refs":["RT5"]},"geometry":{"type":"LineString","coordinates":[[9.5124952,51.1719743],[9.5127755,51.1717746],[9.513094,51.1715766],[9.5134313,51.1713702],[9.5134101,51.1713573],[9.5133897,51.171345],[9.5130591,51.1715569],[9.512746,51.1717566],[9.5124596,51.1719512],[9.5120546,51.1722749],[9.5120814,51.172288],[9.5124952,51.1719743]]}},{"type":"Feature","properties":{"way_id":234716785,"route_colors":[],"route_refs":["RT5"]},"geometry":{"type":"LineString","coordinates":[[9.4826375,51.204056],[9.4823054,51.2042468],[9.482202,51.204307],[9.4820785,51.2043789],[9.482054,51.2043923],[9.4804199,51.2053518],[9.4804591,51.2053744],[9.4821172,51.2044057],[9.4822429,51.2043346],[9.4825169,51.2041796],[9.4826846,51.204087],[9.4826375,51.204056]]}},{"type":"Feature","properties":{"way_id":128823512,"route_colors":[],"route_refs":["RT5"]},"geometry":{"type":"LineString","coordinates":[[9.4671723,51.2303475],[9.4672086,51.2303602],[9.467214,51.2303643],[9.4672602,51.2302833],[9.4672997,51.2302086],[9.467413,51.2300131],[9.4674974,51.2298544],[9.4675261,51.229796],[9.4675454,51.2297998],[9.467574,51.2297431],[9.4675484,51.229738],[9.4676671,51.2294639],[9.467774,51.2291464],[9.4677317,51.2291409],[9.4676281,51.2294603],[9.4674548,51.2298474],[9.4672567,51.2301994],[9.4671723,51.2303475]]}},{"type":"Feature","properties":{"way_id":824827671,"route_colors":[],"route_refs":["RT5"]},"geometry":{"type":"LineString","coordinates":[[9.4686786,51.2548091],[9.4685794,51.2545624],[9.4685519,51.2545049],[9.4684875,51.2543655],[9.4684298,51.2542325],[9.4683433,51.2540726],[9.468167,51.2537536],[9.4680168,51.2535136],[9.4680315,51.2535094],[9.4681314,51.2536529],[9.4681878,51.2537419],[9.4682655,51.2538741],[9.468338,51.2539983],[9.4684124,51.2541326],[9.4685056,51.2543072],[9.4685861,51.2544818],[9.4686189,51.2545561],[9.4686572,51.2546534],[9.4686981,51.2547625],[9.468711,51.2547906],[9.4687192,51.2548083],[9.4687487,51.2549056],[9.4687665,51.2549652],[9.4687862,51.2550361],[9.4688157,51.2551442],[9.4687846,51.2551474],[9.468753,51.2550471],[9.4687182,51.254935],[9.4686786,51.2548091]]}},{"type":"Feature","properties":{"way_id":352804909,"route_colors":["#7f5ca3","#8a4f38"],"route_refs":["RT5","5","6"]},"geometry":{"type":"LineString","coordinates":[[9.4841672,51.3040352],[9.4841142,51.3039764],[9.4839054,51.3037563],[9.4837353,51.3035564],[9.4836566,51.3034639]]}},{"type":"Feature","properties":{"way_id":141515873,"route_colors":["#7f5ca3","#8a4f38"],"route_refs":["RT5","5","6"]},"geometry":{"type":"LineString","coordinates":[[9.4814261,51.2995539],[9.4814452,51.2995614],[9.4814698,51.299558],[9.4814738,51.299548],[9.4814683,51.299535],[9.4814518,51.2995044],[9.4809507,51.2985759],[9.4809367,51.29855],[9.4809047,51.2985607],[9.4809122,51.2985886],[9.4809172,51.2986069],[9.4809349,51.2986498],[9.4814045,51.2995142],[9.4814261,51.2995539]]}},{"type":"Feature","properties":{"way_id":104309489,"route_colors":[],"route_refs":["RT5"]},"geometry":{"type":"LineString","coordinates":[[9.5462734,51.1260655],[9.5470481,51.1267007],[9.5477309,51.1272567],[9.5477432,51.1272667],[9.5479675,51.1274493],[9.5481104,51.1275657]]}},{"type":"Feature","properties":{"way_id":309095693,"route_colors":[],"route_refs":["RT5"]},"geometry":{"type":"LineString","coordinates":[[9.5481104,51.1275657],[9.5489102,51.1282441],[9.5492203,51.1285071],[9.549413,51.12868],[9.5496775,51.1289648],[9.5498465,51.1291721],[9.5499769,51.1293652],[9.5500549,51.1295153],[9.550066,51.1295366],[9.5501368,51.1297016]]}},{"type":"Feature","properties":{"way_id":49273903,"route_colors":[],"route_refs":["RT5"]},"geometry":{"type":"LineString","coordinates":[[9.5501368,51.1297016],[9.5501767,51.1298417],[9.5502039,51.1299668]]}},{"type":"Feature","properties":{"way_id":26362880,"route_colors":[],"route_refs":["RT5"]},"geometry":{"type":"LineString","coordinates":[[9.5502039,51.1299668],[9.5502318,51.130166],[9.5502267,51.1303632],[9.5502075,51.1305181],[9.550186,51.1306297]]}},{"type":"Feature","properties":{"way_id":26362878,"route_colors":[],"route_refs":["RT5"]},"geometry":{"type":"LineString","coordinates":[[9.550186,51.1306297],[9.5501481,51.1307642],[9.5501032,51.13089],[9.5500159,51.1310735],[9.5499248,51.1312246],[9.5498061,51.1313887],[9.549695,51.131514]]}},{"type":"Feature","properties":{"way_id":1150579804,"route_colors":[],"route_refs":["RT5"]},"geometry":{"type":"LineString","coordinates":[[9.549695,51.131514],[9.5495939,51.1316198]]}},{"type":"Feature","properties":{"way_id":42604139,"route_colors":[],"route_refs":["RT5"]},"geometry":{"type":"LineString","coordinates":[[9.5495939,51.1316198],[9.5494191,51.1317824],[9.5492381,51.1319188],[9.5491502,51.131985],[9.5487306,51.132239],[9.5483998,51.1324243],[9.5477512,51.1327852],[9.5476911,51.1328203],[9.5476835,51.1328247],[9.5473003,51.1330481]]}},{"type":"Feature","properties":{"way_id":309095695,"route_colors":[],"route_refs":["RT5"]},"geometry":{"type":"LineString","coordinates":[[9.5473003,51.1330481],[9.5468728,51.1333296],[9.5467031,51.1334597],[9.5465546,51.1335736],[9.5465383,51.1335884],[9.5462725,51.1338302],[9.5460088,51.1340902],[9.5458201,51.1343177],[9.5456802,51.1345085],[9.5455676,51.1346788]]}},{"type":"Feature","properties":{"way_id":42558711,"route_colors":[],"route_refs":["RT5"]},"geometry":{"type":"LineString","coordinates":[[9.5455676,51.1346788],[9.5455169,51.1347701]]}},{"type":"Feature","properties":{"way_id":42558712,"route_colors":[],"route_refs":["RT5"]},"geometry":{"type":"LineString","coordinates":[[9.5455169,51.1347701],[9.545419,51.1349506],[9.5453372,51.1351336],[9.5452177,51.1354194],[9.5451671,51.1355944],[9.5451268,51.1357984],[9.5450977,51.1359866],[9.5450846,51.1361929],[9.5450794,51.1363542],[9.5450865,51.1365664],[9.5451061,51.1367436],[9.5451365,51.1369234],[9.5452068,51.1372251],[9.5452964,51.1374829],[9.5454558,51.1378301],[9.5456686,51.1381852],[9.5458761,51.1384605],[9.5459847,51.1385946],[9.5460136,51.1386303],[9.5461966,51.1388277],[9.5464437,51.1390588],[9.546753,51.139324],[9.5470485,51.1395418],[9.5475381,51.1398531],[9.5477334,51.1399627],[9.548188,51.1401952],[9.5486421,51.1403929],[9.5491793,51.140604],[9.5492132,51.1406173],[9.5494827,51.1407044],[9.5498012,51.1407986],[9.5502338,51.14092],[9.5520363,51.1413805],[9.5530477,51.1416394],[9.5531346,51.1416616],[9.5539164,51.1418617],[9.5542422,51.1419448],[9.5548977,51.1421226],[9.5552518,51.1422313],[9.5556121,51.1423494],[9.5560748,51.1425167],[9.5565688,51.1427192],[9.5570341,51.1429296],[9.5575397,51.143181],[9.5579605,51.1434104],[9.5583906,51.1436643],[9.5586432,51.1438215],[9.5588613,51.1439667],[9.5592875,51.1442717],[9.5594356,51.1443907],[9.5595057,51.144447],[9.559687,51.1445927],[9.5600557,51.1449221],[9.5602701,51.1451339],[9.5604751,51.1453498],[9.5606162,51.1455109],[9.5607533,51.1456736],[9.5609477,51.1459278],[9.5610743,51.1461069],[9.5611147,51.1461649],[9.5611615,51.146238],[9.5612086,51.1463126],[9.5613743,51.1465956],[9.5615125,51.1468598],[9.561615,51.1470849],[9.5617417,51.1474056],[9.5618497,51.1477263],[9.5618827,51.1478372],[9.5619085,51.1479239],[9.5620797,51.1484989],[9.5622981,51.149255],[9.5623739,51.1495472],[9.5624459,51.1499554],[9.5624608,51.1501261],[9.562469,51.1503192],[9.5624572,51.1506138],[9.5624226,51.1509088],[9.5623513,51.1512253],[9.5622564,51.1515261],[9.5621211,51.1518616],[9.561911,51.1522353],[9.561799,51.1524056],[9.5616764,51.1525735],[9.5615662,51.1527146],[9.5615538,51.1527304],[9.5614231,51.1528873],[9.5612807,51.1530412],[9.5611428,51.1531825],[9.5607806,51.1535231],[9.5604287,51.1537976],[9.5600876,51.1540355],[9.5598209,51.1542019],[9.559526,51.1543723],[9.5591933,51.154551],[9.5588646,51.1547087],[9.5585383,51.154849],[9.5582393,51.1549687],[9.5579438,51.1550735],[9.5576442,51.1551724],[9.5573366,51.1552599],[9.5570263,51.1553391],[9.5567654,51.155397],[9.5565127,51.1554464],[9.5562689,51.1554858],[9.555993,51.1555246],[9.5557509,51.1555533],[9.5554869,51.1555778],[9.5551729,51.1555973],[9.5548615,51.1556083],[9.5545085,51.1556105],[9.5541861,51.155602],[9.5539093,51.1555877],[9.5536365,51.1555658],[9.5533698,51.1555386],[9.553103,51.1555055],[9.5528386,51.155463],[9.552606,51.1554223],[9.5523519,51.1553691],[9.5521288,51.1553178],[9.5520979,51.1553107],[9.5517031,51.1552112],[9.5512317,51.1550788],[9.5507898,51.1549514],[9.5497316,51.1546529],[9.5495197,51.1545957],[9.5491602,51.1545087],[9.5489474,51.1544664],[9.5488423,51.1544454],[9.5487215,51.1544214],[9.548361,51.1543644],[9.5482043,51.1543442],[9.5480902,51.1543294],[9.5479464,51.1543167],[9.547646,51.1542901],[9.5472304,51.1542701],[9.5468611,51.1542634],[9.5465629,51.1542698],[9.5462059,51.1542858],[9.5459099,51.1543093],[9.5454638,51.1543614],[9.5449622,51.1544422],[9.5445247,51.1545329],[9.5445122,51.1545355],[9.5444683,51.1545446],[9.5439988,51.1546619]]}},{"type":"Feature","properties":{"way_id":309095690,"route_colors":[],"route_refs":["RT5"]},"geometry":{"type":"LineString","coordinates":[[9.5439988,51.1546619],[9.5435563,51.1547868],[9.5431298,51.1549227],[9.542767,51.1550518],[9.542355,51.1552093],[9.5420283,51.1553487],[9.5417002,51.155501],[9.541311,51.1556961],[9.5410331,51.1558474],[9.5410108,51.1558603],[9.5409927,51.1558706],[9.5407539,51.1560081],[9.5403111,51.1562958],[9.5399849,51.1565192],[9.5399408,51.1565544],[9.5397425,51.1567125],[9.5394514,51.1569655],[9.5392378,51.1571642],[9.5390065,51.1574002],[9.5387896,51.1576376],[9.5385768,51.157899],[9.5383994,51.1581353],[9.538204,51.1584247],[9.5375927,51.1594186],[9.5375351,51.1595123],[9.537141,51.1601543],[9.5367966,51.1606474],[9.5366315,51.1608639],[9.536402,51.1611242],[9.5361719,51.1613738],[9.53594,51.1616014],[9.5359244,51.1616167],[9.5356116,51.1618895],[9.5353924,51.16207],[9.5348437,51.1624725],[9.5343886,51.162765],[9.533954,51.1630138],[9.5335529,51.1632232],[9.533187,51.1633994]]}},{"type":"Feature","properties":{"way_id":235057021,"route_colors":[],"route_refs":["RT5"]},"geometry":{"type":"LineString","coordinates":[[9.533187,51.1633994],[9.5329896,51.1634892]]}},{"type":"Feature","properties":{"way_id":235057023,"route_colors":[],"route_refs":["RT5"]},"geometry":{"type":"LineString","coordinates":[[9.5329896,51.1634892],[9.532715,51.1636091],[9.5324323,51.1637223],[9.5320509,51.1638647],[9.5316749,51.163999],[9.5313326,51.1641091],[9.530977,51.1642114],[9.5309035,51.1642306],[9.5306142,51.164306],[9.5302366,51.164393],[9.529898,51.1644619],[9.529554,51.1645224],[9.5291682,51.1645856],[9.5287931,51.1646359],[9.5282551,51.1647025],[9.5271954,51.1648213],[9.5268427,51.1648609],[9.5264734,51.1649069],[9.5260667,51.1649638],[9.5257172,51.1650217],[9.525358,51.1650877],[9.5249999,51.1651617],[9.5246347,51.1652475],[9.5242907,51.1653361],[9.5239925,51.1654206],[9.5232012,51.1656728],[9.5227496,51.1658301],[9.5226346,51.1658724],[9.5221511,51.1660665],[9.5218126,51.1662111],[9.5211025,51.1665487],[9.5207726,51.1667257],[9.5205897,51.1668239],[9.520037,51.167142],[9.5169205,51.1690854],[9.5151148,51.1702172],[9.5150006,51.170289],[9.5139887,51.170925],[9.5137917,51.1710471],[9.5137601,51.1710668],[9.5136853,51.1711131],[9.5130489,51.1715173],[9.5127167,51.1717428],[9.5124466,51.1719333],[9.5123338,51.1720207],[9.5119646,51.1723121],[9.5119312,51.1723384],[9.5115507,51.1726721],[9.5108546,51.1733263],[9.5105494,51.173621],[9.510527,51.173642],[9.509567,51.1745583],[9.50865,51.1754266],[9.5068532,51.1771557],[9.5068326,51.1771755],[9.5058284,51.1781239]]}},{"type":"Feature","properties":{"way_id":25607305,"route_colors":[],"route_refs":["RT5"]},"geometry":{"type":"LineString","coordinates":[[9.5058284,51.1781239],[9.5056432,51.1783028]]}},{"type":"Feature","properties":{"way_id":25607306,"route_colors":[],"route_refs":["RT5"]},"geometry":{"type":"LineString","coordinates":[[9.5056432,51.1783028],[9.5047173,51.1791882],[9.5042159,51.1796973],[9.5037532,51.1802057],[9.5026807,51.1814821],[9.5022655,51.1819801],[9.5021941,51.1820657],[9.5018883,51.1824755],[9.5016745,51.1828069],[9.5014302,51.1832503],[9.5010049,51.1841519],[9.5008314,51.1845158],[9.5005416,51.1851271],[9.5003048,51.1856363],[9.5001996,51.1858667],[9.500026,51.1862843],[9.4999018,51.1866539],[9.499889,51.1867029],[9.4998119,51.1870215],[9.4997897,51.1871131],[9.4997316,51.1875019],[9.4997081,51.1878342],[9.4996935,51.1880603],[9.4996941,51.1882277],[9.4996945,51.1883518],[9.4996929,51.1884487],[9.4996899,51.1886338],[9.4996895,51.1900351],[9.4996831,51.1905125],[9.499675,51.1906342],[9.4996565,51.1909116],[9.4996169,51.1912227],[9.4995743,51.19145],[9.4994958,51.1917855],[9.4994444,51.1919603],[9.4994279,51.1920164],[9.499285,51.192421],[9.4990411,51.1930101],[9.498872,51.1934184],[9.498651,51.1939126],[9.4984186,51.1943876],[9.4981377,51.1948376],[9.497953,51.1950983],[9.4977535,51.1953574],[9.4974569,51.1957132],[9.4971086,51.1960798],[9.4966037,51.1965477],[9.4960556,51.1969775],[9.4957633,51.1971835],[9.4954617,51.1973836],[9.4949443,51.197696],[9.4944556,51.1979607],[9.4938351,51.1982782],[9.4930532,51.1986787],[9.4928665,51.1987744]]}},{"type":"Feature","properties":{"way_id":33609068,"route_colors":[],"route_refs":["RT5"]},"geometry":{"type":"LineString","coordinates":[[9.4928665,51.1987744],[9.4880499,51.2012407]]}},{"type":"Feature","properties":{"way_id":33609069,"route_colors":[],"route_refs":["RT5"]},"geometry":{"type":"LineString","coordinates":[[9.4880499,51.2012407],[9.4878774,51.201328],[9.4876803,51.2014277],[9.4863332,51.2021093],[9.4844806,51.203055],[9.4835889,51.2035096],[9.4828956,51.203883]]}},{"type":"Feature","properties":{"way_id":33609072,"route_colors":[],"route_refs":["RT5"]},"geometry":{"type":"LineString","coordinates":[[9.4828956,51.203883],[9.4826385,51.2040223]]}},{"type":"Feature","properties":{"way_id":33609073,"route_colors":[],"route_refs":["RT5"]},"geometry":{"type":"LineString","coordinates":[[9.4826385,51.2040223],[9.4820373,51.2043756],[9.4811512,51.2048891],[9.4802098,51.2054438],[9.4801177,51.2054981],[9.4792077,51.2060349],[9.4777089,51.2069334],[9.4762206,51.2078463],[9.4748766,51.2086605],[9.4735365,51.2094776],[9.4728843,51.2099067],[9.4724002,51.2102639],[9.4719951,51.2105736]]}},{"type":"Feature","properties":{"way_id":27115655,"route_colors":[],"route_refs":["RT5"]},"geometry":{"type":"LineString","coordinates":[[9.4719951,51.2105736],[9.4712363,51.2111823]]}},{"type":"Feature","properties":{"way_id":27115656,"route_colors":[],"route_refs":["RT5"]},"geometry":{"type":"LineString","coordinates":[[9.4712363,51.2111823],[9.4709612,51.211414],[9.4705492,51.211776],[9.4702793,51.2120293],[9.4699853,51.212333],[9.4695557,51.2128315],[9.4692581,51.2132668],[9.4690306,51.2136349],[9.4688309,51.2140199],[9.4686736,51.2144009],[9.4685775,51.2147182],[9.4684514,51.2152135],[9.4683987,51.2155578],[9.4683852,51.2158149],[9.4683807,51.2160841],[9.4683972,51.2164802],[9.4684486,51.2168526],[9.4685413,51.2172816],[9.4686843,51.217726],[9.4688812,51.2182267],[9.4691095,51.2186436],[9.4692957,51.2189503]]}},{"type":"Feature","properties":{"way_id":1044576421,"route_colors":[],"route_refs":["RT5"]},"geometry":{"type":"LineString","coordinates":[[9.4692957,51.2189503],[9.4693758,51.2190688]]}},{"type":"Feature","properties":{"way_id":1044576423,"route_colors":[],"route_refs":["RT5"]},"geometry":{"type":"LineString","coordinates":[[9.4693758,51.2190688],[9.4696133,51.2193957],[9.4696571,51.219456],[9.4697063,51.2195156],[9.4700229,51.2198993],[9.4700325,51.2199109],[9.4702598,51.2201863],[9.4705161,51.2205094],[9.4706791,51.2207226],[9.4707657,51.2208358],[9.4708486,51.2209709],[9.471007,51.2212555],[9.471042,51.2213318],[9.4711432,51.2215522],[9.4712177,51.2217709]]}},{"type":"Feature","properties":{"way_id":309095696,"route_colors":[],"route_refs":["RT5"]},"geometry":{"type":"LineString","coordinates":[[9.4712177,51.2217709],[9.4713447,51.2222776],[9.471367,51.2226165],[9.4713615,51.2229556],[9.4713165,51.2232991],[9.4712438,51.2235478],[9.471155,51.2237981],[9.470982,51.2241671],[9.4707683,51.2245051],[9.4706011,51.2247383],[9.4704141,51.2249851],[9.4702319,51.225206]]}},{"type":"Feature","properties":{"way_id":27115436,"route_colors":[],"route_refs":["RT5"]},"geometry":{"type":"LineString","coordinates":[[9.4702319,51.225206],[9.4698255,51.2257059],[9.4695809,51.2260068],[9.4689998,51.226725],[9.4687068,51.2270828],[9.4685347,51.2273005]]}},{"type":"Feature","properties":{"way_id":27115437,"route_colors":[],"route_refs":["RT5"]},"geometry":{"type":"LineString","coordinates":[[9.4685347,51.2273005],[9.4683373,51.2275468],[9.468325,51.2275623],[9.4682888,51.2276074],[9.4681636,51.227782],[9.4680476,51.227965],[9.4679816,51.2281127],[9.4679253,51.2282678],[9.4678203,51.2286927],[9.4677466,51.2290326],[9.4675999,51.2294617],[9.4675933,51.229478],[9.467542,51.2296036],[9.4674372,51.2298333],[9.4672085,51.2302254],[9.4670478,51.230497]]}},{"type":"Feature","properties":{"way_id":308964216,"route_colors":[],"route_refs":["RT5"]},"geometry":{"type":"LineString","coordinates":[[9.4670478,51.230497],[9.4663988,51.2314343],[9.466164,51.2318292]]}},{"type":"Feature","properties":{"way_id":104302740,"route_colors":[],"route_refs":["RT5"]},"geometry":{"type":"LineString","coordinates":[[9.466164,51.2318292],[9.4660691,51.2320045],[9.4660648,51.232014],[9.4660509,51.2320294]]}},{"type":"Feature","properties":{"way_id":26480044,"route_colors":[],"route_refs":["RT5"]},"geometry":{"type":"LineString","coordinates":[[9.4660509,51.2320294],[9.465704,51.2326925]]}},{"type":"Feature","properties":{"way_id":26480043,"route_colors":[],"route_refs":["RT5"]},"geometry":{"type":"LineString","coordinates":[[9.465704,51.2326925],[9.465592,51.2328936],[9.4654245,51.2332124],[9.4654004,51.2332566],[9.4648306,51.2343283],[9.464767,51.234449],[9.4647108,51.2345554],[9.4646505,51.2346698],[9.464207,51.2355106],[9.4641081,51.235699],[9.4639281,51.2360292],[9.4637302,51.2363606],[9.4636288,51.236511],[9.4635973,51.2365563],[9.4635406,51.2366418],[9.4633292,51.236918],[9.4628689,51.2374074],[9.4623872,51.2378803]]}},{"type":"Feature","properties":{"way_id":421671575,"route_colors":[],"route_refs":["RT5"]},"geometry":{"type":"LineString","coordinates":[[9.4623872,51.2378803],[9.462129,51.2381376],[9.4618365,51.2384387],[9.4616764,51.238619],[9.4616371,51.2386633],[9.4614676,51.2388625],[9.461305,51.2390679],[9.4610478,51.2394305],[9.4608901,51.2396789],[9.4607502,51.2399342],[9.4606272,51.2401826],[9.4605533,51.2403465]]}},{"type":"Feature","properties":{"way_id":308964238,"route_colors":[],"route_refs":["RT5"]},"geometry":{"type":"LineString","coordinates":[[9.4605533,51.2403465],[9.4604992,51.2404885],[9.4603687,51.2408375],[9.4602724,51.2411727],[9.4601999,51.2415329],[9.4601919,51.241594],[9.4601523,51.2418983],[9.4601317,51.2424436],[9.4601419,51.2426927],[9.4601503,51.2427708],[9.4601634,51.242893],[9.4601687,51.2429418],[9.4601983,51.2431555],[9.4602397,51.2433707],[9.4602935,51.2435907],[9.4603581,51.243815],[9.4605234,51.2442613],[9.4607067,51.2446442],[9.4607173,51.2446663],[9.4609272,51.2450377],[9.4611631,51.245401],[9.461444,51.2457735],[9.4617553,51.2461531],[9.4623459,51.2468685],[9.4628321,51.2474575],[9.4640089,51.2488764],[9.4646403,51.2496376],[9.4647973,51.2498268],[9.4648355,51.2498728],[9.46494,51.2499988],[9.4654334,51.2505678],[9.4660036,51.2512021],[9.4671031,51.2524251],[9.4674702,51.252847],[9.4676446,51.253061],[9.4678148,51.2532777],[9.4679397,51.2534577],[9.4681593,51.2537894],[9.4682946,51.2540244],[9.4684223,51.2542743],[9.4685186,51.2544827],[9.468607,51.2546937],[9.468691,51.2549191],[9.4687644,51.2551557],[9.4688266,51.2553982],[9.4688567,51.2555428],[9.4688782,51.255646],[9.4689138,51.2558694],[9.4689357,51.2560928],[9.4689545,51.2563412],[9.4689597,51.2565842],[9.4689434,51.2569756],[9.4689207,51.2572177],[9.4688816,51.2574958],[9.4688197,51.2577829],[9.4687701,51.2579679],[9.4687156,51.2581544],[9.4685616,51.258549],[9.4684767,51.2587335],[9.4683831,51.2589171],[9.4683607,51.2589567],[9.4682617,51.2591316],[9.4681291,51.2593539],[9.4680424,51.2594833],[9.4677982,51.2598193],[9.4675369,51.26014],[9.4673089,51.2603881],[9.4670723,51.26063],[9.4669012,51.2607882],[9.4668123,51.2608704],[9.4665451,51.2611135],[9.4655898,51.2618246],[9.4653005,51.2620188],[9.4650066,51.2622112],[9.4644273,51.2625412],[9.4640056,51.2627658],[9.4635748,51.2629753],[9.4633016,51.2630987],[9.4630253,51.2632184],[9.4627498,51.2633362],[9.4624637,51.2634492],[9.4614877,51.2638625],[9.4604464,51.264305],[9.4598403,51.264584],[9.4592577,51.2648705],[9.4589764,51.2650182],[9.4587027,51.265171],[9.4584274,51.2653305],[9.4584005,51.2653467],[9.458162,51.2654909],[9.4579318,51.2656376],[9.4577062,51.2657866],[9.4572897,51.2660922],[9.4569164,51.2663982],[9.4568498,51.2664564],[9.4565639,51.2667059],[9.4562946,51.2669679],[9.4560375,51.2672384],[9.4559871,51.267294],[9.4558119,51.2674929],[9.4555806,51.2677848],[9.4554377,51.2679763],[9.4552854,51.2681875],[9.4551238,51.2684313],[9.4550366,51.2685741],[9.4548894,51.2688151]]}},{"type":"Feature","properties":{"way_id":421671573,"route_colors":[],"route_refs":["RT5"]},"geometry":{"type":"LineString","coordinates":[[9.4548894,51.2688151],[9.4547634,51.2690231],[9.4546379,51.2692566],[9.4545102,51.2695062],[9.4544512,51.2696284],[9.4544067,51.2697205],[9.454224,51.2701331],[9.4540621,51.2705546],[9.4540448,51.2706078],[9.4539549,51.2708722],[9.4538523,51.2712005],[9.4537715,51.2715387],[9.4536951,51.2718758],[9.4536158,51.2723503],[9.4535761,51.2727545],[9.4535514,51.2732972],[9.4535688,51.2738596],[9.4535934,51.2741858],[9.453633,51.2745127],[9.4536783,51.2748398],[9.4537467,51.2751657],[9.4538064,51.2753754],[9.4538576,51.2755738],[9.4539226,51.2758328],[9.4540279,51.276177],[9.4540835,51.2763281],[9.4541734,51.2765726],[9.4542655,51.2768041],[9.454425,51.2771906],[9.454596,51.2775892],[9.4547756,51.2780251],[9.4548813,51.2782755]]}},{"type":"Feature","properties":{"way_id":421671574,"route_colors":[],"route_refs":["RT5"]},"geometry":{"type":"LineString","coordinates":[[9.4548813,51.2782755],[9.4550285,51.278616],[9.4551109,51.278823],[9.4552119,51.2790755]]}},{"type":"Feature","properties":{"way_id":47660835,"route_colors":[],"route_refs":["RT5"]},"geometry":{"type":"LineString","coordinates":[[9.4552119,51.2790755],[9.4554533,51.279662]]}},{"type":"Feature","properties":{"way_id":47660834,"route_colors":[],"route_refs":["RT5"]},"geometry":{"type":"LineString","coordinates":[[9.4554533,51.279662],[9.4558368,51.2806008],[9.4561739,51.2813999],[9.4561833,51.2814227],[9.4567874,51.2828831],[9.4568273,51.2829795]]}},{"type":"Feature","properties":{"way_id":1159391104,"route_colors":[],"route_refs":["RT5"]},"geometry":{"type":"LineString","coordinates":[[9.4568273,51.2829795],[9.4571301,51.2837102]]}},{"type":"Feature","properties":{"way_id":306269911,"route_colors":[],"route_refs":["RT5"]},"geometry":{"type":"LineString","coordinates":[[9.4571301,51.2837102],[9.4576202,51.2848835]]}},{"type":"Feature","properties":{"way_id":47660837,"route_colors":[],"route_refs":["RT5"]},"geometry":{"type":"LineString","coordinates":[[9.4576202,51.2848835],[9.4577235,51.285127]]}},{"type":"Feature","properties":{"way_id":135651556,"route_colors":[],"route_refs":["RT5"]},"geometry":{"type":"LineString","coordinates":[[9.4577235,51.285127],[9.4581306,51.2861356],[9.4582951,51.2865298],[9.4582976,51.2865358],[9.4589282,51.2880467],[9.4595992,51.2896508],[9.4598733,51.2903283],[9.4599087,51.2904246],[9.4601445,51.2911723],[9.4601729,51.2913122],[9.4601806,51.29135],[9.4602325,51.2916916],[9.4602708,51.2925066],[9.4601879,51.2931078],[9.4601798,51.2931492]]}},{"type":"Feature","properties":{"way_id":295701319,"route_colors":[],"route_refs":["RT5"]},"geometry":{"type":"LineString","coordinates":[[9.4601798,51.2931492],[9.4601337,51.2933986],[9.4600349,51.2938139],[9.4598407,51.294433],[9.4597923,51.2945621],[9.4595485,51.2951051],[9.4591553,51.2958138],[9.4590197,51.2960485],[9.4588532,51.2963106],[9.4584864,51.2967998],[9.4581305,51.2972638],[9.4574058,51.2982158],[9.4570519,51.2986757],[9.4564208,51.2994957],[9.4553906,51.300854],[9.4553792,51.3008687],[9.4548572,51.3015395],[9.4547672,51.301659],[9.4543965,51.3021382],[9.4532255,51.3036654],[9.4532008,51.3036976],[9.4526777,51.3043826],[9.4524325,51.3047016],[9.4518528,51.3054557],[9.4510774,51.3064643],[9.4509827,51.30659],[9.4507463,51.3068924]]}},{"type":"Feature","properties":{"way_id":104511317,"route_colors":[],"route_refs":["RT5"]},"geometry":{"type":"LineString","coordinates":[[9.4506774,51.3069878],[9.4507123,51.3069395],[9.4507463,51.3068924]]}},{"type":"Feature","properties":{"way_id":79329039,"route_colors":[],"route_refs":["RT5"]},"geometry":{"type":"LineString","coordinates":[[9.4503457,51.3074222],[9.4506774,51.3069878]]}},{"type":"Feature","properties":{"way_id":285906366,"route_colors":[],"route_refs":["RT5"]},"geometry":{"type":"LineString","coordinates":[[9.4496825,51.3083237],[9.4498314,51.3081075],[9.4500942,51.307748],[9.4503457,51.3074222]]}},{"type":"Feature","properties":{"way_id":59239184,"route_colors":[],"route_refs":["RT5"]},"geometry":{"type":"LineString","coordinates":[[9.4484938,51.3109021],[9.4486669,51.3105806],[9.4488465,51.3102293],[9.4490077,51.3098801],[9.4491439,51.3095394],[9.4493382,51.3090286],[9.4494191,51.3088269],[9.4494561,51.3087428],[9.4495,51.3086571],[9.4495547,51.3085503],[9.449638,51.3084026],[9.4496825,51.3083237]]}},{"type":"Feature","properties":{"way_id":308645215,"route_colors":[],"route_refs":["RT5"]},"geometry":{"type":"LineString","coordinates":[[9.4484938,51.3109021],[9.4484792,51.3109236],[9.4484625,51.3109498],[9.4483926,51.3110625],[9.4483896,51.3110673],[9.4481449,51.3114621],[9.4481006,51.3115271],[9.4480975,51.3115316],[9.4480727,51.3115679]]}},{"type":"Feature","properties":{"way_id":666488714,"route_colors":[],"route_refs":["RT5"]},"geometry":{"type":"LineString","coordinates":[[9.4480727,51.3115679],[9.4479471,51.3117423],[9.447725,51.3120507],[9.4474486,51.3124278],[9.4473424,51.3125953],[9.4473214,51.3126258],[9.4472882,51.3126741]]}},{"type":"Feature","properties":{"way_id":104515904,"route_colors":[],"route_refs":["RT5"]},"geometry":{"type":"LineString","coordinates":[[9.4472882,51.3126741],[9.4468791,51.3132956],[9.4467545,51.3134973]]}},{"type":"Feature","properties":{"way_id":413837494,"route_colors":[],"route_refs":["RT5"]},"geometry":{"type":"LineString","coordinates":[[9.4467545,51.3134973],[9.446719,51.3135576]]}},{"type":"Feature","properties":{"way_id":104365722,"route_colors":[],"route_refs":["RT5"]},"geometry":{"type":"LineString","coordinates":[[9.446719,51.3135576],[9.4466544,51.313653]]}},{"type":"Feature","properties":{"way_id":59239165,"route_colors":[],"route_refs":["RT5"]},"geometry":{"type":"LineString","coordinates":[[9.4466544,51.313653],[9.4465613,51.3138452],[9.4464856,51.3140498]]}},{"type":"Feature","properties":{"way_id":104515903,"route_colors":[],"route_refs":["RT5"]},"geometry":{"type":"LineString","coordinates":[[9.4464856,51.3140498],[9.446476,51.3140758]]}},{"type":"Feature","properties":{"way_id":104515905,"route_colors":[],"route_refs":["RT5"]},"geometry":{"type":"LineString","coordinates":[[9.446476,51.3140758],[9.4464475,51.3141708],[9.4464288,51.3142465]]}},{"type":"Feature","properties":{"way_id":59239152,"route_colors":[],"route_refs":["RT5"]},"geometry":{"type":"LineString","coordinates":[[9.4464288,51.3142465],[9.4463904,51.3144461],[9.4463688,51.3146387]]}},{"type":"Feature","properties":{"way_id":90139862,"route_colors":[],"route_refs":["RT5"]},"geometry":{"type":"LineString","coordinates":[[9.4463688,51.3146387],[9.4463617,51.3147643],[9.4463621,51.3148853],[9.446372,51.3149899]]}},{"type":"Feature","properties":{"way_id":781607051,"route_colors":[],"route_refs":["RT5"]},"geometry":{"type":"LineString","coordinates":[[9.446372,51.3149899],[9.4463923,51.3151428],[9.4464014,51.3152042],[9.4464168,51.315308]]}},{"type":"Feature","properties":{"way_id":24040370,"route_colors":[],"route_refs":["RT5"]},"geometry":{"type":"LineString","coordinates":[[9.4464168,51.315308],[9.4464747,51.3155491]]}},{"type":"Feature","properties":{"way_id":86254550,"route_colors":[],"route_refs":["RT5"]},"geometry":{"type":"LineString","coordinates":[[9.4464747,51.3155491],[9.4465154,51.3156959],[9.4465555,51.3158098],[9.4466189,51.3159768],[9.446657,51.316076],[9.4467605,51.3162749],[9.4468515,51.3164465]]}},{"type":"Feature","properties":{"way_id":86378208,"route_colors":[],"route_refs":["RT5"]},"geometry":{"type":"LineString","coordinates":[[9.4468515,51.3164465],[9.4470615,51.3167681]]}},{"type":"Feature","properties":{"way_id":402532118,"route_colors":[],"route_refs":["RT5"]},"geometry":{"type":"LineString","coordinates":[[9.4470615,51.3167681],[9.4472111,51.3169766],[9.4473936,51.3171888],[9.4476304,51.3174436],[9.447887,51.3176897],[9.4481102,51.3178848],[9.4483593,51.318088],[9.4487196,51.3183462],[9.4488061,51.3184082],[9.4492442,51.3186907],[9.4496469,51.3189199],[9.4500076,51.319104],[9.4501053,51.3191539],[9.4505709,51.31937]]}},{"type":"Feature","properties":{"way_id":427521970,"route_colors":[],"route_refs":["RT5"]},"geometry":{"type":"LineString","coordinates":[[9.4505709,51.31937],[9.4513921,51.3196914]]}},{"type":"Feature","properties":{"way_id":402532121,"route_colors":[],"route_refs":["RT5"]},"geometry":{"type":"LineString","coordinates":[[9.4513921,51.3196914],[9.4514981,51.3197265],[9.4520349,51.3199044],[9.4527886,51.3201001],[9.4529489,51.3201353],[9.4534876,51.3202535],[9.4537775,51.320306],[9.4540529,51.3203533],[9.4540871,51.3203587],[9.454104,51.3203614],[9.4549504,51.3204952],[9.4557764,51.3206141],[9.4558531,51.3206251],[9.4565989,51.3207259],[9.4571926,51.3207886],[9.4576255,51.3208169],[9.457791,51.3208264],[9.4583679,51.3208397]]}},{"type":"Feature","properties":{"way_id":402532122,"route_colors":[],"route_refs":["RT5"]},"geometry":{"type":"LineString","coordinates":[[9.4583679,51.3208397],[9.4589727,51.3208381]]}},{"type":"Feature","properties":{"way_id":104407688,"route_colors":[],"route_refs":["RT5"]},"geometry":{"type":"LineString","coordinates":[[9.4589727,51.3208381],[9.4591268,51.3208374],[9.4598161,51.3208345],[9.4629749,51.320821],[9.4635952,51.3208161],[9.4641295,51.3207991],[9.4647614,51.3207542],[9.4653653,51.3206896],[9.4653805,51.320688],[9.4658614,51.3206366],[9.4664895,51.320566],[9.4671571,51.3205192]]}},{"type":"Feature","properties":{"way_id":104505612,"route_colors":[],"route_refs":["RT5"]},"geometry":{"type":"LineString","coordinates":[[9.4671571,51.3205192],[9.4675286,51.3205073],[9.4684973,51.320492],[9.470695,51.3204636],[9.4727805,51.3204367],[9.4738828,51.320419],[9.4744151,51.3204121],[9.4750024,51.3204028],[9.4755609,51.3203881],[9.4756765,51.3203798],[9.4758282,51.3203706],[9.4759085,51.3203642]]}},{"type":"Feature","properties":{"way_id":132793207,"route_colors":[],"route_refs":["RT5"]},"geometry":{"type":"LineString","coordinates":[[9.4759085,51.3203642],[9.4765548,51.3203012],[9.4769303,51.3202583],[9.4772253,51.3202246],[9.4776419,51.3201822],[9.4776729,51.320179],[9.4777283,51.3201734],[9.4778645,51.3201595]]}},{"type":"Feature","properties":{"way_id":135625997,"route_colors":[],"route_refs":["RT5"]},"geometry":{"type":"LineString","coordinates":[[9.4778645,51.3201595],[9.4781292,51.3201294],[9.4786854,51.3200643],[9.4796989,51.3199498]]}},{"type":"Feature","properties":{"way_id":135146316,"route_colors":[],"route_refs":["RT5"]},"geometry":{"type":"LineString","coordinates":[[9.4796989,51.3199498],[9.4801777,51.3198932]]}},{"type":"Feature","properties":{"way_id":104485965,"route_colors":[],"route_refs":["RT5"]},"geometry":{"type":"LineString","coordinates":[[9.4810996,51.3197257],[9.4801777,51.3198932]]}},{"type":"Feature","properties":{"way_id":473907617,"route_colors":[],"route_refs":["RT5"]},"geometry":{"type":"LineString","coordinates":[[9.4815688,51.319637],[9.4812192,51.3197075]]}},{"type":"Feature","properties":{"way_id":234984272,"route_colors":[],"route_refs":["RT5"]},"geometry":{"type":"LineString","coordinates":[[9.4827387,51.319311],[9.4823174,51.3194322],[9.4819171,51.3195473],[9.4815688,51.319637]]}},{"type":"Feature","properties":{"way_id":185321652,"route_colors":[],"route_refs":["RT5"]},"geometry":{"type":"LineString","coordinates":[[9.4913238,51.3121091],[9.4913599,51.3120871],[9.4914827,51.3120074],[9.4915414,51.3119693],[9.4915658,51.3119535],[9.4915978,51.311933],[9.4916246,51.3119152],[9.491696,51.3118695],[9.4917742,51.3118213]]}},{"type":"Feature","properties":{"way_id":1504648324,"route_colors":[],"route_refs":["RT5"]},"geometry":{"type":"LineString","coordinates":[[9.4917742,51.3118213],[9.49194,51.3117151]]}},{"type":"Feature","properties":{"way_id":185321650,"route_colors":["#7f5ca3","#8a4f38"],"route_refs":["RT5","5","6"]},"geometry":{"type":"LineString","coordinates":[[9.49194,51.3117151],[9.4933645,51.3108136],[9.4934043,51.3107869],[9.4934368,51.3107567],[9.4934554,51.310738],[9.4934687,51.3107199],[9.4934812,51.3107028],[9.4934942,51.3106747],[9.493498,51.3106389],[9.4934972,51.3106082],[9.4934939,51.3105945],[9.4934894,51.3105755],[9.493476,51.3105439],[9.4934519,51.3105038],[9.4934307,51.3104792],[9.4930441,51.3102066],[9.4929631,51.3101314],[9.4928949,51.3100632],[9.4920517,51.3090454],[9.4919385,51.3089168],[9.4918859,51.3088677],[9.4917825,51.3087797],[9.4916755,51.308705],[9.49152,51.3086153],[9.4914119,51.3085658],[9.4912656,51.3085065],[9.4911214,51.3084636],[9.4909676,51.3084238],[9.4908101,51.3083911],[9.4906441,51.3083644],[9.4904869,51.3083447],[9.4901088,51.3083061],[9.4899217,51.3082847],[9.4897379,51.3082554],[9.4895151,51.3082105],[9.4892704,51.3081397],[9.4891399,51.3080916],[9.489008,51.3080338],[9.488876,51.3079677],[9.4887686,51.3079073],[9.4886654,51.3078389],[9.4884291,51.3076775],[9.4883041,51.3075945],[9.4881011,51.3074652],[9.4880388,51.3074365],[9.4879983,51.307417],[9.4878652,51.3073597],[9.4878418,51.307351],[9.4877491,51.3073164],[9.4876288,51.3072679],[9.4875282,51.3072249]]}},{"type":"Feature","properties":{"way_id":404052621,"route_colors":["#7f5ca3","#8a4f38"],"route_refs":["RT5","5","6"]},"geometry":{"type":"LineString","coordinates":[[9.4875282,51.3072249],[9.4874908,51.3072062],[9.487472,51.3071967],[9.4874167,51.3071629],[9.4873515,51.3071169],[9.4872845,51.3070757],[9.4865553,51.3065749],[9.4865184,51.3065466],[9.4864593,51.3065013],[9.486382,51.3064362],[9.4863044,51.3063574],[9.4861744,51.3062117],[9.4856536,51.3056361],[9.4855209,51.3054895],[9.4842931,51.3041326],[9.4842833,51.3041217],[9.4841955,51.3040241]]}},{"type":"Feature","properties":{"way_id":397135585,"route_colors":["#7f5ca3","#8a4f38"],"route_refs":["RT5","5","6"]},"geometry":{"type":"LineString","coordinates":[[9.4841955,51.3040241],[9.4839319,51.3037366],[9.4836057,51.3033731]]}},{"type":"Feature","properties":{"way_id":397135586,"route_colors":["#7f5ca3","#8a4f38"],"route_refs":["RT5","5","6"]},"geometry":{"type":"LineString","coordinates":[[9.4836057,51.3033731],[9.483463,51.3031899],[9.4833912,51.3030953],[9.4833244,51.302996],[9.4832344,51.3028305],[9.4826152,51.3016473],[9.4825594,51.301542],[9.4822496,51.300957],[9.4818634,51.3002304],[9.4815451,51.2996305]]}},{"type":"Feature","properties":{"way_id":407040493,"route_colors":["#7f5ca3","#8a4f38"],"route_refs":["RT5","5","6"]},"geometry":{"type":"LineString","coordinates":[[9.4815451,51.2996305],[9.4814755,51.2994995]]}},{"type":"Feature","properties":{"way_id":618100681,"route_colors":["#7f5ca3","#8a4f38"],"route_refs":["RT5","5","6"]},"geometry":{"type":"LineString","coordinates":[[9.4814755,51.2994995],[9.4813455,51.2992544],[9.4810782,51.2987686]]}},{"type":"Feature","properties":{"way_id":580468374,"route_colors":["#fbba00"],"route_refs":["7"]},"geometry":{"type":"LineString","coordinates":[[9.5414509,51.3278632],[9.541461,51.3278515],[9.5414702,51.3278409],[9.541077,51.3277077],[9.541068,51.3277182],[9.5410577,51.32773],[9.5414509,51.3278632]]}},{"type":"Feature","properties":{"way_id":580468378,"route_colors":["#fbba00"],"route_refs":["7"]},"geometry":{"type":"LineString","coordinates":[[9.5335946,51.3267888],[9.5333629,51.3268617],[9.5331689,51.3269283],[9.5331588,51.3269171],[9.5331491,51.326906],[9.5333439,51.3268403],[9.5335791,51.3267677],[9.5335946,51.3267888]]}},{"type":"Feature","properties":{"way_id":572203662,"route_colors":["#fbba00"],"route_refs":["7"]},"geometry":{"type":"LineString","coordinates":[[9.5300274,51.3282174],[9.5305095,51.3280582],[9.5305224,51.3280537],[9.5304992,51.3280255],[9.5304859,51.3280301],[9.5301417,51.3281393],[9.5299997,51.3281835],[9.5300147,51.3282026],[9.5300274,51.3282174]]}},{"type":"Feature","properties":{"way_id":368763937,"route_colors":["#fbba00"],"route_refs":["7"]},"geometry":{"type":"LineString","coordinates":[[9.5237175,51.3287744],[9.5237111,51.328785],[9.5237048,51.3287953],[9.523867,51.328834],[9.5240082,51.3288656],[9.5241504,51.3288946],[9.5241614,51.3288733],[9.5240193,51.3288444],[9.5238791,51.3288129],[9.5237175,51.3287744]]}},{"type":"Feature","properties":{"way_id":580468392,"route_colors":["#fbba00"],"route_refs":["7"]},"geometry":{"type":"LineString","coordinates":[[9.5182324,51.3259126],[9.5185174,51.3260359],[9.5186703,51.3261036]]}},{"type":"Feature","properties":{"way_id":290576689,"route_colors":["#fbba00","#95c11f","#8a4f38"],"route_refs":["7","3","6"]},"geometry":{"type":"LineString","coordinates":[[9.5123191,51.3226034],[9.5123378,51.3225966],[9.5123588,51.3225888],[9.5125473,51.3227905],[9.5126347,51.3228965],[9.512745,51.323042],[9.5128463,51.3231852],[9.5128168,51.323193],[9.5127895,51.3232002],[9.5126955,51.3230565],[9.5125831,51.3229105],[9.5124981,51.3228051],[9.5124107,51.3227043],[9.5123191,51.3226034]]}},{"type":"Feature","properties":{"way_id":186941211,"route_colors":["#fbba00","#95c11f","#8a4f38"],"route_refs":["7","3","6"]},"geometry":{"type":"LineString","coordinates":[[9.5085851,51.318798],[9.5085677,51.3188049],[9.5085512,51.3188113],[9.5081591,51.3184508],[9.5081101,51.3184022],[9.5080445,51.3183358],[9.507987,51.318274],[9.5080047,51.3182665],[9.5080748,51.3183245],[9.5081465,51.3183893],[9.5085851,51.318798]]}},{"type":"Feature","properties":{"way_id":184306779,"route_colors":["#fbba00","#f08100","#00a5df"],"route_refs":["7","4","8"]},"geometry":{"type":"LineString","coordinates":[[9.4885008,51.3142079],[9.4884088,51.3142441],[9.4883131,51.3142792],[9.4882042,51.3143146],[9.4880645,51.314354],[9.4879399,51.3143863],[9.4878149,51.3144122],[9.4877686,51.3144194],[9.4876888,51.3144324],[9.4876924,51.3144417],[9.4877514,51.3144341],[9.4878078,51.3144274],[9.4879481,51.3144061],[9.48808,51.3143764],[9.4882209,51.3143367],[9.4883326,51.3142993],[9.4884308,51.3142659],[9.4885164,51.3142225],[9.4885098,51.3142163],[9.4885008,51.3142079]]}},{"type":"Feature","properties":{"way_id":302040409,"route_colors":["#fbba00","#f08100","#00a5df"],"route_refs":["7","4","8"]},"geometry":{"type":"LineString","coordinates":[[9.4832867,51.3149144],[9.4833612,51.314906],[9.4836317,51.3148755],[9.4837255,51.314865]]}},{"type":"Feature","properties":{"way_id":59117376,"route_colors":["#fbba00","#f08100","#00a5df"],"route_refs":["7","4","8"]},"geometry":{"type":"LineString","coordinates":[[9.4789085,51.3153929],[9.4789946,51.3153839],[9.4793521,51.3153466],[9.4793966,51.3153419]]}},{"type":"Feature","properties":{"way_id":302041616,"route_colors":["#fbba00"],"route_refs":["7"]},"geometry":{"type":"LineString","coordinates":[[9.4730089,51.3145432],[9.4730235,51.3145429],[9.4730576,51.3145423],[9.4734656,51.3145349]]}},{"type":"Feature","properties":{"way_id":180750000,"route_colors":["#fbba00","#95c11f","#00954b"],"route_refs":["7","3","1"]},"geometry":{"type":"LineString","coordinates":[[9.4643249,51.3126297],[9.4643276,51.3126529],[9.4643809,51.3126514],[9.4645634,51.3126463],[9.4655673,51.3125979],[9.4655807,51.3125972],[9.4657087,51.3125877],[9.4657322,51.3125835],[9.4657559,51.312577],[9.4657546,51.3125604],[9.4655636,51.3125697],[9.4643785,51.3126271],[9.4643249,51.3126297]]}},{"type":"Feature","properties":{"way_id":188811083,"route_colors":["#fbba00","#95c11f","#00954b"],"route_refs":["7","3","1"]},"geometry":{"type":"LineString","coordinates":[[9.4566967,51.313027],[9.456763,51.3130238],[9.457851,51.3129709],[9.4578934,51.3129688],[9.4578914,51.3129472],[9.4578488,51.3129493],[9.4567322,51.3130036],[9.4566947,51.3130054],[9.4566967,51.313027]]}},{"type":"Feature","properties":{"way_id":188811071,"route_colors":["#fbba00","#f08100","#95c11f","#00954b"],"route_refs":["7","4","3","1"]},"geometry":{"type":"LineString","coordinates":[[9.4519345,51.3132411],[9.4519505,51.3132404],[9.4529542,51.313194],[9.4530549,51.3131918],[9.453071,51.3131914],[9.4531031,51.3131934],[9.4531099,51.3131959],[9.4531116,51.3131996],[9.453112,51.3132035],[9.4531089,51.3132067],[9.4531021,51.3132086],[9.4530569,51.3132106],[9.4519522,51.3132574],[9.4519363,51.313258],[9.4519345,51.3132411]]}},{"type":"Feature","properties":{"way_id":157151800,"route_colors":["#fbba00","#f08100","#00954b"],"route_refs":["7","4","1"]},"geometry":{"type":"LineString","coordinates":[[9.447227,51.313284],[9.4472937,51.3132545],[9.4472245,51.3132583],[9.4465971,51.3132897],[9.4464639,51.3132958],[9.4464815,51.3133225],[9.4465995,51.3133164],[9.447227,51.313284]]}},{"type":"Feature","properties":{"way_id":287720378,"route_colors":["#fbba00","#95c11f"],"route_refs":["7","3"]},"geometry":{"type":"LineString","coordinates":[[9.4414711,51.311171],[9.4414468,51.3111603],[9.441425,51.3111506],[9.4418019,51.3108165],[9.4418259,51.310827],[9.4418481,51.3108368],[9.4414711,51.311171]]}},{"type":"Feature","properties":{"way_id":233183792,"route_colors":["#fbba00","#95c11f"],"route_refs":["7","3"]},"geometry":{"type":"LineString","coordinates":[[9.4446492,51.3082098],[9.444602,51.308198],[9.4445926,51.3081956],[9.4447502,51.3079473],[9.4447588,51.3079494],[9.4448068,51.3079614],[9.4446492,51.3082098]]}},{"type":"Feature","properties":{"way_id":233183789,"route_colors":["#fbba00","#95c11f"],"route_refs":["7","3"]},"geometry":{"type":"LineString","coordinates":[[9.4454806,51.3050001],[9.445487,51.3047528],[9.4454923,51.3046463],[9.445497,51.304567]]}},{"type":"Feature","properties":{"way_id":290705486,"route_colors":["#fbba00","#95c11f"],"route_refs":["7","3"]},"geometry":{"type":"LineString","coordinates":[[9.4478821,51.3021612],[9.4481853,51.3017583]]}},{"type":"Feature","properties":{"way_id":157285839,"route_colors":["#fbba00","#95c11f"],"route_refs":["7","3"]},"geometry":{"type":"LineString","coordinates":[[9.4497095,51.2990378],[9.4499016,51.2986622]]}},{"type":"Feature","properties":{"way_id":157056927,"route_colors":["#fbba00","#95c11f"],"route_refs":["7","3"]},"geometry":{"type":"LineString","coordinates":[[9.4523695,51.2957405],[9.452673,51.2953292]]}},{"type":"Feature","properties":{"way_id":157285840,"route_colors":["#fbba00","#95c11f"],"route_refs":["7","3"]},"geometry":{"type":"LineString","coordinates":[[9.453767,51.2920752],[9.4536816,51.2916317]]}},{"type":"Feature","properties":{"way_id":290705485,"route_colors":["#fbba00","#95c11f"],"route_refs":["7","3"]},"geometry":{"type":"LineString","coordinates":[[9.4512989,51.2888365],[9.4517512,51.2891427]]}},{"type":"Feature","properties":{"way_id":290705493,"route_colors":["#fbba00","#95c11f"],"route_refs":["7","3"]},"geometry":{"type":"LineString","coordinates":[[9.4494036,51.2856087],[9.4496436,51.2859746]]}},{"type":"Feature","properties":{"way_id":290705500,"route_colors":["#fbba00","#95c11f","#8a4f38","#0069b4"],"route_refs":["7","3","6","2"]},"geometry":{"type":"LineString","coordinates":[[9.4443763,51.2829493],[9.4444181,51.2829607],[9.4444066,51.2829748],[9.4441594,51.2832906],[9.4441442,51.2833067],[9.4440486,51.2832786],[9.4439343,51.2833745],[9.443898,51.2833576],[9.4443763,51.2829493]]}},{"type":"Feature","properties":{"way_id":290705482,"route_colors":["#fbba00","#95c11f","#8a4f38","#0069b4"],"route_refs":["7","3","6","2"]},"geometry":{"type":"LineString","coordinates":[[9.4463594,51.2804244],[9.4460651,51.2807995]]}},{"type":"Feature","properties":{"way_id":290705497,"route_colors":["#fbba00","#95c11f","#7f5ca3","#0069b4"],"route_refs":["7","3","5","2"]},"geometry":{"type":"LineString","coordinates":[[9.447698,51.276871],[9.448215,51.2772183]]}},{"type":"Feature","properties":{"way_id":290705477,"route_colors":["#fbba00","#95c11f","#7f5ca3","#0069b4"],"route_refs":["7","3","5","2"]},"geometry":{"type":"LineString","coordinates":[[9.4449685,51.2743459],[9.445379,51.274727]]}},{"type":"Feature","properties":{"way_id":290705495,"route_colors":["#fbba00","#95c11f","#7f5ca3","#0069b4"],"route_refs":["7","3","5","2"]},"geometry":{"type":"LineString","coordinates":[[9.44128,51.2721449],[9.4417943,51.2724564],[9.4418216,51.2724752],[9.4418514,51.2724957],[9.4419191,51.2725494],[9.4419969,51.2726233],[9.4420519,51.2726934],[9.4421482,51.2728393],[9.4421793,51.2728864],[9.4421521,51.2728935],[9.4421236,51.2729008],[9.4420926,51.2728461],[9.44195,51.2726481],[9.4418999,51.2726037],[9.4417936,51.2725095],[9.4417753,51.2724977],[9.4417629,51.2724897],[9.4415297,51.2723475],[9.4412397,51.2721706],[9.4412591,51.2721583],[9.44128,51.2721449]]}},{"type":"Feature","properties":{"way_id":228368283,"route_colors":["#fbba00"],"route_refs":["7"]},"geometry":{"type":"LineString","coordinates":[[9.5312698,51.3276991],[9.5313572,51.3276637],[9.5318405,51.3274604],[9.532141,51.3273313],[9.5323826,51.3272309],[9.5326141,51.3271393],[9.5328437,51.3270535],[9.5331438,51.3269482],[9.5333702,51.3268689],[9.5336006,51.3267965],[9.5337679,51.3267458],[9.5339192,51.3267034],[9.534073,51.3266599],[9.5342324,51.3266194],[9.5343777,51.3265844],[9.5345196,51.3265538],[9.534703,51.3265184],[9.5348765,51.3264871],[9.5350496,51.3264573],[9.5352252,51.3264296],[9.5353979,51.3264058],[9.5355668,51.3263849],[9.5357316,51.3263707],[9.5358968,51.3263598],[9.5360638,51.3263538],[9.5362104,51.3263535],[9.5363447,51.3263584],[9.5364841,51.3263652],[9.5366394,51.3263767],[9.5367477,51.3263867],[9.5368569,51.3264008],[9.5369672,51.3264186],[9.5370773,51.3264434],[9.5371763,51.3264709],[9.5372714,51.3265002],[9.5396017,51.3272707],[9.5402215,51.3274782],[9.5405056,51.3275672],[9.540639,51.3276078],[9.5408323,51.3276699],[9.5410176,51.3277312],[9.5410902,51.3277557],[9.5412794,51.3278188]]}},{"type":"Feature","properties":{"way_id":228368284,"route_colors":["#fbba00"],"route_refs":["7"]},"geometry":{"type":"LineString","coordinates":[[9.5312698,51.3276991],[9.5312177,51.3277204],[9.5311663,51.327743],[9.5311043,51.3277717],[9.531025,51.3278081],[9.5309104,51.3278659],[9.5308745,51.3278826],[9.5308315,51.3279011],[9.5307192,51.3279423],[9.530603,51.3279798],[9.5304773,51.3280189],[9.5301316,51.328127],[9.5299622,51.3281798],[9.5298291,51.3282204],[9.5297272,51.3282505],[9.5295799,51.328294],[9.5293905,51.3283487],[9.5291992,51.3284004],[9.528963,51.3284646],[9.528677,51.3285395],[9.5284282,51.3285992],[9.5281955,51.3286559],[9.5279719,51.3287083],[9.5277515,51.3287565],[9.5275435,51.328799],[9.5273486,51.3288357],[9.5271581,51.3288689],[9.5269672,51.3289],[9.5267885,51.3289249],[9.5266238,51.3289445],[9.5264658,51.3289608],[9.5262923,51.3289751],[9.5260991,51.3289872],[9.5259103,51.328995],[9.5257217,51.328998],[9.5255615,51.3289966],[9.5253945,51.3289936],[9.5252117,51.3289865],[9.5250187,51.3289747],[9.524843,51.32896],[9.5246529,51.3289372],[9.5244665,51.3289118],[9.5243003,51.3288855],[9.524168,51.3288619],[9.5240282,51.328834],[9.523886,51.3288002],[9.5236986,51.3287527],[9.523526,51.3287049],[9.5233876,51.3286624],[9.5232428,51.3286137],[9.5230737,51.3285527],[9.5229319,51.3284971],[9.5227827,51.3284331],[9.5226035,51.3283476],[9.522461,51.3282736],[9.5223328,51.3282031],[9.5221992,51.328125],[9.5220626,51.328042],[9.520863,51.3272961],[9.5208169,51.3272645],[9.5199242,51.3267134],[9.5197853,51.3266323],[9.5196441,51.3265537],[9.5194745,51.3264625],[9.5191984,51.3263242],[9.5189658,51.3262155],[9.518808,51.3261459],[9.5185098,51.3260172],[9.5182433,51.3259033],[9.5173397,51.3255207],[9.5165542,51.325186],[9.5162697,51.325059],[9.5160594,51.324965],[9.5158691,51.3248739],[9.5155475,51.3247083],[9.5154228,51.3246407],[9.5150473,51.3244365],[9.5150075,51.3244155],[9.5148831,51.324348],[9.5148408,51.3243251],[9.5141751,51.323965],[9.5139255,51.3238316],[9.5133263,51.323504],[9.5132037,51.3234379],[9.5131505,51.3234093],[9.5130997,51.3233815],[9.5130424,51.3233491],[9.5129992,51.3233193],[9.5129763,51.323302],[9.5129502,51.3232796],[9.5129277,51.3232603],[9.5129088,51.32324],[9.5128798,51.3232087]]}},{"type":"Feature","properties":{"way_id":229100497,"route_colors":["#fbba00","#95c11f","#8a4f38"],"route_refs":["7","3","6"]},"geometry":{"type":"LineString","coordinates":[[9.5128798,51.3232087],[9.5128717,51.3231977],[9.512758,51.3230379],[9.5126475,51.3228927],[9.5125612,51.3227858],[9.5123569,51.3225624],[9.5121902,51.3223922],[9.5120638,51.3222602],[9.511678,51.3218694],[9.5108917,51.3210675],[9.5102963,51.3204606],[9.5096068,51.3197561],[9.5091581,51.3193185],[9.5089384,51.3191062],[9.5088368,51.3190096],[9.5087068,51.3188879],[9.5086137,51.3188023],[9.5082133,51.3184324],[9.5076316,51.3179011],[9.506801,51.3171221],[9.5056935,51.3161053],[9.5056664,51.3160837],[9.505632,51.3160618],[9.5055898,51.316037],[9.5055556,51.3160226],[9.505515,51.3160067],[9.5054798,51.3159932],[9.5054516,51.3159878],[9.5054153,51.3159816],[9.5053823,51.3159784],[9.5053338,51.3159772],[9.5052939,51.3159787],[9.5052556,51.3159835],[9.5051925,51.3159977],[9.5051541,51.3160091],[9.5051261,51.3160198],[9.5050975,51.3160335],[9.505069,51.3160483],[9.5050469,51.3160612]]}},{"type":"Feature","properties":{"way_id":104497484,"route_colors":["#fbba00"],"route_refs":["7"]},"geometry":{"type":"LineString","coordinates":[[9.4929784,51.3165029],[9.4929687,51.3164968],[9.492556,51.3162456],[9.4925205,51.3162239],[9.4925141,51.3162201]]}},{"type":"Feature","properties":{"way_id":184258391,"route_colors":["#fbba00"],"route_refs":["7"]},"geometry":{"type":"LineString","coordinates":[[9.4891399,51.3141792],[9.4890701,51.314148]]}},{"type":"Feature","properties":{"way_id":419559498,"route_colors":["#fbba00"],"route_refs":["7"]},"geometry":{"type":"LineString","coordinates":[[9.4890701,51.314148],[9.4890194,51.314133],[9.4889598,51.3141195],[9.4888992,51.3141126],[9.4888423,51.3141118],[9.488768,51.314116],[9.4887018,51.3141245],[9.4886132,51.3141438]]}},{"type":"Feature","properties":{"way_id":59053801,"route_colors":["#fbba00","#f08100","#00a5df"],"route_refs":["7","4","8"]},"geometry":{"type":"LineString","coordinates":[[9.4886132,51.3141438],[9.4885463,51.3141717],[9.488394,51.3142329],[9.4882867,51.3142712],[9.4881566,51.3143123],[9.4879986,51.3143556],[9.4879053,51.3143782],[9.4878123,51.3143984],[9.4877042,51.3144169],[9.4874425,51.3144573],[9.4872491,51.3144882],[9.487204,51.3144961],[9.4871696,51.314502],[9.4868563,51.3145264],[9.4859608,51.3146061],[9.4857016,51.3146309],[9.485606,51.3146411],[9.4854089,51.3146628],[9.4838548,51.3148352],[9.4834468,51.3148828],[9.4830871,51.314924],[9.4814693,51.3151072],[9.480925,51.3151684],[9.4803593,51.3152293],[9.480171,51.3152518],[9.4791941,51.3153519],[9.4788621,51.3153824],[9.4783164,51.3154327]]}},{"type":"Feature","properties":{"way_id":180749995,"route_colors":["#fbba00"],"route_refs":["7"]},"geometry":{"type":"LineString","coordinates":[[9.4783164,51.3154327],[9.4782055,51.3154291],[9.4781262,51.3154249],[9.47807,51.3154219],[9.4780234,51.315418],[9.4780091,51.3154167],[9.4779423,51.315407],[9.477855,51.3153923],[9.4777808,51.3153778],[9.4776541,51.3153491],[9.4773757,51.3152577],[9.4752409,51.3145429],[9.4751808,51.3145252],[9.4751079,51.3145102],[9.4750248,51.3144968],[9.474948,51.3144924],[9.4748542,51.3144922],[9.4730554,51.3145266],[9.4729271,51.3145295],[9.4727302,51.314534],[9.4725324,51.3145386],[9.4706299,51.3145767],[9.4705276,51.3145713],[9.4704709,51.3145644],[9.4704194,51.3145524],[9.4703822,51.3145441],[9.4702727,51.31451],[9.4688232,51.3138087],[9.4686615,51.31373],[9.4684887,51.3136455],[9.4681169,51.3134645],[9.4667595,51.3128045],[9.4664436,51.3126491],[9.466387,51.3126265],[9.466328,51.3126047],[9.4662932,51.3125924],[9.4662045,51.3125736],[9.4661068,51.3125608],[9.4660213,51.3125541],[9.4659293,51.3125506],[9.4658438,51.3125485],[9.4657538,51.3125498]]}},{"type":"Feature","properties":{"way_id":180749997,"route_colors":["#fbba00","#95c11f","#00954b"],"route_refs":["7","3","1"]},"geometry":{"type":"LineString","coordinates":[[9.4657538,51.3125498],[9.465562,51.3125581],[9.464866,51.3125935],[9.4643775,51.3126175],[9.4609812,51.3127848],[9.4608064,51.3127934],[9.4590535,51.3128797],[9.457848,51.312939],[9.457001,51.3129807],[9.4567313,51.312994],[9.4563538,51.3130125],[9.4547894,51.3130923],[9.453491,51.3131538],[9.4533692,51.3131595],[9.4532369,51.3131658],[9.4530531,51.3131745]]}},{"type":"Feature","properties":{"way_id":180749996,"route_colors":["#fbba00","#f08100","#95c11f","#00954b"],"route_refs":["7","4","3","1"]},"geometry":{"type":"LineString","coordinates":[[9.4530531,51.3131745],[9.4521679,51.3132216],[9.4519497,51.3132326],[9.4504366,51.3133089],[9.4502777,51.3133169],[9.4502108,51.3133203],[9.4487236,51.3133931]]}},{"type":"Feature","properties":{"way_id":425870262,"route_colors":["#fbba00","#f08100"],"route_refs":["7","4"]},"geometry":{"type":"LineString","coordinates":[[9.4487236,51.3133931],[9.4485925,51.3134],[9.4484601,51.3133965],[9.448389,51.3133799],[9.4483313,51.3133575],[9.448245,51.3133114],[9.4482301,51.3133034],[9.4481911,51.3132809],[9.4481624,51.3132671]]}},{"type":"Feature","properties":{"way_id":37016090,"route_colors":["#fbba00","#f08100"],"route_refs":["7","4"]},"geometry":{"type":"LineString","coordinates":[[9.4481624,51.3132671],[9.4481063,51.3132475],[9.4480587,51.3132355],[9.4480184,51.3132275],[9.4479827,51.3132235],[9.4479512,51.3132211],[9.4479017,51.3132207],[9.4478372,51.3132239]]}},{"type":"Feature","properties":{"way_id":368803349,"route_colors":["#fbba00","#f08100"],"route_refs":["7","4"]},"geometry":{"type":"LineString","coordinates":[[9.4478372,51.3132239],[9.447224,51.3132524],[9.4468526,51.3132679]]}},{"type":"Feature","properties":{"way_id":157151807,"route_colors":["#fbba00","#f08100"],"route_refs":["7","4"]},"geometry":{"type":"LineString","coordinates":[[9.4468526,51.3132679],[9.4465965,51.3132829],[9.4464601,51.3132897]]}},{"type":"Feature","properties":{"way_id":368803348,"route_colors":["#fbba00","#f08100"],"route_refs":["7","4"]},"geometry":{"type":"LineString","coordinates":[[9.4464601,51.3132897],[9.4462132,51.313302],[9.446159,51.313306],[9.4461126,51.3133138],[9.4460648,51.3133284],[9.4460123,51.3133487],[9.4460015,51.3133528]]}},{"type":"Feature","properties":{"way_id":127362093,"route_colors":["#fbba00","#f08100","#95c11f","#00954b"],"route_refs":["7","4","3","1"]},"geometry":{"type":"LineString","coordinates":[[9.4460015,51.3133528],[9.4459767,51.3133669],[9.4459059,51.3134074],[9.4458683,51.3134288],[9.4458579,51.3134335],[9.4458248,51.3134486],[9.4457917,51.3134576]]}},{"type":"Feature","properties":{"way_id":50303480,"route_colors":["#fbba00","#f08100","#95c11f","#00954b"],"route_refs":["7","4","3","1"]},"geometry":{"type":"LineString","coordinates":[[9.4457917,51.3134576],[9.4457472,51.3134676],[9.4456634,51.3134832],[9.4455117,51.3134968],[9.4450325,51.3135193]]}},{"type":"Feature","properties":{"way_id":161895005,"route_colors":["#fbba00","#f08100","#95c11f"],"route_refs":["7","4","3"]},"geometry":{"type":"LineString","coordinates":[[9.4450325,51.3135193],[9.4449635,51.3135191],[9.4448742,51.3135124],[9.4448125,51.3135028],[9.4447584,51.3134876],[9.4447201,51.313473],[9.4446703,51.3134539],[9.4446038,51.3134208],[9.4443349,51.3132603]]}},{"type":"Feature","properties":{"way_id":188642192,"route_colors":["#fbba00","#f08100","#95c11f"],"route_refs":["7","4","3"]},"geometry":{"type":"LineString","coordinates":[[9.4443349,51.3132603],[9.4441693,51.3131639]]}},{"type":"Feature","properties":{"way_id":49277432,"route_colors":["#fbba00","#f08100","#95c11f"],"route_refs":["7","4","3"]},"geometry":{"type":"LineString","coordinates":[[9.4441693,51.3131639],[9.4431432,51.3125698]]}},{"type":"Feature","properties":{"way_id":49277431,"route_colors":["#fbba00","#f08100","#95c11f"],"route_refs":["7","4","3"]},"geometry":{"type":"LineString","coordinates":[[9.4431432,51.3125698],[9.4414558,51.3115964]]}},{"type":"Feature","properties":{"way_id":185719526,"route_colors":["#fbba00","#95c11f"],"route_refs":["7","3"]},"geometry":{"type":"LineString","coordinates":[[9.4414558,51.3115964],[9.4414078,51.3115521],[9.4413827,51.311521],[9.4413628,51.3114885],[9.4413509,51.3114387],[9.4413457,51.3113794],[9.441357,51.3113333],[9.441379,51.3112885],[9.4414116,51.3112477],[9.4414631,51.3111951],[9.4417358,51.3109575],[9.4418799,51.3108281],[9.4419746,51.310743],[9.4432981,51.3095837],[9.4433251,51.3095601],[9.44437,51.3086235],[9.444405,51.3085926],[9.444445,51.3085475],[9.4444678,51.3085211],[9.4444864,51.308486],[9.4445167,51.3084394],[9.4447471,51.3080855],[9.444912,51.3078275],[9.4449836,51.3077208],[9.445055,51.3076201],[9.4451145,51.3075257],[9.4454171,51.3070562],[9.445447,51.3070012],[9.4454627,51.306958],[9.4454733,51.3069034],[9.4454782,51.306838],[9.445514,51.3052735],[9.4455172,51.3051365],[9.4455217,51.3050003],[9.4455279,51.3048182],[9.4455324,51.3046861],[9.4455452,51.3045179],[9.4455581,51.3044247],[9.4455793,51.3043467],[9.445605,51.3042673],[9.4456366,51.3041883],[9.4456954,51.3040702],[9.4457374,51.3039981],[9.4457806,51.3039322],[9.4458545,51.3038339],[9.4459187,51.3037603],[9.4460077,51.3036699],[9.4460967,51.3035889],[9.4461573,51.3035403],[9.4462713,51.3034561],[9.4464201,51.3033543],[9.4468406,51.3030812],[9.4470495,51.3029413],[9.4472516,51.3027927],[9.4474233,51.3026523],[9.4475738,51.3025171],[9.4477393,51.3023429],[9.447834,51.3022432],[9.4478957,51.3021655],[9.4480045,51.3020284],[9.4480871,51.3019176],[9.4482014,51.3017635],[9.448492,51.301372],[9.4486385,51.3011764],[9.4487757,51.3009822],[9.4489094,51.3007791],[9.4490163,51.300601],[9.4490283,51.300581],[9.4491472,51.3003542],[9.4492634,51.3000987],[9.4497225,51.2990621],[9.4498377,51.298842],[9.4499337,51.2986585],[9.4499552,51.2986243],[9.4499909,51.2985676],[9.4501316,51.2983568],[9.4502411,51.2982134],[9.4504503,51.2979515],[9.4511882,51.2971056],[9.4513305,51.29695],[9.4520983,51.2961104],[9.4522219,51.2959741],[9.4523399,51.2958321],[9.452403,51.2957511],[9.4525593,51.2955309],[9.4526983,51.295335],[9.4527675,51.2952254],[9.4528246,51.2951349],[9.452931,51.2949524],[9.4530287,51.2947696],[9.4532205,51.2943985],[9.4533313,51.2941842],[9.4534337,51.2939724],[9.4535129,51.2937878],[9.453581,51.2936133],[9.4536382,51.2934462],[9.4537449,51.2930645],[9.4537875,51.2928684],[9.4538305,51.292577],[9.4538388,51.2924063],[9.4538355,51.2922373],[9.4538191,51.2920723],[9.4537694,51.2917829],[9.4537591,51.2917232],[9.4537379,51.2916291],[9.4537254,51.2915772],[9.4537035,51.2915035],[9.4536761,51.2914116],[9.4536733,51.2914022],[9.4536646,51.291373],[9.453628,51.2912657],[9.4535879,51.2911568],[9.4535384,51.2910366],[9.4534376,51.2908246],[9.4533512,51.2906695],[9.4532979,51.2905738],[9.4531699,51.2903944],[9.4530396,51.2902212],[9.4529083,51.2900648],[9.4527421,51.2898864],[9.4526173,51.289765],[9.4524897,51.2896455],[9.4522639,51.2894573],[9.4520408,51.2892878],[9.4518037,51.2891258],[9.4517923,51.2891182],[9.4515011,51.2889237],[9.4513312,51.2888102],[9.4512993,51.2887888],[9.4511928,51.2887171],[9.451097,51.2886526],[9.450629,51.2883375],[9.4505402,51.2882718],[9.4504424,51.2881915],[9.4502774,51.2880416],[9.450167,51.2879293],[9.4500666,51.2878098],[9.4499761,51.2876884],[9.4499385,51.2876347],[9.4499074,51.2875785],[9.4498504,51.2874775],[9.4498001,51.2873821],[9.449761,51.2872817],[9.4497256,51.2871855],[9.4496917,51.2870519],[9.4496707,51.2869522],[9.4496552,51.2868389],[9.4496527,51.2866939],[9.4496669,51.2865551],[9.4497003,51.2864041],[9.4497187,51.2863232],[9.4497307,51.286249],[9.4497307,51.2861609],[9.4497248,51.2861211],[9.4497141,51.2860748],[9.4497023,51.2860363],[9.4496763,51.2859786],[9.449672,51.2859687],[9.4496588,51.2859431],[9.4495353,51.2857475],[9.4494991,51.2856902],[9.4494367,51.2856056],[9.4494302,51.2855981],[9.4493992,51.2855613],[9.4493527,51.2855162],[9.4493119,51.2854827],[9.449255,51.2854443],[9.449197,51.2854101],[9.4491162,51.285376],[9.4490406,51.2853516],[9.4489745,51.2853359],[9.4488995,51.2853226],[9.4488223,51.2853124],[9.4486918,51.2853031],[9.4484106,51.2852894],[9.4475605,51.285251],[9.4473342,51.2852349],[9.4471076,51.2852116],[9.4467402,51.2851665],[9.4461966,51.2850896],[9.4457695,51.2850202],[9.4453337,51.2849415],[9.4449188,51.2848597],[9.444547,51.2847792],[9.4444425,51.2847525],[9.4443408,51.2847219],[9.4442551,51.284691],[9.4441849,51.2846596],[9.4440991,51.2846123],[9.4440416,51.2845743],[9.4439879,51.284532],[9.4439354,51.2844843],[9.4438809,51.2844177],[9.4438393,51.2843632],[9.4438085,51.2843039],[9.443793,51.2842335],[9.4437826,51.2841357],[9.4437842,51.2840523],[9.443794,51.2839753],[9.4438012,51.2839341],[9.4438209,51.2838618],[9.4438608,51.283758],[9.4439055,51.2836688],[9.4439645,51.2835756],[9.4440143,51.283505],[9.4441149,51.2833748]]}},{"type":"Feature","properties":{"way_id":185878836,"route_colors":["#fbba00","#95c11f"],"route_refs":["7","3"]},"geometry":{"type":"LineString","coordinates":[[9.4441149,51.2833748],[9.4441666,51.2833079],[9.4441761,51.2832956],[9.444309,51.2831243]]}},{"type":"Feature","properties":{"way_id":188673922,"route_colors":["#fbba00","#95c11f","#8a4f38","#0069b4"],"route_refs":["7","3","6","2"]},"geometry":{"type":"LineString","coordinates":[[9.444309,51.2831243],[9.4444209,51.2829787],[9.4445126,51.2828594],[9.4446666,51.2826587],[9.444686,51.2826336],[9.4447421,51.2825611],[9.4450484,51.2821653],[9.4452902,51.2818528],[9.445665,51.2813695],[9.4458374,51.2811472],[9.4460979,51.28081],[9.4462674,51.2805906],[9.4463901,51.280432],[9.4464343,51.2803693],[9.4464598,51.2803184],[9.4464664,51.2802968],[9.4464754,51.2802624],[9.4464818,51.2802328],[9.4464876,51.2802063],[9.4465009,51.2801479],[9.4465231,51.2800984],[9.4465466,51.2800639],[9.4471484,51.2793009],[9.447196,51.2792315],[9.4472379,51.2791545],[9.4472675,51.2790923],[9.4472998,51.2790108],[9.447345,51.278897],[9.4473802,51.278819],[9.4474249,51.2787399],[9.4474834,51.2786531],[9.447536,51.2785896],[9.4475903,51.2785282],[9.4479207,51.278217],[9.4479889,51.2781403],[9.4480528,51.2780577],[9.4481384,51.2779145],[9.4483095,51.2776154]]}},{"type":"Feature","properties":{"way_id":185719521,"route_colors":["#fbba00","#95c11f","#0069b4"],"route_refs":["7","3","2"]},"geometry":{"type":"LineString","coordinates":[[9.4483095,51.2776154],[9.4483212,51.2775939],[9.4483693,51.2775056],[9.4483855,51.2774704],[9.4483899,51.2774632],[9.4483955,51.2774293],[9.4483956,51.2774195],[9.4483957,51.2773952],[9.4483888,51.277358],[9.4483724,51.2773184],[9.4483396,51.2772744],[9.448266,51.277214]]}},{"type":"Feature","properties":{"way_id":185719528,"route_colors":["#fbba00","#95c11f","#7f5ca3","#0069b4"],"route_refs":["7","3","5","2"]},"geometry":{"type":"LineString","coordinates":[[9.448266,51.277214],[9.4482458,51.2772008],[9.4479568,51.2770108],[9.4478945,51.2769649],[9.4476499,51.2767849],[9.4475337,51.2766924],[9.4474465,51.2766157],[9.4473195,51.2765004],[9.4465766,51.275804],[9.4463211,51.2755587],[9.4454454,51.2747439],[9.4451591,51.2744775],[9.4450012,51.2743298],[9.4449379,51.2742635],[9.4448895,51.2742037],[9.4448165,51.2740927],[9.4447742,51.2740415],[9.4447398,51.2740099],[9.4447317,51.2740041],[9.4447122,51.27399],[9.4446768,51.2739716],[9.444642,51.2739538],[9.4445979,51.2739384],[9.4445384,51.2739222],[9.4439519,51.2737777],[9.4437657,51.2737272],[9.4436245,51.273683],[9.4435506,51.2736598],[9.4433939,51.2736063],[9.4432028,51.2735329],[9.4427472,51.2733412],[9.4426363,51.2732919],[9.4425481,51.2732444],[9.4424355,51.2731703],[9.4423546,51.2730969],[9.4422871,51.2730168],[9.4422652,51.2729834],[9.442168,51.2728348],[9.4421021,51.2727341],[9.4420548,51.272666],[9.4420003,51.272602],[9.4419414,51.2725482],[9.4418652,51.2724861],[9.4418365,51.2724672],[9.4417902,51.2724368],[9.4415059,51.2722644]]}},{"type":"Feature","properties":{"way_id":233728633,"route_colors":["#f08100"],"route_refs":["4"]},"geometry":{"type":"LineString","coordinates":[[9.4139382,51.3009113],[9.4143109,51.301278]]}},{"type":"Feature","properties":{"way_id":147995465,"route_colors":["#f08100"],"route_refs":["4"]},"geometry":{"type":"LineString","coordinates":[[9.4156408,51.3033625],[9.4157128,51.3037399]]}},{"type":"Feature","properties":{"way_id":147995471,"route_colors":["#f08100"],"route_refs":["4"]},"geometry":{"type":"LineString","coordinates":[[9.4166034,51.3070443],[9.4170698,51.3072761]]}},{"type":"Feature","properties":{"way_id":287720387,"route_colors":["#f08100"],"route_refs":["4"]},"geometry":{"type":"LineString","coordinates":[[9.4222344,51.3095287],[9.4222113,51.3095057],[9.4226145,51.3093473],[9.4226376,51.3093703],[9.4222344,51.3095287]]}},{"type":"Feature","properties":{"way_id":287720385,"route_colors":["#f08100"],"route_refs":["4"]},"geometry":{"type":"LineString","coordinates":[[9.4279,51.310008],[9.4279263,51.3099883],[9.4283951,51.3102342],[9.4283688,51.3102538],[9.4279,51.310008]]}},{"type":"Feature","properties":{"way_id":287720383,"route_colors":["#f08100"],"route_refs":["4"]},"geometry":{"type":"LineString","coordinates":[[9.4334329,51.3116816],[9.4334316,51.3116648],[9.4339706,51.311648],[9.4339719,51.3116649],[9.4334329,51.3116816]]}},{"type":"Feature","properties":{"way_id":287720376,"route_colors":["#f08100"],"route_refs":["4"]},"geometry":{"type":"LineString","coordinates":[[9.4403325,51.3114899],[9.4403283,51.3114846],[9.4403332,51.3114793],[9.4403662,51.3114637],[9.4403923,51.3114622],[9.4410962,51.3114431],[9.44114,51.3114419],[9.4411407,51.3114663],[9.4410982,51.3114675],[9.4403938,51.3114908],[9.4403325,51.3114899]]}},{"type":"Feature","properties":{"way_id":157151809,"route_colors":["#f08100"],"route_refs":["4"]},"geometry":{"type":"LineString","coordinates":[[9.4470502,51.3130852],[9.4472073,51.3130778],[9.4477651,51.3130514],[9.4477037,51.3130196],[9.4472039,51.3130422],[9.4470912,51.3130477],[9.4470502,51.3130852]]}},{"type":"Feature","properties":{"way_id":188811075,"route_colors":["#f08100","#95c11f","#00954b"],"route_refs":["4","3","1"]},"geometry":{"type":"LineString","coordinates":[[9.4519296,51.3131946],[9.4519456,51.3131938],[9.4530497,51.3131415],[9.4530901,51.3131396],[9.4531527,51.3131367],[9.4531581,51.3131349],[9.45316,51.3131321],[9.4531591,51.3131275],[9.453154,51.3131238],[9.4531322,51.3131175],[9.4530474,51.3131196],[9.4529657,51.3131216],[9.4519436,51.313175],[9.4519277,51.3131758],[9.4519296,51.3131946]]}},{"type":"Feature","properties":{"way_id":59243880,"route_colors":["#f08100"],"route_refs":["4"]},"geometry":{"type":"LineString","coordinates":[[9.4547367,51.3156797],[9.4547579,51.3156916],[9.4551854,51.315931],[9.4552096,51.3159446],[9.455247,51.3159184],[9.4552228,51.3159049],[9.4547956,51.3156655],[9.4547741,51.3156535],[9.4547367,51.3156797]]}},{"type":"Feature","properties":{"way_id":265617353,"route_colors":["#f08100"],"route_refs":["4"]},"geometry":{"type":"LineString","coordinates":[[9.4606172,51.3160393],[9.4610341,51.3160389],[9.4610341,51.3160769],[9.4606173,51.3160771],[9.4606172,51.3160393]]}},{"type":"Feature","properties":{"way_id":157285419,"route_colors":["#f08100","#00a5df"],"route_refs":["4","8"]},"geometry":{"type":"LineString","coordinates":[[9.4646948,51.3160678],[9.4652202,51.3160664]]}},{"type":"Feature","properties":{"way_id":157526906,"route_colors":["#f08100","#00a5df"],"route_refs":["4","8"]},"geometry":{"type":"LineString","coordinates":[[9.468743,51.316052],[9.4692012,51.3161541],[9.4691879,51.3161776],[9.4687956,51.3160902],[9.4687283,51.3160729],[9.4687079,51.3160638],[9.4686944,51.3160511],[9.468743,51.316052]]}},{"type":"Feature","properties":{"way_id":157528500,"route_colors":["#f08100","#00a5df"],"route_refs":["4","8"]},"geometry":{"type":"LineString","coordinates":[[9.473365,51.3158458],[9.4729313,51.3158851]]}},{"type":"Feature","properties":{"way_id":59117370,"route_colors":["#f08100","#00a5df"],"route_refs":["4","8"]},"geometry":{"type":"LineString","coordinates":[[9.47938,51.3152619],[9.4793008,51.3152693],[9.4789414,51.3153027],[9.4788791,51.3153085]]}},{"type":"Feature","properties":{"way_id":302040413,"route_colors":["#f08100","#00a5df"],"route_refs":["4","8"]},"geometry":{"type":"LineString","coordinates":[[9.483952,51.3147572],[9.4840292,51.3147484],[9.4843647,51.3147102],[9.4844291,51.3147028]]}},{"type":"Feature","properties":{"way_id":184306771,"route_colors":["#f08100","#00a5df"],"route_refs":["4","8"]},"geometry":{"type":"LineString","coordinates":[[9.4884422,51.3141643],[9.4883507,51.3142032],[9.4882656,51.314232],[9.4881774,51.3142628],[9.4880689,51.3142945],[9.4879655,51.3143215],[9.487849,51.314349],[9.4877317,51.3143738],[9.4876472,51.314386],[9.4876433,51.3143766],[9.4877234,51.3143562],[9.4878397,51.3143317],[9.4879535,51.3143031],[9.4880536,51.3142749],[9.4881631,51.3142428],[9.4882492,51.3142128],[9.4883307,51.3141826],[9.4884206,51.3141451],[9.4884292,51.3141522],[9.4884422,51.3141643]]}},{"type":"Feature","properties":{"way_id":393404164,"route_colors":["#f08100","#00a5df"],"route_refs":["4","8"]},"geometry":{"type":"LineString","coordinates":[[9.5379496,51.2987033],[9.5374413,51.299183]]}},{"type":"Feature","properties":{"way_id":404759842,"route_colors":["#f08100","#00a5df"],"route_refs":["4","8"]},"geometry":{"type":"LineString","coordinates":[[9.5455765,51.2951907],[9.5455591,51.2951674],[9.5456708,51.2951385],[9.5457668,51.2951158],[9.545887,51.2950879],[9.5460018,51.295064],[9.5461463,51.2950372],[9.5463415,51.2950035],[9.5463521,51.2950295],[9.546156,51.2950608],[9.5460125,51.2950858],[9.5458988,51.2951106],[9.5457782,51.2951377],[9.5456861,51.2951612],[9.5455765,51.2951907]]}},{"type":"Feature","properties":{"way_id":24952678,"route_colors":["#f08100","#00a5df"],"route_refs":["4","8"]},"geometry":{"type":"LineString","coordinates":[[9.5632409,51.2908052],[9.5641906,51.2906161]]}},{"type":"Feature","properties":{"way_id":186948592,"route_colors":["#f08100"],"route_refs":["4"]},"geometry":{"type":"LineString","coordinates":[[9.5713303,51.2891449],[9.5714143,51.2891252],[9.5716677,51.2890601],[9.5719047,51.2889908],[9.5722149,51.2888958]]}},{"type":"Feature","properties":{"way_id":202732328,"route_colors":["#f08100"],"route_refs":["4"]},"geometry":{"type":"LineString","coordinates":[[9.5998605,51.2835485],[9.6007437,51.2834168]]}},{"type":"Feature","properties":{"way_id":301382138,"route_colors":["#f08100"],"route_refs":["4"]},"geometry":{"type":"LineString","coordinates":[[9.6092684,51.2834448],[9.6083696,51.2831976]]}},{"type":"Feature","properties":{"way_id":303981868,"route_colors":["#f08100"],"route_refs":["4"]},"geometry":{"type":"LineString","coordinates":[[9.6139264,51.2845449],[9.6140586,51.2845471],[9.614197,51.2845463],[9.6143301,51.2845413],[9.614471,51.2845335],[9.614639,51.2845217],[9.614796,51.2845059],[9.614843,51.2844997]]}},{"type":"Feature","properties":{"way_id":301373023,"route_colors":["#f08100"],"route_refs":["4"]},"geometry":{"type":"LineString","coordinates":[[9.6192358,51.2826328],[9.6193683,51.2826059],[9.6194881,51.2825854],[9.619668,51.2825569],[9.619855,51.2825344],[9.6200468,51.2825163],[9.6201802,51.2825067],[9.6201755,51.2824875],[9.6201703,51.2824691],[9.6194183,51.2825334],[9.6194306,51.2825608],[9.619218,51.2825984],[9.6192276,51.2826169],[9.6192358,51.2826328]]}},{"type":"Feature","properties":{"way_id":311095978,"route_colors":["#f08100"],"route_refs":["4"]},"geometry":{"type":"LineString","coordinates":[[9.6299865,51.2856002],[9.6300083,51.2856381],[9.6300436,51.2857075],[9.6300778,51.2857858],[9.6302092,51.2861108],[9.6302375,51.2861825]]}},{"type":"Feature","properties":{"way_id":242193288,"route_colors":["#f08100"],"route_refs":["4"]},"geometry":{"type":"LineString","coordinates":[[9.6369271,51.286776],[9.636231,51.2871924]]}},{"type":"Feature","properties":{"way_id":262301615,"route_colors":["#f08100"],"route_refs":["4"]},"geometry":{"type":"LineString","coordinates":[[9.639283,51.2829682],[9.6392193,51.2835408]]}},{"type":"Feature","properties":{"way_id":182851444,"route_colors":["#f08100"],"route_refs":["4"]},"geometry":{"type":"LineString","coordinates":[[9.6741172,51.2350349],[9.6740869,51.2350457],[9.674029,51.2349854],[9.6739673,51.2349182],[9.6739039,51.2348456],[9.6738463,51.234773],[9.6738676,51.2347658],[9.6738773,51.2347625],[9.6739317,51.2348308],[9.673985,51.2348922],[9.6740447,51.2349588],[9.6741172,51.2350349]]}},{"type":"Feature","properties":{"way_id":165850634,"route_colors":["#f08100"],"route_refs":["4"]},"geometry":{"type":"LineString","coordinates":[[9.6718378,51.22704],[9.671688,51.2267222],[9.6716499,51.226629],[9.6716022,51.2264928],[9.6715654,51.2264817]]}},{"type":"Feature","properties":{"way_id":165850633,"route_colors":["#f08100"],"route_refs":["4"]},"geometry":{"type":"LineString","coordinates":[[9.6951986,51.2128253],[9.6954093,51.2127819],[9.6963586,51.212581],[9.6963827,51.2126284],[9.6963662,51.2126314],[9.6954257,51.2128234],[9.695203,51.2128688],[9.6951806,51.2128289],[9.6951986,51.2128253]]}},{"type":"Feature","properties":{"way_id":316462988,"route_colors":["#f08100"],"route_refs":["4"]},"geometry":{"type":"LineString","coordinates":[[9.7087843,51.2101134],[9.708926,51.2100602],[9.709058,51.2100122],[9.7092134,51.2099598],[9.7093763,51.2099099],[9.7095705,51.2098521]]}},{"type":"Feature","properties":{"way_id":165847719,"route_colors":["#f08100"],"route_refs":["4"]},"geometry":{"type":"LineString","coordinates":[[9.7211669,51.2036239],[9.7211828,51.203607],[9.7211413,51.2035923],[9.7211041,51.2036322],[9.7210565,51.2036776],[9.7209981,51.2037241],[9.7209349,51.2037698],[9.7208689,51.2038106],[9.7207934,51.203852],[9.7206864,51.2039057],[9.7205629,51.203962],[9.7204639,51.2040044],[9.7204897,51.2040277],[9.7205894,51.2039917],[9.720718,51.2039391],[9.7208476,51.2038773],[9.7209358,51.2038246],[9.7210008,51.2037792],[9.7210602,51.2037303],[9.7211159,51.2036785],[9.7211669,51.2036239]]}},{"type":"Feature","properties":{"way_id":295486196,"route_colors":["#f08100"],"route_refs":["4"]},"geometry":{"type":"LineString","coordinates":[[9.7206216,51.1985827],[9.720188,51.1983602]]}},{"type":"Feature","properties":{"way_id":295288474,"route_colors":["#f08100"],"route_refs":["4"]},"geometry":{"type":"LineString","coordinates":[[9.7164924,51.195805],[9.716608,51.1958923],[9.7167326,51.1959816],[9.7172775,51.1963674]]}},{"type":"Feature","properties":{"way_id":290576690,"route_colors":["#f08100"],"route_refs":["4"]},"geometry":{"type":"LineString","coordinates":[[9.4141399,51.3011481],[9.414326,51.301327],[9.4143977,51.3014011],[9.414437,51.3014413],[9.4144814,51.3014813],[9.4145209,51.3015099],[9.4145751,51.3015376]]}},{"type":"Feature","properties":{"way_id":188391815,"route_colors":["#f08100"],"route_refs":["4"]},"geometry":{"type":"LineString","coordinates":[[9.4151325,51.3017353],[9.414757,51.3015996],[9.4145751,51.3015376]]}},{"type":"Feature","properties":{"way_id":184672737,"route_colors":["#f08100"],"route_refs":["4"]},"geometry":{"type":"LineString","coordinates":[[9.4151325,51.3017353],[9.4151938,51.3017654],[9.4152415,51.3017965],[9.4152766,51.3018317],[9.4152871,51.3018444],[9.4153054,51.3018666],[9.4153252,51.3019025],[9.4153363,51.301937],[9.4153436,51.3019598],[9.4156598,51.3036903],[9.4160384,51.3056914],[9.4162458,51.3067876],[9.4162509,51.3068158],[9.4162598,51.3068377],[9.4162794,51.3068714],[9.4162973,51.3068948],[9.4163291,51.3069216],[9.4163695,51.3069488],[9.4164296,51.3069845],[9.4170017,51.3072705],[9.4174077,51.3074742],[9.4174161,51.3074785],[9.4179153,51.3077314],[9.4191603,51.3083623],[9.4215587,51.3095773],[9.4216295,51.3096099],[9.4216869,51.3096308],[9.4217493,51.3096466],[9.4218086,51.3096531],[9.4218683,51.3096541],[9.4219212,51.3096499],[9.4219798,51.3096375],[9.4220496,51.3096145],[9.4221859,51.3095608],[9.422403,51.3094752],[9.4230988,51.309198],[9.4231214,51.309189],[9.423219,51.3091564],[9.4232874,51.3091442],[9.4233333,51.3091406],[9.4233428,51.3091401],[9.4233856,51.3091372],[9.4241826,51.3091132],[9.4244045,51.3091126],[9.4244899,51.3091195],[9.4245959,51.3091333],[9.4247905,51.3091643],[9.4254958,51.3093035],[9.4260543,51.3094242],[9.4262897,51.3094823],[9.4264594,51.3095306],[9.4270921,51.3097103],[9.42752,51.309838],[9.4276048,51.3098716],[9.4276411,51.309886],[9.4281202,51.3101341],[9.4281639,51.3101567],[9.4290415,51.310611],[9.4290875,51.3106319],[9.4291464,51.3106535],[9.4292001,51.3106696],[9.4292464,51.3106788],[9.4292975,51.3106876],[9.4293632,51.3106945],[9.4304352,51.3107332],[9.4305013,51.3107354],[9.4305564,51.3107403],[9.4306156,51.310747],[9.430689,51.3107605],[9.4307414,51.3107727],[9.4307991,51.3107916],[9.4308471,51.3108079],[9.4308834,51.3108242],[9.4309207,51.3108415],[9.4309486,51.3108569],[9.4318968,51.3114899],[9.4319333,51.311514],[9.4319852,51.3115446],[9.4320292,51.3115679],[9.4320795,51.3115942],[9.4321382,51.3116164],[9.4321821,51.3116344],[9.4322846,51.3116655],[9.432382,51.311687],[9.4324366,51.3116945],[9.4325118,51.3117063],[9.4325994,51.3117129],[9.4327147,51.3117129],[9.433776,51.3116807],[9.4344177,51.3116659],[9.4403938,51.3114908],[9.4407715,51.3114797]]}},{"type":"Feature","properties":{"way_id":221597960,"route_colors":["#f08100"],"route_refs":["4"]},"geometry":{"type":"LineString","coordinates":[[9.4407715,51.3114797],[9.4410985,51.3114712],[9.4411429,51.3114701],[9.4411974,51.3114732],[9.4412462,51.3114818],[9.4412943,51.3114914],[9.4413513,51.3115079],[9.4413892,51.3115207],[9.4414169,51.3115308],[9.4414984,51.311578]]}},{"type":"Feature","properties":{"way_id":184672733,"route_colors":["#f08100","#95c11f"],"route_refs":["4","3"]},"geometry":{"type":"LineString","coordinates":[[9.4414984,51.311578],[9.4441983,51.3131449]]}},{"type":"Feature","properties":{"way_id":184672730,"route_colors":["#f08100","#95c11f"],"route_refs":["4","3"]},"geometry":{"type":"LineString","coordinates":[[9.4441983,51.3131449],[9.4446474,51.3134025],[9.4447189,51.3134385],[9.444777,51.3134602],[9.4448326,51.3134768],[9.4448865,51.3134859],[9.4449637,51.3134916],[9.4450322,51.3134931]]}},{"type":"Feature","properties":{"way_id":184672736,"route_colors":["#f08100","#95c11f","#00954b"],"route_refs":["4","3","1"]},"geometry":{"type":"LineString","coordinates":[[9.4450322,51.3134931],[9.4455048,51.3134668],[9.4456554,51.3134562],[9.4456969,51.3134493],[9.4457422,51.3134405],[9.4457605,51.3134349],[9.4457878,51.3134264],[9.4457993,51.3134229],[9.4458467,51.3133981],[9.4458711,51.3133853],[9.4459578,51.3133361],[9.4461101,51.3132497]]}},{"type":"Feature","properties":{"way_id":59053826,"route_colors":["#f08100"],"route_refs":["4"]},"geometry":{"type":"LineString","coordinates":[[9.4461101,51.3132497],[9.4461891,51.3132031],[9.44623,51.3131815],[9.4462778,51.3131591]]}},{"type":"Feature","properties":{"way_id":8371529,"route_colors":["#f08100"],"route_refs":["4"]},"geometry":{"type":"LineString","coordinates":[[9.4462778,51.3131591],[9.4463122,51.3131457],[9.4463613,51.3131317],[9.4464069,51.313128]]}},{"type":"Feature","properties":{"way_id":157151813,"route_colors":["#f08100"],"route_refs":["4"]},"geometry":{"type":"LineString","coordinates":[[9.4464069,51.313128],[9.4464403,51.3131262],[9.4465463,51.3131213],[9.4472084,51.3130894],[9.4474569,51.3130774]]}},{"type":"Feature","properties":{"way_id":157151811,"route_colors":["#f08100"],"route_refs":["4"]},"geometry":{"type":"LineString","coordinates":[[9.4474569,51.3130774],[9.4478177,51.3130633]]}},{"type":"Feature","properties":{"way_id":368803352,"route_colors":["#f08100"],"route_refs":["4"]},"geometry":{"type":"LineString","coordinates":[[9.4478177,51.3130633],[9.4478591,51.3130691],[9.4478849,51.3130768],[9.4479394,51.3131026],[9.447988,51.3131301],[9.4480442,51.3131622]]}},{"type":"Feature","properties":{"way_id":37016091,"route_colors":["#f08100","#95c11f","#00954b"],"route_refs":["4","3","1"]},"geometry":{"type":"LineString","coordinates":[[9.4480442,51.3131622],[9.448218,51.3132538],[9.4482435,51.3132675],[9.4482996,51.3132977],[9.4483174,51.3133064],[9.4483817,51.313338],[9.4484436,51.3133554],[9.4485111,51.3133671],[9.4486008,51.3133683],[9.4501967,51.3132864],[9.4503174,51.3132806],[9.4504044,51.3132765],[9.4519466,51.313203],[9.4527773,51.3131634],[9.4530508,51.3131521]]}},{"type":"Feature","properties":{"way_id":188642193,"route_colors":["#f08100"],"route_refs":["4"]},"geometry":{"type":"LineString","coordinates":[[9.4530508,51.3131521],[9.4530621,51.3131519],[9.4531461,51.3131528],[9.4532145,51.3131608],[9.4532369,51.3131658],[9.4532764,51.3131746],[9.4533271,51.3131928],[9.4533503,51.313202],[9.4533862,51.3132162],[9.4534362,51.3132464],[9.4534721,51.3132829],[9.4534879,51.3133026],[9.4535049,51.313324],[9.4535275,51.3133629],[9.4535363,51.3133936],[9.4535386,51.313424],[9.4535345,51.3147824],[9.4535389,51.3148348],[9.4535432,51.3148609],[9.4535553,51.3149005],[9.4535745,51.3149441],[9.4535922,51.314979],[9.4536203,51.3150147],[9.4536524,51.3150513],[9.4536614,51.3150615],[9.4537067,51.3151046],[9.4537557,51.3151419],[9.4538298,51.315192],[9.4549705,51.3158268],[9.4551732,51.3159395],[9.455202,51.3159555],[9.4553164,51.3160088],[9.4553872,51.3160356],[9.4554666,51.3160617],[9.4555616,51.3160783],[9.45565,51.3160866],[9.4557485,51.3160911],[9.4557636,51.3160911],[9.456171,51.3160907],[9.4567329,51.3160902],[9.4602306,51.3160868],[9.4605436,51.3160865],[9.4608034,51.3160863],[9.4610645,51.3160872],[9.4611083,51.3160872],[9.4613392,51.3160868],[9.4617792,51.3160862],[9.4637196,51.3160856],[9.4644217,51.3160854]]}},{"type":"Feature","properties":{"way_id":157247163,"route_colors":["#f08100","#00a5df"],"route_refs":["4","8"]},"geometry":{"type":"LineString","coordinates":[[9.4644217,51.3160854],[9.4646719,51.3160853],[9.465012,51.3160851],[9.4654525,51.3160835],[9.465515,51.3160832],[9.4656752,51.3160826],[9.4660044,51.3160814],[9.4685419,51.3160786],[9.4685765,51.3160787],[9.4686297,51.3160793],[9.468718,51.3160876],[9.4689799,51.3161468],[9.4692168,51.3162036],[9.4693166,51.3162159],[9.4693988,51.3162184],[9.4694121,51.3162191],[9.4695093,51.3162166],[9.470093,51.3161626],[9.4731492,51.3158796],[9.4734307,51.3158532],[9.4736261,51.3158347],[9.4738008,51.3158196],[9.4758075,51.3156325],[9.4771759,51.3155029],[9.4776078,51.315459],[9.4780091,51.3154167],[9.4780232,51.315415],[9.4781217,51.3154038],[9.4782023,51.3153955]]}},{"type":"Feature","properties":{"way_id":184237788,"route_colors":["#f08100","#00a5df"],"route_refs":["4","8"]},"geometry":{"type":"LineString","coordinates":[[9.4782023,51.3153955],[9.4788505,51.3153293],[9.4791786,51.315296],[9.4794795,51.3152654],[9.48016,51.3152003],[9.4804681,51.3151704],[9.480913,51.3151209],[9.4815573,51.3150491],[9.4830746,51.3148768],[9.4838375,51.3147865],[9.4842547,51.3147368],[9.4855894,51.3145835],[9.4859492,51.314547],[9.4870636,51.3144546],[9.4872296,51.3144421],[9.4873841,51.3144326],[9.4875332,51.3144149],[9.487671,51.3143978],[9.4878681,51.3143621],[9.4880065,51.314328],[9.4880873,51.3143063],[9.4882155,51.3142681],[9.4883573,51.3142198],[9.4885204,51.3141515],[9.4885994,51.3141139]]}},{"type":"Feature","properties":{"way_id":185165173,"route_colors":["#f08100","#00a5df"],"route_refs":["4","8"]},"geometry":{"type":"LineString","coordinates":[[9.4885994,51.3141139],[9.4886835,51.3140703],[9.4887461,51.3140349],[9.4888042,51.3139973],[9.4888613,51.3139554],[9.4889163,51.3139036],[9.4890202,51.3138072]]}},{"type":"Feature","properties":{"way_id":148446306,"route_colors":["#f08100","#00a5df","#95c11f","#8a4f38"],"route_refs":["4","8","3","6"]},"geometry":{"type":"LineString","coordinates":[[9.5001332,51.3178246],[9.500146,51.3178382],[9.500158,51.3178493],[9.5001813,51.3178678],[9.5002065,51.3178848],[9.5002321,51.3179003],[9.5002644,51.3179151],[9.5002925,51.3179269],[9.5003179,51.3179347],[9.5003422,51.31794],[9.5003724,51.3179453],[9.5004066,51.317949],[9.5004391,51.3179515],[9.500475,51.3179521],[9.5005135,51.3179505],[9.5005395,51.3179477],[9.5005551,51.3179456],[9.5005709,51.3179428],[9.5005861,51.3179398]]}},{"type":"Feature","properties":{"way_id":1504726590,"route_colors":["#f08100","#00a5df","#95c11f","#8a4f38"],"route_refs":["4","8","3","6"]},"geometry":{"type":"LineString","coordinates":[[9.5005861,51.3179398],[9.5006702,51.3179178]]}},{"type":"Feature","properties":{"way_id":390141987,"route_colors":["#f08100","#00a5df"],"route_refs":["4","8"]},"geometry":{"type":"LineString","coordinates":[[9.5336488,51.3014155],[9.5341108,51.3010818],[9.5346717,51.3006875],[9.5351277,51.3003745],[9.5351871,51.3003358],[9.5352446,51.300301],[9.535308,51.3002636],[9.5353831,51.3002228],[9.5355442,51.3001369],[9.5356968,51.3000578],[9.5359191,51.2999531],[9.5361579,51.2998486],[9.5367571,51.2995981],[9.5368598,51.2995522],[9.5369661,51.2995026],[9.5370604,51.2994548],[9.5371497,51.2994032],[9.5372233,51.2993577],[9.5372953,51.2993104],[9.5373764,51.2992521],[9.5374545,51.2991938],[9.5376535,51.2990133],[9.5378199,51.2988513],[9.5379651,51.2987096],[9.538969,51.2977369],[9.5390322,51.2976794],[9.5391336,51.2975952],[9.5392394,51.2975129],[9.5393594,51.2974359],[9.5394444,51.2973963],[9.5395295,51.2973589],[9.539629,51.297319],[9.5397339,51.2972812],[9.5398422,51.2972465],[9.5399523,51.2972173],[9.5401358,51.2971804],[9.5403229,51.297148],[9.5408395,51.2970573],[9.5409642,51.2970341],[9.5410828,51.2970085],[9.5411994,51.2969819],[9.5413189,51.2969534],[9.5414383,51.2969226],[9.5415374,51.2968961],[9.5416377,51.296868],[9.5417354,51.2968403],[9.5418332,51.296811],[9.5419339,51.2967778],[9.5420345,51.296743],[9.5421309,51.2967095],[9.5422287,51.2966744],[9.5423166,51.2966416],[9.5424044,51.2966068],[9.5424912,51.2965708],[9.542578,51.2965321],[9.5430945,51.2962829],[9.543773,51.295944],[9.5442245,51.2957272],[9.5443732,51.2956612],[9.5445235,51.2955989],[9.5446775,51.2955353],[9.5448305,51.295475],[9.5452544,51.2953166],[9.5453401,51.295284],[9.54541,51.2952586],[9.545501,51.2952274],[9.5455858,51.2952006],[9.5456944,51.295172],[9.5457812,51.2951496],[9.5459102,51.2951204],[9.5460157,51.2950987],[9.5461602,51.2950718],[9.5463084,51.2950475],[9.5464144,51.2950307],[9.5465218,51.2950147],[9.5465907,51.2950051],[9.5466596,51.2949976],[9.5467243,51.2949922],[9.5467937,51.2949868],[9.5468543,51.294982],[9.5469286,51.2949792],[9.5469856,51.2949773],[9.5470457,51.2949762],[9.5471507,51.2949744],[9.5472567,51.2949741],[9.5474083,51.2949782],[9.5475752,51.2949838],[9.5477531,51.2949925],[9.547902,51.2950022],[9.5480742,51.2950157],[9.5482444,51.2950285],[9.5498626,51.2951706],[9.5513741,51.2952984],[9.5515826,51.2953116],[9.5517968,51.2953225],[9.5520039,51.2953314],[9.5522096,51.2953346],[9.5524167,51.2953326],[9.5526189,51.2953274],[9.5528167,51.2953202],[9.5530164,51.295307],[9.5532288,51.2952897],[9.5534243,51.2952655],[9.5536198,51.2952376],[9.5538048,51.2952076],[9.5540153,51.295173],[9.554183,51.2951418],[9.5543996,51.2950958],[9.5545641,51.2950549],[9.5547149,51.2950154],[9.5548734,51.2949687],[9.5550299,51.2949192],[9.5551984,51.2948639],[9.5553779,51.2948012],[9.5555872,51.2947237],[9.5557597,51.2946538],[9.5559888,51.2945567],[9.5560802,51.2945176],[9.5562598,51.2944394],[9.5564601,51.294352],[9.5567496,51.2942204],[9.5568804,51.2941621],[9.5569694,51.2941116],[9.5570436,51.2940674],[9.5571196,51.2940216],[9.5571994,51.2939718],[9.5572983,51.2939075],[9.5574239,51.293822],[9.5586195,51.2930009],[9.5600485,51.2920173],[9.5605119,51.2916946],[9.5605996,51.2916391],[9.5606948,51.2915812],[9.5607882,51.2915275],[9.5608846,51.2914735],[9.5609804,51.2914238],[9.5610765,51.2913783],[9.5611783,51.2913328],[9.561275,51.2912911],[9.561373,51.2912509],[9.5614848,51.2912095],[9.5615727,51.2911789],[9.5616552,51.2911524],[9.5617328,51.2911307],[9.561831,51.2911057],[9.5619345,51.2910839],[9.5620285,51.2910662],[9.5622865,51.2910232],[9.562449,51.2909937],[9.5626173,51.2909599],[9.5632522,51.2908299],[9.5640445,51.29067]]}},{"type":"Feature","properties":{"way_id":422101634,"route_colors":["#f08100"],"route_refs":["4"]},"geometry":{"type":"LineString","coordinates":[[9.5640445,51.29067],[9.5642026,51.2906381],[9.5642504,51.290628]]}},{"type":"Feature","properties":{"way_id":458722603,"route_colors":["#f08100"],"route_refs":["4"]},"geometry":{"type":"LineString","coordinates":[[9.5642504,51.290628],[9.5658822,51.2903005]]}},{"type":"Feature","properties":{"way_id":188637343,"route_colors":["#f08100"],"route_refs":["4"]},"geometry":{"type":"LineString","coordinates":[[9.5658822,51.2903005],[9.5674277,51.2899922],[9.5699458,51.289487],[9.5701686,51.2894423],[9.5703943,51.2893941],[9.570597,51.2893502],[9.5707995,51.2893049],[9.5709833,51.2892618],[9.5711667,51.2892155],[9.5712245,51.2892011],[9.5713457,51.2891695],[9.5716789,51.2890794],[9.571919,51.2890096],[9.5721566,51.2889377],[9.5723347,51.2888813],[9.5725117,51.2888226],[9.5726868,51.288764],[9.5728594,51.2887039],[9.572994,51.2886548],[9.5731285,51.2886027],[9.5732616,51.2885474],[9.5733936,51.2884905],[9.5735713,51.2884116],[9.5737531,51.2883329],[9.5739342,51.2882635],[9.5740151,51.2882335],[9.5740942,51.2882056]]}},{"type":"Feature","properties":{"way_id":19498427,"route_colors":["#f08100"],"route_refs":["4"]},"geometry":{"type":"LineString","coordinates":[[9.5871717,51.2846896],[9.5799143,51.286602],[9.5758762,51.2876635],[9.5752823,51.2878228],[9.5749892,51.2879115],[9.5746994,51.2880044],[9.5740942,51.2882056]]}},{"type":"Feature","properties":{"way_id":311032246,"route_colors":["#f08100"],"route_refs":["4"]},"geometry":{"type":"LineString","coordinates":[[9.5991166,51.2836856],[9.5984463,51.2837814],[9.5982143,51.2838147],[9.5980009,51.2838408],[9.5977966,51.2838605],[9.5975827,51.2838772],[9.5973624,51.283892],[9.5971519,51.2839014],[9.5955694,51.2839752],[9.5955071,51.2839786],[9.5940156,51.284051],[9.5898722,51.2842413],[9.5896938,51.2842509],[9.5895162,51.2842614],[9.5893374,51.2842755],[9.589162,51.2842907],[9.588987,51.2843087],[9.5888096,51.2843315],[9.588623,51.2843585],[9.5883715,51.2844028],[9.5881294,51.2844514],[9.5878977,51.2845042],[9.5875301,51.2845954],[9.5871717,51.2846896]]}},{"type":"Feature","properties":{"way_id":311032244,"route_colors":["#f08100"],"route_refs":["4"]},"geometry":{"type":"LineString","coordinates":[[9.5991166,51.2836856],[9.5994977,51.2836221],[9.6000386,51.2835402],[9.6006046,51.2834555],[9.6007427,51.2834359],[9.6008248,51.283426],[9.6011154,51.2833919]]}},{"type":"Feature","properties":{"way_id":311032241,"route_colors":["#f08100"],"route_refs":["4"]},"geometry":{"type":"LineString","coordinates":[[9.6011154,51.2833919],[9.6014991,51.2833355]]}},{"type":"Feature","properties":{"way_id":24961135,"route_colors":["#f08100"],"route_refs":["4"]},"geometry":{"type":"LineString","coordinates":[[9.60364,51.2830222],[9.6034534,51.2830496],[9.6031152,51.2830988],[9.6014991,51.2833355]]}},{"type":"Feature","properties":{"way_id":24961134,"route_colors":["#f08100"],"route_refs":["4"]},"geometry":{"type":"LineString","coordinates":[[9.603732,51.2830087],[9.60364,51.2830222]]}},{"type":"Feature","properties":{"way_id":311095441,"route_colors":["#f08100"],"route_refs":["4"]},"geometry":{"type":"LineString","coordinates":[[9.6067285,51.2828962],[9.6065049,51.2828701],[9.6063574,51.2828571],[9.6062141,51.2828476],[9.6060707,51.2828401],[9.6059288,51.2828336],[9.6057761,51.2828303],[9.6056243,51.282829],[9.6054773,51.2828307],[9.6053315,51.2828349],[9.6051789,51.2828409],[9.6050281,51.2828491],[9.6048789,51.2828599],[9.6047315,51.2828739],[9.6045822,51.2828907],[9.6044336,51.2829085],[9.6042874,51.2829279],[9.6041423,51.2829478],[9.6039194,51.2829801],[9.603732,51.2830087]]}},{"type":"Feature","properties":{"way_id":311095442,"route_colors":["#f08100"],"route_refs":["4"]},"geometry":{"type":"LineString","coordinates":[[9.6067285,51.2828962],[9.6070674,51.2829411],[9.6073018,51.2829738],[9.6074253,51.2829926],[9.6075095,51.2830077],[9.6075789,51.2830218],[9.6077173,51.2830543],[9.6078735,51.2830922],[9.6081749,51.2831717],[9.6083565,51.2832194],[9.6091674,51.2834378],[9.6096502,51.2835681],[9.6114125,51.2840413],[9.6120665,51.2842178],[9.6126156,51.2843695],[9.6127803,51.2844134]]}},{"type":"Feature","properties":{"way_id":311095977,"route_colors":["#f08100"],"route_refs":["4"]},"geometry":{"type":"LineString","coordinates":[[9.6127803,51.2844134],[9.6129129,51.2844453],[9.6130626,51.2844766],[9.6132122,51.2845037],[9.6133498,51.2845225],[9.6134789,51.2845376],[9.6136113,51.28455],[9.6137371,51.2845572],[9.6138649,51.2845615],[9.6139251,51.2845631],[9.6140604,51.2845649],[9.6141844,51.2845633],[9.6143341,51.2845589],[9.614473,51.2845508],[9.614643,51.2845388],[9.6148029,51.2845243],[9.6149133,51.2845128],[9.6150834,51.2844899],[9.6152484,51.2844606],[9.6154122,51.2844207],[9.6155611,51.284377],[9.6156984,51.2843315],[9.6158322,51.2842774],[9.615959,51.2842184],[9.6160789,51.284154],[9.6174052,51.2833786],[9.6176479,51.2832372],[9.6177659,51.283172],[9.617897,51.2831035],[9.6180308,51.2830384],[9.6181537,51.2829846],[9.6183016,51.2829233],[9.6184557,51.2828651],[9.6185874,51.2828185],[9.6187434,51.2827689],[9.6189022,51.2827229],[9.6190259,51.2826914],[9.6191084,51.2826751],[9.6192171,51.2826491],[9.619275,51.2826368],[9.6193723,51.2826171],[9.6194888,51.2825968],[9.6196724,51.2825691],[9.6198605,51.2825452],[9.6200499,51.2825271],[9.6202264,51.2825151],[9.6203551,51.2825069],[9.6204793,51.2825062],[9.6206055,51.2825085],[9.6207358,51.2825206],[9.6208699,51.2825412],[9.6209956,51.2825735],[9.6211101,51.282612],[9.6212185,51.2826586],[9.6213104,51.2827115],[9.6214026,51.2827753],[9.6214764,51.2828441],[9.621535,51.2829168],[9.6215798,51.2829949],[9.6216128,51.2830733],[9.6216319,51.2831526],[9.6216339,51.2832365],[9.6216261,51.2833165],[9.6216134,51.283404],[9.6215981,51.2834908],[9.621578,51.2835795],[9.6215528,51.2836681],[9.6214929,51.2838637],[9.6214603,51.283961],[9.6214234,51.2840601],[9.6212759,51.2844214],[9.6212437,51.2845155],[9.6212323,51.2845634],[9.6212237,51.2846118],[9.6212191,51.2846529],[9.6212176,51.2846932],[9.6212184,51.2847212],[9.6212229,51.2847531],[9.6212288,51.2847907],[9.6212391,51.2848275],[9.6212567,51.2848715],[9.6212975,51.2849466],[9.6213505,51.2850206],[9.6214195,51.2850891],[9.6214998,51.2851522],[9.6215948,51.2852119],[9.6217037,51.2852651],[9.6218178,51.2853129],[9.6219423,51.2853553],[9.6220774,51.2853944],[9.6222066,51.2854286],[9.6223392,51.2854585],[9.6224809,51.2854837],[9.6226203,51.2855057],[9.6227631,51.2855223],[9.6229027,51.2855348],[9.6230405,51.2855425],[9.6231801,51.2855459],[9.623977,51.2855561],[9.6247553,51.2855667],[9.6249705,51.2855663],[9.6251857,51.2855643],[9.6252878,51.2855601],[9.6253905,51.2855538],[9.6254951,51.2855455],[9.6255981,51.2855335],[9.625702,51.2855192],[9.6258077,51.2855016],[9.6260129,51.2854648],[9.6263242,51.2854089],[9.626483,51.2853798],[9.6266469,51.2853535],[9.626801,51.2853314],[9.6269628,51.2853098],[9.6271264,51.2852914],[9.6272909,51.2852731],[9.6274527,51.2852566],[9.6276171,51.2852417],[9.6277815,51.2852284],[9.6279459,51.2852174],[9.6281659,51.2852079],[9.6283894,51.2852007],[9.6286252,51.2851968],[9.6287287,51.285197],[9.6288336,51.2851982],[9.6289378,51.2852017],[9.6290435,51.2852079],[9.6291221,51.2852135],[9.6292123,51.2852243],[9.6293061,51.2852398],[9.6293908,51.2852597],[9.6294711,51.2852824],[9.629548,51.2853085],[9.6296264,51.2853428],[9.6297092,51.2853857],[9.6297802,51.2854323],[9.6298322,51.2854698],[9.6298739,51.2855085],[9.6299096,51.2855448],[9.6299365,51.2855791],[9.6299597,51.2856134],[9.6299776,51.2856456],[9.6300118,51.2857146],[9.6300469,51.285793],[9.6301764,51.2861127],[9.6302075,51.2861873],[9.63034,51.2865034]]}},{"type":"Feature","properties":{"way_id":311096931,"route_colors":["#f08100"],"route_refs":["4"]},"geometry":{"type":"LineString","coordinates":[[9.63034,51.2865034],[9.6303836,51.2866051],[9.6304103,51.2866664],[9.6304295,51.28673]]}},{"type":"Feature","properties":{"way_id":311096930,"route_colors":["#f08100"],"route_refs":["4"]},"geometry":{"type":"LineString","coordinates":[[9.6304295,51.28673],[9.6304338,51.286782],[9.6304349,51.2868466],[9.6304271,51.2869201],[9.630412,51.2869813],[9.6303913,51.2870322],[9.6303698,51.2870766],[9.6303578,51.2870985],[9.6303242,51.2871491],[9.6302819,51.2872013],[9.6302392,51.2872487],[9.6301919,51.2872992],[9.6300232,51.2874519],[9.6299615,51.2875141],[9.6299056,51.2875766],[9.6298506,51.2876399],[9.6298079,51.2877083],[9.6297687,51.2877883],[9.6297422,51.2878747],[9.6297256,51.2879696],[9.6297152,51.288057],[9.629722,51.2881418],[9.6297428,51.2882207],[9.6297705,51.2882931],[9.6298038,51.2883536],[9.6298407,51.2884109],[9.6298868,51.2884695],[9.6299304,51.2885204],[9.629973,51.2885621],[9.6300317,51.2886104],[9.6300949,51.2886581],[9.6301776,51.2887086],[9.6302625,51.2887556],[9.6303516,51.2887956],[9.6304291,51.288825],[9.6305459,51.2888613]]}},{"type":"Feature","properties":{"way_id":242193244,"route_colors":["#f08100"],"route_refs":["4"]},"geometry":{"type":"LineString","coordinates":[[9.6305459,51.2888613],[9.6306243,51.2888818],[9.6307037,51.2888978],[9.6307916,51.2889108],[9.6308891,51.2889219],[9.6309739,51.2889281],[9.631057,51.2889308],[9.6316405,51.2889217],[9.6319649,51.2889141],[9.6321288,51.2889082],[9.632291,51.2888992],[9.6324419,51.2888868],[9.6326141,51.2888696],[9.6327864,51.2888462],[9.6329336,51.2888219],[9.6331017,51.2887915],[9.6332665,51.2887551],[9.6334107,51.288721],[9.6335493,51.288684],[9.6336848,51.2886415],[9.6338514,51.2885868],[9.6340038,51.2885313],[9.6341359,51.2884779],[9.6342791,51.2884157],[9.6344228,51.2883478],[9.6345617,51.288277],[9.6347012,51.2881997],[9.6348529,51.2881124],[9.6349976,51.288021],[9.635302,51.2878227],[9.6355613,51.2876446],[9.635803,51.2874869],[9.6359844,51.2873733],[9.6361681,51.2872625],[9.6362586,51.2872108],[9.6367904,51.286896],[9.6369566,51.2867956],[9.6370388,51.2867513],[9.6371087,51.2867189],[9.6373777,51.2866041]]}},{"type":"Feature","properties":{"way_id":298663917,"route_colors":["#f08100"],"route_refs":["4"]},"geometry":{"type":"LineString","coordinates":[[9.6376134,51.2864971],[9.6373777,51.2866041]]}},{"type":"Feature","properties":{"way_id":298663915,"route_colors":["#f08100"],"route_refs":["4"]},"geometry":{"type":"LineString","coordinates":[[9.6378069,51.2863933],[9.6377098,51.2864497],[9.6376134,51.2864971]]}},{"type":"Feature","properties":{"way_id":298663916,"route_colors":["#f08100"],"route_refs":["4"]},"geometry":{"type":"LineString","coordinates":[[9.639045,51.285035],[9.6390184,51.2851034],[9.6389884,51.2851727],[9.6389511,51.2852482],[9.638911,51.2853119],[9.63887,51.2853756],[9.6387984,51.2854791],[9.6387236,51.2855885],[9.6386387,51.2857054],[9.6385514,51.2858073],[9.6384693,51.2858964],[9.6383791,51.2859843],[9.6382787,51.2860731],[9.6381671,51.2861596],[9.6380643,51.2862326],[9.6379753,51.2862923],[9.6378915,51.2863456],[9.6378069,51.2863933]]}},{"type":"Feature","properties":{"way_id":311098555,"route_colors":["#f08100"],"route_refs":["4"]},"geometry":{"type":"LineString","coordinates":[[9.639045,51.285035],[9.6390686,51.2849423],[9.6390885,51.2848404],[9.6391122,51.2846746],[9.6391313,51.2844969]]}},{"type":"Feature","properties":{"way_id":311318418,"route_colors":["#f08100"],"route_refs":["4"]},"geometry":{"type":"LineString","coordinates":[[9.6391313,51.2844969],[9.6392,51.2838964]]}},{"type":"Feature","properties":{"way_id":311318421,"route_colors":["#f08100"],"route_refs":["4"]},"geometry":{"type":"LineString","coordinates":[[9.6392,51.2838964],[9.6392234,51.2836171],[9.6392699,51.2832423],[9.6393031,51.2829672],[9.6393346,51.2827263]]}},{"type":"Feature","properties":{"way_id":311318419,"route_colors":["#f08100"],"route_refs":["4"]},"geometry":{"type":"LineString","coordinates":[[9.6393346,51.2827263],[9.6394064,51.2820714],[9.639477,51.2815402],[9.639508,51.281368]]}},{"type":"Feature","properties":{"way_id":298664079,"route_colors":["#f08100"],"route_refs":["4"]},"geometry":{"type":"LineString","coordinates":[[9.639508,51.281368],[9.639534,51.2812675]]}},{"type":"Feature","properties":{"way_id":298664080,"route_colors":["#f08100"],"route_refs":["4"]},"geometry":{"type":"LineString","coordinates":[[9.639534,51.2812675],[9.6396003,51.2810881],[9.6396803,51.2809206],[9.6397765,51.2807599],[9.6398914,51.2806149],[9.6400051,51.2804819],[9.6402047,51.280291],[9.6403634,51.2801532],[9.640522,51.2800249],[9.640787,51.2798427],[9.6410224,51.2796922],[9.6412224,51.2795894],[9.6414637,51.2794939],[9.6417155,51.2794009],[9.6419089,51.2793423],[9.6421117,51.2792856],[9.642328,51.2792297],[9.6425428,51.279189],[9.6427615,51.2791525],[9.6429608,51.2791263],[9.6431648,51.2791045],[9.6434185,51.279083],[9.6436738,51.2790621],[9.6454294,51.2789445],[9.6457332,51.2789188],[9.6459459,51.2788974],[9.6461605,51.2788749],[9.646408,51.2788413],[9.6466592,51.2787995],[9.6469032,51.2787476],[9.6471443,51.278691],[9.6476331,51.2785711],[9.6485305,51.2783474],[9.6530549,51.2772255],[9.65331,51.2771601],[9.6535854,51.2770806],[9.6538987,51.2769792],[9.65421,51.276874],[9.654724,51.2766792],[9.6553992,51.2763909],[9.6569167,51.2756653],[9.6572106,51.2755361],[9.6575165,51.2754145],[9.6577562,51.275326],[9.6579964,51.2752495],[9.6582536,51.2751745],[9.6585168,51.2751131],[9.6587829,51.2750541],[9.6591472,51.2749872],[9.6599768,51.2748711],[9.6607478,51.2747508],[9.6609205,51.2747173],[9.6610973,51.2746801],[9.6612898,51.2746362],[9.6614554,51.2745933],[9.661623,51.2745453],[9.661812,51.2744876],[9.6620625,51.2744014],[9.662309,51.2743059],[9.6625406,51.2742073],[9.6627742,51.2740998],[9.6635649,51.2736989]]}},{"type":"Feature","properties":{"way_id":316422698,"route_colors":["#f08100"],"route_refs":["4"]},"geometry":{"type":"LineString","coordinates":[[9.6635649,51.2736989],[9.6636342,51.2736636]]}},{"type":"Feature","properties":{"way_id":316422697,"route_colors":["#f08100"],"route_refs":["4"]},"geometry":{"type":"LineString","coordinates":[[9.6636342,51.2736636],[9.6641593,51.2733947],[9.6646483,51.273131],[9.6648165,51.2730261],[9.664983,51.2729158],[9.6651932,51.2727659],[9.6653888,51.2726034],[9.6655362,51.2724739],[9.6656353,51.2723897],[9.6657328,51.2722989],[9.6658307,51.272184],[9.6659497,51.2720198],[9.6660823,51.2718188],[9.6661628,51.2716755],[9.6662356,51.2715343],[9.6663503,51.271279],[9.6666883,51.2704913],[9.6667671,51.2703148],[9.6668538,51.2701403],[9.6669449,51.2699939],[9.6670423,51.2698484],[9.6671629,51.2696979],[9.6672914,51.2695563],[9.6674327,51.2694164],[9.6675868,51.2692845],[9.6677484,51.2691528],[9.6679259,51.2690201],[9.6681106,51.2689052],[9.6683081,51.2687993],[9.6685001,51.2687003],[9.6687017,51.2686053],[9.6689673,51.2684944],[9.6692373,51.2683871],[9.6696251,51.2682382]]}},{"type":"Feature","properties":{"way_id":298665165,"route_colors":["#f08100"],"route_refs":["4"]},"geometry":{"type":"LineString","coordinates":[[9.6696251,51.2682382],[9.6706575,51.2678468],[9.6712736,51.2676109],[9.6715475,51.2675055],[9.6718183,51.2673981],[9.6720874,51.267281],[9.672347,51.2671619],[9.6745053,51.2661186],[9.6762957,51.265254],[9.6765512,51.2651251],[9.6767936,51.2649904],[9.6770038,51.2648619],[9.6771989,51.2647311],[9.6773902,51.2645837],[9.6775703,51.2644329],[9.6777362,51.2642761],[9.6778852,51.2641194],[9.6780241,51.2639529],[9.6781498,51.2637816],[9.6782563,51.2636092],[9.6783509,51.2634362],[9.6784357,51.2632629]]}},{"type":"Feature","properties":{"way_id":162277896,"route_colors":["#f08100"],"route_refs":["4"]},"geometry":{"type":"LineString","coordinates":[[9.6784357,51.2632629],[9.678492,51.2631355]]}},{"type":"Feature","properties":{"way_id":162277897,"route_colors":["#f08100"],"route_refs":["4"]},"geometry":{"type":"LineString","coordinates":[[9.678492,51.2631355],[9.6788344,51.2623797],[9.6788716,51.2622962],[9.678959,51.2621011],[9.6790502,51.2619047],[9.6790972,51.2617972],[9.6791475,51.2616912],[9.6792016,51.2615837],[9.6792606,51.2614768],[9.6793196,51.2613756],[9.6793817,51.2612743],[9.6794462,51.2611738],[9.6795169,51.2610745],[9.6795887,51.2609739],[9.6796624,51.2608815],[9.6797386,51.2607846],[9.679821,51.2606884],[9.6799027,51.260594],[9.6799881,51.2605017],[9.6800766,51.2604099],[9.6801687,51.2603189],[9.6805883,51.2599431],[9.6807965,51.2597568],[9.6809019,51.2596606],[9.6809996,51.2595695],[9.6810978,51.2594749],[9.6811888,51.2593809],[9.6813701,51.2591915],[9.6814712,51.2590815]]}},{"type":"Feature","properties":{"way_id":242193270,"route_colors":["#f08100"],"route_refs":["4"]},"geometry":{"type":"LineString","coordinates":[[9.6832288,51.2572811],[9.6830656,51.2575802],[9.683031,51.2576423],[9.6829885,51.257706],[9.6829335,51.2577712],[9.6828625,51.2578486],[9.6827418,51.2579821],[9.6823672,51.2583814],[9.6823145,51.2584372],[9.6822758,51.2584746],[9.682202,51.2585332],[9.6821331,51.2585831],[9.6818397,51.2587798],[9.6817519,51.2588406],[9.6816689,51.2589023],[9.6815917,51.2589669],[9.681548,51.2590056],[9.6815085,51.2590432],[9.6814712,51.2590815]]}},{"type":"Feature","properties":{"way_id":311461778,"route_colors":["#f08100"],"route_refs":["4"]},"geometry":{"type":"LineString","coordinates":[[9.6832288,51.2572811],[9.6832639,51.2572162],[9.6833078,51.2571519],[9.6833664,51.2570713],[9.6834074,51.2570189],[9.6834537,51.2569673]]}},{"type":"Feature","properties":{"way_id":458724353,"route_colors":["#f08100"],"route_refs":["4"]},"geometry":{"type":"LineString","coordinates":[[9.6834537,51.2569673],[9.6835179,51.2569005],[9.6835642,51.2568505],[9.6836745,51.2567211],[9.6837811,51.2565898],[9.6839298,51.2563994],[9.6840687,51.2562075],[9.6841674,51.2560424],[9.6842601,51.255876],[9.6844874,51.255474],[9.6845458,51.2553739],[9.6848134,51.2548761]]}},{"type":"Feature","properties":{"way_id":242193299,"route_colors":["#f08100"],"route_refs":["4"]},"geometry":{"type":"LineString","coordinates":[[9.6848134,51.2548761],[9.6850161,51.2544722],[9.685061,51.2543651],[9.6851021,51.2542508],[9.6851412,51.254122],[9.6851738,51.2539932],[9.6854997,51.2526133],[9.6855222,51.2524873],[9.685541,51.2523603],[9.685553,51.2522162],[9.6855529,51.2520398],[9.6855435,51.251857],[9.6855196,51.2517064],[9.6854866,51.2515625],[9.6854459,51.2514338],[9.6854009,51.2513044],[9.6853355,51.2511333],[9.6851869,51.2507448],[9.6845764,51.2491604],[9.6840686,51.2478809],[9.6837167,51.2469856],[9.6835883,51.2466524],[9.6835421,51.24648],[9.6835011,51.2463065],[9.6834678,51.2461276],[9.6834477,51.2459454],[9.6834465,51.2457741],[9.6834574,51.245605],[9.6834804,51.2454309],[9.6835013,51.2453029],[9.6835252,51.2451767],[9.6836113,51.2447537]]}},{"type":"Feature","properties":{"way_id":182838534,"route_colors":["#f08100"],"route_refs":["4"]},"geometry":{"type":"LineString","coordinates":[[9.6836113,51.2447537],[9.6836581,51.2445031]]}},{"type":"Feature","properties":{"way_id":182838530,"route_colors":["#f08100"],"route_refs":["4"]},"geometry":{"type":"LineString","coordinates":[[9.6836581,51.2445031],[9.6837097,51.2442593],[9.6837436,51.2440691],[9.6837743,51.2438789],[9.6837843,51.2437793],[9.6837921,51.2436803],[9.6837979,51.2435733],[9.6837948,51.2434656],[9.6837862,51.243342],[9.683773,51.2432345],[9.6837553,51.2431261],[9.6837321,51.2430198],[9.6837048,51.2429134],[9.6836645,51.2427804],[9.6836238,51.2426708],[9.6835781,51.2425534],[9.6835248,51.2424508],[9.683466,51.2423485],[9.6834018,51.2422458],[9.6833202,51.2421298],[9.6832011,51.2419682],[9.6830746,51.2418112],[9.6829143,51.2416297],[9.6827539,51.2414505],[9.6823115,51.2409817],[9.6815001,51.2401349],[9.681048,51.2396665],[9.6808226,51.2394318],[9.6805939,51.2392052],[9.680372,51.2389946],[9.6801327,51.2387821],[9.6796376,51.2383494],[9.6786385,51.23748],[9.6784601,51.2373367],[9.6782751,51.237193],[9.6780859,51.2370678],[9.6778929,51.2369474],[9.6776902,51.2368338],[9.6774726,51.2367229],[9.6771975,51.2365952],[9.6769092,51.2364735],[9.6761026,51.2361587],[9.6758917,51.2360791],[9.6756428,51.2359801],[9.6754117,51.2358794],[9.6751991,51.2357744],[9.6749983,51.2356662],[9.6748077,51.23555],[9.6746278,51.2354286],[9.6745512,51.2353791]]}},{"type":"Feature","properties":{"way_id":1498829303,"route_colors":["#f08100"],"route_refs":["4"]},"geometry":{"type":"LineString","coordinates":[[9.6745512,51.2353791],[9.6744718,51.2353186],[9.6743786,51.2352452]]}},{"type":"Feature","properties":{"way_id":1385167619,"route_colors":["#f08100"],"route_refs":["4"]},"geometry":{"type":"LineString","coordinates":[[9.6743786,51.2352452],[9.6742914,51.2351804],[9.6741492,51.2350457],[9.6740539,51.2349472],[9.6739538,51.2348356],[9.6738966,51.234764],[9.6738412,51.2346905],[9.673793,51.2346231],[9.6737337,51.234528],[9.6736863,51.2344419]]}},{"type":"Feature","properties":{"way_id":1498829302,"route_colors":["#f08100"],"route_refs":["4"]},"geometry":{"type":"LineString","coordinates":[[9.6736863,51.2344419],[9.6736306,51.2343426],[9.673577,51.2342445]]}},{"type":"Feature","properties":{"way_id":1385167621,"route_colors":["#f08100"],"route_refs":["4"]},"geometry":{"type":"LineString","coordinates":[[9.673577,51.2342445],[9.6735649,51.2342205]]}},{"type":"Feature","properties":{"way_id":163654358,"route_colors":["#f08100"],"route_refs":["4"]},"geometry":{"type":"LineString","coordinates":[[9.6735649,51.2342205],[9.6735386,51.2341627],[9.6735132,51.2340968],[9.6734903,51.2340297]]}},{"type":"Feature","properties":{"way_id":29309076,"route_colors":["#f08100"],"route_refs":["4"]},"geometry":{"type":"LineString","coordinates":[[9.6734903,51.2340297],[9.6734543,51.2339177],[9.6734295,51.2338159],[9.6734086,51.2337154],[9.673391,51.2336009],[9.6733848,51.2335028],[9.6733803,51.233373],[9.6733848,51.2331898],[9.6733913,51.2330066],[9.6734264,51.232527],[9.6734358,51.23234],[9.6734385,51.232153],[9.6734318,51.2319971],[9.6734159,51.2318132],[9.6733733,51.2315787],[9.6733229,51.2313454],[9.673109,51.2302839],[9.6730014,51.2297337],[9.6729442,51.2294738],[9.672894,51.2292585],[9.6728338,51.2290535],[9.6727803,51.2289005],[9.6726931,51.2286909],[9.6726342,51.2285629],[9.6725614,51.2284201]]}},{"type":"Feature","properties":{"way_id":165850631,"route_colors":["#f08100"],"route_refs":["4"]},"geometry":{"type":"LineString","coordinates":[[9.6725614,51.2284201],[9.6724705,51.2282355],[9.6722692,51.2278241],[9.672141,51.227568]]}},{"type":"Feature","properties":{"way_id":182857994,"route_colors":["#f08100"],"route_refs":["4"]},"geometry":{"type":"LineString","coordinates":[[9.672141,51.227568],[9.6721145,51.2275147]]}},{"type":"Feature","properties":{"way_id":1498843332,"route_colors":["#f08100"],"route_refs":["4"]},"geometry":{"type":"LineString","coordinates":[[9.6721145,51.2275147],[9.6720275,51.2273418]]}},{"type":"Feature","properties":{"way_id":1498843331,"route_colors":["#f08100"],"route_refs":["4"]},"geometry":{"type":"LineString","coordinates":[[9.6720275,51.2273418],[9.6718176,51.2269326],[9.6717543,51.2267907],[9.6716814,51.2266257],[9.6716173,51.2264408],[9.6715831,51.2263232],[9.6715747,51.2262903],[9.671572,51.2262782],[9.6715606,51.2262134],[9.671547,51.2261289]]}},{"type":"Feature","properties":{"way_id":1498843333,"route_colors":["#f08100"],"route_refs":["4"]},"geometry":{"type":"LineString","coordinates":[[9.671547,51.2261289],[9.6715415,51.2260918]]}},{"type":"Feature","properties":{"way_id":182857383,"route_colors":["#f08100"],"route_refs":["4"]},"geometry":{"type":"LineString","coordinates":[[9.6715415,51.2260918],[9.6715338,51.2259882]]}},{"type":"Feature","properties":{"way_id":182857384,"route_colors":["#f08100"],"route_refs":["4"]},"geometry":{"type":"LineString","coordinates":[[9.6715338,51.2259882],[9.6715284,51.2259456],[9.6715207,51.2258539],[9.6715181,51.2257656],[9.6715183,51.2256824],[9.6715228,51.2255991],[9.6715317,51.2255124],[9.6715436,51.2254257],[9.6715584,51.225341],[9.6715752,51.2252562],[9.6715977,51.2251723],[9.6716213,51.2250897],[9.671645,51.2250091],[9.6716717,51.2249286],[9.6716954,51.2248679],[9.6717267,51.2247983],[9.6717675,51.2247128],[9.6718099,51.2246283],[9.6718606,51.224538],[9.6719125,51.2244499],[9.6719688,51.2243635],[9.6720281,51.2242783],[9.672085,51.2242037],[9.6721425,51.2241297],[9.6722021,51.2240568],[9.6722641,51.2239841],[9.6725669,51.2236608],[9.6730535,51.2231593]]}},{"type":"Feature","properties":{"way_id":165850636,"route_colors":["#f08100"],"route_refs":["4"]},"geometry":{"type":"LineString","coordinates":[[9.6730535,51.2231593],[9.6732856,51.2229167],[9.6733587,51.222835],[9.6734301,51.2227534],[9.6735002,51.2226719],[9.673568,51.2225891],[9.6736339,51.2225012],[9.6736982,51.2224124],[9.6737574,51.2223251],[9.673815,51.2222367],[9.6740208,51.2218938],[9.674286,51.2214601],[9.674367,51.2213446],[9.6744395,51.2212484],[9.6745131,51.2211606],[9.6747265,51.2209231],[9.6748275,51.2208203],[9.6749147,51.2207396],[9.6750034,51.2206597],[9.6750961,51.2205829],[9.6751913,51.2205068],[9.6752828,51.2204429],[9.6753783,51.2203803],[9.6754761,51.2203173],[9.6755752,51.2202546],[9.6757631,51.2201455],[9.6759496,51.220043],[9.6761593,51.2199369],[9.6763796,51.219837],[9.6765958,51.2197484],[9.6768439,51.2196584],[9.6770799,51.219582],[9.6773313,51.2195102],[9.6775829,51.2194455],[9.6778381,51.2193895],[9.6781022,51.2193402],[9.6783628,51.219294],[9.6835311,51.2184462],[9.6837914,51.2184021],[9.6840534,51.2183556],[9.6842103,51.2183234],[9.6843855,51.2182838],[9.6845621,51.2182389],[9.684739,51.2181908],[9.6848935,51.2181472],[9.6850503,51.2180964],[9.6851914,51.2180433],[9.685358,51.2179802],[9.6855245,51.217913],[9.685664,51.2178521],[9.6858073,51.2177874],[9.6859569,51.2177156],[9.6861293,51.2176255],[9.6862998,51.2175318],[9.6864473,51.2174366],[9.686593,51.2173379],[9.6867378,51.2172371],[9.6869103,51.2171029],[9.6870671,51.2169693],[9.6872299,51.2168173],[9.6873828,51.2166721],[9.687822,51.2162327],[9.6883356,51.2157226],[9.6885063,51.2155525],[9.6886827,51.2153847],[9.6888121,51.2152667],[9.688951,51.2151475],[9.6890241,51.2150875],[9.6891214,51.2150137],[9.6892242,51.2149408],[9.6893276,51.2148708],[9.6894351,51.2148026],[9.6895323,51.2147437],[9.6896321,51.2146856],[9.6897347,51.2146284],[9.6898386,51.2145729],[9.6899756,51.2145033],[9.6901166,51.2144329],[9.6902603,51.2143638],[9.6904053,51.2142955],[9.6909864,51.2140201],[9.6912686,51.2138864],[9.6915587,51.2137524],[9.6917953,51.213651],[9.6920363,51.2135563],[9.6922742,51.2134722],[9.6925136,51.213395],[9.6927567,51.2133272],[9.6930063,51.2132644],[9.6933168,51.2131951]]}},{"type":"Feature","properties":{"way_id":40953407,"route_colors":["#f08100"],"route_refs":["4"]},"geometry":{"type":"LineString","coordinates":[[9.6933168,51.2131951],[9.6934417,51.2131689]]}},{"type":"Feature","properties":{"way_id":59053806,"route_colors":["#f08100"],"route_refs":["4"]},"geometry":{"type":"LineString","coordinates":[[9.6934417,51.2131689],[9.6938311,51.2130893]]}},{"type":"Feature","properties":{"way_id":1498857047,"route_colors":["#f08100"],"route_refs":["4"]},"geometry":{"type":"LineString","coordinates":[[9.6938311,51.2130893],[9.6945642,51.2129355],[9.6949651,51.2128535]]}},{"type":"Feature","properties":{"way_id":1498857046,"route_colors":["#f08100"],"route_refs":["4"]},"geometry":{"type":"LineString","coordinates":[[9.6949651,51.2128535],[9.6951895,51.212808],[9.6960867,51.2126239],[9.6965229,51.2125315],[9.6966569,51.2125023]]}},{"type":"Feature","properties":{"way_id":1498857048,"route_colors":["#f08100"],"route_refs":["4"]},"geometry":{"type":"LineString","coordinates":[[9.6966569,51.2125023],[9.6969634,51.2124395],[9.6973372,51.2123687],[9.6977109,51.2123011],[9.6980492,51.2122459]]}},{"type":"Feature","properties":{"way_id":188661142,"route_colors":["#f08100"],"route_refs":["4"]},"geometry":{"type":"LineString","coordinates":[[9.6980492,51.2122459],[9.6983683,51.2121948],[9.698457,51.2121822],[9.6985773,51.2121668],[9.6987013,51.2121521],[9.6988341,51.2121372],[9.6989215,51.2121292]]}},{"type":"Feature","properties":{"way_id":319338566,"route_colors":["#f08100"],"route_refs":["4"]},"geometry":{"type":"LineString","coordinates":[[9.6989215,51.2121292],[9.6990792,51.212115],[9.6992543,51.2121016],[9.6994603,51.2120904],[9.6996164,51.2120833],[9.6997722,51.2120791],[9.6999278,51.2120773],[9.7000853,51.2120773],[9.7002364,51.2120794],[9.7003883,51.2120835],[9.7005489,51.2120899],[9.7007104,51.212099],[9.7008881,51.2121119],[9.7010675,51.212126],[9.7015497,51.2121708],[9.7017901,51.2121928],[9.7020346,51.2122131],[9.7023074,51.2122321],[9.7025832,51.2122436],[9.7028396,51.2122463],[9.7030995,51.2122432],[9.703363,51.2122366],[9.7036284,51.212218],[9.7039147,51.2121898],[9.704203,51.2121497],[9.7045119,51.212097],[9.7048329,51.2120294],[9.705175,51.2119402],[9.7053815,51.2118796],[9.7055881,51.2118123],[9.7057993,51.2117356],[9.7059695,51.2116688],[9.7061412,51.2115966],[9.7062955,51.2115242],[9.7064351,51.2114546],[9.7065698,51.211385],[9.7067156,51.2113009],[9.7068583,51.2112178],[9.7070117,51.2111249],[9.7075891,51.2107548],[9.7076962,51.210688],[9.7078035,51.2106217],[9.7079128,51.2105577],[9.7080249,51.2104942],[9.708167,51.2104193]]}},{"type":"Feature","properties":{"way_id":1498875297,"route_colors":["#f08100"],"route_refs":["4"]},"geometry":{"type":"LineString","coordinates":[[9.708167,51.2104193],[9.7082559,51.2103734],[9.7083557,51.2103251],[9.7084908,51.210263]]}},{"type":"Feature","properties":{"way_id":1498875293,"route_colors":["#f08100"],"route_refs":["4"]},"geometry":{"type":"LineString","coordinates":[[9.7084908,51.210263],[9.7085935,51.2102166],[9.7087114,51.2101668],[9.7088294,51.2101219],[9.7089435,51.2100785],[9.7090772,51.2100311],[9.7092299,51.2099792],[9.7093924,51.2099284],[9.7096851,51.209839],[9.7098802,51.2097842]]}},{"type":"Feature","properties":{"way_id":1498875298,"route_colors":["#f08100"],"route_refs":["4"]},"geometry":{"type":"LineString","coordinates":[[9.7098802,51.2097842],[9.710239,51.2096795]]}},{"type":"Feature","properties":{"way_id":1498875295,"route_colors":["#f08100"],"route_refs":["4"]},"geometry":{"type":"LineString","coordinates":[[9.710239,51.2096795],[9.7105024,51.209601],[9.7107691,51.2095197],[9.7108917,51.2094808],[9.7110119,51.2094405]]}},{"type":"Feature","properties":{"way_id":193023661,"route_colors":["#f08100"],"route_refs":["4"]},"geometry":{"type":"LineString","coordinates":[[9.7110119,51.2094405],[9.7110864,51.209414],[9.7111497,51.2093914]]}},{"type":"Feature","properties":{"way_id":193023662,"route_colors":["#f08100"],"route_refs":["4"]},"geometry":{"type":"LineString","coordinates":[[9.7111497,51.2093914],[9.7112751,51.2093429],[9.7114949,51.2092512],[9.7117159,51.2091501],[9.7119254,51.2090428],[9.7121335,51.2089266],[9.712325,51.2088069],[9.7125084,51.208681],[9.71268,51.2085497],[9.7128445,51.2084134],[9.7130546,51.2082188],[9.7131446,51.2081293]]}},{"type":"Feature","properties":{"way_id":115345202,"route_colors":["#f08100"],"route_refs":["4"]},"geometry":{"type":"LineString","coordinates":[[9.7131446,51.2081293],[9.7133857,51.2078826]]}},{"type":"Feature","properties":{"way_id":115345188,"route_colors":["#f08100"],"route_refs":["4"]},"geometry":{"type":"LineString","coordinates":[[9.7133857,51.2078826],[9.7137973,51.2074634],[9.7139672,51.2072986],[9.7141526,51.2071426],[9.714551,51.2068617],[9.7149273,51.2066335],[9.7164284,51.2058512],[9.716613,51.2057303],[9.7167939,51.2055986],[9.7169512,51.2054769],[9.7171034,51.2053537],[9.7172253,51.2052463],[9.7173472,51.2051384]]}},{"type":"Feature","properties":{"way_id":1498774585,"route_colors":["#f08100"],"route_refs":["4"]},"geometry":{"type":"LineString","coordinates":[[9.7173472,51.2051384],[9.7173584,51.2051288],[9.7173659,51.2051223],[9.7174756,51.205029],[9.7175934,51.2049391],[9.717731,51.2048457]]}},{"type":"Feature","properties":{"way_id":222691509,"route_colors":["#f08100"],"route_refs":["4"]},"geometry":{"type":"LineString","coordinates":[[9.717731,51.2048457],[9.7178114,51.2047944],[9.7178966,51.2047431],[9.7179805,51.2046978],[9.7180773,51.2046528],[9.7181823,51.2046085],[9.718272,51.2045739],[9.7183833,51.2045391],[9.7184983,51.2045054],[9.718612,51.204477],[9.7187352,51.2044513],[9.7189728,51.2044075]]}},{"type":"Feature","properties":{"way_id":165849896,"route_colors":["#f08100"],"route_refs":["4"]},"geometry":{"type":"LineString","coordinates":[[9.7189728,51.2044075],[9.7190459,51.204393],[9.71912,51.2043769],[9.7192134,51.2043538],[9.7198078,51.2041955],[9.7199663,51.2041538],[9.7201063,51.2041138],[9.7202622,51.2040637],[9.7204092,51.2040096],[9.7205383,51.2039568],[9.7206651,51.2039004],[9.7207832,51.203841],[9.7208537,51.2037994],[9.7209206,51.203757],[9.7209716,51.2037217],[9.7210438,51.203663],[9.7211129,51.2035977],[9.7211916,51.2035034],[9.7212609,51.2034123],[9.7214079,51.2031782],[9.7214513,51.2031066],[9.7214799,51.2030555],[9.7215049,51.2030054]]}},{"type":"Feature","properties":{"way_id":165849895,"route_colors":["#f08100"],"route_refs":["4"]},"geometry":{"type":"LineString","coordinates":[[9.7215049,51.2030054],[9.7217654,51.2024547],[9.7219081,51.2021685],[9.7219755,51.2020359],[9.7220211,51.2019336],[9.7220642,51.2018188],[9.7221036,51.2016611],[9.7221309,51.2014978],[9.722136,51.2013908],[9.7221364,51.2012838],[9.7221263,51.2011483],[9.7221072,51.2010137],[9.7220714,51.2008079],[9.7218413,51.1996997],[9.7218225,51.1996266],[9.7217967,51.1995457],[9.7217648,51.1994639],[9.7217281,51.1993843],[9.7216836,51.1993061]]}},{"type":"Feature","properties":{"way_id":1498774584,"route_colors":["#f08100"],"route_refs":["4"]},"geometry":{"type":"LineString","coordinates":[[9.7216836,51.1993061],[9.7216335,51.1992269],[9.7215655,51.1991328],[9.7214935,51.1990522],[9.7214009,51.1989615],[9.7213342,51.1989048],[9.7213158,51.1988913],[9.72127,51.1988591],[9.7211899,51.1988107],[9.7211238,51.1987734],[9.7210471,51.198735],[9.72097,51.1986998],[9.7208952,51.1986669],[9.7207559,51.1986004],[9.7203947,51.1984251],[9.7201854,51.1983191],[9.720136,51.1982949],[9.7197246,51.1980896],[9.7190894,51.1977752],[9.7188167,51.1976412]]}},{"type":"Feature","properties":{"way_id":165849894,"route_colors":["#f08100"],"route_refs":["4"]},"geometry":{"type":"LineString","coordinates":[[9.7188167,51.1976412],[9.7185416,51.1975083],[9.7184896,51.1974825],[9.7181635,51.1973219],[9.7167957,51.1966432],[9.7159361,51.1962175],[9.7159012,51.196198],[9.7158711,51.1961765],[9.7158475,51.1961539],[9.7158247,51.1961258],[9.7158051,51.1960918],[9.7157883,51.1960523],[9.7157831,51.1960194],[9.7157834,51.1959874],[9.7157947,51.1959507],[9.7158168,51.1959127],[9.7158508,51.1958737],[9.7158859,51.1958451],[9.7159341,51.1958185],[9.7159798,51.1958015],[9.716033,51.1957851],[9.7160887,51.1957731],[9.7161499,51.1957667],[9.7162101,51.1957649],[9.7162714,51.1957697],[9.7163255,51.1957784],[9.7163714,51.1957907],[9.7164101,51.1958071],[9.7164446,51.1958262],[9.7167299,51.1960145]]}},{"type":"Feature","properties":{"way_id":290173385,"route_colors":["#f08100"],"route_refs":["4"]},"geometry":{"type":"LineString","coordinates":[[9.7216797,51.1992062],[9.7215912,51.1990855],[9.7214929,51.1989859],[9.7213985,51.1988987],[9.7212893,51.1988222],[9.721176,51.1987494],[9.7211115,51.1987145]]}},{"type":"Feature","properties":{"way_id":316462987,"route_colors":["#f08100"],"route_refs":["4"]},"geometry":{"type":"LineString","coordinates":[[9.7096057,51.2098906],[9.7094071,51.209949],[9.7092437,51.2099979],[9.7090918,51.2100485],[9.7089629,51.2100952],[9.7088202,51.2101502]]}},{"type":"Feature","properties":{"way_id":165850637,"route_colors":["#f08100"],"route_refs":["4"]},"geometry":{"type":"LineString","coordinates":[[9.6716853,51.2263122],[9.6717152,51.226429],[9.6717803,51.2266081],[9.6718573,51.2267757],[9.6719252,51.2269218]]}},{"type":"Feature","properties":{"way_id":182851441,"route_colors":["#f08100"],"route_refs":["4"]},"geometry":{"type":"LineString","coordinates":[[9.6739249,51.2347464],[9.673935,51.2347431],[9.6739577,51.2347356],[9.6740129,51.2348042],[9.6740451,51.2348417],[9.674071,51.234872],[9.6741308,51.2349397],[9.6741937,51.2350073],[9.6741634,51.2350184],[9.6741,51.2349513],[9.674039,51.2348822],[9.6739814,51.234815],[9.6739249,51.2347464]]}},{"type":"Feature","properties":{"way_id":262755335,"route_colors":["#f08100"],"route_refs":["4"]},"geometry":{"type":"LineString","coordinates":[[9.6392083,51.284247],[9.6392702,51.2837345]]}},{"type":"Feature","properties":{"way_id":295284587,"route_colors":["#f08100"],"route_refs":["4"]},"geometry":{"type":"LineString","coordinates":[[9.6298762,51.2856285],[9.6299016,51.2856658],[9.6299308,51.2857239],[9.6301243,51.2862005]]}},{"type":"Feature","properties":{"way_id":301373024,"route_colors":["#f08100"],"route_refs":["4"]},"geometry":{"type":"LineString","coordinates":[[9.6202214,51.2825691],[9.6200593,51.2825796],[9.6198756,51.2825954],[9.6196878,51.2826207],[9.6195065,51.2826479],[9.6193954,51.2826669],[9.6193231,51.2826819]]}},{"type":"Feature","properties":{"way_id":292443914,"route_colors":["#f08100"],"route_refs":["4"]},"geometry":{"type":"LineString","coordinates":[[9.6139243,51.2846118],[9.6141978,51.2846116],[9.6143379,51.2846085],[9.6144843,51.2845998],[9.614657,51.284586],[9.614812,51.2845713],[9.614927,51.2845597]]}},{"type":"Feature","properties":{"way_id":301382136,"route_colors":["#f08100"],"route_refs":["4"]},"geometry":{"type":"LineString","coordinates":[[9.6084672,51.2833228],[9.6092871,51.283543]]}},{"type":"Feature","properties":{"way_id":202732329,"route_colors":["#f08100"],"route_refs":["4"]},"geometry":{"type":"LineString","coordinates":[[9.5998715,51.2836009],[9.6008363,51.2834605]]}},{"type":"Feature","properties":{"way_id":186948589,"route_colors":["#f08100"],"route_refs":["4"]},"geometry":{"type":"LineString","coordinates":[[9.570285,51.2894667],[9.5704193,51.2894364],[9.5711096,51.2892875]]}},{"type":"Feature","properties":{"way_id":186948596,"route_colors":["#f08100","#00a5df"],"route_refs":["4","8"]},"geometry":{"type":"LineString","coordinates":[[9.5642365,51.2906995],[9.5632834,51.2908942]]}},{"type":"Feature","properties":{"way_id":404701526,"route_colors":["#f08100","#00a5df"],"route_refs":["4","8"]},"geometry":{"type":"LineString","coordinates":[[9.5457708,51.2952325],[9.5456476,51.2952414],[9.5456382,51.295231],[9.5457169,51.2952092],[9.545805,51.2951874],[9.5459378,51.2951565],[9.5460371,51.295135],[9.5461749,51.295111],[9.5463714,51.2950793],[9.546538,51.295056],[9.5465839,51.2950503],[9.546592,51.2950771],[9.5465483,51.295084],[9.5463842,51.2951095],[9.5461877,51.2951411],[9.5460539,51.2951671],[9.5459565,51.2951874],[9.5458279,51.2952181],[9.5457708,51.2952325]]}},{"type":"Feature","properties":{"way_id":393404163,"route_colors":["#f08100","#00a5df"],"route_refs":["4","8"]},"geometry":{"type":"LineString","coordinates":[[9.5380225,51.2987323],[9.5385336,51.2982358]]}},{"type":"Feature","properties":{"way_id":157528501,"route_colors":["#f08100","#00a5df"],"route_refs":["4","8"]},"geometry":{"type":"LineString","coordinates":[[9.4738805,51.3158557],[9.4742692,51.3158195]]}},{"type":"Feature","properties":{"way_id":157526909,"route_colors":["#f08100","#00a5df"],"route_refs":["4","8"]},"geometry":{"type":"LineString","coordinates":[[9.4686341,51.3161459],[9.4691285,51.3162563],[9.4691147,51.3162807],[9.4685953,51.3161645],[9.4685967,51.3161528],[9.4686069,51.3161449],[9.4686341,51.3161459]]}},{"type":"Feature","properties":{"way_id":157285420,"route_colors":["#f08100","#00a5df"],"route_refs":["4","8"]},"geometry":{"type":"LineString","coordinates":[[9.4646905,51.3161326],[9.4652159,51.3161312]]}},{"type":"Feature","properties":{"way_id":265617354,"route_colors":["#f08100"],"route_refs":["4"]},"geometry":{"type":"LineString","coordinates":[[9.460617,51.3161286],[9.4610346,51.3161282],[9.4610349,51.3161683],[9.4606173,51.3161693],[9.460617,51.3161286]]}},{"type":"Feature","properties":{"way_id":59243879,"route_colors":["#f08100"],"route_refs":["4"]},"geometry":{"type":"LineString","coordinates":[[9.4561411,51.3161295],[9.4561413,51.3161589],[9.4561714,51.3161589],[9.4567331,51.3161589],[9.4567401,51.3161589],[9.4567584,51.316159],[9.4567582,51.3161295],[9.456733,51.3161295],[9.4561711,51.3161295],[9.4561411,51.3161295]]}},{"type":"Feature","properties":{"way_id":287720375,"route_colors":["#f08100"],"route_refs":["4"]},"geometry":{"type":"LineString","coordinates":[[9.4403678,51.3115655],[9.4403484,51.3115641],[9.4403336,51.3115558],[9.4403307,51.3115498],[9.4403326,51.3115439],[9.4403944,51.311541],[9.4411025,51.311522],[9.4411318,51.3115213],[9.4411338,51.311543],[9.4411042,51.3115438],[9.4403959,51.3115644],[9.4403678,51.3115655]]}},{"type":"Feature","properties":{"way_id":287720382,"route_colors":["#f08100"],"route_refs":["4"]},"geometry":{"type":"LineString","coordinates":[[9.4331586,51.3117603],[9.4331573,51.3117437],[9.433704,51.3117273],[9.4337053,51.311744],[9.4331586,51.3117603]]}},{"type":"Feature","properties":{"way_id":287720384,"route_colors":["#f08100"],"route_refs":["4"]},"geometry":{"type":"LineString","coordinates":[[9.4278168,51.3100687],[9.4278442,51.3100478],[9.4283237,51.3102958],[9.4282962,51.3103167],[9.4278168,51.3100687]]}},{"type":"Feature","properties":{"way_id":287720386,"route_colors":["#f08100"],"route_refs":["4"]},"geometry":{"type":"LineString","coordinates":[[9.4222955,51.3095934],[9.4222767,51.3095746],[9.4226862,51.3094145],[9.4227049,51.3094333],[9.4222955,51.3095934]]}},{"type":"Feature","properties":{"way_id":147995472,"route_colors":["#f08100"],"route_refs":["4"]},"geometry":{"type":"LineString","coordinates":[[9.4164361,51.3070464],[9.4168301,51.3072463],[9.4167939,51.307273],[9.4164026,51.3070707],[9.4164361,51.3070464]]}},{"type":"Feature","properties":{"way_id":1013432435,"route_colors":["#f08100"],"route_refs":["4"]},"geometry":{"type":"LineString","coordinates":[[9.4156984,51.3042313],[9.4157535,51.3045311]]}},{"type":"Feature","properties":{"way_id":165849897,"route_colors":["#f08100"],"route_refs":["4"]},"geometry":{"type":"LineString","coordinates":[[9.7167299,51.1960145],[9.7169387,51.1961649],[9.7172675,51.196396],[9.7178276,51.1967935],[9.7179099,51.1968583],[9.7180007,51.1969299],[9.7186118,51.1974792],[9.7187465,51.1975871],[9.7187937,51.1976258],[9.7188059,51.1976342],[9.7188172,51.1976407]]}},{"type":"Feature","properties":{"way_id":1498774583,"route_colors":["#f08100"],"route_refs":["4"]},"geometry":{"type":"LineString","coordinates":[[9.7188172,51.1976407],[9.7190911,51.1977743],[9.7197257,51.1980889],[9.720137,51.1982943],[9.7201861,51.1983186],[9.7203955,51.1984245],[9.7207568,51.1985995],[9.7208964,51.1986664],[9.7209707,51.1986994],[9.7210477,51.1987346],[9.7211245,51.1987729],[9.7211905,51.1988104],[9.7212707,51.1988586],[9.7213165,51.1988908],[9.7213352,51.1989044],[9.7214021,51.1989614],[9.7214953,51.1990517],[9.7215661,51.1991325],[9.7216351,51.1992264],[9.7216836,51.1993061]]}},{"type":"Feature","properties":{"way_id":165847728,"route_colors":["#f08100"],"route_refs":["4"]},"geometry":{"type":"LineString","coordinates":[[9.7215049,51.2030054],[9.7214255,51.2031804],[9.721316,51.2034323],[9.7212807,51.2035009],[9.7212638,51.2035257],[9.7212176,51.2035876],[9.7211843,51.2036293],[9.7211258,51.203691],[9.7210561,51.2037547],[9.7209955,51.203801],[9.7209249,51.2038467],[9.7208508,51.203891],[9.720723,51.2039518],[9.7205859,51.2040063],[9.7204616,51.2040519],[9.7202983,51.2041058],[9.7201389,51.2041545],[9.7200008,51.2041938],[9.7198281,51.2042367],[9.7196684,51.2042729],[9.7194389,51.2043194],[9.7192187,51.2043624],[9.7189728,51.2044075]]}},{"type":"Feature","properties":{"way_id":165850638,"route_colors":["#f08100"],"route_refs":["4"]},"geometry":{"type":"LineString","coordinates":[[9.6980492,51.2122459],[9.6979733,51.2122598],[9.6978997,51.2122731],[9.6978236,51.2122878],[9.6977161,51.212311],[9.6975424,51.2123542],[9.6965622,51.212603],[9.6964674,51.2126259],[9.6963749,51.212647],[9.6955911,51.2128088],[9.6954358,51.2128419],[9.6953908,51.2128514],[9.6953162,51.2128661],[9.6952418,51.2128791],[9.6951294,51.2128985],[9.6950057,51.2129177],[9.6942058,51.2130219],[9.6940626,51.2130448],[9.6939462,51.2130669],[9.6938311,51.2130893]]}},{"type":"Feature","properties":{"way_id":182857381,"route_colors":["#f08100"],"route_refs":["4"]},"geometry":{"type":"LineString","coordinates":[[9.6730535,51.2231593],[9.6729621,51.2232579],[9.6728754,51.2233585],[9.6726088,51.2236761],[9.672516,51.2237815],[9.6723131,51.2240049],[9.6722514,51.2240755],[9.6721935,51.2241461],[9.6721383,51.2242176],[9.6720835,51.224291],[9.6720239,51.2243762],[9.6719685,51.2244613],[9.6719151,51.2245498],[9.6718654,51.2246384],[9.67182,51.2247249],[9.6717729,51.2248245],[9.6717499,51.2248798],[9.6717275,51.2249382],[9.6717013,51.225018],[9.6716781,51.2250979],[9.6716537,51.2251792],[9.6716323,51.2252606],[9.6716162,51.2253457],[9.671602,51.2254301],[9.6715892,51.2255151],[9.6715794,51.2256],[9.6715744,51.2256819],[9.6715749,51.2257648],[9.6715763,51.225855],[9.6715818,51.2259438],[9.6715874,51.2260033]]}},{"type":"Feature","properties":{"way_id":182857380,"route_colors":["#f08100"],"route_refs":["4"]},"geometry":{"type":"LineString","coordinates":[[9.6715874,51.2260033],[9.6716026,51.2261154]]}},{"type":"Feature","properties":{"way_id":182857996,"route_colors":["#f08100"],"route_refs":["4"]},"geometry":{"type":"LineString","coordinates":[[9.6716026,51.2261154],[9.671617,51.2261909],[9.6716348,51.2262717],[9.6716472,51.2263159],[9.6716797,51.2264341],[9.6717454,51.2266174],[9.6718164,51.2267847],[9.6718886,51.2269379],[9.6721663,51.2275012]]}},{"type":"Feature","properties":{"way_id":182858001,"route_colors":["#f08100"],"route_refs":["4"]},"geometry":{"type":"LineString","coordinates":[[9.6721663,51.2275012],[9.672195,51.2275594]]}},{"type":"Feature","properties":{"way_id":165850632,"route_colors":["#f08100"],"route_refs":["4"]},"geometry":{"type":"LineString","coordinates":[[9.672195,51.2275594],[9.6723179,51.2278154],[9.6723717,51.227942],[9.6724818,51.2282336],[9.6725614,51.2284201]]}},{"type":"Feature","properties":{"way_id":1385167618,"route_colors":["#f08100"],"route_refs":["4"]},"geometry":{"type":"LineString","coordinates":[[9.673577,51.2342445],[9.6736317,51.2343421],[9.6736902,51.2344413],[9.6737444,51.2345241],[9.6738075,51.2346206],[9.6738551,51.2346865],[9.6739117,51.2347596],[9.6739704,51.2348301],[9.6740702,51.2349419],[9.6741608,51.2350408],[9.6742986,51.2351769],[9.6743822,51.2352442],[9.6744741,51.2353179],[9.6745512,51.2353791]]}},{"type":"Feature","properties":{"way_id":160118687,"route_colors":["#f08100"],"route_refs":["4"]},"geometry":{"type":"LineString","coordinates":[[9.6832288,51.2572811],[9.6832102,51.2573179],[9.6831944,51.2573549],[9.6831749,51.2574056],[9.6831004,51.2575904],[9.6830729,51.2576521],[9.6830354,51.2577165],[9.6829858,51.2577801],[9.68291,51.2578649],[9.6824839,51.2583177],[9.682411,51.2583973],[9.682356,51.2584551],[9.6823135,51.2584965],[9.6822442,51.2585509],[9.68217,51.2586035],[9.6818763,51.2588006],[9.6817916,51.2588607],[9.6817082,51.2589263],[9.6816379,51.258987],[9.6815218,51.2590991],[9.681418,51.2592093],[9.6812383,51.2594],[9.6811453,51.2594931],[9.6810479,51.2595856]]}},{"type":"Feature","properties":{"way_id":311461776,"route_colors":["#f08100"],"route_refs":["4"]},"geometry":{"type":"LineString","coordinates":[[9.6810479,51.2595856],[9.6809486,51.259681],[9.6808456,51.2597759],[9.6806337,51.2599626],[9.6802189,51.2603363],[9.680126,51.260428],[9.6800414,51.2605153],[9.6799535,51.260609],[9.6798691,51.260703]]}},{"type":"Feature","properties":{"way_id":298665274,"route_colors":["#f08100"],"route_refs":["4"]},"geometry":{"type":"LineString","coordinates":[[9.6785469,51.2631478],[9.6788878,51.2623927],[9.6789309,51.262303],[9.6790165,51.2621099],[9.6791049,51.2619121],[9.6791538,51.2618076],[9.6792053,51.261703],[9.6792589,51.2615965],[9.6793166,51.26149],[9.6793743,51.2613855],[9.679439,51.261281],[9.679499,51.2611887],[9.6795686,51.2610886],[9.6796399,51.2609897],[9.6797163,51.2608914],[9.6797868,51.2608011],[9.6798691,51.260703]]}},{"type":"Feature","properties":{"way_id":298665273,"route_colors":["#f08100"],"route_refs":["4"]},"geometry":{"type":"LineString","coordinates":[[9.6784872,51.2632766],[9.6785469,51.2631478]]}},{"type":"Feature","properties":{"way_id":311461775,"route_colors":["#f08100"],"route_refs":["4"]},"geometry":{"type":"LineString","coordinates":[[9.6696251,51.2682382],[9.6697582,51.2681903],[9.6698932,51.2681429],[9.6701494,51.2680607],[9.6703686,51.2679886],[9.6705283,51.2679336],[9.6706898,51.2678751],[9.6713023,51.267641],[9.6715762,51.2675344],[9.6718501,51.2674248],[9.6721167,51.267311],[9.6723825,51.2671903],[9.6745412,51.266147],[9.6763315,51.2652821],[9.6765859,51.2651516],[9.6768328,51.2650181],[9.6770503,51.2648839],[9.6772448,51.2647549],[9.6774388,51.2646046],[9.6776158,51.2644555],[9.6777856,51.2642943],[9.6779345,51.2641385],[9.6780727,51.2639682],[9.6781997,51.2637978],[9.6783114,51.2636211],[9.6784035,51.2634502],[9.6784872,51.2632766]]}},{"type":"Feature","properties":{"way_id":311318417,"route_colors":["#f08100"],"route_refs":["4"]},"geometry":{"type":"LineString","coordinates":[[9.6393346,51.2827263],[9.6392882,51.2831448]]}},{"type":"Feature","properties":{"way_id":311318422,"route_colors":["#f08100"],"route_refs":["4"]},"geometry":{"type":"LineString","coordinates":[[9.6392882,51.2831448],[9.6392398,51.2836181],[9.6392276,51.2837403],[9.639197,51.28406],[9.6391677,51.2842748],[9.6391313,51.2844969]]}},{"type":"Feature","properties":{"way_id":311098554,"route_colors":["#f08100"],"route_refs":["4"]},"geometry":{"type":"LineString","coordinates":[[9.6373777,51.2866041],[9.6372962,51.2866423],[9.6372182,51.2866826],[9.6370698,51.2867712],[9.6365238,51.2870982],[9.6362908,51.2872352],[9.6362041,51.2872862],[9.6360217,51.2873945],[9.6358406,51.2875073],[9.6355975,51.2876664],[9.6353377,51.2878417],[9.6350329,51.2880461],[9.6348898,51.2881344],[9.6347396,51.2882226],[9.6346001,51.2882999],[9.634455,51.2883713],[9.6343084,51.2884407],[9.6341679,51.2885029],[9.6340278,51.2885597],[9.6338753,51.2886159],[9.6337085,51.2886701],[9.6335661,51.2887135],[9.6334238,51.2887509],[9.6332775,51.2887857],[9.6331152,51.2888199],[9.6329495,51.2888499],[9.6327969,51.2888754],[9.6326203,51.2888999],[9.6324437,51.2889169],[9.6322954,51.2889286],[9.6321322,51.2889389],[9.6319691,51.2889451],[9.6316394,51.2889531],[9.6310581,51.288961],[9.6309709,51.2889591],[9.6308779,51.2889526],[9.6307757,51.2889408],[9.6306886,51.2889281],[9.6306064,51.288911],[9.6304762,51.2888757],[9.6304001,51.2888502],[9.630324,51.2888209],[9.6302276,51.2887771],[9.6301406,51.2887318],[9.6300579,51.2886789],[9.6299881,51.2886258],[9.6299323,51.2885791],[9.6298849,51.2885308],[9.6298414,51.288481],[9.6297967,51.2884248],[9.6297564,51.288365],[9.6297229,51.2883003],[9.6296942,51.2882287],[9.6296783,51.2881429],[9.6296737,51.2880557],[9.6296805,51.2879692],[9.6296996,51.2878738],[9.6297267,51.2877848],[9.6297653,51.2877023],[9.6298121,51.28763],[9.6298626,51.2875628],[9.6299228,51.2874958],[9.6299816,51.2874375],[9.6301493,51.2872827],[9.6301996,51.2872317],[9.630239,51.2871866],[9.6302776,51.2871383],[9.6303134,51.2870866],[9.6303244,51.2870673],[9.6303454,51.287024],[9.6303635,51.2869726],[9.6303756,51.2869194],[9.6303802,51.2868499],[9.6303785,51.286782],[9.6303719,51.2867321]]}},{"type":"Feature","properties":{"way_id":87557107,"route_colors":["#f08100"],"route_refs":["4"]},"geometry":{"type":"LineString","coordinates":[[9.6303719,51.2867321],[9.6303549,51.28667],[9.6303305,51.2866126],[9.6302837,51.2864977]]}},{"type":"Feature","properties":{"way_id":87557108,"route_colors":["#f08100"],"route_refs":["4"]},"geometry":{"type":"LineString","coordinates":[[9.6302837,51.2864977],[9.6301608,51.2861957],[9.6299952,51.2857988],[9.6299606,51.2857213],[9.6299314,51.2856599],[9.6299101,51.2856242],[9.6298882,51.2855938],[9.6298621,51.2855582],[9.6298298,51.2855259],[9.6298009,51.2855004],[9.6297505,51.2854591],[9.6296818,51.285414],[9.6295991,51.28537],[9.6295141,51.2853358],[9.6294522,51.2853119],[9.6293733,51.2852886],[9.6292876,51.285269],[9.6292049,51.2852558],[9.6291172,51.2852462],[9.6290406,51.2852408],[9.628935,51.285234],[9.628831,51.2852309],[9.6287269,51.2852297],[9.6286243,51.2852303],[9.6283948,51.2852331],[9.6281707,51.2852397],[9.6279517,51.2852496],[9.627786,51.2852591],[9.6276221,51.2852719],[9.627459,51.2852853],[9.6272976,51.2853008],[9.6271369,51.2853183],[9.6269726,51.285337],[9.6268119,51.2853583],[9.6266607,51.2853808],[9.6264968,51.285406],[9.6263372,51.2854344],[9.6260259,51.2854902],[9.6258207,51.2855279],[9.6257163,51.2855448],[9.6256102,51.2855595],[9.6255036,51.2855724],[9.6253977,51.2855823],[9.6252918,51.2855887],[9.6251866,51.2855932],[9.62497,51.2855954],[9.6247534,51.2855953],[9.6239777,51.2855857],[9.62318,51.285577],[9.6230405,51.2855742],[9.6229017,51.2855653],[9.6227531,51.2855541],[9.6226094,51.2855355],[9.6224691,51.2855137],[9.6223248,51.285487],[9.6221875,51.2854562],[9.6220536,51.285422],[9.6219195,51.2853831],[9.6217931,51.2853385],[9.6216719,51.2852906],[9.6215664,51.2852382],[9.6214624,51.2851742],[9.6213792,51.2851045],[9.62131,51.2850325],[9.6212541,51.2849584],[9.6212104,51.2848799],[9.6211915,51.2848286],[9.6211815,51.2847929],[9.6211764,51.2847569],[9.6211722,51.2847218],[9.6211707,51.2846959],[9.6211736,51.2846529],[9.6211787,51.2846092],[9.6211872,51.2845604],[9.6211983,51.2845122],[9.621232,51.2844134],[9.6213795,51.2840531],[9.6214145,51.2839532],[9.6214451,51.283857],[9.6215082,51.2836616],[9.6215303,51.2835733],[9.6215473,51.283486],[9.6215624,51.2833996],[9.6215755,51.2833135],[9.6215833,51.2832327],[9.6215812,51.2831533],[9.6215651,51.2830787],[9.6215363,51.2830021],[9.6214933,51.2829267],[9.6214356,51.2828584],[9.6213636,51.2827934],[9.621277,51.2827339],[9.6211838,51.2826825],[9.6210834,51.2826385],[9.6209708,51.2826005],[9.620855,51.2825722],[9.6207246,51.2825528],[9.6206024,51.2825421],[9.6204791,51.2825387],[9.6203607,51.2825392],[9.6202298,51.2825448],[9.6200548,51.2825569],[9.6198719,51.2825738],[9.6196829,51.2825992],[9.6195001,51.2826252],[9.6193859,51.2826457],[9.6192874,51.2826654],[9.6192324,51.2826769],[9.6191325,51.2827008],[9.6190463,51.2827194],[9.618926,51.2827516],[9.6187623,51.2827973],[9.6186087,51.2828467],[9.6184778,51.2828918],[9.6183284,51.2829485],[9.6181797,51.2830099],[9.6180628,51.2830627],[9.6179277,51.2831295],[9.6177961,51.2831974],[9.6176821,51.283259],[9.6174386,51.2833999],[9.6161095,51.2841777],[9.6159889,51.2842429],[9.6158597,51.2843026],[9.6157261,51.2843558],[9.615582,51.2844047],[9.6154238,51.28445],[9.6152604,51.2844867],[9.6150935,51.2845163],[9.6149215,51.2845416],[9.6148095,51.2845538],[9.6146517,51.2845699],[9.6144822,51.2845833],[9.6143383,51.28459],[9.6141972,51.2845953],[9.6140593,51.2845966],[9.6139243,51.2845942],[9.6138639,51.2845938],[9.6137371,51.2845889],[9.6136069,51.2845808],[9.6134708,51.2845694],[9.613338,51.2845534],[9.6132061,51.2845347],[9.6130505,51.2845088],[9.6128971,51.2844794],[9.6127652,51.2844483],[9.6126783,51.2844264],[9.6125912,51.2844028]]}},{"type":"Feature","properties":{"way_id":160118688,"route_colors":["#f08100"],"route_refs":["4"]},"geometry":{"type":"LineString","coordinates":[[9.6125912,51.2844028],[9.612048,51.2842527],[9.6113906,51.2840753],[9.6096298,51.2836013]]}},{"type":"Feature","properties":{"way_id":311095439,"route_colors":["#f08100"],"route_refs":["4"]},"geometry":{"type":"LineString","coordinates":[[9.6096298,51.2836013],[9.6092813,51.2835114],[9.6086097,51.2833316],[9.6084185,51.2832773]]}},{"type":"Feature","properties":{"way_id":311095440,"route_colors":["#f08100"],"route_refs":["4"]},"geometry":{"type":"LineString","coordinates":[[9.6084185,51.2832773],[9.6083335,51.2832547],[9.6081509,51.2832037],[9.6077011,51.2830851],[9.607564,51.2830496],[9.6075006,51.2830341],[9.6074161,51.2830148],[9.6072983,51.282989],[9.6071824,51.2829658],[9.6070646,51.2829457],[9.6069442,51.2829268],[9.6068357,51.282911],[9.6067285,51.2828962]]}},{"type":"Feature","properties":{"way_id":311032245,"route_colors":["#f08100"],"route_refs":["4"]},"geometry":{"type":"LineString","coordinates":[[9.6014991,51.2833355],[9.6011178,51.2833968],[9.6008302,51.2834421],[9.6000448,51.2835559],[9.5998625,51.2835827],[9.5994993,51.2836268]]}},{"type":"Feature","properties":{"way_id":311032242,"route_colors":["#f08100"],"route_refs":["4"]},"geometry":{"type":"LineString","coordinates":[[9.5994993,51.2836268],[9.5991166,51.2836856]]}},{"type":"Feature","properties":{"way_id":160118689,"route_colors":["#f08100"],"route_refs":["4"]},"geometry":{"type":"LineString","coordinates":[[9.5871717,51.2846896],[9.5870767,51.2847158],[9.5869826,51.2847428],[9.5868672,51.2847771],[9.5861563,51.2849956],[9.5860032,51.2850371],[9.5799395,51.2866337],[9.5758981,51.2876949],[9.5753055,51.2878547],[9.5750134,51.2879445],[9.5747263,51.2880374],[9.574344,51.2881627],[9.5741234,51.2882371],[9.5739633,51.2882932],[9.5737823,51.2883625],[9.5735975,51.2884399],[9.5734193,51.2885183],[9.5732862,51.2885763],[9.5731508,51.2886313],[9.5730202,51.2886826],[9.5728784,51.2887333],[9.5727127,51.2887912],[9.5725324,51.2888518],[9.5723583,51.2889083],[9.572183,51.288964],[9.5719408,51.2890373],[9.5716853,51.2891133],[9.5713651,51.2891986],[9.5712426,51.2892298],[9.5711876,51.2892441],[9.5710029,51.2892896],[9.5708186,51.2893326],[9.5706157,51.2893801],[9.5704128,51.2894241],[9.5701851,51.2894726],[9.5699626,51.2895175],[9.5674417,51.2900203],[9.5658983,51.2903302]]}},{"type":"Feature","properties":{"way_id":422101635,"route_colors":["#f08100"],"route_refs":["4"]},"geometry":{"type":"LineString","coordinates":[[9.5658983,51.2903302],[9.5646429,51.2905826],[9.5642809,51.2906553]]}},{"type":"Feature","properties":{"way_id":458722599,"route_colors":["#f08100"],"route_refs":["4"]},"geometry":{"type":"LineString","coordinates":[[9.5642809,51.2906553],[9.5642192,51.290668],[9.5633943,51.2908337]]}},{"type":"Feature","properties":{"way_id":59053845,"route_colors":["#f08100","#00a5df"],"route_refs":["4","8"]},"geometry":{"type":"LineString","coordinates":[[9.5633943,51.2908337],[9.5632665,51.2908599],[9.5626323,51.2909895],[9.5624651,51.2910222],[9.5623015,51.2910517],[9.5620337,51.2910974],[9.5619481,51.2911114],[9.5618473,51.2911321],[9.5617523,51.2911581],[9.5616759,51.2911807],[9.5615942,51.2912077],[9.5615123,51.2912363],[9.5614021,51.2912771],[9.5613037,51.2913179],[9.5612064,51.2913583],[9.5611105,51.2914014],[9.5610078,51.2914511],[9.5609158,51.2914988],[9.5608276,51.2915481],[9.5607293,51.2916043],[9.5606364,51.291661],[9.560551,51.291717],[9.5600945,51.2920339],[9.5586523,51.2930218],[9.5574558,51.2938459],[9.5573309,51.2939283],[9.5572326,51.2939937],[9.5571546,51.2940427],[9.5570784,51.2940875],[9.5570341,51.2941126],[9.5569073,51.2941829],[9.5567668,51.2942472],[9.556487,51.2943717],[9.5562855,51.2944607],[9.5561044,51.2945404],[9.5560165,51.2945785],[9.5557861,51.2946777],[9.555611,51.2947474],[9.5554005,51.2948254],[9.5552183,51.2948896],[9.5550475,51.2949439],[9.5548973,51.2949918],[9.5547338,51.2950392],[9.5545765,51.2950813],[9.5544125,51.2951192],[9.5541935,51.2951634],[9.5540187,51.2951965],[9.5538123,51.2952287],[9.5536262,51.2952584],[9.5534295,51.2952867],[9.5532366,51.2953091],[9.5530208,51.2953289],[9.5528187,51.2953433],[9.5526206,51.2953524],[9.5524195,51.2953578],[9.5522094,51.2953611],[9.5520034,51.2953601],[9.5517913,51.2953512],[9.5515805,51.2953404],[9.5513717,51.2953273],[9.549858,51.2951974],[9.5482452,51.295053],[9.5480702,51.2950398],[9.5478985,51.2950282],[9.5477475,51.2950203],[9.5475718,51.2950113],[9.5474094,51.2950058],[9.5472566,51.2950019],[9.5471502,51.2950032],[9.5470488,51.295005],[9.5469906,51.2950064],[9.5469315,51.2950084],[9.5468541,51.2950118],[9.54679,51.2950159],[9.546725,51.2950208],[9.5466623,51.2950264],[9.5465981,51.2950331],[9.5465327,51.2950412],[9.5464241,51.2950575],[9.5463191,51.2950743],[9.5461717,51.2950993],[9.5460284,51.295125],[9.5459259,51.2951454],[9.5457985,51.2951758],[9.5457097,51.295198],[9.5456125,51.2952256],[9.5455391,51.2952481],[9.5454422,51.2952802],[9.5452804,51.2953398],[9.5448551,51.2954995],[9.5447009,51.2955595],[9.5445511,51.29562],[9.5444069,51.2956804],[9.5442515,51.2957484],[9.5438005,51.2959651],[9.5431177,51.2963011],[9.5425993,51.296551],[9.5425133,51.2965891],[9.5424266,51.2966256],[9.5423391,51.2966606],[9.5422504,51.2966937],[9.542153,51.2967295],[9.5420568,51.2967629],[9.5419531,51.296799],[9.5418531,51.296832],[9.5417534,51.2968626],[9.5416548,51.2968916],[9.541555,51.2969201],[9.541454,51.2969479],[9.5413351,51.2969779],[9.5412162,51.2970064],[9.5410973,51.2970336],[9.5409784,51.2970587],[9.5408491,51.2970837],[9.5403352,51.2971724],[9.5401504,51.2972048],[9.5399709,51.2972417],[9.5398621,51.2972704],[9.5397568,51.2973023],[9.5396542,51.2973392],[9.5395542,51.29738],[9.5394688,51.2974179],[9.5393905,51.297457],[9.5392612,51.297538],[9.5391653,51.297612],[9.5390636,51.2976973],[9.5389997,51.2977541],[9.5381519,51.2985837],[9.5380066,51.2987269],[9.5376921,51.2990276],[9.5374891,51.299211],[9.5374066,51.2992721],[9.537326,51.2993277],[9.5372516,51.2993759],[9.5371797,51.2994196],[9.5370834,51.2994747],[9.5369886,51.2995235],[9.5368828,51.2995725],[9.5367786,51.2996197],[9.5361865,51.2998719],[9.5359504,51.2999746],[9.5357253,51.3000799],[9.5355705,51.3001575],[9.5354156,51.3002417],[9.5353378,51.3002847],[9.5352768,51.3003201],[9.5352198,51.3003552],[9.5351618,51.3003927],[9.534702,51.3007048],[9.5343529,51.3009558]]}},{"type":"Feature","properties":{"way_id":185321642,"route_colors":["#f08100","#00a5df","#95c11f","#8a4f38"],"route_refs":["4","8","3","6"]},"geometry":{"type":"LineString","coordinates":[[9.5006059,51.3179699],[9.5005845,51.3179752],[9.5005649,51.31798],[9.5005423,51.3179851],[9.5005199,51.31799],[9.5004947,51.3179937],[9.5004695,51.317996],[9.5004471,51.3179968],[9.5004274,51.3179971],[9.5004074,51.3179963],[9.5003888,51.317995],[9.5003601,51.3179923],[9.5003317,51.3179878],[9.5003041,51.3179809],[9.5002803,51.3179737],[9.5002553,51.3179655],[9.5002339,51.3179567],[9.5002234,51.3179509],[9.5002039,51.317941],[9.5001824,51.3179295],[9.5001768,51.3179265],[9.5001613,51.3179164],[9.5001387,51.3178983],[9.500121,51.3178813],[9.5001059,51.3178631]]}},{"type":"Feature","properties":{"way_id":59053841,"route_colors":["#f08100","#00a5df"],"route_refs":["4","8"]},"geometry":{"type":"LineString","coordinates":[[9.4895123,51.3134218],[9.489507,51.313426],[9.4891101,51.3137904],[9.4890808,51.3138173],[9.4890145,51.3138782]]}},{"type":"Feature","properties":{"way_id":407269791,"route_colors":["#f08100","#00a5df"],"route_refs":["4","8"]},"geometry":{"type":"LineString","coordinates":[[9.4890145,51.3138782],[9.4889546,51.3139285],[9.4889481,51.3139345],[9.4888746,51.3139963],[9.4888067,51.3140395],[9.4887203,51.3140939]]}},{"type":"Feature","properties":{"way_id":185165174,"route_colors":["#f08100","#00a5df"],"route_refs":["4","8"]},"geometry":{"type":"LineString","coordinates":[[9.4887203,51.3140939],[9.4886132,51.3141438]]}},{"type":"Feature","properties":{"way_id":188637347,"route_colors":["#f08100","#00a5df"],"route_refs":["4","8"]},"geometry":{"type":"LineString","coordinates":[[9.4783164,51.3154327],[9.4781315,51.3154494],[9.4780255,51.3154576],[9.4771824,51.3155302],[9.475813,51.3156554],[9.4740627,51.3158229],[9.473808,51.3158466],[9.4736456,51.3158612],[9.4734372,51.3158803],[9.4723742,51.3159778],[9.4701053,51.3161859],[9.4697713,51.3162165],[9.4693361,51.3162558],[9.4693024,51.316258],[9.4692795,51.3162585],[9.469201,51.316253],[9.4691632,51.3162457],[9.4689082,51.316191],[9.4686276,51.3161299],[9.4685318,51.3161135],[9.4684898,51.3161083],[9.4683853,51.3161074],[9.4674737,51.3161072],[9.4660095,51.3161069],[9.4656757,51.3161097],[9.4655156,51.3161111],[9.4654795,51.3161114],[9.4654533,51.3161115],[9.4650115,51.3161136],[9.4646722,51.3161131],[9.4644499,51.3161128]]}},{"type":"Feature","properties":{"way_id":157247159,"route_colors":["#f08100"],"route_refs":["4"]},"geometry":{"type":"LineString","coordinates":[[9.4644499,51.3161128],[9.4637184,51.316113],[9.4617202,51.3161174],[9.4612041,51.3161172],[9.4611086,51.3161172],[9.4608036,51.3161183],[9.4605433,51.3161177],[9.4602215,51.3161177],[9.456733,51.3161171],[9.4564497,51.3161173],[9.4561711,51.3161175],[9.4560614,51.3161176],[9.4556842,51.3161181],[9.4556303,51.3161159],[9.4555692,51.3161113],[9.4554715,51.3160956],[9.4553897,51.3160758],[9.4553136,51.3160471],[9.4552291,51.3160084],[9.4551429,51.3159605],[9.4537831,51.3152059],[9.4537037,51.3151515],[9.4536393,51.3150978],[9.4535958,51.3150523],[9.4535795,51.3150352],[9.4535434,51.3149854],[9.4535402,51.3149786],[9.4535201,51.314936],[9.4535029,51.3148789],[9.4534993,51.3148345],[9.4534976,51.3148139],[9.4534978,51.3134431],[9.4534924,51.3134046],[9.4534796,51.3133677],[9.4534607,51.3133356],[9.453432,51.3133058],[9.4534034,51.3132761],[9.4533617,51.3132498],[9.4533486,51.3132442],[9.4532962,51.3132215],[9.4532776,51.3132135],[9.4531854,51.3131897],[9.4531107,51.3131796],[9.4530531,51.3131745]]}},{"type":"Feature","properties":{"way_id":19802281,"route_colors":["#f08100"],"route_refs":["4"]},"geometry":{"type":"LineString","coordinates":[[9.4414558,51.3115964],[9.4413936,51.3115627],[9.4413481,51.3115415],[9.441304,51.3115261],[9.4412505,51.3115139],[9.4412119,51.311508],[9.441146,51.311502],[9.4411009,51.311503],[9.4407736,51.31151]]}},{"type":"Feature","properties":{"way_id":8371584,"route_colors":["#f08100"],"route_refs":["4"]},"geometry":{"type":"LineString","coordinates":[[9.4407736,51.31151],[9.4403945,51.3115197],[9.4391237,51.3115521],[9.4334157,51.3117255],[9.4325514,51.3117507],[9.4324617,51.3117473],[9.4323762,51.311739],[9.4322904,51.3117228],[9.4322075,51.3117004],[9.4321175,51.3116633],[9.432057,51.311631],[9.4317853,51.3114524],[9.4309043,51.3108658],[9.4308487,51.3108415],[9.4307994,51.3108211],[9.4307412,51.310801],[9.4306654,51.3107825],[9.4305685,51.3107677],[9.4304987,51.3107633],[9.4293642,51.3107221],[9.4292981,51.3107187],[9.429237,51.3107108],[9.4291796,51.3106987],[9.4291238,51.3106815],[9.4290527,51.3106557],[9.4280241,51.3101224],[9.4275999,51.3099057],[9.4275,51.3098657],[9.4273663,51.3098204],[9.4272277,51.3097807],[9.4263724,51.3095334],[9.4260498,51.309453],[9.4255081,51.309337],[9.424772,51.309192],[9.4246219,51.309165],[9.4244846,51.3091438],[9.4243481,51.3091338],[9.4241835,51.309133],[9.4234126,51.3091612],[9.4233369,51.3091641],[9.4232876,51.3091721],[9.4232394,51.3091845],[9.4231827,51.3092022],[9.4230956,51.3092375],[9.4224316,51.3095026],[9.4221188,51.3096257],[9.4220196,51.309663],[9.4219579,51.3096816],[9.4218922,51.3096905],[9.4218154,51.3096904],[9.4217627,51.309684],[9.4216947,51.3096687],[9.4216185,51.3096384],[9.4191348,51.3083806],[9.4185202,51.3080706],[9.4178904,51.3077512],[9.417385,51.3074958],[9.4164779,51.3070464],[9.4164061,51.307011],[9.4163246,51.3069631],[9.4162835,51.3069359],[9.4162484,51.3069019],[9.4162402,51.3068939],[9.4162174,51.3068539],[9.4162056,51.3068029],[9.4160251,51.3058553],[9.4157542,51.3044233],[9.4157142,51.3041955],[9.4156561,51.3038851],[9.4153071,51.3019711],[9.415295,51.3019342],[9.4152882,51.3019133],[9.4152663,51.3018649],[9.4152309,51.3018156],[9.415174,51.3017675],[9.4151325,51.3017353]]}},{"type":"Feature","properties":{"way_id":188391814,"route_colors":["#f08100"],"route_refs":["4"]},"geometry":{"type":"LineString","coordinates":[[9.4145751,51.3015376],[9.4144645,51.3015026]]}},{"type":"Feature","properties":{"way_id":188391816,"route_colors":["#f08100"],"route_refs":["4"]},"geometry":{"type":"LineString","coordinates":[[9.4144645,51.3015026],[9.4144331,51.3014951],[9.4142121,51.3014385],[9.4140922,51.3014144],[9.4140361,51.3014031],[9.4139896,51.301396],[9.4139408,51.3013905],[9.4138888,51.3013837],[9.4137894,51.3013743],[9.4136895,51.3013666],[9.4134338,51.301363],[9.4133468,51.301354],[9.4132667,51.3013375],[9.4132284,51.3013266],[9.4131959,51.3013149],[9.4131344,51.3012807],[9.4130866,51.3012479],[9.4130488,51.3012056],[9.4130275,51.301168],[9.4130126,51.3011355],[9.4130094,51.3011067],[9.4130103,51.3010737],[9.4130172,51.3010409],[9.4130257,51.3010159],[9.4130382,51.3009901],[9.4130701,51.3009508],[9.4131184,51.3009098],[9.4131853,51.3008721],[9.4132517,51.3008471],[9.4133314,51.3008289],[9.4134159,51.3008217]]}},{"type":"Feature","properties":{"way_id":188391813,"route_colors":["#f08100"],"route_refs":["4"]},"geometry":{"type":"LineString","coordinates":[[9.4134159,51.3008217],[9.4135558,51.3008117],[9.4136585,51.3008138],[9.4137412,51.3008267],[9.4138036,51.3008489],[9.4138628,51.3008832],[9.413915,51.3009267],[9.4141399,51.3011481]]}},{"type":"Feature","properties":{"way_id":577830277,"route_colors":["#00a5df"],"route_refs":["8"]},"geometry":{"type":"LineString","coordinates":[[9.4261301,51.3256088],[9.4258913,51.3256339],[9.4256486,51.3256482]]}},{"type":"Feature","properties":{"way_id":572396572,"route_colors":["#00a5df"],"route_refs":["8"]},"geometry":{"type":"LineString","coordinates":[[9.4302249,51.3252101],[9.4307433,51.3251633],[9.4307373,51.3251376],[9.4302189,51.3251844],[9.4302249,51.3252101]]}},{"type":"Feature","properties":{"way_id":167602924,"route_colors":["#00a5df"],"route_refs":["8"]},"geometry":{"type":"LineString","coordinates":[[9.4346952,51.3247626],[9.4352138,51.3246836],[9.4353048,51.3246699]]}},{"type":"Feature","properties":{"way_id":572396582,"route_colors":["#00a5df"],"route_refs":["8"]},"geometry":{"type":"LineString","coordinates":[[9.4390768,51.3240983],[9.4395559,51.3240246]]}},{"type":"Feature","properties":{"way_id":377544032,"route_colors":["#00a5df"],"route_refs":["8"]},"geometry":{"type":"LineString","coordinates":[[9.4462906,51.3228489],[9.4458673,51.3229602],[9.4458553,51.3229424],[9.4458494,51.3229337],[9.4462728,51.3228224],[9.4462782,51.3228304],[9.4462906,51.3228489]]}},{"type":"Feature","properties":{"way_id":167785883,"route_colors":["#00a5df"],"route_refs":["8"]},"geometry":{"type":"LineString","coordinates":[[9.4498071,51.3216418],[9.4497829,51.3216764],[9.4497193,51.3217676],[9.4497,51.3217952],[9.4496501,51.3218898],[9.4496244,51.3219567],[9.4495888,51.3220754],[9.4495701,51.3221491],[9.4495379,51.3222053]]}},{"type":"Feature","properties":{"way_id":386580392,"route_colors":["#00a5df"],"route_refs":["8"]},"geometry":{"type":"LineString","coordinates":[[9.4565892,51.3187907],[9.4562834,51.3188109],[9.4560306,51.3188278],[9.4558551,51.3188405]]}},{"type":"Feature","properties":{"way_id":577830273,"route_colors":["#00a5df"],"route_refs":["8"]},"geometry":{"type":"LineString","coordinates":[[9.460641,51.3180983],[9.4606414,51.3184012],[9.4606416,51.3184271],[9.4606903,51.318427],[9.4606955,51.3183735],[9.4606938,51.3180994],[9.460667,51.3180988],[9.460641,51.3180983]]}},{"type":"Feature","properties":{"way_id":28148807,"route_colors":["#00a5df"],"route_refs":["8"]},"geometry":{"type":"LineString","coordinates":[[9.425876,51.3256159],[9.4256642,51.3256305],[9.4254033,51.3256466],[9.4253184,51.3256625],[9.4252488,51.3256837],[9.4251841,51.3257193],[9.4251226,51.3257764],[9.4251025,51.3258192],[9.4250891,51.3258708],[9.4251023,51.3259295],[9.4251324,51.325979],[9.4251726,51.3260157],[9.4252583,51.3260607],[9.4253616,51.3260877],[9.4254729,51.3260944],[9.4255824,51.32608],[9.4256802,51.326046],[9.4257575,51.3259953],[9.4258182,51.3259416],[9.42594,51.3258011],[9.4259928,51.3257459],[9.4260873,51.3256799],[9.4261458,51.3256495],[9.4261917,51.3256256],[9.4262733,51.3255962],[9.4263645,51.3255722]]}},{"type":"Feature","properties":{"way_id":188637351,"route_colors":["#00a5df"],"route_refs":["8"]},"geometry":{"type":"LineString","coordinates":[[9.4263645,51.3255722],[9.4265807,51.3255511],[9.4275475,51.3254567],[9.4279216,51.3254213],[9.4283559,51.3253801],[9.4284655,51.3253714],[9.4288954,51.3253372],[9.4294404,51.3252941],[9.4295129,51.3252883],[9.4298344,51.3252627],[9.430143,51.3252336],[9.4304503,51.3252046],[9.4310757,51.3251458],[9.4318173,51.325076],[9.4318816,51.32507],[9.4335846,51.3249098],[9.4339818,51.3248712],[9.4341804,51.3248474],[9.4346338,51.3247801],[9.434975,51.3247294],[9.4363716,51.3245215],[9.4371179,51.3244054],[9.4373928,51.3243626],[9.4386017,51.3241793]]}},{"type":"Feature","properties":{"way_id":188637355,"route_colors":["#00a5df"],"route_refs":["8"]},"geometry":{"type":"LineString","coordinates":[[9.4386017,51.3241793],[9.4390017,51.3241184],[9.4393055,51.3240721],[9.4395851,51.3240303],[9.440108,51.3239522]]}},{"type":"Feature","properties":{"way_id":188637352,"route_colors":["#00a5df"],"route_refs":["8"]},"geometry":{"type":"LineString","coordinates":[[9.440108,51.3239522],[9.4403005,51.3239233],[9.4406474,51.3238712],[9.4413601,51.3237641],[9.4421424,51.3236465],[9.4422649,51.3236238],[9.4423519,51.3236031],[9.4423756,51.3235966],[9.4425102,51.3235594],[9.4426086,51.323537],[9.4427149,51.323516],[9.4427595,51.3235092],[9.4442295,51.3232851],[9.4443573,51.3232672],[9.4444862,51.3232524],[9.444744,51.3232225],[9.4449395,51.3231962],[9.4451426,51.3231633],[9.445197,51.3231567],[9.4452847,51.3231481]]}},{"type":"Feature","properties":{"way_id":157247166,"route_colors":["#00a5df"],"route_refs":["8"]},"geometry":{"type":"LineString","coordinates":[[9.4452847,51.3231481],[9.4454676,51.3231036],[9.4455423,51.3230719],[9.4456091,51.3230422],[9.4457148,51.3230038],[9.4458271,51.3229776],[9.4462626,51.3228648],[9.4468694,51.3227127],[9.4470601,51.3226623],[9.4471559,51.3226405],[9.4472472,51.3226248],[9.4473287,51.3226164],[9.4474048,51.3226125],[9.4475606,51.3226075]]}},{"type":"Feature","properties":{"way_id":378309986,"route_colors":["#00a5df"],"route_refs":["8"]},"geometry":{"type":"LineString","coordinates":[[9.4491462,51.3224217],[9.4489984,51.322457],[9.4487665,51.3225068],[9.4485929,51.3225448],[9.4484487,51.32257],[9.4483297,51.3225803],[9.4482079,51.3225896],[9.4480396,51.3225991],[9.4479169,51.3226008],[9.4477899,51.3226044],[9.4477092,51.3226058],[9.4476599,51.3226071],[9.447625,51.3226081],[9.4475606,51.3226075]]}},{"type":"Feature","properties":{"way_id":378309987,"route_colors":["#00a5df"],"route_refs":["8"]},"geometry":{"type":"LineString","coordinates":[[9.4491462,51.3224217],[9.4492155,51.3224009],[9.4492641,51.3223868]]}},{"type":"Feature","properties":{"way_id":607706196,"route_colors":["#00a5df"],"route_refs":["8"]},"geometry":{"type":"LineString","coordinates":[[9.4492641,51.3223868],[9.4493585,51.3223509],[9.4493725,51.3223446],[9.4494082,51.3223284],[9.4494423,51.3223113],[9.4494987,51.3222742],[9.4495404,51.322238],[9.4495651,51.322199],[9.4495862,51.3221596],[9.4496592,51.3219267],[9.4497041,51.3218384],[9.4497706,51.3217273],[9.4498086,51.3216884],[9.4498917,51.321606]]}},{"type":"Feature","properties":{"way_id":607706189,"route_colors":["#00a5df"],"route_refs":["8"]},"geometry":{"type":"LineString","coordinates":[[9.4498917,51.321606],[9.4499255,51.3215749],[9.4499542,51.3215479],[9.4503536,51.3211692],[9.450421,51.3211206],[9.4504966,51.3210761],[9.4505662,51.3210418],[9.4506485,51.3210085],[9.4507281,51.3209829],[9.4508217,51.3209584],[9.451144,51.3208958],[9.4511842,51.3208885],[9.4512542,51.3208744],[9.4514348,51.3208433],[9.4515268,51.320825],[9.4515394,51.3208226],[9.451798,51.320767],[9.451935,51.3207308],[9.4520625,51.3206923],[9.4521926,51.3206486],[9.4523909,51.3205655],[9.4525008,51.320517],[9.4527966,51.3203696]]}},{"type":"Feature","properties":{"way_id":222780252,"route_colors":["#00a5df"],"route_refs":["8"]},"geometry":{"type":"LineString","coordinates":[[9.4527966,51.3203696],[9.4532299,51.3201455]]}},{"type":"Feature","properties":{"way_id":222780251,"route_colors":["#00a5df"],"route_refs":["8"]},"geometry":{"type":"LineString","coordinates":[[9.4532299,51.3201455],[9.4538168,51.3198225],[9.4540391,51.3196952],[9.4551817,51.3190359],[9.4553055,51.3189684],[9.4554267,51.3189221],[9.4555502,51.3188901],[9.4556454,51.3188747],[9.4557597,51.3188667],[9.4558588,51.3188598],[9.4562991,51.3188293],[9.4571651,51.3187776],[9.4603445,51.318583],[9.4605122,51.3185704],[9.4605985,51.3185574],[9.460658,51.3185337],[9.4607027,51.3185078],[9.4607153,51.3184971],[9.4607189,51.3184938],[9.4607372,51.3184794],[9.4607707,51.3184395],[9.4607873,51.3184104],[9.460799,51.3183583],[9.4607993,51.318284],[9.4607997,51.3182048],[9.4608061,51.318163],[9.4608193,51.3181317],[9.4608371,51.3180989],[9.4608486,51.3180857],[9.4608561,51.3180772],[9.4608952,51.3180432],[9.462322,51.3171809],[9.4623502,51.3171638],[9.4625174,51.3170628],[9.4634736,51.3164849],[9.4637557,51.3163121],[9.4639574,51.3161982],[9.4640364,51.3161634],[9.4641196,51.316135],[9.4642007,51.3161136],[9.4643182,51.3160943],[9.4644217,51.3160854]]}},{"type":"Feature","properties":{"way_id":577830272,"route_colors":["#00a5df"],"route_refs":["8"]},"geometry":{"type":"LineString","coordinates":[[9.4609543,51.3181739],[9.4609557,51.3184267],[9.4610008,51.3184266],[9.4610007,51.3184036],[9.4609994,51.3181807],[9.4609991,51.318119],[9.4609606,51.3181164],[9.4609543,51.3181739]]}},{"type":"Feature","properties":{"way_id":386580391,"route_colors":["#00a5df"],"route_refs":["8"]},"geometry":{"type":"LineString","coordinates":[[9.4563223,51.3188796],[9.4559657,51.3189009],[9.4558678,51.3189068],[9.4556933,51.3189173],[9.4556378,51.3189224]]}},{"type":"Feature","properties":{"way_id":167785881,"route_colors":["#00a5df"],"route_refs":["8"]},"geometry":{"type":"LineString","coordinates":[[9.4500166,51.3215737],[9.4501354,51.321459],[9.4501847,51.3214138],[9.4503764,51.3212379],[9.4504407,51.3211851],[9.4505135,51.3211422],[9.4506033,51.3210927],[9.4506942,51.3210564],[9.4508085,51.321022],[9.4509367,51.3209949],[9.4510554,51.3209718],[9.4511729,51.3209511]]}},{"type":"Feature","properties":{"way_id":377544030,"route_colors":["#00a5df"],"route_refs":["8"]},"geometry":{"type":"LineString","coordinates":[[9.4468214,51.3227763],[9.446852,51.3228229],[9.44645,51.3229258],[9.4464344,51.322902],[9.4464194,51.3228792],[9.4466783,51.3228129],[9.4468214,51.3227763]]}},{"type":"Feature","properties":{"way_id":572396584,"route_colors":["#00a5df"],"route_refs":["8"]},"geometry":{"type":"LineString","coordinates":[[9.4390891,51.3241446],[9.4395773,51.3240717],[9.4395822,51.3240846],[9.4395851,51.3240921],[9.4390964,51.324165],[9.4390945,51.3241596],[9.4390891,51.3241446]]}},{"type":"Feature","properties":{"way_id":167602923,"route_colors":["#00a5df"],"route_refs":["8"]},"geometry":{"type":"LineString","coordinates":[[9.4347122,51.3247839],[9.4352207,51.3247058],[9.4352801,51.3246978]]}},{"type":"Feature","properties":{"way_id":577830276,"route_colors":["#00a5df"],"route_refs":["8"]},"geometry":{"type":"LineString","coordinates":[[9.430236,51.3252346],[9.4302412,51.3252582],[9.4302438,51.32527],[9.4307688,51.3252252],[9.4307655,51.3252102],[9.430761,51.3251897],[9.430236,51.3252346]]}},{"type":"Feature","properties":{"way_id":157247165,"route_colors":["#00a5df"],"route_refs":["8"]},"geometry":{"type":"LineString","coordinates":[[9.4644499,51.3161128],[9.4643226,51.3161239],[9.4642246,51.316141],[9.4641324,51.3161625],[9.4640521,51.3161908],[9.4638086,51.31632],[9.4635475,51.31647],[9.4625432,51.3170802],[9.4623772,51.3171811],[9.4623048,51.3172251]]}},{"type":"Feature","properties":{"way_id":188637358,"route_colors":["#00a5df"],"route_refs":["8"]},"geometry":{"type":"LineString","coordinates":[[9.4623048,51.3172251],[9.4612283,51.3178858],[9.4609665,51.3180431],[9.4608986,51.3180863],[9.4608715,51.3181209],[9.4608534,51.3181615],[9.4608519,51.3182842],[9.4608515,51.3183867],[9.4608465,51.3184183],[9.4608281,51.318462],[9.460808,51.3184909],[9.4607747,51.3185216],[9.4607152,51.31856],[9.4606417,51.3185792],[9.4605547,51.3185921],[9.4604992,51.3185991],[9.4560579,51.3188742],[9.4558639,51.3188865],[9.4558036,51.3188903],[9.4556764,51.3188988],[9.4555839,51.31891],[9.4555048,51.3189295],[9.455413,51.3189579],[9.4553258,51.3189935],[9.4552092,51.319058],[9.4540738,51.3197181],[9.4538775,51.319829],[9.4538401,51.3198507],[9.4534148,51.320088],[9.4532784,51.32016]]}},{"type":"Feature","properties":{"way_id":222780249,"route_colors":["#00a5df"],"route_refs":["8"]},"geometry":{"type":"LineString","coordinates":[[9.4532784,51.32016],[9.4528493,51.3203832]]}},{"type":"Feature","properties":{"way_id":403376513,"route_colors":["#00a5df"],"route_refs":["8"]},"geometry":{"type":"LineString","coordinates":[[9.4528493,51.3203832],[9.4526305,51.3204914],[9.4524509,51.3205738],[9.4522037,51.3206739],[9.4519847,51.3207521]]}},{"type":"Feature","properties":{"way_id":573347414,"route_colors":["#00a5df"],"route_refs":["8"]},"geometry":{"type":"LineString","coordinates":[[9.4519847,51.3207521],[9.4518628,51.3207853],[9.4517744,51.3208057],[9.4515942,51.3208415],[9.4515411,51.3208524],[9.4514496,51.3208712]]}},{"type":"Feature","properties":{"way_id":222780250,"route_colors":["#00a5df"],"route_refs":["8"]},"geometry":{"type":"LineString","coordinates":[[9.4514496,51.3208712],[9.4512761,51.320905],[9.4511981,51.3209198],[9.45116,51.3209264],[9.4507963,51.3209976],[9.4507139,51.3210228],[9.4506287,51.321056],[9.4505393,51.3210974],[9.4504647,51.3211399],[9.4504054,51.3211836],[9.4502092,51.3213553],[9.4499886,51.3215628],[9.4499588,51.3215908],[9.4498899,51.3216541],[9.4498075,51.3217478],[9.4497484,51.3218488],[9.4497077,51.3219328],[9.4496812,51.3220107],[9.4496456,51.3221306],[9.4496284,51.3221795],[9.4495967,51.3222268],[9.449568,51.3222735]]}},{"type":"Feature","properties":{"way_id":403376512,"route_colors":["#00a5df"],"route_refs":["8"]},"geometry":{"type":"LineString","coordinates":[[9.449568,51.3222735],[9.4495292,51.3223102],[9.4495085,51.3223268]]}},{"type":"Feature","properties":{"way_id":403376514,"route_colors":["#00a5df"],"route_refs":["8"]},"geometry":{"type":"LineString","coordinates":[[9.4495085,51.3223268],[9.449499,51.3223365],[9.4494544,51.3223535],[9.4493691,51.3223759],[9.4492804,51.3223966],[9.4491462,51.3224217]]}},{"type":"Feature","properties":{"way_id":378309985,"route_colors":["#00a5df"],"route_refs":["8"]},"geometry":{"type":"LineString","coordinates":[[9.4475606,51.3226075],[9.4474612,51.3226209],[9.4473618,51.322636],[9.4472401,51.3226567],[9.4468028,51.3227648]]}},{"type":"Feature","properties":{"way_id":378309988,"route_colors":["#00a5df"],"route_refs":["8"]},"geometry":{"type":"LineString","coordinates":[[9.4468028,51.3227648],[9.4464395,51.3228645],[9.4460253,51.3229801],[9.4457717,51.3230474],[9.4454969,51.3231113],[9.4452847,51.3231481]]}},{"type":"Feature","properties":{"way_id":167602936,"route_colors":["#00a5df"],"route_refs":["8"]},"geometry":{"type":"LineString","coordinates":[[9.440108,51.3239522],[9.4399846,51.3239824],[9.4398778,51.3240076],[9.4398194,51.3240196],[9.4395939,51.3240536],[9.4393132,51.3240959],[9.4390102,51.3241415],[9.4389305,51.3241535],[9.4388631,51.3241604],[9.4387946,51.3241666],[9.4386933,51.3241711],[9.4386017,51.3241793]]}},{"type":"Feature","properties":{"way_id":188637354,"route_colors":["#00a5df"],"route_refs":["8"]},"geometry":{"type":"LineString","coordinates":[[9.4263645,51.3255722],[9.425876,51.3256159]]}},{"type":"Feature","properties":{"way_id":157070311,"route_colors":["#95c11f","#8a4f38"],"route_refs":["3","6"]},"geometry":{"type":"LineString","coordinates":[[9.5175179,51.3391921],[9.5174694,51.3392021],[9.517204,51.3392568],[9.5170432,51.33929],[9.5170205,51.3392919],[9.5170064,51.3392339],[9.5170044,51.3392165],[9.51744,51.3391781],[9.517514,51.3391739],[9.517516,51.3391834],[9.5175179,51.3391921]]}},{"type":"Feature","properties":{"way_id":59486213,"route_colors":["#95c11f","#8a4f38"],"route_refs":["3","6"]},"geometry":{"type":"LineString","coordinates":[[9.5155758,51.3380126],[9.5158824,51.3383663],[9.5158535,51.3383761],[9.5155468,51.3380224],[9.5155589,51.3380183],[9.5155758,51.3380126]]}},{"type":"Feature","properties":{"way_id":59486209,"route_colors":["#95c11f","#8a4f38"],"route_refs":["3","6"]},"geometry":{"type":"LineString","coordinates":[[9.513506,51.335176],[9.51348,51.3346024],[9.5134501,51.3346029],[9.5134761,51.3351765],[9.513492,51.3351762],[9.513506,51.335176]]}},{"type":"Feature","properties":{"way_id":59486199,"route_colors":["#95c11f","#8a4f38"],"route_refs":["3","6"]},"geometry":{"type":"LineString","coordinates":[[9.5132993,51.3308388],[9.5133189,51.3313374]]}},{"type":"Feature","properties":{"way_id":192217434,"route_colors":["#95c11f"],"route_refs":["3"]},"geometry":{"type":"LineString","coordinates":[[9.5113167,51.330243],[9.5113007,51.3302469],[9.5114776,51.3305731],[9.5114861,51.3305888],[9.5115012,51.3306081],[9.5115234,51.3306064],[9.5115232,51.3305938],[9.511506,51.3305666],[9.5114964,51.3305514],[9.5113167,51.330243]]}},{"type":"Feature","properties":{"way_id":157071897,"route_colors":["#95c11f"],"route_refs":["3"]},"geometry":{"type":"LineString","coordinates":[[9.5097494,51.3274751],[9.5096942,51.3271088],[9.5096901,51.3270795],[9.5096492,51.3270819],[9.5096535,51.3271127],[9.5096978,51.3274406],[9.5097136,51.3274769],[9.5097494,51.3274751]]}},{"type":"Feature","properties":{"way_id":618000793,"route_colors":["#95c11f"],"route_refs":["3"]},"geometry":{"type":"LineString","coordinates":[[9.5097018,51.3251408],[9.5096902,51.3251168],[9.5095512,51.3251431],[9.5093429,51.3251826],[9.5093525,51.3252023],[9.5094663,51.3251808],[9.5095583,51.3251634],[9.5095699,51.3251874],[9.5096601,51.3251703],[9.5096505,51.3251505],[9.5097018,51.3251408]]}},{"type":"Feature","properties":{"way_id":246015629,"route_colors":["#95c11f","#00954b"],"route_refs":["3","1"]},"geometry":{"type":"LineString","coordinates":[[9.4818589,51.311761],[9.4830534,51.3117094]]}},{"type":"Feature","properties":{"way_id":188813327,"route_colors":["#95c11f","#00954b"],"route_refs":["3","1"]},"geometry":{"type":"LineString","coordinates":[[9.4738904,51.3121771],[9.4739379,51.3121748],[9.4749358,51.3121274],[9.4749798,51.3121253],[9.4749771,51.3121034],[9.474933,51.3121055],[9.4739352,51.3121528],[9.4738877,51.312155],[9.4738904,51.3121771]]}},{"type":"Feature","properties":{"way_id":59117371,"route_colors":["#95c11f"],"route_refs":["3"]},"geometry":{"type":"LineString","coordinates":[[9.4477883,51.3132111],[9.4477404,51.313171],[9.4472184,51.3131937],[9.4465914,51.3132249],[9.4464893,51.3132305],[9.4464627,51.3132746],[9.4465953,51.3132687],[9.4472226,51.3132384],[9.4477883,51.3132111]]}},{"type":"Feature","properties":{"way_id":290576687,"route_colors":["#95c11f","#8a4f38"],"route_refs":["3","6"]},"geometry":{"type":"LineString","coordinates":[[9.5170415,51.3392004],[9.5169785,51.3392048],[9.5169089,51.3392073],[9.5168699,51.3392069],[9.5168287,51.3392049],[9.516793,51.3391997],[9.516765,51.339194],[9.5167259,51.3391811],[9.5166838,51.3391627],[9.5166547,51.3391451],[9.516628,51.3391227],[9.5165599,51.3390499]]}},{"type":"Feature","properties":{"way_id":229100496,"route_colors":["#95c11f","#8a4f38"],"route_refs":["3","6"]},"geometry":{"type":"LineString","coordinates":[[9.5165599,51.3390499],[9.5163175,51.3387714],[9.51626,51.3387104],[9.5161984,51.3386516],[9.5160955,51.3385587],[9.5160099,51.3384738],[9.5159657,51.3384317],[9.5159085,51.3383706],[9.5156759,51.3381093],[9.5155569,51.3379717],[9.5154733,51.3378775],[9.5137767,51.3359492],[9.5137222,51.3358819],[9.5136726,51.3358131],[9.5136286,51.3357406],[9.5135906,51.3356563],[9.5135642,51.3355742],[9.5135475,51.335499],[9.5135363,51.3354186],[9.5135329,51.3353478],[9.5135295,51.3352503],[9.513527,51.3351919],[9.5135059,51.3347294],[9.5134778,51.3341202],[9.5134572,51.3336893],[9.5134545,51.3336189],[9.5134041,51.3324956],[9.5133617,51.3316471],[9.5133483,51.331311],[9.5133387,51.3310205],[9.5133323,51.3308385],[9.5133316,51.3308131]]}},{"type":"Feature","properties":{"way_id":186820601,"route_colors":["#95c11f"],"route_refs":["3"]},"geometry":{"type":"LineString","coordinates":[[9.5133316,51.3308131],[9.5133304,51.3307921],[9.513328,51.3307724],[9.513325,51.3307553],[9.5133184,51.3307343],[9.513306,51.3307158],[9.5132877,51.3306951],[9.5132683,51.3306792],[9.5132483,51.3306642],[9.5132201,51.3306433],[9.5131893,51.3306298],[9.5131593,51.3306168],[9.5131288,51.3306065],[9.5131038,51.3305997],[9.513071,51.3305924],[9.5130356,51.3305877],[9.5130015,51.3305854],[9.5129714,51.3305857],[9.5129415,51.3305877]]}},{"type":"Feature","properties":{"way_id":427113530,"route_colors":["#95c11f"],"route_refs":["3"]},"geometry":{"type":"LineString","coordinates":[[9.5129415,51.3305877],[9.5129121,51.3305908],[9.5124226,51.3306532]]}},{"type":"Feature","properties":{"way_id":229100494,"route_colors":["#95c11f"],"route_refs":["3"]},"geometry":{"type":"LineString","coordinates":[[9.5099095,51.3278282],[9.5100268,51.3280235],[9.5101467,51.3282353],[9.5103341,51.3285569],[9.5105221,51.3288759],[9.5108701,51.3294556],[9.5108991,51.3295023],[9.5109375,51.3295673],[9.5110447,51.3297503],[9.5110824,51.3298161],[9.5113355,51.3302503],[9.5114126,51.330379],[9.5115002,51.3305206],[9.5115282,51.3305617],[9.5115539,51.3305898],[9.5115787,51.3306121],[9.5116146,51.3306371],[9.5116507,51.3306565],[9.511688,51.3306733],[9.5117311,51.3306892],[9.5117737,51.3306997],[9.5118181,51.3307085],[9.5118635,51.330713],[9.5119114,51.3307139],[9.5119581,51.3307131],[9.5120082,51.3307083],[9.5124226,51.3306532]]}},{"type":"Feature","properties":{"way_id":229100491,"route_colors":["#95c11f"],"route_refs":["3"]},"geometry":{"type":"LineString","coordinates":[[9.5099095,51.3278282],[9.5098595,51.3277417],[9.509834,51.327692],[9.5098155,51.3276465],[9.5098022,51.3276083],[9.5097916,51.3275747],[9.5097813,51.3275326],[9.5097714,51.3274841],[9.5097221,51.3271898],[9.5097085,51.3271074],[9.5097012,51.3270671],[9.5096781,51.32692],[9.509661,51.3268111],[9.5096315,51.3266565]]}},{"type":"Feature","properties":{"way_id":229100492,"route_colors":["#95c11f"],"route_refs":["3"]},"geometry":{"type":"LineString","coordinates":[[9.5126386,51.3246548],[9.512402,51.3247007],[9.5113845,51.3248908],[9.5107251,51.3250145],[9.5096666,51.3252144],[9.5094565,51.3252561],[9.5093651,51.3252768],[9.509299,51.3252993],[9.5092335,51.3253312],[9.5091889,51.3253638],[9.5091532,51.3253993],[9.5091314,51.3254364],[9.5091164,51.3254727],[9.5091096,51.3255081],[9.5091111,51.325549],[9.509122,51.3255893],[9.5091389,51.3256301],[9.5093695,51.3261038],[9.5096255,51.3266421],[9.5096315,51.3266565]]}},{"type":"Feature","properties":{"way_id":229100498,"route_colors":["#95c11f"],"route_refs":["3"]},"geometry":{"type":"LineString","coordinates":[[9.5126386,51.3246548],[9.5126818,51.3246457],[9.5127184,51.3246372],[9.5127555,51.3246263],[9.5127924,51.3246121],[9.5128338,51.3245904],[9.5128664,51.3245672],[9.5128987,51.3245414],[9.5129282,51.3245144],[9.5129535,51.3244853],[9.5129768,51.3244487],[9.5129938,51.3244136],[9.5130055,51.3243787],[9.5130091,51.3243512],[9.5130087,51.3243278]]}},{"type":"Feature","properties":{"way_id":404545620,"route_colors":["#95c11f","#8a4f38"],"route_refs":["3","6"]},"geometry":{"type":"LineString","coordinates":[[9.5130087,51.3243278],[9.5130082,51.3243016],[9.5130049,51.3242052],[9.5130047,51.3242016],[9.512996,51.3240541],[9.5129932,51.3239056],[9.5129908,51.3235827],[9.5129875,51.3235227],[9.5129844,51.323486],[9.5129781,51.3234499],[9.51297,51.3234134],[9.5129454,51.323338],[9.5128981,51.3232447],[9.5128798,51.3232087]]}},{"type":"Feature","properties":{"way_id":1504648325,"route_colors":["#95c11f","#00954b","#7f5ca3","#8a4f38"],"route_refs":["3","1","5","6"]},"geometry":{"type":"LineString","coordinates":[[9.4923738,51.3124329],[9.4923492,51.3124182],[9.4920692,51.3122496],[9.4918293,51.312105],[9.4918168,51.312097]]}},{"type":"Feature","properties":{"way_id":1504648328,"route_colors":["#95c11f","#00954b"],"route_refs":["3","1"]},"geometry":{"type":"LineString","coordinates":[[9.4918168,51.312097],[9.4918023,51.3120886]]}},{"type":"Feature","properties":{"way_id":185321660,"route_colors":["#95c11f","#00954b"],"route_refs":["3","1"]},"geometry":{"type":"LineString","coordinates":[[9.4918023,51.3120886],[9.4916898,51.3120234],[9.4916787,51.3120175],[9.4916021,51.3119741],[9.4915836,51.3119633],[9.4915658,51.3119535],[9.4914926,51.3119139],[9.4914724,51.3119023],[9.4914421,51.3118853],[9.4913089,51.311808]]}},{"type":"Feature","properties":{"way_id":185321661,"route_colors":["#95c11f","#00954b"],"route_refs":["3","1"]},"geometry":{"type":"LineString","coordinates":[[9.4913089,51.311808],[9.4909616,51.311595],[9.4907788,51.3114841],[9.4906889,51.3114332],[9.490611,51.3114027],[9.4905316,51.3113764],[9.4904957,51.3113666],[9.4904751,51.311361],[9.4904138,51.3113483],[9.4903443,51.3113382],[9.4902766,51.3113318],[9.4902019,51.3113295],[9.490096,51.3113305],[9.4894155,51.3113645],[9.4866874,51.3115007],[9.4830503,51.3116823],[9.4826168,51.3117038],[9.4818571,51.3117421],[9.4800606,51.3118328],[9.4763891,51.3120181],[9.4761377,51.3120308],[9.4749312,51.312092],[9.4741842,51.3121299],[9.473934,51.3121427],[9.4720381,51.3122385],[9.4714477,51.3122657],[9.4711771,51.3122782],[9.4708677,51.3122964],[9.4707222,51.3123049],[9.4671583,51.3124795],[9.4666122,51.3125074],[9.4662459,51.3125254],[9.4661263,51.3125312],[9.4660326,51.3125358],[9.4657538,51.3125498]]}},{"type":"Feature","properties":{"way_id":425870265,"route_colors":["#95c11f","#00954b"],"route_refs":["3","1"]},"geometry":{"type":"LineString","coordinates":[[9.4487236,51.3133931],[9.4485924,51.3133989],[9.4484607,51.3133958],[9.4483893,51.3133792],[9.4483317,51.3133575],[9.448245,51.3133114],[9.4482313,51.3133027],[9.4481911,51.3132809],[9.4481627,51.3132655]]}},{"type":"Feature","properties":{"way_id":50303482,"route_colors":["#95c11f","#00954b"],"route_refs":["3","1"]},"geometry":{"type":"LineString","coordinates":[[9.4481627,51.3132655],[9.4480429,51.3132025],[9.4480056,51.3131855],[9.447955,51.3131707],[9.4478981,51.3131602],[9.447829,51.3131565]]}},{"type":"Feature","properties":{"way_id":368803350,"route_colors":["#95c11f","#00954b"],"route_refs":["3","1"]},"geometry":{"type":"LineString","coordinates":[[9.447829,51.3131565],[9.4472176,51.3131853],[9.4468516,51.3132025]]}},{"type":"Feature","properties":{"way_id":157151792,"route_colors":["#95c11f","#00954b"],"route_refs":["3","1"]},"geometry":{"type":"LineString","coordinates":[[9.4468516,51.3132025],[9.4465866,51.3132146],[9.4464517,51.3132205]]}},{"type":"Feature","properties":{"way_id":368803347,"route_colors":["#95c11f","#00954b"],"route_refs":["3","1"]},"geometry":{"type":"LineString","coordinates":[[9.4464517,51.3132205],[9.446329,51.3132267],[9.4462999,51.3132312],[9.4462445,51.3132405],[9.4461948,51.3132533],[9.4461383,51.3132749],[9.4460093,51.3133484],[9.4460015,51.3133528]]}},{"type":"Feature","properties":{"way_id":290705494,"route_colors":["#95c11f","#7f5ca3","#0069b4"],"route_refs":["3","5","2"]},"geometry":{"type":"LineString","coordinates":[[9.4413585,51.2721102],[9.4418962,51.2724364],[9.4419435,51.2724625],[9.442064,51.2725747],[9.4421489,51.2726829],[9.4422381,51.2728189],[9.442266,51.2728615],[9.442299,51.272853],[9.4422747,51.2728131],[9.4421916,51.2726769],[9.4421037,51.2725661],[9.4419716,51.2724448],[9.4419212,51.2724146],[9.4413845,51.2720926],[9.4413585,51.2721102]]}},{"type":"Feature","properties":{"way_id":290705478,"route_colors":["#95c11f","#7f5ca3","#0069b4"],"route_refs":["3","5","2"]},"geometry":{"type":"LineString","coordinates":[[9.4450401,51.2742709],[9.4453312,51.2745435]]}},{"type":"Feature","properties":{"way_id":290705498,"route_colors":["#95c11f","#8a4f38","#0069b4"],"route_refs":["3","6","2"]},"geometry":{"type":"LineString","coordinates":[[9.4483463,51.2776819],[9.4481766,51.2779813]]}},{"type":"Feature","properties":{"way_id":422101636,"route_colors":["#95c11f","#8a4f38","#0069b4"],"route_refs":["3","6","2"]},"geometry":{"type":"LineString","coordinates":[[9.4464734,51.2804584],[9.4461786,51.2808357]]}},{"type":"Feature","properties":{"way_id":290705499,"route_colors":["#95c11f","#8a4f38","#0069b4"],"route_refs":["3","6","2"]},"geometry":{"type":"LineString","coordinates":[[9.4451246,51.2821617],[9.44516,51.2821724],[9.4451783,51.282178],[9.4451621,51.2821989],[9.4448491,51.2826017],[9.444832,51.2825965],[9.4447954,51.2825854],[9.4448002,51.2825791],[9.4451077,51.2821834],[9.4451246,51.2821617]]}},{"type":"Feature","properties":{"way_id":290705492,"route_colors":["#95c11f"],"route_refs":["3"]},"geometry":{"type":"LineString","coordinates":[[9.4494981,51.285575],[9.4497413,51.2859515]]}},{"type":"Feature","properties":{"way_id":290705484,"route_colors":["#95c11f"],"route_refs":["3"]},"geometry":{"type":"LineString","coordinates":[[9.4513742,51.2887701],[9.4518444,51.2890871]]}},{"type":"Feature","properties":{"way_id":157285841,"route_colors":["#95c11f"],"route_refs":["3"]},"geometry":{"type":"LineString","coordinates":[[9.4539014,51.2920677],[9.4538292,51.2916249]]}},{"type":"Feature","properties":{"way_id":157056929,"route_colors":["#95c11f"],"route_refs":["3"]},"geometry":{"type":"LineString","coordinates":[[9.4524819,51.2957759],[9.4527767,51.2953551]]}},{"type":"Feature","properties":{"way_id":157285842,"route_colors":["#95c11f"],"route_refs":["3"]},"geometry":{"type":"LineString","coordinates":[[9.4500765,51.2985907],[9.4501089,51.2985423],[9.4503136,51.2982368]]}},{"type":"Feature","properties":{"way_id":290705487,"route_colors":["#95c11f"],"route_refs":["3"]},"geometry":{"type":"LineString","coordinates":[[9.4482832,51.30179],[9.4479834,51.3021934]]}},{"type":"Feature","properties":{"way_id":233183791,"route_colors":["#95c11f"],"route_refs":["3"]},"geometry":{"type":"LineString","coordinates":[[9.4456119,51.3045676],[9.4455997,51.3047685],[9.4455961,51.3050008]]}},{"type":"Feature","properties":{"way_id":265784968,"route_colors":["#95c11f"],"route_refs":["3"]},"geometry":{"type":"LineString","coordinates":[[9.4447098,51.3083282],[9.4446878,51.3083225],[9.4446666,51.308317],[9.4449767,51.3078507],[9.4449987,51.3078564],[9.4450199,51.3078619],[9.4447098,51.3083282]]}},{"type":"Feature","properties":{"way_id":287720377,"route_colors":["#95c11f"],"route_refs":["3"]},"geometry":{"type":"LineString","coordinates":[[9.4415615,51.3112145],[9.4415454,51.3112074],[9.4415306,51.3112008],[9.4419164,51.310862],[9.4419323,51.3108691],[9.4419473,51.3108758],[9.4415615,51.3112145]]}},{"type":"Feature","properties":{"way_id":157151795,"route_colors":["#95c11f","#00954b"],"route_refs":["3","1"]},"geometry":{"type":"LineString","coordinates":[[9.4464829,51.3131334],[9.4464324,51.3131791],[9.4465671,51.3131727],[9.4472134,51.3131417],[9.4477745,51.3131149],[9.4477173,51.3130763],[9.4472092,51.3130983],[9.4465467,51.3131289],[9.4464829,51.3131334]]}},{"type":"Feature","properties":{"way_id":188811079,"route_colors":["#95c11f","#00954b"],"route_refs":["3","1"]},"geometry":{"type":"LineString","coordinates":[[9.4578048,51.3129035],[9.4578452,51.3129016],[9.4590488,51.3128428],[9.4590985,51.3128404],[9.4590957,51.3128153],[9.4590455,51.3128179],[9.457842,51.3128776],[9.4578026,51.3128796],[9.4578048,51.3129035]]}},{"type":"Feature","properties":{"way_id":180750001,"route_colors":["#95c11f","#00954b"],"route_refs":["3","1"]},"geometry":{"type":"LineString","coordinates":[[9.4643195,51.312584],[9.4643739,51.3125813],[9.4649189,51.3125541],[9.4655572,51.3125222],[9.4657509,51.3125126],[9.4657496,51.3124959],[9.4657319,51.3124905],[9.4657069,51.312484],[9.4656674,51.3124807],[9.4655525,51.3124871],[9.4650805,51.3125131],[9.4649555,51.3125275],[9.4649154,51.3125297],[9.4643717,51.3125597],[9.464317,51.3125627],[9.4643195,51.312584]]}},{"type":"Feature","properties":{"way_id":188813328,"route_colors":["#95c11f","#00954b"],"route_refs":["3","1"]},"geometry":{"type":"LineString","coordinates":[[9.4738819,51.31211],[9.4739297,51.3121077],[9.474927,51.3120599],[9.4749703,51.3120578],[9.4749673,51.3120331],[9.4749238,51.3120352],[9.4739266,51.3120829],[9.4738789,51.3120852],[9.4738819,51.31211]]}},{"type":"Feature","properties":{"way_id":246015627,"route_colors":["#95c11f","#00954b"],"route_refs":["3","1"]},"geometry":{"type":"LineString","coordinates":[[9.4818519,51.3116876],[9.4830443,51.3116366]]}},{"type":"Feature","properties":{"way_id":186941214,"route_colors":["#95c11f","#8a4f38"],"route_refs":["3","6"]},"geometry":{"type":"LineString","coordinates":[[9.5086493,51.3187716],[9.50807,51.31824],[9.508088,51.3182332],[9.5086868,51.3187568],[9.5086651,51.3187653],[9.5086493,51.3187716]]}},{"type":"Feature","properties":{"way_id":290576688,"route_colors":["#95c11f","#8a4f38"],"route_refs":["3","6"]},"geometry":{"type":"LineString","coordinates":[[9.5124328,51.322564],[9.5124549,51.3225559],[9.5124799,51.3225466],[9.5126742,51.3227557],[9.5127644,51.3228602],[9.5128804,51.323004],[9.5129813,51.323148],[9.5129511,51.323156],[9.5129205,51.323164],[9.5128203,51.323021],[9.5127058,51.3228766],[9.5126215,51.3227709],[9.5124328,51.322564]]}},{"type":"Feature","properties":{"way_id":618000796,"route_colors":["#95c11f"],"route_refs":["3"]},"geometry":{"type":"LineString","coordinates":[[9.5095388,51.3252977],[9.5095528,51.3252953],[9.5095691,51.3253209],[9.5096067,51.3253142],[9.5095939,51.3252883],[9.5096831,51.3252692],[9.5097518,51.3253006],[9.5097599,51.3252917],[9.5096835,51.325257],[9.5094876,51.3252945],[9.5094957,51.3253075],[9.5095388,51.3252977]]}},{"type":"Feature","properties":{"way_id":157071900,"route_colors":["#95c11f"],"route_refs":["3"]},"geometry":{"type":"LineString","coordinates":[[9.5098232,51.3274697],[9.5097654,51.3271023],[9.509762,51.3270763],[9.5098093,51.3270734],[9.5098129,51.3270974],[9.5098705,51.3274668],[9.5098232,51.3274697]]}},{"type":"Feature","properties":{"way_id":192234620,"route_colors":["#95c11f"],"route_refs":["3"]},"geometry":{"type":"LineString","coordinates":[[9.5115453,51.3305575],[9.5114464,51.3303994],[9.5113629,51.3302511],[9.511383,51.3302459],[9.5115668,51.3305526],[9.5115453,51.3305575]]}},{"type":"Feature","properties":{"way_id":59486201,"route_colors":["#95c11f","#8a4f38"],"route_refs":["3","6"]},"geometry":{"type":"LineString","coordinates":[[9.5134096,51.3308379],[9.5134205,51.3314228]]}},{"type":"Feature","properties":{"way_id":59486211,"route_colors":["#95c11f","#8a4f38"],"route_refs":["3","6"]},"geometry":{"type":"LineString","coordinates":[[9.5135822,51.3351746],[9.5135634,51.3347605],[9.5135974,51.3347599],[9.5136162,51.335174],[9.513599,51.3351743],[9.5135822,51.3351746]]}},{"type":"Feature","properties":{"way_id":59486224,"route_colors":["#95c11f","#8a4f38"],"route_refs":["3","6"]},"geometry":{"type":"LineString","coordinates":[[9.5159468,51.3383432],[9.515979,51.3383322],[9.5156686,51.3379792],[9.515655,51.3379839],[9.5156365,51.3379902],[9.5159468,51.3383432]]}},{"type":"Feature","properties":{"way_id":188642195,"route_colors":["#95c11f","#7f5ca3","#0069b4"],"route_refs":["3","5","2"]},"geometry":{"type":"LineString","coordinates":[[9.4421388,51.272689],[9.4422238,51.2728224],[9.4423205,51.2729714],[9.4423554,51.2730252],[9.4424111,51.2730863],[9.442477,51.2731498],[9.4425827,51.273225],[9.4427232,51.2732957],[9.44282,51.2733392],[9.4432221,51.2735075],[9.4434206,51.2735845],[9.443564,51.2736318],[9.4436383,51.2736559],[9.4437846,51.2737024],[9.4439698,51.2737521],[9.4445533,51.273898],[9.4446465,51.2739212],[9.4447259,51.2739539],[9.4447643,51.2739782],[9.4447894,51.2739977],[9.4448105,51.2740141],[9.4448684,51.2740902],[9.4449122,51.274158],[9.4449718,51.2742377],[9.4450373,51.2743067],[9.4451811,51.2744363],[9.4454907,51.2747267],[9.4463918,51.2755718],[9.4473037,51.2764278],[9.4474837,51.2765953],[9.4476788,51.2767556],[9.4478512,51.2768877],[9.4479974,51.2769914],[9.4482881,51.2771767],[9.448298,51.2771831]]}},{"type":"Feature","properties":{"way_id":22886143,"route_colors":["#95c11f","#0069b4"],"route_refs":["3","2"]},"geometry":{"type":"LineString","coordinates":[[9.448298,51.2771831],[9.4483569,51.2772318],[9.4484056,51.2772838],[9.4484199,51.2773099],[9.4484301,51.2773285],[9.4484438,51.2773811],[9.4484441,51.2774099],[9.4484412,51.2774487],[9.4484279,51.2774938],[9.4484076,51.2775311],[9.4483771,51.2775873],[9.4483679,51.2776039],[9.448335,51.2776626]]}},{"type":"Feature","properties":{"way_id":19785275,"route_colors":["#95c11f","#8a4f38","#0069b4"],"route_refs":["3","6","2"]},"geometry":{"type":"LineString","coordinates":[[9.448335,51.2776626],[9.4482396,51.2778267],[9.4480948,51.2780704],[9.4480334,51.2781511],[9.4479637,51.2782286],[9.4476168,51.2785546],[9.4475231,51.2786627],[9.4474677,51.2787482],[9.4474218,51.278824],[9.4473857,51.2789009],[9.447341,51.2790159],[9.4472934,51.2791383],[9.4472591,51.2792016],[9.447215,51.2792785],[9.4465867,51.2800861],[9.4465558,51.2801277],[9.4465405,51.2801656],[9.4465315,51.2802075],[9.4465256,51.2802376],[9.4465102,51.2803039],[9.4464854,51.2803697],[9.4464337,51.2804433],[9.4462624,51.2806683],[9.4461411,51.2808237],[9.4458798,51.2811585],[9.4457063,51.2813825],[9.4453354,51.2818614],[9.4450917,51.2821785],[9.4449046,51.282422]]}},{"type":"Feature","properties":{"way_id":621223165,"route_colors":["#95c11f"],"route_refs":["3"]},"geometry":{"type":"LineString","coordinates":[[9.4449046,51.282422],[9.4448099,51.2825452],[9.4447867,51.2825749],[9.4447289,51.2826486],[9.4446811,51.2827097]]}},{"type":"Feature","properties":{"way_id":185878835,"route_colors":["#95c11f"],"route_refs":["3"]},"geometry":{"type":"LineString","coordinates":[[9.4446811,51.2827097],[9.444464,51.2829906],[9.4442183,51.2833083],[9.4440537,51.283522],[9.4440117,51.2835803],[9.4439687,51.2836444],[9.4439288,51.2837158],[9.4438937,51.283793],[9.4438681,51.2838722],[9.443843,51.2839781],[9.4438325,51.2840807],[9.4438384,51.2841876],[9.4438466,51.2842414],[9.4438693,51.2843175],[9.4439077,51.2843848],[9.4439481,51.2844298],[9.4440164,51.2845033],[9.444079,51.2845531],[9.4441387,51.2845912],[9.4442432,51.2846474],[9.4443778,51.284699],[9.444469,51.2847267],[9.4445583,51.2847489],[9.4449543,51.2848344],[9.4453515,51.2849116],[9.4457796,51.2849898],[9.4462111,51.2850586],[9.4467531,51.2851361],[9.4471178,51.2851826],[9.4473374,51.2852034],[9.447562,51.2852189],[9.4484114,51.2852635],[9.448705,51.2852729],[9.448828,51.2852794],[9.4489409,51.2852961],[9.4490163,51.2853115],[9.4490925,51.2853314],[9.4491815,51.2853645],[9.4492682,51.285406],[9.4493459,51.2854577],[9.4494115,51.2855106],[9.4494749,51.2855828],[9.4495492,51.2856813],[9.4496255,51.2857925],[9.4497066,51.2859329],[9.4497173,51.2859581],[9.4497394,51.2860032],[9.4497644,51.2860717],[9.4497755,51.2861177],[9.4497804,51.28616],[9.4497807,51.286249],[9.4497687,51.286328],[9.449749,51.2864072],[9.449719,51.2865565],[9.4497061,51.286694],[9.4497069,51.2868376],[9.4497198,51.2869495],[9.4497397,51.2870444],[9.449776,51.2871798],[9.4498115,51.2872735],[9.4498488,51.2873708],[9.4498979,51.2874684],[9.4499537,51.2875676],[9.4499854,51.2876213],[9.4500231,51.2876745],[9.450109,51.2877925],[9.450212,51.2879121],[9.4503158,51.2880219],[9.4504844,51.2881762],[9.4505722,51.2882467],[9.4506662,51.2883152],[9.4511283,51.2886266],[9.4512239,51.2886905],[9.4513307,51.2887615],[9.4516374,51.2889655],[9.4518293,51.2890961],[9.4520813,51.2892675],[9.4523103,51.2894426],[9.4525276,51.2896266],[9.4526594,51.2897459],[9.4527882,51.2898697],[9.4529449,51.2900377],[9.453083,51.2902076],[9.4532165,51.2903797],[9.45334,51.2905645],[9.4533948,51.2906603],[9.4534813,51.2908117],[9.4535893,51.2910303],[9.4536393,51.291146],[9.4536776,51.2912589],[9.4537257,51.2914057],[9.453728,51.2914126],[9.4537582,51.2915048],[9.4537851,51.2915946],[9.4537916,51.2916266],[9.4538457,51.2918995],[9.4538689,51.2920695],[9.4538703,51.2920795],[9.4538844,51.2922383],[9.45389,51.2924066],[9.4538817,51.2925773],[9.453837,51.292872],[9.4537965,51.2930704],[9.4536894,51.293452],[9.4536286,51.2936239],[9.4535627,51.2937933],[9.4535031,51.2939353],[9.4534311,51.2940927],[9.4532732,51.2944056],[9.4530772,51.2947761],[9.4529779,51.2949627],[9.4528753,51.2951463],[9.4528191,51.2952335],[9.4527458,51.295346],[9.4525578,51.2956174],[9.4524484,51.2957655],[9.4523861,51.2958454],[9.4522683,51.2959862],[9.4521436,51.2961236],[9.4513709,51.2969643],[9.4512265,51.2971214],[9.4504925,51.2979629],[9.4502799,51.2982259],[9.4501241,51.2984448],[9.450041,51.2985709],[9.4500015,51.298638],[9.4499816,51.2986718],[9.4498707,51.2988749],[9.4497725,51.2990699],[9.449315,51.3001045],[9.4491816,51.3003932],[9.4490771,51.3005897],[9.4490638,51.3006118],[9.4489587,51.3007869],[9.4488268,51.3009887],[9.4485387,51.3013847],[9.4482457,51.3017778],[9.4480531,51.3020362],[9.4479323,51.3021772],[9.4477858,51.3023483],[9.4476161,51.3025306],[9.4474641,51.3026664],[9.4472904,51.3028083],[9.4470882,51.3029574],[9.4468737,51.303099],[9.4464425,51.3033774],[9.4462283,51.3035267],[9.446133,51.3036047],[9.4460444,51.303684],[9.4459241,51.3038108],[9.4458683,51.3038779],[9.4458215,51.3039427],[9.4457769,51.3040073],[9.4457361,51.304077],[9.4456797,51.3041906],[9.4456485,51.3042704],[9.4456202,51.3043508],[9.445587,51.3045206],[9.4455741,51.3046872],[9.4455687,51.3048446],[9.4455646,51.3050006],[9.44556,51.3051373],[9.445557,51.3052739],[9.4455219,51.30685],[9.4455179,51.3069048],[9.4454936,51.3069952],[9.4454574,51.3070656],[9.4454138,51.3071325],[9.4451552,51.3075274],[9.4451001,51.3076193],[9.4450307,51.3077198],[9.4449595,51.3078325],[9.4449482,51.3078503],[9.4447388,51.3081721],[9.4445581,51.3084491],[9.4445298,51.3084926],[9.4445049,51.3085312],[9.4444802,51.3085635],[9.4444384,51.3086068],[9.4444014,51.3086413],[9.4433666,51.3095697],[9.4433333,51.3095989],[9.4419147,51.3108423],[9.4416666,51.3110598],[9.4414958,51.3112095],[9.4414893,51.3112152],[9.4414479,51.3112606],[9.4414245,51.3112892],[9.441402,51.3113373],[9.4413931,51.3113823],[9.4413952,51.3114195],[9.441409,51.3114605],[9.441422,51.3114906],[9.4414463,51.311523],[9.4414651,51.3115468],[9.4414984,51.311578]]}},{"type":"Feature","properties":{"way_id":59053807,"route_colors":["#95c11f","#00954b"],"route_refs":["3","1"]},"geometry":{"type":"LineString","coordinates":[[9.4461101,51.3132497],[9.4461905,51.3132182],[9.44622,51.3132096],[9.446277,51.3131979],[9.4463332,51.3131934],[9.4464479,51.3131889]]}},{"type":"Feature","properties":{"way_id":157151805,"route_colors":["#95c11f","#00954b"],"route_refs":["3","1"]},"geometry":{"type":"LineString","coordinates":[[9.4464479,51.3131889],[9.4465712,51.3131816],[9.4472142,51.3131505],[9.4474537,51.3131401]]}},{"type":"Feature","properties":{"way_id":157151810,"route_colors":["#95c11f","#00954b"],"route_refs":["3","1"]},"geometry":{"type":"LineString","coordinates":[[9.4474537,51.3131401],[9.4478245,51.3131197]]}},{"type":"Feature","properties":{"way_id":368803351,"route_colors":["#95c11f","#00954b"],"route_refs":["3","1"]},"geometry":{"type":"LineString","coordinates":[[9.4478245,51.3131197],[9.4478858,51.3131232],[9.4479511,51.3131327],[9.4479964,51.3131431],[9.4480442,51.3131622]]}},{"type":"Feature","properties":{"way_id":24851877,"route_colors":["#95c11f","#00954b"],"route_refs":["3","1"]},"geometry":{"type":"LineString","coordinates":[[9.4530508,51.3131521],[9.4533796,51.313136],[9.4534638,51.3131319],[9.4538985,51.3131106],[9.455031,51.3130554],[9.4567293,51.3129721],[9.4578463,51.3129163],[9.4587759,51.3128704],[9.4590506,51.3128569],[9.4608047,51.3127702],[9.4609935,51.3127609],[9.4613019,51.3127457],[9.464375,51.3125925],[9.4652992,51.3125464],[9.465559,51.3125353],[9.4656747,51.3125306]]}},{"type":"Feature","properties":{"way_id":59140249,"route_colors":["#95c11f","#00954b"],"route_refs":["3","1"]},"geometry":{"type":"LineString","coordinates":[[9.4656747,51.3125306],[9.4660915,51.3125089],[9.4661802,51.3125043],[9.4666079,51.312482],[9.467158,51.312456],[9.4707198,51.3122854],[9.4708654,51.3122767],[9.4711587,51.3122591],[9.471445,51.3122444],[9.4720368,51.3122141],[9.473931,51.3121187],[9.4743634,51.3120969],[9.4749282,51.3120684],[9.4761323,51.3120076],[9.4763867,51.3119948],[9.4800582,51.3118079],[9.4818547,51.3117164],[9.4827982,51.3116684],[9.4830472,51.3116562],[9.4866843,51.3114746],[9.4894117,51.3113383],[9.4901719,51.3113004],[9.4902706,51.3113029],[9.4903823,51.3113163],[9.4904773,51.311332],[9.4905116,51.3113409],[9.4905662,51.3113551],[9.490653,51.3113844],[9.4907277,51.3114186],[9.4908078,51.3114607],[9.4909895,51.3115721],[9.4913719,51.3118063]]}},{"type":"Feature","properties":{"way_id":185321662,"route_colors":["#95c11f","#00954b"],"route_refs":["3","1"]},"geometry":{"type":"LineString","coordinates":[[9.4913719,51.3118063],[9.491473,51.3118666],[9.4915226,51.3118936],[9.4915978,51.311933],[9.4916155,51.311942],[9.4916353,51.311953],[9.4917128,51.3119948],[9.4917257,51.3120029],[9.4918138,51.3120544]]}},{"type":"Feature","properties":{"way_id":188637344,"route_colors":["#95c11f","#8a4f38"],"route_refs":["3","6"]},"geometry":{"type":"LineString","coordinates":[[9.5050173,51.3160442],[9.5050404,51.3160295],[9.5050648,51.3160151],[9.5050944,51.3159984],[9.5051152,51.3159885],[9.5051413,51.3159796],[9.5051585,51.3159743],[9.5051794,51.3159666],[9.5052128,51.3159577],[9.5052537,51.3159504],[9.5052897,51.3159473],[9.5053365,51.3159438],[9.5053883,51.315947],[9.5054234,51.3159493],[9.5054527,51.3159549],[9.5054875,51.3159631],[9.5055154,51.3159709],[9.5055195,51.3159716],[9.5055598,51.3159868],[9.5055931,51.3160018],[9.5056253,51.3160182],[9.5056642,51.3160397],[9.5056996,51.3160626],[9.5057311,51.3160873],[9.5068375,51.3171069],[9.507666,51.3178873],[9.5080588,51.3182494],[9.5085003,51.318653],[9.5086507,51.3187881],[9.5087424,51.318875],[9.5088729,51.3189955],[9.5089775,51.3190917],[9.5092031,51.3193014],[9.5096458,51.3197405],[9.5103385,51.3204466],[9.5109327,51.3210533],[9.5117197,51.3218559],[9.5121041,51.322244],[9.5122359,51.3223773],[9.5123967,51.3225483],[9.5126181,51.3227927],[9.5128069,51.3230245]]}},{"type":"Feature","properties":{"way_id":427113527,"route_colors":["#95c11f","#8a4f38"],"route_refs":["3","6"]},"geometry":{"type":"LineString","coordinates":[[9.5128069,51.3230245],[9.5128612,51.3231004]]}},{"type":"Feature","properties":{"way_id":22771995,"route_colors":["#95c11f","#8a4f38"],"route_refs":["3","6"]},"geometry":{"type":"LineString","coordinates":[[9.5128612,51.3231004],[9.5129205,51.3231843],[9.512926,51.3231927]]}},{"type":"Feature","properties":{"way_id":59015671,"route_colors":["#95c11f","#8a4f38"],"route_refs":["3","6"]},"geometry":{"type":"LineString","coordinates":[[9.512926,51.3231927],[9.5129493,51.3232295],[9.5129664,51.3232598],[9.5129815,51.3232881],[9.5129992,51.3233193],[9.5130291,51.3234106],[9.5130377,51.3234579]]}},{"type":"Feature","properties":{"way_id":427113525,"route_colors":["#95c11f","#8a4f38"],"route_refs":["3","6"]},"geometry":{"type":"LineString","coordinates":[[9.5130377,51.3234579],[9.5130403,51.3234868],[9.5130439,51.3235319]]}},{"type":"Feature","properties":{"way_id":22675472,"route_colors":["#95c11f","#8a4f38"],"route_refs":["3","6"]},"geometry":{"type":"LineString","coordinates":[[9.5130439,51.3235319],[9.5130455,51.3235837],[9.5130403,51.323907],[9.5130421,51.3240538],[9.5130468,51.3241988],[9.5130467,51.3242009],[9.5130566,51.3243269]]}},{"type":"Feature","properties":{"way_id":49277429,"route_colors":["#95c11f"],"route_refs":["3"]},"geometry":{"type":"LineString","coordinates":[[9.5130566,51.3243269],[9.5130572,51.3243515],[9.5130572,51.3243893],[9.5130533,51.3244194],[9.5130425,51.3244515],[9.5130344,51.3244668],[9.5130236,51.3244804],[9.5130042,51.3245023],[9.5129827,51.3245246],[9.512957,51.3245482],[9.5129298,51.3245676],[9.5128991,51.324586],[9.5128679,51.3246008],[9.5128354,51.3246132],[9.5127962,51.3246238],[9.5126386,51.3246548]]}},{"type":"Feature","properties":{"way_id":229100499,"route_colors":["#95c11f"],"route_refs":["3"]},"geometry":{"type":"LineString","coordinates":[[9.5096315,51.3266565],[9.509669,51.3267388],[9.5097048,51.3268451],[9.5097159,51.326894],[9.50975,51.327104],[9.5097954,51.3273925],[9.5098087,51.3274825],[9.5098156,51.3275309],[9.5098312,51.3276097],[9.5098397,51.327646],[9.509854,51.3276894],[9.509871,51.32774],[9.5098827,51.327771],[9.5098952,51.3277995],[9.5099095,51.3278282]]}},{"type":"Feature","properties":{"way_id":504191131,"route_colors":["#95c11f"],"route_refs":["3"]},"geometry":{"type":"LineString","coordinates":[[9.5124226,51.3306532],[9.5126422,51.330624]]}},{"type":"Feature","properties":{"way_id":1499462120,"route_colors":["#95c11f"],"route_refs":["3"]},"geometry":{"type":"LineString","coordinates":[[9.5126422,51.330624],[9.5129692,51.3305821]]}},{"type":"Feature","properties":{"way_id":229100500,"route_colors":["#95c11f"],"route_refs":["3"]},"geometry":{"type":"LineString","coordinates":[[9.5129692,51.3305821],[9.5130055,51.3305783],[9.5130413,51.3305762],[9.5130716,51.3305763],[9.5131019,51.3305787],[9.5131373,51.3305841],[9.5131792,51.3305935],[9.5132127,51.330604],[9.5132395,51.3306153],[9.5132481,51.3306196],[9.5132781,51.3306359],[9.5133081,51.3306568],[9.5133335,51.3306787],[9.5133549,51.3307065],[9.5133655,51.3307339],[9.5133701,51.3307528],[9.5133734,51.3307721],[9.5133751,51.3307915],[9.5133759,51.3308126]]}},{"type":"Feature","properties":{"way_id":191892358,"route_colors":["#95c11f","#8a4f38"],"route_refs":["3","6"]},"geometry":{"type":"LineString","coordinates":[[9.5133759,51.3308126],[9.5133772,51.3308386],[9.5133809,51.3310199],[9.5133928,51.3313104],[9.5134044,51.3316456],[9.5134396,51.3324945],[9.5134922,51.3336176],[9.513496,51.3336889],[9.5135148,51.33412],[9.5135407,51.3347292],[9.5135558,51.3350241],[9.5135619,51.3351919],[9.5135643,51.3352501],[9.5135682,51.3353461],[9.5135732,51.3354176],[9.5135828,51.3354965],[9.5135994,51.3355716],[9.5136275,51.3356522],[9.5136637,51.3357337],[9.5137076,51.3358059],[9.513755,51.3358691],[9.5138131,51.3359396],[9.5155092,51.3378654],[9.5155922,51.3379597],[9.5157967,51.3381919],[9.5159414,51.3383578],[9.5159972,51.3384236],[9.5160318,51.3384686],[9.5160955,51.3385587],[9.5161666,51.3386588],[9.5162169,51.3387238],[9.5162712,51.3387877],[9.5165185,51.339069],[9.5165805,51.3391389],[9.5166251,51.3391798],[9.5166766,51.339221],[9.5167371,51.3392518],[9.5167918,51.339275],[9.5168546,51.3392966],[9.5169008,51.3393113],[9.5169551,51.3393294],[9.5170086,51.3393527],[9.5170581,51.339381],[9.5171031,51.3394178],[9.517144,51.3394581],[9.5171802,51.3394931],[9.5172151,51.33952],[9.5172472,51.3395385],[9.5172851,51.3395543],[9.5173318,51.3395696],[9.5173873,51.3395808],[9.5174346,51.3395857],[9.5174885,51.3395868],[9.5175425,51.3395827],[9.5175964,51.3395758],[9.517642,51.339567],[9.5176835,51.3395551],[9.5177241,51.3395384],[9.5177615,51.3395174],[9.5177909,51.3394917],[9.5178157,51.3394617],[9.5178334,51.3394309],[9.5178436,51.339399],[9.5178454,51.339367],[9.5178411,51.3393346]]}},{"type":"Feature","properties":{"way_id":229100493,"route_colors":["#95c11f","#8a4f38"],"route_refs":["3","6"]},"geometry":{"type":"LineString","coordinates":[[9.5178411,51.3393346],[9.5178285,51.3393021],[9.5178098,51.339273],[9.5177846,51.339247],[9.5177551,51.3392249],[9.5177232,51.339206],[9.5176889,51.3391913],[9.5176531,51.339178],[9.5176121,51.3391682],[9.5175657,51.3391629],[9.5175128,51.3391618],[9.5174499,51.3391649],[9.5170415,51.3392004]]}},{"type":"Feature","properties":{"way_id":147990980,"route_colors":["#00954b"],"route_refs":["1"]},"geometry":{"type":"LineString","coordinates":[[9.472423,51.3721199],[9.4724087,51.372096],[9.4723633,51.3720202],[9.4722949,51.3718967],[9.4722285,51.3717762],[9.4721145,51.371551],[9.4721622,51.3715416],[9.4722762,51.3717668],[9.4723422,51.3718866],[9.4724106,51.37201],[9.4724563,51.3720864],[9.4724698,51.3721089],[9.472423,51.3721199]]}},{"type":"Feature","properties":{"way_id":147988995,"route_colors":["#00954b"],"route_refs":["1"]},"geometry":{"type":"LineString","coordinates":[[9.4706427,51.368436],[9.470699,51.3685759],[9.4707432,51.3686931],[9.4708063,51.3688509],[9.4708626,51.3689874],[9.470885,51.3690387],[9.4708908,51.3690518],[9.4708562,51.3690577],[9.470828,51.3689933],[9.4707716,51.3688565],[9.4707085,51.3686985],[9.4706641,51.368581],[9.4706079,51.3684415],[9.4706427,51.368436]]}},{"type":"Feature","properties":{"way_id":147991408,"route_colors":["#00954b"],"route_refs":["1"]},"geometry":{"type":"LineString","coordinates":[[9.4692775,51.365254],[9.4691968,51.3646844],[9.4691753,51.3646856],[9.4691607,51.3646864],[9.4692413,51.365256],[9.4692607,51.3652549],[9.4692775,51.365254]]}},{"type":"Feature","properties":{"way_id":147988998,"route_colors":["#00954b"],"route_refs":["1"]},"geometry":{"type":"LineString","coordinates":[[9.4692694,51.360661],[9.4692697,51.3606792],[9.4692714,51.3607652],[9.4692694,51.3608871],[9.4692641,51.3609854],[9.4692633,51.3609989],[9.4692472,51.3610977],[9.4692285,51.3611718],[9.4692211,51.3612011],[9.4692145,51.3612221],[9.4691924,51.3612926],[9.4691379,51.3614247],[9.4690956,51.3614178],[9.4691496,51.3612873],[9.4691782,51.3611958],[9.4692041,51.3610934],[9.46922,51.3609961],[9.4692205,51.360986],[9.4692213,51.360971],[9.4692259,51.3608861],[9.4692279,51.3607649],[9.4692262,51.3606735],[9.4692259,51.3606613],[9.4692479,51.3606611],[9.4692694,51.360661]]}},{"type":"Feature","properties":{"way_id":585639276,"route_colors":["#00954b"],"route_refs":["1"]},"geometry":{"type":"LineString","coordinates":[[9.4675031,51.3574402],[9.467521,51.3574872],[9.4676738,51.3578889],[9.467734,51.3580469],[9.4677126,51.3580501],[9.4676914,51.3580532],[9.4674606,51.3574465],[9.467483,51.3574432],[9.4675031,51.3574402]]}},{"type":"Feature","properties":{"way_id":241512707,"route_colors":["#00954b"],"route_refs":["1"]},"geometry":{"type":"LineString","coordinates":[[9.4679524,51.3529591],[9.4680651,51.352885],[9.4681616,51.3528146],[9.4682562,51.3527418],[9.468346,51.3526626],[9.4684312,51.3525772],[9.4685063,51.352501],[9.4684871,51.3524936],[9.4684696,51.3524869],[9.4683945,51.3525631],[9.468382,51.3525757],[9.4683095,51.3526484],[9.4682211,51.3527262],[9.4681283,51.3527978],[9.4680325,51.3528676],[9.4679214,51.3529407],[9.4679328,51.3529475],[9.4679524,51.3529591]]}},{"type":"Feature","properties":{"way_id":287720388,"route_colors":["#00954b"],"route_refs":["1"]},"geometry":{"type":"LineString","coordinates":[[9.4391409,51.3139042],[9.4391373,51.3138729],[9.4397034,51.3138473],[9.439707,51.3138786],[9.4391409,51.3139042]]}},{"type":"Feature","properties":{"way_id":287720390,"route_colors":["#00954b"],"route_refs":["1"]},"geometry":{"type":"LineString","coordinates":[[9.4313402,51.3143791],[9.431332,51.3143662],[9.4313241,51.3143542],[9.4316718,51.3142727],[9.4317891,51.3142508],[9.431793,51.3142615],[9.4317972,51.3142773],[9.4316653,51.3143029],[9.4313402,51.3143791]]}},{"type":"Feature","properties":{"way_id":147993423,"route_colors":["#00954b"],"route_refs":["1"]},"geometry":{"type":"LineString","coordinates":[[9.4269513,51.316607],[9.4274835,51.3155525],[9.427651,51.3151979]]}},{"type":"Feature","properties":{"way_id":287720392,"route_colors":["#00954b"],"route_refs":["1"]},"geometry":{"type":"LineString","coordinates":[[9.4235101,51.3159449],[9.4234914,51.3159424],[9.4235056,51.3159006],[9.4235519,51.3157645],[9.4236453,51.31549],[9.4236626,51.3154925],[9.4235101,51.3159449]]}},{"type":"Feature","properties":{"way_id":303274256,"route_colors":["#00954b"],"route_refs":["1"]},"geometry":{"type":"LineString","coordinates":[[9.4722869,51.3719241],[9.4723264,51.3719951],[9.472376,51.3720781],[9.4723898,51.372101],[9.4724894,51.3722342],[9.4725141,51.3722716],[9.4725316,51.3723063],[9.4725552,51.3723661],[9.4725725,51.372413],[9.4725747,51.3724587],[9.4725723,51.3725036],[9.4725572,51.3725506],[9.4725269,51.3726006],[9.4724933,51.3726473],[9.4724456,51.3726867],[9.472383,51.3727291],[9.4723192,51.3727593],[9.4722361,51.3727882],[9.4721537,51.3728056],[9.4720753,51.3728175],[9.4719915,51.3728176],[9.4719127,51.3728147],[9.4718377,51.372805],[9.4717616,51.3727876],[9.4716907,51.3727617],[9.471616,51.3727302],[9.4715655,51.3726995],[9.471516,51.3726531],[9.4714789,51.3726137],[9.4714516,51.3725701],[9.4714427,51.372542],[9.4714277,51.3725122],[9.4714246,51.3724795],[9.4714295,51.3724422],[9.4714385,51.372407],[9.4714513,51.372373],[9.4714674,51.3723399],[9.4714864,51.3723073],[9.4715077,51.372275],[9.4715356,51.3722453],[9.4715705,51.3722046],[9.4718281,51.3719017],[9.4719199,51.3717835],[9.4719396,51.3717443],[9.4719579,51.3717053],[9.4719744,51.3716664],[9.4719887,51.3716274],[9.4719948,51.3716013],[9.4719996,51.371569],[9.4719986,51.3715234],[9.4719956,51.3714809],[9.4719909,51.371435],[9.4719689,51.3713602],[9.4718827,51.3711717]]}},{"type":"Feature","properties":{"way_id":227936592,"route_colors":["#00954b"],"route_refs":["1"]},"geometry":{"type":"LineString","coordinates":[[9.4718827,51.3711717],[9.4718413,51.3710814],[9.4716146,51.3705869],[9.4713829,51.3700675],[9.4709117,51.3690342],[9.470839,51.3688749],[9.4707864,51.3687475],[9.4706221,51.3683188],[9.470418,51.3678754],[9.4702135,51.3674738],[9.470011,51.3670572],[9.4696265,51.3662392],[9.4695076,51.3659807],[9.4693745,51.3655444],[9.4693302,51.3653993],[9.4693125,51.3653066]]}},{"type":"Feature","properties":{"way_id":1491099961,"route_colors":["#00954b"],"route_refs":["1"]},"geometry":{"type":"LineString","coordinates":[[9.4693125,51.3653066],[9.469301,51.3652205],[9.4692797,51.3650817],[9.4692438,51.3648326],[9.4692022,51.3646172],[9.4691111,51.3641887],[9.4690092,51.3637948],[9.4689408,51.3635336],[9.468912,51.3634159],[9.4688952,51.3633501],[9.4688805,51.3633023],[9.4688735,51.3632721],[9.4688451,51.3631629],[9.4688268,51.3630418],[9.4688137,51.3629327],[9.4688144,51.3628479],[9.4688216,51.3628179],[9.4688351,51.3627549],[9.4688499,51.3626993]]}},{"type":"Feature","properties":{"way_id":309635650,"route_colors":["#00954b"],"route_refs":["1"]},"geometry":{"type":"LineString","coordinates":[[9.4688499,51.3626993],[9.4688886,51.3624813],[9.4689187,51.3622948],[9.4689666,51.3620913],[9.4689888,51.362013],[9.4690269,51.3619099],[9.4690614,51.3617871],[9.4690744,51.3617417]]}},{"type":"Feature","properties":{"way_id":227936596,"route_colors":["#00954b"],"route_refs":["1"]},"geometry":{"type":"LineString","coordinates":[[9.4690744,51.3617417],[9.4691025,51.3616387],[9.4691075,51.3615952],[9.4691248,51.36153]]}},{"type":"Feature","properties":{"way_id":227936599,"route_colors":["#00954b"],"route_refs":["1"]},"geometry":{"type":"LineString","coordinates":[[9.4691248,51.36153],[9.4691435,51.36146],[9.4692115,51.361295],[9.4692214,51.3612704],[9.4692494,51.3611695],[9.4692703,51.3610849],[9.4692714,51.3610805],[9.4692802,51.3610166],[9.4692866,51.3609058],[9.4692898,51.3607419],[9.4692858,51.3606791],[9.4692832,51.3606393],[9.4692707,51.3605293]]}},{"type":"Feature","properties":{"way_id":227936594,"route_colors":["#00954b"],"route_refs":["1"]},"geometry":{"type":"LineString","coordinates":[[9.4692707,51.3605293],[9.4692542,51.3604314],[9.4692231,51.3603166],[9.4691613,51.3601423],[9.469083,51.360009],[9.4689558,51.3598651],[9.4688713,51.3597979],[9.4686904,51.3596929],[9.4684819,51.3595863],[9.4684697,51.3595774],[9.4683728,51.3595066],[9.4683263,51.3594648],[9.4683066,51.3594456],[9.4682622,51.35939],[9.4682419,51.3593611],[9.4682269,51.3593398],[9.4681895,51.3592664],[9.4681238,51.3590924],[9.4680352,51.3588654],[9.4679489,51.358634],[9.4679142,51.3585314],[9.4678935,51.35847],[9.4678696,51.3583967],[9.4678221,51.3582511]]}},{"type":"Feature","properties":{"way_id":341222683,"route_colors":["#00954b"],"route_refs":["1"]},"geometry":{"type":"LineString","coordinates":[[9.4678221,51.3582511],[9.4677392,51.3580113]]}},{"type":"Feature","properties":{"way_id":341222686,"route_colors":["#00954b"],"route_refs":["1"]},"geometry":{"type":"LineString","coordinates":[[9.4677392,51.3580113],[9.4676928,51.357886],[9.4675856,51.3575959],[9.4675428,51.3574845],[9.4674859,51.3573365],[9.4672732,51.3567833],[9.4672643,51.3567601],[9.4672347,51.356686],[9.4672045,51.3566077],[9.4671708,51.3565205],[9.4671071,51.3563553],[9.4669171,51.3558705],[9.4668276,51.355656],[9.4667746,51.3555943],[9.4667402,51.3555656],[9.4667102,51.3555406],[9.4666383,51.3554971],[9.4665309,51.3554509],[9.4659761,51.3552166],[9.4658562,51.355157],[9.4657851,51.3550948],[9.4657327,51.3550269],[9.4657114,51.3549381],[9.4657179,51.3548581],[9.465753,51.3547798],[9.4658257,51.3546953],[9.4667221,51.353812],[9.4669036,51.3536347],[9.4670862,51.3534781],[9.4672828,51.3533415],[9.4674877,51.3532296],[9.4677197,51.3531103],[9.4679195,51.3529976]]}},{"type":"Feature","properties":{"way_id":1491099964,"route_colors":["#00954b"],"route_refs":["1"]},"geometry":{"type":"LineString","coordinates":[[9.4679195,51.3529976],[9.4679524,51.3529763],[9.4680546,51.3529102],[9.4681855,51.3528157],[9.4682991,51.3527222],[9.4683992,51.3526354],[9.4684982,51.3525366],[9.468538,51.3524948],[9.4686135,51.3524095],[9.4687055,51.3522867],[9.4687783,51.3521703],[9.4688237,51.3520936],[9.4689126,51.3519268],[9.4689998,51.3517459],[9.4691545,51.3514008],[9.4692458,51.3512313],[9.4693629,51.3510388],[9.4695396,51.3508319]]}},{"type":"Feature","properties":{"way_id":414836329,"route_colors":["#00954b"],"route_refs":["1"]},"geometry":{"type":"LineString","coordinates":[[9.4695396,51.3508319],[9.4696683,51.3507028],[9.4698153,51.3505712],[9.4701696,51.3502546],[9.4707772,51.3497102],[9.4709572,51.3495424],[9.4710581,51.3494517],[9.4711569,51.3493699],[9.4712711,51.3492806]]}},{"type":"Feature","properties":{"way_id":188677933,"route_colors":["#00954b"],"route_refs":["1"]},"geometry":{"type":"LineString","coordinates":[[9.4712711,51.3492806],[9.4715551,51.3490739],[9.4717005,51.3489565],[9.4718604,51.3488244],[9.4719,51.3487938],[9.4719658,51.3487396]]}},{"type":"Feature","properties":{"way_id":414836330,"route_colors":["#00954b"],"route_refs":["1"]},"geometry":{"type":"LineString","coordinates":[[9.4719658,51.3487396],[9.4720012,51.348711],[9.4721908,51.3485484],[9.4724337,51.3483378],[9.4727865,51.3480316],[9.4734585,51.3474334],[9.4739979,51.3469543],[9.4745821,51.3464307],[9.4753854,51.3457136],[9.475765,51.3453793],[9.4758511,51.3453043],[9.4759851,51.345179],[9.4762243,51.3449553],[9.4764227,51.3447606],[9.4765301,51.3446411],[9.4766153,51.3445359],[9.4767148,51.3444231],[9.4769257,51.34419],[9.4770799,51.3440196],[9.4773474,51.3437753],[9.4777071,51.3434519],[9.4781864,51.3430214],[9.479026,51.34227],[9.4797764,51.3415947],[9.4800706,51.3413298],[9.4804043,51.3409879],[9.4806888,51.3406471]]}},{"type":"Feature","properties":{"way_id":50879370,"route_colors":["#00954b"],"route_refs":["1"]},"geometry":{"type":"LineString","coordinates":[[9.4806888,51.3406471],[9.4807028,51.3406307],[9.4807886,51.3405536],[9.4808524,51.3404963],[9.4809437,51.3404224],[9.4810111,51.3403766],[9.4810699,51.3403367]]}},{"type":"Feature","properties":{"way_id":188678182,"route_colors":["#00954b"],"route_refs":["1"]},"geometry":{"type":"LineString","coordinates":[[9.4810699,51.3403367],[9.4813741,51.3401202]]}},{"type":"Feature","properties":{"way_id":23052564,"route_colors":["#00954b"],"route_refs":["1"]},"geometry":{"type":"LineString","coordinates":[[9.4450325,51.3135193],[9.4449094,51.3135253],[9.4448075,51.3135342],[9.4446109,51.3135578],[9.4445825,51.3135625],[9.4445156,51.3135726],[9.4444329,51.3135843],[9.4441979,51.313614],[9.4441008,51.3136205],[9.4439237,51.3136292]]}},{"type":"Feature","properties":{"way_id":184672738,"route_colors":["#00954b"],"route_refs":["1"]},"geometry":{"type":"LineString","coordinates":[[9.4439237,51.3136292],[9.4425022,51.3136991]]}},{"type":"Feature","properties":{"way_id":49277433,"route_colors":["#00954b"],"route_refs":["1"]},"geometry":{"type":"LineString","coordinates":[[9.4425022,51.3136991],[9.4424441,51.3137018],[9.4422721,51.3137098],[9.4421678,51.3137146],[9.4416233,51.3137394],[9.440105,51.3138136],[9.4400522,51.3138162],[9.4393667,51.3138497],[9.4358961,51.3140162],[9.4348945,51.3140642],[9.4345841,51.3140791],[9.4342051,51.3140972],[9.4330871,51.3141505],[9.432325,51.3141871],[9.4322613,51.3141909],[9.4321667,51.3141965],[9.4320257,51.3142068],[9.4318938,51.314224],[9.4318072,51.3142353],[9.4316993,51.3142544],[9.4313499,51.3143379],[9.431245,51.3143612]]}},{"type":"Feature","properties":{"way_id":844670047,"route_colors":["#00954b"],"route_refs":["1"]},"geometry":{"type":"LineString","coordinates":[[9.431245,51.3143612],[9.4310781,51.3144023]]}},{"type":"Feature","properties":{"way_id":844670046,"route_colors":["#00954b"],"route_refs":["1"]},"geometry":{"type":"LineString","coordinates":[[9.4310781,51.3144023],[9.430834,51.3144619],[9.4304131,51.3145562],[9.4302415,51.3145893],[9.4299755,51.3146264],[9.4296485,51.3146552],[9.4293172,51.3146788],[9.4290363,51.314711],[9.4286862,51.3147629],[9.4283405,51.3148405],[9.4280086,51.314927]]}},{"type":"Feature","properties":{"way_id":36992531,"route_colors":["#00954b"],"route_refs":["1"]},"geometry":{"type":"LineString","coordinates":[[9.4280086,51.314927],[9.4279777,51.3149359],[9.4278862,51.3149691],[9.4278001,51.3150105],[9.4277287,51.3150572],[9.4276683,51.3151178],[9.4276206,51.3151812],[9.4275805,51.3152628],[9.4274994,51.3154156],[9.4270115,51.3164119],[9.426951,51.3165355],[9.4268252,51.3167352],[9.4267799,51.3167917],[9.4267405,51.3168321],[9.4266907,51.3168677],[9.4266227,51.316907],[9.4265452,51.3169397],[9.426469,51.3169654],[9.4263954,51.3169797],[9.4263204,51.3169913],[9.4261867,51.3170055],[9.4259919,51.3170051],[9.4258771,51.3169928],[9.4257569,51.3169709],[9.4256647,51.3169504],[9.4253646,51.3168288],[9.4247485,51.3165232],[9.4246862,51.3164974],[9.4246189,51.3164761],[9.4244864,51.3164478],[9.4242127,51.3164119],[9.4239024,51.3163694],[9.4238376,51.316357],[9.4237747,51.3163378],[9.4237167,51.3163138],[9.4236568,51.316282],[9.4235857,51.3162262],[9.4235433,51.3161728],[9.4235122,51.316099],[9.4235077,51.3160519],[9.4235151,51.3159964],[9.4235927,51.3157499]]}},{"type":"Feature","properties":{"way_id":288810158,"route_colors":["#00954b"],"route_refs":["1"]},"geometry":{"type":"LineString","coordinates":[[9.4273834,51.315041],[9.4276127,51.3149936],[9.4275977,51.3149678],[9.4274288,51.314998],[9.4274336,51.3150124],[9.4272916,51.3150297],[9.4272695,51.3150324],[9.427076,51.3150492],[9.4268748,51.3150592],[9.4268163,51.3150271],[9.4267806,51.3150252],[9.4267851,51.3150815],[9.4269323,51.3150802],[9.427095,51.3150762],[9.4272305,51.3150636],[9.4273834,51.315041]]}},{"type":"Feature","properties":{"way_id":287720391,"route_colors":["#00954b"],"route_refs":["1"]},"geometry":{"type":"LineString","coordinates":[[9.4302268,51.3145508],[9.4302215,51.3145347],[9.4303732,51.3145063],[9.4305303,51.3144728],[9.4307168,51.3144278],[9.4307064,51.314411],[9.4307493,51.3144],[9.4308498,51.3143765],[9.4309066,51.3143629],[9.4309186,51.3143808],[9.4311416,51.3143277],[9.4311454,51.3143338],[9.4311498,51.3143408],[9.4309289,51.3143962],[9.430734,51.3144438],[9.4305408,51.3144879],[9.4303826,51.3145219],[9.4302268,51.3145508]]}},{"type":"Feature","properties":{"way_id":287720389,"route_colors":["#00954b"],"route_refs":["1"]},"geometry":{"type":"LineString","coordinates":[[9.4400979,51.3137517],[9.4406516,51.313725],[9.440654,51.3137454],[9.4401008,51.3137719],[9.4400979,51.3137517]]}},{"type":"Feature","properties":{"way_id":241512709,"route_colors":["#00954b"],"route_refs":["1"]},"geometry":{"type":"LineString","coordinates":[[9.4680248,51.3529888],[9.4681153,51.3529289],[9.4681972,51.3528712],[9.4683038,51.3527912],[9.468409,51.3527036],[9.4685056,51.3526153],[9.4685807,51.3525357],[9.4685987,51.3525423],[9.4686178,51.3525494],[9.4685427,51.3526289],[9.4684445,51.3527188],[9.468338,51.3528072],[9.4682381,51.3528904],[9.4681536,51.3529501],[9.4680619,51.3530107],[9.4680428,51.3529994],[9.4680248,51.3529888]]}},{"type":"Feature","properties":{"way_id":585639275,"route_colors":["#00954b"],"route_refs":["1"]},"geometry":{"type":"LineString","coordinates":[[9.4675849,51.3574293],[9.467603,51.3574772],[9.4677536,51.357877],[9.4678129,51.3580344],[9.4678345,51.3580312],[9.4678553,51.3580281],[9.4676274,51.3574231],[9.4676056,51.3574262],[9.4675849,51.3574293]]}},{"type":"Feature","properties":{"way_id":241512710,"route_colors":["#00954b"],"route_refs":["1"]},"geometry":{"type":"LineString","coordinates":[[9.4692184,51.3614406],[9.4692633,51.3613217],[9.46927,51.3613026],[9.4692791,51.3612764],[9.4693009,51.3612141],[9.4693284,51.3610931],[9.4693492,51.3609658],[9.4693579,51.3608477],[9.4693573,51.3606787],[9.4693572,51.360658],[9.4693769,51.360658],[9.4694001,51.360658],[9.4694008,51.3608476],[9.469392,51.360967],[9.469371,51.3610958],[9.4693432,51.3612178],[9.4693194,51.361286],[9.4693118,51.361308],[9.469305,51.3613273],[9.4692599,51.3614467],[9.4692184,51.3614406]]}},{"type":"Feature","properties":{"way_id":241512706,"route_colors":["#00954b"],"route_refs":["1"]},"geometry":{"type":"LineString","coordinates":[[9.4694318,51.3655614],[9.469456,51.3656454],[9.4694907,51.3657479],[9.4695337,51.3658624],[9.4695696,51.3659554],[9.4696352,51.3661042],[9.4696593,51.3661001],[9.4694645,51.3655562],[9.4694494,51.3655586],[9.4694318,51.3655614]]}},{"type":"Feature","properties":{"way_id":147988996,"route_colors":["#00954b"],"route_refs":["1"]},"geometry":{"type":"LineString","coordinates":[[9.4710058,51.3690524],[9.4709923,51.3690196],[9.4709387,51.368889],[9.4708563,51.3686912],[9.4707678,51.368468],[9.4707392,51.3684725],[9.4708277,51.3686956],[9.4709102,51.3688936],[9.4709653,51.3690252],[9.4709786,51.3690569],[9.4710058,51.3690524]]}},{"type":"Feature","properties":{"way_id":303272781,"route_colors":["#00954b"],"route_refs":["1"]},"geometry":{"type":"LineString","coordinates":[[9.4235927,51.3157499],[9.4237149,51.3154051],[9.4237397,51.3153351],[9.4237845,51.315275],[9.4239039,51.3151721],[9.4239654,51.3151399],[9.4240328,51.3151103],[9.4241421,51.3150734],[9.4242777,51.3150496],[9.4243434,51.3150434],[9.4244122,51.3150434],[9.4245344,51.3150436],[9.4267867,51.3150915],[9.4269318,51.3150907],[9.4270869,51.3150853],[9.4272325,51.3150719],[9.4273671,51.3150525],[9.4275612,51.3150179],[9.4277668,51.3149589],[9.4279888,51.3149019]]}},{"type":"Feature","properties":{"way_id":184296252,"route_colors":["#00954b"],"route_refs":["1"]},"geometry":{"type":"LineString","coordinates":[[9.4279888,51.3149019],[9.4283262,51.3148112],[9.4286784,51.3147345],[9.4290271,51.3146797],[9.4293084,51.3146543],[9.4299516,51.3146013],[9.4302349,51.3145625],[9.43039,51.3145328],[9.4305551,51.3144957],[9.430848,51.3144252],[9.4310282,51.3143814],[9.431072,51.3143713],[9.4314231,51.3142853],[9.4314547,51.3142785],[9.4316333,51.3142402],[9.431725,51.314224],[9.4318518,51.3142016],[9.4319854,51.3141855],[9.4320832,51.3141759],[9.4322495,51.3141666],[9.4323219,51.3141626],[9.4330849,51.3141254],[9.434202,51.3140716],[9.4345537,51.3140547],[9.4348914,51.3140383],[9.4358122,51.3139936],[9.440001,51.3137903],[9.440049,51.313788],[9.4404264,51.3137697],[9.4416215,51.3137119],[9.442164,51.3136852],[9.4422419,51.3136834],[9.4424403,51.3136717]]}},{"type":"Feature","properties":{"way_id":184672734,"route_colors":["#00954b"],"route_refs":["1"]},"geometry":{"type":"LineString","coordinates":[[9.4424403,51.3136717],[9.4439185,51.3135992]]}},{"type":"Feature","properties":{"way_id":184672735,"route_colors":["#00954b"],"route_refs":["1"]},"geometry":{"type":"LineString","coordinates":[[9.4439185,51.3135992],[9.4441522,51.3135884],[9.4444345,51.3135496],[9.444597,51.3135258],[9.4447675,51.3135059],[9.4448125,51.3135028],[9.4450322,51.3134931]]}},{"type":"Feature","properties":{"way_id":188678179,"route_colors":["#00954b"],"route_refs":["1"]},"geometry":{"type":"LineString","coordinates":[[9.4818165,51.339795],[9.4817361,51.3398135],[9.4816432,51.3398413],[9.4816213,51.3398497],[9.4815699,51.3398695],[9.4814797,51.339918],[9.4814023,51.3399675],[9.4813522,51.3399995],[9.4812241,51.3400878]]}},{"type":"Feature","properties":{"way_id":188677928,"route_colors":["#00954b"],"route_refs":["1"]},"geometry":{"type":"LineString","coordinates":[[9.4812241,51.3400878],[9.4810603,51.3402144],[9.4809511,51.3403077],[9.4809178,51.3403399],[9.4808483,51.3404069],[9.4807978,51.3404569],[9.4807741,51.3404809],[9.4807247,51.3405368],[9.4806876,51.3405788],[9.4806438,51.3406332]]}},{"type":"Feature","properties":{"way_id":303274255,"route_colors":["#00954b"],"route_refs":["1"]},"geometry":{"type":"LineString","coordinates":[[9.4806438,51.3406332],[9.4803618,51.3409756],[9.480033,51.3413143],[9.4797395,51.3415787],[9.4789891,51.3422539],[9.4781495,51.3430055],[9.4776627,51.343439],[9.4773111,51.3437588],[9.477034,51.3440043],[9.4768516,51.3441881],[9.4767488,51.344306],[9.4767213,51.344337],[9.4766604,51.3444059],[9.4764446,51.344627],[9.4763264,51.344739],[9.4761412,51.3449162],[9.4759027,51.3451439],[9.4757738,51.3452673],[9.4756871,51.3453515],[9.4755026,51.3455194],[9.4753207,51.3456841],[9.4751212,51.3458579],[9.474905,51.3460287],[9.474695,51.3462023],[9.4744742,51.3463953],[9.4741854,51.3466527],[9.4738777,51.3469276],[9.4735986,51.3471726],[9.4733616,51.347393],[9.4730308,51.3476934],[9.4726912,51.3479996],[9.4723632,51.3482892],[9.4721958,51.348428],[9.472053,51.3485514],[9.4719241,51.3486708],[9.4718436,51.3487441],[9.4717973,51.3487883],[9.4716618,51.3489111],[9.4715023,51.349048],[9.4712711,51.3492806]]}},{"type":"Feature","properties":{"way_id":1491099963,"route_colors":["#00954b"],"route_refs":["1"]},"geometry":{"type":"LineString","coordinates":[[9.4712711,51.3492806],[9.4711785,51.3493819],[9.4710102,51.3495507],[9.470814,51.3497262],[9.469574,51.3508476],[9.4693864,51.3511043],[9.4693104,51.3512056],[9.4691984,51.3514057],[9.469038,51.3517534],[9.4689515,51.3519377],[9.4688665,51.3520997],[9.4688247,51.3521689],[9.4687468,51.3522977],[9.4686431,51.352435],[9.4685768,51.3525094],[9.4685367,51.3525511],[9.4684365,51.3526511],[9.468335,51.3527391],[9.4682196,51.352834],[9.4680876,51.3529293],[9.4679858,51.3529942],[9.4679513,51.3530162]]}},{"type":"Feature","properties":{"way_id":303274257,"route_colors":["#00954b"],"route_refs":["1"]},"geometry":{"type":"LineString","coordinates":[[9.4679513,51.3530162],[9.4677566,51.35313],[9.4675173,51.3532507],[9.4673147,51.3533614],[9.4671215,51.3534955],[9.4669408,51.3536504],[9.46676,51.3538271],[9.4658645,51.3547095],[9.465795,51.3547903],[9.4657625,51.3548626],[9.4657565,51.3549367],[9.4657761,51.3550185],[9.4658239,51.3550805],[9.4658892,51.3551375],[9.4660027,51.3551939],[9.4665563,51.3554277],[9.4666669,51.3554753],[9.466744,51.355522],[9.4668126,51.3555791],[9.4668697,51.3556457],[9.4669607,51.3558636],[9.4671508,51.3563487],[9.4671542,51.3563573],[9.4672517,51.3566022],[9.4672854,51.3566868],[9.467308,51.3567535],[9.467317,51.3567772],[9.4675276,51.357331],[9.4675841,51.3574795],[9.4676252,51.3575877],[9.4677367,51.3578795],[9.4677844,51.3580043]]}},{"type":"Feature","properties":{"way_id":341222684,"route_colors":["#00954b"],"route_refs":["1"]},"geometry":{"type":"LineString","coordinates":[[9.4677844,51.3580043],[9.4678808,51.3582424]]}},{"type":"Feature","properties":{"way_id":341222689,"route_colors":["#00954b"],"route_refs":["1"]},"geometry":{"type":"LineString","coordinates":[[9.4678808,51.3582424],[9.4679673,51.3584495],[9.4680027,51.3585202],[9.4680788,51.3587025],[9.4682011,51.3590509],[9.4682701,51.3592238],[9.4682739,51.3592324],[9.468325,51.3593475],[9.4683435,51.3593842],[9.4683557,51.3594083],[9.4683951,51.3594587],[9.4684307,51.3595043],[9.4685156,51.3595673],[9.46872,51.3596717],[9.4689111,51.3597846],[9.4689934,51.3598496],[9.469124,51.3599974],[9.4692046,51.3601344],[9.4692672,51.3603112],[9.4692988,51.3604275],[9.4693152,51.3605265]]}},{"type":"Feature","properties":{"way_id":133790770,"route_colors":["#00954b"],"route_refs":["1"]},"geometry":{"type":"LineString","coordinates":[[9.4693152,51.3605265],[9.4693281,51.3606378],[9.4693307,51.3606789],[9.4693347,51.3607415],[9.4693315,51.3609071],[9.4693169,51.361036],[9.4693066,51.3610877],[9.4692967,51.3611371],[9.4692657,51.3612603],[9.4692511,51.3613002],[9.4691645,51.3615268]]}},{"type":"Feature","properties":{"way_id":133790771,"route_colors":["#00954b"],"route_refs":["1"]},"geometry":{"type":"LineString","coordinates":[[9.4691645,51.3615268],[9.4690995,51.3617436]]}},{"type":"Feature","properties":{"way_id":227936597,"route_colors":["#00954b"],"route_refs":["1"]},"geometry":{"type":"LineString","coordinates":[[9.4690995,51.3617436],[9.4690855,51.3617886],[9.4690081,51.3620163],[9.4689877,51.3620829],[9.4689527,51.3622471],[9.4689306,51.3623659],[9.4689163,51.3624754],[9.4688729,51.3627007]]}},{"type":"Feature","properties":{"way_id":1491099962,"route_colors":["#00954b"],"route_refs":["1"]},"geometry":{"type":"LineString","coordinates":[[9.4688729,51.3627007],[9.4688649,51.3627543],[9.4688577,51.3628442],[9.468856,51.3629319],[9.4688689,51.3630396],[9.468887,51.3631596],[9.4689144,51.363271],[9.4689322,51.3633473],[9.4689492,51.3634138],[9.4689903,51.3635632],[9.4690509,51.3637905],[9.4691528,51.3641849],[9.4692442,51.3646141],[9.4692832,51.3648315],[9.4693232,51.3650785],[9.4693445,51.3652183],[9.4693579,51.3653024]]}},{"type":"Feature","properties":{"way_id":228005400,"route_colors":["#00954b"],"route_refs":["1"]},"geometry":{"type":"LineString","coordinates":[[9.4693579,51.3653024],[9.4693774,51.3653963],[9.4694138,51.3655401],[9.4694541,51.3656992],[9.4695485,51.3659741],[9.469667,51.3662319],[9.4700514,51.3670496],[9.4702538,51.367466],[9.4704584,51.3678677],[9.470663,51.3683121],[9.4708239,51.3687405],[9.4708818,51.3688683],[9.470954,51.3690271],[9.4714235,51.3700604],[9.4716552,51.3705797],[9.4718827,51.371076],[9.4719232,51.3711644]]}},{"type":"Feature","properties":{"way_id":227936595,"route_colors":["#00954b"],"route_refs":["1"]},"geometry":{"type":"LineString","coordinates":[[9.4719232,51.3711644],[9.4720062,51.3713441],[9.4720392,51.3714217]]}},{"type":"Feature","properties":{"way_id":227936598,"route_colors":["#00954b"],"route_refs":["1"]},"geometry":{"type":"LineString","coordinates":[[9.4720392,51.3714217],[9.4720527,51.3714688],[9.4720926,51.3715618],[9.4721387,51.3716556],[9.4721978,51.3717647],[9.4722869,51.3719241]]}},{"type":"Feature","properties":{"way_id":572203664,"route_colors":["#7f5ca3","#8a4f38"],"route_refs":["5","6"]},"geometry":{"type":"LineString","coordinates":[[9.4787775,51.2958233],[9.4787987,51.2958464],[9.479212,51.296293],[9.479235,51.2963185]]}},{"type":"Feature","properties":{"way_id":572203666,"route_colors":["#7f5ca3","#8a4f38"],"route_refs":["5","6"]},"geometry":{"type":"LineString","coordinates":[[9.4759351,51.293262],[9.4759629,51.2932854],[9.4763865,51.2936397],[9.4764126,51.293662]]}},{"type":"Feature","properties":{"way_id":572203668,"route_colors":["#7f5ca3","#8a4f38"],"route_refs":["5","6"]},"geometry":{"type":"LineString","coordinates":[[9.4726633,51.2901117],[9.4726852,51.2901324],[9.4730232,51.2904609],[9.4730326,51.2904691]]}},{"type":"Feature","properties":{"way_id":367617843,"route_colors":["#7f5ca3","#8a4f38"],"route_refs":["5","6"]},"geometry":{"type":"LineString","coordinates":[[9.4690505,51.2847608],[9.4690427,51.2849773],[9.469032,51.2852054],[9.4690233,51.2854703],[9.4690446,51.2856797]]}},{"type":"Feature","properties":{"way_id":385609559,"route_colors":["#7f5ca3","#8a4f38"],"route_refs":["5","6"]},"geometry":{"type":"LineString","coordinates":[[9.4643364,51.282118],[9.4643223,51.2821441],[9.465266,51.2823341],[9.4652877,51.2823385],[9.4652984,51.2823188],[9.4652767,51.2823142],[9.4643364,51.282118]]}},{"type":"Feature","properties":{"way_id":503936421,"route_colors":["#7f5ca3","#8a4f38"],"route_refs":["5","6"]},"geometry":{"type":"LineString","coordinates":[[9.4546365,51.2796138],[9.4557291,51.2794453],[9.4557336,51.2794567],[9.4557384,51.2794688],[9.4546457,51.2796373],[9.4546413,51.279626],[9.4546365,51.2796138]]}},{"type":"Feature","properties":{"way_id":290705505,"route_colors":["#7f5ca3","#0069b4"],"route_refs":["5","2"]},"geometry":{"type":"LineString","coordinates":[[9.4385288,51.269677],[9.4389068,51.2699139]]}},{"type":"Feature","properties":{"way_id":262298707,"route_colors":["#7f5ca3","#0069b4"],"route_refs":["5","2"]},"geometry":{"type":"LineString","coordinates":[[9.4363036,51.2684703],[9.43577,51.2682179]]}},{"type":"Feature","properties":{"way_id":234716788,"route_colors":["#7f5ca3","#0069b4"],"route_refs":["5","2"]},"geometry":{"type":"LineString","coordinates":[[9.4259265,51.2642651],[9.4256582,51.2641376],[9.4254147,51.2640224]]}},{"type":"Feature","properties":{"way_id":234716792,"route_colors":["#7f5ca3","#0069b4"],"route_refs":["5","2"]},"geometry":{"type":"LineString","coordinates":[[9.4203521,51.2550133],[9.4203323,51.2549862],[9.4201159,51.2547253]]}},{"type":"Feature","properties":{"way_id":234716779,"route_colors":["#7f5ca3","#0069b4"],"route_refs":["5","2"]},"geometry":{"type":"LineString","coordinates":[[9.412005,51.2528443],[9.411194,51.2528257],[9.4111269,51.2528242],[9.4111256,51.2528473],[9.4111949,51.2528489],[9.4113907,51.2528534],[9.4116014,51.2528582],[9.4118088,51.2528629],[9.4120037,51.2528673],[9.412005,51.2528443]]}},{"type":"Feature","properties":{"way_id":200027387,"route_colors":["#7f5ca3","#0069b4"],"route_refs":["5","2"]},"geometry":{"type":"LineString","coordinates":[[9.4030313,51.252434],[9.4025376,51.2523937]]}},{"type":"Feature","properties":{"way_id":290705488,"route_colors":["#7f5ca3","#0069b4"],"route_refs":["5","2"]},"geometry":{"type":"LineString","coordinates":[[9.3963945,51.2517269],[9.396907,51.2517503]]}},{"type":"Feature","properties":{"way_id":157285838,"route_colors":["#7f5ca3","#0069b4"],"route_refs":["5","2"]},"geometry":{"type":"LineString","coordinates":[[9.3904956,51.2524205],[9.3904313,51.2523215],[9.3911172,51.2521982],[9.391139,51.2522223],[9.3911071,51.2522321],[9.3904956,51.2524205]]}},{"type":"Feature","properties":{"way_id":1504648329,"route_colors":["#7f5ca3","#8a4f38"],"route_refs":["5","6"]},"geometry":{"type":"LineString","coordinates":[[9.4918168,51.312097],[9.4918031,51.3120882]]}},{"type":"Feature","properties":{"way_id":414836328,"route_colors":["#7f5ca3","#8a4f38"],"route_refs":["5","6"]},"geometry":{"type":"LineString","coordinates":[[9.4918031,51.3120882],[9.4917868,51.3120769],[9.4917693,51.3120618],[9.4917515,51.3120422],[9.491742,51.3120312],[9.4917338,51.3120182],[9.4917257,51.3120029],[9.4917206,51.31199],[9.4917172,51.3119801],[9.4917144,51.3119681],[9.491712,51.3119514],[9.4917123,51.3119342],[9.4917156,51.3119155],[9.4917206,51.3118977],[9.4917254,51.3118874],[9.4917325,51.3118719],[9.4917423,51.3118566],[9.4917512,51.3118445],[9.4917587,51.3118354],[9.4917681,51.3118269],[9.4917749,51.3118217]]}},{"type":"Feature","properties":{"way_id":1504648323,"route_colors":["#7f5ca3","#8a4f38"],"route_refs":["5","6"]},"geometry":{"type":"LineString","coordinates":[[9.4917749,51.3118217],[9.49194,51.3117151]]}},{"type":"Feature","properties":{"way_id":397135587,"route_colors":["#7f5ca3","#8a4f38"],"route_refs":["5","6"]},"geometry":{"type":"LineString","coordinates":[[9.4810782,51.2987686],[9.4809714,51.2985691],[9.4809582,51.2985443]]}},{"type":"Feature","properties":{"way_id":185804467,"route_colors":["#7f5ca3","#8a4f38"],"route_refs":["5","6"]},"geometry":{"type":"LineString","coordinates":[[9.4809582,51.2985443],[9.4808824,51.2984027],[9.4808578,51.2983566],[9.480784,51.2982187],[9.4807224,51.2981036],[9.4806428,51.2979548],[9.480537,51.2977647],[9.4804139,51.2975869],[9.4803094,51.2974538],[9.4801143,51.2972334],[9.4797245,51.2968063],[9.4792617,51.2963034],[9.4792424,51.2962822],[9.4789715,51.2959838],[9.4788332,51.2958339],[9.4785608,51.2955345],[9.4783009,51.295275],[9.4779392,51.2949138],[9.4775233,51.2945368],[9.4771023,51.2941819],[9.4764404,51.2936414],[9.4764166,51.2936245],[9.4761119,51.2933678],[9.4759932,51.2932696],[9.4755718,51.2928903],[9.4755241,51.2928434],[9.4750348,51.2923768],[9.4736966,51.2910925],[9.473623,51.2910174],[9.4735651,51.290964],[9.4735001,51.2909042],[9.4733403,51.2907471],[9.4732693,51.2906798],[9.4731183,51.2905367],[9.4730364,51.2904554],[9.4730291,51.2904481],[9.4728397,51.2902602],[9.4727419,51.2901642],[9.4727023,51.2901253],[9.4723119,51.2897421],[9.4718121,51.2892472],[9.4715726,51.289009],[9.4713906,51.2888144],[9.4711227,51.2885148],[9.4705494,51.2878084],[9.4702593,51.2874497],[9.4701967,51.2873739],[9.4695293,51.2865515],[9.4693796,51.2863637],[9.4693053,51.2862559],[9.4692109,51.2860926],[9.4691367,51.2859087],[9.4691041,51.2858133],[9.4690946,51.2857575],[9.4690877,51.2856879],[9.4690832,51.2856848],[9.4690701,51.2855946],[9.469067,51.2854921],[9.469107,51.2849439],[9.4691117,51.2848447],[9.4691119,51.2847602],[9.4691122,51.284734],[9.4690984,51.2846261],[9.469096,51.284615],[9.4690806,51.2845433],[9.469059,51.2844426],[9.4689821,51.2841919],[9.4689092,51.2840393],[9.4687991,51.2838532],[9.468667,51.2836808],[9.4685357,51.2835367],[9.468286,51.2833086],[9.4681678,51.2832178],[9.4679749,51.2830952],[9.4678502,51.283027],[9.4676879,51.2829572],[9.4675891,51.2829198],[9.4673338,51.2828375],[9.4667016,51.2826491],[9.46629,51.2825393],[9.4659178,51.282444],[9.4656366,51.2823784],[9.4653025,51.2823064],[9.4652831,51.2823023],[9.4645481,51.2821463],[9.4642866,51.2820925],[9.4640186,51.2820373],[9.4637081,51.2819714],[9.4633102,51.2818863],[9.4631133,51.2818361],[9.4629367,51.2817852],[9.4627452,51.2817232],[9.4625394,51.2816489],[9.4624064,51.2815926],[9.4622716,51.2815335],[9.4621207,51.2814612],[9.4614726,51.28113],[9.4613203,51.2810626],[9.4612142,51.281019],[9.4610786,51.2809664],[9.460942,51.2809194],[9.4604084,51.2807471],[9.4602296,51.2806843],[9.4601363,51.2806489],[9.4600507,51.2806117],[9.4599445,51.280565],[9.4598289,51.2805082],[9.4589049,51.2800438],[9.4586384,51.2799096],[9.4584321,51.2798057],[9.4582733,51.2797277],[9.4581104,51.2796544],[9.4579996,51.2796078],[9.4579142,51.279577],[9.4578659,51.2795618],[9.457668,51.2794997],[9.4574874,51.2794562],[9.4573112,51.2794209],[9.4571174,51.2793906],[9.4569035,51.2793675],[9.4567407,51.2793586],[9.4565773,51.2793544],[9.4563782,51.2793574],[9.4561881,51.2793672],[9.455974,51.2793933],[9.4558023,51.2794163],[9.4557539,51.2794238],[9.455486,51.2794655],[9.4546012,51.2796031],[9.4542321,51.2796605],[9.4541511,51.2796696],[9.4539927,51.2796879],[9.453877,51.2796787],[9.4537826,51.2796696],[9.4536948,51.2796578],[9.4536125,51.2796435],[9.4535352,51.2796226],[9.4534297,51.2795897],[9.453336,51.2795515],[9.4533068,51.2795396],[9.4531665,51.2794682],[9.4530716,51.2794087],[9.4529902,51.2793505],[9.4528822,51.279262],[9.4527753,51.2791609],[9.4526586,51.2790513],[9.452565,51.2789778],[9.4524826,51.2789108],[9.4523831,51.2788449],[9.452183,51.2787299],[9.4520135,51.2786456],[9.451907,51.2785993],[9.4518358,51.2785684]]}},{"type":"Feature","properties":{"way_id":185784904,"route_colors":["#7f5ca3","#8a4f38"],"route_refs":["5","6"]},"geometry":{"type":"LineString","coordinates":[[9.4518358,51.2785684],[9.4516922,51.2785169]]}},{"type":"Feature","properties":{"way_id":185784905,"route_colors":["#7f5ca3","#8a4f38"],"route_refs":["5","6"]},"geometry":{"type":"LineString","coordinates":[[9.4516922,51.2785169],[9.4498558,51.2779018],[9.449671,51.2778372],[9.4496331,51.2778232],[9.449556,51.2777947],[9.4493842,51.2777311],[9.4489528,51.2775528],[9.448909,51.2775329]]}},{"type":"Feature","properties":{"way_id":185719529,"route_colors":["#7f5ca3"],"route_refs":["5"]},"geometry":{"type":"LineString","coordinates":[[9.448909,51.2775329],[9.4488784,51.2775189],[9.4488602,51.2775107],[9.4487663,51.2774719],[9.4487355,51.2774581],[9.4486543,51.2774212],[9.4486348,51.2774125],[9.4485721,51.2773846],[9.4484978,51.2773515],[9.4484199,51.2773099],[9.4483963,51.2772973],[9.448266,51.277214]]}},{"type":"Feature","properties":{"way_id":188642194,"route_colors":["#7f5ca3","#0069b4"],"route_refs":["5","2"]},"geometry":{"type":"LineString","coordinates":[[9.4415059,51.2722644],[9.4412128,51.2720863]]}},{"type":"Feature","properties":{"way_id":185717061,"route_colors":["#7f5ca3","#0069b4"],"route_refs":["5","2"]},"geometry":{"type":"LineString","coordinates":[[9.4412128,51.2720863],[9.4410102,51.2719626],[9.440933,51.2719064],[9.440877,51.271861],[9.4407805,51.2717697],[9.4406546,51.2716233],[9.4398204,51.2706514],[9.4397155,51.2705294],[9.4395797,51.2703912],[9.439457,51.2702749],[9.439322,51.270166],[9.4391156,51.2700166],[9.4388421,51.2698399],[9.4386781,51.2697359],[9.4386218,51.269702],[9.4385123,51.2696362],[9.4384441,51.2695966],[9.4382744,51.2694973],[9.4381342,51.2694154],[9.4378934,51.2692747],[9.4376532,51.2691336],[9.437349,51.2689613],[9.437206,51.2688815],[9.436966,51.2687582],[9.4366994,51.2686249],[9.4360048,51.2683014],[9.4357884,51.2682013],[9.4349933,51.2678333],[9.4347549,51.2677218],[9.434526,51.2676083],[9.4341707,51.2674218],[9.4336818,51.2671491],[9.4326839,51.2665474],[9.4324778,51.2664235],[9.4322591,51.2662921],[9.4320454,51.2661657],[9.4318313,51.2660488],[9.4317513,51.2660069],[9.4316771,51.265968],[9.4315124,51.2658858],[9.4312473,51.2657631],[9.4309627,51.2656415],[9.4306191,51.265512]]}},{"type":"Feature","properties":{"way_id":185609898,"route_colors":["#7f5ca3","#0069b4"],"route_refs":["5","2"]},"geometry":{"type":"LineString","coordinates":[[9.4306191,51.265512],[9.4303787,51.2654282],[9.4301252,51.2653488]]}},{"type":"Feature","properties":{"way_id":185605026,"route_colors":["#7f5ca3","#0069b4"],"route_refs":["5","2"]},"geometry":{"type":"LineString","coordinates":[[9.4301252,51.2653488],[9.4296555,51.2652171],[9.4292263,51.2651082],[9.4284765,51.2649399],[9.4275071,51.2647299],[9.4273153,51.2646856],[9.4271146,51.264636],[9.4269226,51.2645848],[9.4267242,51.2645264],[9.4264783,51.2644461],[9.426218,51.2643529],[9.4259417,51.2642411],[9.4256427,51.264105],[9.4255599,51.2640669],[9.4254377,51.2640034],[9.425254,51.2639052],[9.4249634,51.2637404],[9.4248178,51.2636487],[9.4245916,51.2634854]]}},{"type":"Feature","properties":{"way_id":65050113,"route_colors":["#7f5ca3","#0069b4"],"route_refs":["5","2"]},"geometry":{"type":"LineString","coordinates":[[9.4252354,51.2599263],[9.4253744,51.260131],[9.425485,51.2603183],[9.4255962,51.2605291],[9.4261672,51.2617366],[9.4261845,51.2617811],[9.4261996,51.2618261],[9.4262052,51.2618728],[9.4262071,51.2619266],[9.426203,51.2619807],[9.4261865,51.2620377],[9.4261596,51.2620976],[9.4261125,51.2621655],[9.4260781,51.2622045],[9.4259961,51.2622791],[9.4259733,51.2622951],[9.4259488,51.2623091],[9.4259124,51.2623295],[9.425891,51.26234],[9.4257871,51.2623898],[9.4257739,51.2623957],[9.4257463,51.2624079],[9.4245417,51.2629397],[9.4244784,51.2629774],[9.4244263,51.2630181],[9.4243943,51.2630546],[9.4243705,51.2630921],[9.4243684,51.2630975],[9.4243662,51.2631031],[9.4243528,51.2631373],[9.4243484,51.2631722],[9.4243453,51.2631966],[9.4243487,51.2632223],[9.4243525,51.2632521],[9.4243744,51.2632991],[9.4244066,51.2633398],[9.4244388,51.2633715],[9.4245128,51.2634303],[9.4245916,51.2634854]]}},{"type":"Feature","properties":{"way_id":508160706,"route_colors":["#7f5ca3","#0069b4"],"route_refs":["5","2"]},"geometry":{"type":"LineString","coordinates":[[9.4245444,51.2592022],[9.4248242,51.2594644],[9.4250743,51.2597288],[9.4252354,51.2599263]]}},{"type":"Feature","properties":{"way_id":234716797,"route_colors":["#7f5ca3","#0069b4"],"route_refs":["5","2"]},"geometry":{"type":"LineString","coordinates":[[9.4221349,51.2578134],[9.4224335,51.258043],[9.4226656,51.2581947],[9.4229222,51.2583309],[9.4232171,51.2584656],[9.4238664,51.258776],[9.4241038,51.258908],[9.4243324,51.2590502],[9.424441,51.259125],[9.4245444,51.2592022]]}},{"type":"Feature","properties":{"way_id":234716798,"route_colors":["#7f5ca3","#0069b4"],"route_refs":["5","2"]},"geometry":{"type":"LineString","coordinates":[[9.42164,51.2572394],[9.4219127,51.2575756],[9.4221349,51.2578134]]}},{"type":"Feature","properties":{"way_id":377592082,"route_colors":["#7f5ca3","#0069b4"],"route_refs":["5","2"]},"geometry":{"type":"LineString","coordinates":[[9.4211003,51.2562777],[9.4211366,51.2563418],[9.42164,51.2572394]]}},{"type":"Feature","properties":{"way_id":377592081,"route_colors":["#7f5ca3","#0069b4"],"route_refs":["5","2"]},"geometry":{"type":"LineString","coordinates":[[9.4210243,51.2561424],[9.4211003,51.2562777]]}},{"type":"Feature","properties":{"way_id":302040414,"route_colors":["#7f5ca3","#0069b4"],"route_refs":["5","2"]},"geometry":{"type":"LineString","coordinates":[[9.4209584,51.2560157],[9.4210243,51.2561424]]}},{"type":"Feature","properties":{"way_id":290705490,"route_colors":["#7f5ca3","#0069b4"],"route_refs":["5","2"]},"geometry":{"type":"LineString","coordinates":[[9.4209584,51.2560157],[9.420616,51.2553831],[9.420423,51.2550647],[9.420416,51.2550552],[9.4202216,51.254792],[9.4200353,51.2545911],[9.4198305,51.2543938],[9.4196123,51.2542155],[9.4194212,51.2540751],[9.4192153,51.2539371],[9.419008,51.253811],[9.4186963,51.2536455],[9.4184158,51.2535139],[9.4180886,51.2533827],[9.4177799,51.2532741],[9.4175483,51.2532013],[9.4172326,51.2531167],[9.4171513,51.2530988],[9.4167818,51.2530187]]}},{"type":"Feature","properties":{"way_id":290705489,"route_colors":["#7f5ca3","#0069b4"],"route_refs":["5","2"]},"geometry":{"type":"LineString","coordinates":[[9.412845,51.2528033],[9.414069,51.2528393],[9.4149854,51.2528642],[9.415191,51.2528681],[9.4152989,51.2528702],[9.4154448,51.2528737],[9.4155331,51.252878],[9.4158221,51.2528938],[9.4161792,51.2529263],[9.4164849,51.2529681],[9.4167818,51.2530187]]}},{"type":"Feature","properties":{"way_id":234716799,"route_colors":["#7f5ca3","#0069b4"],"route_refs":["5","2"]},"geometry":{"type":"LineString","coordinates":[[9.412845,51.2528033],[9.4122281,51.2528232],[9.4120014,51.252819],[9.4116001,51.2528089],[9.4111936,51.2527987],[9.4100103,51.2527736],[9.4098287,51.2527609],[9.4094468,51.2527143]]}},{"type":"Feature","properties":{"way_id":22690614,"route_colors":["#7f5ca3","#0069b4"],"route_refs":["5","2"]},"geometry":{"type":"LineString","coordinates":[[9.4094468,51.2527143],[9.409411,51.2527138],[9.4093257,51.2527104],[9.4092319,51.2527078],[9.4060468,51.2526203],[9.405573,51.2526007],[9.4052933,51.252584],[9.405135,51.252571],[9.4028336,51.2523876],[9.4024011,51.2523544],[9.4019006,51.2523148],[9.4014022,51.2522675],[9.3986203,51.2518926],[9.3983215,51.2518549],[9.3979082,51.2518102],[9.3973351,51.2517592],[9.3969904,51.251736],[9.3966488,51.2517183],[9.396301,51.2517065],[9.3960034,51.2517041],[9.3954353,51.2517016],[9.3947087,51.2517177],[9.3940717,51.251748],[9.3937119,51.2517663],[9.3931503,51.2518017],[9.3926469,51.251864],[9.3921711,51.2519326]]}},{"type":"Feature","properties":{"way_id":185822013,"route_colors":["#7f5ca3","#0069b4"],"route_refs":["5","2"]},"geometry":{"type":"LineString","coordinates":[[9.3921711,51.2519326],[9.3919492,51.2519869],[9.3917876,51.2520348],[9.3915649,51.2521009]]}},{"type":"Feature","properties":{"way_id":185828552,"route_colors":["#7f5ca3","#0069b4"],"route_refs":["5","2"]},"geometry":{"type":"LineString","coordinates":[[9.3915649,51.2521009],[9.3912835,51.2521578],[9.3906606,51.2522671]]}},{"type":"Feature","properties":{"way_id":200027388,"route_colors":["#7f5ca3"],"route_refs":["5"]},"geometry":{"type":"LineString","coordinates":[[9.4032529,51.2523943],[9.4026282,51.252345]]}},{"type":"Feature","properties":{"way_id":234716777,"route_colors":["#7f5ca3","#0069b4"],"route_refs":["5","2"]},"geometry":{"type":"LineString","coordinates":[[9.4111922,51.2527411],[9.4112567,51.2527427],[9.411258,51.2527203],[9.4111945,51.2527188],[9.4109753,51.2527141],[9.4108531,51.2527106],[9.4106298,51.252705],[9.410473,51.2527011],[9.4104153,51.2527001],[9.4103188,51.2526978],[9.4103174,51.2527203],[9.4111922,51.2527411]]}},{"type":"Feature","properties":{"way_id":234716783,"route_colors":["#7f5ca3","#0069b4"],"route_refs":["5","2"]},"geometry":{"type":"LineString","coordinates":[[9.4204031,51.2549109],[9.4203814,51.2548843],[9.4201246,51.2545964]]}},{"type":"Feature","properties":{"way_id":234716794,"route_colors":["#7f5ca3","#0069b4"],"route_refs":["5","2"]},"geometry":{"type":"LineString","coordinates":[[9.4260418,51.2622969],[9.4261461,51.2621898],[9.4262079,51.2620912],[9.4262419,51.2619878],[9.4262372,51.2618898]]}},{"type":"Feature","properties":{"way_id":234716781,"route_colors":["#7f5ca3","#0069b4"],"route_refs":["5","2"]},"geometry":{"type":"LineString","coordinates":[[9.4250086,51.2636932],[9.4252512,51.2638413],[9.4253916,51.2639223],[9.4254834,51.2639663]]}},{"type":"Feature","properties":{"way_id":262298708,"route_colors":["#7f5ca3","#0069b4"],"route_refs":["5","2"]},"geometry":{"type":"LineString","coordinates":[[9.4353595,51.2679417],[9.4358338,51.2681604]]}},{"type":"Feature","properties":{"way_id":290705506,"route_colors":["#7f5ca3","#0069b4"],"route_refs":["5","2"]},"geometry":{"type":"LineString","coordinates":[[9.4376836,51.2690804],[9.4381877,51.2693743]]}},{"type":"Feature","properties":{"way_id":290705496,"route_colors":["#7f5ca3","#8a4f38"],"route_refs":["5","6"]},"geometry":{"type":"LineString","coordinates":[[9.4489948,51.2774984],[9.4495487,51.2777266]]}},{"type":"Feature","properties":{"way_id":503936420,"route_colors":["#7f5ca3","#8a4f38"],"route_refs":["5","6"]},"geometry":{"type":"LineString","coordinates":[[9.454616,51.2795562],[9.4557067,51.2793871],[9.4557007,51.279372],[9.4556943,51.2793559],[9.4546073,51.2795334],[9.4546122,51.2795463],[9.454616,51.2795562]]}},{"type":"Feature","properties":{"way_id":385609558,"route_colors":["#7f5ca3","#8a4f38"],"route_refs":["5","6"]},"geometry":{"type":"LineString","coordinates":[[9.4643377,51.2820664],[9.4643502,51.2820402],[9.4649261,51.2821625],[9.4649377,51.2821462],[9.4651165,51.2821838],[9.4651058,51.282198],[9.4653024,51.2822417],[9.4653106,51.282227],[9.4653227,51.2822297],[9.4653406,51.2822336],[9.4653183,51.2822725],[9.4653013,51.2822689],[9.4643377,51.2820664]]}},{"type":"Feature","properties":{"way_id":367617845,"route_colors":["#7f5ca3","#8a4f38"],"route_refs":["5","6"]},"geometry":{"type":"LineString","coordinates":[[9.4691822,51.2852356],[9.4691795,51.2856566],[9.4691812,51.2857162]]}},{"type":"Feature","properties":{"way_id":572203667,"route_colors":["#7f5ca3","#8a4f38"],"route_refs":["5","6"]},"geometry":{"type":"LineString","coordinates":[[9.4730949,51.2904435],[9.4730859,51.2904347],[9.4727518,51.2901051],[9.4727307,51.2900848]]}},{"type":"Feature","properties":{"way_id":572203665,"route_colors":["#7f5ca3","#8a4f38"],"route_refs":["5","6"]},"geometry":{"type":"LineString","coordinates":[[9.4765006,51.2936187],[9.4764739,51.293596],[9.4760489,51.2932402],[9.476023,51.2932188]]}},{"type":"Feature","properties":{"way_id":572203663,"route_colors":["#7f5ca3","#8a4f38"],"route_refs":["5","6"]},"geometry":{"type":"LineString","coordinates":[[9.4793274,51.2962843],[9.4793054,51.29626],[9.4788959,51.2958116],[9.4788768,51.295791]]}},{"type":"Feature","properties":{"way_id":40152473,"route_colors":["#7f5ca3","#0069b4"],"route_refs":["5","2"]},"geometry":{"type":"LineString","coordinates":[[9.390898,51.2523105],[9.3911176,51.2522419],[9.3911533,51.2522307],[9.3915649,51.2521009]]}},{"type":"Feature","properties":{"way_id":290705491,"route_colors":["#7f5ca3","#0069b4"],"route_refs":["5","2"]},"geometry":{"type":"LineString","coordinates":[[9.4094468,51.2527143],[9.4098611,51.2527246],[9.4102215,51.2527334]]}},{"type":"Feature","properties":{"way_id":311466123,"route_colors":["#7f5ca3","#0069b4"],"route_refs":["5","2"]},"geometry":{"type":"LineString","coordinates":[[9.4102215,51.2527334],[9.410453,51.252734],[9.4107244,51.2527398],[9.4111911,51.2527532],[9.411333,51.2527633]]}},{"type":"Feature","properties":{"way_id":311466122,"route_colors":["#7f5ca3","#0069b4"],"route_refs":["5","2"]},"geometry":{"type":"LineString","coordinates":[[9.411333,51.2527633],[9.4120007,51.2527828],[9.4121935,51.2527842],[9.412845,51.2528033]]}},{"type":"Feature","properties":{"way_id":185822005,"route_colors":["#7f5ca3","#0069b4"],"route_refs":["5","2"]},"geometry":{"type":"LineString","coordinates":[[9.4167818,51.2530187],[9.4172323,51.2530998],[9.4175261,51.253163],[9.4177691,51.253231],[9.4180761,51.2533348],[9.4183768,51.2534547],[9.4187181,51.2536098],[9.4190035,51.2537593],[9.4192341,51.2538962],[9.4195283,51.2540952],[9.4196845,51.2542131],[9.4197945,51.2543041],[9.4199977,51.2544853],[9.4201447,51.2546353],[9.4202929,51.2548029],[9.4203479,51.2548734],[9.420469,51.2550428],[9.4204774,51.2550545],[9.4205838,51.2552217],[9.4207927,51.2556004],[9.4208388,51.2557005],[9.4208953,51.2558543],[9.4209584,51.2560157]]}},{"type":"Feature","properties":{"way_id":25472035,"route_colors":["#7f5ca3","#0069b4"],"route_refs":["5","2"]},"geometry":{"type":"LineString","coordinates":[[9.4245916,51.2634854],[9.424658,51.2635282],[9.4248598,51.2636341],[9.4250546,51.2637511],[9.4252464,51.263866],[9.4254629,51.2639832],[9.4257506,51.264124],[9.4259668,51.2642203],[9.4262425,51.2643306],[9.4264951,51.2644219],[9.4267449,51.2645027],[9.4269373,51.2645595],[9.4271303,51.2646108],[9.4273278,51.2646596],[9.4275253,51.2647056],[9.4284567,51.2649077],[9.4292258,51.2650794],[9.4296717,51.2651925],[9.4301412,51.2653241]]}},{"type":"Feature","properties":{"way_id":30024933,"route_colors":["#7f5ca3","#0069b4"],"route_refs":["5","2"]},"geometry":{"type":"LineString","coordinates":[[9.4301412,51.2653241],[9.430394,51.265403],[9.4306469,51.2654902]]}},{"type":"Feature","properties":{"way_id":30024952,"route_colors":["#7f5ca3","#0069b4"],"route_refs":["5","2"]},"geometry":{"type":"LineString","coordinates":[[9.4306469,51.2654902],[9.4309838,51.2656183],[9.4312716,51.2657406],[9.4315355,51.2658619],[9.4317295,51.2659574],[9.4320691,51.2661433],[9.4322892,51.2662714],[9.4325657,51.2664358],[9.4327105,51.2665267],[9.4337361,51.2671438],[9.4342333,51.2674204],[9.4345525,51.2675876],[9.4347802,51.2677003],[9.4350167,51.2678112],[9.4355934,51.2680773],[9.4358129,51.2681792],[9.4363127,51.2684112],[9.4366754,51.26858],[9.4370319,51.2687558],[9.4373789,51.2689419],[9.4377164,51.2691318],[9.4380332,51.269319],[9.4381627,51.2693942],[9.4383024,51.2694761],[9.4384741,51.2695776],[9.4386014,51.2696529],[9.43874,51.2697355],[9.4388778,51.2698244],[9.4391582,51.2700039],[9.4393582,51.2701507],[9.4394922,51.270259],[9.4396223,51.2703803],[9.4397556,51.2705178],[9.43986,51.2706401],[9.4406917,51.2716072],[9.4408275,51.2717565],[9.4409201,51.2718415],[9.4410521,51.2719372],[9.4411385,51.2719897],[9.4413105,51.2720942]]}},{"type":"Feature","properties":{"way_id":185717062,"route_colors":["#7f5ca3","#0069b4"],"route_refs":["5","2"]},"geometry":{"type":"LineString","coordinates":[[9.4413105,51.2720942],[9.441884,51.2724427],[9.44191,51.2724585]]}},{"type":"Feature","properties":{"way_id":19780573,"route_colors":["#7f5ca3","#0069b4"],"route_refs":["5","2"]},"geometry":{"type":"LineString","coordinates":[[9.44191,51.2724585],[9.4419653,51.2725039],[9.442041,51.2725736],[9.4421388,51.272689]]}},{"type":"Feature","properties":{"way_id":49276297,"route_colors":["#7f5ca3"],"route_refs":["5"]},"geometry":{"type":"LineString","coordinates":[[9.448298,51.2771831],[9.4484275,51.27727],[9.4485326,51.2773259],[9.4486318,51.2773727],[9.4486425,51.2773778],[9.4486983,51.2774019],[9.4488018,51.2774467],[9.4488295,51.2774587],[9.4488794,51.2774795],[9.4489211,51.2774968]]}},{"type":"Feature","properties":{"way_id":311039992,"route_colors":["#7f5ca3","#8a4f38"],"route_refs":["5","6"]},"geometry":{"type":"LineString","coordinates":[[9.4489211,51.2774968],[9.4493161,51.2776642],[9.4495357,51.27775],[9.4495858,51.2777686],[9.4496783,51.2778029],[9.4496998,51.2778109],[9.4518006,51.2785186]]}},{"type":"Feature","properties":{"way_id":185784901,"route_colors":["#7f5ca3","#8a4f38"],"route_refs":["5","6"]},"geometry":{"type":"LineString","coordinates":[[9.4518006,51.2785186],[9.4519349,51.2785715]]}},{"type":"Feature","properties":{"way_id":185784902,"route_colors":["#7f5ca3","#8a4f38"],"route_refs":["5","6"]},"geometry":{"type":"LineString","coordinates":[[9.4519349,51.2785715],[9.4519738,51.2785886],[9.4520772,51.2786342],[9.4522091,51.2787002],[9.4524115,51.2788179],[9.4526029,51.278952],[9.4527008,51.2790336],[9.4528106,51.2791335],[9.4529186,51.2792377],[9.452975,51.2792882],[9.4530228,51.2793263],[9.4531545,51.2794159],[9.453286,51.2794884],[9.4533243,51.2795055],[9.4534264,51.2795511],[9.4535165,51.279584],[9.4536151,51.2796096],[9.4537095,51.2796266],[9.4538054,51.2796387],[9.4539068,51.2796458],[9.4540579,51.2796477],[9.4542048,51.2796298],[9.454588,51.2795696],[9.4554739,51.2794305],[9.4557387,51.279391],[9.4557747,51.2793856],[9.4560342,51.2793509],[9.4562085,51.2793355],[9.4563999,51.2793244],[9.456634,51.2793214],[9.4569027,51.2793355],[9.457142,51.2793611],[9.4573553,51.2793953],[9.4575049,51.2794247],[9.4576288,51.2794551],[9.457726,51.2794843],[9.4577955,51.2795034],[9.4579812,51.2795672],[9.4581385,51.2796282],[9.4583044,51.2797062],[9.4584697,51.2797874],[9.4586644,51.2798863],[9.4589371,51.2800248],[9.459863,51.2804869],[9.460072,51.2805839],[9.4602514,51.2806565],[9.460427,51.2807193],[9.460969,51.2808947],[9.4611072,51.2809437],[9.4612413,51.2809951],[9.4615057,51.2811109],[9.4622416,51.2814825],[9.4624282,51.2815669],[9.4626168,51.2816427],[9.4627803,51.2817016],[9.4629544,51.2817582],[9.4631373,51.281811],[9.4633257,51.2818584],[9.4637198,51.2819435],[9.4640245,51.2820079],[9.4642994,51.2820665],[9.465017,51.2822194],[9.4652959,51.2822785],[9.4653121,51.2822819],[9.465653,51.2823551],[9.4663136,51.2825198],[9.4667113,51.2826287],[9.4673511,51.2828157],[9.4676052,51.2828951],[9.4676993,51.2829347],[9.467872,51.2830074],[9.468061,51.2831148],[9.4682125,51.2832124],[9.4683191,51.2832933],[9.4685769,51.2835297],[9.468702,51.2836701],[9.4688297,51.283845],[9.4689495,51.2840355],[9.4690219,51.284184],[9.4691007,51.2844221],[9.4691236,51.2845186],[9.4691456,51.2846114]]}},{"type":"Feature","properties":{"way_id":4286886,"route_colors":["#7f5ca3","#8a4f38"],"route_refs":["5","6"]},"geometry":{"type":"LineString","coordinates":[[9.4691456,51.2846114],[9.4691561,51.2847129],[9.46916,51.2847598],[9.4691631,51.2847957]]}},{"type":"Feature","properties":{"way_id":8372138,"route_colors":["#7f5ca3","#8a4f38"],"route_refs":["5","6"]},"geometry":{"type":"LineString","coordinates":[[9.4691631,51.2847957],[9.4691607,51.2849333],[9.4691271,51.2854412]]}},{"type":"Feature","properties":{"way_id":8372165,"route_colors":["#7f5ca3","#8a4f38"],"route_refs":["5","6"]},"geometry":{"type":"LineString","coordinates":[[9.4691271,51.2854412],[9.4691263,51.2855713],[9.469146,51.2857057]]}},{"type":"Feature","properties":{"way_id":8372183,"route_colors":["#7f5ca3","#8a4f38"],"route_refs":["5","6"]},"geometry":{"type":"LineString","coordinates":[[9.469146,51.2857057],[9.4691617,51.2858091],[9.469198,51.2859081]]}},{"type":"Feature","properties":{"way_id":8372206,"route_colors":["#7f5ca3","#8a4f38"],"route_refs":["5","6"]},"geometry":{"type":"LineString","coordinates":[[9.469198,51.2859081],[9.4692657,51.286084],[9.4693585,51.2862433],[9.4695691,51.2865348],[9.4702381,51.2873615],[9.4703021,51.2874407],[9.4705898,51.2877961],[9.4709424,51.2882318],[9.4711502,51.2884886],[9.4713761,51.2887469],[9.4716103,51.288993],[9.4718501,51.2892334],[9.4723421,51.2897226],[9.4727412,51.2901094],[9.4729392,51.2903013],[9.4730682,51.2904314],[9.4730757,51.290439],[9.4733087,51.2906673],[9.4733788,51.2907349],[9.4735162,51.2908652],[9.4736029,51.2909494],[9.4736693,51.2910139],[9.4750685,51.2923634],[9.4750872,51.2923832],[9.4755022,51.2927749],[9.4755604,51.2928257],[9.4757537,51.293014],[9.4760233,51.2932542],[9.4763353,51.2935158],[9.4764436,51.2936112],[9.477129,51.2941639],[9.4775551,51.2945241],[9.4779686,51.2948982],[9.4783346,51.2952637],[9.4785939,51.2955226],[9.478864,51.2958231],[9.4791452,51.2961319],[9.479274,51.2962709],[9.4797569,51.2967953],[9.4801505,51.2972236],[9.4803454,51.2974414],[9.4804567,51.2975765],[9.480586,51.2977612],[9.4806957,51.297956],[9.4807551,51.2980678],[9.4808178,51.2981856],[9.4809176,51.2983726],[9.4810133,51.2985519]]}},{"type":"Feature","properties":{"way_id":185804468,"route_colors":["#7f5ca3","#8a4f38"],"route_refs":["5","6"]},"geometry":{"type":"LineString","coordinates":[[9.4810133,51.2985519],[9.4810148,51.2985546],[9.4811577,51.2988246]]}},{"type":"Feature","properties":{"way_id":618100682,"route_colors":["#7f5ca3","#8a4f38"],"route_refs":["5","6"]},"geometry":{"type":"LineString","coordinates":[[9.4811577,51.2988246],[9.4813453,51.2991697]]}},{"type":"Feature","properties":{"way_id":1504648322,"route_colors":["#7f5ca3","#8a4f38"],"route_refs":["5","6"]},"geometry":{"type":"LineString","coordinates":[[9.4919584,51.3117453],[9.4918227,51.3118315]]}},{"type":"Feature","properties":{"way_id":59140244,"route_colors":["#7f5ca3","#8a4f38"],"route_refs":["5","6"]},"geometry":{"type":"LineString","coordinates":[[9.4918227,51.3118315],[9.4918123,51.3118393],[9.4917998,51.3118498],[9.4917924,51.3118586],[9.491785,51.3118722],[9.4917788,51.3118862],[9.4917738,51.3119007],[9.4917711,51.3119149],[9.4917685,51.3119344],[9.491769,51.311957],[9.4917692,51.3119728],[9.491773,51.311995],[9.4917796,51.3120132],[9.4917917,51.3120318],[9.4918041,51.3120452],[9.4918149,51.3120538],[9.4918321,51.3120653]]}},{"type":"Feature","properties":{"way_id":59486219,"route_colors":["#8a4f38"],"route_refs":["6"]},"geometry":{"type":"LineString","coordinates":[[9.5131964,51.3273881],[9.5132337,51.3273874],[9.5132551,51.3278347],[9.5132567,51.3278681],[9.5132192,51.3278688],[9.5132176,51.3278354],[9.5131964,51.3273881]]}},{"type":"Feature","properties":{"way_id":427113532,"route_colors":["#8a4f38"],"route_refs":["6"]},"geometry":{"type":"LineString","coordinates":[[9.5133316,51.3308131],[9.5133335,51.3306787],[9.5133344,51.3306134],[9.5133341,51.3305755],[9.5133351,51.3303319],[9.5133341,51.330268],[9.5133366,51.3300479]]}},{"type":"Feature","properties":{"way_id":229100495,"route_colors":["#8a4f38"],"route_refs":["6"]},"geometry":{"type":"LineString","coordinates":[[9.5133366,51.3300479],[9.5133335,51.3292352],[9.5132934,51.3283259],[9.5132714,51.3278346],[9.5132556,51.3274888],[9.5131968,51.3266511],[9.5131781,51.3263887],[9.5131544,51.3260799],[9.5131267,51.325763],[9.5131176,51.3256357],[9.5131031,51.325342]]}},{"type":"Feature","properties":{"way_id":427113531,"route_colors":["#8a4f38"],"route_refs":["6"]},"geometry":{"type":"LineString","coordinates":[[9.5131031,51.325342],[9.5130733,51.3248973],[9.5130654,51.3247839],[9.5130571,51.3247138],[9.513049,51.3246614],[9.5130377,51.3246014],[9.5130236,51.3244804],[9.5130087,51.3243278]]}},{"type":"Feature","properties":{"way_id":185719523,"route_colors":["#8a4f38"],"route_refs":["6"]},"geometry":{"type":"LineString","coordinates":[[9.448909,51.2775329],[9.4488782,51.277524],[9.4488527,51.2775167],[9.4487982,51.2775045],[9.4487407,51.2774997],[9.4486866,51.277499],[9.4486339,51.277502],[9.4485801,51.2775105],[9.4485253,51.2775258],[9.4484761,51.277546],[9.4484383,51.2775665],[9.4483974,51.2775946],[9.448384,51.2776073],[9.4483718,51.2776188],[9.448335,51.2776626]]}},{"type":"Feature","properties":{"way_id":59486208,"route_colors":["#8a4f38"],"route_refs":["6"]},"geometry":{"type":"LineString","coordinates":[[9.5133025,51.327387],[9.5133373,51.3273864],[9.5133571,51.3278342],[9.5133585,51.3278644],[9.5133235,51.327865],[9.5133221,51.3278343],[9.5133025,51.327387]]}},{"type":"Feature","properties":{"way_id":185719525,"route_colors":["#8a4f38"],"route_refs":["6"]},"geometry":{"type":"LineString","coordinates":[[9.4483095,51.2776154],[9.4483289,51.2775955],[9.4483518,51.2775723],[9.4483846,51.2775475],[9.4484076,51.2775311],[9.4484228,51.2775203],[9.4484661,51.2774994],[9.448511,51.2774834],[9.4485567,51.277472],[9.448599,51.2774633],[9.4486596,51.2774575],[9.4487151,51.277457],[9.4487355,51.2774581],[9.448768,51.2774598],[9.44878,51.2774621],[9.448812,51.2774684],[9.4488622,51.2774782],[9.4488793,51.2774836],[9.4489211,51.2774968]]}},{"type":"Feature","properties":{"way_id":427113529,"route_colors":["#8a4f38"],"route_refs":["6"]},"geometry":{"type":"LineString","coordinates":[[9.5130566,51.3243269],[9.5130754,51.3245448],[9.5130813,51.3245984],[9.5130916,51.3246624],[9.5131017,51.3247301],[9.5131094,51.3247937],[9.5131187,51.3248971],[9.5131401,51.3253407]]}},{"type":"Feature","properties":{"way_id":37806455,"route_colors":["#8a4f38"],"route_refs":["6"]},"geometry":{"type":"LineString","coordinates":[[9.5131401,51.3253407],[9.5131549,51.3256362],[9.5131653,51.3257642],[9.5131899,51.3260777],[9.513212,51.3263876],[9.5132298,51.3266496],[9.5132926,51.3274881],[9.5133019,51.3277013],[9.5133067,51.3278344],[9.5133283,51.3283228],[9.5133684,51.3292348],[9.5133767,51.3300485]]}},{"type":"Feature","properties":{"way_id":427113528,"route_colors":["#8a4f38"],"route_refs":["6"]},"geometry":{"type":"LineString","coordinates":[[9.5133767,51.3300485],[9.5133772,51.3303321],[9.5133772,51.330589],[9.5133771,51.3306125],[9.5133759,51.3308126]]}}]}