{"type":"FeatureCollection","metro_system":{"continent":"europe","country":"Germany","city":"Bonn","official_website":null,"official_map":"https://de.wikipedia.org/wiki/Verkehrsverbund_Rhein-Sieg","wikipedia":"de:Verkehrsverbund Rhein-Sieg","line_count":9,"segment_count":22,"station_count":141,"modes":["tram"],"audit":{"strategies_tried":[],"passed":true,"checks":[{"id":"has_lines","ok":true,"detail":"9 lines","level":"error"},{"id":"has_stations","ok":true,"detail":"142 stations","level":"error"},{"id":"stations_have_lines","ok":true,"detail":"142/142 站皆有所屬路線","level":"error"},{"id":"line_geometry_stations","ok":true,"detail":"166 個折點/端點皆為車站","level":"error"},{"id":"route_stations_match_geometry","ok":true,"detail":"各線車站列表與圖面一致","level":"error"},{"id":"interchange_rule","ok":true,"detail":"所有車站紅/藍點符合骨架＋路線色規則（藍＝端點、紅＝交叉）","level":"error"},{"id":"stations_named","ok":true,"detail":"142/142 站皆有名稱","level":"error"},{"id":"station_order","ok":true,"detail":"所有線路站序合理","level":"warn"},{"id":"station_span","ok":true,"detail":"各線相鄰站距與系統站群跨度正常","level":"error"},{"id":"line_wiki_stations","ok":true,"detail":"各線站數與 wiki 線路條目相符（營運中站數）","level":"error"},{"id":"line_wiki_coverage","ok":false,"detail":"9 條線無 wiki 站數對照：Linie 66、Linie 67、Linie 62","level":"warn"}],"reasons":[],"warnings":["9 條線無 wiki 站數對照：Linie 66、Linie 67、Linie 62"],"audited_at":"2026-07-27T05:42:56.565Z"}},"features":[{"type":"Feature","properties":{"seg_id":"bonn-0","routes":[{"route_id":"rm2026292","route_name":"Linie 66","route_name_local":"Linie 66","route_name_en":null,"route_ref":"66","route_color":"#e5007d","wikipedia":"de:Verkehrsverbund Rhein-Sieg","osm_route_ids":[34474,1694615],"status":null,"order_suspect":0,"span_suspect":0,"stations":[{"station_id":"n31182163","station_name":"Siegburg Bahnhof"},{"station_id":"n1876241962","station_name":"Sankt Augustin-Mülldorf"},{"station_id":"n31261077","station_name":"Sankt Augustin Zentrum/Hochschule Bonn-Rhein-Sieg"},{"station_id":"n300423694","station_name":"Sankt Augustin Kloster"},{"station_id":"n282505473","station_name":"Sankt Augustin Ort"},{"station_id":"n31260710","station_name":"Hangelar Ost"},{"station_id":"n1876241477","station_name":"Hangelar Mitte"},{"station_id":"n1876241483","station_name":"Hangelar West"},{"station_id":"n633633942","station_name":"Vilich-Müldorf"},{"station_id":"n1079448045","station_name":"Vilich"},{"station_id":"n1887366575","station_name":"Adelheidisstraße"},{"station_id":"n633769844","station_name":"Konrad-Adenauer-Platz"},{"station_id":"n26699862","station_name":"Bertha-von-Suttner-Platz / Beethovenhaus"},{"station_id":"junc:7.09830:50.73746","station_name":""},{"station_id":"n26699858","station_name":"Stadthaus"},{"station_id":"n293704285","station_name":"Bonn Hauptbahnhof"},{"station_id":"n31001576","station_name":"Universität / Markt"},{"station_id":"n1821574892","station_name":"Juridicum"},{"station_id":"n1821574884","station_name":"Bundesrechnungshof/Auswärtiges Amt"},{"station_id":"n1821574881","station_name":"Museum Koenig"},{"station_id":"n1821574842","station_name":"Heussallee/Museumsmeile"},{"station_id":"n1856360612","station_name":"Ollenhauerstraße"},{"station_id":"n1821574761","station_name":"Olof-Palme-Allee"},{"station_id":"junc:7.13309:50.70494","station_name":""},{"station_id":"n26723664","station_name":"Robert-Schuman-Platz"},{"station_id":"n654851362","station_name":"Rheinaue"},{"station_id":"n27402089","station_name":"Ramersdorf"},{"station_id":"n27398414","station_name":"Oberkassel Nord"},{"station_id":"n928976153","station_name":"Oberkassel Mitte"},{"station_id":"n524126976","station_name":"Oberkassel Süd / Römlinghoven"},{"station_id":"n27401191","station_name":"Oberdollendorf Nord"},{"station_id":"n27401197","station_name":"Oberdollendorf"},{"station_id":"n27401210","station_name":"Longenburg / CJD Königswinter"},{"station_id":"n27401216","station_name":"Königswinter Clemens-August-Straße"},{"station_id":"n26928057","station_name":"Königswinter Fähre"},{"station_id":"n27401232","station_name":"Königswinter Denkmal"},{"station_id":"n27401226","station_name":"Rhöndorf"},{"station_id":"n27401240","station_name":"Am Spitzenbach"},{"station_id":"n27401243","station_name":"Bad Honnef Stadtbahn"}]},{"route_id":"rm2026293","route_name":"Linie 67","route_name_local":"Linie 67","route_name_en":null,"route_ref":"67","route_color":"#ee99bf","wikipedia":"de:Verkehrsverbund Rhein-Sieg","osm_route_ids":[34489,1353066],"status":null,"order_suspect":0,"span_suspect":0,"stations":[{"station_id":"n31182163","station_name":"Siegburg Bahnhof"},{"station_id":"n1876241962","station_name":"Sankt Augustin-Mülldorf"},{"station_id":"n31261077","station_name":"Sankt Augustin Zentrum/Hochschule Bonn-Rhein-Sieg"},{"station_id":"n300423694","station_name":"Sankt Augustin Kloster"},{"station_id":"n282505473","station_name":"Sankt Augustin Ort"},{"station_id":"n31260710","station_name":"Hangelar Ost"},{"station_id":"n1876241477","station_name":"Hangelar Mitte"},{"station_id":"n1876241483","station_name":"Hangelar West"},{"station_id":"n633633942","station_name":"Vilich-Müldorf"},{"station_id":"n1079448045","station_name":"Vilich"},{"station_id":"n1887366575","station_name":"Adelheidisstraße"},{"station_id":"n633769844","station_name":"Konrad-Adenauer-Platz"},{"station_id":"n26699862","station_name":"Bertha-von-Suttner-Platz / Beethovenhaus"},{"station_id":"junc:7.09830:50.73746","station_name":""},{"station_id":"n26699858","station_name":"Stadthaus"},{"station_id":"n293704285","station_name":"Bonn Hauptbahnhof"},{"station_id":"n31001576","station_name":"Universität / Markt"},{"station_id":"n1821574892","station_name":"Juridicum"},{"station_id":"n1821574884","station_name":"Bundesrechnungshof/Auswärtiges Amt"},{"station_id":"n1821574881","station_name":"Museum Koenig"},{"station_id":"n1821574842","station_name":"Heussallee/Museumsmeile"},{"station_id":"n1856360612","station_name":"Ollenhauerstraße"},{"station_id":"n1821574761","station_name":"Olof-Palme-Allee"},{"station_id":"n1885260747","station_name":"Max-Löbner-Straße"},{"station_id":"n1885260745","station_name":"Hochkreuz / Deutsches Museum Bonn"},{"station_id":"n1885260876","station_name":"Wurzerstraße"},{"station_id":"n1885260749","station_name":"Plittersdorfer Straße"},{"station_id":"n1885260743","station_name":"Bad Godesberg Bahnhof"},{"station_id":"n1885260873","station_name":"Stadthalle"}]}],"route_count":2,"route_refs":["66","67"],"route_colors":["#e5007d","#ee99bf"],"city":"Bonn","country":"Germany"},"geometry":{"type":"MultiLineString","coordinates":[[[7.203003266666666,50.79324566666667],[7.193798666666667,50.78496423333333],[7.188088566666667,50.776824500000004],[7.185175866666666,50.77396530000001],[7.180017199999999,50.769995599999994],[7.171802366666667,50.76373726666666],[7.165813666666668,50.760129299999996],[7.158388533333333,50.75797213333333],[7.147701766666667,50.75438046666667],[7.1293555,50.75093669999999],[7.125734633333334,50.74766016666667],[7.118290619999999,50.7394334]]]}},{"type":"Feature","properties":{"seg_id":"bonn-1","routes":[{"route_id":"rm2026292","route_name":"Linie 66","route_name_local":"Linie 66","route_name_en":null,"route_ref":"66","route_color":"#e5007d","wikipedia":"de:Verkehrsverbund Rhein-Sieg","osm_route_ids":[34474,1694615],"status":null,"order_suspect":0,"span_suspect":0,"stations":[{"station_id":"n31182163","station_name":"Siegburg Bahnhof"},{"station_id":"n1876241962","station_name":"Sankt Augustin-Mülldorf"},{"station_id":"n31261077","station_name":"Sankt Augustin Zentrum/Hochschule Bonn-Rhein-Sieg"},{"station_id":"n300423694","station_name":"Sankt Augustin Kloster"},{"station_id":"n282505473","station_name":"Sankt Augustin Ort"},{"station_id":"n31260710","station_name":"Hangelar Ost"},{"station_id":"n1876241477","station_name":"Hangelar Mitte"},{"station_id":"n1876241483","station_name":"Hangelar West"},{"station_id":"n633633942","station_name":"Vilich-Müldorf"},{"station_id":"n1079448045","station_name":"Vilich"},{"station_id":"n1887366575","station_name":"Adelheidisstraße"},{"station_id":"n633769844","station_name":"Konrad-Adenauer-Platz"},{"station_id":"n26699862","station_name":"Bertha-von-Suttner-Platz / Beethovenhaus"},{"station_id":"junc:7.09830:50.73746","station_name":""},{"station_id":"n26699858","station_name":"Stadthaus"},{"station_id":"n293704285","station_name":"Bonn Hauptbahnhof"},{"station_id":"n31001576","station_name":"Universität / Markt"},{"station_id":"n1821574892","station_name":"Juridicum"},{"station_id":"n1821574884","station_name":"Bundesrechnungshof/Auswärtiges Amt"},{"station_id":"n1821574881","station_name":"Museum Koenig"},{"station_id":"n1821574842","station_name":"Heussallee/Museumsmeile"},{"station_id":"n1856360612","station_name":"Ollenhauerstraße"},{"station_id":"n1821574761","station_name":"Olof-Palme-Allee"},{"station_id":"junc:7.13309:50.70494","station_name":""},{"station_id":"n26723664","station_name":"Robert-Schuman-Platz"},{"station_id":"n654851362","station_name":"Rheinaue"},{"station_id":"n27402089","station_name":"Ramersdorf"},{"station_id":"n27398414","station_name":"Oberkassel Nord"},{"station_id":"n928976153","station_name":"Oberkassel Mitte"},{"station_id":"n524126976","station_name":"Oberkassel Süd / Römlinghoven"},{"station_id":"n27401191","station_name":"Oberdollendorf Nord"},{"station_id":"n27401197","station_name":"Oberdollendorf"},{"station_id":"n27401210","station_name":"Longenburg / CJD Königswinter"},{"station_id":"n27401216","station_name":"Königswinter Clemens-August-Straße"},{"station_id":"n26928057","station_name":"Königswinter Fähre"},{"station_id":"n27401232","station_name":"Königswinter Denkmal"},{"station_id":"n27401226","station_name":"Rhöndorf"},{"station_id":"n27401240","station_name":"Am Spitzenbach"},{"station_id":"n27401243","station_name":"Bad Honnef Stadtbahn"}]},{"route_id":"rm2026293","route_name":"Linie 67","route_name_local":"Linie 67","route_name_en":null,"route_ref":"67","route_color":"#ee99bf","wikipedia":"de:Verkehrsverbund Rhein-Sieg","osm_route_ids":[34489,1353066],"status":null,"order_suspect":0,"span_suspect":0,"stations":[{"station_id":"n31182163","station_name":"Siegburg Bahnhof"},{"station_id":"n1876241962","station_name":"Sankt Augustin-Mülldorf"},{"station_id":"n31261077","station_name":"Sankt Augustin Zentrum/Hochschule Bonn-Rhein-Sieg"},{"station_id":"n300423694","station_name":"Sankt Augustin Kloster"},{"station_id":"n282505473","station_name":"Sankt Augustin Ort"},{"station_id":"n31260710","station_name":"Hangelar Ost"},{"station_id":"n1876241477","station_name":"Hangelar Mitte"},{"station_id":"n1876241483","station_name":"Hangelar West"},{"station_id":"n633633942","station_name":"Vilich-Müldorf"},{"station_id":"n1079448045","station_name":"Vilich"},{"station_id":"n1887366575","station_name":"Adelheidisstraße"},{"station_id":"n633769844","station_name":"Konrad-Adenauer-Platz"},{"station_id":"n26699862","station_name":"Bertha-von-Suttner-Platz / Beethovenhaus"},{"station_id":"junc:7.09830:50.73746","station_name":""},{"station_id":"n26699858","station_name":"Stadthaus"},{"station_id":"n293704285","station_name":"Bonn Hauptbahnhof"},{"station_id":"n31001576","station_name":"Universität / Markt"},{"station_id":"n1821574892","station_name":"Juridicum"},{"station_id":"n1821574884","station_name":"Bundesrechnungshof/Auswärtiges Amt"},{"station_id":"n1821574881","station_name":"Museum Koenig"},{"station_id":"n1821574842","station_name":"Heussallee/Museumsmeile"},{"station_id":"n1856360612","station_name":"Ollenhauerstraße"},{"station_id":"n1821574761","station_name":"Olof-Palme-Allee"},{"station_id":"n1885260747","station_name":"Max-Löbner-Straße"},{"station_id":"n1885260745","station_name":"Hochkreuz / Deutsches Museum Bonn"},{"station_id":"n1885260876","station_name":"Wurzerstraße"},{"station_id":"n1885260749","station_name":"Plittersdorfer Straße"},{"station_id":"n1885260743","station_name":"Bad Godesberg Bahnhof"},{"station_id":"n1885260873","station_name":"Stadthalle"}]}],"route_count":2,"route_refs":["66","67"],"route_colors":["#e5007d","#ee99bf"],"city":"Bonn","country":"Germany"},"geometry":{"type":"MultiLineString","coordinates":[[[7.0955996,50.73661631428571],[7.096164616666667,50.73280915]]]}},{"type":"Feature","properties":{"seg_id":"bonn-2","routes":[{"route_id":"rm2026292","route_name":"Linie 66","route_name_local":"Linie 66","route_name_en":null,"route_ref":"66","route_color":"#e5007d","wikipedia":"de:Verkehrsverbund Rhein-Sieg","osm_route_ids":[34474,1694615],"status":null,"order_suspect":0,"span_suspect":0,"stations":[{"station_id":"n31182163","station_name":"Siegburg Bahnhof"},{"station_id":"n1876241962","station_name":"Sankt Augustin-Mülldorf"},{"station_id":"n31261077","station_name":"Sankt Augustin Zentrum/Hochschule Bonn-Rhein-Sieg"},{"station_id":"n300423694","station_name":"Sankt Augustin Kloster"},{"station_id":"n282505473","station_name":"Sankt Augustin Ort"},{"station_id":"n31260710","station_name":"Hangelar Ost"},{"station_id":"n1876241477","station_name":"Hangelar Mitte"},{"station_id":"n1876241483","station_name":"Hangelar West"},{"station_id":"n633633942","station_name":"Vilich-Müldorf"},{"station_id":"n1079448045","station_name":"Vilich"},{"station_id":"n1887366575","station_name":"Adelheidisstraße"},{"station_id":"n633769844","station_name":"Konrad-Adenauer-Platz"},{"station_id":"n26699862","station_name":"Bertha-von-Suttner-Platz / Beethovenhaus"},{"station_id":"junc:7.09830:50.73746","station_name":""},{"station_id":"n26699858","station_name":"Stadthaus"},{"station_id":"n293704285","station_name":"Bonn Hauptbahnhof"},{"station_id":"n31001576","station_name":"Universität / Markt"},{"station_id":"n1821574892","station_name":"Juridicum"},{"station_id":"n1821574884","station_name":"Bundesrechnungshof/Auswärtiges Amt"},{"station_id":"n1821574881","station_name":"Museum Koenig"},{"station_id":"n1821574842","station_name":"Heussallee/Museumsmeile"},{"station_id":"n1856360612","station_name":"Ollenhauerstraße"},{"station_id":"n1821574761","station_name":"Olof-Palme-Allee"},{"station_id":"junc:7.13309:50.70494","station_name":""},{"station_id":"n26723664","station_name":"Robert-Schuman-Platz"},{"station_id":"n654851362","station_name":"Rheinaue"},{"station_id":"n27402089","station_name":"Ramersdorf"},{"station_id":"n27398414","station_name":"Oberkassel Nord"},{"station_id":"n928976153","station_name":"Oberkassel Mitte"},{"station_id":"n524126976","station_name":"Oberkassel Süd / Römlinghoven"},{"station_id":"n27401191","station_name":"Oberdollendorf Nord"},{"station_id":"n27401197","station_name":"Oberdollendorf"},{"station_id":"n27401210","station_name":"Longenburg / CJD Königswinter"},{"station_id":"n27401216","station_name":"Königswinter Clemens-August-Straße"},{"station_id":"n26928057","station_name":"Königswinter Fähre"},{"station_id":"n27401232","station_name":"Königswinter Denkmal"},{"station_id":"n27401226","station_name":"Rhöndorf"},{"station_id":"n27401240","station_name":"Am Spitzenbach"},{"station_id":"n27401243","station_name":"Bad Honnef Stadtbahn"}]},{"route_id":"rm2026293","route_name":"Linie 67","route_name_local":"Linie 67","route_name_en":null,"route_ref":"67","route_color":"#ee99bf","wikipedia":"de:Verkehrsverbund Rhein-Sieg","osm_route_ids":[34489,1353066],"status":null,"order_suspect":0,"span_suspect":0,"stations":[{"station_id":"n31182163","station_name":"Siegburg Bahnhof"},{"station_id":"n1876241962","station_name":"Sankt Augustin-Mülldorf"},{"station_id":"n31261077","station_name":"Sankt Augustin Zentrum/Hochschule Bonn-Rhein-Sieg"},{"station_id":"n300423694","station_name":"Sankt Augustin Kloster"},{"station_id":"n282505473","station_name":"Sankt Augustin Ort"},{"station_id":"n31260710","station_name":"Hangelar Ost"},{"station_id":"n1876241477","station_name":"Hangelar Mitte"},{"station_id":"n1876241483","station_name":"Hangelar West"},{"station_id":"n633633942","station_name":"Vilich-Müldorf"},{"station_id":"n1079448045","station_name":"Vilich"},{"station_id":"n1887366575","station_name":"Adelheidisstraße"},{"station_id":"n633769844","station_name":"Konrad-Adenauer-Platz"},{"station_id":"n26699862","station_name":"Bertha-von-Suttner-Platz / Beethovenhaus"},{"station_id":"junc:7.09830:50.73746","station_name":""},{"station_id":"n26699858","station_name":"Stadthaus"},{"station_id":"n293704285","station_name":"Bonn Hauptbahnhof"},{"station_id":"n31001576","station_name":"Universität / Markt"},{"station_id":"n1821574892","station_name":"Juridicum"},{"station_id":"n1821574884","station_name":"Bundesrechnungshof/Auswärtiges Amt"},{"station_id":"n1821574881","station_name":"Museum Koenig"},{"station_id":"n1821574842","station_name":"Heussallee/Museumsmeile"},{"station_id":"n1856360612","station_name":"Ollenhauerstraße"},{"station_id":"n1821574761","station_name":"Olof-Palme-Allee"},{"station_id":"n1885260747","station_name":"Max-Löbner-Straße"},{"station_id":"n1885260745","station_name":"Hochkreuz / Deutsches Museum Bonn"},{"station_id":"n1885260876","station_name":"Wurzerstraße"},{"station_id":"n1885260749","station_name":"Plittersdorfer Straße"},{"station_id":"n1885260743","station_name":"Bad Godesberg Bahnhof"},{"station_id":"n1885260873","station_name":"Stadthalle"}]},{"route_id":"rm2026290","route_name":"Linie 62","route_name_local":"Linie 62","route_name_en":null,"route_ref":"62","route_color":"#61af20","wikipedia":"de:Verkehrsverbund Rhein-Sieg","osm_route_ids":[1995774,1995775],"status":null,"order_suspect":0,"span_suspect":0,"stations":[{"station_id":"n524126976","station_name":"Oberkassel Süd / Römlinghoven"},{"station_id":"n928976153","station_name":"Oberkassel Mitte"},{"station_id":"n27398414","station_name":"Oberkassel Nord"},{"station_id":"n27402089","station_name":"Ramersdorf"},{"station_id":"n267149014","station_name":"Schießbergweg"},{"station_id":"n267148291","station_name":"Küdinghoven"},{"station_id":"n658431051","station_name":"Limperich"},{"station_id":"n99353660","station_name":"Limperich Nord"},{"station_id":"n1877478270","station_name":"Beuel Station"},{"station_id":"n1877478870","station_name":"Obere Wilhelmstraße"},{"station_id":"n1579445361","station_name":"Beuel Rathaus"},{"station_id":"n633769844","station_name":"Konrad-Adenauer-Platz"},{"station_id":"n26699862","station_name":"Bertha-von-Suttner-Platz / Beethovenhaus"},{"station_id":"junc:7.09830:50.73746","station_name":""},{"station_id":"n26699858","station_name":"Stadthaus"},{"station_id":"n1820834758","station_name":"Thomas-Mann-Straße"},{"station_id":"n1811099674","station_name":"Hauptbahnhof"},{"station_id":"n1879107543","station_name":"Poppelsdorfer Allee"},{"station_id":"n1879107540","station_name":"Königstraße"},{"station_id":"n1879107748","station_name":"Weberstraße"},{"station_id":"n1879107745","station_name":"Rittershausstraße"},{"station_id":"n1366976104","station_name":"Haus der Jugend"},{"station_id":"n296969652","station_name":"Eduard-Otto-Straße"},{"station_id":"n1879256331","station_name":"Pützstraße"},{"station_id":"n1879256040","station_name":"Bergstraße"},{"station_id":"n2043489760","station_name":"Loki-Schmidt-Platz"},{"station_id":"n1879256077","station_name":"Quirinusplatz"}]},{"route_id":"rm39079","route_name":"Linie 65","route_name_local":"Linie 65","route_name_en":null,"route_ref":"65","route_color":"#c8d300","wikipedia":"de:Verkehrsverbund Rhein-Sieg","osm_route_ids":[2156838,2156839],"status":null,"order_suspect":0,"span_suspect":0,"stations":[{"station_id":"n27402089","station_name":"Ramersdorf"},{"station_id":"n267149014","station_name":"Schießbergweg"},{"station_id":"n267148291","station_name":"Küdinghoven"},{"station_id":"n658431051","station_name":"Limperich"},{"station_id":"n99353660","station_name":"Limperich Nord"},{"station_id":"n1877478270","station_name":"Beuel Station"},{"station_id":"n1877478870","station_name":"Obere Wilhelmstraße"},{"station_id":"n1579445361","station_name":"Beuel Rathaus"},{"station_id":"n633769844","station_name":"Konrad-Adenauer-Platz"},{"station_id":"n26699862","station_name":"Bertha-von-Suttner-Platz / Beethovenhaus"},{"station_id":"junc:7.09830:50.73746","station_name":""},{"station_id":"n1887987506","station_name":"Wilhelmsplatz"},{"station_id":"n1888550300","station_name":"Rosental"},{"station_id":"n1888550204","station_name":"Chlodwigplatz"},{"station_id":"n1833002475","station_name":"LVR-Klinik"},{"station_id":"n26614024","station_name":"Husarenstraße"},{"station_id":"n26643290","station_name":"Innenministerium"},{"station_id":"n26614032","station_name":"Heinrich-Hertz-Europakolleg"},{"station_id":"n26647294","station_name":"An der Josefshöhe"},{"station_id":"n26712630","station_name":"Auerberger Mitte"},{"station_id":"n1736530500","station_name":"Kopenhagener Straße"}]}],"route_count":4,"route_refs":["66","67","62","65"],"route_colors":["#e5007d","#ee99bf","#61af20","#c8d300"],"city":"Bonn","country":"Germany"},"geometry":{"type":"MultiLineString","coordinates":[[[7.118290619999999,50.7394334],[7.102429320000001,50.73747818]]]}},{"type":"Feature","properties":{"seg_id":"bonn-3","routes":[{"route_id":"rm2026292","route_name":"Linie 66","route_name_local":"Linie 66","route_name_en":null,"route_ref":"66","route_color":"#e5007d","wikipedia":"de:Verkehrsverbund Rhein-Sieg","osm_route_ids":[34474,1694615],"status":null,"order_suspect":0,"span_suspect":0,"stations":[{"station_id":"n31182163","station_name":"Siegburg Bahnhof"},{"station_id":"n1876241962","station_name":"Sankt Augustin-Mülldorf"},{"station_id":"n31261077","station_name":"Sankt Augustin Zentrum/Hochschule Bonn-Rhein-Sieg"},{"station_id":"n300423694","station_name":"Sankt Augustin Kloster"},{"station_id":"n282505473","station_name":"Sankt Augustin Ort"},{"station_id":"n31260710","station_name":"Hangelar Ost"},{"station_id":"n1876241477","station_name":"Hangelar Mitte"},{"station_id":"n1876241483","station_name":"Hangelar West"},{"station_id":"n633633942","station_name":"Vilich-Müldorf"},{"station_id":"n1079448045","station_name":"Vilich"},{"station_id":"n1887366575","station_name":"Adelheidisstraße"},{"station_id":"n633769844","station_name":"Konrad-Adenauer-Platz"},{"station_id":"n26699862","station_name":"Bertha-von-Suttner-Platz / Beethovenhaus"},{"station_id":"junc:7.09830:50.73746","station_name":""},{"station_id":"n26699858","station_name":"Stadthaus"},{"station_id":"n293704285","station_name":"Bonn Hauptbahnhof"},{"station_id":"n31001576","station_name":"Universität / Markt"},{"station_id":"n1821574892","station_name":"Juridicum"},{"station_id":"n1821574884","station_name":"Bundesrechnungshof/Auswärtiges Amt"},{"station_id":"n1821574881","station_name":"Museum Koenig"},{"station_id":"n1821574842","station_name":"Heussallee/Museumsmeile"},{"station_id":"n1856360612","station_name":"Ollenhauerstraße"},{"station_id":"n1821574761","station_name":"Olof-Palme-Allee"},{"station_id":"junc:7.13309:50.70494","station_name":""},{"station_id":"n26723664","station_name":"Robert-Schuman-Platz"},{"station_id":"n654851362","station_name":"Rheinaue"},{"station_id":"n27402089","station_name":"Ramersdorf"},{"station_id":"n27398414","station_name":"Oberkassel Nord"},{"station_id":"n928976153","station_name":"Oberkassel Mitte"},{"station_id":"n524126976","station_name":"Oberkassel Süd / Römlinghoven"},{"station_id":"n27401191","station_name":"Oberdollendorf Nord"},{"station_id":"n27401197","station_name":"Oberdollendorf"},{"station_id":"n27401210","station_name":"Longenburg / CJD Königswinter"},{"station_id":"n27401216","station_name":"Königswinter Clemens-August-Straße"},{"station_id":"n26928057","station_name":"Königswinter Fähre"},{"station_id":"n27401232","station_name":"Königswinter Denkmal"},{"station_id":"n27401226","station_name":"Rhöndorf"},{"station_id":"n27401240","station_name":"Am Spitzenbach"},{"station_id":"n27401243","station_name":"Bad Honnef Stadtbahn"}]},{"route_id":"rm2026293","route_name":"Linie 67","route_name_local":"Linie 67","route_name_en":null,"route_ref":"67","route_color":"#ee99bf","wikipedia":"de:Verkehrsverbund Rhein-Sieg","osm_route_ids":[34489,1353066],"status":null,"order_suspect":0,"span_suspect":0,"stations":[{"station_id":"n31182163","station_name":"Siegburg Bahnhof"},{"station_id":"n1876241962","station_name":"Sankt Augustin-Mülldorf"},{"station_id":"n31261077","station_name":"Sankt Augustin Zentrum/Hochschule Bonn-Rhein-Sieg"},{"station_id":"n300423694","station_name":"Sankt Augustin Kloster"},{"station_id":"n282505473","station_name":"Sankt Augustin Ort"},{"station_id":"n31260710","station_name":"Hangelar Ost"},{"station_id":"n1876241477","station_name":"Hangelar Mitte"},{"station_id":"n1876241483","station_name":"Hangelar West"},{"station_id":"n633633942","station_name":"Vilich-Müldorf"},{"station_id":"n1079448045","station_name":"Vilich"},{"station_id":"n1887366575","station_name":"Adelheidisstraße"},{"station_id":"n633769844","station_name":"Konrad-Adenauer-Platz"},{"station_id":"n26699862","station_name":"Bertha-von-Suttner-Platz / Beethovenhaus"},{"station_id":"junc:7.09830:50.73746","station_name":""},{"station_id":"n26699858","station_name":"Stadthaus"},{"station_id":"n293704285","station_name":"Bonn Hauptbahnhof"},{"station_id":"n31001576","station_name":"Universität / Markt"},{"station_id":"n1821574892","station_name":"Juridicum"},{"station_id":"n1821574884","station_name":"Bundesrechnungshof/Auswärtiges Amt"},{"station_id":"n1821574881","station_name":"Museum Koenig"},{"station_id":"n1821574842","station_name":"Heussallee/Museumsmeile"},{"station_id":"n1856360612","station_name":"Ollenhauerstraße"},{"station_id":"n1821574761","station_name":"Olof-Palme-Allee"},{"station_id":"n1885260747","station_name":"Max-Löbner-Straße"},{"station_id":"n1885260745","station_name":"Hochkreuz / Deutsches Museum Bonn"},{"station_id":"n1885260876","station_name":"Wurzerstraße"},{"station_id":"n1885260749","station_name":"Plittersdorfer Straße"},{"station_id":"n1885260743","station_name":"Bad Godesberg Bahnhof"},{"station_id":"n1885260873","station_name":"Stadthalle"}]},{"route_id":"rm2026290","route_name":"Linie 62","route_name_local":"Linie 62","route_name_en":null,"route_ref":"62","route_color":"#61af20","wikipedia":"de:Verkehrsverbund Rhein-Sieg","osm_route_ids":[1995774,1995775],"status":null,"order_suspect":0,"span_suspect":0,"stations":[{"station_id":"n524126976","station_name":"Oberkassel Süd / Römlinghoven"},{"station_id":"n928976153","station_name":"Oberkassel Mitte"},{"station_id":"n27398414","station_name":"Oberkassel Nord"},{"station_id":"n27402089","station_name":"Ramersdorf"},{"station_id":"n267149014","station_name":"Schießbergweg"},{"station_id":"n267148291","station_name":"Küdinghoven"},{"station_id":"n658431051","station_name":"Limperich"},{"station_id":"n99353660","station_name":"Limperich Nord"},{"station_id":"n1877478270","station_name":"Beuel Station"},{"station_id":"n1877478870","station_name":"Obere Wilhelmstraße"},{"station_id":"n1579445361","station_name":"Beuel Rathaus"},{"station_id":"n633769844","station_name":"Konrad-Adenauer-Platz"},{"station_id":"n26699862","station_name":"Bertha-von-Suttner-Platz / Beethovenhaus"},{"station_id":"junc:7.09830:50.73746","station_name":""},{"station_id":"n26699858","station_name":"Stadthaus"},{"station_id":"n1820834758","station_name":"Thomas-Mann-Straße"},{"station_id":"n1811099674","station_name":"Hauptbahnhof"},{"station_id":"n1879107543","station_name":"Poppelsdorfer Allee"},{"station_id":"n1879107540","station_name":"Königstraße"},{"station_id":"n1879107748","station_name":"Weberstraße"},{"station_id":"n1879107745","station_name":"Rittershausstraße"},{"station_id":"n1366976104","station_name":"Haus der Jugend"},{"station_id":"n296969652","station_name":"Eduard-Otto-Straße"},{"station_id":"n1879256331","station_name":"Pützstraße"},{"station_id":"n1879256040","station_name":"Bergstraße"},{"station_id":"n2043489760","station_name":"Loki-Schmidt-Platz"},{"station_id":"n1879256077","station_name":"Quirinusplatz"}]}],"route_count":3,"route_refs":["66","67","62"],"route_colors":["#e5007d","#ee99bf","#61af20"],"city":"Bonn","country":"Germany"},"geometry":{"type":"MultiLineString","coordinates":[[[7.102429320000001,50.73747818],[7.0982995,50.7374554],[7.0955996,50.73661631428571]]]}},{"type":"Feature","properties":{"seg_id":"bonn-4","routes":[{"route_id":"rm2026292","route_name":"Linie 66","route_name_local":"Linie 66","route_name_en":null,"route_ref":"66","route_color":"#e5007d","wikipedia":"de:Verkehrsverbund Rhein-Sieg","osm_route_ids":[34474,1694615],"status":null,"order_suspect":0,"span_suspect":0,"stations":[{"station_id":"n31182163","station_name":"Siegburg Bahnhof"},{"station_id":"n1876241962","station_name":"Sankt Augustin-Mülldorf"},{"station_id":"n31261077","station_name":"Sankt Augustin Zentrum/Hochschule Bonn-Rhein-Sieg"},{"station_id":"n300423694","station_name":"Sankt Augustin Kloster"},{"station_id":"n282505473","station_name":"Sankt Augustin Ort"},{"station_id":"n31260710","station_name":"Hangelar Ost"},{"station_id":"n1876241477","station_name":"Hangelar Mitte"},{"station_id":"n1876241483","station_name":"Hangelar West"},{"station_id":"n633633942","station_name":"Vilich-Müldorf"},{"station_id":"n1079448045","station_name":"Vilich"},{"station_id":"n1887366575","station_name":"Adelheidisstraße"},{"station_id":"n633769844","station_name":"Konrad-Adenauer-Platz"},{"station_id":"n26699862","station_name":"Bertha-von-Suttner-Platz / Beethovenhaus"},{"station_id":"junc:7.09830:50.73746","station_name":""},{"station_id":"n26699858","station_name":"Stadthaus"},{"station_id":"n293704285","station_name":"Bonn Hauptbahnhof"},{"station_id":"n31001576","station_name":"Universität / Markt"},{"station_id":"n1821574892","station_name":"Juridicum"},{"station_id":"n1821574884","station_name":"Bundesrechnungshof/Auswärtiges Amt"},{"station_id":"n1821574881","station_name":"Museum Koenig"},{"station_id":"n1821574842","station_name":"Heussallee/Museumsmeile"},{"station_id":"n1856360612","station_name":"Ollenhauerstraße"},{"station_id":"n1821574761","station_name":"Olof-Palme-Allee"},{"station_id":"junc:7.13309:50.70494","station_name":""},{"station_id":"n26723664","station_name":"Robert-Schuman-Platz"},{"station_id":"n654851362","station_name":"Rheinaue"},{"station_id":"n27402089","station_name":"Ramersdorf"},{"station_id":"n27398414","station_name":"Oberkassel Nord"},{"station_id":"n928976153","station_name":"Oberkassel Mitte"},{"station_id":"n524126976","station_name":"Oberkassel Süd / Römlinghoven"},{"station_id":"n27401191","station_name":"Oberdollendorf Nord"},{"station_id":"n27401197","station_name":"Oberdollendorf"},{"station_id":"n27401210","station_name":"Longenburg / CJD Königswinter"},{"station_id":"n27401216","station_name":"Königswinter Clemens-August-Straße"},{"station_id":"n26928057","station_name":"Königswinter Fähre"},{"station_id":"n27401232","station_name":"Königswinter Denkmal"},{"station_id":"n27401226","station_name":"Rhöndorf"},{"station_id":"n27401240","station_name":"Am Spitzenbach"},{"station_id":"n27401243","station_name":"Bad Honnef Stadtbahn"}]},{"route_id":"rm5742444","route_name":"Linie 16","route_name_local":"Linie 16","route_name_en":null,"route_ref":"16","route_color":"#21bfc1","wikipedia":"de:Verkehrsverbund Rhein-Sieg","osm_route_ids":[34488,1694577],"status":null,"order_suspect":0,"span_suspect":0,"stations":[{"station_id":"n1885260873","station_name":"Stadthalle"},{"station_id":"n1885260743","station_name":"Bad Godesberg Bahnhof"},{"station_id":"n1885260749","station_name":"Plittersdorfer Straße"},{"station_id":"n1885260876","station_name":"Wurzerstraße"},{"station_id":"n1885260745","station_name":"Hochkreuz / Deutsches Museum Bonn"},{"station_id":"n1885260747","station_name":"Max-Löbner-Straße"},{"station_id":"n1821574761","station_name":"Olof-Palme-Allee"},{"station_id":"n1856360612","station_name":"Ollenhauerstraße"},{"station_id":"n1821574842","station_name":"Heussallee/Museumsmeile"},{"station_id":"n1821574881","station_name":"Museum Koenig"},{"station_id":"n1821574884","station_name":"Bundesrechnungshof/Auswärtiges Amt"},{"station_id":"n1821574892","station_name":"Juridicum"},{"station_id":"n31001576","station_name":"Universität / Markt"},{"station_id":"n293704285","station_name":"Bonn Hauptbahnhof"},{"station_id":"n27146894","station_name":"Bonn West"},{"station_id":"n31615763","station_name":"Propsthof Nord"},{"station_id":"n26612812","station_name":"Tannenbusch Süd"},{"station_id":"n29766820","station_name":"Tannenbusch Mitte"},{"station_id":"n58694601","station_name":"Buschdorf"},{"station_id":"n1358128511","station_name":"Hersel"},{"station_id":"n1358196318","station_name":"Uedorf"},{"station_id":"n1358196322","station_name":"Widdig"},{"station_id":"n1358196319","station_name":"Urfeld"},{"station_id":"n1358276513","station_name":"Wesseling Süd"},{"station_id":"n26612852","station_name":"Wesseling"},{"station_id":"n1359544278","station_name":"Wesseling Nord"},{"station_id":"n58694630","station_name":"Godorf"},{"station_id":"n1360245433","station_name":"Sürth Bahnhof"},{"station_id":"n1360245499","station_name":"Michaelshoven"},{"station_id":"n1360245524","station_name":"Siegstraße"},{"station_id":"n1360245608","station_name":"Rodenkirchen Bahnhof"},{"station_id":"n1360245687","station_name":"Heinrich-Lübke-Ufer"},{"station_id":"n1890744704","station_name":"Bayenthalgürtel"},{"station_id":"n58694692","station_name":"Schönhauser Straße"},{"station_id":"n59776017","station_name":"Ubierring"},{"station_id":"n505829740","station_name":"Chlodwigplatz"},{"station_id":"n254380578","station_name":"Ulrepforte"},{"station_id":"n254380440","station_name":"Eifelstraße"},{"station_id":"n256572343","station_name":"Barbarossaplatz"},{"station_id":"n300403947","station_name":"Poststraße"},{"station_id":"n300403950","station_name":"Neumarkt"},{"station_id":"n1341148995","station_name":"Appellhofplatz"},{"station_id":"n1341075078","station_name":"Dom/Hbf"},{"station_id":"n78586828","station_name":"Breslauer Platz/Hbf"},{"station_id":"n78586832","station_name":"Ebertplatz"},{"station_id":"n78586837","station_name":"Reichenspergerplatz"},{"station_id":"n269596945","station_name":"Kinderkrankenhaus"},{"station_id":"n143480680","station_name":"Amsterdamer Straße/Gürtel"},{"station_id":"n276278176","station_name":"Nesselrodestraße"},{"station_id":"n273948471","station_name":"Niehl Sebastianstraße"}]},{"route_id":"rm2026293","route_name":"Linie 67","route_name_local":"Linie 67","route_name_en":null,"route_ref":"67","route_color":"#ee99bf","wikipedia":"de:Verkehrsverbund Rhein-Sieg","osm_route_ids":[34489,1353066],"status":null,"order_suspect":0,"span_suspect":0,"stations":[{"station_id":"n31182163","station_name":"Siegburg Bahnhof"},{"station_id":"n1876241962","station_name":"Sankt Augustin-Mülldorf"},{"station_id":"n31261077","station_name":"Sankt Augustin Zentrum/Hochschule Bonn-Rhein-Sieg"},{"station_id":"n300423694","station_name":"Sankt Augustin Kloster"},{"station_id":"n282505473","station_name":"Sankt Augustin Ort"},{"station_id":"n31260710","station_name":"Hangelar Ost"},{"station_id":"n1876241477","station_name":"Hangelar Mitte"},{"station_id":"n1876241483","station_name":"Hangelar West"},{"station_id":"n633633942","station_name":"Vilich-Müldorf"},{"station_id":"n1079448045","station_name":"Vilich"},{"station_id":"n1887366575","station_name":"Adelheidisstraße"},{"station_id":"n633769844","station_name":"Konrad-Adenauer-Platz"},{"station_id":"n26699862","station_name":"Bertha-von-Suttner-Platz / Beethovenhaus"},{"station_id":"junc:7.09830:50.73746","station_name":""},{"station_id":"n26699858","station_name":"Stadthaus"},{"station_id":"n293704285","station_name":"Bonn Hauptbahnhof"},{"station_id":"n31001576","station_name":"Universität / Markt"},{"station_id":"n1821574892","station_name":"Juridicum"},{"station_id":"n1821574884","station_name":"Bundesrechnungshof/Auswärtiges Amt"},{"station_id":"n1821574881","station_name":"Museum Koenig"},{"station_id":"n1821574842","station_name":"Heussallee/Museumsmeile"},{"station_id":"n1856360612","station_name":"Ollenhauerstraße"},{"station_id":"n1821574761","station_name":"Olof-Palme-Allee"},{"station_id":"n1885260747","station_name":"Max-Löbner-Straße"},{"station_id":"n1885260745","station_name":"Hochkreuz / Deutsches Museum Bonn"},{"station_id":"n1885260876","station_name":"Wurzerstraße"},{"station_id":"n1885260749","station_name":"Plittersdorfer Straße"},{"station_id":"n1885260743","station_name":"Bad Godesberg Bahnhof"},{"station_id":"n1885260873","station_name":"Stadthalle"}]},{"route_id":"rm2026291","route_name":"Linie 63","route_name_local":"Linie 63","route_name_en":null,"route_ref":"63","route_color":"#60d6f7","wikipedia":"de:Verkehrsverbund Rhein-Sieg","osm_route_ids":[1316192,1316193],"status":null,"order_suspect":0,"span_suspect":0,"stations":[{"station_id":"n1885260873","station_name":"Stadthalle"},{"station_id":"n1885260743","station_name":"Bad Godesberg Bahnhof"},{"station_id":"n1885260749","station_name":"Plittersdorfer Straße"},{"station_id":"n1885260876","station_name":"Wurzerstraße"},{"station_id":"n1885260745","station_name":"Hochkreuz / Deutsches Museum Bonn"},{"station_id":"n1885260747","station_name":"Max-Löbner-Straße"},{"station_id":"n1821574761","station_name":"Olof-Palme-Allee"},{"station_id":"n1856360612","station_name":"Ollenhauerstraße"},{"station_id":"n1821574842","station_name":"Heussallee/Museumsmeile"},{"station_id":"n1821574881","station_name":"Museum Koenig"},{"station_id":"n1821574884","station_name":"Bundesrechnungshof/Auswärtiges Amt"},{"station_id":"n1821574892","station_name":"Juridicum"},{"station_id":"n31001576","station_name":"Universität / Markt"},{"station_id":"n293704285","station_name":"Bonn Hauptbahnhof"},{"station_id":"n27146894","station_name":"Bonn West"},{"station_id":"n31615763","station_name":"Propsthof Nord"},{"station_id":"n26612812","station_name":"Tannenbusch Süd"},{"station_id":"n29766820","station_name":"Tannenbusch Mitte"}]},{"route_id":"rm34480","route_name":"Linie 68","route_name_local":"Linie 68","route_name_en":null,"route_ref":"68","route_color":"#cea4cb","wikipedia":"de:Verkehrsverbund Rhein-Sieg","osm_route_ids":[2156840,2156841],"status":null,"order_suspect":0,"span_suspect":0,"stations":[{"station_id":"n31339928","station_name":"Bornheim"},{"station_id":"n31339549","station_name":"Bornheim Rathaus"},{"station_id":"junc:7.00655:50.75491","station_name":""},{"station_id":"n31332908","station_name":"Roisdorf West"},{"station_id":"n1886556756","station_name":"Alfter/Alanus Hochschule"},{"station_id":"n27176972","station_name":"Dransdorf"},{"station_id":"n540994807","station_name":"Robert-Kirchhoff-Straße"},{"station_id":"n620032639","station_name":"Brühler Straße"},{"station_id":"n27146894","station_name":"Bonn West"},{"station_id":"n293704285","station_name":"Bonn Hauptbahnhof"},{"station_id":"n31001576","station_name":"Universität / Markt"},{"station_id":"n1821574892","station_name":"Juridicum"},{"station_id":"n1821574884","station_name":"Bundesrechnungshof/Auswärtiges Amt"},{"station_id":"n1821574881","station_name":"Museum Koenig"},{"station_id":"n1821574842","station_name":"Heussallee/Museumsmeile"},{"station_id":"n1856360612","station_name":"Ollenhauerstraße"},{"station_id":"n1821574761","station_name":"Olof-Palme-Allee"},{"station_id":"junc:7.13309:50.70494","station_name":""},{"station_id":"n26723664","station_name":"Robert-Schuman-Platz"},{"station_id":"n654851362","station_name":"Rheinaue"},{"station_id":"n27402089","station_name":"Ramersdorf"}]}],"route_count":5,"route_refs":["66","16","67","63","68"],"route_colors":["#e5007d","#21bfc1","#ee99bf","#60d6f7","#cea4cb"],"city":"Bonn","country":"Germany"},"geometry":{"type":"MultiLineString","coordinates":[[[7.096164616666667,50.73280915],[7.103308566666667,50.73305813333334],[7.108586133333333,50.72984563333333],[7.111485066666667,50.72570273333334],[7.114399933333334,50.72191326666667],[7.120458766666666,50.71680943333333],[7.126980499999999,50.7110173],[7.1322534666666675,50.705731033333336]]]}},{"type":"Feature","properties":{"seg_id":"bonn-5","routes":[{"route_id":"rm2026292","route_name":"Linie 66","route_name_local":"Linie 66","route_name_en":null,"route_ref":"66","route_color":"#e5007d","wikipedia":"de:Verkehrsverbund Rhein-Sieg","osm_route_ids":[34474,1694615],"status":null,"order_suspect":0,"span_suspect":0,"stations":[{"station_id":"n31182163","station_name":"Siegburg Bahnhof"},{"station_id":"n1876241962","station_name":"Sankt Augustin-Mülldorf"},{"station_id":"n31261077","station_name":"Sankt Augustin Zentrum/Hochschule Bonn-Rhein-Sieg"},{"station_id":"n300423694","station_name":"Sankt Augustin Kloster"},{"station_id":"n282505473","station_name":"Sankt Augustin Ort"},{"station_id":"n31260710","station_name":"Hangelar Ost"},{"station_id":"n1876241477","station_name":"Hangelar Mitte"},{"station_id":"n1876241483","station_name":"Hangelar West"},{"station_id":"n633633942","station_name":"Vilich-Müldorf"},{"station_id":"n1079448045","station_name":"Vilich"},{"station_id":"n1887366575","station_name":"Adelheidisstraße"},{"station_id":"n633769844","station_name":"Konrad-Adenauer-Platz"},{"station_id":"n26699862","station_name":"Bertha-von-Suttner-Platz / Beethovenhaus"},{"station_id":"junc:7.09830:50.73746","station_name":""},{"station_id":"n26699858","station_name":"Stadthaus"},{"station_id":"n293704285","station_name":"Bonn Hauptbahnhof"},{"station_id":"n31001576","station_name":"Universität / Markt"},{"station_id":"n1821574892","station_name":"Juridicum"},{"station_id":"n1821574884","station_name":"Bundesrechnungshof/Auswärtiges Amt"},{"station_id":"n1821574881","station_name":"Museum Koenig"},{"station_id":"n1821574842","station_name":"Heussallee/Museumsmeile"},{"station_id":"n1856360612","station_name":"Ollenhauerstraße"},{"station_id":"n1821574761","station_name":"Olof-Palme-Allee"},{"station_id":"junc:7.13309:50.70494","station_name":""},{"station_id":"n26723664","station_name":"Robert-Schuman-Platz"},{"station_id":"n654851362","station_name":"Rheinaue"},{"station_id":"n27402089","station_name":"Ramersdorf"},{"station_id":"n27398414","station_name":"Oberkassel Nord"},{"station_id":"n928976153","station_name":"Oberkassel Mitte"},{"station_id":"n524126976","station_name":"Oberkassel Süd / Römlinghoven"},{"station_id":"n27401191","station_name":"Oberdollendorf Nord"},{"station_id":"n27401197","station_name":"Oberdollendorf"},{"station_id":"n27401210","station_name":"Longenburg / CJD Königswinter"},{"station_id":"n27401216","station_name":"Königswinter Clemens-August-Straße"},{"station_id":"n26928057","station_name":"Königswinter Fähre"},{"station_id":"n27401232","station_name":"Königswinter Denkmal"},{"station_id":"n27401226","station_name":"Rhöndorf"},{"station_id":"n27401240","station_name":"Am Spitzenbach"},{"station_id":"n27401243","station_name":"Bad Honnef Stadtbahn"}]},{"route_id":"rm34480","route_name":"Linie 68","route_name_local":"Linie 68","route_name_en":null,"route_ref":"68","route_color":"#cea4cb","wikipedia":"de:Verkehrsverbund Rhein-Sieg","osm_route_ids":[2156840,2156841],"status":null,"order_suspect":0,"span_suspect":0,"stations":[{"station_id":"n31339928","station_name":"Bornheim"},{"station_id":"n31339549","station_name":"Bornheim Rathaus"},{"station_id":"junc:7.00655:50.75491","station_name":""},{"station_id":"n31332908","station_name":"Roisdorf West"},{"station_id":"n1886556756","station_name":"Alfter/Alanus Hochschule"},{"station_id":"n27176972","station_name":"Dransdorf"},{"station_id":"n540994807","station_name":"Robert-Kirchhoff-Straße"},{"station_id":"n620032639","station_name":"Brühler Straße"},{"station_id":"n27146894","station_name":"Bonn West"},{"station_id":"n293704285","station_name":"Bonn Hauptbahnhof"},{"station_id":"n31001576","station_name":"Universität / Markt"},{"station_id":"n1821574892","station_name":"Juridicum"},{"station_id":"n1821574884","station_name":"Bundesrechnungshof/Auswärtiges Amt"},{"station_id":"n1821574881","station_name":"Museum Koenig"},{"station_id":"n1821574842","station_name":"Heussallee/Museumsmeile"},{"station_id":"n1856360612","station_name":"Ollenhauerstraße"},{"station_id":"n1821574761","station_name":"Olof-Palme-Allee"},{"station_id":"junc:7.13309:50.70494","station_name":""},{"station_id":"n26723664","station_name":"Robert-Schuman-Platz"},{"station_id":"n654851362","station_name":"Rheinaue"},{"station_id":"n27402089","station_name":"Ramersdorf"}]}],"route_count":2,"route_refs":["66","68"],"route_colors":["#e5007d","#cea4cb"],"city":"Bonn","country":"Germany"},"geometry":{"type":"MultiLineString","coordinates":[[[7.1322534666666675,50.705731033333336],[7.1330933,50.7049357],[7.137445199999999,50.7068957],[7.13936335,50.71197445],[7.15517438,50.72231442]]]}},{"type":"Feature","properties":{"seg_id":"bonn-6","routes":[{"route_id":"rm2026292","route_name":"Linie 66","route_name_local":"Linie 66","route_name_en":null,"route_ref":"66","route_color":"#e5007d","wikipedia":"de:Verkehrsverbund Rhein-Sieg","osm_route_ids":[34474,1694615],"status":null,"order_suspect":0,"span_suspect":0,"stations":[{"station_id":"n31182163","station_name":"Siegburg Bahnhof"},{"station_id":"n1876241962","station_name":"Sankt Augustin-Mülldorf"},{"station_id":"n31261077","station_name":"Sankt Augustin Zentrum/Hochschule Bonn-Rhein-Sieg"},{"station_id":"n300423694","station_name":"Sankt Augustin Kloster"},{"station_id":"n282505473","station_name":"Sankt Augustin Ort"},{"station_id":"n31260710","station_name":"Hangelar Ost"},{"station_id":"n1876241477","station_name":"Hangelar Mitte"},{"station_id":"n1876241483","station_name":"Hangelar West"},{"station_id":"n633633942","station_name":"Vilich-Müldorf"},{"station_id":"n1079448045","station_name":"Vilich"},{"station_id":"n1887366575","station_name":"Adelheidisstraße"},{"station_id":"n633769844","station_name":"Konrad-Adenauer-Platz"},{"station_id":"n26699862","station_name":"Bertha-von-Suttner-Platz / Beethovenhaus"},{"station_id":"junc:7.09830:50.73746","station_name":""},{"station_id":"n26699858","station_name":"Stadthaus"},{"station_id":"n293704285","station_name":"Bonn Hauptbahnhof"},{"station_id":"n31001576","station_name":"Universität / Markt"},{"station_id":"n1821574892","station_name":"Juridicum"},{"station_id":"n1821574884","station_name":"Bundesrechnungshof/Auswärtiges Amt"},{"station_id":"n1821574881","station_name":"Museum Koenig"},{"station_id":"n1821574842","station_name":"Heussallee/Museumsmeile"},{"station_id":"n1856360612","station_name":"Ollenhauerstraße"},{"station_id":"n1821574761","station_name":"Olof-Palme-Allee"},{"station_id":"junc:7.13309:50.70494","station_name":""},{"station_id":"n26723664","station_name":"Robert-Schuman-Platz"},{"station_id":"n654851362","station_name":"Rheinaue"},{"station_id":"n27402089","station_name":"Ramersdorf"},{"station_id":"n27398414","station_name":"Oberkassel Nord"},{"station_id":"n928976153","station_name":"Oberkassel Mitte"},{"station_id":"n524126976","station_name":"Oberkassel Süd / Römlinghoven"},{"station_id":"n27401191","station_name":"Oberdollendorf Nord"},{"station_id":"n27401197","station_name":"Oberdollendorf"},{"station_id":"n27401210","station_name":"Longenburg / CJD Königswinter"},{"station_id":"n27401216","station_name":"Königswinter Clemens-August-Straße"},{"station_id":"n26928057","station_name":"Königswinter Fähre"},{"station_id":"n27401232","station_name":"Königswinter Denkmal"},{"station_id":"n27401226","station_name":"Rhöndorf"},{"station_id":"n27401240","station_name":"Am Spitzenbach"},{"station_id":"n27401243","station_name":"Bad Honnef Stadtbahn"}]},{"route_id":"rm2026290","route_name":"Linie 62","route_name_local":"Linie 62","route_name_en":null,"route_ref":"62","route_color":"#61af20","wikipedia":"de:Verkehrsverbund Rhein-Sieg","osm_route_ids":[1995774,1995775],"status":null,"order_suspect":0,"span_suspect":0,"stations":[{"station_id":"n524126976","station_name":"Oberkassel Süd / Römlinghoven"},{"station_id":"n928976153","station_name":"Oberkassel Mitte"},{"station_id":"n27398414","station_name":"Oberkassel Nord"},{"station_id":"n27402089","station_name":"Ramersdorf"},{"station_id":"n267149014","station_name":"Schießbergweg"},{"station_id":"n267148291","station_name":"Küdinghoven"},{"station_id":"n658431051","station_name":"Limperich"},{"station_id":"n99353660","station_name":"Limperich Nord"},{"station_id":"n1877478270","station_name":"Beuel Station"},{"station_id":"n1877478870","station_name":"Obere Wilhelmstraße"},{"station_id":"n1579445361","station_name":"Beuel Rathaus"},{"station_id":"n633769844","station_name":"Konrad-Adenauer-Platz"},{"station_id":"n26699862","station_name":"Bertha-von-Suttner-Platz / Beethovenhaus"},{"station_id":"junc:7.09830:50.73746","station_name":""},{"station_id":"n26699858","station_name":"Stadthaus"},{"station_id":"n1820834758","station_name":"Thomas-Mann-Straße"},{"station_id":"n1811099674","station_name":"Hauptbahnhof"},{"station_id":"n1879107543","station_name":"Poppelsdorfer Allee"},{"station_id":"n1879107540","station_name":"Königstraße"},{"station_id":"n1879107748","station_name":"Weberstraße"},{"station_id":"n1879107745","station_name":"Rittershausstraße"},{"station_id":"n1366976104","station_name":"Haus der Jugend"},{"station_id":"n296969652","station_name":"Eduard-Otto-Straße"},{"station_id":"n1879256331","station_name":"Pützstraße"},{"station_id":"n1879256040","station_name":"Bergstraße"},{"station_id":"n2043489760","station_name":"Loki-Schmidt-Platz"},{"station_id":"n1879256077","station_name":"Quirinusplatz"}]}],"route_count":2,"route_refs":["66","62"],"route_colors":["#e5007d","#61af20"],"city":"Bonn","country":"Germany"},"geometry":{"type":"MultiLineString","coordinates":[[[7.15517438,50.72231442],[7.165402833333334,50.71627863333333],[7.170628233333333,50.7128703],[7.1743449,50.7097273]]]}},{"type":"Feature","properties":{"seg_id":"bonn-7","routes":[{"route_id":"rm2026292","route_name":"Linie 66","route_name_local":"Linie 66","route_name_en":null,"route_ref":"66","route_color":"#e5007d","wikipedia":"de:Verkehrsverbund Rhein-Sieg","osm_route_ids":[34474,1694615],"status":null,"order_suspect":0,"span_suspect":0,"stations":[{"station_id":"n31182163","station_name":"Siegburg Bahnhof"},{"station_id":"n1876241962","station_name":"Sankt Augustin-Mülldorf"},{"station_id":"n31261077","station_name":"Sankt Augustin Zentrum/Hochschule Bonn-Rhein-Sieg"},{"station_id":"n300423694","station_name":"Sankt Augustin Kloster"},{"station_id":"n282505473","station_name":"Sankt Augustin Ort"},{"station_id":"n31260710","station_name":"Hangelar Ost"},{"station_id":"n1876241477","station_name":"Hangelar Mitte"},{"station_id":"n1876241483","station_name":"Hangelar West"},{"station_id":"n633633942","station_name":"Vilich-Müldorf"},{"station_id":"n1079448045","station_name":"Vilich"},{"station_id":"n1887366575","station_name":"Adelheidisstraße"},{"station_id":"n633769844","station_name":"Konrad-Adenauer-Platz"},{"station_id":"n26699862","station_name":"Bertha-von-Suttner-Platz / Beethovenhaus"},{"station_id":"junc:7.09830:50.73746","station_name":""},{"station_id":"n26699858","station_name":"Stadthaus"},{"station_id":"n293704285","station_name":"Bonn Hauptbahnhof"},{"station_id":"n31001576","station_name":"Universität / Markt"},{"station_id":"n1821574892","station_name":"Juridicum"},{"station_id":"n1821574884","station_name":"Bundesrechnungshof/Auswärtiges Amt"},{"station_id":"n1821574881","station_name":"Museum Koenig"},{"station_id":"n1821574842","station_name":"Heussallee/Museumsmeile"},{"station_id":"n1856360612","station_name":"Ollenhauerstraße"},{"station_id":"n1821574761","station_name":"Olof-Palme-Allee"},{"station_id":"junc:7.13309:50.70494","station_name":""},{"station_id":"n26723664","station_name":"Robert-Schuman-Platz"},{"station_id":"n654851362","station_name":"Rheinaue"},{"station_id":"n27402089","station_name":"Ramersdorf"},{"station_id":"n27398414","station_name":"Oberkassel Nord"},{"station_id":"n928976153","station_name":"Oberkassel Mitte"},{"station_id":"n524126976","station_name":"Oberkassel Süd / Römlinghoven"},{"station_id":"n27401191","station_name":"Oberdollendorf Nord"},{"station_id":"n27401197","station_name":"Oberdollendorf"},{"station_id":"n27401210","station_name":"Longenburg / CJD Königswinter"},{"station_id":"n27401216","station_name":"Königswinter Clemens-August-Straße"},{"station_id":"n26928057","station_name":"Königswinter Fähre"},{"station_id":"n27401232","station_name":"Königswinter Denkmal"},{"station_id":"n27401226","station_name":"Rhöndorf"},{"station_id":"n27401240","station_name":"Am Spitzenbach"},{"station_id":"n27401243","station_name":"Bad Honnef Stadtbahn"}]}],"route_count":1,"route_refs":["66"],"route_colors":["#e5007d"],"city":"Bonn","country":"Germany"},"geometry":{"type":"MultiLineString","coordinates":[[[7.1743449,50.7097273],[7.1795474,50.70251983333333],[7.18437265,50.6965012],[7.186704766666668,50.684879],[7.188930433333333,50.677263366666665],[7.1925051,50.6728224],[7.1964355,50.6686967],[7.209598333333333,50.65772206666667],[7.2149238,50.6488079],[7.2169647333333335,50.64420416666667]]]}},{"type":"Feature","properties":{"seg_id":"bonn-8","routes":[{"route_id":"rm5742444","route_name":"Linie 16","route_name_local":"Linie 16","route_name_en":null,"route_ref":"16","route_color":"#21bfc1","wikipedia":"de:Verkehrsverbund Rhein-Sieg","osm_route_ids":[34488,1694577],"status":null,"order_suspect":0,"span_suspect":0,"stations":[{"station_id":"n1885260873","station_name":"Stadthalle"},{"station_id":"n1885260743","station_name":"Bad Godesberg Bahnhof"},{"station_id":"n1885260749","station_name":"Plittersdorfer Straße"},{"station_id":"n1885260876","station_name":"Wurzerstraße"},{"station_id":"n1885260745","station_name":"Hochkreuz / Deutsches Museum Bonn"},{"station_id":"n1885260747","station_name":"Max-Löbner-Straße"},{"station_id":"n1821574761","station_name":"Olof-Palme-Allee"},{"station_id":"n1856360612","station_name":"Ollenhauerstraße"},{"station_id":"n1821574842","station_name":"Heussallee/Museumsmeile"},{"station_id":"n1821574881","station_name":"Museum Koenig"},{"station_id":"n1821574884","station_name":"Bundesrechnungshof/Auswärtiges Amt"},{"station_id":"n1821574892","station_name":"Juridicum"},{"station_id":"n31001576","station_name":"Universität / Markt"},{"station_id":"n293704285","station_name":"Bonn Hauptbahnhof"},{"station_id":"n27146894","station_name":"Bonn West"},{"station_id":"n31615763","station_name":"Propsthof Nord"},{"station_id":"n26612812","station_name":"Tannenbusch Süd"},{"station_id":"n29766820","station_name":"Tannenbusch Mitte"},{"station_id":"n58694601","station_name":"Buschdorf"},{"station_id":"n1358128511","station_name":"Hersel"},{"station_id":"n1358196318","station_name":"Uedorf"},{"station_id":"n1358196322","station_name":"Widdig"},{"station_id":"n1358196319","station_name":"Urfeld"},{"station_id":"n1358276513","station_name":"Wesseling Süd"},{"station_id":"n26612852","station_name":"Wesseling"},{"station_id":"n1359544278","station_name":"Wesseling Nord"},{"station_id":"n58694630","station_name":"Godorf"},{"station_id":"n1360245433","station_name":"Sürth Bahnhof"},{"station_id":"n1360245499","station_name":"Michaelshoven"},{"station_id":"n1360245524","station_name":"Siegstraße"},{"station_id":"n1360245608","station_name":"Rodenkirchen Bahnhof"},{"station_id":"n1360245687","station_name":"Heinrich-Lübke-Ufer"},{"station_id":"n1890744704","station_name":"Bayenthalgürtel"},{"station_id":"n58694692","station_name":"Schönhauser Straße"},{"station_id":"n59776017","station_name":"Ubierring"},{"station_id":"n505829740","station_name":"Chlodwigplatz"},{"station_id":"n254380578","station_name":"Ulrepforte"},{"station_id":"n254380440","station_name":"Eifelstraße"},{"station_id":"n256572343","station_name":"Barbarossaplatz"},{"station_id":"n300403947","station_name":"Poststraße"},{"station_id":"n300403950","station_name":"Neumarkt"},{"station_id":"n1341148995","station_name":"Appellhofplatz"},{"station_id":"n1341075078","station_name":"Dom/Hbf"},{"station_id":"n78586828","station_name":"Breslauer Platz/Hbf"},{"station_id":"n78586832","station_name":"Ebertplatz"},{"station_id":"n78586837","station_name":"Reichenspergerplatz"},{"station_id":"n269596945","station_name":"Kinderkrankenhaus"},{"station_id":"n143480680","station_name":"Amsterdamer Straße/Gürtel"},{"station_id":"n276278176","station_name":"Nesselrodestraße"},{"station_id":"n273948471","station_name":"Niehl Sebastianstraße"}]},{"route_id":"rm2026293","route_name":"Linie 67","route_name_local":"Linie 67","route_name_en":null,"route_ref":"67","route_color":"#ee99bf","wikipedia":"de:Verkehrsverbund Rhein-Sieg","osm_route_ids":[34489,1353066],"status":null,"order_suspect":0,"span_suspect":0,"stations":[{"station_id":"n31182163","station_name":"Siegburg Bahnhof"},{"station_id":"n1876241962","station_name":"Sankt Augustin-Mülldorf"},{"station_id":"n31261077","station_name":"Sankt Augustin Zentrum/Hochschule Bonn-Rhein-Sieg"},{"station_id":"n300423694","station_name":"Sankt Augustin Kloster"},{"station_id":"n282505473","station_name":"Sankt Augustin Ort"},{"station_id":"n31260710","station_name":"Hangelar Ost"},{"station_id":"n1876241477","station_name":"Hangelar Mitte"},{"station_id":"n1876241483","station_name":"Hangelar West"},{"station_id":"n633633942","station_name":"Vilich-Müldorf"},{"station_id":"n1079448045","station_name":"Vilich"},{"station_id":"n1887366575","station_name":"Adelheidisstraße"},{"station_id":"n633769844","station_name":"Konrad-Adenauer-Platz"},{"station_id":"n26699862","station_name":"Bertha-von-Suttner-Platz / Beethovenhaus"},{"station_id":"junc:7.09830:50.73746","station_name":""},{"station_id":"n26699858","station_name":"Stadthaus"},{"station_id":"n293704285","station_name":"Bonn Hauptbahnhof"},{"station_id":"n31001576","station_name":"Universität / Markt"},{"station_id":"n1821574892","station_name":"Juridicum"},{"station_id":"n1821574884","station_name":"Bundesrechnungshof/Auswärtiges Amt"},{"station_id":"n1821574881","station_name":"Museum Koenig"},{"station_id":"n1821574842","station_name":"Heussallee/Museumsmeile"},{"station_id":"n1856360612","station_name":"Ollenhauerstraße"},{"station_id":"n1821574761","station_name":"Olof-Palme-Allee"},{"station_id":"n1885260747","station_name":"Max-Löbner-Straße"},{"station_id":"n1885260745","station_name":"Hochkreuz / Deutsches Museum Bonn"},{"station_id":"n1885260876","station_name":"Wurzerstraße"},{"station_id":"n1885260749","station_name":"Plittersdorfer Straße"},{"station_id":"n1885260743","station_name":"Bad Godesberg Bahnhof"},{"station_id":"n1885260873","station_name":"Stadthalle"}]},{"route_id":"rm2026291","route_name":"Linie 63","route_name_local":"Linie 63","route_name_en":null,"route_ref":"63","route_color":"#60d6f7","wikipedia":"de:Verkehrsverbund Rhein-Sieg","osm_route_ids":[1316192,1316193],"status":null,"order_suspect":0,"span_suspect":0,"stations":[{"station_id":"n1885260873","station_name":"Stadthalle"},{"station_id":"n1885260743","station_name":"Bad Godesberg Bahnhof"},{"station_id":"n1885260749","station_name":"Plittersdorfer Straße"},{"station_id":"n1885260876","station_name":"Wurzerstraße"},{"station_id":"n1885260745","station_name":"Hochkreuz / Deutsches Museum Bonn"},{"station_id":"n1885260747","station_name":"Max-Löbner-Straße"},{"station_id":"n1821574761","station_name":"Olof-Palme-Allee"},{"station_id":"n1856360612","station_name":"Ollenhauerstraße"},{"station_id":"n1821574842","station_name":"Heussallee/Museumsmeile"},{"station_id":"n1821574881","station_name":"Museum Koenig"},{"station_id":"n1821574884","station_name":"Bundesrechnungshof/Auswärtiges Amt"},{"station_id":"n1821574892","station_name":"Juridicum"},{"station_id":"n31001576","station_name":"Universität / Markt"},{"station_id":"n293704285","station_name":"Bonn Hauptbahnhof"},{"station_id":"n27146894","station_name":"Bonn West"},{"station_id":"n31615763","station_name":"Propsthof Nord"},{"station_id":"n26612812","station_name":"Tannenbusch Süd"},{"station_id":"n29766820","station_name":"Tannenbusch Mitte"}]}],"route_count":3,"route_refs":["16","67","63"],"route_colors":["#21bfc1","#ee99bf","#60d6f7"],"city":"Bonn","country":"Germany"},"geometry":{"type":"MultiLineString","coordinates":[[[7.158330933333333,50.68036516666666],[7.1580103,50.68435493333333],[7.153527133333334,50.68794126666666],[7.147545566666667,50.6918847],[7.1418132000000005,50.6964233],[7.136446833333333,50.70182796666666],[7.1322534666666675,50.705731033333336]]]}},{"type":"Feature","properties":{"seg_id":"bonn-9","routes":[{"route_id":"rm5742444","route_name":"Linie 16","route_name_local":"Linie 16","route_name_en":null,"route_ref":"16","route_color":"#21bfc1","wikipedia":"de:Verkehrsverbund Rhein-Sieg","osm_route_ids":[34488,1694577],"status":null,"order_suspect":0,"span_suspect":0,"stations":[{"station_id":"n1885260873","station_name":"Stadthalle"},{"station_id":"n1885260743","station_name":"Bad Godesberg Bahnhof"},{"station_id":"n1885260749","station_name":"Plittersdorfer Straße"},{"station_id":"n1885260876","station_name":"Wurzerstraße"},{"station_id":"n1885260745","station_name":"Hochkreuz / Deutsches Museum Bonn"},{"station_id":"n1885260747","station_name":"Max-Löbner-Straße"},{"station_id":"n1821574761","station_name":"Olof-Palme-Allee"},{"station_id":"n1856360612","station_name":"Ollenhauerstraße"},{"station_id":"n1821574842","station_name":"Heussallee/Museumsmeile"},{"station_id":"n1821574881","station_name":"Museum Koenig"},{"station_id":"n1821574884","station_name":"Bundesrechnungshof/Auswärtiges Amt"},{"station_id":"n1821574892","station_name":"Juridicum"},{"station_id":"n31001576","station_name":"Universität / Markt"},{"station_id":"n293704285","station_name":"Bonn Hauptbahnhof"},{"station_id":"n27146894","station_name":"Bonn West"},{"station_id":"n31615763","station_name":"Propsthof Nord"},{"station_id":"n26612812","station_name":"Tannenbusch Süd"},{"station_id":"n29766820","station_name":"Tannenbusch Mitte"},{"station_id":"n58694601","station_name":"Buschdorf"},{"station_id":"n1358128511","station_name":"Hersel"},{"station_id":"n1358196318","station_name":"Uedorf"},{"station_id":"n1358196322","station_name":"Widdig"},{"station_id":"n1358196319","station_name":"Urfeld"},{"station_id":"n1358276513","station_name":"Wesseling Süd"},{"station_id":"n26612852","station_name":"Wesseling"},{"station_id":"n1359544278","station_name":"Wesseling Nord"},{"station_id":"n58694630","station_name":"Godorf"},{"station_id":"n1360245433","station_name":"Sürth Bahnhof"},{"station_id":"n1360245499","station_name":"Michaelshoven"},{"station_id":"n1360245524","station_name":"Siegstraße"},{"station_id":"n1360245608","station_name":"Rodenkirchen Bahnhof"},{"station_id":"n1360245687","station_name":"Heinrich-Lübke-Ufer"},{"station_id":"n1890744704","station_name":"Bayenthalgürtel"},{"station_id":"n58694692","station_name":"Schönhauser Straße"},{"station_id":"n59776017","station_name":"Ubierring"},{"station_id":"n505829740","station_name":"Chlodwigplatz"},{"station_id":"n254380578","station_name":"Ulrepforte"},{"station_id":"n254380440","station_name":"Eifelstraße"},{"station_id":"n256572343","station_name":"Barbarossaplatz"},{"station_id":"n300403947","station_name":"Poststraße"},{"station_id":"n300403950","station_name":"Neumarkt"},{"station_id":"n1341148995","station_name":"Appellhofplatz"},{"station_id":"n1341075078","station_name":"Dom/Hbf"},{"station_id":"n78586828","station_name":"Breslauer Platz/Hbf"},{"station_id":"n78586832","station_name":"Ebertplatz"},{"station_id":"n78586837","station_name":"Reichenspergerplatz"},{"station_id":"n269596945","station_name":"Kinderkrankenhaus"},{"station_id":"n143480680","station_name":"Amsterdamer Straße/Gürtel"},{"station_id":"n276278176","station_name":"Nesselrodestraße"},{"station_id":"n273948471","station_name":"Niehl Sebastianstraße"}]},{"route_id":"rm2026291","route_name":"Linie 63","route_name_local":"Linie 63","route_name_en":null,"route_ref":"63","route_color":"#60d6f7","wikipedia":"de:Verkehrsverbund Rhein-Sieg","osm_route_ids":[1316192,1316193],"status":null,"order_suspect":0,"span_suspect":0,"stations":[{"station_id":"n1885260873","station_name":"Stadthalle"},{"station_id":"n1885260743","station_name":"Bad Godesberg Bahnhof"},{"station_id":"n1885260749","station_name":"Plittersdorfer Straße"},{"station_id":"n1885260876","station_name":"Wurzerstraße"},{"station_id":"n1885260745","station_name":"Hochkreuz / Deutsches Museum Bonn"},{"station_id":"n1885260747","station_name":"Max-Löbner-Straße"},{"station_id":"n1821574761","station_name":"Olof-Palme-Allee"},{"station_id":"n1856360612","station_name":"Ollenhauerstraße"},{"station_id":"n1821574842","station_name":"Heussallee/Museumsmeile"},{"station_id":"n1821574881","station_name":"Museum Koenig"},{"station_id":"n1821574884","station_name":"Bundesrechnungshof/Auswärtiges Amt"},{"station_id":"n1821574892","station_name":"Juridicum"},{"station_id":"n31001576","station_name":"Universität / Markt"},{"station_id":"n293704285","station_name":"Bonn Hauptbahnhof"},{"station_id":"n27146894","station_name":"Bonn West"},{"station_id":"n31615763","station_name":"Propsthof Nord"},{"station_id":"n26612812","station_name":"Tannenbusch Süd"},{"station_id":"n29766820","station_name":"Tannenbusch Mitte"}]},{"route_id":"rm1646141","route_name":"Linie 18","route_name_local":"Linie 18","route_name_en":null,"route_ref":"18","route_color":"#0095da","wikipedia":"de:Verkehrsverbund Rhein-Sieg","osm_route_ids":[1633562,1646140],"status":null,"order_suspect":0,"span_suspect":0,"stations":[{"station_id":"n2260669418","station_name":"Buchheim Herler Straße"},{"station_id":"n259624280","station_name":"Bahnhof Mülheim"},{"station_id":"n1333488287","station_name":"Mülheim Wiener Platz"},{"station_id":"n78586851","station_name":"Slabystraße"},{"station_id":"n78586844","station_name":"Boltensternstraße"},{"station_id":"n78589377","station_name":"Zoo/Flora"},{"station_id":"n78586837","station_name":"Reichenspergerplatz"},{"station_id":"n78586832","station_name":"Ebertplatz"},{"station_id":"n78586828","station_name":"Breslauer Platz/Hbf"},{"station_id":"n1341075078","station_name":"Dom/Hbf"},{"station_id":"n1341148995","station_name":"Appellhofplatz"},{"station_id":"n300403950","station_name":"Neumarkt"},{"station_id":"n300403947","station_name":"Poststraße"},{"station_id":"n256572343","station_name":"Barbarossaplatz"},{"station_id":"n59973256","station_name":"Eifelwall/Stadtarchiv"},{"station_id":"n59973255","station_name":"Weißhausstraße"},{"station_id":"n31346009","station_name":"Arnulfstraße"},{"station_id":"n59973254","station_name":"Sülzburgstraße"},{"station_id":"n59973253","station_name":"Sülzgürtel"},{"station_id":"n1343164505","station_name":"Klettenbergpark"},{"station_id":"n1387525679","station_name":"Efferen"},{"station_id":"n1387525699","station_name":"Kiebitzweg"},{"station_id":"n31343889","station_name":"Hürth-Hermülheim"},{"station_id":"n31343579","station_name":"Fischenich"},{"station_id":"n31332993","station_name":"Brühl-Vochem"},{"station_id":"n1133702278","station_name":"Brühl Nord"},{"station_id":"n31340049","station_name":"Brühl Mitte"},{"station_id":"n31332973","station_name":"Brühl Süd"},{"station_id":"n5242926390","station_name":"Badorf"},{"station_id":"n31332960","station_name":"Schwadorf"},{"station_id":"n31339934","station_name":"Walberberg"},{"station_id":"n31339933","station_name":"Merten"},{"station_id":"n31332940","station_name":"Waldorf"},{"station_id":"n31339932","station_name":"Dersdorf"},{"station_id":"n31339928","station_name":"Bornheim"},{"station_id":"n31339549","station_name":"Bornheim Rathaus"},{"station_id":"junc:7.00655:50.75491","station_name":""},{"station_id":"n31332908","station_name":"Roisdorf West"},{"station_id":"n1886556756","station_name":"Alfter/Alanus Hochschule"},{"station_id":"n27176972","station_name":"Dransdorf"},{"station_id":"n540994807","station_name":"Robert-Kirchhoff-Straße"},{"station_id":"n620032639","station_name":"Brühler Straße"},{"station_id":"n27146894","station_name":"Bonn West"},{"station_id":"n293704285","station_name":"Bonn Hauptbahnhof"}]},{"route_id":"rm34480","route_name":"Linie 68","route_name_local":"Linie 68","route_name_en":null,"route_ref":"68","route_color":"#cea4cb","wikipedia":"de:Verkehrsverbund Rhein-Sieg","osm_route_ids":[2156840,2156841],"status":null,"order_suspect":0,"span_suspect":0,"stations":[{"station_id":"n31339928","station_name":"Bornheim"},{"station_id":"n31339549","station_name":"Bornheim Rathaus"},{"station_id":"junc:7.00655:50.75491","station_name":""},{"station_id":"n31332908","station_name":"Roisdorf West"},{"station_id":"n1886556756","station_name":"Alfter/Alanus Hochschule"},{"station_id":"n27176972","station_name":"Dransdorf"},{"station_id":"n540994807","station_name":"Robert-Kirchhoff-Straße"},{"station_id":"n620032639","station_name":"Brühler Straße"},{"station_id":"n27146894","station_name":"Bonn West"},{"station_id":"n293704285","station_name":"Bonn Hauptbahnhof"},{"station_id":"n31001576","station_name":"Universität / Markt"},{"station_id":"n1821574892","station_name":"Juridicum"},{"station_id":"n1821574884","station_name":"Bundesrechnungshof/Auswärtiges Amt"},{"station_id":"n1821574881","station_name":"Museum Koenig"},{"station_id":"n1821574842","station_name":"Heussallee/Museumsmeile"},{"station_id":"n1856360612","station_name":"Ollenhauerstraße"},{"station_id":"n1821574761","station_name":"Olof-Palme-Allee"},{"station_id":"junc:7.13309:50.70494","station_name":""},{"station_id":"n26723664","station_name":"Robert-Schuman-Platz"},{"station_id":"n654851362","station_name":"Rheinaue"},{"station_id":"n27402089","station_name":"Ramersdorf"}]}],"route_count":4,"route_refs":["16","63","18","68"],"route_colors":["#21bfc1","#60d6f7","#0095da","#cea4cb"],"city":"Bonn","country":"Germany"},"geometry":{"type":"MultiLineString","coordinates":[[[7.096164616666667,50.73280915],[7.0815691,50.73652035]]]}},{"type":"Feature","properties":{"seg_id":"bonn-10","routes":[{"route_id":"rm5742444","route_name":"Linie 16","route_name_local":"Linie 16","route_name_en":null,"route_ref":"16","route_color":"#21bfc1","wikipedia":"de:Verkehrsverbund Rhein-Sieg","osm_route_ids":[34488,1694577],"status":null,"order_suspect":0,"span_suspect":0,"stations":[{"station_id":"n1885260873","station_name":"Stadthalle"},{"station_id":"n1885260743","station_name":"Bad Godesberg Bahnhof"},{"station_id":"n1885260749","station_name":"Plittersdorfer Straße"},{"station_id":"n1885260876","station_name":"Wurzerstraße"},{"station_id":"n1885260745","station_name":"Hochkreuz / Deutsches Museum Bonn"},{"station_id":"n1885260747","station_name":"Max-Löbner-Straße"},{"station_id":"n1821574761","station_name":"Olof-Palme-Allee"},{"station_id":"n1856360612","station_name":"Ollenhauerstraße"},{"station_id":"n1821574842","station_name":"Heussallee/Museumsmeile"},{"station_id":"n1821574881","station_name":"Museum Koenig"},{"station_id":"n1821574884","station_name":"Bundesrechnungshof/Auswärtiges Amt"},{"station_id":"n1821574892","station_name":"Juridicum"},{"station_id":"n31001576","station_name":"Universität / Markt"},{"station_id":"n293704285","station_name":"Bonn Hauptbahnhof"},{"station_id":"n27146894","station_name":"Bonn West"},{"station_id":"n31615763","station_name":"Propsthof Nord"},{"station_id":"n26612812","station_name":"Tannenbusch Süd"},{"station_id":"n29766820","station_name":"Tannenbusch Mitte"},{"station_id":"n58694601","station_name":"Buschdorf"},{"station_id":"n1358128511","station_name":"Hersel"},{"station_id":"n1358196318","station_name":"Uedorf"},{"station_id":"n1358196322","station_name":"Widdig"},{"station_id":"n1358196319","station_name":"Urfeld"},{"station_id":"n1358276513","station_name":"Wesseling Süd"},{"station_id":"n26612852","station_name":"Wesseling"},{"station_id":"n1359544278","station_name":"Wesseling Nord"},{"station_id":"n58694630","station_name":"Godorf"},{"station_id":"n1360245433","station_name":"Sürth Bahnhof"},{"station_id":"n1360245499","station_name":"Michaelshoven"},{"station_id":"n1360245524","station_name":"Siegstraße"},{"station_id":"n1360245608","station_name":"Rodenkirchen Bahnhof"},{"station_id":"n1360245687","station_name":"Heinrich-Lübke-Ufer"},{"station_id":"n1890744704","station_name":"Bayenthalgürtel"},{"station_id":"n58694692","station_name":"Schönhauser Straße"},{"station_id":"n59776017","station_name":"Ubierring"},{"station_id":"n505829740","station_name":"Chlodwigplatz"},{"station_id":"n254380578","station_name":"Ulrepforte"},{"station_id":"n254380440","station_name":"Eifelstraße"},{"station_id":"n256572343","station_name":"Barbarossaplatz"},{"station_id":"n300403947","station_name":"Poststraße"},{"station_id":"n300403950","station_name":"Neumarkt"},{"station_id":"n1341148995","station_name":"Appellhofplatz"},{"station_id":"n1341075078","station_name":"Dom/Hbf"},{"station_id":"n78586828","station_name":"Breslauer Platz/Hbf"},{"station_id":"n78586832","station_name":"Ebertplatz"},{"station_id":"n78586837","station_name":"Reichenspergerplatz"},{"station_id":"n269596945","station_name":"Kinderkrankenhaus"},{"station_id":"n143480680","station_name":"Amsterdamer Straße/Gürtel"},{"station_id":"n276278176","station_name":"Nesselrodestraße"},{"station_id":"n273948471","station_name":"Niehl Sebastianstraße"}]},{"route_id":"rm2026291","route_name":"Linie 63","route_name_local":"Linie 63","route_name_en":null,"route_ref":"63","route_color":"#60d6f7","wikipedia":"de:Verkehrsverbund Rhein-Sieg","osm_route_ids":[1316192,1316193],"status":null,"order_suspect":0,"span_suspect":0,"stations":[{"station_id":"n1885260873","station_name":"Stadthalle"},{"station_id":"n1885260743","station_name":"Bad Godesberg Bahnhof"},{"station_id":"n1885260749","station_name":"Plittersdorfer Straße"},{"station_id":"n1885260876","station_name":"Wurzerstraße"},{"station_id":"n1885260745","station_name":"Hochkreuz / Deutsches Museum Bonn"},{"station_id":"n1885260747","station_name":"Max-Löbner-Straße"},{"station_id":"n1821574761","station_name":"Olof-Palme-Allee"},{"station_id":"n1856360612","station_name":"Ollenhauerstraße"},{"station_id":"n1821574842","station_name":"Heussallee/Museumsmeile"},{"station_id":"n1821574881","station_name":"Museum Koenig"},{"station_id":"n1821574884","station_name":"Bundesrechnungshof/Auswärtiges Amt"},{"station_id":"n1821574892","station_name":"Juridicum"},{"station_id":"n31001576","station_name":"Universität / Markt"},{"station_id":"n293704285","station_name":"Bonn Hauptbahnhof"},{"station_id":"n27146894","station_name":"Bonn West"},{"station_id":"n31615763","station_name":"Propsthof Nord"},{"station_id":"n26612812","station_name":"Tannenbusch Süd"},{"station_id":"n29766820","station_name":"Tannenbusch Mitte"}]}],"route_count":2,"route_refs":["16","63"],"route_colors":["#21bfc1","#60d6f7"],"city":"Bonn","country":"Germany"},"geometry":{"type":"MultiLineString","coordinates":[[[7.0815691,50.73652035],[7.073349166666667,50.739319800000004],[7.055821266666666,50.7422867],[7.046582133333334,50.75095820000001]]]}},{"type":"Feature","properties":{"seg_id":"bonn-11","routes":[{"route_id":"rm5742444","route_name":"Linie 16","route_name_local":"Linie 16","route_name_en":null,"route_ref":"16","route_color":"#21bfc1","wikipedia":"de:Verkehrsverbund Rhein-Sieg","osm_route_ids":[34488,1694577],"status":null,"order_suspect":0,"span_suspect":0,"stations":[{"station_id":"n1885260873","station_name":"Stadthalle"},{"station_id":"n1885260743","station_name":"Bad Godesberg Bahnhof"},{"station_id":"n1885260749","station_name":"Plittersdorfer Straße"},{"station_id":"n1885260876","station_name":"Wurzerstraße"},{"station_id":"n1885260745","station_name":"Hochkreuz / Deutsches Museum Bonn"},{"station_id":"n1885260747","station_name":"Max-Löbner-Straße"},{"station_id":"n1821574761","station_name":"Olof-Palme-Allee"},{"station_id":"n1856360612","station_name":"Ollenhauerstraße"},{"station_id":"n1821574842","station_name":"Heussallee/Museumsmeile"},{"station_id":"n1821574881","station_name":"Museum Koenig"},{"station_id":"n1821574884","station_name":"Bundesrechnungshof/Auswärtiges Amt"},{"station_id":"n1821574892","station_name":"Juridicum"},{"station_id":"n31001576","station_name":"Universität / Markt"},{"station_id":"n293704285","station_name":"Bonn Hauptbahnhof"},{"station_id":"n27146894","station_name":"Bonn West"},{"station_id":"n31615763","station_name":"Propsthof Nord"},{"station_id":"n26612812","station_name":"Tannenbusch Süd"},{"station_id":"n29766820","station_name":"Tannenbusch Mitte"},{"station_id":"n58694601","station_name":"Buschdorf"},{"station_id":"n1358128511","station_name":"Hersel"},{"station_id":"n1358196318","station_name":"Uedorf"},{"station_id":"n1358196322","station_name":"Widdig"},{"station_id":"n1358196319","station_name":"Urfeld"},{"station_id":"n1358276513","station_name":"Wesseling Süd"},{"station_id":"n26612852","station_name":"Wesseling"},{"station_id":"n1359544278","station_name":"Wesseling Nord"},{"station_id":"n58694630","station_name":"Godorf"},{"station_id":"n1360245433","station_name":"Sürth Bahnhof"},{"station_id":"n1360245499","station_name":"Michaelshoven"},{"station_id":"n1360245524","station_name":"Siegstraße"},{"station_id":"n1360245608","station_name":"Rodenkirchen Bahnhof"},{"station_id":"n1360245687","station_name":"Heinrich-Lübke-Ufer"},{"station_id":"n1890744704","station_name":"Bayenthalgürtel"},{"station_id":"n58694692","station_name":"Schönhauser Straße"},{"station_id":"n59776017","station_name":"Ubierring"},{"station_id":"n505829740","station_name":"Chlodwigplatz"},{"station_id":"n254380578","station_name":"Ulrepforte"},{"station_id":"n254380440","station_name":"Eifelstraße"},{"station_id":"n256572343","station_name":"Barbarossaplatz"},{"station_id":"n300403947","station_name":"Poststraße"},{"station_id":"n300403950","station_name":"Neumarkt"},{"station_id":"n1341148995","station_name":"Appellhofplatz"},{"station_id":"n1341075078","station_name":"Dom/Hbf"},{"station_id":"n78586828","station_name":"Breslauer Platz/Hbf"},{"station_id":"n78586832","station_name":"Ebertplatz"},{"station_id":"n78586837","station_name":"Reichenspergerplatz"},{"station_id":"n269596945","station_name":"Kinderkrankenhaus"},{"station_id":"n143480680","station_name":"Amsterdamer Straße/Gürtel"},{"station_id":"n276278176","station_name":"Nesselrodestraße"},{"station_id":"n273948471","station_name":"Niehl Sebastianstraße"}]}],"route_count":1,"route_refs":["16"],"route_colors":["#21bfc1"],"city":"Bonn","country":"Germany"},"geometry":{"type":"MultiLineString","coordinates":[[[7.046582133333334,50.75095820000001],[7.0465352333333335,50.757976000000006],[7.0428196666666665,50.77001313333333],[7.031176833333333,50.78216146666667],[7.022562866666667,50.7912446],[7.010655533333334,50.8036531],[6.999403966666667,50.812105300000006],[6.97960535,50.822864025],[6.9709463666666664,50.83146183333333],[6.9783289,50.84710276666667],[7.003564666666667,50.864317166666666],[6.999072900000001,50.87597246666667],[6.9946419,50.8833222],[6.990118566666666,50.89081770000001],[6.984869333333333,50.899798866666664],[6.9777749,50.90689375],[6.97188815,50.9143486],[6.965588666666666,50.92220673333333],[6.9600773,50.921309324999996],[6.9518083,50.9241298],[6.9457927,50.92663455],[6.94266565,50.929000824999996]]]}},{"type":"Feature","properties":{"seg_id":"bonn-12","routes":[{"route_id":"rm5742444","route_name":"Linie 16","route_name_local":"Linie 16","route_name_en":null,"route_ref":"16","route_color":"#21bfc1","wikipedia":"de:Verkehrsverbund Rhein-Sieg","osm_route_ids":[34488,1694577],"status":null,"order_suspect":0,"span_suspect":0,"stations":[{"station_id":"n1885260873","station_name":"Stadthalle"},{"station_id":"n1885260743","station_name":"Bad Godesberg Bahnhof"},{"station_id":"n1885260749","station_name":"Plittersdorfer Straße"},{"station_id":"n1885260876","station_name":"Wurzerstraße"},{"station_id":"n1885260745","station_name":"Hochkreuz / Deutsches Museum Bonn"},{"station_id":"n1885260747","station_name":"Max-Löbner-Straße"},{"station_id":"n1821574761","station_name":"Olof-Palme-Allee"},{"station_id":"n1856360612","station_name":"Ollenhauerstraße"},{"station_id":"n1821574842","station_name":"Heussallee/Museumsmeile"},{"station_id":"n1821574881","station_name":"Museum Koenig"},{"station_id":"n1821574884","station_name":"Bundesrechnungshof/Auswärtiges Amt"},{"station_id":"n1821574892","station_name":"Juridicum"},{"station_id":"n31001576","station_name":"Universität / Markt"},{"station_id":"n293704285","station_name":"Bonn Hauptbahnhof"},{"station_id":"n27146894","station_name":"Bonn West"},{"station_id":"n31615763","station_name":"Propsthof Nord"},{"station_id":"n26612812","station_name":"Tannenbusch Süd"},{"station_id":"n29766820","station_name":"Tannenbusch Mitte"},{"station_id":"n58694601","station_name":"Buschdorf"},{"station_id":"n1358128511","station_name":"Hersel"},{"station_id":"n1358196318","station_name":"Uedorf"},{"station_id":"n1358196322","station_name":"Widdig"},{"station_id":"n1358196319","station_name":"Urfeld"},{"station_id":"n1358276513","station_name":"Wesseling Süd"},{"station_id":"n26612852","station_name":"Wesseling"},{"station_id":"n1359544278","station_name":"Wesseling Nord"},{"station_id":"n58694630","station_name":"Godorf"},{"station_id":"n1360245433","station_name":"Sürth Bahnhof"},{"station_id":"n1360245499","station_name":"Michaelshoven"},{"station_id":"n1360245524","station_name":"Siegstraße"},{"station_id":"n1360245608","station_name":"Rodenkirchen Bahnhof"},{"station_id":"n1360245687","station_name":"Heinrich-Lübke-Ufer"},{"station_id":"n1890744704","station_name":"Bayenthalgürtel"},{"station_id":"n58694692","station_name":"Schönhauser Straße"},{"station_id":"n59776017","station_name":"Ubierring"},{"station_id":"n505829740","station_name":"Chlodwigplatz"},{"station_id":"n254380578","station_name":"Ulrepforte"},{"station_id":"n254380440","station_name":"Eifelstraße"},{"station_id":"n256572343","station_name":"Barbarossaplatz"},{"station_id":"n300403947","station_name":"Poststraße"},{"station_id":"n300403950","station_name":"Neumarkt"},{"station_id":"n1341148995","station_name":"Appellhofplatz"},{"station_id":"n1341075078","station_name":"Dom/Hbf"},{"station_id":"n78586828","station_name":"Breslauer Platz/Hbf"},{"station_id":"n78586832","station_name":"Ebertplatz"},{"station_id":"n78586837","station_name":"Reichenspergerplatz"},{"station_id":"n269596945","station_name":"Kinderkrankenhaus"},{"station_id":"n143480680","station_name":"Amsterdamer Straße/Gürtel"},{"station_id":"n276278176","station_name":"Nesselrodestraße"},{"station_id":"n273948471","station_name":"Niehl Sebastianstraße"}]}],"route_count":1,"route_refs":["16"],"route_colors":["#21bfc1"],"city":"Bonn","country":"Germany"},"geometry":{"type":"MultiLineString","coordinates":[[[6.9648938000000005,50.9542748],[6.968451,50.963339500000004],[6.969122949999999,50.970913575000004],[6.9688715000000006,50.97706735],[6.9617622,50.98496015]]]}},{"type":"Feature","properties":{"seg_id":"bonn-13","routes":[{"route_id":"rm5742444","route_name":"Linie 16","route_name_local":"Linie 16","route_name_en":null,"route_ref":"16","route_color":"#21bfc1","wikipedia":"de:Verkehrsverbund Rhein-Sieg","osm_route_ids":[34488,1694577],"status":null,"order_suspect":0,"span_suspect":0,"stations":[{"station_id":"n1885260873","station_name":"Stadthalle"},{"station_id":"n1885260743","station_name":"Bad Godesberg Bahnhof"},{"station_id":"n1885260749","station_name":"Plittersdorfer Straße"},{"station_id":"n1885260876","station_name":"Wurzerstraße"},{"station_id":"n1885260745","station_name":"Hochkreuz / Deutsches Museum Bonn"},{"station_id":"n1885260747","station_name":"Max-Löbner-Straße"},{"station_id":"n1821574761","station_name":"Olof-Palme-Allee"},{"station_id":"n1856360612","station_name":"Ollenhauerstraße"},{"station_id":"n1821574842","station_name":"Heussallee/Museumsmeile"},{"station_id":"n1821574881","station_name":"Museum Koenig"},{"station_id":"n1821574884","station_name":"Bundesrechnungshof/Auswärtiges Amt"},{"station_id":"n1821574892","station_name":"Juridicum"},{"station_id":"n31001576","station_name":"Universität / Markt"},{"station_id":"n293704285","station_name":"Bonn Hauptbahnhof"},{"station_id":"n27146894","station_name":"Bonn West"},{"station_id":"n31615763","station_name":"Propsthof Nord"},{"station_id":"n26612812","station_name":"Tannenbusch Süd"},{"station_id":"n29766820","station_name":"Tannenbusch Mitte"},{"station_id":"n58694601","station_name":"Buschdorf"},{"station_id":"n1358128511","station_name":"Hersel"},{"station_id":"n1358196318","station_name":"Uedorf"},{"station_id":"n1358196322","station_name":"Widdig"},{"station_id":"n1358196319","station_name":"Urfeld"},{"station_id":"n1358276513","station_name":"Wesseling Süd"},{"station_id":"n26612852","station_name":"Wesseling"},{"station_id":"n1359544278","station_name":"Wesseling Nord"},{"station_id":"n58694630","station_name":"Godorf"},{"station_id":"n1360245433","station_name":"Sürth Bahnhof"},{"station_id":"n1360245499","station_name":"Michaelshoven"},{"station_id":"n1360245524","station_name":"Siegstraße"},{"station_id":"n1360245608","station_name":"Rodenkirchen Bahnhof"},{"station_id":"n1360245687","station_name":"Heinrich-Lübke-Ufer"},{"station_id":"n1890744704","station_name":"Bayenthalgürtel"},{"station_id":"n58694692","station_name":"Schönhauser Straße"},{"station_id":"n59776017","station_name":"Ubierring"},{"station_id":"n505829740","station_name":"Chlodwigplatz"},{"station_id":"n254380578","station_name":"Ulrepforte"},{"station_id":"n254380440","station_name":"Eifelstraße"},{"station_id":"n256572343","station_name":"Barbarossaplatz"},{"station_id":"n300403947","station_name":"Poststraße"},{"station_id":"n300403950","station_name":"Neumarkt"},{"station_id":"n1341148995","station_name":"Appellhofplatz"},{"station_id":"n1341075078","station_name":"Dom/Hbf"},{"station_id":"n78586828","station_name":"Breslauer Platz/Hbf"},{"station_id":"n78586832","station_name":"Ebertplatz"},{"station_id":"n78586837","station_name":"Reichenspergerplatz"},{"station_id":"n269596945","station_name":"Kinderkrankenhaus"},{"station_id":"n143480680","station_name":"Amsterdamer Straße/Gürtel"},{"station_id":"n276278176","station_name":"Nesselrodestraße"},{"station_id":"n273948471","station_name":"Niehl Sebastianstraße"}]},{"route_id":"rm1646141","route_name":"Linie 18","route_name_local":"Linie 18","route_name_en":null,"route_ref":"18","route_color":"#0095da","wikipedia":"de:Verkehrsverbund Rhein-Sieg","osm_route_ids":[1633562,1646140],"status":null,"order_suspect":0,"span_suspect":0,"stations":[{"station_id":"n2260669418","station_name":"Buchheim Herler Straße"},{"station_id":"n259624280","station_name":"Bahnhof Mülheim"},{"station_id":"n1333488287","station_name":"Mülheim Wiener Platz"},{"station_id":"n78586851","station_name":"Slabystraße"},{"station_id":"n78586844","station_name":"Boltensternstraße"},{"station_id":"n78589377","station_name":"Zoo/Flora"},{"station_id":"n78586837","station_name":"Reichenspergerplatz"},{"station_id":"n78586832","station_name":"Ebertplatz"},{"station_id":"n78586828","station_name":"Breslauer Platz/Hbf"},{"station_id":"n1341075078","station_name":"Dom/Hbf"},{"station_id":"n1341148995","station_name":"Appellhofplatz"},{"station_id":"n300403950","station_name":"Neumarkt"},{"station_id":"n300403947","station_name":"Poststraße"},{"station_id":"n256572343","station_name":"Barbarossaplatz"},{"station_id":"n59973256","station_name":"Eifelwall/Stadtarchiv"},{"station_id":"n59973255","station_name":"Weißhausstraße"},{"station_id":"n31346009","station_name":"Arnulfstraße"},{"station_id":"n59973254","station_name":"Sülzburgstraße"},{"station_id":"n59973253","station_name":"Sülzgürtel"},{"station_id":"n1343164505","station_name":"Klettenbergpark"},{"station_id":"n1387525679","station_name":"Efferen"},{"station_id":"n1387525699","station_name":"Kiebitzweg"},{"station_id":"n31343889","station_name":"Hürth-Hermülheim"},{"station_id":"n31343579","station_name":"Fischenich"},{"station_id":"n31332993","station_name":"Brühl-Vochem"},{"station_id":"n1133702278","station_name":"Brühl Nord"},{"station_id":"n31340049","station_name":"Brühl Mitte"},{"station_id":"n31332973","station_name":"Brühl Süd"},{"station_id":"n5242926390","station_name":"Badorf"},{"station_id":"n31332960","station_name":"Schwadorf"},{"station_id":"n31339934","station_name":"Walberberg"},{"station_id":"n31339933","station_name":"Merten"},{"station_id":"n31332940","station_name":"Waldorf"},{"station_id":"n31339932","station_name":"Dersdorf"},{"station_id":"n31339928","station_name":"Bornheim"},{"station_id":"n31339549","station_name":"Bornheim Rathaus"},{"station_id":"junc:7.00655:50.75491","station_name":""},{"station_id":"n31332908","station_name":"Roisdorf West"},{"station_id":"n1886556756","station_name":"Alfter/Alanus Hochschule"},{"station_id":"n27176972","station_name":"Dransdorf"},{"station_id":"n540994807","station_name":"Robert-Kirchhoff-Straße"},{"station_id":"n620032639","station_name":"Brühler Straße"},{"station_id":"n27146894","station_name":"Bonn West"},{"station_id":"n293704285","station_name":"Bonn Hauptbahnhof"}]}],"route_count":2,"route_refs":["16","18"],"route_colors":["#21bfc1","#0095da"],"city":"Bonn","country":"Germany"},"geometry":{"type":"MultiLineString","coordinates":[[[6.94266565,50.929000824999996],[6.9500414,50.931674099999995],[6.94821874,50.93557482],[6.95052175,50.94041134999999],[6.95721445,50.941799],[6.95866155,50.944413],[6.95919222,50.95074994],[6.9648938000000005,50.9542748]]]}},{"type":"Feature","properties":{"seg_id":"bonn-14","routes":[{"route_id":"rm1646141","route_name":"Linie 18","route_name_local":"Linie 18","route_name_en":null,"route_ref":"18","route_color":"#0095da","wikipedia":"de:Verkehrsverbund Rhein-Sieg","osm_route_ids":[1633562,1646140],"status":null,"order_suspect":0,"span_suspect":0,"stations":[{"station_id":"n2260669418","station_name":"Buchheim Herler Straße"},{"station_id":"n259624280","station_name":"Bahnhof Mülheim"},{"station_id":"n1333488287","station_name":"Mülheim Wiener Platz"},{"station_id":"n78586851","station_name":"Slabystraße"},{"station_id":"n78586844","station_name":"Boltensternstraße"},{"station_id":"n78589377","station_name":"Zoo/Flora"},{"station_id":"n78586837","station_name":"Reichenspergerplatz"},{"station_id":"n78586832","station_name":"Ebertplatz"},{"station_id":"n78586828","station_name":"Breslauer Platz/Hbf"},{"station_id":"n1341075078","station_name":"Dom/Hbf"},{"station_id":"n1341148995","station_name":"Appellhofplatz"},{"station_id":"n300403950","station_name":"Neumarkt"},{"station_id":"n300403947","station_name":"Poststraße"},{"station_id":"n256572343","station_name":"Barbarossaplatz"},{"station_id":"n59973256","station_name":"Eifelwall/Stadtarchiv"},{"station_id":"n59973255","station_name":"Weißhausstraße"},{"station_id":"n31346009","station_name":"Arnulfstraße"},{"station_id":"n59973254","station_name":"Sülzburgstraße"},{"station_id":"n59973253","station_name":"Sülzgürtel"},{"station_id":"n1343164505","station_name":"Klettenbergpark"},{"station_id":"n1387525679","station_name":"Efferen"},{"station_id":"n1387525699","station_name":"Kiebitzweg"},{"station_id":"n31343889","station_name":"Hürth-Hermülheim"},{"station_id":"n31343579","station_name":"Fischenich"},{"station_id":"n31332993","station_name":"Brühl-Vochem"},{"station_id":"n1133702278","station_name":"Brühl Nord"},{"station_id":"n31340049","station_name":"Brühl Mitte"},{"station_id":"n31332973","station_name":"Brühl Süd"},{"station_id":"n5242926390","station_name":"Badorf"},{"station_id":"n31332960","station_name":"Schwadorf"},{"station_id":"n31339934","station_name":"Walberberg"},{"station_id":"n31339933","station_name":"Merten"},{"station_id":"n31332940","station_name":"Waldorf"},{"station_id":"n31339932","station_name":"Dersdorf"},{"station_id":"n31339928","station_name":"Bornheim"},{"station_id":"n31339549","station_name":"Bornheim Rathaus"},{"station_id":"junc:7.00655:50.75491","station_name":""},{"station_id":"n31332908","station_name":"Roisdorf West"},{"station_id":"n1886556756","station_name":"Alfter/Alanus Hochschule"},{"station_id":"n27176972","station_name":"Dransdorf"},{"station_id":"n540994807","station_name":"Robert-Kirchhoff-Straße"},{"station_id":"n620032639","station_name":"Brühler Straße"},{"station_id":"n27146894","station_name":"Bonn West"},{"station_id":"n293704285","station_name":"Bonn Hauptbahnhof"}]}],"route_count":1,"route_refs":["18"],"route_colors":["#0095da"],"city":"Bonn","country":"Germany"},"geometry":{"type":"MultiLineString","coordinates":[[[7.025099333333333,50.95793173333333],[7.012540850000001,50.957076],[7.004537975,50.96168475],[6.98791945,50.966644349999996],[6.98083835,50.962345799999994],[6.97437375,50.9579004],[6.9648938000000005,50.9542748]]]}},{"type":"Feature","properties":{"seg_id":"bonn-15","routes":[{"route_id":"rm1646141","route_name":"Linie 18","route_name_local":"Linie 18","route_name_en":null,"route_ref":"18","route_color":"#0095da","wikipedia":"de:Verkehrsverbund Rhein-Sieg","osm_route_ids":[1633562,1646140],"status":null,"order_suspect":0,"span_suspect":0,"stations":[{"station_id":"n2260669418","station_name":"Buchheim Herler Straße"},{"station_id":"n259624280","station_name":"Bahnhof Mülheim"},{"station_id":"n1333488287","station_name":"Mülheim Wiener Platz"},{"station_id":"n78586851","station_name":"Slabystraße"},{"station_id":"n78586844","station_name":"Boltensternstraße"},{"station_id":"n78589377","station_name":"Zoo/Flora"},{"station_id":"n78586837","station_name":"Reichenspergerplatz"},{"station_id":"n78586832","station_name":"Ebertplatz"},{"station_id":"n78586828","station_name":"Breslauer Platz/Hbf"},{"station_id":"n1341075078","station_name":"Dom/Hbf"},{"station_id":"n1341148995","station_name":"Appellhofplatz"},{"station_id":"n300403950","station_name":"Neumarkt"},{"station_id":"n300403947","station_name":"Poststraße"},{"station_id":"n256572343","station_name":"Barbarossaplatz"},{"station_id":"n59973256","station_name":"Eifelwall/Stadtarchiv"},{"station_id":"n59973255","station_name":"Weißhausstraße"},{"station_id":"n31346009","station_name":"Arnulfstraße"},{"station_id":"n59973254","station_name":"Sülzburgstraße"},{"station_id":"n59973253","station_name":"Sülzgürtel"},{"station_id":"n1343164505","station_name":"Klettenbergpark"},{"station_id":"n1387525679","station_name":"Efferen"},{"station_id":"n1387525699","station_name":"Kiebitzweg"},{"station_id":"n31343889","station_name":"Hürth-Hermülheim"},{"station_id":"n31343579","station_name":"Fischenich"},{"station_id":"n31332993","station_name":"Brühl-Vochem"},{"station_id":"n1133702278","station_name":"Brühl Nord"},{"station_id":"n31340049","station_name":"Brühl Mitte"},{"station_id":"n31332973","station_name":"Brühl Süd"},{"station_id":"n5242926390","station_name":"Badorf"},{"station_id":"n31332960","station_name":"Schwadorf"},{"station_id":"n31339934","station_name":"Walberberg"},{"station_id":"n31339933","station_name":"Merten"},{"station_id":"n31332940","station_name":"Waldorf"},{"station_id":"n31339932","station_name":"Dersdorf"},{"station_id":"n31339928","station_name":"Bornheim"},{"station_id":"n31339549","station_name":"Bornheim Rathaus"},{"station_id":"junc:7.00655:50.75491","station_name":""},{"station_id":"n31332908","station_name":"Roisdorf West"},{"station_id":"n1886556756","station_name":"Alfter/Alanus Hochschule"},{"station_id":"n27176972","station_name":"Dransdorf"},{"station_id":"n540994807","station_name":"Robert-Kirchhoff-Straße"},{"station_id":"n620032639","station_name":"Brühler Straße"},{"station_id":"n27146894","station_name":"Bonn West"},{"station_id":"n293704285","station_name":"Bonn Hauptbahnhof"}]}],"route_count":1,"route_refs":["18"],"route_colors":["#0095da"],"city":"Bonn","country":"Germany"},"geometry":{"type":"MultiLineString","coordinates":[[[6.94266565,50.929000824999996],[6.9368495,50.924634049999995],[6.93344245,50.921416300000004],[6.93019375,50.918293649999995],[6.927092399999999,50.9153334],[6.923237675,50.912225625000005],[6.919556549999999,50.9081379],[6.9040322,50.894465966666665],[6.897104366666667,50.88802826666667],[6.8946191,50.880356866666666],[6.897659066666667,50.8646968],[6.901031433333333,50.8440663],[6.9016414,50.83444646666666],[6.899015500000001,50.829104224999995],[6.8983981000000005,50.82228193333333],[6.900291733333333,50.81330823333334],[6.913977833333334,50.801064233333335],[6.92094945,50.79422145],[6.9332823999999995,50.7797698],[6.950950333333334,50.76816256666667],[6.9694983,50.76474105],[6.9896042,50.76125686666666]]]}},{"type":"Feature","properties":{"seg_id":"bonn-16","routes":[{"route_id":"rm1646141","route_name":"Linie 18","route_name_local":"Linie 18","route_name_en":null,"route_ref":"18","route_color":"#0095da","wikipedia":"de:Verkehrsverbund Rhein-Sieg","osm_route_ids":[1633562,1646140],"status":null,"order_suspect":0,"span_suspect":0,"stations":[{"station_id":"n2260669418","station_name":"Buchheim Herler Straße"},{"station_id":"n259624280","station_name":"Bahnhof Mülheim"},{"station_id":"n1333488287","station_name":"Mülheim Wiener Platz"},{"station_id":"n78586851","station_name":"Slabystraße"},{"station_id":"n78586844","station_name":"Boltensternstraße"},{"station_id":"n78589377","station_name":"Zoo/Flora"},{"station_id":"n78586837","station_name":"Reichenspergerplatz"},{"station_id":"n78586832","station_name":"Ebertplatz"},{"station_id":"n78586828","station_name":"Breslauer Platz/Hbf"},{"station_id":"n1341075078","station_name":"Dom/Hbf"},{"station_id":"n1341148995","station_name":"Appellhofplatz"},{"station_id":"n300403950","station_name":"Neumarkt"},{"station_id":"n300403947","station_name":"Poststraße"},{"station_id":"n256572343","station_name":"Barbarossaplatz"},{"station_id":"n59973256","station_name":"Eifelwall/Stadtarchiv"},{"station_id":"n59973255","station_name":"Weißhausstraße"},{"station_id":"n31346009","station_name":"Arnulfstraße"},{"station_id":"n59973254","station_name":"Sülzburgstraße"},{"station_id":"n59973253","station_name":"Sülzgürtel"},{"station_id":"n1343164505","station_name":"Klettenbergpark"},{"station_id":"n1387525679","station_name":"Efferen"},{"station_id":"n1387525699","station_name":"Kiebitzweg"},{"station_id":"n31343889","station_name":"Hürth-Hermülheim"},{"station_id":"n31343579","station_name":"Fischenich"},{"station_id":"n31332993","station_name":"Brühl-Vochem"},{"station_id":"n1133702278","station_name":"Brühl Nord"},{"station_id":"n31340049","station_name":"Brühl Mitte"},{"station_id":"n31332973","station_name":"Brühl Süd"},{"station_id":"n5242926390","station_name":"Badorf"},{"station_id":"n31332960","station_name":"Schwadorf"},{"station_id":"n31339934","station_name":"Walberberg"},{"station_id":"n31339933","station_name":"Merten"},{"station_id":"n31332940","station_name":"Waldorf"},{"station_id":"n31339932","station_name":"Dersdorf"},{"station_id":"n31339928","station_name":"Bornheim"},{"station_id":"n31339549","station_name":"Bornheim Rathaus"},{"station_id":"junc:7.00655:50.75491","station_name":""},{"station_id":"n31332908","station_name":"Roisdorf West"},{"station_id":"n1886556756","station_name":"Alfter/Alanus Hochschule"},{"station_id":"n27176972","station_name":"Dransdorf"},{"station_id":"n540994807","station_name":"Robert-Kirchhoff-Straße"},{"station_id":"n620032639","station_name":"Brühler Straße"},{"station_id":"n27146894","station_name":"Bonn West"},{"station_id":"n293704285","station_name":"Bonn Hauptbahnhof"}]},{"route_id":"rm34480","route_name":"Linie 68","route_name_local":"Linie 68","route_name_en":null,"route_ref":"68","route_color":"#cea4cb","wikipedia":"de:Verkehrsverbund Rhein-Sieg","osm_route_ids":[2156840,2156841],"status":null,"order_suspect":0,"span_suspect":0,"stations":[{"station_id":"n31339928","station_name":"Bornheim"},{"station_id":"n31339549","station_name":"Bornheim Rathaus"},{"station_id":"junc:7.00655:50.75491","station_name":""},{"station_id":"n31332908","station_name":"Roisdorf West"},{"station_id":"n1886556756","station_name":"Alfter/Alanus Hochschule"},{"station_id":"n27176972","station_name":"Dransdorf"},{"station_id":"n540994807","station_name":"Robert-Kirchhoff-Straße"},{"station_id":"n620032639","station_name":"Brühler Straße"},{"station_id":"n27146894","station_name":"Bonn West"},{"station_id":"n293704285","station_name":"Bonn Hauptbahnhof"},{"station_id":"n31001576","station_name":"Universität / Markt"},{"station_id":"n1821574892","station_name":"Juridicum"},{"station_id":"n1821574884","station_name":"Bundesrechnungshof/Auswärtiges Amt"},{"station_id":"n1821574881","station_name":"Museum Koenig"},{"station_id":"n1821574842","station_name":"Heussallee/Museumsmeile"},{"station_id":"n1856360612","station_name":"Ollenhauerstraße"},{"station_id":"n1821574761","station_name":"Olof-Palme-Allee"},{"station_id":"junc:7.13309:50.70494","station_name":""},{"station_id":"n26723664","station_name":"Robert-Schuman-Platz"},{"station_id":"n654851362","station_name":"Rheinaue"},{"station_id":"n27402089","station_name":"Ramersdorf"}]}],"route_count":2,"route_refs":["18","68"],"route_colors":["#0095da","#cea4cb"],"city":"Bonn","country":"Germany"},"geometry":{"type":"MultiLineString","coordinates":[[[6.9896042,50.76125686666666],[7.0021686,50.7571598],[7.006554,50.7549132],[7.008156100000001,50.753697233333334],[7.016862833333334,50.743727299999996],[7.047002166666666,50.73735946666667],[7.056597066666666,50.73800096666667],[7.069497166666667,50.74030803333333],[7.0815691,50.73652035]]]}},{"type":"Feature","properties":{"seg_id":"bonn-17","routes":[{"route_id":"rm2026289","route_name":"Linie 61","route_name_local":"Linie 61","route_name_en":null,"route_ref":"61","route_color":"#98c000","wikipedia":"de:Verkehrsverbund Rhein-Sieg","osm_route_ids":[1995629,1995733],"status":null,"order_suspect":0,"span_suspect":0,"stations":[{"station_id":"n1879256077","station_name":"Quirinusplatz"},{"station_id":"n2043489760","station_name":"Loki-Schmidt-Platz"},{"station_id":"n1879256040","station_name":"Bergstraße"},{"station_id":"n1879256331","station_name":"Pützstraße"},{"station_id":"n296969652","station_name":"Eduard-Otto-Straße"},{"station_id":"n1366976104","station_name":"Haus der Jugend"},{"station_id":"n1879107745","station_name":"Rittershausstraße"},{"station_id":"n1879107748","station_name":"Weberstraße"},{"station_id":"n1879107540","station_name":"Königstraße"},{"station_id":"n1879107543","station_name":"Poppelsdorfer Allee"},{"station_id":"n1811099674","station_name":"Hauptbahnhof"},{"station_id":"n1820834758","station_name":"Thomas-Mann-Straße"},{"station_id":"n26699858","station_name":"Stadthaus"},{"station_id":"junc:7.09830:50.73746","station_name":""},{"station_id":"n1887987506","station_name":"Wilhelmsplatz"},{"station_id":"n1888550300","station_name":"Rosental"},{"station_id":"n1888550204","station_name":"Chlodwigplatz"},{"station_id":"n1833002475","station_name":"LVR-Klinik"},{"station_id":"n26614024","station_name":"Husarenstraße"},{"station_id":"n26643290","station_name":"Innenministerium"},{"station_id":"n26614032","station_name":"Heinrich-Hertz-Europakolleg"},{"station_id":"n26647294","station_name":"An der Josefshöhe"},{"station_id":"n26712630","station_name":"Auerberger Mitte"},{"station_id":"n1736530500","station_name":"Kopenhagener Straße"}]},{"route_id":"rm2026290","route_name":"Linie 62","route_name_local":"Linie 62","route_name_en":null,"route_ref":"62","route_color":"#61af20","wikipedia":"de:Verkehrsverbund Rhein-Sieg","osm_route_ids":[1995774,1995775],"status":null,"order_suspect":0,"span_suspect":0,"stations":[{"station_id":"n524126976","station_name":"Oberkassel Süd / Römlinghoven"},{"station_id":"n928976153","station_name":"Oberkassel Mitte"},{"station_id":"n27398414","station_name":"Oberkassel Nord"},{"station_id":"n27402089","station_name":"Ramersdorf"},{"station_id":"n267149014","station_name":"Schießbergweg"},{"station_id":"n267148291","station_name":"Küdinghoven"},{"station_id":"n658431051","station_name":"Limperich"},{"station_id":"n99353660","station_name":"Limperich Nord"},{"station_id":"n1877478270","station_name":"Beuel Station"},{"station_id":"n1877478870","station_name":"Obere Wilhelmstraße"},{"station_id":"n1579445361","station_name":"Beuel Rathaus"},{"station_id":"n633769844","station_name":"Konrad-Adenauer-Platz"},{"station_id":"n26699862","station_name":"Bertha-von-Suttner-Platz / Beethovenhaus"},{"station_id":"junc:7.09830:50.73746","station_name":""},{"station_id":"n26699858","station_name":"Stadthaus"},{"station_id":"n1820834758","station_name":"Thomas-Mann-Straße"},{"station_id":"n1811099674","station_name":"Hauptbahnhof"},{"station_id":"n1879107543","station_name":"Poppelsdorfer Allee"},{"station_id":"n1879107540","station_name":"Königstraße"},{"station_id":"n1879107748","station_name":"Weberstraße"},{"station_id":"n1879107745","station_name":"Rittershausstraße"},{"station_id":"n1366976104","station_name":"Haus der Jugend"},{"station_id":"n296969652","station_name":"Eduard-Otto-Straße"},{"station_id":"n1879256331","station_name":"Pützstraße"},{"station_id":"n1879256040","station_name":"Bergstraße"},{"station_id":"n2043489760","station_name":"Loki-Schmidt-Platz"},{"station_id":"n1879256077","station_name":"Quirinusplatz"}]}],"route_count":2,"route_refs":["61","62"],"route_colors":["#98c000","#61af20"],"city":"Bonn","country":"Germany"},"geometry":{"type":"MultiLineString","coordinates":[[[7.111542099999999,50.704997899999995],[7.1096345,50.70714235],[7.1093683,50.70978515],[7.108590550000001,50.71270915],[7.1079437,50.716724400000004],[7.106927000000001,50.72044445],[7.104169875,50.72201605],[7.1022054,50.7253392],[7.101570375,50.728178675],[7.0999853,50.730467749999995],[7.0981466,50.73209225],[7.09484025,50.7336661],[7.0955996,50.73661631428571]]]}},{"type":"Feature","properties":{"seg_id":"bonn-18","routes":[{"route_id":"rm2026289","route_name":"Linie 61","route_name_local":"Linie 61","route_name_en":null,"route_ref":"61","route_color":"#98c000","wikipedia":"de:Verkehrsverbund Rhein-Sieg","osm_route_ids":[1995629,1995733],"status":null,"order_suspect":0,"span_suspect":0,"stations":[{"station_id":"n1879256077","station_name":"Quirinusplatz"},{"station_id":"n2043489760","station_name":"Loki-Schmidt-Platz"},{"station_id":"n1879256040","station_name":"Bergstraße"},{"station_id":"n1879256331","station_name":"Pützstraße"},{"station_id":"n296969652","station_name":"Eduard-Otto-Straße"},{"station_id":"n1366976104","station_name":"Haus der Jugend"},{"station_id":"n1879107745","station_name":"Rittershausstraße"},{"station_id":"n1879107748","station_name":"Weberstraße"},{"station_id":"n1879107540","station_name":"Königstraße"},{"station_id":"n1879107543","station_name":"Poppelsdorfer Allee"},{"station_id":"n1811099674","station_name":"Hauptbahnhof"},{"station_id":"n1820834758","station_name":"Thomas-Mann-Straße"},{"station_id":"n26699858","station_name":"Stadthaus"},{"station_id":"junc:7.09830:50.73746","station_name":""},{"station_id":"n1887987506","station_name":"Wilhelmsplatz"},{"station_id":"n1888550300","station_name":"Rosental"},{"station_id":"n1888550204","station_name":"Chlodwigplatz"},{"station_id":"n1833002475","station_name":"LVR-Klinik"},{"station_id":"n26614024","station_name":"Husarenstraße"},{"station_id":"n26643290","station_name":"Innenministerium"},{"station_id":"n26614032","station_name":"Heinrich-Hertz-Europakolleg"},{"station_id":"n26647294","station_name":"An der Josefshöhe"},{"station_id":"n26712630","station_name":"Auerberger Mitte"},{"station_id":"n1736530500","station_name":"Kopenhagener Straße"}]}],"route_count":1,"route_refs":["61"],"route_colors":["#98c000"],"city":"Bonn","country":"Germany"},"geometry":{"type":"MultiLineString","coordinates":[[[7.0955996,50.73661631428571],[7.0982995,50.7374554],[7.09892535,50.740135800000004]]]}},{"type":"Feature","properties":{"seg_id":"bonn-19","routes":[{"route_id":"rm2026289","route_name":"Linie 61","route_name_local":"Linie 61","route_name_en":null,"route_ref":"61","route_color":"#98c000","wikipedia":"de:Verkehrsverbund Rhein-Sieg","osm_route_ids":[1995629,1995733],"status":null,"order_suspect":0,"span_suspect":0,"stations":[{"station_id":"n1879256077","station_name":"Quirinusplatz"},{"station_id":"n2043489760","station_name":"Loki-Schmidt-Platz"},{"station_id":"n1879256040","station_name":"Bergstraße"},{"station_id":"n1879256331","station_name":"Pützstraße"},{"station_id":"n296969652","station_name":"Eduard-Otto-Straße"},{"station_id":"n1366976104","station_name":"Haus der Jugend"},{"station_id":"n1879107745","station_name":"Rittershausstraße"},{"station_id":"n1879107748","station_name":"Weberstraße"},{"station_id":"n1879107540","station_name":"Königstraße"},{"station_id":"n1879107543","station_name":"Poppelsdorfer Allee"},{"station_id":"n1811099674","station_name":"Hauptbahnhof"},{"station_id":"n1820834758","station_name":"Thomas-Mann-Straße"},{"station_id":"n26699858","station_name":"Stadthaus"},{"station_id":"junc:7.09830:50.73746","station_name":""},{"station_id":"n1887987506","station_name":"Wilhelmsplatz"},{"station_id":"n1888550300","station_name":"Rosental"},{"station_id":"n1888550204","station_name":"Chlodwigplatz"},{"station_id":"n1833002475","station_name":"LVR-Klinik"},{"station_id":"n26614024","station_name":"Husarenstraße"},{"station_id":"n26643290","station_name":"Innenministerium"},{"station_id":"n26614032","station_name":"Heinrich-Hertz-Europakolleg"},{"station_id":"n26647294","station_name":"An der Josefshöhe"},{"station_id":"n26712630","station_name":"Auerberger Mitte"},{"station_id":"n1736530500","station_name":"Kopenhagener Straße"}]},{"route_id":"rm39079","route_name":"Linie 65","route_name_local":"Linie 65","route_name_en":null,"route_ref":"65","route_color":"#c8d300","wikipedia":"de:Verkehrsverbund Rhein-Sieg","osm_route_ids":[2156838,2156839],"status":null,"order_suspect":0,"span_suspect":0,"stations":[{"station_id":"n27402089","station_name":"Ramersdorf"},{"station_id":"n267149014","station_name":"Schießbergweg"},{"station_id":"n267148291","station_name":"Küdinghoven"},{"station_id":"n658431051","station_name":"Limperich"},{"station_id":"n99353660","station_name":"Limperich Nord"},{"station_id":"n1877478270","station_name":"Beuel Station"},{"station_id":"n1877478870","station_name":"Obere Wilhelmstraße"},{"station_id":"n1579445361","station_name":"Beuel Rathaus"},{"station_id":"n633769844","station_name":"Konrad-Adenauer-Platz"},{"station_id":"n26699862","station_name":"Bertha-von-Suttner-Platz / Beethovenhaus"},{"station_id":"junc:7.09830:50.73746","station_name":""},{"station_id":"n1887987506","station_name":"Wilhelmsplatz"},{"station_id":"n1888550300","station_name":"Rosental"},{"station_id":"n1888550204","station_name":"Chlodwigplatz"},{"station_id":"n1833002475","station_name":"LVR-Klinik"},{"station_id":"n26614024","station_name":"Husarenstraße"},{"station_id":"n26643290","station_name":"Innenministerium"},{"station_id":"n26614032","station_name":"Heinrich-Hertz-Europakolleg"},{"station_id":"n26647294","station_name":"An der Josefshöhe"},{"station_id":"n26712630","station_name":"Auerberger Mitte"},{"station_id":"n1736530500","station_name":"Kopenhagener Straße"}]}],"route_count":2,"route_refs":["61","65"],"route_colors":["#98c000","#c8d300"],"city":"Bonn","country":"Germany"},"geometry":{"type":"MultiLineString","coordinates":[[[7.09892535,50.740135800000004],[7.096036266666666,50.741914699999995],[7.091020175,50.743310175],[7.09264005,50.74562755],[7.093374,50.7483262],[7.090722850000001,50.751227099999994],[7.0869365,50.754788500000004],[7.0814243999999995,50.7533701],[7.076765549999999,50.75526855],[7.0715874,50.757464049999996]]]}},{"type":"Feature","properties":{"seg_id":"bonn-20","routes":[{"route_id":"rm2026290","route_name":"Linie 62","route_name_local":"Linie 62","route_name_en":null,"route_ref":"62","route_color":"#61af20","wikipedia":"de:Verkehrsverbund Rhein-Sieg","osm_route_ids":[1995774,1995775],"status":null,"order_suspect":0,"span_suspect":0,"stations":[{"station_id":"n524126976","station_name":"Oberkassel Süd / Römlinghoven"},{"station_id":"n928976153","station_name":"Oberkassel Mitte"},{"station_id":"n27398414","station_name":"Oberkassel Nord"},{"station_id":"n27402089","station_name":"Ramersdorf"},{"station_id":"n267149014","station_name":"Schießbergweg"},{"station_id":"n267148291","station_name":"Küdinghoven"},{"station_id":"n658431051","station_name":"Limperich"},{"station_id":"n99353660","station_name":"Limperich Nord"},{"station_id":"n1877478270","station_name":"Beuel Station"},{"station_id":"n1877478870","station_name":"Obere Wilhelmstraße"},{"station_id":"n1579445361","station_name":"Beuel Rathaus"},{"station_id":"n633769844","station_name":"Konrad-Adenauer-Platz"},{"station_id":"n26699862","station_name":"Bertha-von-Suttner-Platz / Beethovenhaus"},{"station_id":"junc:7.09830:50.73746","station_name":""},{"station_id":"n26699858","station_name":"Stadthaus"},{"station_id":"n1820834758","station_name":"Thomas-Mann-Straße"},{"station_id":"n1811099674","station_name":"Hauptbahnhof"},{"station_id":"n1879107543","station_name":"Poppelsdorfer Allee"},{"station_id":"n1879107540","station_name":"Königstraße"},{"station_id":"n1879107748","station_name":"Weberstraße"},{"station_id":"n1879107745","station_name":"Rittershausstraße"},{"station_id":"n1366976104","station_name":"Haus der Jugend"},{"station_id":"n296969652","station_name":"Eduard-Otto-Straße"},{"station_id":"n1879256331","station_name":"Pützstraße"},{"station_id":"n1879256040","station_name":"Bergstraße"},{"station_id":"n2043489760","station_name":"Loki-Schmidt-Platz"},{"station_id":"n1879256077","station_name":"Quirinusplatz"}]},{"route_id":"rm39079","route_name":"Linie 65","route_name_local":"Linie 65","route_name_en":null,"route_ref":"65","route_color":"#c8d300","wikipedia":"de:Verkehrsverbund Rhein-Sieg","osm_route_ids":[2156838,2156839],"status":null,"order_suspect":0,"span_suspect":0,"stations":[{"station_id":"n27402089","station_name":"Ramersdorf"},{"station_id":"n267149014","station_name":"Schießbergweg"},{"station_id":"n267148291","station_name":"Küdinghoven"},{"station_id":"n658431051","station_name":"Limperich"},{"station_id":"n99353660","station_name":"Limperich Nord"},{"station_id":"n1877478270","station_name":"Beuel Station"},{"station_id":"n1877478870","station_name":"Obere Wilhelmstraße"},{"station_id":"n1579445361","station_name":"Beuel Rathaus"},{"station_id":"n633769844","station_name":"Konrad-Adenauer-Platz"},{"station_id":"n26699862","station_name":"Bertha-von-Suttner-Platz / Beethovenhaus"},{"station_id":"junc:7.09830:50.73746","station_name":""},{"station_id":"n1887987506","station_name":"Wilhelmsplatz"},{"station_id":"n1888550300","station_name":"Rosental"},{"station_id":"n1888550204","station_name":"Chlodwigplatz"},{"station_id":"n1833002475","station_name":"LVR-Klinik"},{"station_id":"n26614024","station_name":"Husarenstraße"},{"station_id":"n26643290","station_name":"Innenministerium"},{"station_id":"n26614032","station_name":"Heinrich-Hertz-Europakolleg"},{"station_id":"n26647294","station_name":"An der Josefshöhe"},{"station_id":"n26712630","station_name":"Auerberger Mitte"},{"station_id":"n1736530500","station_name":"Kopenhagener Straße"}]}],"route_count":2,"route_refs":["62","65"],"route_colors":["#61af20","#c8d300"],"city":"Bonn","country":"Germany"},"geometry":{"type":"MultiLineString","coordinates":[[[7.15517438,50.72231442],[7.1467978,50.7256105],[7.1419455,50.727620349999995],[7.136157949999999,50.729042],[7.13199635,50.7306104],[7.12697335,50.738902350000004],[7.124866925000001,50.739895225],[7.120471725,50.7393902],[7.118290619999999,50.7394334]]]}},{"type":"Feature","properties":{"seg_id":"bonn-21","routes":[{"route_id":"rm39079","route_name":"Linie 65","route_name_local":"Linie 65","route_name_en":null,"route_ref":"65","route_color":"#c8d300","wikipedia":"de:Verkehrsverbund Rhein-Sieg","osm_route_ids":[2156838,2156839],"status":null,"order_suspect":0,"span_suspect":0,"stations":[{"station_id":"n27402089","station_name":"Ramersdorf"},{"station_id":"n267149014","station_name":"Schießbergweg"},{"station_id":"n267148291","station_name":"Küdinghoven"},{"station_id":"n658431051","station_name":"Limperich"},{"station_id":"n99353660","station_name":"Limperich Nord"},{"station_id":"n1877478270","station_name":"Beuel Station"},{"station_id":"n1877478870","station_name":"Obere Wilhelmstraße"},{"station_id":"n1579445361","station_name":"Beuel Rathaus"},{"station_id":"n633769844","station_name":"Konrad-Adenauer-Platz"},{"station_id":"n26699862","station_name":"Bertha-von-Suttner-Platz / Beethovenhaus"},{"station_id":"junc:7.09830:50.73746","station_name":""},{"station_id":"n1887987506","station_name":"Wilhelmsplatz"},{"station_id":"n1888550300","station_name":"Rosental"},{"station_id":"n1888550204","station_name":"Chlodwigplatz"},{"station_id":"n1833002475","station_name":"LVR-Klinik"},{"station_id":"n26614024","station_name":"Husarenstraße"},{"station_id":"n26643290","station_name":"Innenministerium"},{"station_id":"n26614032","station_name":"Heinrich-Hertz-Europakolleg"},{"station_id":"n26647294","station_name":"An der Josefshöhe"},{"station_id":"n26712630","station_name":"Auerberger Mitte"},{"station_id":"n1736530500","station_name":"Kopenhagener Straße"}]}],"route_count":1,"route_refs":["65"],"route_colors":["#c8d300"],"city":"Bonn","country":"Germany"},"geometry":{"type":"MultiLineString","coordinates":[[[7.102429320000001,50.73747818],[7.0982995,50.7374554],[7.09892535,50.740135800000004]]]}},{"type":"Feature","properties":{"station_id":"n26612812","station_name":"Tannenbusch Süd","station_name_local":"Tannenbusch Süd","station_name_en":null,"city":"Bonn","country":"Germany","lines":["16","63"],"wikipedia":null,"merged_from":3,"merged_names":null,"is_terminus":false,"codes":["1","2"],"routes":[{"ref":"16","name":"Linie 16","route_color":"#21bfc1"},{"ref":"63","name":"Linie 63","route_color":"#60d6f7"}],"pass_count":2,"station_degree":2,"is_interchange":false,"station_role":"normal"},"geometry":{"type":"Point","coordinates":[7.055821266666666,50.7422867]},"__memberLines":{}},{"type":"Feature","properties":{"station_id":"n26612852","station_name":"Wesseling","station_name_local":"Wesseling","station_name_en":null,"city":"Bonn","country":"Germany","lines":["16"],"wikipedia":null,"merged_from":4,"merged_names":null,"is_terminus":false,"codes":["1","2","3"],"routes":[{"ref":"16","name":"Linie 16","route_color":"#21bfc1"}],"pass_count":1,"station_degree":2,"is_interchange":false,"station_role":"normal"},"geometry":{"type":"Point","coordinates":[6.97960535,50.822864025]},"__memberLines":{}},{"type":"Feature","properties":{"station_id":"n26614024","station_name":"Husarenstraße","station_name_local":"Husarenstraße","station_name_en":null,"city":"Bonn","country":"Germany","lines":["61","65"],"wikipedia":null,"merged_from":2,"merged_names":null,"is_terminus":false,"routes":[{"ref":"61","name":"Linie 61","route_color":"#98c000"},{"ref":"65","name":"Linie 65","route_color":"#c8d300"}],"pass_count":2,"station_degree":2,"codes":null,"is_interchange":false,"station_role":"normal"},"geometry":{"type":"Point","coordinates":[7.093374,50.7483262]},"__memberLines":{}},{"type":"Feature","properties":{"station_id":"n26614032","station_name":"Heinrich-Hertz-Europakolleg","station_name_local":"Heinrich-Hertz-Europakolleg","station_name_en":null,"city":"Bonn","country":"Germany","lines":["61","65"],"wikipedia":null,"merged_from":2,"merged_names":null,"is_terminus":false,"routes":[{"ref":"61","name":"Linie 61","route_color":"#98c000"},{"ref":"65","name":"Linie 65","route_color":"#c8d300"}],"pass_count":2,"station_degree":2,"codes":null,"is_interchange":false,"station_role":"normal"},"geometry":{"type":"Point","coordinates":[7.0869365,50.754788500000004]},"__memberLines":{}},{"type":"Feature","properties":{"station_id":"n26643290","station_name":"Innenministerium","station_name_local":"Innenministerium","station_name_en":null,"city":"Bonn","country":"Germany","lines":["61","65"],"wikipedia":null,"merged_from":2,"merged_names":null,"is_terminus":false,"routes":[{"ref":"61","name":"Linie 61","route_color":"#98c000"},{"ref":"65","name":"Linie 65","route_color":"#c8d300"}],"pass_count":2,"station_degree":2,"codes":null,"is_interchange":false,"station_role":"normal"},"geometry":{"type":"Point","coordinates":[7.090722850000001,50.751227099999994]},"__memberLines":{}},{"type":"Feature","properties":{"station_id":"n26647294","station_name":"An der Josefshöhe","station_name_local":"An der Josefshöhe","station_name_en":null,"city":"Bonn","country":"Germany","lines":["61","65"],"wikipedia":null,"merged_from":2,"merged_names":null,"is_terminus":false,"routes":[{"ref":"61","name":"Linie 61","route_color":"#98c000"},{"ref":"65","name":"Linie 65","route_color":"#c8d300"}],"pass_count":2,"station_degree":2,"codes":null,"is_interchange":false,"station_role":"normal"},"geometry":{"type":"Point","coordinates":[7.0814243999999995,50.7533701]},"__memberLines":{}},{"type":"Feature","properties":{"station_id":"n26699858","station_name":"Stadthaus","station_name_local":"Stadthaus","station_name_en":null,"city":"Bonn","country":"Germany","lines":["61","62","66","67"],"wikipedia":null,"merged_from":7,"merged_names":null,"is_terminus":false,"routes":[{"ref":"61","name":"Linie 61","route_color":"#98c000"},{"ref":"62","name":"Linie 62","route_color":"#61af20"},{"ref":"66","name":"Linie 66","route_color":"#e5007d"},{"ref":"67","name":"Linie 67","route_color":"#ee99bf"}],"pass_count":4,"station_degree":4,"codes":null,"is_interchange":true,"station_role":"interchange"},"geometry":{"type":"Point","coordinates":[7.0955996,50.73661631428571]},"__memberLines":{}},{"type":"Feature","properties":{"station_id":"n26699862","station_name":"Bertha-von-Suttner-Platz / Beethovenhaus","station_name_local":"Bertha-von-Suttner-Platz / Beethovenhaus","station_name_en":null,"city":"Bonn","country":"Germany","lines":["62","65","66","67"],"wikipedia":null,"merged_from":5,"merged_names":null,"is_terminus":false,"codes":["A1","A2","B1","B2"],"routes":[{"ref":"62","name":"Linie 62","route_color":"#61af20"},{"ref":"65","name":"Linie 65","route_color":"#c8d300"},{"ref":"66","name":"Linie 66","route_color":"#e5007d"},{"ref":"67","name":"Linie 67","route_color":"#ee99bf"}],"pass_count":4,"station_degree":3,"is_interchange":true,"station_role":"interchange"},"geometry":{"type":"Point","coordinates":[7.102429320000001,50.73747818]},"__memberLines":{}},{"type":"Feature","properties":{"station_id":"n26712630","station_name":"Auerberger Mitte","station_name_local":"Auerberger Mitte","station_name_en":null,"city":"Bonn","country":"Germany","lines":["61","65"],"wikipedia":null,"merged_from":2,"merged_names":null,"is_terminus":false,"routes":[{"ref":"61","name":"Linie 61","route_color":"#98c000"},{"ref":"65","name":"Linie 65","route_color":"#c8d300"}],"pass_count":2,"station_degree":2,"codes":null,"is_interchange":false,"station_role":"normal"},"geometry":{"type":"Point","coordinates":[7.076765549999999,50.75526855]},"__memberLines":{}},{"type":"Feature","properties":{"station_id":"n26723664","station_name":"Robert-Schuman-Platz","station_name_local":"Robert-Schuman-Platz","station_name_en":null,"city":"Bonn","country":"Germany","lines":["66","68"],"wikipedia":null,"merged_from":3,"merged_names":null,"is_terminus":false,"codes":["1","2"],"routes":[{"ref":"66","name":"Linie 66","route_color":"#e5007d"},{"ref":"68","name":"Linie 68","route_color":"#cea4cb"}],"pass_count":2,"station_degree":2,"is_interchange":false,"station_role":"normal"},"geometry":{"type":"Point","coordinates":[7.137445199999999,50.7068957]},"__memberLines":{}},{"type":"Feature","properties":{"station_id":"n26928057","station_name":"Königswinter Fähre","station_name_local":"Königswinter Fähre","station_name_en":null,"city":"Bonn","country":"Germany","lines":["66"],"wikipedia":null,"is_terminus":false,"routes":[{"ref":"66","name":"Linie 66","route_color":"#e5007d"}],"pass_count":1,"station_degree":2,"codes":null,"merged_from":null,"merged_names":null,"is_interchange":false,"station_role":"normal"},"geometry":{"type":"Point","coordinates":[7.1925051,50.6728224]},"__memberLines":{}},{"type":"Feature","properties":{"station_id":"n1886556756","station_name":"Alfter/Alanus Hochschule / Alfter / Alanus Hochschule","station_name_local":"Alfter/Alanus Hochschule / Alfter / Alanus Hochschule","station_name_en":null,"city":"Bonn","country":"Germany","lines":["18","68"],"wikipedia":null,"merged_from":3,"merged_names":[{"station_id":"n1886556756","station_name":"Alfter/Alanus Hochschule","station_name_local":"Alfter/Alanus Hochschule","lines":["18","68"]},{"station_id":"n27019148","station_name":"Alfter / Alanus Hochschule","station_name_local":"Alfter / Alanus Hochschule","lines":["18","68"]}],"is_terminus":false,"routes":[{"ref":"18","name":"Linie 18","route_color":"#0095da"},{"ref":"68","name":"Linie 68","route_color":"#cea4cb"}],"pass_count":2,"station_degree":2,"codes":null,"is_interchange":false,"station_role":"normal"},"geometry":{"type":"Point","coordinates":[7.016862833333334,50.743727299999996]},"__memberLines":{}},{"type":"Feature","properties":{"station_id":"n27146894","station_name":"Bonn West","station_name_local":"Bonn West","station_name_en":null,"city":"Bonn","country":"Germany","lines":["16","18","63","68"],"wikipedia":null,"merged_from":2,"merged_names":null,"is_terminus":false,"routes":[{"ref":"16","name":"Linie 16","route_color":"#21bfc1"},{"ref":"18","name":"Linie 18","route_color":"#0095da"},{"ref":"63","name":"Linie 63","route_color":"#60d6f7"},{"ref":"68","name":"Linie 68","route_color":"#cea4cb"}],"pass_count":4,"station_degree":3,"codes":null,"is_interchange":true,"station_role":"interchange"},"geometry":{"type":"Point","coordinates":[7.0815691,50.73652035]},"__memberLines":{}},{"type":"Feature","properties":{"station_id":"n27176972","station_name":"Dransdorf","station_name_local":"Dransdorf","station_name_en":null,"city":"Bonn","country":"Germany","lines":["18","68"],"wikipedia":null,"merged_from":3,"merged_names":null,"is_terminus":false,"routes":[{"ref":"18","name":"Linie 18","route_color":"#0095da"},{"ref":"68","name":"Linie 68","route_color":"#cea4cb"}],"pass_count":2,"station_degree":2,"codes":null,"is_interchange":false,"station_role":"normal"},"geometry":{"type":"Point","coordinates":[7.047002166666666,50.73735946666667]},"__memberLines":{}},{"type":"Feature","properties":{"station_id":"n27398414","station_name":"Oberkassel Nord","station_name_local":"Oberkassel Nord","station_name_en":null,"city":"Bonn","country":"Germany","lines":["62","66"],"wikipedia":null,"merged_from":3,"merged_names":null,"is_terminus":false,"routes":[{"ref":"62","name":"Linie 62","route_color":"#61af20"},{"ref":"66","name":"Linie 66","route_color":"#e5007d"}],"pass_count":2,"station_degree":2,"codes":null,"is_interchange":false,"station_role":"normal"},"geometry":{"type":"Point","coordinates":[7.165402833333334,50.71627863333333]},"__memberLines":{}},{"type":"Feature","properties":{"station_id":"n27401191","station_name":"Oberdollendorf Nord","station_name_local":"Oberdollendorf Nord","station_name_en":null,"city":"Bonn","country":"Germany","lines":["66"],"wikipedia":null,"merged_from":3,"merged_names":null,"is_terminus":false,"routes":[{"ref":"66","name":"Linie 66","route_color":"#e5007d"}],"pass_count":1,"station_degree":2,"codes":null,"is_interchange":false,"station_role":"normal"},"geometry":{"type":"Point","coordinates":[7.1795474,50.70251983333333]},"__memberLines":{}},{"type":"Feature","properties":{"station_id":"n27401197","station_name":"Oberdollendorf","station_name_local":"Oberdollendorf","station_name_en":null,"city":"Bonn","country":"Germany","lines":["66"],"wikipedia":null,"merged_from":2,"merged_names":null,"is_terminus":false,"routes":[{"ref":"66","name":"Linie 66","route_color":"#e5007d"}],"pass_count":1,"station_degree":2,"codes":null,"is_interchange":false,"station_role":"normal"},"geometry":{"type":"Point","coordinates":[7.18437265,50.6965012]},"__memberLines":{}},{"type":"Feature","properties":{"station_id":"n27401210","station_name":"Longenburg / CJD Königswinter","station_name_local":"Longenburg / CJD Königswinter","station_name_en":null,"city":"Bonn","country":"Germany","lines":["66"],"wikipedia":null,"merged_from":3,"merged_names":null,"is_terminus":false,"routes":[{"ref":"66","name":"Linie 66","route_color":"#e5007d"}],"pass_count":1,"station_degree":2,"codes":null,"is_interchange":false,"station_role":"normal"},"geometry":{"type":"Point","coordinates":[7.186704766666668,50.684879]},"__memberLines":{}},{"type":"Feature","properties":{"station_id":"n27401216","station_name":"Königswinter Clemens-August-Straße","station_name_local":"Königswinter Clemens-August-Straße","station_name_en":null,"city":"Bonn","country":"Germany","lines":["66"],"wikipedia":null,"merged_from":3,"merged_names":null,"is_terminus":false,"routes":[{"ref":"66","name":"Linie 66","route_color":"#e5007d"}],"pass_count":1,"station_degree":2,"codes":null,"is_interchange":false,"station_role":"normal"},"geometry":{"type":"Point","coordinates":[7.188930433333333,50.677263366666665]},"__memberLines":{}},{"type":"Feature","properties":{"station_id":"n27401226","station_name":"Rhöndorf","station_name_local":"Rhöndorf","station_name_en":null,"city":"Bonn","country":"Germany","lines":["66"],"wikipedia":null,"merged_from":3,"merged_names":null,"is_terminus":false,"routes":[{"ref":"66","name":"Linie 66","route_color":"#e5007d"}],"pass_count":1,"station_degree":2,"codes":null,"is_interchange":false,"station_role":"normal"},"geometry":{"type":"Point","coordinates":[7.209598333333333,50.65772206666667]},"__memberLines":{}},{"type":"Feature","properties":{"station_id":"n27401232","station_name":"Königswinter Denkmal","station_name_local":"Königswinter Denkmal","station_name_en":null,"city":"Bonn","country":"Germany","lines":["66"],"wikipedia":null,"is_terminus":false,"routes":[{"ref":"66","name":"Linie 66","route_color":"#e5007d"}],"pass_count":1,"station_degree":2,"codes":null,"merged_from":null,"merged_names":null,"is_interchange":false,"station_role":"normal"},"geometry":{"type":"Point","coordinates":[7.1964355,50.6686967]},"__memberLines":{}},{"type":"Feature","properties":{"station_id":"n27401240","station_name":"Am Spitzenbach","station_name_local":"Am Spitzenbach","station_name_en":null,"city":"Bonn","country":"Germany","lines":["66"],"wikipedia":null,"is_terminus":false,"routes":[{"ref":"66","name":"Linie 66","route_color":"#e5007d"}],"pass_count":1,"station_degree":2,"codes":null,"merged_from":null,"merged_names":null,"is_interchange":false,"station_role":"normal"},"geometry":{"type":"Point","coordinates":[7.2149238,50.6488079]},"__memberLines":{}},{"type":"Feature","properties":{"station_id":"n27401243","station_name":"Bad Honnef Stadtbahn","station_name_local":"Bad Honnef Stadtbahn","station_name_en":null,"city":"Bonn","country":"Germany","lines":["66"],"wikipedia":null,"merged_from":3,"merged_names":null,"is_terminus":true,"routes":[{"ref":"66","name":"Linie 66","route_color":"#e5007d"}],"pass_count":1,"station_degree":1,"codes":null,"is_interchange":false,"station_role":"terminus"},"geometry":{"type":"Point","coordinates":[7.2169647333333335,50.64420416666667]},"__memberLines":{}},{"type":"Feature","properties":{"station_id":"n27402089","station_name":"Ramersdorf","station_name_local":"Ramersdorf","station_name_en":null,"city":"Bonn","country":"Germany","lines":["62","65","66","68"],"wikipedia":null,"merged_from":5,"merged_names":null,"is_terminus":false,"codes":["1","2","3"],"routes":[{"ref":"62","name":"Linie 62","route_color":"#61af20"},{"ref":"65","name":"Linie 65","route_color":"#c8d300"},{"ref":"66","name":"Linie 66","route_color":"#e5007d"},{"ref":"68","name":"Linie 68","route_color":"#cea4cb"}],"pass_count":4,"station_degree":3,"is_interchange":true,"station_role":"interchange"},"geometry":{"type":"Point","coordinates":[7.15517438,50.72231442]},"__memberLines":{}},{"type":"Feature","properties":{"station_id":"n29766820","station_name":"Tannenbusch Mitte","station_name_local":"Tannenbusch Mitte","station_name_en":null,"city":"Bonn","country":"Germany","lines":["16","63"],"wikipedia":null,"merged_from":3,"merged_names":null,"is_terminus":false,"codes":["1","2"],"routes":[{"ref":"16","name":"Linie 16","route_color":"#21bfc1"},{"ref":"63","name":"Linie 63","route_color":"#60d6f7"}],"pass_count":2,"station_degree":2,"is_interchange":true,"station_role":"interchange"},"geometry":{"type":"Point","coordinates":[7.046582133333334,50.75095820000001]},"__memberLines":{}},{"type":"Feature","properties":{"station_id":"n31001576","station_name":"Universität / Markt","station_name_local":"Universität / Markt","station_name_en":null,"city":"Bonn","country":"Germany","lines":["16","63","66","67","68"],"wikipedia":null,"merged_from":3,"merged_names":null,"is_terminus":false,"codes":["1","2"],"routes":[{"ref":"16","name":"Linie 16","route_color":"#21bfc1"},{"ref":"63","name":"Linie 63","route_color":"#60d6f7"},{"ref":"66","name":"Linie 66","route_color":"#e5007d"},{"ref":"67","name":"Linie 67","route_color":"#ee99bf"},{"ref":"68","name":"Linie 68","route_color":"#cea4cb"}],"pass_count":5,"station_degree":2,"is_interchange":false,"station_role":"normal"},"geometry":{"type":"Point","coordinates":[7.103308566666667,50.73305813333334]},"__memberLines":{}},{"type":"Feature","properties":{"station_id":"n1821574892","station_name":"Juridicum","station_name_local":"Juridicum","station_name_en":null,"city":"Bonn","country":"Germany","lines":["16","63","66","67","68"],"wikipedia":null,"merged_from":3,"merged_names":null,"is_terminus":false,"codes":["1","2"],"routes":[{"ref":"16","name":"Linie 16","route_color":"#21bfc1"},{"ref":"63","name":"Linie 63","route_color":"#60d6f7"},{"ref":"66","name":"Linie 66","route_color":"#e5007d"},{"ref":"67","name":"Linie 67","route_color":"#ee99bf"},{"ref":"68","name":"Linie 68","route_color":"#cea4cb"}],"pass_count":5,"station_degree":2,"is_interchange":false,"station_role":"normal"},"geometry":{"type":"Point","coordinates":[7.108586133333333,50.72984563333333]},"__memberLines":{}},{"type":"Feature","properties":{"station_id":"n1821574884","station_name":"Bundesrechnungshof/Auswärtiges Amt","station_name_local":"Bundesrechnungshof/Auswärtiges Amt","station_name_en":null,"city":"Bonn","country":"Germany","lines":["16","63","66","67","68"],"wikipedia":null,"merged_from":3,"merged_names":null,"is_terminus":false,"codes":["1","2"],"routes":[{"ref":"16","name":"Linie 16","route_color":"#21bfc1"},{"ref":"63","name":"Linie 63","route_color":"#60d6f7"},{"ref":"66","name":"Linie 66","route_color":"#e5007d"},{"ref":"67","name":"Linie 67","route_color":"#ee99bf"},{"ref":"68","name":"Linie 68","route_color":"#cea4cb"}],"pass_count":5,"station_degree":2,"is_interchange":false,"station_role":"normal"},"geometry":{"type":"Point","coordinates":[7.111485066666667,50.72570273333334]},"__memberLines":{}},{"type":"Feature","properties":{"station_id":"n1821574881","station_name":"Museum Koenig","station_name_local":"Museum Koenig","station_name_en":null,"city":"Bonn","country":"Germany","lines":["16","63","66","67","68"],"wikipedia":null,"merged_from":3,"merged_names":null,"is_terminus":false,"codes":["1","2"],"routes":[{"ref":"16","name":"Linie 16","route_color":"#21bfc1"},{"ref":"63","name":"Linie 63","route_color":"#60d6f7"},{"ref":"66","name":"Linie 66","route_color":"#e5007d"},{"ref":"67","name":"Linie 67","route_color":"#ee99bf"},{"ref":"68","name":"Linie 68","route_color":"#cea4cb"}],"pass_count":5,"station_degree":2,"is_interchange":false,"station_role":"normal"},"geometry":{"type":"Point","coordinates":[7.114399933333334,50.72191326666667]},"__memberLines":{}},{"type":"Feature","properties":{"station_id":"n1821574842","station_name":"Heussallee/Museumsmeile","station_name_local":"Heussallee/Museumsmeile","station_name_en":null,"city":"Bonn","country":"Germany","lines":["16","63","66","67","68"],"wikipedia":null,"merged_from":3,"merged_names":null,"is_terminus":false,"codes":["1","2"],"routes":[{"ref":"16","name":"Linie 16","route_color":"#21bfc1"},{"ref":"63","name":"Linie 63","route_color":"#60d6f7"},{"ref":"66","name":"Linie 66","route_color":"#e5007d"},{"ref":"67","name":"Linie 67","route_color":"#ee99bf"},{"ref":"68","name":"Linie 68","route_color":"#cea4cb"}],"pass_count":5,"station_degree":2,"is_interchange":false,"station_role":"normal"},"geometry":{"type":"Point","coordinates":[7.120458766666666,50.71680943333333]},"__memberLines":{}},{"type":"Feature","properties":{"station_id":"n31182163","station_name":"Siegburg Bahnhof","station_name_local":"Siegburg Bahnhof","station_name_en":null,"city":"Bonn","country":"Germany","lines":["66","67"],"wikipedia":null,"merged_from":3,"merged_names":null,"is_terminus":true,"codes":["11","12"],"routes":[{"ref":"66","name":"Linie 66","route_color":"#e5007d"},{"ref":"67","name":"Linie 67","route_color":"#ee99bf"}],"pass_count":2,"station_degree":1,"is_interchange":false,"station_role":"terminus"},"geometry":{"type":"Point","coordinates":[7.203003266666666,50.79324566666667]},"__memberLines":{}},{"type":"Feature","properties":{"station_id":"n31260710","station_name":"Hangelar Ost","station_name_local":"Hangelar Ost","station_name_en":null,"city":"Bonn","country":"Germany","lines":["66","67"],"wikipedia":null,"merged_from":3,"merged_names":null,"is_terminus":false,"routes":[{"ref":"66","name":"Linie 66","route_color":"#e5007d"},{"ref":"67","name":"Linie 67","route_color":"#ee99bf"}],"pass_count":2,"station_degree":2,"codes":null,"is_interchange":false,"station_role":"normal"},"geometry":{"type":"Point","coordinates":[7.171802366666667,50.76373726666666]},"__memberLines":{}},{"type":"Feature","properties":{"station_id":"n31261077","station_name":"Sankt Augustin Zentrum/Hochschule Bonn-Rhein-Sieg","station_name_local":"Sankt Augustin Zentrum/Hochschule Bonn-Rhein-Sieg","station_name_en":null,"city":"Bonn","country":"Germany","lines":["66","67"],"wikipedia":null,"merged_from":3,"merged_names":null,"is_terminus":false,"routes":[{"ref":"66","name":"Linie 66","route_color":"#e5007d"},{"ref":"67","name":"Linie 67","route_color":"#ee99bf"}],"pass_count":2,"station_degree":2,"codes":null,"is_interchange":false,"station_role":"normal"},"geometry":{"type":"Point","coordinates":[7.188088566666667,50.776824500000004]},"__memberLines":{}},{"type":"Feature","properties":{"station_id":"n31332908","station_name":"Roisdorf West","station_name_local":"Roisdorf West","station_name_en":null,"city":"Bonn","country":"Germany","lines":["18","68"],"wikipedia":null,"merged_from":3,"merged_names":null,"is_terminus":false,"routes":[{"ref":"18","name":"Linie 18","route_color":"#0095da"},{"ref":"68","name":"Linie 68","route_color":"#cea4cb"}],"pass_count":2,"station_degree":2,"codes":null,"is_interchange":false,"station_role":"normal"},"geometry":{"type":"Point","coordinates":[7.008156100000001,50.753697233333334]},"__memberLines":{}},{"type":"Feature","properties":{"station_id":"n31332940","station_name":"Waldorf","station_name_local":"Waldorf","station_name_en":null,"city":"Bonn","country":"Germany","lines":["18"],"wikipedia":null,"merged_from":3,"merged_names":null,"is_terminus":false,"routes":[{"ref":"18","name":"Linie 18","route_color":"#0095da"}],"pass_count":1,"station_degree":2,"codes":null,"is_interchange":false,"station_role":"normal"},"geometry":{"type":"Point","coordinates":[6.950950333333334,50.76816256666667]},"__memberLines":{}},{"type":"Feature","properties":{"station_id":"n31332960","station_name":"Schwadorf","station_name_local":"Schwadorf","station_name_en":null,"city":"Bonn","country":"Germany","lines":["18"],"wikipedia":null,"merged_from":3,"merged_names":null,"is_terminus":false,"routes":[{"ref":"18","name":"Linie 18","route_color":"#0095da"}],"pass_count":1,"station_degree":2,"codes":null,"is_interchange":false,"station_role":"normal"},"geometry":{"type":"Point","coordinates":[6.913977833333334,50.801064233333335]},"__memberLines":{}},{"type":"Feature","properties":{"station_id":"n31332973","station_name":"Brühl Süd","station_name_local":"Brühl Süd","station_name_en":null,"city":"Bonn","country":"Germany","lines":["18"],"wikipedia":null,"merged_from":3,"merged_names":null,"is_terminus":false,"routes":[{"ref":"18","name":"Linie 18","route_color":"#0095da"}],"pass_count":1,"station_degree":2,"codes":null,"is_interchange":false,"station_role":"normal"},"geometry":{"type":"Point","coordinates":[6.8983981000000005,50.82228193333333]},"__memberLines":{}},{"type":"Feature","properties":{"station_id":"n31332993","station_name":"Brühl-Vochem","station_name_local":"Brühl-Vochem","station_name_en":null,"city":"Bonn","country":"Germany","lines":["18"],"wikipedia":null,"merged_from":3,"merged_names":null,"is_terminus":false,"routes":[{"ref":"18","name":"Linie 18","route_color":"#0095da"}],"pass_count":1,"station_degree":2,"codes":null,"is_interchange":false,"station_role":"normal"},"geometry":{"type":"Point","coordinates":[6.901031433333333,50.8440663]},"__memberLines":{}},{"type":"Feature","properties":{"station_id":"n31339549","station_name":"Bornheim Rathaus","station_name_local":"Bornheim Rathaus","station_name_en":null,"city":"Bonn","country":"Germany","lines":["18","68"],"wikipedia":null,"is_terminus":false,"routes":[{"ref":"18","name":"Linie 18","route_color":"#0095da"},{"ref":"68","name":"Linie 68","route_color":"#cea4cb"}],"pass_count":2,"station_degree":2,"codes":null,"merged_from":null,"merged_names":null,"is_interchange":false,"station_role":"normal"},"geometry":{"type":"Point","coordinates":[7.0021686,50.7571598]},"__memberLines":{}},{"type":"Feature","properties":{"station_id":"n31339928","station_name":"Bornheim","station_name_local":"Bornheim","station_name_en":null,"city":"Bonn","country":"Germany","lines":["18","68"],"wikipedia":null,"merged_from":3,"merged_names":null,"is_terminus":false,"routes":[{"ref":"18","name":"Linie 18","route_color":"#0095da"},{"ref":"68","name":"Linie 68","route_color":"#cea4cb"}],"pass_count":2,"station_degree":2,"codes":null,"is_interchange":true,"station_role":"interchange"},"geometry":{"type":"Point","coordinates":[6.9896042,50.76125686666666]},"__memberLines":{}},{"type":"Feature","properties":{"station_id":"n31339932","station_name":"Dersdorf","station_name_local":"Dersdorf","station_name_en":null,"city":"Bonn","country":"Germany","lines":["18"],"wikipedia":null,"merged_from":2,"merged_names":null,"is_terminus":false,"routes":[{"ref":"18","name":"Linie 18","route_color":"#0095da"}],"pass_count":1,"station_degree":2,"codes":null,"is_interchange":false,"station_role":"normal"},"geometry":{"type":"Point","coordinates":[6.9694983,50.76474105]},"__memberLines":{}},{"type":"Feature","properties":{"station_id":"n31339933","station_name":"Merten","station_name_local":"Merten","station_name_en":null,"city":"Bonn","country":"Germany","lines":["18"],"wikipedia":null,"merged_from":3,"merged_names":null,"is_terminus":false,"routes":[{"ref":"18","name":"Linie 18","route_color":"#0095da"}],"pass_count":1,"station_degree":2,"codes":null,"is_interchange":false,"station_role":"normal"},"geometry":{"type":"Point","coordinates":[6.9332823999999995,50.7797698]},"__memberLines":{}},{"type":"Feature","properties":{"station_id":"n31339934","station_name":"Walberberg","station_name_local":"Walberberg","station_name_en":null,"city":"Bonn","country":"Germany","lines":["18"],"wikipedia":null,"merged_from":2,"merged_names":null,"is_terminus":false,"routes":[{"ref":"18","name":"Linie 18","route_color":"#0095da"}],"pass_count":1,"station_degree":2,"codes":null,"is_interchange":false,"station_role":"normal"},"geometry":{"type":"Point","coordinates":[6.92094945,50.79422145]},"__memberLines":{}},{"type":"Feature","properties":{"station_id":"n31340049","station_name":"Brühl Mitte","station_name_local":"Brühl Mitte","station_name_en":null,"city":"Bonn","country":"Germany","lines":["18"],"wikipedia":null,"merged_from":4,"merged_names":null,"is_terminus":false,"codes":["1","2","3"],"routes":[{"ref":"18","name":"Linie 18","route_color":"#0095da"}],"pass_count":1,"station_degree":2,"is_interchange":false,"station_role":"normal"},"geometry":{"type":"Point","coordinates":[6.899015500000001,50.829104224999995]},"__memberLines":{}},{"type":"Feature","properties":{"station_id":"n31343579","station_name":"Fischenich","station_name_local":"Fischenich","station_name_en":null,"city":"Bonn","country":"Germany","lines":["18"],"wikipedia":null,"merged_from":3,"merged_names":null,"is_terminus":false,"routes":[{"ref":"18","name":"Linie 18","route_color":"#0095da"}],"pass_count":1,"station_degree":2,"codes":null,"is_interchange":false,"station_role":"normal"},"geometry":{"type":"Point","coordinates":[6.897659066666667,50.8646968]},"__memberLines":{}},{"type":"Feature","properties":{"station_id":"n31343889","station_name":"Hürth-Hermülheim","station_name_local":"Hürth-Hermülheim","station_name_en":null,"city":"Bonn","country":"Germany","lines":["18"],"wikipedia":null,"merged_from":3,"merged_names":null,"is_terminus":false,"routes":[{"ref":"18","name":"Linie 18","route_color":"#0095da"}],"pass_count":1,"station_degree":2,"codes":null,"is_interchange":false,"station_role":"normal"},"geometry":{"type":"Point","coordinates":[6.8946191,50.880356866666666]},"__memberLines":{}},{"type":"Feature","properties":{"station_id":"n31346009","station_name":"Arnulfstraße","station_name_local":"Arnulfstraße","station_name_en":null,"city":"Bonn","country":"Germany","lines":["18"],"wikipedia":null,"merged_from":2,"merged_names":null,"is_terminus":false,"routes":[{"ref":"18","name":"Linie 18","route_color":"#0095da"}],"pass_count":1,"station_degree":2,"codes":null,"is_interchange":false,"station_role":"normal"},"geometry":{"type":"Point","coordinates":[6.93019375,50.918293649999995]},"__memberLines":{}},{"type":"Feature","properties":{"station_id":"n31615763","station_name":"Propsthof Nord","station_name_local":"Propsthof Nord","station_name_en":null,"city":"Bonn","country":"Germany","lines":["16","63"],"wikipedia":null,"merged_from":3,"merged_names":null,"is_terminus":false,"routes":[{"ref":"16","name":"Linie 16","route_color":"#21bfc1"},{"ref":"63","name":"Linie 63","route_color":"#60d6f7"}],"pass_count":2,"station_degree":2,"codes":null,"is_interchange":false,"station_role":"normal"},"geometry":{"type":"Point","coordinates":[7.073349166666667,50.739319800000004]},"__memberLines":{}},{"type":"Feature","properties":{"station_id":"n58694601","station_name":"Buschdorf","station_name_local":"Buschdorf","station_name_en":null,"city":"Bonn","country":"Germany","lines":["16"],"wikipedia":null,"merged_from":3,"merged_names":null,"is_terminus":false,"codes":["1","2"],"routes":[{"ref":"16","name":"Linie 16","route_color":"#21bfc1"}],"pass_count":1,"station_degree":2,"is_interchange":false,"station_role":"normal"},"geometry":{"type":"Point","coordinates":[7.0465352333333335,50.757976000000006]},"__memberLines":{}},{"type":"Feature","properties":{"station_id":"n58694630","station_name":"Godorf","station_name_local":"Godorf","station_name_en":null,"city":"Bonn","country":"Germany","lines":["16"],"wikipedia":null,"merged_from":3,"merged_names":null,"is_terminus":false,"routes":[{"ref":"16","name":"Linie 16","route_color":"#21bfc1"}],"pass_count":1,"station_degree":2,"codes":null,"is_interchange":false,"station_role":"normal"},"geometry":{"type":"Point","coordinates":[6.9783289,50.84710276666667]},"__memberLines":{}},{"type":"Feature","properties":{"station_id":"n58694692","station_name":"Schönhauser Straße","station_name_local":"Schönhauser Straße","station_name_en":null,"city":"Bonn","country":"Germany","lines":["16"],"wikipedia":null,"merged_from":2,"merged_names":null,"is_terminus":false,"routes":[{"ref":"16","name":"Linie 16","route_color":"#21bfc1"}],"pass_count":1,"station_degree":2,"codes":null,"is_interchange":false,"station_role":"normal"},"geometry":{"type":"Point","coordinates":[6.97188815,50.9143486]},"__memberLines":{}},{"type":"Feature","properties":{"station_id":"n59776017","station_name":"Ubierring","station_name_local":"Ubierring","station_name_en":null,"city":"Bonn","country":"Germany","lines":["16"],"wikipedia":null,"merged_from":3,"merged_names":null,"is_terminus":false,"routes":[{"ref":"16","name":"Linie 16","route_color":"#21bfc1"}],"pass_count":1,"station_degree":2,"codes":null,"is_interchange":false,"station_role":"normal"},"geometry":{"type":"Point","coordinates":[6.965588666666666,50.92220673333333]},"__memberLines":{}},{"type":"Feature","properties":{"station_id":"n59973253","station_name":"Sülzgürtel","station_name_local":"Sülzgürtel","station_name_en":null,"city":"Bonn","country":"Germany","lines":["18"],"wikipedia":null,"merged_from":4,"merged_names":null,"is_terminus":false,"routes":[{"ref":"18","name":"Linie 18","route_color":"#0095da"}],"pass_count":1,"station_degree":2,"codes":null,"is_interchange":false,"station_role":"normal"},"geometry":{"type":"Point","coordinates":[6.923237675,50.912225625000005]},"__memberLines":{}},{"type":"Feature","properties":{"station_id":"n59973254","station_name":"Sülzburgstraße","station_name_local":"Sülzburgstraße","station_name_en":null,"city":"Bonn","country":"Germany","lines":["18"],"wikipedia":null,"merged_from":2,"merged_names":null,"is_terminus":false,"routes":[{"ref":"18","name":"Linie 18","route_color":"#0095da"}],"pass_count":1,"station_degree":2,"codes":null,"is_interchange":false,"station_role":"normal"},"geometry":{"type":"Point","coordinates":[6.927092399999999,50.9153334]},"__memberLines":{}},{"type":"Feature","properties":{"station_id":"n59973255","station_name":"Weißhausstraße","station_name_local":"Weißhausstraße","station_name_en":null,"city":"Bonn","country":"Germany","lines":["18"],"wikipedia":null,"merged_from":2,"merged_names":null,"is_terminus":false,"routes":[{"ref":"18","name":"Linie 18","route_color":"#0095da"}],"pass_count":1,"station_degree":2,"codes":null,"is_interchange":false,"station_role":"normal"},"geometry":{"type":"Point","coordinates":[6.93344245,50.921416300000004]},"__memberLines":{}},{"type":"Feature","properties":{"station_id":"n59973256","station_name":"Eifelwall/Stadtarchiv","station_name_local":"Eifelwall/Stadtarchiv","station_name_en":null,"city":"Bonn","country":"Germany","lines":["18"],"wikipedia":null,"merged_from":2,"merged_names":null,"is_terminus":false,"routes":[{"ref":"18","name":"Linie 18","route_color":"#0095da"}],"pass_count":1,"station_degree":2,"codes":null,"is_interchange":false,"station_role":"normal"},"geometry":{"type":"Point","coordinates":[6.9368495,50.924634049999995]},"__memberLines":{}},{"type":"Feature","properties":{"station_id":"n78586828","station_name":"Breslauer Platz/Hbf","station_name_local":"Breslauer Platz/Hbf","station_name_en":null,"city":"Bonn","country":"Germany","lines":["16","18"],"wikipedia":null,"merged_from":2,"merged_names":null,"is_terminus":false,"codes":["2","3"],"routes":[{"ref":"16","name":"Linie 16","route_color":"#21bfc1"},{"ref":"18","name":"Linie 18","route_color":"#0095da"}],"pass_count":2,"station_degree":2,"is_interchange":false,"station_role":"normal"},"geometry":{"type":"Point","coordinates":[6.95866155,50.944413]},"__memberLines":{}},{"type":"Feature","properties":{"station_id":"n78586832","station_name":"Ebertplatz","station_name_local":"Ebertplatz","station_name_en":null,"city":"Bonn","country":"Germany","lines":["16","18"],"wikipedia":null,"merged_from":5,"merged_names":null,"is_terminus":false,"codes":["12","15"],"routes":[{"ref":"16","name":"Linie 16","route_color":"#21bfc1"},{"ref":"18","name":"Linie 18","route_color":"#0095da"}],"pass_count":2,"station_degree":2,"is_interchange":false,"station_role":"normal"},"geometry":{"type":"Point","coordinates":[6.95919222,50.95074994]},"__memberLines":{}},{"type":"Feature","properties":{"station_id":"n78586837","station_name":"Reichenspergerplatz","station_name_local":"Reichenspergerplatz","station_name_en":null,"city":"Bonn","country":"Germany","lines":["16","18"],"wikipedia":null,"merged_from":2,"merged_names":null,"is_terminus":false,"routes":[{"ref":"16","name":"Linie 16","route_color":"#21bfc1"},{"ref":"18","name":"Linie 18","route_color":"#0095da"}],"pass_count":2,"station_degree":3,"codes":null,"is_interchange":true,"station_role":"interchange"},"geometry":{"type":"Point","coordinates":[6.9648938000000005,50.9542748]},"__memberLines":{}},{"type":"Feature","properties":{"station_id":"n78586844","station_name":"Boltensternstraße","station_name_local":"Boltensternstraße","station_name_en":null,"city":"Bonn","country":"Germany","lines":["18"],"wikipedia":null,"merged_from":2,"merged_names":null,"is_terminus":false,"routes":[{"ref":"18","name":"Linie 18","route_color":"#0095da"}],"pass_count":1,"station_degree":2,"codes":null,"is_interchange":false,"station_role":"normal"},"geometry":{"type":"Point","coordinates":[6.98083835,50.962345799999994]},"__memberLines":{}},{"type":"Feature","properties":{"station_id":"n78586851","station_name":"Slabystraße","station_name_local":"Slabystraße","station_name_en":null,"city":"Bonn","country":"Germany","lines":["18"],"wikipedia":null,"merged_from":4,"merged_names":null,"is_terminus":false,"routes":[{"ref":"18","name":"Linie 18","route_color":"#0095da"}],"pass_count":1,"station_degree":2,"codes":null,"is_interchange":false,"station_role":"normal"},"geometry":{"type":"Point","coordinates":[6.98791945,50.966644349999996]},"__memberLines":{}},{"type":"Feature","properties":{"station_id":"n78589377","station_name":"Zoo/Flora","station_name_local":"Zoo/Flora","station_name_en":null,"city":"Bonn","country":"Germany","lines":["18"],"wikipedia":null,"merged_from":2,"merged_names":null,"is_terminus":false,"routes":[{"ref":"18","name":"Linie 18","route_color":"#0095da"}],"pass_count":1,"station_degree":2,"codes":null,"is_interchange":false,"station_role":"normal"},"geometry":{"type":"Point","coordinates":[6.97437375,50.9579004]},"__memberLines":{}},{"type":"Feature","properties":{"station_id":"n99353660","station_name":"Limperich Nord","station_name_local":"Limperich Nord","station_name_en":null,"city":"Bonn","country":"Germany","lines":["62","65"],"wikipedia":null,"merged_from":2,"merged_names":null,"is_terminus":false,"routes":[{"ref":"62","name":"Linie 62","route_color":"#61af20"},{"ref":"65","name":"Linie 65","route_color":"#c8d300"}],"pass_count":2,"station_degree":2,"codes":null,"is_interchange":false,"station_role":"normal"},"geometry":{"type":"Point","coordinates":[7.13199635,50.7306104]},"__memberLines":{}},{"type":"Feature","properties":{"station_id":"n143480680","station_name":"Amsterdamer Straße/Gürtel","station_name_local":"Amsterdamer Straße/Gürtel","station_name_en":null,"city":"Bonn","country":"Germany","lines":["16"],"wikipedia":null,"merged_from":4,"merged_names":null,"is_terminus":false,"codes":["1","2","3","4"],"routes":[{"ref":"16","name":"Linie 16","route_color":"#21bfc1"}],"pass_count":1,"station_degree":2,"is_interchange":false,"station_role":"normal"},"geometry":{"type":"Point","coordinates":[6.969122949999999,50.970913575000004]},"__memberLines":{}},{"type":"Feature","properties":{"station_id":"n254380440","station_name":"Eifelstraße","station_name_local":"Eifelstraße","station_name_en":null,"city":"Bonn","country":"Germany","lines":["16"],"wikipedia":null,"merged_from":2,"merged_names":null,"is_terminus":false,"routes":[{"ref":"16","name":"Linie 16","route_color":"#21bfc1"}],"pass_count":1,"station_degree":2,"codes":null,"is_interchange":false,"station_role":"normal"},"geometry":{"type":"Point","coordinates":[6.9457927,50.92663455]},"__memberLines":{}},{"type":"Feature","properties":{"station_id":"n254380578","station_name":"Ulrepforte","station_name_local":"Ulrepforte","station_name_en":null,"city":"Bonn","country":"Germany","lines":["16"],"wikipedia":null,"merged_from":2,"merged_names":null,"is_terminus":false,"routes":[{"ref":"16","name":"Linie 16","route_color":"#21bfc1"}],"pass_count":1,"station_degree":2,"codes":null,"is_interchange":false,"station_role":"normal"},"geometry":{"type":"Point","coordinates":[6.9518083,50.9241298]},"__memberLines":{}},{"type":"Feature","properties":{"station_id":"n256572343","station_name":"Barbarossaplatz","station_name_local":"Barbarossaplatz","station_name_en":null,"city":"Bonn","country":"Germany","lines":["16","18"],"wikipedia":null,"merged_from":4,"merged_names":null,"is_terminus":false,"routes":[{"ref":"16","name":"Linie 16","route_color":"#21bfc1"},{"ref":"18","name":"Linie 18","route_color":"#0095da"}],"pass_count":2,"station_degree":3,"codes":null,"is_interchange":true,"station_role":"interchange"},"geometry":{"type":"Point","coordinates":[6.94266565,50.929000824999996]},"__memberLines":{}},{"type":"Feature","properties":{"station_id":"n259624280","station_name":"Bahnhof Mülheim","station_name_local":"Bahnhof Mülheim","station_name_en":null,"city":"Bonn","country":"Germany","lines":["18"],"wikipedia":null,"merged_from":2,"merged_names":null,"is_terminus":false,"codes":["8","9"],"routes":[{"ref":"18","name":"Linie 18","route_color":"#0095da"}],"pass_count":1,"station_degree":2,"is_interchange":false,"station_role":"normal"},"geometry":{"type":"Point","coordinates":[7.012540850000001,50.957076]},"__memberLines":{}},{"type":"Feature","properties":{"station_id":"n267148291","station_name":"Küdinghoven","station_name_local":"Küdinghoven","station_name_en":null,"city":"Bonn","country":"Germany","lines":["62","65"],"wikipedia":null,"merged_from":2,"merged_names":null,"is_terminus":false,"routes":[{"ref":"62","name":"Linie 62","route_color":"#61af20"},{"ref":"65","name":"Linie 65","route_color":"#c8d300"}],"pass_count":2,"station_degree":2,"codes":null,"is_interchange":false,"station_role":"normal"},"geometry":{"type":"Point","coordinates":[7.1419455,50.727620349999995]},"__memberLines":{}},{"type":"Feature","properties":{"station_id":"n267149014","station_name":"Schießbergweg","station_name_local":"Schießbergweg","station_name_en":null,"city":"Bonn","country":"Germany","lines":["62","65"],"wikipedia":null,"merged_from":2,"merged_names":null,"is_terminus":false,"routes":[{"ref":"62","name":"Linie 62","route_color":"#61af20"},{"ref":"65","name":"Linie 65","route_color":"#c8d300"}],"pass_count":2,"station_degree":2,"codes":null,"is_interchange":false,"station_role":"normal"},"geometry":{"type":"Point","coordinates":[7.1467978,50.7256105]},"__memberLines":{}},{"type":"Feature","properties":{"station_id":"n269596945","station_name":"Kinderkrankenhaus","station_name_local":"Kinderkrankenhaus","station_name_en":null,"city":"Bonn","country":"Germany","lines":["16"],"wikipedia":null,"merged_from":2,"merged_names":null,"is_terminus":false,"routes":[{"ref":"16","name":"Linie 16","route_color":"#21bfc1"}],"pass_count":1,"station_degree":2,"codes":null,"is_interchange":false,"station_role":"normal"},"geometry":{"type":"Point","coordinates":[6.968451,50.963339500000004]},"__memberLines":{}},{"type":"Feature","properties":{"station_id":"n273948471","station_name":"Niehl Sebastianstraße","station_name_local":"Niehl Sebastianstraße","station_name_en":null,"city":"Bonn","country":"Germany","lines":["16"],"wikipedia":null,"merged_from":2,"merged_names":null,"is_terminus":true,"routes":[{"ref":"16","name":"Linie 16","route_color":"#21bfc1"}],"pass_count":1,"station_degree":1,"codes":null,"is_interchange":false,"station_role":"terminus"},"geometry":{"type":"Point","coordinates":[6.9617622,50.98496015]},"__memberLines":{}},{"type":"Feature","properties":{"station_id":"n276278176","station_name":"Nesselrodestraße","station_name_local":"Nesselrodestraße","station_name_en":null,"city":"Bonn","country":"Germany","lines":["16"],"wikipedia":null,"merged_from":2,"merged_names":null,"is_terminus":false,"routes":[{"ref":"16","name":"Linie 16","route_color":"#21bfc1"}],"pass_count":1,"station_degree":2,"codes":null,"is_interchange":false,"station_role":"normal"},"geometry":{"type":"Point","coordinates":[6.9688715000000006,50.97706735]},"__memberLines":{}},{"type":"Feature","properties":{"station_id":"n282505473","station_name":"Sankt Augustin Ort","station_name_local":"Sankt Augustin Ort","station_name_en":null,"city":"Bonn","country":"Germany","lines":["66","67"],"wikipedia":null,"merged_from":3,"merged_names":null,"is_terminus":false,"routes":[{"ref":"66","name":"Linie 66","route_color":"#e5007d"},{"ref":"67","name":"Linie 67","route_color":"#ee99bf"}],"pass_count":2,"station_degree":2,"codes":null,"is_interchange":false,"station_role":"normal"},"geometry":{"type":"Point","coordinates":[7.180017199999999,50.769995599999994]},"__memberLines":{}},{"type":"Feature","properties":{"station_id":"n1885260743","station_name":"Bad Godesberg Bahnhof","station_name_local":"Bad Godesberg Bahnhof","station_name_en":null,"city":"Bonn","country":"Germany","lines":["16","63","67"],"wikipedia":null,"merged_from":3,"merged_names":null,"is_terminus":false,"codes":["U1","U2"],"routes":[{"ref":"16","name":"Linie 16","route_color":"#21bfc1"},{"ref":"63","name":"Linie 63","route_color":"#60d6f7"},{"ref":"67","name":"Linie 67","route_color":"#ee99bf"}],"pass_count":3,"station_degree":2,"is_interchange":false,"station_role":"normal"},"geometry":{"type":"Point","coordinates":[7.1580103,50.68435493333333]},"__memberLines":{}},{"type":"Feature","properties":{"station_id":"n1885260747","station_name":"Max-Löbner-Straße","station_name_local":"Max-Löbner-Straße","station_name_en":null,"city":"Bonn","country":"Germany","lines":["16","63","67"],"wikipedia":null,"merged_from":3,"merged_names":null,"is_terminus":false,"routes":[{"ref":"16","name":"Linie 16","route_color":"#21bfc1"},{"ref":"63","name":"Linie 63","route_color":"#60d6f7"},{"ref":"67","name":"Linie 67","route_color":"#ee99bf"}],"pass_count":3,"station_degree":2,"codes":null,"is_interchange":false,"station_role":"normal"},"geometry":{"type":"Point","coordinates":[7.136446833333333,50.70182796666666]},"__memberLines":{}},{"type":"Feature","properties":{"station_id":"n1885260745","station_name":"Hochkreuz / Deutsches Museum Bonn","station_name_local":"Hochkreuz / Deutsches Museum Bonn","station_name_en":null,"city":"Bonn","country":"Germany","lines":["16","63","67"],"wikipedia":null,"merged_from":3,"merged_names":null,"is_terminus":false,"routes":[{"ref":"16","name":"Linie 16","route_color":"#21bfc1"},{"ref":"63","name":"Linie 63","route_color":"#60d6f7"},{"ref":"67","name":"Linie 67","route_color":"#ee99bf"}],"pass_count":3,"station_degree":2,"codes":null,"is_interchange":false,"station_role":"normal"},"geometry":{"type":"Point","coordinates":[7.1418132000000005,50.6964233]},"__memberLines":{}},{"type":"Feature","properties":{"station_id":"n293704285","station_name":"Bonn Hauptbahnhof","station_name_local":"Bonn Hauptbahnhof","station_name_en":null,"city":"Bonn","country":"Germany","lines":["16","18","63","66","67","68"],"wikipedia":null,"merged_from":6,"merged_names":null,"is_terminus":false,"codes":["U1","U2","U3a","U4a"],"routes":[{"ref":"16","name":"Linie 16","route_color":"#21bfc1"},{"ref":"18","name":"Linie 18","route_color":"#0095da"},{"ref":"63","name":"Linie 63","route_color":"#60d6f7"},{"ref":"66","name":"Linie 66","route_color":"#e5007d"},{"ref":"67","name":"Linie 67","route_color":"#ee99bf"},{"ref":"68","name":"Linie 68","route_color":"#cea4cb"}],"pass_count":6,"station_degree":3,"is_interchange":true,"station_role":"interchange"},"geometry":{"type":"Point","coordinates":[7.096164616666667,50.73280915]},"__memberLines":{}},{"type":"Feature","properties":{"station_id":"n1885260873","station_name":"Stadthalle","station_name_local":"Stadthalle","station_name_en":null,"city":"Bonn","country":"Germany","lines":["16","63","67"],"wikipedia":null,"merged_from":3,"merged_names":null,"is_terminus":true,"routes":[{"ref":"16","name":"Linie 16","route_color":"#21bfc1"},{"ref":"63","name":"Linie 63","route_color":"#60d6f7"},{"ref":"67","name":"Linie 67","route_color":"#ee99bf"}],"pass_count":3,"station_degree":1,"codes":null,"is_interchange":false,"station_role":"terminus"},"geometry":{"type":"Point","coordinates":[7.158330933333333,50.68036516666666]},"__memberLines":{}},{"type":"Feature","properties":{"station_id":"n1885260749","station_name":"Plittersdorfer Straße","station_name_local":"Plittersdorfer Straße","station_name_en":null,"city":"Bonn","country":"Germany","lines":["16","63","67"],"wikipedia":null,"merged_from":3,"merged_names":null,"is_terminus":false,"routes":[{"ref":"16","name":"Linie 16","route_color":"#21bfc1"},{"ref":"63","name":"Linie 63","route_color":"#60d6f7"},{"ref":"67","name":"Linie 67","route_color":"#ee99bf"}],"pass_count":3,"station_degree":2,"codes":null,"is_interchange":false,"station_role":"normal"},"geometry":{"type":"Point","coordinates":[7.153527133333334,50.68794126666666]},"__memberLines":{}},{"type":"Feature","properties":{"station_id":"n1885260876","station_name":"Wurzerstraße","station_name_local":"Wurzerstraße","station_name_en":null,"city":"Bonn","country":"Germany","lines":["16","63","67"],"wikipedia":null,"merged_from":3,"merged_names":null,"is_terminus":false,"codes":["1","2"],"routes":[{"ref":"16","name":"Linie 16","route_color":"#21bfc1"},{"ref":"63","name":"Linie 63","route_color":"#60d6f7"},{"ref":"67","name":"Linie 67","route_color":"#ee99bf"}],"pass_count":3,"station_degree":2,"is_interchange":false,"station_role":"normal"},"geometry":{"type":"Point","coordinates":[7.147545566666667,50.6918847]},"__memberLines":{}},{"type":"Feature","properties":{"station_id":"n296969652","station_name":"Eduard-Otto-Straße","station_name_local":"Eduard-Otto-Straße","station_name_en":null,"city":"Bonn","country":"Germany","lines":["61","62"],"wikipedia":null,"merged_from":2,"merged_names":null,"is_terminus":false,"routes":[{"ref":"61","name":"Linie 61","route_color":"#98c000"},{"ref":"62","name":"Linie 62","route_color":"#61af20"}],"pass_count":2,"station_degree":2,"codes":null,"is_interchange":false,"station_role":"normal"},"geometry":{"type":"Point","coordinates":[7.1079437,50.716724400000004]},"__memberLines":{}},{"type":"Feature","properties":{"station_id":"n300403947","station_name":"Poststraße","station_name_local":"Poststraße","station_name_en":null,"city":"Bonn","country":"Germany","lines":["16","18"],"wikipedia":null,"merged_from":2,"merged_names":null,"is_terminus":false,"routes":[{"ref":"16","name":"Linie 16","route_color":"#21bfc1"},{"ref":"18","name":"Linie 18","route_color":"#0095da"}],"pass_count":2,"station_degree":2,"codes":null,"is_interchange":false,"station_role":"normal"},"geometry":{"type":"Point","coordinates":[6.9500414,50.931674099999995]},"__memberLines":{}},{"type":"Feature","properties":{"station_id":"n300403950","station_name":"Neumarkt","station_name_local":"Neumarkt","station_name_en":null,"city":"Bonn","country":"Germany","lines":["16","18"],"wikipedia":null,"merged_from":5,"merged_names":null,"is_terminus":false,"codes":["1","2","3","4"],"routes":[{"ref":"16","name":"Linie 16","route_color":"#21bfc1"},{"ref":"18","name":"Linie 18","route_color":"#0095da"}],"pass_count":2,"station_degree":2,"is_interchange":false,"station_role":"normal"},"geometry":{"type":"Point","coordinates":[6.94821874,50.93557482]},"__memberLines":{}},{"type":"Feature","properties":{"station_id":"n300423694","station_name":"Sankt Augustin Kloster","station_name_local":"Sankt Augustin Kloster","station_name_en":null,"city":"Bonn","country":"Germany","lines":["66","67"],"wikipedia":null,"merged_from":3,"merged_names":null,"is_terminus":false,"routes":[{"ref":"66","name":"Linie 66","route_color":"#e5007d"},{"ref":"67","name":"Linie 67","route_color":"#ee99bf"}],"pass_count":2,"station_degree":2,"codes":null,"is_interchange":false,"station_role":"normal"},"geometry":{"type":"Point","coordinates":[7.185175866666666,50.77396530000001]},"__memberLines":{}},{"type":"Feature","properties":{"station_id":"n1821574761","station_name":"Olof-Palme-Allee","station_name_local":"Olof-Palme-Allee","station_name_en":null,"city":"Bonn","country":"Germany","lines":["16","63","66","67","68"],"wikipedia":null,"merged_from":3,"merged_names":null,"is_terminus":false,"routes":[{"ref":"16","name":"Linie 16","route_color":"#21bfc1"},{"ref":"63","name":"Linie 63","route_color":"#60d6f7"},{"ref":"66","name":"Linie 66","route_color":"#e5007d"},{"ref":"67","name":"Linie 67","route_color":"#ee99bf"},{"ref":"68","name":"Linie 68","route_color":"#cea4cb"}],"pass_count":5,"station_degree":3,"codes":null,"is_interchange":true,"station_role":"interchange"},"geometry":{"type":"Point","coordinates":[7.1322534666666675,50.705731033333336]},"__memberLines":{}},{"type":"Feature","properties":{"station_id":"n505829740","station_name":"Chlodwigplatz","station_name_local":"Chlodwigplatz","station_name_en":null,"city":"Bonn","country":"Germany","lines":["16"],"wikipedia":null,"merged_from":4,"merged_names":null,"is_terminus":false,"codes":["1","2","3","4"],"routes":[{"ref":"16","name":"Linie 16","route_color":"#21bfc1"}],"pass_count":1,"station_degree":2,"is_interchange":false,"station_role":"normal"},"geometry":{"type":"Point","coordinates":[6.9600773,50.921309324999996]},"__memberLines":{}},{"type":"Feature","properties":{"station_id":"n524126976","station_name":"Oberkassel Süd / Römlinghoven","station_name_local":"Oberkassel Süd / Römlinghoven","station_name_en":null,"city":"Bonn","country":"Germany","lines":["62","66"],"wikipedia":null,"merged_from":3,"merged_names":null,"is_terminus":false,"routes":[{"ref":"62","name":"Linie 62","route_color":"#61af20"},{"ref":"66","name":"Linie 66","route_color":"#e5007d"}],"pass_count":2,"station_degree":2,"codes":null,"is_interchange":true,"station_role":"interchange"},"geometry":{"type":"Point","coordinates":[7.1743449,50.7097273]},"__memberLines":{}},{"type":"Feature","properties":{"station_id":"n540994807","station_name":"Robert-Kirchhoff-Straße","station_name_local":"Robert-Kirchhoff-Straße","station_name_en":null,"city":"Bonn","country":"Germany","lines":["18","68"],"wikipedia":null,"merged_from":3,"merged_names":null,"is_terminus":false,"routes":[{"ref":"18","name":"Linie 18","route_color":"#0095da"},{"ref":"68","name":"Linie 68","route_color":"#cea4cb"}],"pass_count":2,"station_degree":2,"codes":null,"is_interchange":false,"station_role":"normal"},"geometry":{"type":"Point","coordinates":[7.056597066666666,50.73800096666667]},"__memberLines":{}},{"type":"Feature","properties":{"station_id":"n620032639","station_name":"Brühler Straße","station_name_local":"Brühler Straße","station_name_en":null,"city":"Bonn","country":"Germany","lines":["18","68"],"wikipedia":null,"merged_from":3,"merged_names":null,"is_terminus":false,"routes":[{"ref":"18","name":"Linie 18","route_color":"#0095da"},{"ref":"68","name":"Linie 68","route_color":"#cea4cb"}],"pass_count":2,"station_degree":2,"codes":null,"is_interchange":false,"station_role":"normal"},"geometry":{"type":"Point","coordinates":[7.069497166666667,50.74030803333333]},"__memberLines":{}},{"type":"Feature","properties":{"station_id":"n633633942","station_name":"Vilich-Müldorf","station_name_local":"Vilich-Müldorf","station_name_en":null,"city":"Bonn","country":"Germany","lines":["66","67"],"wikipedia":null,"merged_from":3,"merged_names":null,"is_terminus":false,"routes":[{"ref":"66","name":"Linie 66","route_color":"#e5007d"},{"ref":"67","name":"Linie 67","route_color":"#ee99bf"}],"pass_count":2,"station_degree":2,"codes":null,"is_interchange":false,"station_role":"normal"},"geometry":{"type":"Point","coordinates":[7.147701766666667,50.75438046666667]},"__memberLines":{}},{"type":"Feature","properties":{"station_id":"n633769844","station_name":"Konrad-Adenauer-Platz","station_name_local":"Konrad-Adenauer-Platz","station_name_en":null,"city":"Bonn","country":"Germany","lines":["62","65","66","67"],"wikipedia":null,"merged_from":5,"merged_names":null,"is_terminus":false,"routes":[{"ref":"62","name":"Linie 62","route_color":"#61af20"},{"ref":"65","name":"Linie 65","route_color":"#c8d300"},{"ref":"66","name":"Linie 66","route_color":"#e5007d"},{"ref":"67","name":"Linie 67","route_color":"#ee99bf"}],"pass_count":4,"station_degree":3,"codes":null,"is_interchange":true,"station_role":"interchange"},"geometry":{"type":"Point","coordinates":[7.118290619999999,50.7394334]},"__memberLines":{}},{"type":"Feature","properties":{"station_id":"n654851362","station_name":"Rheinaue","station_name_local":"Rheinaue","station_name_en":null,"city":"Bonn","country":"Germany","lines":["66","68"],"wikipedia":null,"merged_from":2,"merged_names":null,"is_terminus":false,"routes":[{"ref":"66","name":"Linie 66","route_color":"#e5007d"},{"ref":"68","name":"Linie 68","route_color":"#cea4cb"}],"pass_count":2,"station_degree":2,"codes":null,"is_interchange":false,"station_role":"normal"},"geometry":{"type":"Point","coordinates":[7.13936335,50.71197445]},"__memberLines":{}},{"type":"Feature","properties":{"station_id":"n658431051","station_name":"Limperich","station_name_local":"Limperich","station_name_en":null,"city":"Bonn","country":"Germany","lines":["62","65"],"wikipedia":null,"merged_from":2,"merged_names":null,"is_terminus":false,"routes":[{"ref":"62","name":"Linie 62","route_color":"#61af20"},{"ref":"65","name":"Linie 65","route_color":"#c8d300"}],"pass_count":2,"station_degree":2,"codes":null,"is_interchange":false,"station_role":"normal"},"geometry":{"type":"Point","coordinates":[7.136157949999999,50.729042]},"__memberLines":{}},{"type":"Feature","properties":{"station_id":"n928976153","station_name":"Oberkassel Mitte","station_name_local":"Oberkassel Mitte","station_name_en":null,"city":"Bonn","country":"Germany","lines":["62","66"],"wikipedia":null,"merged_from":3,"merged_names":null,"is_terminus":false,"routes":[{"ref":"62","name":"Linie 62","route_color":"#61af20"},{"ref":"66","name":"Linie 66","route_color":"#e5007d"}],"pass_count":2,"station_degree":2,"codes":null,"is_interchange":false,"station_role":"normal"},"geometry":{"type":"Point","coordinates":[7.170628233333333,50.7128703]},"__memberLines":{}},{"type":"Feature","properties":{"station_id":"n1079448045","station_name":"Vilich","station_name_local":"Vilich","station_name_en":null,"city":"Bonn","country":"Germany","lines":["66","67"],"wikipedia":null,"merged_from":3,"merged_names":null,"is_terminus":false,"routes":[{"ref":"66","name":"Linie 66","route_color":"#e5007d"},{"ref":"67","name":"Linie 67","route_color":"#ee99bf"}],"pass_count":2,"station_degree":2,"codes":null,"is_interchange":false,"station_role":"normal"},"geometry":{"type":"Point","coordinates":[7.1293555,50.75093669999999]},"__memberLines":{}},{"type":"Feature","properties":{"station_id":"n1133702278","station_name":"Brühl Nord","station_name_local":"Brühl Nord","station_name_en":null,"city":"Bonn","country":"Germany","lines":["18"],"wikipedia":null,"merged_from":3,"merged_names":null,"is_terminus":false,"routes":[{"ref":"18","name":"Linie 18","route_color":"#0095da"}],"pass_count":1,"station_degree":2,"codes":null,"is_interchange":false,"station_role":"normal"},"geometry":{"type":"Point","coordinates":[6.9016414,50.83444646666666]},"__memberLines":{}},{"type":"Feature","properties":{"station_id":"n1856360612","station_name":"Ollenhauerstraße","station_name_local":"Ollenhauerstraße","station_name_en":null,"city":"Bonn","country":"Germany","lines":["16","63","66","67","68"],"wikipedia":null,"merged_from":3,"merged_names":null,"is_terminus":false,"routes":[{"ref":"16","name":"Linie 16","route_color":"#21bfc1"},{"ref":"63","name":"Linie 63","route_color":"#60d6f7"},{"ref":"66","name":"Linie 66","route_color":"#e5007d"},{"ref":"67","name":"Linie 67","route_color":"#ee99bf"},{"ref":"68","name":"Linie 68","route_color":"#cea4cb"}],"pass_count":5,"station_degree":2,"codes":null,"is_interchange":false,"station_role":"normal"},"geometry":{"type":"Point","coordinates":[7.126980499999999,50.7110173]},"__memberLines":{}},{"type":"Feature","properties":{"station_id":"n1333488287","station_name":"Mülheim Wiener Platz","station_name_local":"Mülheim Wiener Platz","station_name_en":null,"city":"Bonn","country":"Germany","lines":["18"],"wikipedia":null,"merged_from":4,"merged_names":null,"is_terminus":false,"codes":["1","2","3","4"],"routes":[{"ref":"18","name":"Linie 18","route_color":"#0095da"}],"pass_count":1,"station_degree":2,"is_interchange":false,"station_role":"normal"},"geometry":{"type":"Point","coordinates":[7.004537975,50.96168475]},"__memberLines":{}},{"type":"Feature","properties":{"station_id":"n1341075078","station_name":"Dom/Hbf","station_name_local":"Dom/Hbf","station_name_en":null,"city":"Bonn","country":"Germany","lines":["16","18"],"wikipedia":null,"merged_from":2,"merged_names":null,"is_terminus":false,"codes":["1","2"],"routes":[{"ref":"16","name":"Linie 16","route_color":"#21bfc1"},{"ref":"18","name":"Linie 18","route_color":"#0095da"}],"pass_count":2,"station_degree":2,"is_interchange":false,"station_role":"normal"},"geometry":{"type":"Point","coordinates":[6.95721445,50.941799]},"__memberLines":{}},{"type":"Feature","properties":{"station_id":"n1341148995","station_name":"Appellhofplatz","station_name_local":"Appellhofplatz","station_name_en":null,"city":"Bonn","country":"Germany","lines":["16","18"],"wikipedia":null,"merged_from":4,"merged_names":null,"is_terminus":false,"routes":[{"ref":"16","name":"Linie 16","route_color":"#21bfc1"},{"ref":"18","name":"Linie 18","route_color":"#0095da"}],"pass_count":2,"station_degree":2,"codes":null,"is_interchange":false,"station_role":"normal"},"geometry":{"type":"Point","coordinates":[6.95052175,50.94041134999999]},"__memberLines":{}},{"type":"Feature","properties":{"station_id":"n1343164505","station_name":"Klettenbergpark","station_name_local":"Klettenbergpark","station_name_en":null,"city":"Bonn","country":"Germany","lines":["18"],"wikipedia":null,"merged_from":2,"merged_names":null,"is_terminus":false,"routes":[{"ref":"18","name":"Linie 18","route_color":"#0095da"}],"pass_count":1,"station_degree":2,"codes":null,"is_interchange":false,"station_role":"normal"},"geometry":{"type":"Point","coordinates":[6.919556549999999,50.9081379]},"__memberLines":{}},{"type":"Feature","properties":{"station_id":"n1358128511","station_name":"Hersel","station_name_local":"Hersel","station_name_en":null,"city":"Bonn","country":"Germany","lines":["16"],"wikipedia":null,"merged_from":3,"merged_names":null,"is_terminus":false,"codes":["2","3"],"routes":[{"ref":"16","name":"Linie 16","route_color":"#21bfc1"}],"pass_count":1,"station_degree":2,"is_interchange":false,"station_role":"normal"},"geometry":{"type":"Point","coordinates":[7.0428196666666665,50.77001313333333]},"__memberLines":{}},{"type":"Feature","properties":{"station_id":"n1358196318","station_name":"Uedorf","station_name_local":"Uedorf","station_name_en":null,"city":"Bonn","country":"Germany","lines":["16"],"wikipedia":null,"merged_from":3,"merged_names":null,"is_terminus":false,"codes":["1","2"],"routes":[{"ref":"16","name":"Linie 16","route_color":"#21bfc1"}],"pass_count":1,"station_degree":2,"is_interchange":false,"station_role":"normal"},"geometry":{"type":"Point","coordinates":[7.031176833333333,50.78216146666667]},"__memberLines":{}},{"type":"Feature","properties":{"station_id":"n1358196319","station_name":"Urfeld","station_name_local":"Urfeld","station_name_en":null,"city":"Bonn","country":"Germany","lines":["16"],"wikipedia":null,"merged_from":3,"merged_names":null,"is_terminus":false,"codes":["2"],"routes":[{"ref":"16","name":"Linie 16","route_color":"#21bfc1"}],"pass_count":1,"station_degree":2,"is_interchange":false,"station_role":"normal"},"geometry":{"type":"Point","coordinates":[7.010655533333334,50.8036531]},"__memberLines":{}},{"type":"Feature","properties":{"station_id":"n1358196322","station_name":"Widdig","station_name_local":"Widdig","station_name_en":null,"city":"Bonn","country":"Germany","lines":["16"],"wikipedia":null,"merged_from":3,"merged_names":null,"is_terminus":false,"codes":["1","2"],"routes":[{"ref":"16","name":"Linie 16","route_color":"#21bfc1"}],"pass_count":1,"station_degree":2,"is_interchange":false,"station_role":"normal"},"geometry":{"type":"Point","coordinates":[7.022562866666667,50.7912446]},"__memberLines":{}},{"type":"Feature","properties":{"station_id":"n1358276513","station_name":"Wesseling Süd","station_name_local":"Wesseling Süd","station_name_en":null,"city":"Bonn","country":"Germany","lines":["16"],"wikipedia":null,"merged_from":3,"merged_names":null,"is_terminus":false,"codes":["1","2"],"routes":[{"ref":"16","name":"Linie 16","route_color":"#21bfc1"}],"pass_count":1,"station_degree":2,"is_interchange":false,"station_role":"normal"},"geometry":{"type":"Point","coordinates":[6.999403966666667,50.812105300000006]},"__memberLines":{}},{"type":"Feature","properties":{"station_id":"n1359544278","station_name":"Wesseling Nord","station_name_local":"Wesseling Nord","station_name_en":null,"city":"Bonn","country":"Germany","lines":["16"],"wikipedia":null,"merged_from":3,"merged_names":null,"is_terminus":false,"routes":[{"ref":"16","name":"Linie 16","route_color":"#21bfc1"}],"pass_count":1,"station_degree":2,"codes":null,"is_interchange":false,"station_role":"normal"},"geometry":{"type":"Point","coordinates":[6.9709463666666664,50.83146183333333]},"__memberLines":{}},{"type":"Feature","properties":{"station_id":"n1360245433","station_name":"Sürth Bahnhof","station_name_local":"Sürth Bahnhof","station_name_en":null,"city":"Bonn","country":"Germany","lines":["16"],"wikipedia":null,"merged_from":3,"merged_names":null,"is_terminus":false,"routes":[{"ref":"16","name":"Linie 16","route_color":"#21bfc1"}],"pass_count":1,"station_degree":2,"codes":null,"is_interchange":false,"station_role":"normal"},"geometry":{"type":"Point","coordinates":[7.003564666666667,50.864317166666666]},"__memberLines":{}},{"type":"Feature","properties":{"station_id":"n1360245499","station_name":"Michaelshoven","station_name_local":"Michaelshoven","station_name_en":null,"city":"Bonn","country":"Germany","lines":["16"],"wikipedia":null,"merged_from":3,"merged_names":null,"is_terminus":false,"routes":[{"ref":"16","name":"Linie 16","route_color":"#21bfc1"}],"pass_count":1,"station_degree":2,"codes":null,"is_interchange":false,"station_role":"normal"},"geometry":{"type":"Point","coordinates":[6.999072900000001,50.87597246666667]},"__memberLines":{}},{"type":"Feature","properties":{"station_id":"n1360245524","station_name":"Siegstraße","station_name_local":"Siegstraße","station_name_en":null,"city":"Bonn","country":"Germany","lines":["16"],"wikipedia":null,"merged_from":3,"merged_names":null,"is_terminus":false,"routes":[{"ref":"16","name":"Linie 16","route_color":"#21bfc1"}],"pass_count":1,"station_degree":2,"codes":null,"is_interchange":false,"station_role":"normal"},"geometry":{"type":"Point","coordinates":[6.9946419,50.8833222]},"__memberLines":{}},{"type":"Feature","properties":{"station_id":"n1360245608","station_name":"Rodenkirchen Bahnhof","station_name_local":"Rodenkirchen Bahnhof","station_name_en":null,"city":"Bonn","country":"Germany","lines":["16"],"wikipedia":null,"merged_from":3,"merged_names":null,"is_terminus":false,"codes":["1","2"],"routes":[{"ref":"16","name":"Linie 16","route_color":"#21bfc1"}],"pass_count":1,"station_degree":2,"is_interchange":false,"station_role":"normal"},"geometry":{"type":"Point","coordinates":[6.990118566666666,50.89081770000001]},"__memberLines":{}},{"type":"Feature","properties":{"station_id":"n1360245687","station_name":"Heinrich-Lübke-Ufer","station_name_local":"Heinrich-Lübke-Ufer","station_name_en":null,"city":"Bonn","country":"Germany","lines":["16"],"wikipedia":null,"merged_from":3,"merged_names":null,"is_terminus":false,"routes":[{"ref":"16","name":"Linie 16","route_color":"#21bfc1"}],"pass_count":1,"station_degree":2,"codes":null,"is_interchange":false,"station_role":"normal"},"geometry":{"type":"Point","coordinates":[6.984869333333333,50.899798866666664]},"__memberLines":{}},{"type":"Feature","properties":{"station_id":"n1366976104","station_name":"Haus der Jugend","station_name_local":"Haus der Jugend","station_name_en":null,"city":"Bonn","country":"Germany","lines":["61","62"],"wikipedia":null,"merged_from":2,"merged_names":null,"is_terminus":false,"routes":[{"ref":"61","name":"Linie 61","route_color":"#98c000"},{"ref":"62","name":"Linie 62","route_color":"#61af20"}],"pass_count":2,"station_degree":2,"codes":null,"is_interchange":false,"station_role":"normal"},"geometry":{"type":"Point","coordinates":[7.106927000000001,50.72044445]},"__memberLines":{}},{"type":"Feature","properties":{"station_id":"n1387525679","station_name":"Efferen","station_name_local":"Efferen","station_name_en":null,"city":"Bonn","country":"Germany","lines":["18"],"wikipedia":null,"merged_from":3,"merged_names":null,"is_terminus":false,"routes":[{"ref":"18","name":"Linie 18","route_color":"#0095da"}],"pass_count":1,"station_degree":2,"codes":null,"is_interchange":false,"station_role":"normal"},"geometry":{"type":"Point","coordinates":[6.9040322,50.894465966666665]},"__memberLines":{}},{"type":"Feature","properties":{"station_id":"n1387525699","station_name":"Kiebitzweg","station_name_local":"Kiebitzweg","station_name_en":null,"city":"Bonn","country":"Germany","lines":["18"],"wikipedia":null,"merged_from":3,"merged_names":null,"is_terminus":false,"routes":[{"ref":"18","name":"Linie 18","route_color":"#0095da"}],"pass_count":1,"station_degree":2,"codes":null,"is_interchange":false,"station_role":"normal"},"geometry":{"type":"Point","coordinates":[6.897104366666667,50.88802826666667]},"__memberLines":{}},{"type":"Feature","properties":{"station_id":"n1579445361","station_name":"Beuel Rathaus","station_name_local":"Beuel Rathaus","station_name_en":null,"city":"Bonn","country":"Germany","lines":["62","65"],"wikipedia":null,"merged_from":4,"merged_names":null,"is_terminus":false,"routes":[{"ref":"62","name":"Linie 62","route_color":"#61af20"},{"ref":"65","name":"Linie 65","route_color":"#c8d300"}],"pass_count":2,"station_degree":2,"codes":null,"is_interchange":false,"station_role":"normal"},"geometry":{"type":"Point","coordinates":[7.120471725,50.7393902]},"__memberLines":{}},{"type":"Feature","properties":{"station_id":"n1736530500","station_name":"Kopenhagener Straße","station_name_local":"Kopenhagener Straße","station_name_en":null,"city":"Bonn","country":"Germany","lines":["61","65"],"wikipedia":null,"merged_from":2,"merged_names":null,"is_terminus":true,"routes":[{"ref":"61","name":"Linie 61","route_color":"#98c000"},{"ref":"65","name":"Linie 65","route_color":"#c8d300"}],"pass_count":2,"station_degree":1,"codes":null,"is_interchange":false,"station_role":"terminus"},"geometry":{"type":"Point","coordinates":[7.0715874,50.757464049999996]},"__memberLines":{}},{"type":"Feature","properties":{"station_id":"n1811099674","station_name":"Hauptbahnhof","station_name_local":"Hauptbahnhof","station_name_en":null,"city":"Bonn","country":"Germany","lines":["61","62"],"wikipedia":null,"merged_from":2,"merged_names":null,"is_terminus":false,"routes":[{"ref":"61","name":"Linie 61","route_color":"#98c000"},{"ref":"62","name":"Linie 62","route_color":"#61af20"}],"pass_count":2,"station_degree":2,"codes":null,"is_interchange":false,"station_role":"normal"},"geometry":{"type":"Point","coordinates":[7.0981466,50.73209225]},"__memberLines":{}},{"type":"Feature","properties":{"station_id":"n1820834758","station_name":"Thomas-Mann-Straße","station_name_local":"Thomas-Mann-Straße","station_name_en":null,"city":"Bonn","country":"Germany","lines":["61","62"],"wikipedia":null,"merged_from":2,"merged_names":null,"is_terminus":false,"routes":[{"ref":"61","name":"Linie 61","route_color":"#98c000"},{"ref":"62","name":"Linie 62","route_color":"#61af20"}],"pass_count":2,"station_degree":2,"codes":null,"is_interchange":false,"station_role":"normal"},"geometry":{"type":"Point","coordinates":[7.09484025,50.7336661]},"__memberLines":{}},{"type":"Feature","properties":{"station_id":"n1833002475","station_name":"LVR-Klinik","station_name_local":"LVR-Klinik","station_name_en":null,"city":"Bonn","country":"Germany","lines":["61","65"],"wikipedia":null,"merged_from":2,"merged_names":null,"is_terminus":false,"routes":[{"ref":"61","name":"Linie 61","route_color":"#98c000"},{"ref":"65","name":"Linie 65","route_color":"#c8d300"}],"pass_count":2,"station_degree":2,"codes":null,"is_interchange":false,"station_role":"normal"},"geometry":{"type":"Point","coordinates":[7.09264005,50.74562755]},"__memberLines":{}},{"type":"Feature","properties":{"station_id":"n1876241477","station_name":"Hangelar Mitte","station_name_local":"Hangelar Mitte","station_name_en":null,"city":"Bonn","country":"Germany","lines":["66","67"],"wikipedia":null,"merged_from":3,"merged_names":null,"is_terminus":false,"routes":[{"ref":"66","name":"Linie 66","route_color":"#e5007d"},{"ref":"67","name":"Linie 67","route_color":"#ee99bf"}],"pass_count":2,"station_degree":2,"codes":null,"is_interchange":false,"station_role":"normal"},"geometry":{"type":"Point","coordinates":[7.165813666666668,50.760129299999996]},"__memberLines":{}},{"type":"Feature","properties":{"station_id":"n1876241483","station_name":"Hangelar West","station_name_local":"Hangelar West","station_name_en":null,"city":"Bonn","country":"Germany","lines":["66","67"],"wikipedia":null,"merged_from":3,"merged_names":null,"is_terminus":false,"routes":[{"ref":"66","name":"Linie 66","route_color":"#e5007d"},{"ref":"67","name":"Linie 67","route_color":"#ee99bf"}],"pass_count":2,"station_degree":2,"codes":null,"is_interchange":false,"station_role":"normal"},"geometry":{"type":"Point","coordinates":[7.158388533333333,50.75797213333333]},"__memberLines":{}},{"type":"Feature","properties":{"station_id":"n1876241962","station_name":"Sankt Augustin-Mülldorf","station_name_local":"Sankt Augustin-Mülldorf","station_name_en":null,"city":"Bonn","country":"Germany","lines":["66","67"],"wikipedia":null,"merged_from":3,"merged_names":null,"is_terminus":false,"routes":[{"ref":"66","name":"Linie 66","route_color":"#e5007d"},{"ref":"67","name":"Linie 67","route_color":"#ee99bf"}],"pass_count":2,"station_degree":2,"codes":null,"is_interchange":false,"station_role":"normal"},"geometry":{"type":"Point","coordinates":[7.193798666666667,50.78496423333333]},"__memberLines":{}},{"type":"Feature","properties":{"station_id":"n1877478270","station_name":"Beuel Station","station_name_local":"Beuel Bahnhof","station_name_en":"Beuel Station","city":"Bonn","country":"Germany","lines":["62","65"],"wikipedia":null,"merged_from":2,"merged_names":null,"is_terminus":false,"routes":[{"ref":"62","name":"Linie 62","route_color":"#61af20"},{"ref":"65","name":"Linie 65","route_color":"#c8d300"}],"pass_count":2,"station_degree":2,"codes":null,"is_interchange":false,"station_role":"normal"},"geometry":{"type":"Point","coordinates":[7.12697335,50.738902350000004]},"__memberLines":{}},{"type":"Feature","properties":{"station_id":"n1877478870","station_name":"Obere Wilhelmstraße","station_name_local":"Obere Wilhelmstraße","station_name_en":null,"city":"Bonn","country":"Germany","lines":["62","65"],"wikipedia":null,"merged_from":4,"merged_names":null,"is_terminus":false,"routes":[{"ref":"62","name":"Linie 62","route_color":"#61af20"},{"ref":"65","name":"Linie 65","route_color":"#c8d300"}],"pass_count":2,"station_degree":2,"codes":null,"is_interchange":false,"station_role":"normal"},"geometry":{"type":"Point","coordinates":[7.124866925000001,50.739895225]},"__memberLines":{}},{"type":"Feature","properties":{"station_id":"n1879107540","station_name":"Königstraße","station_name_local":"Königstraße","station_name_en":null,"city":"Bonn","country":"Germany","lines":["61","62"],"wikipedia":null,"merged_from":4,"merged_names":null,"is_terminus":false,"routes":[{"ref":"61","name":"Linie 61","route_color":"#98c000"},{"ref":"62","name":"Linie 62","route_color":"#61af20"}],"pass_count":2,"station_degree":2,"codes":null,"is_interchange":false,"station_role":"normal"},"geometry":{"type":"Point","coordinates":[7.101570375,50.728178675]},"__memberLines":{}},{"type":"Feature","properties":{"station_id":"n1879107543","station_name":"Poppelsdorfer Allee","station_name_local":"Poppelsdorfer Allee","station_name_en":null,"city":"Bonn","country":"Germany","lines":["61","62"],"wikipedia":null,"merged_from":4,"merged_names":null,"is_terminus":false,"routes":[{"ref":"61","name":"Linie 61","route_color":"#98c000"},{"ref":"62","name":"Linie 62","route_color":"#61af20"}],"pass_count":2,"station_degree":2,"codes":null,"is_interchange":false,"station_role":"normal"},"geometry":{"type":"Point","coordinates":[7.0999853,50.730467749999995]},"__memberLines":{}},{"type":"Feature","properties":{"station_id":"n1879107745","station_name":"Rittershausstraße","station_name_local":"Rittershausstraße","station_name_en":null,"city":"Bonn","country":"Germany","lines":["61","62"],"wikipedia":null,"merged_from":4,"merged_names":null,"is_terminus":false,"routes":[{"ref":"61","name":"Linie 61","route_color":"#98c000"},{"ref":"62","name":"Linie 62","route_color":"#61af20"}],"pass_count":2,"station_degree":2,"codes":null,"is_interchange":false,"station_role":"normal"},"geometry":{"type":"Point","coordinates":[7.104169875,50.72201605]},"__memberLines":{}},{"type":"Feature","properties":{"station_id":"n1879107748","station_name":"Weberstraße","station_name_local":"Weberstraße","station_name_en":null,"city":"Bonn","country":"Germany","lines":["61","62"],"wikipedia":null,"merged_from":3,"merged_names":null,"is_terminus":false,"routes":[{"ref":"61","name":"Linie 61","route_color":"#98c000"},{"ref":"62","name":"Linie 62","route_color":"#61af20"}],"pass_count":2,"station_degree":2,"codes":null,"is_interchange":false,"station_role":"normal"},"geometry":{"type":"Point","coordinates":[7.1022054,50.7253392]},"__memberLines":{}},{"type":"Feature","properties":{"station_id":"n1879256040","station_name":"Bergstraße","station_name_local":"Bergstraße","station_name_en":null,"city":"Bonn","country":"Germany","lines":["61","62"],"wikipedia":null,"merged_from":2,"merged_names":null,"is_terminus":false,"routes":[{"ref":"61","name":"Linie 61","route_color":"#98c000"},{"ref":"62","name":"Linie 62","route_color":"#61af20"}],"pass_count":2,"station_degree":2,"codes":null,"is_interchange":false,"station_role":"normal"},"geometry":{"type":"Point","coordinates":[7.1093683,50.70978515]},"__memberLines":{}},{"type":"Feature","properties":{"station_id":"n1879256077","station_name":"Quirinusplatz","station_name_local":"Quirinusplatz","station_name_en":null,"city":"Bonn","country":"Germany","lines":["61","62"],"wikipedia":null,"merged_from":2,"merged_names":null,"is_terminus":true,"routes":[{"ref":"61","name":"Linie 61","route_color":"#98c000"},{"ref":"62","name":"Linie 62","route_color":"#61af20"}],"pass_count":2,"station_degree":1,"codes":null,"is_interchange":false,"station_role":"terminus"},"geometry":{"type":"Point","coordinates":[7.111542099999999,50.704997899999995]},"__memberLines":{}},{"type":"Feature","properties":{"station_id":"n1879256331","station_name":"Pützstraße","station_name_local":"Pützstraße","station_name_en":null,"city":"Bonn","country":"Germany","lines":["61","62"],"wikipedia":null,"merged_from":2,"merged_names":null,"is_terminus":false,"routes":[{"ref":"61","name":"Linie 61","route_color":"#98c000"},{"ref":"62","name":"Linie 62","route_color":"#61af20"}],"pass_count":2,"station_degree":2,"codes":null,"is_interchange":false,"station_role":"normal"},"geometry":{"type":"Point","coordinates":[7.108590550000001,50.71270915]},"__memberLines":{}},{"type":"Feature","properties":{"station_id":"n1887366575","station_name":"Adelheidisstraße","station_name_local":"Adelheidisstraße","station_name_en":null,"city":"Bonn","country":"Germany","lines":["66","67"],"wikipedia":null,"merged_from":3,"merged_names":null,"is_terminus":false,"routes":[{"ref":"66","name":"Linie 66","route_color":"#e5007d"},{"ref":"67","name":"Linie 67","route_color":"#ee99bf"}],"pass_count":2,"station_degree":2,"codes":null,"is_interchange":false,"station_role":"normal"},"geometry":{"type":"Point","coordinates":[7.125734633333334,50.74766016666667]},"__memberLines":{}},{"type":"Feature","properties":{"station_id":"n1887987506","station_name":"Wilhelmsplatz","station_name_local":"Wilhelmsplatz","station_name_en":null,"city":"Bonn","country":"Germany","lines":["61","65"],"wikipedia":null,"merged_from":2,"merged_names":null,"is_terminus":false,"routes":[{"ref":"61","name":"Linie 61","route_color":"#98c000"},{"ref":"65","name":"Linie 65","route_color":"#c8d300"}],"pass_count":2,"station_degree":3,"codes":null,"is_interchange":true,"station_role":"interchange"},"geometry":{"type":"Point","coordinates":[7.09892535,50.740135800000004]},"__memberLines":{}},{"type":"Feature","properties":{"station_id":"n1888550204","station_name":"Chlodwigplatz","station_name_local":"Chlodwigplatz","station_name_en":null,"city":"Bonn","country":"Germany","lines":["61","65"],"wikipedia":null,"merged_from":4,"merged_names":null,"is_terminus":false,"routes":[{"ref":"61","name":"Linie 61","route_color":"#98c000"},{"ref":"65","name":"Linie 65","route_color":"#c8d300"}],"pass_count":2,"station_degree":2,"codes":null,"is_interchange":false,"station_role":"normal"},"geometry":{"type":"Point","coordinates":[7.091020175,50.743310175]},"__memberLines":{}},{"type":"Feature","properties":{"station_id":"n1888550300","station_name":"Rosental","station_name_local":"Rosental","station_name_en":null,"city":"Bonn","country":"Germany","lines":["61","65"],"wikipedia":null,"merged_from":3,"merged_names":null,"is_terminus":false,"routes":[{"ref":"61","name":"Linie 61","route_color":"#98c000"},{"ref":"65","name":"Linie 65","route_color":"#c8d300"}],"pass_count":2,"station_degree":2,"codes":null,"is_interchange":false,"station_role":"normal"},"geometry":{"type":"Point","coordinates":[7.096036266666666,50.741914699999995]},"__memberLines":{}},{"type":"Feature","properties":{"station_id":"n1890744704","station_name":"Bayenthalgürtel","station_name_local":"Bayenthalgürtel","station_name_en":null,"city":"Bonn","country":"Germany","lines":["16"],"wikipedia":null,"merged_from":2,"merged_names":null,"is_terminus":false,"routes":[{"ref":"16","name":"Linie 16","route_color":"#21bfc1"}],"pass_count":1,"station_degree":2,"codes":null,"is_interchange":false,"station_role":"normal"},"geometry":{"type":"Point","coordinates":[6.9777749,50.90689375]},"__memberLines":{}},{"type":"Feature","properties":{"station_id":"n2043489760","station_name":"Loki-Schmidt-Platz","station_name_local":"Loki-Schmidt-Platz","station_name_en":null,"city":"Bonn","country":"Germany","lines":["61","62"],"wikipedia":null,"merged_from":2,"merged_names":null,"is_terminus":false,"routes":[{"ref":"61","name":"Linie 61","route_color":"#98c000"},{"ref":"62","name":"Linie 62","route_color":"#61af20"}],"pass_count":2,"station_degree":2,"codes":null,"is_interchange":false,"station_role":"normal"},"geometry":{"type":"Point","coordinates":[7.1096345,50.70714235]},"__memberLines":{}},{"type":"Feature","properties":{"station_id":"n2260669418","station_name":"Buchheim Herler Straße","station_name_local":"Buchheim Herler Straße","station_name_en":null,"city":"Bonn","country":"Germany","lines":["18"],"wikipedia":null,"merged_from":3,"merged_names":null,"is_terminus":true,"codes":["1","2","3"],"routes":[{"ref":"18","name":"Linie 18","route_color":"#0095da"}],"pass_count":1,"station_degree":1,"is_interchange":false,"station_role":"terminus"},"geometry":{"type":"Point","coordinates":[7.025099333333333,50.95793173333333]},"__memberLines":{}},{"type":"Feature","properties":{"station_id":"n5242926390","station_name":"Badorf","station_name_local":"Badorf","station_name_en":null,"city":"Bonn","country":"Germany","lines":["18"],"wikipedia":null,"merged_from":3,"merged_names":null,"is_terminus":false,"routes":[{"ref":"18","name":"Linie 18","route_color":"#0095da"}],"pass_count":1,"station_degree":2,"codes":null,"is_interchange":false,"station_role":"normal"},"geometry":{"type":"Point","coordinates":[6.900291733333333,50.81330823333334]},"__memberLines":{}},{"type":"Feature","properties":{"station_id":"junc:7.09830:50.73746","station_name":"","station_name_local":null,"station_name_en":null,"city":"Bonn","country":"Germany","lines":null,"station_role":"junction","is_junction":true,"is_interchange":false,"is_terminus":false,"merged_from":null,"merged_names":null,"codes":null},"geometry":{"type":"Point","coordinates":[7.0982995,50.7374554]}},{"type":"Feature","properties":{"station_id":"junc:7.13309:50.70494","station_name":"","station_name_local":null,"station_name_en":null,"city":"Bonn","country":"Germany","lines":null,"station_role":"junction","is_junction":true,"is_interchange":false,"is_terminus":false,"merged_from":null,"merged_names":null,"codes":null},"geometry":{"type":"Point","coordinates":[7.1330933,50.7049357]}},{"type":"Feature","properties":{"station_id":"junc:7.00655:50.75491","station_name":"","station_name_local":null,"station_name_en":null,"city":"Bonn","country":"Germany","lines":null,"station_role":"junction","is_junction":true,"is_interchange":false,"is_terminus":false,"merged_from":null,"merged_names":null,"codes":null},"geometry":{"type":"Point","coordinates":[7.006554,50.7549132]}}]}