{"type":"FeatureCollection","metro_system":{"continent":"europe","country":"Belarus","city":"Vitebsk","official_website":null,"official_map":null,"wikipedia":null,"line_count":7,"segment_count":13,"station_count":51,"modes":["tram"],"audit":{"strategies_tried":[],"passed":true,"checks":[{"id":"has_lines","ok":true,"detail":"7 lines","level":"error"},{"id":"has_stations","ok":true,"detail":"51 stations","level":"error"},{"id":"stations_have_lines","ok":true,"detail":"51/51 站皆有所屬路線","level":"error"},{"id":"line_geometry_stations","ok":true,"detail":"65 個折點/端點皆為車站","level":"error"},{"id":"route_stations_match_geometry","ok":true,"detail":"各線車站列表與圖面一致","level":"error"},{"id":"interchange_rule","ok":true,"detail":"所有車站紅/藍點符合骨架＋路線色規則（藍＝端點、紅＝交叉）","level":"error"},{"id":"stations_named","ok":true,"detail":"51/51 站皆有名稱","level":"error"},{"id":"station_order","ok":true,"detail":"所有線路站序合理","level":"warn"},{"id":"line_wiki_stations","ok":true,"detail":"各線站數與 wiki 線路條目相符（營運中站數）","level":"error"},{"id":"line_wiki_coverage","ok":false,"detail":"6 條線無 wiki 站數對照：Трамвай № 3、Трамвай № 2、Трамвай № 8","level":"warn"}],"reasons":[],"warnings":["6 條線無 wiki 站數對照：Трамвай № 3、Трамвай № 2、Трамвай № 8"],"audited_at":"2026-07-27T02:39:14.506Z"}},"features":[{"type":"Feature","properties":{"seg_id":"vitebsk-0","routes":[{"route_id":"rm3822945","route_name":"Трамвай № 3","route_name_local":"Трамвай № 3","route_name_en":null,"route_ref":"3","route_color":"#ff0000","wikipedia":null,"osm_route_ids":[3821234,3821235],"status":null,"order_suspect":0,"span_suspect":0,"stations":[{"station_id":"n2916265098","station_name":"Мікрараён «Нікраполле»"},{"station_id":"n2910128348","station_name":"Аварыйна-выратавальны атрад «Віцязь»"},{"station_id":"n332644433","station_name":"Вытворчае прадпрыемства «Віцязь»"},{"station_id":"n367138399","station_name":"Магазін «Вулкан»"},{"station_id":"n367138072","station_name":"Маскоўскі праспект"},{"station_id":"n1109616747","station_name":"Тэхналагічны універсітэт"},{"station_id":"n678489005","station_name":"Універсітэт імя Машэрава"},{"station_id":"n306066170","station_name":"Вуліца Праўды"},{"station_id":"n482627177","station_name":"Авіяцыйная"},{"station_id":"n673997863","station_name":"Вуліца Смаленская"},{"station_id":"n2124756765","station_name":"Вуліца Чапаева"},{"station_id":"n332647616","station_name":"Цэнтральны спартыўны комплес"},{"station_id":"n332647664","station_name":"ААТ «Чырвоны Кастрычнік»"},{"station_id":"n2124756733","station_name":"Смаленская плошча"}]},{"route_id":"rm3823520","route_name":"Трамвай № 2","route_name_local":"Трамвай № 2","route_name_en":null,"route_ref":"2","route_color":"#ff0000","wikipedia":null,"osm_route_ids":[3823518,3823519],"status":null,"order_suspect":0,"span_suspect":0,"stations":[{"station_id":"n2916265098","station_name":"Мікрараён «Нікраполле»"},{"station_id":"n2910128348","station_name":"Аварыйна-выратавальны атрад «Віцязь»"},{"station_id":"n332644433","station_name":"Вытворчае прадпрыемства «Віцязь»"},{"station_id":"n367138399","station_name":"Магазін «Вулкан»"},{"station_id":"n367138072","station_name":"Маскоўскі праспект"},{"station_id":"n1109616747","station_name":"Тэхналагічны універсітэт"},{"station_id":"n678489005","station_name":"Універсітэт імя Машэрава"},{"station_id":"junc:30.22663:55.17840","station_name":""},{"station_id":"n367136313","station_name":"11-я школа"},{"station_id":"n306066455","station_name":"31-я школа"},{"station_id":"n674027540","station_name":"Магазін Юбілейны"},{"station_id":"n338473376","station_name":"Victory Square"},{"station_id":"n2914594710","station_name":"Вуліца Дзімітрава"},{"station_id":"junc:n2914594710:n2914605695:n2917902508","station_name":""},{"station_id":"n2914605695","station_name":"Вуліца Герцэна"},{"station_id":"n2914605826","station_name":"Вуліца Акадэміка Паўлава"},{"station_id":"n2916432738","station_name":"Спарткомплекс «Камсамолец»"},{"station_id":"n2914594775","station_name":"Алейнаэкстракцыйны завод"},{"station_id":"n2915101197","station_name":"Завод трактарных запчастак"},{"station_id":"n2914672921","station_name":"Вуліца Жлобінская"},{"station_id":"n2915101601","station_name":"Пралетарская плошча"},{"station_id":"n674059891","station_name":"Цэнтральная клінічная бальніца"},{"station_id":"n2914672766","station_name":"ЦЭЦ"},{"station_id":"n674059880","station_name":"Вуліца 39-й Арміі"},{"station_id":"n1854025979","station_name":"Вуліца Максіма Горкага"}]},{"route_id":"rm3824316","route_name":"Трамвай № 8","route_name_local":"Трамвай № 8","route_name_en":null,"route_ref":"8","route_color":"#ff0000","wikipedia":null,"osm_route_ids":[3824313,3824314],"status":null,"order_suspect":0,"span_suspect":0,"stations":[{"station_id":"n2916265098","station_name":"Мікрараён «Нікраполле»"},{"station_id":"n2910128348","station_name":"Аварыйна-выратавальны атрад «Віцязь»"},{"station_id":"n332644433","station_name":"Вытворчае прадпрыемства «Віцязь»"},{"station_id":"n367138399","station_name":"Магазін «Вулкан»"},{"station_id":"n367138072","station_name":"Маскоўскі праспект"},{"station_id":"n1109616747","station_name":"Тэхналагічны універсітэт"},{"station_id":"n678489005","station_name":"Універсітэт імя Машэрава"},{"station_id":"junc:30.22663:55.17840","station_name":""},{"station_id":"n367136313","station_name":"11-я школа"},{"station_id":"n306066455","station_name":"31-я школа"},{"station_id":"n674027540","station_name":"Магазін Юбілейны"},{"station_id":"n338473376","station_name":"Victory Square"},{"station_id":"n2914594710","station_name":"Вуліца Дзімітрава"},{"station_id":"junc:n2914594710:n2914605695:n2917902508","station_name":""},{"station_id":"n2917902508","station_name":"Сквер Касманаўтаў"},{"station_id":"n2912485216","station_name":"Чыгуначны вакзал"},{"station_id":"n7713841201","station_name":"Полацкі рынак"},{"station_id":"n2917902503","station_name":"Гімназія № 4"},{"station_id":"n2917902515","station_name":"Вуліца 19-я Гарадоцкая"},{"station_id":"n2912485625","station_name":"Вуліца Заслонава"},{"station_id":"n2917902512","station_name":"Вуліца 14-я Полацкая"},{"station_id":"n343163892","station_name":"Мемарыяльны комплекс «5-ы полк»"}]}],"route_count":3,"route_refs":["3","2","8"],"route_colors":["#ff0000","#ff0000","#ff0000"],"city":"Vitebsk","country":"Belarus"},"geometry":{"type":"MultiLineString","coordinates":[[[30.233479000000003,55.1578279],[30.2382698,55.163283750000005],[30.241440400000002,55.167631650000004],[30.243542750000003,55.17289215],[30.244046150000003,55.1757338],[30.23677685,55.17705925],[30.2286363,55.178387333333326]]]}},{"type":"Feature","properties":{"seg_id":"vitebsk-1","routes":[{"route_id":"rm3822945","route_name":"Трамвай № 3","route_name_local":"Трамвай № 3","route_name_en":null,"route_ref":"3","route_color":"#ff0000","wikipedia":null,"osm_route_ids":[3821234,3821235],"status":null,"order_suspect":0,"span_suspect":0,"stations":[{"station_id":"n2916265098","station_name":"Мікрараён «Нікраполле»"},{"station_id":"n2910128348","station_name":"Аварыйна-выратавальны атрад «Віцязь»"},{"station_id":"n332644433","station_name":"Вытворчае прадпрыемства «Віцязь»"},{"station_id":"n367138399","station_name":"Магазін «Вулкан»"},{"station_id":"n367138072","station_name":"Маскоўскі праспект"},{"station_id":"n1109616747","station_name":"Тэхналагічны універсітэт"},{"station_id":"n678489005","station_name":"Універсітэт імя Машэрава"},{"station_id":"n306066170","station_name":"Вуліца Праўды"},{"station_id":"n482627177","station_name":"Авіяцыйная"},{"station_id":"n673997863","station_name":"Вуліца Смаленская"},{"station_id":"n2124756765","station_name":"Вуліца Чапаева"},{"station_id":"n332647616","station_name":"Цэнтральны спартыўны комплес"},{"station_id":"n332647664","station_name":"ААТ «Чырвоны Кастрычнік»"},{"station_id":"n2124756733","station_name":"Смаленская плошча"}]},{"route_id":"rm3823035","route_name":"Трамвай № 7","route_name_local":"Трамвай № 7","route_name_en":null,"route_ref":"7","route_color":"#ff0000","wikipedia":null,"osm_route_ids":[3823033,3823034],"status":null,"order_suspect":0,"span_suspect":0,"stations":[{"station_id":"n1854025979","station_name":"Вуліца Максіма Горкага"},{"station_id":"n674059880","station_name":"Вуліца 39-й Арміі"},{"station_id":"n2914672766","station_name":"ЦЭЦ"},{"station_id":"n674059891","station_name":"Цэнтральная клінічная бальніца"},{"station_id":"n2915101601","station_name":"Пралетарская плошча"},{"station_id":"n2914672921","station_name":"Вуліца Жлобінская"},{"station_id":"n2915101197","station_name":"Завод трактарных запчастак"},{"station_id":"n2914594775","station_name":"Алейнаэкстракцыйны завод"},{"station_id":"n2916432738","station_name":"Спарткомплекс «Камсамолец»"},{"station_id":"n2914605826","station_name":"Вуліца Акадэміка Паўлава"},{"station_id":"n2914605695","station_name":"Вуліца Герцэна"},{"station_id":"junc:n2914594710:n2914605695:n2917902508","station_name":""},{"station_id":"n2914594710","station_name":"Вуліца Дзімітрава"},{"station_id":"n338473376","station_name":"Victory Square"},{"station_id":"n674027540","station_name":"Магазін Юбілейны"},{"station_id":"n306066455","station_name":"31-я школа"},{"station_id":"n367136313","station_name":"11-я школа"},{"station_id":"junc:30.22663:55.17840","station_name":""},{"station_id":"n678489005","station_name":"Універсітэт імя Машэрава"},{"station_id":"n306066170","station_name":"Вуліца Праўды"},{"station_id":"n482627177","station_name":"Авіяцыйная"},{"station_id":"n673997863","station_name":"Вуліца Смаленская"},{"station_id":"n2909853733","station_name":"Бальніца хуткай медыцынскай дапамогі"},{"station_id":"n1365399243","station_name":"Абласная інфекцыйная бальніца"},{"station_id":"n1263077898","station_name":"Прадпрыемства «Белвітуніфарм»"},{"station_id":"n2914502394","station_name":"Завод Эвістар"},{"station_id":"n1263077909","station_name":"Медыцынскі цэнтр «БІНА»"}]},{"route_id":"rm3823370","route_name":"Трамвай № 1","route_name_local":"Трамвай № 1","route_name_en":null,"route_ref":"1","route_color":"#ff0000","wikipedia":null,"osm_route_ids":[3823368,3823369],"status":null,"order_suspect":0,"span_suspect":0,"stations":[{"station_id":"n1854025979","station_name":"Вуліца Максіма Горкага"},{"station_id":"n674059880","station_name":"Вуліца 39-й Арміі"},{"station_id":"n2914672766","station_name":"ЦЭЦ"},{"station_id":"n674059891","station_name":"Цэнтральная клінічная бальніца"},{"station_id":"n2915101601","station_name":"Пралетарская плошча"},{"station_id":"n2914672921","station_name":"Вуліца Жлобінская"},{"station_id":"n338473220","station_name":"Жлобінскія Масты"},{"station_id":"n1870894272","station_name":"ГЦ «Карона»"},{"station_id":"n2917557456","station_name":"Вуліца Новаастровенская"},{"station_id":"n2476556640","station_name":"Бібліятэка імя Лынькова"},{"station_id":"n2915101744","station_name":"Мост імя Шмырова"},{"station_id":"n2915101785","station_name":"Праспект Чарняхоўскага"},{"station_id":"n338473360","station_name":"Гасцініца «Лучоса»"},{"station_id":"n482021668","station_name":"Каледж электратэхнікі"},{"station_id":"n338473376","station_name":"Victory Square"},{"station_id":"n674027540","station_name":"Магазін Юбілейны"},{"station_id":"n306066455","station_name":"31-я школа"},{"station_id":"n367136313","station_name":"11-я школа"},{"station_id":"junc:30.22663:55.17840","station_name":""},{"station_id":"n678489005","station_name":"Універсітэт імя Машэрава"},{"station_id":"n306066170","station_name":"Вуліца Праўды"},{"station_id":"n482627177","station_name":"Авіяцыйная"},{"station_id":"n673997863","station_name":"Вуліца Смаленская"},{"station_id":"n2124756765","station_name":"Вуліца Чапаева"},{"station_id":"n332647616","station_name":"Цэнтральны спартыўны комплес"},{"station_id":"n332647664","station_name":"ААТ «Чырвоны Кастрычнік»"},{"station_id":"n2124756733","station_name":"Смаленская плошча"}]}],"route_count":3,"route_refs":["3","7","1"],"route_colors":["#ff0000","#ff0000","#ff0000"],"city":"Vitebsk","country":"Belarus"},"geometry":{"type":"MultiLineString","coordinates":[[[30.2286363,55.178387333333326],[30.231052249999998,55.1844226],[30.23274363333333,55.18852743333333],[30.233695300000004,55.19378029999999]]]}},{"type":"Feature","properties":{"seg_id":"vitebsk-2","routes":[{"route_id":"rm3822945","route_name":"Трамвай № 3","route_name_local":"Трамвай № 3","route_name_en":null,"route_ref":"3","route_color":"#ff0000","wikipedia":null,"osm_route_ids":[3821234,3821235],"status":null,"order_suspect":0,"span_suspect":0,"stations":[{"station_id":"n2916265098","station_name":"Мікрараён «Нікраполле»"},{"station_id":"n2910128348","station_name":"Аварыйна-выратавальны атрад «Віцязь»"},{"station_id":"n332644433","station_name":"Вытворчае прадпрыемства «Віцязь»"},{"station_id":"n367138399","station_name":"Магазін «Вулкан»"},{"station_id":"n367138072","station_name":"Маскоўскі праспект"},{"station_id":"n1109616747","station_name":"Тэхналагічны універсітэт"},{"station_id":"n678489005","station_name":"Універсітэт імя Машэрава"},{"station_id":"n306066170","station_name":"Вуліца Праўды"},{"station_id":"n482627177","station_name":"Авіяцыйная"},{"station_id":"n673997863","station_name":"Вуліца Смаленская"},{"station_id":"n2124756765","station_name":"Вуліца Чапаева"},{"station_id":"n332647616","station_name":"Цэнтральны спартыўны комплес"},{"station_id":"n332647664","station_name":"ААТ «Чырвоны Кастрычнік»"},{"station_id":"n2124756733","station_name":"Смаленская плошча"}]},{"route_id":"rm3823370","route_name":"Трамвай № 1","route_name_local":"Трамвай № 1","route_name_en":null,"route_ref":"1","route_color":"#ff0000","wikipedia":null,"osm_route_ids":[3823368,3823369],"status":null,"order_suspect":0,"span_suspect":0,"stations":[{"station_id":"n1854025979","station_name":"Вуліца Максіма Горкага"},{"station_id":"n674059880","station_name":"Вуліца 39-й Арміі"},{"station_id":"n2914672766","station_name":"ЦЭЦ"},{"station_id":"n674059891","station_name":"Цэнтральная клінічная бальніца"},{"station_id":"n2915101601","station_name":"Пралетарская плошча"},{"station_id":"n2914672921","station_name":"Вуліца Жлобінская"},{"station_id":"n338473220","station_name":"Жлобінскія Масты"},{"station_id":"n1870894272","station_name":"ГЦ «Карона»"},{"station_id":"n2917557456","station_name":"Вуліца Новаастровенская"},{"station_id":"n2476556640","station_name":"Бібліятэка імя Лынькова"},{"station_id":"n2915101744","station_name":"Мост імя Шмырова"},{"station_id":"n2915101785","station_name":"Праспект Чарняхоўскага"},{"station_id":"n338473360","station_name":"Гасцініца «Лучоса»"},{"station_id":"n482021668","station_name":"Каледж электратэхнікі"},{"station_id":"n338473376","station_name":"Victory Square"},{"station_id":"n674027540","station_name":"Магазін Юбілейны"},{"station_id":"n306066455","station_name":"31-я школа"},{"station_id":"n367136313","station_name":"11-я школа"},{"station_id":"junc:30.22663:55.17840","station_name":""},{"station_id":"n678489005","station_name":"Універсітэт імя Машэрава"},{"station_id":"n306066170","station_name":"Вуліца Праўды"},{"station_id":"n482627177","station_name":"Авіяцыйная"},{"station_id":"n673997863","station_name":"Вуліца Смаленская"},{"station_id":"n2124756765","station_name":"Вуліца Чапаева"},{"station_id":"n332647616","station_name":"Цэнтральны спартыўны комплес"},{"station_id":"n332647664","station_name":"ААТ «Чырвоны Кастрычнік»"},{"station_id":"n2124756733","station_name":"Смаленская плошча"}]}],"route_count":2,"route_refs":["3","1"],"route_colors":["#ff0000","#ff0000"],"city":"Vitebsk","country":"Belarus"},"geometry":{"type":"MultiLineString","coordinates":[[[30.233695300000004,55.19378029999999],[30.22865235,55.19443215],[30.226537200000003,55.196907949999996],[30.2195588,55.202527200000006],[30.21484415,55.204493549999995]]]}},{"type":"Feature","properties":{"seg_id":"vitebsk-3","routes":[{"route_id":"rm3823035","route_name":"Трамвай № 7","route_name_local":"Трамвай № 7","route_name_en":null,"route_ref":"7","route_color":"#ff0000","wikipedia":null,"osm_route_ids":[3823033,3823034],"status":null,"order_suspect":0,"span_suspect":0,"stations":[{"station_id":"n1854025979","station_name":"Вуліца Максіма Горкага"},{"station_id":"n674059880","station_name":"Вуліца 39-й Арміі"},{"station_id":"n2914672766","station_name":"ЦЭЦ"},{"station_id":"n674059891","station_name":"Цэнтральная клінічная бальніца"},{"station_id":"n2915101601","station_name":"Пралетарская плошча"},{"station_id":"n2914672921","station_name":"Вуліца Жлобінская"},{"station_id":"n2915101197","station_name":"Завод трактарных запчастак"},{"station_id":"n2914594775","station_name":"Алейнаэкстракцыйны завод"},{"station_id":"n2916432738","station_name":"Спарткомплекс «Камсамолец»"},{"station_id":"n2914605826","station_name":"Вуліца Акадэміка Паўлава"},{"station_id":"n2914605695","station_name":"Вуліца Герцэна"},{"station_id":"junc:n2914594710:n2914605695:n2917902508","station_name":""},{"station_id":"n2914594710","station_name":"Вуліца Дзімітрава"},{"station_id":"n338473376","station_name":"Victory Square"},{"station_id":"n674027540","station_name":"Магазін Юбілейны"},{"station_id":"n306066455","station_name":"31-я школа"},{"station_id":"n367136313","station_name":"11-я школа"},{"station_id":"junc:30.22663:55.17840","station_name":""},{"station_id":"n678489005","station_name":"Універсітэт імя Машэрава"},{"station_id":"n306066170","station_name":"Вуліца Праўды"},{"station_id":"n482627177","station_name":"Авіяцыйная"},{"station_id":"n673997863","station_name":"Вуліца Смаленская"},{"station_id":"n2909853733","station_name":"Бальніца хуткай медыцынскай дапамогі"},{"station_id":"n1365399243","station_name":"Абласная інфекцыйная бальніца"},{"station_id":"n1263077898","station_name":"Прадпрыемства «Белвітуніфарм»"},{"station_id":"n2914502394","station_name":"Завод Эвістар"},{"station_id":"n1263077909","station_name":"Медыцынскі цэнтр «БІНА»"}]},{"route_id":"rm3823370","route_name":"Трамвай № 1","route_name_local":"Трамвай № 1","route_name_en":null,"route_ref":"1","route_color":"#ff0000","wikipedia":null,"osm_route_ids":[3823368,3823369],"status":null,"order_suspect":0,"span_suspect":0,"stations":[{"station_id":"n1854025979","station_name":"Вуліца Максіма Горкага"},{"station_id":"n674059880","station_name":"Вуліца 39-й Арміі"},{"station_id":"n2914672766","station_name":"ЦЭЦ"},{"station_id":"n674059891","station_name":"Цэнтральная клінічная бальніца"},{"station_id":"n2915101601","station_name":"Пралетарская плошча"},{"station_id":"n2914672921","station_name":"Вуліца Жлобінская"},{"station_id":"n338473220","station_name":"Жлобінскія Масты"},{"station_id":"n1870894272","station_name":"ГЦ «Карона»"},{"station_id":"n2917557456","station_name":"Вуліца Новаастровенская"},{"station_id":"n2476556640","station_name":"Бібліятэка імя Лынькова"},{"station_id":"n2915101744","station_name":"Мост імя Шмырова"},{"station_id":"n2915101785","station_name":"Праспект Чарняхоўскага"},{"station_id":"n338473360","station_name":"Гасцініца «Лучоса»"},{"station_id":"n482021668","station_name":"Каледж электратэхнікі"},{"station_id":"n338473376","station_name":"Victory Square"},{"station_id":"n674027540","station_name":"Магазін Юбілейны"},{"station_id":"n306066455","station_name":"31-я школа"},{"station_id":"n367136313","station_name":"11-я школа"},{"station_id":"junc:30.22663:55.17840","station_name":""},{"station_id":"n678489005","station_name":"Універсітэт імя Машэрава"},{"station_id":"n306066170","station_name":"Вуліца Праўды"},{"station_id":"n482627177","station_name":"Авіяцыйная"},{"station_id":"n673997863","station_name":"Вуліца Смаленская"},{"station_id":"n2124756765","station_name":"Вуліца Чапаева"},{"station_id":"n332647616","station_name":"Цэнтральны спартыўны комплес"},{"station_id":"n332647664","station_name":"ААТ «Чырвоны Кастрычнік»"},{"station_id":"n2124756733","station_name":"Смаленская плошча"}]},{"route_id":"rm3823520","route_name":"Трамвай № 2","route_name_local":"Трамвай № 2","route_name_en":null,"route_ref":"2","route_color":"#ff0000","wikipedia":null,"osm_route_ids":[3823518,3823519],"status":null,"order_suspect":0,"span_suspect":0,"stations":[{"station_id":"n2916265098","station_name":"Мікрараён «Нікраполле»"},{"station_id":"n2910128348","station_name":"Аварыйна-выратавальны атрад «Віцязь»"},{"station_id":"n332644433","station_name":"Вытворчае прадпрыемства «Віцязь»"},{"station_id":"n367138399","station_name":"Магазін «Вулкан»"},{"station_id":"n367138072","station_name":"Маскоўскі праспект"},{"station_id":"n1109616747","station_name":"Тэхналагічны універсітэт"},{"station_id":"n678489005","station_name":"Універсітэт імя Машэрава"},{"station_id":"junc:30.22663:55.17840","station_name":""},{"station_id":"n367136313","station_name":"11-я школа"},{"station_id":"n306066455","station_name":"31-я школа"},{"station_id":"n674027540","station_name":"Магазін Юбілейны"},{"station_id":"n338473376","station_name":"Victory Square"},{"station_id":"n2914594710","station_name":"Вуліца Дзімітрава"},{"station_id":"junc:n2914594710:n2914605695:n2917902508","station_name":""},{"station_id":"n2914605695","station_name":"Вуліца Герцэна"},{"station_id":"n2914605826","station_name":"Вуліца Акадэміка Паўлава"},{"station_id":"n2916432738","station_name":"Спарткомплекс «Камсамолец»"},{"station_id":"n2914594775","station_name":"Алейнаэкстракцыйны завод"},{"station_id":"n2915101197","station_name":"Завод трактарных запчастак"},{"station_id":"n2914672921","station_name":"Вуліца Жлобінская"},{"station_id":"n2915101601","station_name":"Пралетарская плошча"},{"station_id":"n674059891","station_name":"Цэнтральная клінічная бальніца"},{"station_id":"n2914672766","station_name":"ЦЭЦ"},{"station_id":"n674059880","station_name":"Вуліца 39-й Арміі"},{"station_id":"n1854025979","station_name":"Вуліца Максіма Горкага"}]},{"route_id":"rm3824263","route_name":"Трамвай № 6","route_name_local":"Трамвай № 6","route_name_en":null,"route_ref":"6","route_color":"#ff0000","wikipedia":null,"osm_route_ids":[3824261,3824262],"status":null,"order_suspect":0,"span_suspect":0,"stations":[{"station_id":"n1854025979","station_name":"Вуліца Максіма Горкага"},{"station_id":"n674059880","station_name":"Вуліца 39-й Арміі"},{"station_id":"n2914672766","station_name":"ЦЭЦ"},{"station_id":"n674059891","station_name":"Цэнтральная клінічная бальніца"},{"station_id":"n2915101601","station_name":"Пралетарская плошча"},{"station_id":"n2914672921","station_name":"Вуліца Жлобінская"},{"station_id":"n2915101197","station_name":"Завод трактарных запчастак"},{"station_id":"n2914594775","station_name":"Алейнаэкстракцыйны завод"},{"station_id":"n2916432738","station_name":"Спарткомплекс «Камсамолец»"},{"station_id":"n2914605826","station_name":"Вуліца Акадэміка Паўлава"},{"station_id":"n2914605695","station_name":"Вуліца Герцэна"},{"station_id":"junc:n2914594710:n2914605695:n2917902508","station_name":""},{"station_id":"n2917902508","station_name":"Сквер Касманаўтаў"},{"station_id":"n2912485216","station_name":"Чыгуначны вакзал"},{"station_id":"n7713841201","station_name":"Полацкі рынак"},{"station_id":"n2917902503","station_name":"Гімназія № 4"},{"station_id":"n2917902515","station_name":"Вуліца 19-я Гарадоцкая"},{"station_id":"n2912485625","station_name":"Вуліца Заслонава"},{"station_id":"n2917902512","station_name":"Вуліца 14-я Полацкая"},{"station_id":"n343163892","station_name":"Мемарыяльны комплекс «5-ы полк»"}]},{"route_id":"rm3824285","route_name":"Трамвай № 9","route_name_local":"Трамвай № 9","route_name_en":null,"route_ref":"9","route_color":"#ff0000","wikipedia":null,"osm_route_ids":[3824283,3824284],"status":null,"order_suspect":0,"span_suspect":0,"stations":[{"station_id":"n1854025979","station_name":"Вуліца Максіма Горкага"},{"station_id":"n674059880","station_name":"Вуліца 39-й Арміі"},{"station_id":"n2914672766","station_name":"ЦЭЦ"},{"station_id":"n674059891","station_name":"Цэнтральная клінічная бальніца"},{"station_id":"n2915101601","station_name":"Пралетарская плошча"},{"station_id":"n2914672921","station_name":"Вуліца Жлобінская"},{"station_id":"n338473220","station_name":"Жлобінскія Масты"},{"station_id":"n1870894272","station_name":"ГЦ «Карона»"},{"station_id":"n2917557456","station_name":"Вуліца Новаастровенская"},{"station_id":"n2476556640","station_name":"Бібліятэка імя Лынькова"},{"station_id":"n2915101744","station_name":"Мост імя Шмырова"},{"station_id":"n2915101785","station_name":"Праспект Чарняхоўскага"},{"station_id":"n338473360","station_name":"Гасцініца «Лучоса»"},{"station_id":"n482021668","station_name":"Каледж электратэхнікі"},{"station_id":"n338473376","station_name":"Victory Square"},{"station_id":"n2914594710","station_name":"Вуліца Дзімітрава"},{"station_id":"junc:n2914594710:n2914605695:n2917902508","station_name":""},{"station_id":"n2917902508","station_name":"Сквер Касманаўтаў"},{"station_id":"n2912485216","station_name":"Чыгуначны вакзал"},{"station_id":"n7713841201","station_name":"Полацкі рынак"},{"station_id":"n2917902503","station_name":"Гімназія № 4"},{"station_id":"n2917902515","station_name":"Вуліца 19-я Гарадоцкая"},{"station_id":"n2912485625","station_name":"Вуліца Заслонава"},{"station_id":"n2917902512","station_name":"Вуліца 14-я Полацкая"},{"station_id":"n343163892","station_name":"Мемарыяльны комплекс «5-ы полк»"}]}],"route_count":5,"route_refs":["7","1","2","6","9"],"route_colors":["#ff0000","#ff0000","#ff0000","#ff0000","#ff0000"],"city":"Vitebsk","country":"Belarus"},"geometry":{"type":"MultiLineString","coordinates":[[[30.123834900000002,55.1654531],[30.1298851,55.167608425000005],[30.136600150000003,55.169977125],[30.141923325,55.171805525],[30.152157399999997,55.17314055],[30.155759125,55.1727658]]]}},{"type":"Feature","properties":{"seg_id":"vitebsk-4","routes":[{"route_id":"rm3823035","route_name":"Трамвай № 7","route_name_local":"Трамвай № 7","route_name_en":null,"route_ref":"7","route_color":"#ff0000","wikipedia":null,"osm_route_ids":[3823033,3823034],"status":null,"order_suspect":0,"span_suspect":0,"stations":[{"station_id":"n1854025979","station_name":"Вуліца Максіма Горкага"},{"station_id":"n674059880","station_name":"Вуліца 39-й Арміі"},{"station_id":"n2914672766","station_name":"ЦЭЦ"},{"station_id":"n674059891","station_name":"Цэнтральная клінічная бальніца"},{"station_id":"n2915101601","station_name":"Пралетарская плошча"},{"station_id":"n2914672921","station_name":"Вуліца Жлобінская"},{"station_id":"n2915101197","station_name":"Завод трактарных запчастак"},{"station_id":"n2914594775","station_name":"Алейнаэкстракцыйны завод"},{"station_id":"n2916432738","station_name":"Спарткомплекс «Камсамолец»"},{"station_id":"n2914605826","station_name":"Вуліца Акадэміка Паўлава"},{"station_id":"n2914605695","station_name":"Вуліца Герцэна"},{"station_id":"junc:n2914594710:n2914605695:n2917902508","station_name":""},{"station_id":"n2914594710","station_name":"Вуліца Дзімітрава"},{"station_id":"n338473376","station_name":"Victory Square"},{"station_id":"n674027540","station_name":"Магазін Юбілейны"},{"station_id":"n306066455","station_name":"31-я школа"},{"station_id":"n367136313","station_name":"11-я школа"},{"station_id":"junc:30.22663:55.17840","station_name":""},{"station_id":"n678489005","station_name":"Універсітэт імя Машэрава"},{"station_id":"n306066170","station_name":"Вуліца Праўды"},{"station_id":"n482627177","station_name":"Авіяцыйная"},{"station_id":"n673997863","station_name":"Вуліца Смаленская"},{"station_id":"n2909853733","station_name":"Бальніца хуткай медыцынскай дапамогі"},{"station_id":"n1365399243","station_name":"Абласная інфекцыйная бальніца"},{"station_id":"n1263077898","station_name":"Прадпрыемства «Белвітуніфарм»"},{"station_id":"n2914502394","station_name":"Завод Эвістар"},{"station_id":"n1263077909","station_name":"Медыцынскі цэнтр «БІНА»"}]},{"route_id":"rm3823520","route_name":"Трамвай № 2","route_name_local":"Трамвай № 2","route_name_en":null,"route_ref":"2","route_color":"#ff0000","wikipedia":null,"osm_route_ids":[3823518,3823519],"status":null,"order_suspect":0,"span_suspect":0,"stations":[{"station_id":"n2916265098","station_name":"Мікрараён «Нікраполле»"},{"station_id":"n2910128348","station_name":"Аварыйна-выратавальны атрад «Віцязь»"},{"station_id":"n332644433","station_name":"Вытворчае прадпрыемства «Віцязь»"},{"station_id":"n367138399","station_name":"Магазін «Вулкан»"},{"station_id":"n367138072","station_name":"Маскоўскі праспект"},{"station_id":"n1109616747","station_name":"Тэхналагічны універсітэт"},{"station_id":"n678489005","station_name":"Універсітэт імя Машэрава"},{"station_id":"junc:30.22663:55.17840","station_name":""},{"station_id":"n367136313","station_name":"11-я школа"},{"station_id":"n306066455","station_name":"31-я школа"},{"station_id":"n674027540","station_name":"Магазін Юбілейны"},{"station_id":"n338473376","station_name":"Victory Square"},{"station_id":"n2914594710","station_name":"Вуліца Дзімітрава"},{"station_id":"junc:n2914594710:n2914605695:n2917902508","station_name":""},{"station_id":"n2914605695","station_name":"Вуліца Герцэна"},{"station_id":"n2914605826","station_name":"Вуліца Акадэміка Паўлава"},{"station_id":"n2916432738","station_name":"Спарткомплекс «Камсамолец»"},{"station_id":"n2914594775","station_name":"Алейнаэкстракцыйны завод"},{"station_id":"n2915101197","station_name":"Завод трактарных запчастак"},{"station_id":"n2914672921","station_name":"Вуліца Жлобінская"},{"station_id":"n2915101601","station_name":"Пралетарская плошча"},{"station_id":"n674059891","station_name":"Цэнтральная клінічная бальніца"},{"station_id":"n2914672766","station_name":"ЦЭЦ"},{"station_id":"n674059880","station_name":"Вуліца 39-й Арміі"},{"station_id":"n1854025979","station_name":"Вуліца Максіма Горкага"}]},{"route_id":"rm3824263","route_name":"Трамвай № 6","route_name_local":"Трамвай № 6","route_name_en":null,"route_ref":"6","route_color":"#ff0000","wikipedia":null,"osm_route_ids":[3824261,3824262],"status":null,"order_suspect":0,"span_suspect":0,"stations":[{"station_id":"n1854025979","station_name":"Вуліца Максіма Горкага"},{"station_id":"n674059880","station_name":"Вуліца 39-й Арміі"},{"station_id":"n2914672766","station_name":"ЦЭЦ"},{"station_id":"n674059891","station_name":"Цэнтральная клінічная бальніца"},{"station_id":"n2915101601","station_name":"Пралетарская плошча"},{"station_id":"n2914672921","station_name":"Вуліца Жлобінская"},{"station_id":"n2915101197","station_name":"Завод трактарных запчастак"},{"station_id":"n2914594775","station_name":"Алейнаэкстракцыйны завод"},{"station_id":"n2916432738","station_name":"Спарткомплекс «Камсамолец»"},{"station_id":"n2914605826","station_name":"Вуліца Акадэміка Паўлава"},{"station_id":"n2914605695","station_name":"Вуліца Герцэна"},{"station_id":"junc:n2914594710:n2914605695:n2917902508","station_name":""},{"station_id":"n2917902508","station_name":"Сквер Касманаўтаў"},{"station_id":"n2912485216","station_name":"Чыгуначны вакзал"},{"station_id":"n7713841201","station_name":"Полацкі рынак"},{"station_id":"n2917902503","station_name":"Гімназія № 4"},{"station_id":"n2917902515","station_name":"Вуліца 19-я Гарадоцкая"},{"station_id":"n2912485625","station_name":"Вуліца Заслонава"},{"station_id":"n2917902512","station_name":"Вуліца 14-я Полацкая"},{"station_id":"n343163892","station_name":"Мемарыяльны комплекс «5-ы полк»"}]}],"route_count":3,"route_refs":["7","2","6"],"route_colors":["#ff0000","#ff0000","#ff0000"],"city":"Vitebsk","country":"Belarus"},"geometry":{"type":"MultiLineString","coordinates":[[[30.155759125,55.1727658],[30.16975645,55.17344635],[30.173696175,55.1759355],[30.1783095,55.177383725],[30.189808675,55.179239349999996],[30.189048074999995,55.183409825000005]]]}},{"type":"Feature","properties":{"seg_id":"vitebsk-5","routes":[{"route_id":"rm3823035","route_name":"Трамвай № 7","route_name_local":"Трамвай № 7","route_name_en":null,"route_ref":"7","route_color":"#ff0000","wikipedia":null,"osm_route_ids":[3823033,3823034],"status":null,"order_suspect":0,"span_suspect":0,"stations":[{"station_id":"n1854025979","station_name":"Вуліца Максіма Горкага"},{"station_id":"n674059880","station_name":"Вуліца 39-й Арміі"},{"station_id":"n2914672766","station_name":"ЦЭЦ"},{"station_id":"n674059891","station_name":"Цэнтральная клінічная бальніца"},{"station_id":"n2915101601","station_name":"Пралетарская плошча"},{"station_id":"n2914672921","station_name":"Вуліца Жлобінская"},{"station_id":"n2915101197","station_name":"Завод трактарных запчастак"},{"station_id":"n2914594775","station_name":"Алейнаэкстракцыйны завод"},{"station_id":"n2916432738","station_name":"Спарткомплекс «Камсамолец»"},{"station_id":"n2914605826","station_name":"Вуліца Акадэміка Паўлава"},{"station_id":"n2914605695","station_name":"Вуліца Герцэна"},{"station_id":"junc:n2914594710:n2914605695:n2917902508","station_name":""},{"station_id":"n2914594710","station_name":"Вуліца Дзімітрава"},{"station_id":"n338473376","station_name":"Victory Square"},{"station_id":"n674027540","station_name":"Магазін Юбілейны"},{"station_id":"n306066455","station_name":"31-я школа"},{"station_id":"n367136313","station_name":"11-я школа"},{"station_id":"junc:30.22663:55.17840","station_name":""},{"station_id":"n678489005","station_name":"Універсітэт імя Машэрава"},{"station_id":"n306066170","station_name":"Вуліца Праўды"},{"station_id":"n482627177","station_name":"Авіяцыйная"},{"station_id":"n673997863","station_name":"Вуліца Смаленская"},{"station_id":"n2909853733","station_name":"Бальніца хуткай медыцынскай дапамогі"},{"station_id":"n1365399243","station_name":"Абласная інфекцыйная бальніца"},{"station_id":"n1263077898","station_name":"Прадпрыемства «Белвітуніфарм»"},{"station_id":"n2914502394","station_name":"Завод Эвістар"},{"station_id":"n1263077909","station_name":"Медыцынскі цэнтр «БІНА»"}]},{"route_id":"rm3823520","route_name":"Трамвай № 2","route_name_local":"Трамвай № 2","route_name_en":null,"route_ref":"2","route_color":"#ff0000","wikipedia":null,"osm_route_ids":[3823518,3823519],"status":null,"order_suspect":0,"span_suspect":0,"stations":[{"station_id":"n2916265098","station_name":"Мікрараён «Нікраполле»"},{"station_id":"n2910128348","station_name":"Аварыйна-выратавальны атрад «Віцязь»"},{"station_id":"n332644433","station_name":"Вытворчае прадпрыемства «Віцязь»"},{"station_id":"n367138399","station_name":"Магазін «Вулкан»"},{"station_id":"n367138072","station_name":"Маскоўскі праспект"},{"station_id":"n1109616747","station_name":"Тэхналагічны універсітэт"},{"station_id":"n678489005","station_name":"Універсітэт імя Машэрава"},{"station_id":"junc:30.22663:55.17840","station_name":""},{"station_id":"n367136313","station_name":"11-я школа"},{"station_id":"n306066455","station_name":"31-я школа"},{"station_id":"n674027540","station_name":"Магазін Юбілейны"},{"station_id":"n338473376","station_name":"Victory Square"},{"station_id":"n2914594710","station_name":"Вуліца Дзімітрава"},{"station_id":"junc:n2914594710:n2914605695:n2917902508","station_name":""},{"station_id":"n2914605695","station_name":"Вуліца Герцэна"},{"station_id":"n2914605826","station_name":"Вуліца Акадэміка Паўлава"},{"station_id":"n2916432738","station_name":"Спарткомплекс «Камсамолец»"},{"station_id":"n2914594775","station_name":"Алейнаэкстракцыйны завод"},{"station_id":"n2915101197","station_name":"Завод трактарных запчастак"},{"station_id":"n2914672921","station_name":"Вуліца Жлобінская"},{"station_id":"n2915101601","station_name":"Пралетарская плошча"},{"station_id":"n674059891","station_name":"Цэнтральная клінічная бальніца"},{"station_id":"n2914672766","station_name":"ЦЭЦ"},{"station_id":"n674059880","station_name":"Вуліца 39-й Арміі"},{"station_id":"n1854025979","station_name":"Вуліца Максіма Горкага"}]}],"route_count":2,"route_refs":["7","2"],"route_colors":["#ff0000","#ff0000"],"city":"Vitebsk","country":"Belarus"},"geometry":{"type":"MultiLineString","coordinates":[[[30.189048074999995,55.183409825000005],[30.1887225,55.18575],[30.19007615,55.18528875]]]}},{"type":"Feature","properties":{"seg_id":"vitebsk-6","routes":[{"route_id":"rm3823035","route_name":"Трамвай № 7","route_name_local":"Трамвай № 7","route_name_en":null,"route_ref":"7","route_color":"#ff0000","wikipedia":null,"osm_route_ids":[3823033,3823034],"status":null,"order_suspect":0,"span_suspect":0,"stations":[{"station_id":"n1854025979","station_name":"Вуліца Максіма Горкага"},{"station_id":"n674059880","station_name":"Вуліца 39-й Арміі"},{"station_id":"n2914672766","station_name":"ЦЭЦ"},{"station_id":"n674059891","station_name":"Цэнтральная клінічная бальніца"},{"station_id":"n2915101601","station_name":"Пралетарская плошча"},{"station_id":"n2914672921","station_name":"Вуліца Жлобінская"},{"station_id":"n2915101197","station_name":"Завод трактарных запчастак"},{"station_id":"n2914594775","station_name":"Алейнаэкстракцыйны завод"},{"station_id":"n2916432738","station_name":"Спарткомплекс «Камсамолец»"},{"station_id":"n2914605826","station_name":"Вуліца Акадэміка Паўлава"},{"station_id":"n2914605695","station_name":"Вуліца Герцэна"},{"station_id":"junc:n2914594710:n2914605695:n2917902508","station_name":""},{"station_id":"n2914594710","station_name":"Вуліца Дзімітрава"},{"station_id":"n338473376","station_name":"Victory Square"},{"station_id":"n674027540","station_name":"Магазін Юбілейны"},{"station_id":"n306066455","station_name":"31-я школа"},{"station_id":"n367136313","station_name":"11-я школа"},{"station_id":"junc:30.22663:55.17840","station_name":""},{"station_id":"n678489005","station_name":"Універсітэт імя Машэрава"},{"station_id":"n306066170","station_name":"Вуліца Праўды"},{"station_id":"n482627177","station_name":"Авіяцыйная"},{"station_id":"n673997863","station_name":"Вуліца Смаленская"},{"station_id":"n2909853733","station_name":"Бальніца хуткай медыцынскай дапамогі"},{"station_id":"n1365399243","station_name":"Абласная інфекцыйная бальніца"},{"station_id":"n1263077898","station_name":"Прадпрыемства «Белвітуніфарм»"},{"station_id":"n2914502394","station_name":"Завод Эвістар"},{"station_id":"n1263077909","station_name":"Медыцынскі цэнтр «БІНА»"}]},{"route_id":"rm3823520","route_name":"Трамвай № 2","route_name_local":"Трамвай № 2","route_name_en":null,"route_ref":"2","route_color":"#ff0000","wikipedia":null,"osm_route_ids":[3823518,3823519],"status":null,"order_suspect":0,"span_suspect":0,"stations":[{"station_id":"n2916265098","station_name":"Мікрараён «Нікраполле»"},{"station_id":"n2910128348","station_name":"Аварыйна-выратавальны атрад «Віцязь»"},{"station_id":"n332644433","station_name":"Вытворчае прадпрыемства «Віцязь»"},{"station_id":"n367138399","station_name":"Магазін «Вулкан»"},{"station_id":"n367138072","station_name":"Маскоўскі праспект"},{"station_id":"n1109616747","station_name":"Тэхналагічны універсітэт"},{"station_id":"n678489005","station_name":"Універсітэт імя Машэрава"},{"station_id":"junc:30.22663:55.17840","station_name":""},{"station_id":"n367136313","station_name":"11-я школа"},{"station_id":"n306066455","station_name":"31-я школа"},{"station_id":"n674027540","station_name":"Магазін Юбілейны"},{"station_id":"n338473376","station_name":"Victory Square"},{"station_id":"n2914594710","station_name":"Вуліца Дзімітрава"},{"station_id":"junc:n2914594710:n2914605695:n2917902508","station_name":""},{"station_id":"n2914605695","station_name":"Вуліца Герцэна"},{"station_id":"n2914605826","station_name":"Вуліца Акадэміка Паўлава"},{"station_id":"n2916432738","station_name":"Спарткомплекс «Камсамолец»"},{"station_id":"n2914594775","station_name":"Алейнаэкстракцыйны завод"},{"station_id":"n2915101197","station_name":"Завод трактарных запчастак"},{"station_id":"n2914672921","station_name":"Вуліца Жлобінская"},{"station_id":"n2915101601","station_name":"Пралетарская плошча"},{"station_id":"n674059891","station_name":"Цэнтральная клінічная бальніца"},{"station_id":"n2914672766","station_name":"ЦЭЦ"},{"station_id":"n674059880","station_name":"Вуліца 39-й Арміі"},{"station_id":"n1854025979","station_name":"Вуліца Максіма Горкага"}]},{"route_id":"rm3824285","route_name":"Трамвай № 9","route_name_local":"Трамвай № 9","route_name_en":null,"route_ref":"9","route_color":"#ff0000","wikipedia":null,"osm_route_ids":[3824283,3824284],"status":null,"order_suspect":0,"span_suspect":0,"stations":[{"station_id":"n1854025979","station_name":"Вуліца Максіма Горкага"},{"station_id":"n674059880","station_name":"Вуліца 39-й Арміі"},{"station_id":"n2914672766","station_name":"ЦЭЦ"},{"station_id":"n674059891","station_name":"Цэнтральная клінічная бальніца"},{"station_id":"n2915101601","station_name":"Пралетарская плошча"},{"station_id":"n2914672921","station_name":"Вуліца Жлобінская"},{"station_id":"n338473220","station_name":"Жлобінскія Масты"},{"station_id":"n1870894272","station_name":"ГЦ «Карона»"},{"station_id":"n2917557456","station_name":"Вуліца Новаастровенская"},{"station_id":"n2476556640","station_name":"Бібліятэка імя Лынькова"},{"station_id":"n2915101744","station_name":"Мост імя Шмырова"},{"station_id":"n2915101785","station_name":"Праспект Чарняхоўскага"},{"station_id":"n338473360","station_name":"Гасцініца «Лучоса»"},{"station_id":"n482021668","station_name":"Каледж электратэхнікі"},{"station_id":"n338473376","station_name":"Victory Square"},{"station_id":"n2914594710","station_name":"Вуліца Дзімітрава"},{"station_id":"junc:n2914594710:n2914605695:n2917902508","station_name":""},{"station_id":"n2917902508","station_name":"Сквер Касманаўтаў"},{"station_id":"n2912485216","station_name":"Чыгуначны вакзал"},{"station_id":"n7713841201","station_name":"Полацкі рынак"},{"station_id":"n2917902503","station_name":"Гімназія № 4"},{"station_id":"n2917902515","station_name":"Вуліца 19-я Гарадоцкая"},{"station_id":"n2912485625","station_name":"Вуліца Заслонава"},{"station_id":"n2917902512","station_name":"Вуліца 14-я Полацкая"},{"station_id":"n343163892","station_name":"Мемарыяльны комплекс «5-ы полк»"}]},{"route_id":"rm3824316","route_name":"Трамвай № 8","route_name_local":"Трамвай № 8","route_name_en":null,"route_ref":"8","route_color":"#ff0000","wikipedia":null,"osm_route_ids":[3824313,3824314],"status":null,"order_suspect":0,"span_suspect":0,"stations":[{"station_id":"n2916265098","station_name":"Мікрараён «Нікраполле»"},{"station_id":"n2910128348","station_name":"Аварыйна-выратавальны атрад «Віцязь»"},{"station_id":"n332644433","station_name":"Вытворчае прадпрыемства «Віцязь»"},{"station_id":"n367138399","station_name":"Магазін «Вулкан»"},{"station_id":"n367138072","station_name":"Маскоўскі праспект"},{"station_id":"n1109616747","station_name":"Тэхналагічны універсітэт"},{"station_id":"n678489005","station_name":"Універсітэт імя Машэрава"},{"station_id":"junc:30.22663:55.17840","station_name":""},{"station_id":"n367136313","station_name":"11-я школа"},{"station_id":"n306066455","station_name":"31-я школа"},{"station_id":"n674027540","station_name":"Магазін Юбілейны"},{"station_id":"n338473376","station_name":"Victory Square"},{"station_id":"n2914594710","station_name":"Вуліца Дзімітрава"},{"station_id":"junc:n2914594710:n2914605695:n2917902508","station_name":""},{"station_id":"n2917902508","station_name":"Сквер Касманаўтаў"},{"station_id":"n2912485216","station_name":"Чыгуначны вакзал"},{"station_id":"n7713841201","station_name":"Полацкі рынак"},{"station_id":"n2917902503","station_name":"Гімназія № 4"},{"station_id":"n2917902515","station_name":"Вуліца 19-я Гарадоцкая"},{"station_id":"n2912485625","station_name":"Вуліца Заслонава"},{"station_id":"n2917902512","station_name":"Вуліца 14-я Полацкая"},{"station_id":"n343163892","station_name":"Мемарыяльны комплекс «5-ы полк»"}]}],"route_count":4,"route_refs":["7","2","9","8"],"route_colors":["#ff0000","#ff0000","#ff0000","#ff0000"],"city":"Vitebsk","country":"Belarus"},"geometry":{"type":"MultiLineString","coordinates":[[[30.19007615,55.18528875],[30.20294253333333,55.182638033333326]]]}},{"type":"Feature","properties":{"seg_id":"vitebsk-7","routes":[{"route_id":"rm3823035","route_name":"Трамвай № 7","route_name_local":"Трамвай № 7","route_name_en":null,"route_ref":"7","route_color":"#ff0000","wikipedia":null,"osm_route_ids":[3823033,3823034],"status":null,"order_suspect":0,"span_suspect":0,"stations":[{"station_id":"n1854025979","station_name":"Вуліца Максіма Горкага"},{"station_id":"n674059880","station_name":"Вуліца 39-й Арміі"},{"station_id":"n2914672766","station_name":"ЦЭЦ"},{"station_id":"n674059891","station_name":"Цэнтральная клінічная бальніца"},{"station_id":"n2915101601","station_name":"Пралетарская плошча"},{"station_id":"n2914672921","station_name":"Вуліца Жлобінская"},{"station_id":"n2915101197","station_name":"Завод трактарных запчастак"},{"station_id":"n2914594775","station_name":"Алейнаэкстракцыйны завод"},{"station_id":"n2916432738","station_name":"Спарткомплекс «Камсамолец»"},{"station_id":"n2914605826","station_name":"Вуліца Акадэміка Паўлава"},{"station_id":"n2914605695","station_name":"Вуліца Герцэна"},{"station_id":"junc:n2914594710:n2914605695:n2917902508","station_name":""},{"station_id":"n2914594710","station_name":"Вуліца Дзімітрава"},{"station_id":"n338473376","station_name":"Victory Square"},{"station_id":"n674027540","station_name":"Магазін Юбілейны"},{"station_id":"n306066455","station_name":"31-я школа"},{"station_id":"n367136313","station_name":"11-я школа"},{"station_id":"junc:30.22663:55.17840","station_name":""},{"station_id":"n678489005","station_name":"Універсітэт імя Машэрава"},{"station_id":"n306066170","station_name":"Вуліца Праўды"},{"station_id":"n482627177","station_name":"Авіяцыйная"},{"station_id":"n673997863","station_name":"Вуліца Смаленская"},{"station_id":"n2909853733","station_name":"Бальніца хуткай медыцынскай дапамогі"},{"station_id":"n1365399243","station_name":"Абласная інфекцыйная бальніца"},{"station_id":"n1263077898","station_name":"Прадпрыемства «Белвітуніфарм»"},{"station_id":"n2914502394","station_name":"Завод Эвістар"},{"station_id":"n1263077909","station_name":"Медыцынскі цэнтр «БІНА»"}]},{"route_id":"rm3823370","route_name":"Трамвай № 1","route_name_local":"Трамвай № 1","route_name_en":null,"route_ref":"1","route_color":"#ff0000","wikipedia":null,"osm_route_ids":[3823368,3823369],"status":null,"order_suspect":0,"span_suspect":0,"stations":[{"station_id":"n1854025979","station_name":"Вуліца Максіма Горкага"},{"station_id":"n674059880","station_name":"Вуліца 39-й Арміі"},{"station_id":"n2914672766","station_name":"ЦЭЦ"},{"station_id":"n674059891","station_name":"Цэнтральная клінічная бальніца"},{"station_id":"n2915101601","station_name":"Пралетарская плошча"},{"station_id":"n2914672921","station_name":"Вуліца Жлобінская"},{"station_id":"n338473220","station_name":"Жлобінскія Масты"},{"station_id":"n1870894272","station_name":"ГЦ «Карона»"},{"station_id":"n2917557456","station_name":"Вуліца Новаастровенская"},{"station_id":"n2476556640","station_name":"Бібліятэка імя Лынькова"},{"station_id":"n2915101744","station_name":"Мост імя Шмырова"},{"station_id":"n2915101785","station_name":"Праспект Чарняхоўскага"},{"station_id":"n338473360","station_name":"Гасцініца «Лучоса»"},{"station_id":"n482021668","station_name":"Каледж электратэхнікі"},{"station_id":"n338473376","station_name":"Victory Square"},{"station_id":"n674027540","station_name":"Магазін Юбілейны"},{"station_id":"n306066455","station_name":"31-я школа"},{"station_id":"n367136313","station_name":"11-я школа"},{"station_id":"junc:30.22663:55.17840","station_name":""},{"station_id":"n678489005","station_name":"Універсітэт імя Машэрава"},{"station_id":"n306066170","station_name":"Вуліца Праўды"},{"station_id":"n482627177","station_name":"Авіяцыйная"},{"station_id":"n673997863","station_name":"Вуліца Смаленская"},{"station_id":"n2124756765","station_name":"Вуліца Чапаева"},{"station_id":"n332647616","station_name":"Цэнтральны спартыўны комплес"},{"station_id":"n332647664","station_name":"ААТ «Чырвоны Кастрычнік»"},{"station_id":"n2124756733","station_name":"Смаленская плошча"}]},{"route_id":"rm3823520","route_name":"Трамвай № 2","route_name_local":"Трамвай № 2","route_name_en":null,"route_ref":"2","route_color":"#ff0000","wikipedia":null,"osm_route_ids":[3823518,3823519],"status":null,"order_suspect":0,"span_suspect":0,"stations":[{"station_id":"n2916265098","station_name":"Мікрараён «Нікраполле»"},{"station_id":"n2910128348","station_name":"Аварыйна-выратавальны атрад «Віцязь»"},{"station_id":"n332644433","station_name":"Вытворчае прадпрыемства «Віцязь»"},{"station_id":"n367138399","station_name":"Магазін «Вулкан»"},{"station_id":"n367138072","station_name":"Маскоўскі праспект"},{"station_id":"n1109616747","station_name":"Тэхналагічны універсітэт"},{"station_id":"n678489005","station_name":"Універсітэт імя Машэрава"},{"station_id":"junc:30.22663:55.17840","station_name":""},{"station_id":"n367136313","station_name":"11-я школа"},{"station_id":"n306066455","station_name":"31-я школа"},{"station_id":"n674027540","station_name":"Магазін Юбілейны"},{"station_id":"n338473376","station_name":"Victory Square"},{"station_id":"n2914594710","station_name":"Вуліца Дзімітрава"},{"station_id":"junc:n2914594710:n2914605695:n2917902508","station_name":""},{"station_id":"n2914605695","station_name":"Вуліца Герцэна"},{"station_id":"n2914605826","station_name":"Вуліца Акадэміка Паўлава"},{"station_id":"n2916432738","station_name":"Спарткомплекс «Камсамолец»"},{"station_id":"n2914594775","station_name":"Алейнаэкстракцыйны завод"},{"station_id":"n2915101197","station_name":"Завод трактарных запчастак"},{"station_id":"n2914672921","station_name":"Вуліца Жлобінская"},{"station_id":"n2915101601","station_name":"Пралетарская плошча"},{"station_id":"n674059891","station_name":"Цэнтральная клінічная бальніца"},{"station_id":"n2914672766","station_name":"ЦЭЦ"},{"station_id":"n674059880","station_name":"Вуліца 39-й Арміі"},{"station_id":"n1854025979","station_name":"Вуліца Максіма Горкага"}]},{"route_id":"rm3824316","route_name":"Трамвай № 8","route_name_local":"Трамвай № 8","route_name_en":null,"route_ref":"8","route_color":"#ff0000","wikipedia":null,"osm_route_ids":[3824313,3824314],"status":null,"order_suspect":0,"span_suspect":0,"stations":[{"station_id":"n2916265098","station_name":"Мікрараён «Нікраполле»"},{"station_id":"n2910128348","station_name":"Аварыйна-выратавальны атрад «Віцязь»"},{"station_id":"n332644433","station_name":"Вытворчае прадпрыемства «Віцязь»"},{"station_id":"n367138399","station_name":"Магазін «Вулкан»"},{"station_id":"n367138072","station_name":"Маскоўскі праспект"},{"station_id":"n1109616747","station_name":"Тэхналагічны універсітэт"},{"station_id":"n678489005","station_name":"Універсітэт імя Машэрава"},{"station_id":"junc:30.22663:55.17840","station_name":""},{"station_id":"n367136313","station_name":"11-я школа"},{"station_id":"n306066455","station_name":"31-я школа"},{"station_id":"n674027540","station_name":"Магазін Юбілейны"},{"station_id":"n338473376","station_name":"Victory Square"},{"station_id":"n2914594710","station_name":"Вуліца Дзімітрава"},{"station_id":"junc:n2914594710:n2914605695:n2917902508","station_name":""},{"station_id":"n2917902508","station_name":"Сквер Касманаўтаў"},{"station_id":"n2912485216","station_name":"Чыгуначны вакзал"},{"station_id":"n7713841201","station_name":"Полацкі рынак"},{"station_id":"n2917902503","station_name":"Гімназія № 4"},{"station_id":"n2917902515","station_name":"Вуліца 19-я Гарадоцкая"},{"station_id":"n2912485625","station_name":"Вуліца Заслонава"},{"station_id":"n2917902512","station_name":"Вуліца 14-я Полацкая"},{"station_id":"n343163892","station_name":"Мемарыяльны комплекс «5-ы полк»"}]}],"route_count":4,"route_refs":["7","1","2","8"],"route_colors":["#ff0000","#ff0000","#ff0000","#ff0000"],"city":"Vitebsk","country":"Belarus"},"geometry":{"type":"MultiLineString","coordinates":[[[30.20294253333333,55.182638033333326],[30.21015615,55.181491449999996],[30.2167122,55.18025985],[30.221712850000003,55.1793332],[30.2266297,55.1784042],[30.2286363,55.178387333333326]]]}},{"type":"Feature","properties":{"seg_id":"vitebsk-8","routes":[{"route_id":"rm3823035","route_name":"Трамвай № 7","route_name_local":"Трамвай № 7","route_name_en":null,"route_ref":"7","route_color":"#ff0000","wikipedia":null,"osm_route_ids":[3823033,3823034],"status":null,"order_suspect":0,"span_suspect":0,"stations":[{"station_id":"n1854025979","station_name":"Вуліца Максіма Горкага"},{"station_id":"n674059880","station_name":"Вуліца 39-й Арміі"},{"station_id":"n2914672766","station_name":"ЦЭЦ"},{"station_id":"n674059891","station_name":"Цэнтральная клінічная бальніца"},{"station_id":"n2915101601","station_name":"Пралетарская плошча"},{"station_id":"n2914672921","station_name":"Вуліца Жлобінская"},{"station_id":"n2915101197","station_name":"Завод трактарных запчастак"},{"station_id":"n2914594775","station_name":"Алейнаэкстракцыйны завод"},{"station_id":"n2916432738","station_name":"Спарткомплекс «Камсамолец»"},{"station_id":"n2914605826","station_name":"Вуліца Акадэміка Паўлава"},{"station_id":"n2914605695","station_name":"Вуліца Герцэна"},{"station_id":"junc:n2914594710:n2914605695:n2917902508","station_name":""},{"station_id":"n2914594710","station_name":"Вуліца Дзімітрава"},{"station_id":"n338473376","station_name":"Victory Square"},{"station_id":"n674027540","station_name":"Магазін Юбілейны"},{"station_id":"n306066455","station_name":"31-я школа"},{"station_id":"n367136313","station_name":"11-я школа"},{"station_id":"junc:30.22663:55.17840","station_name":""},{"station_id":"n678489005","station_name":"Універсітэт імя Машэрава"},{"station_id":"n306066170","station_name":"Вуліца Праўды"},{"station_id":"n482627177","station_name":"Авіяцыйная"},{"station_id":"n673997863","station_name":"Вуліца Смаленская"},{"station_id":"n2909853733","station_name":"Бальніца хуткай медыцынскай дапамогі"},{"station_id":"n1365399243","station_name":"Абласная інфекцыйная бальніца"},{"station_id":"n1263077898","station_name":"Прадпрыемства «Белвітуніфарм»"},{"station_id":"n2914502394","station_name":"Завод Эвістар"},{"station_id":"n1263077909","station_name":"Медыцынскі цэнтр «БІНА»"}]}],"route_count":1,"route_refs":["7"],"route_colors":["#ff0000"],"city":"Vitebsk","country":"Belarus"},"geometry":{"type":"MultiLineString","coordinates":[[[30.233695300000004,55.19378029999999],[30.240700325,55.194915525],[30.246730475000003,55.1954896],[30.252460900000003,55.19600575],[30.25633,55.19636045],[30.26252775,55.196937649999995]]]}},{"type":"Feature","properties":{"seg_id":"vitebsk-9","routes":[{"route_id":"rm3823370","route_name":"Трамвай № 1","route_name_local":"Трамвай № 1","route_name_en":null,"route_ref":"1","route_color":"#ff0000","wikipedia":null,"osm_route_ids":[3823368,3823369],"status":null,"order_suspect":0,"span_suspect":0,"stations":[{"station_id":"n1854025979","station_name":"Вуліца Максіма Горкага"},{"station_id":"n674059880","station_name":"Вуліца 39-й Арміі"},{"station_id":"n2914672766","station_name":"ЦЭЦ"},{"station_id":"n674059891","station_name":"Цэнтральная клінічная бальніца"},{"station_id":"n2915101601","station_name":"Пралетарская плошча"},{"station_id":"n2914672921","station_name":"Вуліца Жлобінская"},{"station_id":"n338473220","station_name":"Жлобінскія Масты"},{"station_id":"n1870894272","station_name":"ГЦ «Карона»"},{"station_id":"n2917557456","station_name":"Вуліца Новаастровенская"},{"station_id":"n2476556640","station_name":"Бібліятэка імя Лынькова"},{"station_id":"n2915101744","station_name":"Мост імя Шмырова"},{"station_id":"n2915101785","station_name":"Праспект Чарняхоўскага"},{"station_id":"n338473360","station_name":"Гасцініца «Лучоса»"},{"station_id":"n482021668","station_name":"Каледж электратэхнікі"},{"station_id":"n338473376","station_name":"Victory Square"},{"station_id":"n674027540","station_name":"Магазін Юбілейны"},{"station_id":"n306066455","station_name":"31-я школа"},{"station_id":"n367136313","station_name":"11-я школа"},{"station_id":"junc:30.22663:55.17840","station_name":""},{"station_id":"n678489005","station_name":"Універсітэт імя Машэрава"},{"station_id":"n306066170","station_name":"Вуліца Праўды"},{"station_id":"n482627177","station_name":"Авіяцыйная"},{"station_id":"n673997863","station_name":"Вуліца Смаленская"},{"station_id":"n2124756765","station_name":"Вуліца Чапаева"},{"station_id":"n332647616","station_name":"Цэнтральны спартыўны комплес"},{"station_id":"n332647664","station_name":"ААТ «Чырвоны Кастрычнік»"},{"station_id":"n2124756733","station_name":"Смаленская плошча"}]},{"route_id":"rm3824285","route_name":"Трамвай № 9","route_name_local":"Трамвай № 9","route_name_en":null,"route_ref":"9","route_color":"#ff0000","wikipedia":null,"osm_route_ids":[3824283,3824284],"status":null,"order_suspect":0,"span_suspect":0,"stations":[{"station_id":"n1854025979","station_name":"Вуліца Максіма Горкага"},{"station_id":"n674059880","station_name":"Вуліца 39-й Арміі"},{"station_id":"n2914672766","station_name":"ЦЭЦ"},{"station_id":"n674059891","station_name":"Цэнтральная клінічная бальніца"},{"station_id":"n2915101601","station_name":"Пралетарская плошча"},{"station_id":"n2914672921","station_name":"Вуліца Жлобінская"},{"station_id":"n338473220","station_name":"Жлобінскія Масты"},{"station_id":"n1870894272","station_name":"ГЦ «Карона»"},{"station_id":"n2917557456","station_name":"Вуліца Новаастровенская"},{"station_id":"n2476556640","station_name":"Бібліятэка імя Лынькова"},{"station_id":"n2915101744","station_name":"Мост імя Шмырова"},{"station_id":"n2915101785","station_name":"Праспект Чарняхоўскага"},{"station_id":"n338473360","station_name":"Гасцініца «Лучоса»"},{"station_id":"n482021668","station_name":"Каледж электратэхнікі"},{"station_id":"n338473376","station_name":"Victory Square"},{"station_id":"n2914594710","station_name":"Вуліца Дзімітрава"},{"station_id":"junc:n2914594710:n2914605695:n2917902508","station_name":""},{"station_id":"n2917902508","station_name":"Сквер Касманаўтаў"},{"station_id":"n2912485216","station_name":"Чыгуначны вакзал"},{"station_id":"n7713841201","station_name":"Полацкі рынак"},{"station_id":"n2917902503","station_name":"Гімназія № 4"},{"station_id":"n2917902515","station_name":"Вуліца 19-я Гарадоцкая"},{"station_id":"n2912485625","station_name":"Вуліца Заслонава"},{"station_id":"n2917902512","station_name":"Вуліца 14-я Полацкая"},{"station_id":"n343163892","station_name":"Мемарыяльны комплекс «5-ы полк»"}]}],"route_count":2,"route_refs":["1","9"],"route_colors":["#ff0000","#ff0000"],"city":"Vitebsk","country":"Belarus"},"geometry":{"type":"MultiLineString","coordinates":[[[30.155759125,55.1727658],[30.16639905,55.1709763],[30.16963245,55.16008485],[30.176015425,55.161379124999996],[30.185687025,55.16397385],[30.194617775000005,55.16644625],[30.19817635,55.17025735],[30.19949205,55.173612500000004],[30.201399775,55.178433549999994],[30.20294253333333,55.182638033333326]]]}},{"type":"Feature","properties":{"seg_id":"vitebsk-10","routes":[{"route_id":"rm3824263","route_name":"Трамвай № 6","route_name_local":"Трамвай № 6","route_name_en":null,"route_ref":"6","route_color":"#ff0000","wikipedia":null,"osm_route_ids":[3824261,3824262],"status":null,"order_suspect":0,"span_suspect":0,"stations":[{"station_id":"n1854025979","station_name":"Вуліца Максіма Горкага"},{"station_id":"n674059880","station_name":"Вуліца 39-й Арміі"},{"station_id":"n2914672766","station_name":"ЦЭЦ"},{"station_id":"n674059891","station_name":"Цэнтральная клінічная бальніца"},{"station_id":"n2915101601","station_name":"Пралетарская плошча"},{"station_id":"n2914672921","station_name":"Вуліца Жлобінская"},{"station_id":"n2915101197","station_name":"Завод трактарных запчастак"},{"station_id":"n2914594775","station_name":"Алейнаэкстракцыйны завод"},{"station_id":"n2916432738","station_name":"Спарткомплекс «Камсамолец»"},{"station_id":"n2914605826","station_name":"Вуліца Акадэміка Паўлава"},{"station_id":"n2914605695","station_name":"Вуліца Герцэна"},{"station_id":"junc:n2914594710:n2914605695:n2917902508","station_name":""},{"station_id":"n2917902508","station_name":"Сквер Касманаўтаў"},{"station_id":"n2912485216","station_name":"Чыгуначны вакзал"},{"station_id":"n7713841201","station_name":"Полацкі рынак"},{"station_id":"n2917902503","station_name":"Гімназія № 4"},{"station_id":"n2917902515","station_name":"Вуліца 19-я Гарадоцкая"},{"station_id":"n2912485625","station_name":"Вуліца Заслонава"},{"station_id":"n2917902512","station_name":"Вуліца 14-я Полацкая"},{"station_id":"n343163892","station_name":"Мемарыяльны комплекс «5-ы полк»"}]}],"route_count":1,"route_refs":["6"],"route_colors":["#ff0000"],"city":"Vitebsk","country":"Belarus"},"geometry":{"type":"MultiLineString","coordinates":[[[30.189048074999995,55.183409825000005],[30.1887225,55.18575],[30.189650325000002,55.18934375]]]}},{"type":"Feature","properties":{"seg_id":"vitebsk-11","routes":[{"route_id":"rm3824263","route_name":"Трамвай № 6","route_name_local":"Трамвай № 6","route_name_en":null,"route_ref":"6","route_color":"#ff0000","wikipedia":null,"osm_route_ids":[3824261,3824262],"status":null,"order_suspect":0,"span_suspect":0,"stations":[{"station_id":"n1854025979","station_name":"Вуліца Максіма Горкага"},{"station_id":"n674059880","station_name":"Вуліца 39-й Арміі"},{"station_id":"n2914672766","station_name":"ЦЭЦ"},{"station_id":"n674059891","station_name":"Цэнтральная клінічная бальніца"},{"station_id":"n2915101601","station_name":"Пралетарская плошча"},{"station_id":"n2914672921","station_name":"Вуліца Жлобінская"},{"station_id":"n2915101197","station_name":"Завод трактарных запчастак"},{"station_id":"n2914594775","station_name":"Алейнаэкстракцыйны завод"},{"station_id":"n2916432738","station_name":"Спарткомплекс «Камсамолец»"},{"station_id":"n2914605826","station_name":"Вуліца Акадэміка Паўлава"},{"station_id":"n2914605695","station_name":"Вуліца Герцэна"},{"station_id":"junc:n2914594710:n2914605695:n2917902508","station_name":""},{"station_id":"n2917902508","station_name":"Сквер Касманаўтаў"},{"station_id":"n2912485216","station_name":"Чыгуначны вакзал"},{"station_id":"n7713841201","station_name":"Полацкі рынак"},{"station_id":"n2917902503","station_name":"Гімназія № 4"},{"station_id":"n2917902515","station_name":"Вуліца 19-я Гарадоцкая"},{"station_id":"n2912485625","station_name":"Вуліца Заслонава"},{"station_id":"n2917902512","station_name":"Вуліца 14-я Полацкая"},{"station_id":"n343163892","station_name":"Мемарыяльны комплекс «5-ы полк»"}]},{"route_id":"rm3824285","route_name":"Трамвай № 9","route_name_local":"Трамвай № 9","route_name_en":null,"route_ref":"9","route_color":"#ff0000","wikipedia":null,"osm_route_ids":[3824283,3824284],"status":null,"order_suspect":0,"span_suspect":0,"stations":[{"station_id":"n1854025979","station_name":"Вуліца Максіма Горкага"},{"station_id":"n674059880","station_name":"Вуліца 39-й Арміі"},{"station_id":"n2914672766","station_name":"ЦЭЦ"},{"station_id":"n674059891","station_name":"Цэнтральная клінічная бальніца"},{"station_id":"n2915101601","station_name":"Пралетарская плошча"},{"station_id":"n2914672921","station_name":"Вуліца Жлобінская"},{"station_id":"n338473220","station_name":"Жлобінскія Масты"},{"station_id":"n1870894272","station_name":"ГЦ «Карона»"},{"station_id":"n2917557456","station_name":"Вуліца Новаастровенская"},{"station_id":"n2476556640","station_name":"Бібліятэка імя Лынькова"},{"station_id":"n2915101744","station_name":"Мост імя Шмырова"},{"station_id":"n2915101785","station_name":"Праспект Чарняхоўскага"},{"station_id":"n338473360","station_name":"Гасцініца «Лучоса»"},{"station_id":"n482021668","station_name":"Каледж электратэхнікі"},{"station_id":"n338473376","station_name":"Victory Square"},{"station_id":"n2914594710","station_name":"Вуліца Дзімітрава"},{"station_id":"junc:n2914594710:n2914605695:n2917902508","station_name":""},{"station_id":"n2917902508","station_name":"Сквер Касманаўтаў"},{"station_id":"n2912485216","station_name":"Чыгуначны вакзал"},{"station_id":"n7713841201","station_name":"Полацкі рынак"},{"station_id":"n2917902503","station_name":"Гімназія № 4"},{"station_id":"n2917902515","station_name":"Вуліца 19-я Гарадоцкая"},{"station_id":"n2912485625","station_name":"Вуліца Заслонава"},{"station_id":"n2917902512","station_name":"Вуліца 14-я Полацкая"},{"station_id":"n343163892","station_name":"Мемарыяльны комплекс «5-ы полк»"}]},{"route_id":"rm3824316","route_name":"Трамвай № 8","route_name_local":"Трамвай № 8","route_name_en":null,"route_ref":"8","route_color":"#ff0000","wikipedia":null,"osm_route_ids":[3824313,3824314],"status":null,"order_suspect":0,"span_suspect":0,"stations":[{"station_id":"n2916265098","station_name":"Мікрараён «Нікраполле»"},{"station_id":"n2910128348","station_name":"Аварыйна-выратавальны атрад «Віцязь»"},{"station_id":"n332644433","station_name":"Вытворчае прадпрыемства «Віцязь»"},{"station_id":"n367138399","station_name":"Магазін «Вулкан»"},{"station_id":"n367138072","station_name":"Маскоўскі праспект"},{"station_id":"n1109616747","station_name":"Тэхналагічны універсітэт"},{"station_id":"n678489005","station_name":"Універсітэт імя Машэрава"},{"station_id":"junc:30.22663:55.17840","station_name":""},{"station_id":"n367136313","station_name":"11-я школа"},{"station_id":"n306066455","station_name":"31-я школа"},{"station_id":"n674027540","station_name":"Магазін Юбілейны"},{"station_id":"n338473376","station_name":"Victory Square"},{"station_id":"n2914594710","station_name":"Вуліца Дзімітрава"},{"station_id":"junc:n2914594710:n2914605695:n2917902508","station_name":""},{"station_id":"n2917902508","station_name":"Сквер Касманаўтаў"},{"station_id":"n2912485216","station_name":"Чыгуначны вакзал"},{"station_id":"n7713841201","station_name":"Полацкі рынак"},{"station_id":"n2917902503","station_name":"Гімназія № 4"},{"station_id":"n2917902515","station_name":"Вуліца 19-я Гарадоцкая"},{"station_id":"n2912485625","station_name":"Вуліца Заслонава"},{"station_id":"n2917902512","station_name":"Вуліца 14-я Полацкая"},{"station_id":"n343163892","station_name":"Мемарыяльны комплекс «5-ы полк»"}]}],"route_count":3,"route_refs":["6","9","8"],"route_colors":["#ff0000","#ff0000","#ff0000"],"city":"Vitebsk","country":"Belarus"},"geometry":{"type":"MultiLineString","coordinates":[[[30.189650325000002,55.18934375],[30.188021550000002,55.1946296],[30.17982955,55.198782949999995],[30.17173366666667,55.198717433333336],[30.16619795,55.1985169],[30.158301166666664,55.19770543333333],[30.1526516,55.1965734],[30.14341726666667,55.19413933333334]]]}},{"type":"Feature","properties":{"seg_id":"vitebsk-12","routes":[{"route_id":"rm3824285","route_name":"Трамвай № 9","route_name_local":"Трамвай № 9","route_name_en":null,"route_ref":"9","route_color":"#ff0000","wikipedia":null,"osm_route_ids":[3824283,3824284],"status":null,"order_suspect":0,"span_suspect":0,"stations":[{"station_id":"n1854025979","station_name":"Вуліца Максіма Горкага"},{"station_id":"n674059880","station_name":"Вуліца 39-й Арміі"},{"station_id":"n2914672766","station_name":"ЦЭЦ"},{"station_id":"n674059891","station_name":"Цэнтральная клінічная бальніца"},{"station_id":"n2915101601","station_name":"Пралетарская плошча"},{"station_id":"n2914672921","station_name":"Вуліца Жлобінская"},{"station_id":"n338473220","station_name":"Жлобінскія Масты"},{"station_id":"n1870894272","station_name":"ГЦ «Карона»"},{"station_id":"n2917557456","station_name":"Вуліца Новаастровенская"},{"station_id":"n2476556640","station_name":"Бібліятэка імя Лынькова"},{"station_id":"n2915101744","station_name":"Мост імя Шмырова"},{"station_id":"n2915101785","station_name":"Праспект Чарняхоўскага"},{"station_id":"n338473360","station_name":"Гасцініца «Лучоса»"},{"station_id":"n482021668","station_name":"Каледж электратэхнікі"},{"station_id":"n338473376","station_name":"Victory Square"},{"station_id":"n2914594710","station_name":"Вуліца Дзімітрава"},{"station_id":"junc:n2914594710:n2914605695:n2917902508","station_name":""},{"station_id":"n2917902508","station_name":"Сквер Касманаўтаў"},{"station_id":"n2912485216","station_name":"Чыгуначны вакзал"},{"station_id":"n7713841201","station_name":"Полацкі рынак"},{"station_id":"n2917902503","station_name":"Гімназія № 4"},{"station_id":"n2917902515","station_name":"Вуліца 19-я Гарадоцкая"},{"station_id":"n2912485625","station_name":"Вуліца Заслонава"},{"station_id":"n2917902512","station_name":"Вуліца 14-я Полацкая"},{"station_id":"n343163892","station_name":"Мемарыяльны комплекс «5-ы полк»"}]},{"route_id":"rm3824316","route_name":"Трамвай № 8","route_name_local":"Трамвай № 8","route_name_en":null,"route_ref":"8","route_color":"#ff0000","wikipedia":null,"osm_route_ids":[3824313,3824314],"status":null,"order_suspect":0,"span_suspect":0,"stations":[{"station_id":"n2916265098","station_name":"Мікрараён «Нікраполле»"},{"station_id":"n2910128348","station_name":"Аварыйна-выратавальны атрад «Віцязь»"},{"station_id":"n332644433","station_name":"Вытворчае прадпрыемства «Віцязь»"},{"station_id":"n367138399","station_name":"Магазін «Вулкан»"},{"station_id":"n367138072","station_name":"Маскоўскі праспект"},{"station_id":"n1109616747","station_name":"Тэхналагічны універсітэт"},{"station_id":"n678489005","station_name":"Універсітэт імя Машэрава"},{"station_id":"junc:30.22663:55.17840","station_name":""},{"station_id":"n367136313","station_name":"11-я школа"},{"station_id":"n306066455","station_name":"31-я школа"},{"station_id":"n674027540","station_name":"Магазін Юбілейны"},{"station_id":"n338473376","station_name":"Victory Square"},{"station_id":"n2914594710","station_name":"Вуліца Дзімітрава"},{"station_id":"junc:n2914594710:n2914605695:n2917902508","station_name":""},{"station_id":"n2917902508","station_name":"Сквер Касманаўтаў"},{"station_id":"n2912485216","station_name":"Чыгуначны вакзал"},{"station_id":"n7713841201","station_name":"Полацкі рынак"},{"station_id":"n2917902503","station_name":"Гімназія № 4"},{"station_id":"n2917902515","station_name":"Вуліца 19-я Гарадоцкая"},{"station_id":"n2912485625","station_name":"Вуліца Заслонава"},{"station_id":"n2917902512","station_name":"Вуліца 14-я Полацкая"},{"station_id":"n343163892","station_name":"Мемарыяльны комплекс «5-ы полк»"}]}],"route_count":2,"route_refs":["9","8"],"route_colors":["#ff0000","#ff0000"],"city":"Vitebsk","country":"Belarus"},"geometry":{"type":"MultiLineString","coordinates":[[[30.19007615,55.18528875],[30.1887225,55.18575],[30.189650325000002,55.18934375]]]}},{"type":"Feature","properties":{"station_id":"n306066170","station_name":"Вуліца Праўды","station_name_local":"Вуліца Праўды","station_name_en":null,"city":"Vitebsk","country":"Belarus","lines":["1","3","7"],"wikipedia":null,"merged_from":2,"merged_names":null,"is_terminus":false,"routes":[{"ref":"1","name":"Трамвай № 1","route_color":"#ff0000"},{"ref":"3","name":"Трамвай № 3","route_color":"#ff0000"},{"ref":"7","name":"Трамвай № 7","route_color":"#ff0000"}],"pass_count":3,"station_degree":2,"codes":null,"is_interchange":false,"station_role":"normal"},"geometry":{"type":"Point","coordinates":[30.231052249999998,55.1844226]},"__memberLines":{}},{"type":"Feature","properties":{"station_id":"n306066455","station_name":"31-я школа","station_name_local":"31-я школа","station_name_en":null,"city":"Vitebsk","country":"Belarus","lines":["1","2","7","8"],"wikipedia":null,"merged_from":2,"merged_names":null,"is_terminus":false,"routes":[{"ref":"1","name":"Трамвай № 1","route_color":"#ff0000"},{"ref":"2","name":"Трамвай № 2","route_color":"#ff0000"},{"ref":"7","name":"Трамвай № 7","route_color":"#ff0000"},{"ref":"8","name":"Трамвай № 8","route_color":"#ff0000"}],"pass_count":4,"station_degree":2,"codes":null,"is_interchange":false,"station_role":"normal"},"geometry":{"type":"Point","coordinates":[30.2167122,55.18025985]},"__memberLines":{}},{"type":"Feature","properties":{"station_id":"n332644433","station_name":"Вытворчае прадпрыемства «Віцязь»","station_name_local":"Вытворчае прадпрыемства «Віцязь»","station_name_en":null,"city":"Vitebsk","country":"Belarus","lines":["2","3","8"],"wikipedia":null,"merged_from":2,"merged_names":null,"is_terminus":false,"routes":[{"ref":"2","name":"Трамвай № 2","route_color":"#ff0000"},{"ref":"3","name":"Трамвай № 3","route_color":"#ff0000"},{"ref":"8","name":"Трамвай № 8","route_color":"#ff0000"}],"pass_count":3,"station_degree":2,"codes":null,"is_interchange":false,"station_role":"normal"},"geometry":{"type":"Point","coordinates":[30.241440400000002,55.167631650000004]},"__memberLines":{}},{"type":"Feature","properties":{"station_id":"n332647616","station_name":"Цэнтральны спартыўны комплес","station_name_local":"Цэнтральны спартыўны комплес","station_name_en":null,"city":"Vitebsk","country":"Belarus","lines":["1","3"],"wikipedia":null,"merged_from":2,"merged_names":null,"is_terminus":false,"routes":[{"ref":"1","name":"Трамвай № 1","route_color":"#ff0000"},{"ref":"3","name":"Трамвай № 3","route_color":"#ff0000"}],"pass_count":2,"station_degree":2,"codes":null,"is_interchange":false,"station_role":"normal"},"geometry":{"type":"Point","coordinates":[30.226537200000003,55.196907949999996]},"__memberLines":{}},{"type":"Feature","properties":{"station_id":"n332647664","station_name":"ААТ «Чырвоны Кастрычнік»","station_name_local":"ААТ «Чырвоны Кастрычнік»","station_name_en":null,"city":"Vitebsk","country":"Belarus","lines":["1","3"],"wikipedia":null,"merged_from":2,"merged_names":null,"is_terminus":false,"routes":[{"ref":"1","name":"Трамвай № 1","route_color":"#ff0000"},{"ref":"3","name":"Трамвай № 3","route_color":"#ff0000"}],"pass_count":2,"station_degree":2,"codes":null,"is_interchange":false,"station_role":"normal"},"geometry":{"type":"Point","coordinates":[30.2195588,55.202527200000006]},"__memberLines":{}},{"type":"Feature","properties":{"station_id":"n2916432738","station_name":"Спарткомплекс «Камсамолец»","station_name_local":"Спарткомплекс «Камсамолец»","station_name_en":null,"city":"Vitebsk","country":"Belarus","lines":["2","6","7"],"wikipedia":null,"merged_from":4,"merged_names":null,"is_terminus":false,"routes":[{"ref":"2","name":"Трамвай № 2","route_color":"#ff0000"},{"ref":"6","name":"Трамвай № 6","route_color":"#ff0000"},{"ref":"7","name":"Трамвай № 7","route_color":"#ff0000"}],"pass_count":3,"station_degree":2,"codes":null,"is_interchange":false,"station_role":"normal"},"geometry":{"type":"Point","coordinates":[30.1783095,55.177383725]},"__memberLines":{}},{"type":"Feature","properties":{"station_id":"n2915101197","station_name":"Завод трактарных запчастак","station_name_local":"Завод трактарных запчастак","station_name_en":null,"city":"Vitebsk","country":"Belarus","lines":["2","6","7"],"wikipedia":null,"merged_from":4,"merged_names":null,"is_terminus":false,"routes":[{"ref":"2","name":"Трамвай № 2","route_color":"#ff0000"},{"ref":"6","name":"Трамвай № 6","route_color":"#ff0000"},{"ref":"7","name":"Трамвай № 7","route_color":"#ff0000"}],"pass_count":3,"station_degree":2,"codes":null,"is_interchange":false,"station_role":"normal"},"geometry":{"type":"Point","coordinates":[30.16975645,55.17344635]},"__memberLines":{}},{"type":"Feature","properties":{"station_id":"n338473220","station_name":"Жлобінскія Масты","station_name_local":"Жлобінскія Масты","station_name_en":null,"city":"Vitebsk","country":"Belarus","lines":["1","9"],"wikipedia":null,"merged_from":2,"merged_names":null,"is_terminus":false,"routes":[{"ref":"1","name":"Трамвай № 1","route_color":"#ff0000"},{"ref":"9","name":"Трамвай № 9","route_color":"#ff0000"}],"pass_count":2,"station_degree":2,"codes":null,"is_interchange":false,"station_role":"normal"},"geometry":{"type":"Point","coordinates":[30.16639905,55.1709763]},"__memberLines":{}},{"type":"Feature","properties":{"station_id":"n338473360","station_name":"Гасцініца «Лучоса»","station_name_local":"Гасцініца «Лучоса»","station_name_en":null,"city":"Vitebsk","country":"Belarus","lines":["1","9"],"wikipedia":null,"merged_from":2,"merged_names":null,"is_terminus":false,"routes":[{"ref":"1","name":"Трамвай № 1","route_color":"#ff0000"},{"ref":"9","name":"Трамвай № 9","route_color":"#ff0000"}],"pass_count":2,"station_degree":2,"codes":null,"is_interchange":false,"station_role":"normal"},"geometry":{"type":"Point","coordinates":[30.19949205,55.173612500000004]},"__memberLines":{}},{"type":"Feature","properties":{"station_id":"n338473376","station_name":"Victory Square","station_name_local":"Плошча Перамогі","station_name_en":"Victory Square","city":"Vitebsk","country":"Belarus","lines":["1","2","7","8","9"],"wikipedia":null,"merged_from":3,"merged_names":null,"is_terminus":false,"routes":[{"ref":"1","name":"Трамвай № 1","route_color":"#ff0000"},{"ref":"2","name":"Трамвай № 2","route_color":"#ff0000"},{"ref":"7","name":"Трамвай № 7","route_color":"#ff0000"},{"ref":"8","name":"Трамвай № 8","route_color":"#ff0000"},{"ref":"9","name":"Трамвай № 9","route_color":"#ff0000"}],"pass_count":5,"station_degree":3,"codes":null,"is_interchange":true,"station_role":"interchange"},"geometry":{"type":"Point","coordinates":[30.20294253333333,55.182638033333326]},"__memberLines":{}},{"type":"Feature","properties":{"station_id":"n343163892","station_name":"Мемарыяльны комплекс «5-ы полк»","station_name_local":"Мемарыяльны комплекс «5-ы полк»","station_name_en":null,"city":"Vitebsk","country":"Belarus","lines":["6","8","9"],"wikipedia":null,"merged_from":3,"merged_names":null,"is_terminus":true,"routes":[{"ref":"6","name":"Трамвай № 6","route_color":"#ff0000"},{"ref":"8","name":"Трамвай № 8","route_color":"#ff0000"},{"ref":"9","name":"Трамвай № 9","route_color":"#ff0000"}],"pass_count":3,"station_degree":1,"codes":null,"is_interchange":false,"station_role":"terminus"},"geometry":{"type":"Point","coordinates":[30.14341726666667,55.19413933333334]},"__memberLines":{}},{"type":"Feature","properties":{"station_id":"n367136313","station_name":"11-я школа","station_name_local":"11-я школа","station_name_en":null,"city":"Vitebsk","country":"Belarus","lines":["1","2","7","8"],"wikipedia":null,"merged_from":2,"merged_names":null,"is_terminus":false,"routes":[{"ref":"1","name":"Трамвай № 1","route_color":"#ff0000"},{"ref":"2","name":"Трамвай № 2","route_color":"#ff0000"},{"ref":"7","name":"Трамвай № 7","route_color":"#ff0000"},{"ref":"8","name":"Трамвай № 8","route_color":"#ff0000"}],"pass_count":4,"station_degree":2,"codes":null,"is_interchange":false,"station_role":"normal"},"geometry":{"type":"Point","coordinates":[30.221712850000003,55.1793332]},"__memberLines":{}},{"type":"Feature","properties":{"station_id":"n367138072","station_name":"Маскоўскі праспект","station_name_local":"Маскоўскі праспект","station_name_en":null,"city":"Vitebsk","country":"Belarus","lines":["2","3","8"],"wikipedia":null,"merged_from":2,"merged_names":null,"is_terminus":false,"routes":[{"ref":"2","name":"Трамвай № 2","route_color":"#ff0000"},{"ref":"3","name":"Трамвай № 3","route_color":"#ff0000"},{"ref":"8","name":"Трамвай № 8","route_color":"#ff0000"}],"pass_count":3,"station_degree":2,"codes":null,"is_interchange":false,"station_role":"normal"},"geometry":{"type":"Point","coordinates":[30.244046150000003,55.1757338]},"__memberLines":{}},{"type":"Feature","properties":{"station_id":"n367138399","station_name":"Магазін «Вулкан»","station_name_local":"Магазін «Вулкан»","station_name_en":null,"city":"Vitebsk","country":"Belarus","lines":["2","3","8"],"wikipedia":null,"merged_from":2,"merged_names":null,"is_terminus":false,"routes":[{"ref":"2","name":"Трамвай № 2","route_color":"#ff0000"},{"ref":"3","name":"Трамвай № 3","route_color":"#ff0000"},{"ref":"8","name":"Трамвай № 8","route_color":"#ff0000"}],"pass_count":3,"station_degree":2,"codes":null,"is_interchange":false,"station_role":"normal"},"geometry":{"type":"Point","coordinates":[30.243542750000003,55.17289215]},"__memberLines":{}},{"type":"Feature","properties":{"station_id":"n482021668","station_name":"Каледж электратэхнікі","station_name_local":"Каледж электратэхнікі","station_name_en":null,"city":"Vitebsk","country":"Belarus","lines":["1","9"],"wikipedia":null,"merged_from":4,"merged_names":null,"is_terminus":false,"routes":[{"ref":"1","name":"Трамвай № 1","route_color":"#ff0000"},{"ref":"9","name":"Трамвай № 9","route_color":"#ff0000"}],"pass_count":2,"station_degree":2,"codes":null,"is_interchange":false,"station_role":"normal"},"geometry":{"type":"Point","coordinates":[30.201399775,55.178433549999994]},"__memberLines":{}},{"type":"Feature","properties":{"station_id":"n482627177","station_name":"Авіяцыйная","station_name_local":"Авіяцыйная","station_name_en":null,"city":"Vitebsk","country":"Belarus","lines":["1","3","7"],"wikipedia":null,"merged_from":3,"merged_names":null,"is_terminus":false,"routes":[{"ref":"1","name":"Трамвай № 1","route_color":"#ff0000"},{"ref":"3","name":"Трамвай № 3","route_color":"#ff0000"},{"ref":"7","name":"Трамвай № 7","route_color":"#ff0000"}],"pass_count":3,"station_degree":2,"codes":null,"is_interchange":false,"station_role":"normal"},"geometry":{"type":"Point","coordinates":[30.23274363333333,55.18852743333333]},"__memberLines":{}},{"type":"Feature","properties":{"station_id":"n673997863","station_name":"Вуліца Смаленская","station_name_local":"Вуліца Смаленская","station_name_en":null,"city":"Vitebsk","country":"Belarus","lines":["1","3","7"],"wikipedia":null,"merged_from":3,"merged_names":null,"is_terminus":false,"routes":[{"ref":"1","name":"Трамвай № 1","route_color":"#ff0000"},{"ref":"3","name":"Трамвай № 3","route_color":"#ff0000"},{"ref":"7","name":"Трамвай № 7","route_color":"#ff0000"}],"pass_count":3,"station_degree":3,"codes":null,"is_interchange":true,"station_role":"interchange"},"geometry":{"type":"Point","coordinates":[30.233695300000004,55.19378029999999]},"__memberLines":{}},{"type":"Feature","properties":{"station_id":"n674027540","station_name":"Магазін Юбілейны","station_name_local":"Магазін Юбілейны","station_name_en":null,"city":"Vitebsk","country":"Belarus","lines":["1","2","7","8"],"wikipedia":null,"merged_from":2,"merged_names":null,"is_terminus":false,"routes":[{"ref":"1","name":"Трамвай № 1","route_color":"#ff0000"},{"ref":"2","name":"Трамвай № 2","route_color":"#ff0000"},{"ref":"7","name":"Трамвай № 7","route_color":"#ff0000"},{"ref":"8","name":"Трамвай № 8","route_color":"#ff0000"}],"pass_count":4,"station_degree":2,"codes":null,"is_interchange":false,"station_role":"normal"},"geometry":{"type":"Point","coordinates":[30.21015615,55.181491449999996]},"__memberLines":{}},{"type":"Feature","properties":{"station_id":"n674059880","station_name":"Вуліца 39-й Арміі","station_name_local":"Вуліца 39-й Арміі","station_name_en":null,"city":"Vitebsk","country":"Belarus","lines":["1","2","6","7","9"],"wikipedia":null,"merged_from":4,"merged_names":null,"is_terminus":false,"routes":[{"ref":"1","name":"Трамвай № 1","route_color":"#ff0000"},{"ref":"2","name":"Трамвай № 2","route_color":"#ff0000"},{"ref":"6","name":"Трамвай № 6","route_color":"#ff0000"},{"ref":"7","name":"Трамвай № 7","route_color":"#ff0000"},{"ref":"9","name":"Трамвай № 9","route_color":"#ff0000"}],"pass_count":5,"station_degree":2,"codes":null,"is_interchange":false,"station_role":"normal"},"geometry":{"type":"Point","coordinates":[30.1298851,55.167608425000005]},"__memberLines":{}},{"type":"Feature","properties":{"station_id":"n674059891","station_name":"Цэнтральная клінічная бальніца","station_name_local":"Цэнтральная клінічная бальніца","station_name_en":null,"city":"Vitebsk","country":"Belarus","lines":["1","2","6","7","9"],"wikipedia":null,"merged_from":4,"merged_names":null,"is_terminus":false,"routes":[{"ref":"1","name":"Трамвай № 1","route_color":"#ff0000"},{"ref":"2","name":"Трамвай № 2","route_color":"#ff0000"},{"ref":"6","name":"Трамвай № 6","route_color":"#ff0000"},{"ref":"7","name":"Трамвай № 7","route_color":"#ff0000"},{"ref":"9","name":"Трамвай № 9","route_color":"#ff0000"}],"pass_count":5,"station_degree":2,"codes":null,"is_interchange":false,"station_role":"normal"},"geometry":{"type":"Point","coordinates":[30.141923325,55.171805525]},"__memberLines":{}},{"type":"Feature","properties":{"station_id":"n678489005","station_name":"Універсітэт імя Машэрава","station_name_local":"Універсітэт імя Машэрава","station_name_en":null,"city":"Vitebsk","country":"Belarus","lines":["1","2","3","7","8"],"wikipedia":null,"merged_from":3,"merged_names":null,"is_terminus":false,"routes":[{"ref":"1","name":"Трамвай № 1","route_color":"#ff0000"},{"ref":"2","name":"Трамвай № 2","route_color":"#ff0000"},{"ref":"3","name":"Трамвай № 3","route_color":"#ff0000"},{"ref":"7","name":"Трамвай № 7","route_color":"#ff0000"},{"ref":"8","name":"Трамвай № 8","route_color":"#ff0000"}],"pass_count":5,"station_degree":3,"codes":null,"is_interchange":true,"station_role":"interchange"},"geometry":{"type":"Point","coordinates":[30.2286363,55.178387333333326]},"__memberLines":{}},{"type":"Feature","properties":{"station_id":"n2915101601","station_name":"Пралетарская плошча","station_name_local":"Пралетарская плошча","station_name_en":null,"city":"Vitebsk","country":"Belarus","lines":["1","2","6","7","9"],"wikipedia":null,"merged_from":4,"merged_names":null,"is_terminus":false,"routes":[{"ref":"1","name":"Трамвай № 1","route_color":"#ff0000"},{"ref":"2","name":"Трамвай № 2","route_color":"#ff0000"},{"ref":"6","name":"Трамвай № 6","route_color":"#ff0000"},{"ref":"7","name":"Трамвай № 7","route_color":"#ff0000"},{"ref":"9","name":"Трамвай № 9","route_color":"#ff0000"}],"pass_count":5,"station_degree":2,"codes":null,"is_interchange":false,"station_role":"normal"},"geometry":{"type":"Point","coordinates":[30.152157399999997,55.17314055]},"__memberLines":{}},{"type":"Feature","properties":{"station_id":"n2914672766","station_name":"ЦЭЦ","station_name_local":"ЦЭЦ","station_name_en":null,"city":"Vitebsk","country":"Belarus","lines":["1","2","6","7","9"],"wikipedia":null,"merged_from":4,"merged_names":null,"is_terminus":false,"routes":[{"ref":"1","name":"Трамвай № 1","route_color":"#ff0000"},{"ref":"2","name":"Трамвай № 2","route_color":"#ff0000"},{"ref":"6","name":"Трамвай № 6","route_color":"#ff0000"},{"ref":"7","name":"Трамвай № 7","route_color":"#ff0000"},{"ref":"9","name":"Трамвай № 9","route_color":"#ff0000"}],"pass_count":5,"station_degree":2,"codes":null,"is_interchange":false,"station_role":"normal"},"geometry":{"type":"Point","coordinates":[30.136600150000003,55.169977125]},"__memberLines":{}},{"type":"Feature","properties":{"station_id":"n2914605826","station_name":"Вуліца Акадэміка Паўлава","station_name_local":"Вуліца Акадэміка Паўлава","station_name_en":null,"city":"Vitebsk","country":"Belarus","lines":["2","6","7"],"wikipedia":null,"merged_from":4,"merged_names":null,"is_terminus":false,"routes":[{"ref":"2","name":"Трамвай № 2","route_color":"#ff0000"},{"ref":"6","name":"Трамвай № 6","route_color":"#ff0000"},{"ref":"7","name":"Трамвай № 7","route_color":"#ff0000"}],"pass_count":3,"station_degree":2,"codes":null,"is_interchange":false,"station_role":"normal"},"geometry":{"type":"Point","coordinates":[30.189808675,55.179239349999996]},"__memberLines":{}},{"type":"Feature","properties":{"station_id":"n1109616747","station_name":"Тэхналагічны універсітэт","station_name_local":"Тэхналагічны універсітэт","station_name_en":null,"city":"Vitebsk","country":"Belarus","lines":["2","3","8"],"wikipedia":null,"merged_from":2,"merged_names":null,"is_terminus":false,"routes":[{"ref":"2","name":"Трамвай № 2","route_color":"#ff0000"},{"ref":"3","name":"Трамвай № 3","route_color":"#ff0000"},{"ref":"8","name":"Трамвай № 8","route_color":"#ff0000"}],"pass_count":3,"station_degree":2,"codes":null,"is_interchange":false,"station_role":"normal"},"geometry":{"type":"Point","coordinates":[30.23677685,55.17705925]},"__memberLines":{}},{"type":"Feature","properties":{"station_id":"n1263077898","station_name":"Прадпрыемства «Белвітуніфарм»","station_name_local":"Прадпрыемства «Белвітуніфарм»","station_name_en":null,"city":"Vitebsk","country":"Belarus","lines":["7"],"wikipedia":null,"merged_from":2,"merged_names":null,"is_terminus":false,"routes":[{"ref":"7","name":"Трамвай № 7","route_color":"#ff0000"}],"pass_count":1,"station_degree":2,"codes":null,"is_interchange":false,"station_role":"normal"},"geometry":{"type":"Point","coordinates":[30.252460900000003,55.19600575]},"__memberLines":{}},{"type":"Feature","properties":{"station_id":"n1263077909","station_name":"Медыцынскі цэнтр «БІНА»","station_name_local":"Медыцынскі цэнтр «БІНА»","station_name_en":null,"city":"Vitebsk","country":"Belarus","lines":["7"],"wikipedia":null,"merged_from":2,"merged_names":null,"is_terminus":true,"routes":[{"ref":"7","name":"Трамвай № 7","route_color":"#ff0000"}],"pass_count":1,"station_degree":1,"codes":null,"is_interchange":false,"station_role":"terminus"},"geometry":{"type":"Point","coordinates":[30.26252775,55.196937649999995]},"__memberLines":{}},{"type":"Feature","properties":{"station_id":"n1365399243","station_name":"Абласная інфекцыйная бальніца","station_name_local":"Абласная інфекцыйная бальніца","station_name_en":null,"city":"Vitebsk","country":"Belarus","lines":["7"],"wikipedia":null,"merged_from":4,"merged_names":null,"is_terminus":false,"routes":[{"ref":"7","name":"Трамвай № 7","route_color":"#ff0000"}],"pass_count":1,"station_degree":2,"codes":null,"is_interchange":false,"station_role":"normal"},"geometry":{"type":"Point","coordinates":[30.246730475000003,55.1954896]},"__memberLines":{}},{"type":"Feature","properties":{"station_id":"n2914672921","station_name":"Вуліца Жлобінская","station_name_local":"Вуліца Жлобінская","station_name_en":null,"city":"Vitebsk","country":"Belarus","lines":["1","2","6","7","9"],"wikipedia":null,"merged_from":4,"merged_names":null,"is_terminus":false,"routes":[{"ref":"1","name":"Трамвай № 1","route_color":"#ff0000"},{"ref":"2","name":"Трамвай № 2","route_color":"#ff0000"},{"ref":"6","name":"Трамвай № 6","route_color":"#ff0000"},{"ref":"7","name":"Трамвай № 7","route_color":"#ff0000"},{"ref":"9","name":"Трамвай № 9","route_color":"#ff0000"}],"pass_count":5,"station_degree":3,"codes":null,"is_interchange":true,"station_role":"interchange"},"geometry":{"type":"Point","coordinates":[30.155759125,55.1727658]},"__memberLines":{}},{"type":"Feature","properties":{"station_id":"n1854025979","station_name":"Вуліца Максіма Горкага","station_name_local":"Вуліца Максіма Горкага","station_name_en":null,"city":"Vitebsk","country":"Belarus","lines":["1","2","6","7","9"],"wikipedia":null,"merged_from":4,"merged_names":null,"is_terminus":true,"routes":[{"ref":"1","name":"Трамвай № 1","route_color":"#ff0000"},{"ref":"2","name":"Трамвай № 2","route_color":"#ff0000"},{"ref":"6","name":"Трамвай № 6","route_color":"#ff0000"},{"ref":"7","name":"Трамвай № 7","route_color":"#ff0000"},{"ref":"9","name":"Трамвай № 9","route_color":"#ff0000"}],"pass_count":5,"station_degree":1,"codes":null,"is_interchange":false,"station_role":"terminus"},"geometry":{"type":"Point","coordinates":[30.123834900000002,55.1654531]},"__memberLines":{}},{"type":"Feature","properties":{"station_id":"n1870894272","station_name":"ГЦ «Карона»","station_name_local":"ГЦ «Карона»","station_name_en":null,"city":"Vitebsk","country":"Belarus","lines":["1","9"],"wikipedia":null,"merged_from":4,"merged_names":null,"is_terminus":false,"routes":[{"ref":"1","name":"Трамвай № 1","route_color":"#ff0000"},{"ref":"9","name":"Трамвай № 9","route_color":"#ff0000"}],"pass_count":2,"station_degree":2,"codes":null,"is_interchange":false,"station_role":"normal"},"geometry":{"type":"Point","coordinates":[30.16963245,55.16008485]},"__memberLines":{}},{"type":"Feature","properties":{"station_id":"n2124756733","station_name":"Смаленская плошча","station_name_local":"Смаленская плошча","station_name_en":null,"city":"Vitebsk","country":"Belarus","lines":["1","3"],"wikipedia":null,"merged_from":2,"merged_names":null,"is_terminus":true,"routes":[{"ref":"1","name":"Трамвай № 1","route_color":"#ff0000"},{"ref":"3","name":"Трамвай № 3","route_color":"#ff0000"}],"pass_count":2,"station_degree":1,"codes":null,"is_interchange":false,"station_role":"terminus"},"geometry":{"type":"Point","coordinates":[30.21484415,55.204493549999995]},"__memberLines":{}},{"type":"Feature","properties":{"station_id":"n2124756765","station_name":"Вуліца Чапаева","station_name_local":"Вуліца Чапаева","station_name_en":null,"city":"Vitebsk","country":"Belarus","lines":["1","3"],"wikipedia":null,"merged_from":2,"merged_names":null,"is_terminus":false,"routes":[{"ref":"1","name":"Трамвай № 1","route_color":"#ff0000"},{"ref":"3","name":"Трамвай № 3","route_color":"#ff0000"}],"pass_count":2,"station_degree":2,"codes":null,"is_interchange":false,"station_role":"normal"},"geometry":{"type":"Point","coordinates":[30.22865235,55.19443215]},"__memberLines":{}},{"type":"Feature","properties":{"station_id":"n2914605695","station_name":"Вуліца Герцэна","station_name_local":"Вуліца Герцэна","station_name_en":null,"city":"Vitebsk","country":"Belarus","lines":["2","6","7"],"wikipedia":null,"merged_from":4,"merged_names":null,"is_terminus":false,"routes":[{"ref":"2","name":"Трамвай № 2","route_color":"#ff0000"},{"ref":"6","name":"Трамвай № 6","route_color":"#ff0000"},{"ref":"7","name":"Трамвай № 7","route_color":"#ff0000"}],"pass_count":3,"station_degree":3,"codes":null,"is_interchange":true,"station_role":"interchange"},"geometry":{"type":"Point","coordinates":[30.189048074999995,55.183409825000005]},"__memberLines":{}},{"type":"Feature","properties":{"station_id":"n2476556640","station_name":"Бібліятэка імя Лынькова","station_name_local":"Бібліятэка імя Лынькова","station_name_en":null,"city":"Vitebsk","country":"Belarus","lines":["1","9"],"wikipedia":null,"merged_from":4,"merged_names":null,"is_terminus":false,"routes":[{"ref":"1","name":"Трамвай № 1","route_color":"#ff0000"},{"ref":"9","name":"Трамвай № 9","route_color":"#ff0000"}],"pass_count":2,"station_degree":2,"codes":null,"is_interchange":false,"station_role":"normal"},"geometry":{"type":"Point","coordinates":[30.185687025,55.16397385]},"__memberLines":{}},{"type":"Feature","properties":{"station_id":"n2909853733","station_name":"Бальніца хуткай медыцынскай дапамогі","station_name_local":"Бальніца хуткай медыцынскай дапамогі","station_name_en":null,"city":"Vitebsk","country":"Belarus","lines":["7"],"wikipedia":null,"merged_from":4,"merged_names":null,"is_terminus":false,"routes":[{"ref":"7","name":"Трамвай № 7","route_color":"#ff0000"}],"pass_count":1,"station_degree":2,"codes":null,"is_interchange":false,"station_role":"normal"},"geometry":{"type":"Point","coordinates":[30.240700325,55.194915525]},"__memberLines":{}},{"type":"Feature","properties":{"station_id":"n2910128348","station_name":"Аварыйна-выратавальны атрад «Віцязь»","station_name_local":"Аварыйна-выратавальны атрад «Віцязь»","station_name_en":null,"city":"Vitebsk","country":"Belarus","lines":["2","3","8"],"wikipedia":null,"merged_from":2,"merged_names":null,"is_terminus":false,"routes":[{"ref":"2","name":"Трамвай № 2","route_color":"#ff0000"},{"ref":"3","name":"Трамвай № 3","route_color":"#ff0000"},{"ref":"8","name":"Трамвай № 8","route_color":"#ff0000"}],"pass_count":3,"station_degree":2,"codes":null,"is_interchange":false,"station_role":"normal"},"geometry":{"type":"Point","coordinates":[30.2382698,55.163283750000005]},"__memberLines":{}},{"type":"Feature","properties":{"station_id":"n2914594710","station_name":"Вуліца Дзімітрава","station_name_local":"Вуліца Дзімітрава","station_name_en":null,"city":"Vitebsk","country":"Belarus","lines":["2","7","8","9"],"wikipedia":null,"merged_from":2,"merged_names":null,"is_terminus":false,"routes":[{"ref":"2","name":"Трамвай № 2","route_color":"#ff0000"},{"ref":"7","name":"Трамвай № 7","route_color":"#ff0000"},{"ref":"8","name":"Трамвай № 8","route_color":"#ff0000"},{"ref":"9","name":"Трамвай № 9","route_color":"#ff0000"}],"pass_count":4,"station_degree":3,"codes":null,"is_interchange":true,"station_role":"interchange"},"geometry":{"type":"Point","coordinates":[30.19007615,55.18528875]},"__memberLines":{}},{"type":"Feature","properties":{"station_id":"n2912485216","station_name":"Чыгуначны вакзал","station_name_local":"Чыгуначны вакзал","station_name_en":null,"city":"Vitebsk","country":"Belarus","lines":["6","8","9"],"wikipedia":null,"merged_from":2,"merged_names":null,"is_terminus":false,"routes":[{"ref":"6","name":"Трамвай № 6","route_color":"#ff0000"},{"ref":"8","name":"Трамвай № 8","route_color":"#ff0000"},{"ref":"9","name":"Трамвай № 9","route_color":"#ff0000"}],"pass_count":3,"station_degree":2,"codes":null,"is_interchange":false,"station_role":"normal"},"geometry":{"type":"Point","coordinates":[30.188021550000002,55.1946296]},"__memberLines":{}},{"type":"Feature","properties":{"station_id":"n2912485625","station_name":"Вуліца Заслонава","station_name_local":"Вуліца Заслонава","station_name_en":null,"city":"Vitebsk","country":"Belarus","lines":["6","8","9"],"wikipedia":null,"merged_from":3,"merged_names":null,"is_terminus":false,"routes":[{"ref":"6","name":"Трамвай № 6","route_color":"#ff0000"},{"ref":"8","name":"Трамвай № 8","route_color":"#ff0000"},{"ref":"9","name":"Трамвай № 9","route_color":"#ff0000"}],"pass_count":3,"station_degree":2,"codes":null,"is_interchange":false,"station_role":"normal"},"geometry":{"type":"Point","coordinates":[30.158301166666664,55.19770543333333]},"__memberLines":{}},{"type":"Feature","properties":{"station_id":"n2914502394","station_name":"Завод Эвістар","station_name_local":"Завод Эвістар","station_name_en":null,"city":"Vitebsk","country":"Belarus","lines":["7"],"wikipedia":null,"merged_from":2,"merged_names":null,"is_terminus":false,"routes":[{"ref":"7","name":"Трамвай № 7","route_color":"#ff0000"}],"pass_count":1,"station_degree":2,"codes":null,"is_interchange":false,"station_role":"normal"},"geometry":{"type":"Point","coordinates":[30.25633,55.19636045]},"__memberLines":{}},{"type":"Feature","properties":{"station_id":"n2914594775","station_name":"Алейнаэкстракцыйны завод","station_name_local":"Алейнаэкстракцыйны завод","station_name_en":null,"city":"Vitebsk","country":"Belarus","lines":["2","6","7"],"wikipedia":null,"merged_from":4,"merged_names":null,"is_terminus":false,"routes":[{"ref":"2","name":"Трамвай № 2","route_color":"#ff0000"},{"ref":"6","name":"Трамвай № 6","route_color":"#ff0000"},{"ref":"7","name":"Трамвай № 7","route_color":"#ff0000"}],"pass_count":3,"station_degree":2,"codes":null,"is_interchange":false,"station_role":"normal"},"geometry":{"type":"Point","coordinates":[30.173696175,55.1759355]},"__memberLines":{}},{"type":"Feature","properties":{"station_id":"n2915101744","station_name":"Мост імя Шмырова","station_name_local":"Мост імя Шмырова","station_name_en":null,"city":"Vitebsk","country":"Belarus","lines":["1","9"],"wikipedia":null,"merged_from":4,"merged_names":null,"is_terminus":false,"routes":[{"ref":"1","name":"Трамвай № 1","route_color":"#ff0000"},{"ref":"9","name":"Трамвай № 9","route_color":"#ff0000"}],"pass_count":2,"station_degree":2,"codes":null,"is_interchange":false,"station_role":"normal"},"geometry":{"type":"Point","coordinates":[30.194617775000005,55.16644625]},"__memberLines":{}},{"type":"Feature","properties":{"station_id":"n2915101785","station_name":"Праспект Чарняхоўскага","station_name_local":"Праспект Чарняхоўскага","station_name_en":null,"city":"Vitebsk","country":"Belarus","lines":["1","9"],"wikipedia":null,"merged_from":4,"merged_names":null,"is_terminus":false,"routes":[{"ref":"1","name":"Трамвай № 1","route_color":"#ff0000"},{"ref":"9","name":"Трамвай № 9","route_color":"#ff0000"}],"pass_count":2,"station_degree":2,"codes":null,"is_interchange":false,"station_role":"normal"},"geometry":{"type":"Point","coordinates":[30.19817635,55.17025735]},"__memberLines":{}},{"type":"Feature","properties":{"station_id":"n2916265098","station_name":"Мікрараён «Нікраполле»","station_name_local":"Мікрараён «Нікраполле»","station_name_en":null,"city":"Vitebsk","country":"Belarus","lines":["2","3","8"],"wikipedia":null,"merged_from":2,"merged_names":null,"is_terminus":true,"routes":[{"ref":"2","name":"Трамвай № 2","route_color":"#ff0000"},{"ref":"3","name":"Трамвай № 3","route_color":"#ff0000"},{"ref":"8","name":"Трамвай № 8","route_color":"#ff0000"}],"pass_count":3,"station_degree":1,"codes":null,"is_interchange":false,"station_role":"terminus"},"geometry":{"type":"Point","coordinates":[30.233479000000003,55.1578279]},"__memberLines":{}},{"type":"Feature","properties":{"station_id":"n2917557456","station_name":"Вуліца Новаастровенская","station_name_local":"Вуліца Новаастровенская","station_name_en":null,"city":"Vitebsk","country":"Belarus","lines":["1","9"],"wikipedia":null,"merged_from":4,"merged_names":null,"is_terminus":false,"routes":[{"ref":"1","name":"Трамвай № 1","route_color":"#ff0000"},{"ref":"9","name":"Трамвай № 9","route_color":"#ff0000"}],"pass_count":2,"station_degree":2,"codes":null,"is_interchange":false,"station_role":"normal"},"geometry":{"type":"Point","coordinates":[30.176015425,55.161379124999996]},"__memberLines":{}},{"type":"Feature","properties":{"station_id":"n2917902503","station_name":"Гімназія № 4","station_name_local":"Гімназія № 4","station_name_en":null,"city":"Vitebsk","country":"Belarus","lines":["6","8","9"],"wikipedia":null,"merged_from":3,"merged_names":null,"is_terminus":false,"routes":[{"ref":"6","name":"Трамвай № 6","route_color":"#ff0000"},{"ref":"8","name":"Трамвай № 8","route_color":"#ff0000"},{"ref":"9","name":"Трамвай № 9","route_color":"#ff0000"}],"pass_count":3,"station_degree":2,"codes":null,"is_interchange":false,"station_role":"normal"},"geometry":{"type":"Point","coordinates":[30.17173366666667,55.198717433333336]},"__memberLines":{}},{"type":"Feature","properties":{"station_id":"n2917902508","station_name":"Сквер Касманаўтаў","station_name_local":"Сквер Касманаўтаў","station_name_en":null,"city":"Vitebsk","country":"Belarus","lines":["6","8","9"],"wikipedia":null,"merged_from":4,"merged_names":null,"is_terminus":false,"routes":[{"ref":"6","name":"Трамвай № 6","route_color":"#ff0000"},{"ref":"8","name":"Трамвай № 8","route_color":"#ff0000"},{"ref":"9","name":"Трамвай № 9","route_color":"#ff0000"}],"pass_count":3,"station_degree":3,"codes":null,"is_interchange":true,"station_role":"interchange"},"geometry":{"type":"Point","coordinates":[30.189650325000002,55.18934375]},"__memberLines":{}},{"type":"Feature","properties":{"station_id":"n2917902512","station_name":"Вуліца 14-я Полацкая","station_name_local":"Вуліца 14-я Полацкая","station_name_en":null,"city":"Vitebsk","country":"Belarus","lines":["6","8","9"],"wikipedia":null,"merged_from":3,"merged_names":null,"is_terminus":false,"routes":[{"ref":"6","name":"Трамвай № 6","route_color":"#ff0000"},{"ref":"8","name":"Трамвай № 8","route_color":"#ff0000"},{"ref":"9","name":"Трамвай № 9","route_color":"#ff0000"}],"pass_count":3,"station_degree":2,"codes":null,"is_interchange":false,"station_role":"normal"},"geometry":{"type":"Point","coordinates":[30.1526516,55.1965734]},"__memberLines":{}},{"type":"Feature","properties":{"station_id":"n2917902515","station_name":"Вуліца 19-я Гарадоцкая","station_name_local":"Вуліца 19-я Гарадоцкая","station_name_en":null,"city":"Vitebsk","country":"Belarus","lines":["6","8","9"],"wikipedia":null,"merged_from":2,"merged_names":null,"is_terminus":false,"routes":[{"ref":"6","name":"Трамвай № 6","route_color":"#ff0000"},{"ref":"8","name":"Трамвай № 8","route_color":"#ff0000"},{"ref":"9","name":"Трамвай № 9","route_color":"#ff0000"}],"pass_count":3,"station_degree":2,"codes":null,"is_interchange":false,"station_role":"normal"},"geometry":{"type":"Point","coordinates":[30.16619795,55.1985169]},"__memberLines":{}},{"type":"Feature","properties":{"station_id":"n7713841201","station_name":"Полацкі рынак","station_name_local":"Полацкі рынак","station_name_en":null,"city":"Vitebsk","country":"Belarus","lines":["6","8","9"],"wikipedia":null,"merged_from":2,"merged_names":null,"is_terminus":false,"routes":[{"ref":"6","name":"Трамвай № 6","route_color":"#ff0000"},{"ref":"8","name":"Трамвай № 8","route_color":"#ff0000"},{"ref":"9","name":"Трамвай № 9","route_color":"#ff0000"}],"pass_count":3,"station_degree":2,"codes":null,"is_interchange":false,"station_role":"normal"},"geometry":{"type":"Point","coordinates":[30.17982955,55.198782949999995]},"__memberLines":{}},{"type":"Feature","properties":{"station_id":"junc:30.22663:55.17840","station_name":"","station_name_local":null,"station_name_en":null,"city":"Vitebsk","country":"Belarus","lines":null,"station_role":"junction","is_junction":true,"is_interchange":false,"is_terminus":false,"merged_from":null,"merged_names":null,"codes":null},"geometry":{"type":"Point","coordinates":[30.2266297,55.1784042]}},{"type":"Feature","properties":{"station_id":"junc:n2914594710:n2914605695:n2917902508","station_name":"","station_name_local":null,"station_name_en":null,"city":"Vitebsk","country":"Belarus","lines":null,"station_role":"junction","is_junction":true,"is_interchange":false,"is_terminus":false,"merged_from":null,"merged_names":null,"codes":null},"geometry":{"type":"Point","coordinates":[30.1887225,55.18575]}}]}